open_time,open,high,low,close,volume,quote_volume
1704067200000,311.90000000,316.00000000,308.80000000,309.20000000,106152.15100000,33221860.67640000
1704081600000,309.20000000,311.20000000,307.00000000,310.60000000,122605.09100000,37883132.26730000
1704096000000,310.60000000,312.50000000,309.00000000,309.50000000,122678.54300000,38120276.53800000
1704110400000,309.40000000,312.60000000,308.80000000,312.50000000,107519.16400000,33371191.04300000
1704124800000,312.50000000,313.30000000,310.50000000,311.80000000,99459.79000000,31019662.91500000
1704139200000,311.90000000,315.50000000,311.20000000,313.50000000,61040.41900000,19116583.37310000
1704153600000,313.50000000,320.30000000,312.10000000,319.20000000,195039.03100000,61856340.22840000
1704168000000,319.20000000,319.30000000,316.70000000,317.40000000,72773.27000000,23127543.43530000
1704182400000,317.40000000,320.40000000,317.20000000,319.80000000,126336.38300000,40310370.91100000
1704196800000,319.80000000,321.30000000,305.80000000,308.40000000,317944.52600000,99895022.89730000
1704211200000,308.50000000,311.30000000,307.50000000,311.20000000,168898.55600000,52318876.21000000
1704225600000,311.20000000,312.50000000,309.40000000,312.20000000,56772.97100000,17666252.79890000
1704240000000,312.30000000,314.80000000,311.50000000,312.70000000,55030.27100000,17232007.73240000
1704254400000,312.70000000,321.60000000,312.70000000,316.80000000,173199.93300000,55051780.81300000
1704268800000,316.80000000,334.30000000,316.70000000,323.00000000,603119.39400000,197692097.42130000
1704283200000,323.10000000,323.50000000,293.60000000,316.90000000,870400.62900000,269762505.17470000
1704297600000,316.90000000,321.90000000,310.00000000,314.00000000,343088.71900000,108871933.46250000
1704312000000,314.00000000,318.70000000,313.50000000,315.80000000,87319.17600000,27610263.65700000
1704326400000,315.90000000,317.80000000,310.90000000,317.20000000,115670.98900000,36362859.69830000
1704340800000,317.30000000,322.30000000,316.40000000,318.50000000,167405.76700000,53571544.65770000
1704355200000,318.50000000,324.30000000,316.50000000,316.90000000,351464.07700000,112530651.20410000
1704369600000,316.80000000,321.60000000,315.40000000,319.70000000,270361.57200000,86190656.71550000
1704384000000,319.70000000,321.30000000,317.40000000,318.20000000,144608.73800000,46116587.69300000
1704398400000,318.30000000,323.80000000,318.20000000,323.70000000,84263.81400000,27065183.35290000
1704412800000,323.60000000,327.30000000,317.70000000,321.40000000,269282.39900000,87052024.54920000
1704427200000,321.40000000,323.40000000,316.90000000,317.50000000,200000.80000000,63912069.98470000
1704441600000,317.50000000,321.70000000,316.60000000,319.00000000,196395.43700000,62686284.60610000
1704456000000,319.00000000,319.50000000,311.50000000,313.70000000,255023.94400000,80459600.03390000
1704470400000,313.60000000,314.90000000,308.60000000,314.10000000,164355.32600000,51372583.76410000
1704484800000,314.10000000,318.00000000,314.00000000,317.50000000,71998.37000000,22740400.85380000
1704499200000,317.60000000,317.60000000,303.40000000,307.80000000,389138.41900000,119902125.54920000
1704513600000,307.80000000,308.70000000,300.20000000,303.70000000,229404.49000000,69674367.70050000
1704528000000,303.70000000,307.80000000,302.30000000,307.00000000,90976.55400000,27747616.99870000
1704542400000,307.00000000,308.00000000,303.70000000,307.00000000,85594.21300000,26212520.70890000
1704556800000,307.00000000,308.10000000,304.90000000,305.90000000,63550.14100000,19491091.65150000
1704571200000,305.90000000,307.90000000,304.50000000,307.50000000,50694.36600000,15542227.38460000
1704585600000,307.60000000,308.60000000,305.10000000,306.60000000,48529.42600000,14892003.05940000
1704600000000,306.60000000,309.10000000,306.40000000,309.00000000,61677.53300000,19000056.73350000
1704614400000,309.00000000,310.00000000,305.50000000,306.20000000,87383.40800000,26856958.12010000
1704628800000,306.20000000,308.00000000,304.00000000,305.60000000,91841.88400000,28128969.99590000
1704643200000,305.60000000,306.70000000,302.70000000,306.40000000,108701.08500000,33130378.75890000
1704657600000,306.50000000,306.90000000,300.00000000,302.40000000,100233.75300000,30353462.48630000
1704672000000,302.50000000,302.60000000,290.00000000,293.90000000,270844.31300000,80152747.55540000
1704686400000,293.90000000,300.00000000,292.70000000,298.80000000,115149.16400000,34137844.34520000
1704700800000,298.70000000,300.50000000,296.40000000,299.10000000,118588.76300000,35431101.35920000
1704715200000,299.10000000,303.00000000,298.90000000,301.10000000,199789.72100000,60213193.35230000
1704729600000,301.00000000,308.10000000,299.40000000,307.70000000,180958.16800000,55022186.57100000
1704744000000,307.70000000,308.00000000,303.60000000,303.70000000,99260.71300000,30346674.45170000
1704758400000,303.60000000,304.80000000,297.90000000,298.40000000,170118.88800000,51061747.38890000
1704772800000,298.50000000,304.60000000,298.00000000,304.30000000,153805.08800000,46457085.48320000
1704787200000,304.40000000,306.80000000,301.40000000,304.40000000,290277.47100000,88359934.29500000
1704801600000,304.50000000,305.10000000,297.40000000,301.10000000,380745.46700000,114760514.57500000
1704816000000,301.20000000,302.40000000,297.80000000,299.60000000,186063.62100000,55923265.32040000
1704830400000,299.70000000,302.40000000,295.70000000,301.10000000,220479.62000000,65963660.01730000
1704844800000,301.10000000,303.00000000,300.30000000,301.80000000,75175.77300000,22696322.74790000
1704859200000,301.90000000,302.60000000,299.40000000,299.70000000,57602.09300000,17331498.29600000
1704873600000,299.80000000,301.10000000,297.70000000,299.40000000,91067.59400000,27273472.59310000
1704888000000,299.50000000,299.70000000,288.80000000,294.70000000,245659.60900000,72124409.07680000
1704902400000,294.70000000,298.20000000,293.10000000,298.00000000,154301.50200000,45642222.20710000
1704916800000,298.00000000,310.00000000,290.00000000,305.80000000,408758.90600000,123094251.09350000
1704931200000,305.70000000,306.80000000,301.90000000,306.60000000,159070.09600000,48468835.00500000
1704945600000,306.60000000,308.60000000,302.60000000,307.40000000,124028.73000000,37925180.77710000
1704960000000,307.50000000,316.60000000,307.10000000,314.50000000,263996.60800000,82667725.99560000
1704974400000,314.50000000,316.80000000,304.80000000,307.40000000,372929.69900000,116715903.48840000
1704988800000,307.40000000,309.30000000,301.40000000,309.20000000,198854.37400000,60908801.48090000
1705003200000,309.20000000,310.10000000,305.80000000,308.20000000,60722.03600000,18693021.25850000
1705017600000,308.20000000,313.00000000,305.40000000,310.60000000,142994.69500000,44263924.96730000
1705032000000,310.60000000,313.00000000,307.30000000,308.60000000,134084.95100000,41683415.23970000
1705046400000,308.60000000,311.50000000,306.70000000,310.50000000,122935.74700000,37994027.40170000
1705060800000,310.60000000,312.40000000,304.80000000,305.60000000,202887.04200000,62757182.84920000
1705075200000,305.60000000,306.90000000,296.80000000,300.90000000,224512.29100000,67732628.24650000
1705089600000,300.90000000,302.40000000,289.10000000,296.60000000,175926.04800000,52059092.09050000
1705104000000,296.70000000,297.70000000,290.80000000,296.10000000,111797.60800000,32959478.10630000
1705118400000,296.20000000,299.60000000,295.50000000,299.30000000,60426.39900000,18001898.43110000
1705132800000,299.30000000,300.40000000,297.00000000,299.10000000,81702.95700000,24446833.49540000
1705147200000,299.10000000,302.70000000,297.90000000,302.40000000,71376.16300000,21397692.48920000
1705161600000,302.40000000,303.00000000,300.60000000,301.60000000,70168.73300000,21180990.47130000
1705176000000,301.60000000,303.10000000,301.30000000,302.20000000,41312.37900000,12495763.59870000
1705190400000,302.20000000,303.00000000,300.10000000,302.20000000,49239.77900000,14860963.34120000
1705204800000,302.10000000,305.40000000,300.90000000,304.30000000,55765.99300000,16923833.09770000
1705219200000,304.20000000,305.40000000,303.00000000,303.20000000,45762.72000000,13926916.44670000
1705233600000,303.30000000,306.70000000,302.90000000,305.20000000,66300.15500000,20204847.39590000
1705248000000,305.30000000,306.60000000,303.40000000,304.00000000,76578.42700000,23379672.25660000
1705262400000,304.10000000,305.40000000,298.70000000,299.50000000,99407.87300000,30089179.55940000
1705276800000,299.40000000,310.00000000,299.40000000,309.60000000,101616.11200000,31065328.15540000
1705291200000,309.60000000,319.90000000,309.50000000,314.90000000,371503.10800000,117400432.15560000
1705305600000,315.00000000,317.00000000,311.50000000,312.90000000,235424.32500000,73985885.27060000
1705320000000,312.90000000,320.60000000,312.30000000,314.40000000,615665.69600000,195199914.78790000
1705334400000,314.40000000,319.10000000,314.10000000,318.40000000,194046.27600000,61565656.38240000
1705348800000,318.40000000,319.00000000,312.40000000,317.50000000,186285.37300000,58951522.49020000
1705363200000,317.60000000,318.80000000,313.70000000,315.60000000,265029.77100000,83854239.09320000
1705377600000,315.60000000,317.90000000,314.80000000,316.40000000,100700.91600000,31819006.24590000
1705392000000,316.40000000,319.40000000,315.20000000,317.90000000,182446.96200000,57985685.27530000
1705406400000,317.90000000,318.90000000,313.00000000,317.00000000,211979.06000000,67085763.49270000
1705420800000,316.90000000,318.30000000,313.30000000,315.20000000,123297.80600000,38956291.61720000
1705435200000,315.30000000,317.40000000,315.00000000,315.20000000,67694.93000000,21397439.53770000
1705449600000,315.10000000,316.30000000,313.30000000,314.60000000,98438.61900000,31013834.47250000
1705464000000,314.70000000,315.00000000,308.50000000,308.80000000,147826.69500000,46030001.15830000
1705478400000,308.90000000,314.40000000,307.80000000,313.10000000,293398.01300000,91231150.51480000
1705492800000,313.00000000,315.00000000,311.20000000,312.10000000,307059.40300000,96125197.20020000
1705507200000,312.10000000,312.50000000,308.00000000,308.40000000,128414.65600000,39865166.40060000
1705521600000,308.40000000,311.40000000,306.80000000,309.40000000,96206.11000000,29750322.47130000
1705536000000,309.30000000,310.50000000,305.70000000,309.60000000,120615.91400000,37155953.92720000
1705550400000,309.50000000,312.90000000,308.60000000,311.70000000,100772.94100000,31321500.42650000
1705564800000,311.60000000,312.90000000,310.40000000,312.30000000,136468.46600000,42533310.77040000
1705579200000,312.30000000,315.60000000,310.10000000,315.30000000,190353.53900000,59631444.78640000
1705593600000,315.40000000,315.40000000,307.90000000,308.80000000,238958.19500000,74442144.56290000
1705608000000,308.90000000,315.20000000,307.70000000,313.00000000,133952.83400000,41680321.39280000
1705622400000,313.00000000,313.40000000,308.10000000,311.00000000,192263.44700000,59663711.67630000
1705636800000,311.00000000,312.70000000,310.30000000,311.50000000,87558.51800000,27301964.05230000
1705651200000,311.50000000,314.50000000,311.10000000,314.10000000,84471.34000000,26432819.93750000
1705665600000,314.10000000,316.20000000,311.00000000,311.40000000,158468.41700000,49712773.80580000
1705680000000,311.40000000,313.80000000,305.00000000,313.70000000,259853.19200000,80464472.18300000
1705694400000,313.70000000,314.70000000,311.60000000,314.70000000,53109.48600000,16636314.45930000
1705708800000,314.70000000,315.80000000,312.80000000,313.40000000,61716.60600000,19407124.72130000
1705723200000,313.40000000,314.20000000,312.70000000,313.20000000,40412.50200000,12666407.43060000
1705737600000,313.20000000,315.20000000,312.20000000,315.00000000,68558.87300000,21540355.35810000
1705752000000,315.00000000,315.30000000,313.00000000,314.10000000,60487.89400000,19013703.88190000
1705766400000,314.10000000,315.30000000,313.90000000,314.70000000,41269.30600000,12986793.62940000
1705780800000,314.80000000,317.30000000,314.50000000,317.20000000,53645.00600000,16972917.70710000
1705795200000,317.30000000,319.50000000,316.10000000,318.50000000,80863.95600000,25697826.52650000
1705809600000,318.50000000,318.90000000,317.20000000,317.50000000,42709.01900000,13577288.54190000
1705824000000,317.50000000,319.60000000,317.30000000,319.30000000,52026.34000000,16577451.22670000
1705838400000,319.30000000,319.60000000,317.50000000,318.90000000,55619.89900000,17734959.18220000
1705852800000,318.90000000,321.60000000,317.90000000,320.60000000,72143.26400000,23053387.41120000
1705867200000,320.60000000,321.70000000,318.20000000,318.60000000,56401.83500000,18058969.32890000
1705881600000,318.70000000,320.30000000,315.30000000,316.70000000,101169.48800000,32126922.98430000
1705896000000,316.70000000,318.60000000,314.10000000,317.80000000,69465.86500000,22001758.94530000
1705910400000,317.90000000,317.90000000,310.70000000,313.50000000,134707.58100000,42292462.55260000
1705924800000,313.40000000,315.30000000,308.40000000,311.10000000,173311.67500000,53974492.77000000
1705939200000,311.20000000,312.50000000,303.60000000,306.60000000,145187.55400000,44842227.60390000
1705953600000,306.60000000,309.60000000,304.80000000,305.90000000,80595.48400000,24743278.08650000
1705968000000,305.90000000,311.70000000,305.20000000,310.40000000,75635.63900000,23317477.36550000
1705982400000,310.30000000,311.60000000,307.10000000,308.30000000,48165.75600000,14932782.02400000
1705996800000,308.40000000,309.30000000,291.70000000,295.90000000,355910.32800000,106318187.76710000
1706011200000,296.00000000,298.80000000,290.30000000,296.70000000,241165.06500000,71186787.46040000
1706025600000,296.80000000,298.90000000,294.30000000,294.40000000,122390.50900000,36302942.42900000
1706040000000,294.30000000,298.90000000,292.90000000,298.80000000,84928.08100000,25100230.73890000
1706054400000,298.80000000,300.70000000,297.60000000,298.20000000,65340.56400000,19529090.99000000
1706068800000,298.30000000,298.50000000,291.30000000,293.20000000,166507.44800000,48923705.27480000
1706083200000,293.20000000,297.20000000,291.80000000,295.40000000,171762.67300000,50532486.65250000
1706097600000,295.50000000,297.90000000,292.30000000,294.20000000,192504.57500000,56741917.50570000
1706112000000,294.10000000,294.60000000,290.30000000,292.20000000,137488.58000000,40242443.78170000
1706126400000,292.20000000,293.90000000,290.80000000,293.10000000,68708.97500000,20099320.12840000
1706140800000,293.00000000,293.80000000,287.50000000,290.50000000,150848.74400000,43882805.76400000
1706155200000,290.40000000,292.30000000,287.60000000,292.10000000,107121.90200000,31002642.80640000
1706169600000,292.10000000,295.50000000,289.20000000,294.90000000,271150.32800000,79500729.35440000
1706184000000,294.80000000,296.70000000,291.60000000,292.60000000,241935.15700000,71098185.52590000
1706198400000,292.60000000,293.40000000,288.80000000,291.70000000,156528.49600000,45577341.99600000
1706212800000,291.80000000,292.60000000,290.50000000,292.10000000,76572.09200000,22332136.68350000
1706227200000,292.10000000,295.40000000,290.70000000,293.90000000,69698.91000000,20447720.31370000
1706241600000,293.80000000,295.20000000,293.40000000,294.70000000,54449.62600000,16024778.15640000
1706256000000,294.70000000,304.20000000,294.50000000,302.90000000,254451.15800000,76341695.76180000
1706270400000,303.00000000,303.50000000,300.80000000,302.80000000,170316.70600000,51451391.69100000
1706284800000,302.70000000,303.80000000,301.50000000,301.70000000,121985.19900000,36911141.18820000
1706299200000,301.70000000,302.70000000,301.20000000,302.20000000,39040.80500000,11788703.48400000
1706313600000,302.20000000,307.70000000,301.90000000,305.70000000,67618.81600000,20614862.37120000
1706328000000,305.60000000,306.70000000,302.30000000,303.00000000,55587.79200000,16914754.64990000
1706342400000,303.10000000,304.60000000,302.40000000,303.90000000,36910.62700000,11207914.66990000
1706356800000,303.90000000,304.40000000,303.00000000,303.70000000,34104.27400000,10355706.59830000
1706371200000,303.70000000,305.80000000,302.80000000,305.60000000,36074.20500000,10975976.15820000
1706385600000,305.70000000,307.00000000,304.90000000,305.60000000,55061.95300000,16845115.45520000
1706400000000,305.70000000,306.30000000,304.10000000,306.00000000,57725.34800000,17619663.38620000
1706414400000,306.00000000,308.90000000,305.30000000,305.90000000,91163.30500000,28006589.96340000
1706428800000,305.90000000,309.10000000,305.60000000,307.10000000,51758.33500000,15907107.95240000
1706443200000,307.10000000,308.00000000,304.80000000,305.10000000,103903.92400000,31856645.54950000
1706457600000,305.10000000,306.20000000,303.50000000,303.90000000,57533.81900000,17554607.21260000
1706472000000,303.90000000,305.80000000,303.10000000,305.30000000,47318.32600000,14404366.21820000
1706486400000,305.30000000,307.50000000,304.40000000,306.10000000,53622.38200000,16434495.24380000
1706500800000,306.10000000,306.80000000,305.70000000,306.00000000,38469.81600000,11784021.49110000
1706515200000,306.10000000,309.60000000,305.50000000,308.00000000,87502.12800000,26959318.29870000
1706529600000,308.00000000,308.90000000,305.10000000,308.50000000,107615.98700000,33008835.56930000
1706544000000,308.40000000,310.60000000,308.00000000,310.00000000,106146.98900000,32870707.38450000
1706558400000,310.00000000,311.00000000,309.50000000,310.70000000,49442.20300000,15340832.90310000
1706572800000,310.70000000,313.10000000,310.00000000,310.90000000,69677.62100000,21718700.11040000
1706587200000,310.90000000,311.80000000,310.10000000,311.10000000,43844.82600000,13637054.29060000
1706601600000,311.10000000,311.50000000,309.70000000,310.70000000,51574.40800000,16028193.11840000
1706616000000,310.60000000,312.10000000,307.50000000,309.20000000,112080.93600000,34654451.18730000
1706630400000,309.30000000,311.10000000,308.90000000,309.70000000,57358.82300000,17780383.12980000
1706644800000,309.80000000,310.90000000,306.30000000,307.60000000,51838.85300000,16022366.01610000
1706659200000,307.70000000,308.20000000,305.60000000,306.80000000,53042.75900000,16276649.24830000
1706673600000,306.80000000,307.40000000,305.90000000,307.00000000,45648.20600000,13995474.31340000
1706688000000,307.00000000,307.70000000,301.00000000,303.20000000,85113.77400000,25891394.85480000
1706702400000,303.20000000,305.10000000,300.10000000,304.70000000,105390.34000000,31909595.75920000
1706716800000,304.70000000,305.70000000,303.20000000,304.60000000,72088.14900000,21971445.01890000
1706731200000,304.70000000,304.80000000,298.60000000,300.50000000,97724.47000000,29409210.73070000
1706745600000,300.50000000,301.40000000,296.40000000,298.40000000,92192.52100000,27509810.45910000
1706760000000,298.50000000,300.00000000,297.40000000,298.10000000,77518.50300000,23126287.18480000
1706774400000,298.10000000,300.70000000,297.40000000,299.20000000,49734.37700000,14884592.67690000
1706788800000,299.10000000,302.20000000,298.50000000,299.80000000,71006.50700000,21314639.80190000
1706803200000,299.90000000,301.80000000,298.20000000,300.80000000,53929.74500000,16185768.33820000
1706817600000,300.70000000,301.30000000,299.10000000,300.20000000,28888.13600000,8672787.63050000
1706832000000,300.20000000,302.90000000,299.80000000,302.40000000,43217.34300000,13038415.38850000
1706846400000,302.50000000,303.80000000,301.30000000,303.40000000,40967.65200000,12387295.76420000
1706860800000,303.40000000,305.20000000,302.10000000,303.00000000,74409.56700000,22593053.33130000
1706875200000,303.00000000,303.50000000,299.90000000,302.40000000,81752.88400000,24664572.13780000
1706889600000,302.50000000,302.90000000,300.10000000,300.60000000,48707.04500000,14695376.00020000
1706904000000,300.70000000,301.60000000,300.00000000,301.40000000,20447.15800000,6152820.71520000
1706918400000,301.40000000,303.00000000,300.90000000,302.50000000,42666.22000000,12898037.68690000
1706932800000,302.40000000,303.80000000,302.00000000,302.10000000,36332.55900000,11015202.47450000
1706947200000,302.20000000,302.50000000,301.40000000,301.50000000,27211.97000000,8216752.96480000
1706961600000,301.40000000,302.10000000,299.50000000,300.40000000,38668.72900000,11627269.90440000
1706976000000,300.30000000,301.90000000,299.80000000,300.20000000,24994.59500000,7515449.81140000
1706990400000,300.30000000,300.90000000,299.60000000,299.70000000,28856.88900000,8662043.39700000
1707004800000,299.60000000,301.30000000,298.30000000,300.60000000,48813.11300000,14629669.30040000
1707019200000,300.60000000,300.60000000,298.00000000,299.40000000,31958.39300000,9567988.96250000
1707033600000,299.40000000,300.80000000,299.30000000,299.90000000,28319.40900000,8494166.88640000
1707048000000,300.00000000,307.20000000,299.80000000,305.90000000,211178.45300000,64355886.07640000
1707062400000,305.90000000,306.70000000,304.30000000,305.40000000,113081.67200000,34572846.39040000
1707076800000,305.50000000,307.70000000,303.90000000,304.70000000,70054.28300000,21418342.34240000
1707091200000,304.70000000,306.80000000,302.80000000,304.30000000,105305.97900000,32039726.65730000
1707105600000,304.40000000,306.80000000,301.60000000,304.50000000,120099.51300000,36540563.40290000
1707120000000,304.60000000,305.70000000,303.00000000,304.80000000,63517.52300000,19330396.52760000
1707134400000,304.90000000,304.90000000,300.60000000,300.90000000,117656.31600000,35613986.04120000
1707148800000,301.00000000,301.90000000,300.20000000,301.60000000,40893.64200000,12310923.10630000
1707163200000,301.70000000,301.90000000,299.50000000,301.20000000,41199.29800000,12393714.30560000
1707177600000,301.20000000,303.00000000,300.90000000,302.30000000,29728.94500000,8976364.94270000
1707192000000,302.30000000,302.70000000,301.10000000,301.70000000,22215.81900000,6702219.04570000
1707206400000,301.70000000,303.80000000,301.20000000,301.60000000,62653.42400000,18950224.20800000
1707220800000,301.70000000,304.10000000,301.60000000,302.90000000,80423.77200000,24358508.46800000
1707235200000,302.90000000,303.90000000,302.30000000,303.60000000,42522.37900000,12885170.13170000
1707249600000,303.60000000,303.80000000,302.60000000,302.70000000,23217.98200000,7039852.63030000
1707264000000,302.80000000,303.30000000,300.90000000,300.90000000,38748.77800000,11709813.68840000
1707278400000,300.90000000,303.00000000,300.70000000,302.40000000,52505.58400000,15863144.29330000
1707292800000,302.30000000,304.40000000,302.10000000,302.60000000,56270.90100000,17067095.11520000
1707307200000,302.70000000,304.30000000,302.40000000,303.30000000,65160.40300000,19764050.28340000
1707321600000,303.30000000,307.70000000,303.20000000,306.60000000,82340.32400000,25202421.87680000
1707336000000,306.70000000,308.70000000,306.60000000,307.30000000,57395.79900000,17671609.26440000
1707350400000,307.40000000,313.90000000,307.30000000,311.60000000,240816.90100000,74996169.89420000
1707364800000,311.50000000,315.40000000,311.50000000,314.80000000,157924.01700000,49535864.30450000
1707379200000,314.80000000,316.90000000,314.60000000,316.90000000,108962.44600000,34425960.73820000
1707393600000,316.80000000,320.60000000,315.50000000,319.90000000,159660.63800000,50807447.39250000
1707408000000,320.00000000,320.10000000,315.00000000,318.00000000,165347.75100000,52426250.16680000
1707422400000,318.00000000,320.00000000,317.70000000,319.20000000,88784.74900000,28304175.63160000
1707436800000,319.20000000,323.30000000,317.90000000,321.00000000,128001.98100000,41053722.89540000
1707451200000,321.00000000,323.00000000,319.90000000,321.00000000,124061.57200000,39860482.72610000
1707465600000,321.00000000,325.60000000,320.80000000,325.30000000,149889.31700000,48410916.23690000
1707480000000,325.30000000,326.30000000,321.20000000,322.20000000,184747.92400000,59840517.20530000
1707494400000,322.10000000,325.20000000,321.60000000,323.00000000,85781.23200000,27737710.95550000
1707508800000,323.00000000,324.40000000,322.10000000,324.00000000,66696.05500000,21565799.44300000
1707523200000,324.00000000,325.10000000,322.50000000,324.80000000,58053.96400000,18815868.91900000
1707537600000,324.80000000,325.40000000,323.10000000,323.50000000,33091.57800000,10732043.11620000
1707552000000,323.50000000,323.80000000,318.90000000,320.10000000,87396.66000000,28056661.55650000
1707566400000,320.20000000,322.00000000,319.80000000,321.20000000,55681.92900000,17887229.56170000
1707580800000,321.20000000,322.40000000,320.80000000,322.00000000,43013.19500000,13830758.72740000
1707595200000,322.00000000,323.90000000,321.80000000,323.00000000,44239.73800000,14287385.33960000
1707609600000,323.00000000,324.10000000,321.80000000,323.90000000,43802.45400000,14150545.97770000
1707624000000,323.90000000,324.90000000,323.10000000,324.30000000,51888.69900000,16803125.24810000
1707638400000,324.40000000,324.80000000,321.70000000,322.30000000,47819.05900000,15461956.78740000
1707652800000,322.30000000,322.90000000,320.20000000,321.00000000,57285.57200000,18407685.22990000
1707667200000,321.10000000,322.40000000,320.80000000,321.90000000,44457.19700000,14296415.48710000
1707681600000,321.80000000,322.30000000,320.10000000,320.70000000,35055.12400000,11250390.47830000
1707696000000,320.60000000,322.10000000,318.10000000,319.60000000,63501.74100000,20339400.74250000
1707710400000,319.60000000,320.50000000,315.60000000,318.20000000,68801.51700000,21882308.67490000
1707724800000,318.20000000,318.80000000,315.60000000,317.20000000,44623.82900000,14144530.78520000
1707739200000,317.20000000,322.50000000,316.80000000,322.20000000,77442.23900000,24760619.57130000
1707753600000,322.20000000,332.20000000,321.00000000,324.80000000,235340.99800000,76829002.50990000
1707768000000,324.90000000,329.30000000,324.90000000,327.80000000,87023.83800000,28521919.16120000
1707782400000,327.90000000,329.20000000,326.10000000,326.50000000,57824.92800000,18967078.87340000
1707796800000,326.50000000,327.60000000,326.00000000,326.20000000,61754.13600000,20174757.94060000
1707811200000,326.20000000,328.00000000,324.60000000,326.70000000,74272.29000000,24243735.42560000
1707825600000,326.70000000,326.90000000,318.60000000,322.20000000,152002.94000000,49049873.64350000
1707840000000,322.20000000,323.50000000,319.90000000,322.70000000,59989.58300000,19320207.17610000
1707854400000,322.80000000,325.00000000,322.50000000,324.70000000,35701.95300000,11565425.15720000
1707868800000,324.60000000,326.20000000,323.40000000,326.00000000,38170.32600000,12400291.23280000
1707883200000,326.10000000,328.20000000,325.10000000,328.00000000,48770.10100000,15934038.20380000
1707897600000,328.00000000,333.70000000,327.70000000,332.70000000,129303.01600000,42801247.07270000
1707912000000,332.70000000,334.60000000,330.20000000,332.60000000,113894.80300000,37897886.97940000
1707926400000,332.60000000,334.50000000,330.60000000,332.60000000,84474.15200000,28082528.07180000
1707940800000,332.60000000,334.60000000,332.40000000,333.90000000,37854.58200000,12624992.05130000
1707955200000,333.90000000,344.90000000,333.30000000,342.20000000,239399.17200000,81265025.99730000
1707969600000,342.20000000,345.50000000,337.70000000,345.40000000,114435.56000000,39135051.62250000
1707984000000,345.50000000,348.00000000,342.80000000,346.80000000,111391.76100000,38501446.57110000
1707998400000,346.70000000,366.60000000,345.20000000,360.40000000,559512.79800000,200107332.52270000
1708012800000,360.30000000,360.70000000,352.30000000,355.90000000,244878.42800000,87214491.64490000
1708027200000,355.90000000,356.00000000,349.40000000,354.20000000,91972.68400000,32422857.73200000
1708041600000,354.30000000,366.80000000,353.20000000,361.90000000,170591.57100000,61465143.94140000
1708056000000,361.90000000,363.70000000,354.40000000,356.30000000,124047.95200000,44504512.03950000
1708070400000,356.30000000,357.60000000,350.80000000,357.60000000,146859.24600000,52093376.50370000
1708084800000,357.60000000,365.30000000,356.00000000,358.50000000,379635.30300000,136754183.82690000
1708099200000,358.50000000,363.40000000,349.10000000,354.50000000,194336.74300000,69437703.41230000
1708113600000,354.50000000,361.00000000,354.10000000,360.40000000,46385.17100000,16607165.42020000
1708128000000,360.40000000,363.70000000,357.80000000,360.00000000,112732.27300000,40703881.77910000
1708142400000,359.90000000,361.00000000,355.80000000,359.80000000,67316.70200000,24114882.85300000
1708156800000,359.80000000,360.00000000,354.90000000,357.10000000,85530.21600000,30493100.49570000
1708171200000,357.10000000,359.60000000,348.20000000,351.50000000,227316.88500000,80331012.94650000
1708185600000,351.40000000,355.20000000,349.30000000,353.30000000,77682.18400000,27386840.50560000
1708200000000,353.40000000,354.90000000,352.00000000,352.90000000,59688.26000000,21062194.60490000
1708214400000,352.90000000,353.50000000,349.10000000,351.70000000,80310.25400000,28243585.74670000
1708228800000,351.70000000,356.60000000,351.00000000,355.50000000,94773.77600000,33549079.25990000
1708243200000,355.50000000,358.10000000,354.30000000,354.50000000,71880.25000000,25605228.74200000
1708257600000,354.40000000,355.10000000,351.60000000,352.70000000,75695.56500000,26743557.75570000
1708272000000,352.70000000,353.00000000,350.40000000,351.50000000,77942.53500000,27383917.05170000
1708286400000,351.40000000,353.80000000,349.30000000,349.80000000,95065.25400000,33391193.48510000
1708300800000,349.80000000,355.70000000,349.30000000,352.20000000,167857.15000000,59095518.23260000
1708315200000,352.30000000,354.70000000,350.20000000,354.40000000,106128.44800000,37376151.58730000
1708329600000,354.50000000,354.70000000,350.30000000,353.20000000,200902.99400000,70771565.78320000
1708344000000,353.20000000,354.60000000,350.80000000,354.30000000,174024.75100000,61435538.89790000
1708358400000,354.30000000,356.20000000,351.20000000,352.50000000,125855.42400000,44456566.56970000
1708372800000,352.60000000,354.60000000,351.20000000,351.60000000,56148.76700000,19821402.07970000
1708387200000,351.70000000,355.40000000,350.70000000,352.90000000,134575.42800000,47532253.29730000
1708401600000,352.90000000,361.60000000,352.00000000,357.60000000,169199.34000000,60479906.35530000
1708416000000,357.70000000,358.80000000,351.90000000,357.70000000,159623.37700000,56794171.82310000
1708430400000,357.70000000,360.00000000,349.00000000,351.20000000,287332.49600000,101993123.38330000
1708444800000,351.20000000,354.20000000,344.80000000,354.00000000,157622.28900000,55102747.87160000
1708459200000,354.10000000,356.80000000,353.10000000,354.60000000,64297.62800000,22816049.65880000
1708473600000,354.60000000,355.60000000,352.50000000,353.40000000,55048.54400000,19484970.53770000
1708488000000,353.40000000,360.50000000,350.90000000,360.40000000,193364.08400000,68730823.93150000
1708502400000,360.40000000,366.00000000,358.00000000,364.10000000,463678.13500000,168147466.64840000
1708516800000,364.20000000,374.10000000,361.20000000,370.00000000,529192.10500000,195168579.96500000
1708531200000,370.10000000,372.50000000,364.90000000,371.00000000,263821.07200000,97448647.24970000
1708545600000,370.90000000,379.30000000,370.70000000,379.20000000,196311.37300000,73541732.01730000
1708560000000,379.20000000,387.10000000,373.70000000,375.40000000,355039.91700000,134773871.89520000
1708574400000,375.40000000,382.10000000,374.70000000,381.60000000,229923.24300000,87014764.77280000
1708588800000,381.50000000,384.50000000,378.90000000,382.90000000,291521.63900000,111294447.12770000
1708603200000,382.90000000,383.90000000,375.60000000,381.10000000,255874.43700000,97283169.23950000
1708617600000,381.10000000,382.80000000,377.50000000,382.20000000,127401.18300000,48425955.45120000
1708632000000,382.10000000,387.30000000,380.50000000,382.60000000,149887.06200000,57552129.92160000
1708646400000,382.70000000,385.80000000,378.10000000,378.90000000,108292.06100000,41424948.74250000
1708660800000,378.90000000,383.50000000,374.60000000,374.90000000,134380.95500000,51006541.68590000
1708675200000,374.90000000,379.90000000,374.60000000,376.80000000,225573.52300000,85012968.48530000
1708689600000,376.80000000,377.80000000,370.90000000,371.50000000,284616.18900000,106568747.28530000
1708704000000,371.60000000,378.00000000,369.00000000,377.60000000,199006.78800000,74303045.69320000
1708718400000,377.50000000,377.60000000,372.80000000,375.50000000,76021.77900000,28550504.89150000
1708732800000,375.50000000,377.80000000,371.70000000,377.60000000,75749.63500000,28425935.67400000
1708747200000,377.60000000,380.30000000,376.90000000,379.80000000,85405.65200000,32373659.11730000
1708761600000,379.80000000,382.00000000,379.10000000,380.50000000,105333.12100000,40096743.19000000
1708776000000,380.60000000,381.90000000,379.10000000,379.60000000,78016.33100000,29667733.47320000
1708790400000,379.60000000,383.30000000,379.40000000,382.90000000,63108.38800000,24081514.39320000
1708804800000,382.80000000,383.00000000,381.30000000,381.70000000,36974.35400000,14128045.17260000
1708819200000,381.60000000,382.30000000,377.60000000,379.50000000,76201.36800000,28985552.00260000
1708833600000,379.60000000,381.80000000,377.90000000,380.70000000,67950.24300000,25815385.30970000
1708848000000,380.70000000,388.30000000,378.00000000,383.90000000,121688.14700000,46569606.44810000
1708862400000,384.00000000,386.70000000,383.50000000,385.00000000,156190.11800000,60089336.03640000
1708876800000,385.00000000,390.20000000,383.10000000,389.00000000,106257.99300000,41064915.56700000
1708891200000,388.90000000,391.00000000,387.40000000,388.50000000,114714.80200000,44645396.67960000
1708905600000,388.50000000,390.00000000,382.00000000,384.20000000,112683.87100000,43422879.76050000
1708920000000,384.20000000,394.80000000,383.70000000,386.10000000,114069.73300000,44100057.56590000
1708934400000,386.10000000,392.90000000,383.80000000,389.70000000,231675.83800000,89969028.51570000
1708948800000,389.70000000,399.00000000,386.90000000,396.90000000,325467.73700000,128344933.37240000
1708963200000,396.80000000,399.30000000,395.20000000,398.10000000,234699.36700000,93314350.41090000
1708977600000,398.10000000,404.90000000,397.80000000,401.60000000,177665.65800000,71301290.20340000
1708992000000,401.50000000,403.70000000,397.60000000,399.00000000,219733.62600000,88131295.20340000
1709006400000,399.00000000,400.60000000,394.60000000,396.00000000,173803.15900000,69160185.99310000
1709020800000,396.00000000,400.20000000,395.90000000,398.20000000,128225.16800000,51084755.13520000
1709035200000,398.30000000,400.50000000,391.50000000,392.90000000,194190.71000000,77009365.74700000
1709049600000,392.90000000,395.80000000,389.60000000,395.40000000,143662.82600000,56537644.16280000
1709064000000,395.30000000,396.60000000,394.20000000,394.60000000,56257.58400000,22244742.47710000
1709078400000,394.60000000,397.40000000,394.10000000,395.70000000,52415.40700000,20738674.27770000
1709092800000,395.70000000,401.30000000,395.20000000,400.50000000,72315.52900000,28800787.10940000
1709107200000,400.50000000,417.80000000,398.70000000,406.50000000,344412.09800000,140713883.76610000
1709121600000,406.50000000,414.70000000,404.80000000,413.20000000,259708.67700000,106779211.86850000
1709136000000,413.30000000,427.30000000,400.00000000,408.40000000,505860.31800000,208527700.04390000
1709150400000,408.50000000,416.20000000,404.90000000,414.60000000,113296.96600000,46441284.79850000
1709164800000,414.70000000,419.70000000,410.30000000,414.00000000,207076.62000000,85698139.66720000
1709179200000,414.00000000,417.70000000,411.80000000,415.10000000,162473.61300000,67354755.12170000
1709193600000,415.10000000,417.70000000,409.20000000,410.20000000,268768.88400000,110906739.87610000
1709208000000,410.20000000,411.30000000,406.50000000,407.40000000,203587.83100000,83162542.19560000
1709222400000,407.50000000,408.70000000,402.10000000,405.70000000,169879.23600000,68863440.95640000
1709236800000,405.70000000,407.10000000,391.10000000,399.40000000,134238.17800000,53642111.25780000
1709251200000,399.30000000,406.60000000,398.80000000,405.60000000,126353.18200000,51018324.28900000
1709265600000,405.60000000,407.70000000,402.40000000,403.60000000,105874.50200000,42932956.69210000
1709280000000,403.60000000,408.50000000,402.60000000,406.20000000,100227.98000000,40747997.52060000
1709294400000,406.20000000,408.60000000,402.30000000,403.00000000,115882.00100000,47015127.17490000
1709308800000,403.00000000,407.20000000,402.50000000,406.30000000,69021.61200000,27967554.21060000
1709323200000,406.40000000,408.50000000,405.60000000,407.40000000,69221.33400000,28178306.24660000
1709337600000,407.40000000,413.80000000,405.80000000,413.70000000,137517.93400000,56230148.98250000
1709352000000,413.70000000,414.80000000,407.30000000,409.30000000,125351.29800000,51475469.01190000
1709366400000,409.40000000,410.40000000,406.00000000,407.80000000,91186.93700000,37246006.37190000
1709380800000,407.90000000,411.50000000,406.70000000,407.70000000,109949.49100000,44993105.09790000
1709395200000,407.80000000,409.80000000,406.40000000,409.60000000,76285.48500000,31146554.97670000
1709409600000,409.70000000,411.00000000,407.20000000,410.90000000,49727.39800000,20339113.63330000
1709424000000,410.90000000,411.70000000,408.50000000,410.50000000,80637.95000000,33076888.16130000
1709438400000,410.50000000,413.40000000,402.20000000,406.90000000,181039.66800000,73999800.29450000
1709452800000,407.00000000,413.50000000,404.30000000,413.40000000,220086.15400000,90229265.04600000
1709467200000,413.30000000,415.30000000,411.30000000,413.30000000,148450.12000000,61379524.92270000
1709481600000,413.40000000,416.50000000,412.90000000,413.30000000,122978.90400000,50952218.38750000
1709496000000,413.40000000,416.80000000,413.10000000,414.50000000,85081.55000000,35300886.39970000
1709510400000,414.50000000,417.30000000,411.50000000,414.40000000,155701.18700000,64577660.46320000
1709524800000,414.50000000,417.70000000,414.10000000,417.00000000,79095.90800000,32849488.23900000
1709539200000,417.10000000,423.80000000,415.50000000,417.40000000,226067.34600000,94978651.58360000
1709553600000,417.40000000,420.20000000,415.00000000,418.90000000,209282.50800000,87410080.74470000
1709568000000,418.90000000,419.30000000,410.60000000,416.00000000,238019.16400000,98880943.03970000
1709582400000,416.10000000,421.30000000,414.00000000,418.40000000,137247.88800000,57303446.33010000
1709596800000,418.50000000,422.50000000,415.40000000,420.30000000,224020.43800000,93995521.99840000
1709611200000,420.40000000,427.20000000,416.50000000,418.20000000,346564.66200000,146315231.87530000
1709625600000,418.20000000,420.70000000,416.10000000,418.60000000,149551.78700000,62635822.76460000
1709640000000,418.70000000,422.30000000,413.80000000,416.00000000,294755.32200000,123259037.90950000
1709654400000,416.10000000,417.00000000,356.10000000,376.80000000,605625.16500000,242188104.61390000
1709668800000,376.80000000,396.70000000,372.50000000,394.10000000,452786.41600000,174486312.99940000
1709683200000,394.10000000,396.90000000,385.60000000,391.20000000,180357.99100000,70477216.84570000
1709697600000,391.30000000,411.70000000,391.20000000,410.50000000,294309.80000000,118715974.07840000
1709712000000,410.60000000,434.70000000,407.40000000,426.20000000,607534.88600000,256889260.43700000
1709726400000,426.20000000,429.10000000,413.50000000,419.90000000,403315.16400000,169832127.31880000
1709740800000,419.90000000,425.50000000,419.20000000,424.40000000,165502.68000000,69915544.50160000
1709755200000,424.50000000,430.00000000,424.20000000,429.40000000,153720.59100000,65685641.24090000
1709769600000,429.40000000,430.60000000,425.40000000,426.60000000,151785.53200000,64997716.28230000
1709784000000,426.60000000,434.50000000,423.20000000,434.00000000,202066.16100000,86542347.03620000
1709798400000,434.00000000,438.80000000,430.80000000,438.60000000,207878.23000000,90404182.96940000
1709812800000,438.60000000,451.00000000,438.30000000,449.20000000,392316.41000000,174676312.60200000
1709827200000,449.20000000,468.20000000,448.50000000,468.20000000,394030.73900000,180602422.32200000
1709841600000,468.20000000,476.80000000,465.70000000,474.60000000,324057.33800000,152546242.92470000
1709856000000,474.60000000,477.20000000,463.70000000,464.80000000,254675.62900000,119686943.24330000
1709870400000,464.80000000,473.00000000,464.60000000,468.10000000,217960.42700000,102310968.87650000
1709884800000,468.10000000,474.70000000,467.50000000,474.20000000,153250.81200000,72204869.92460000
1709899200000,474.20000000,489.60000000,468.50000000,472.70000000,510592.28600000,245988534.09641200
1709913600000,472.80000000,487.10000000,462.50000000,484.50000000,364603.77500000,174018961.99660000
1709928000000,484.50000000,487.80000000,478.20000000,485.80000000,159228.43200000,76877983.72520000
1709942400000,485.80000000,492.30000000,481.90000000,489.10000000,167057.70000000,81203227.72040000
1709956800000,489.20000000,489.90000000,485.50000000,487.50000000,122160.25400000,59578258.84480000
1709971200000,487.50000000,493.80000000,484.10000000,487.40000000,216825.03900000,105886523.37270000
1709985600000,487.40000000,488.60000000,483.00000000,484.10000000,137137.39500000,66625792.39610000
1710000000000,484.10000000,485.80000000,480.70000000,482.40000000,125200.65000000,60518810.29670000
1710014400000,482.40000000,489.60000000,482.40000000,488.30000000,83648.20300000,40720535.03690000
1710028800000,488.30000000,490.90000000,484.80000000,488.30000000,125576.92700000,61283422.12740000
1710043200000,488.30000000,504.80000000,488.00000000,503.70000000,225880.93300000,111949647.16590000
1710057600000,503.70000000,537.50000000,500.80000000,531.70000000,718139.70200000,373728630.69110000
1710072000000,531.80000000,536.60000000,517.70000000,520.90000000,412938.14700000,217908186.12590000
1710086400000,520.90000000,532.20000000,520.50000000,530.60000000,241798.72600000,127739086.98780000
1710100800000,530.50000000,531.90000000,516.60000000,528.90000000,219802.64900000,115540023.24390000
1710115200000,528.90000000,529.30000000,505.50000000,523.10000000,416685.90700000,215206299.29270000
1710129600000,523.10000000,533.80000000,515.40000000,527.90000000,346165.74800000,181499568.95390000
1710144000000,527.90000000,532.80000000,520.10000000,522.00000000,277192.60000000,146207236.16750000
1710158400000,522.10000000,524.50000000,515.00000000,515.40000000,284905.50400000,148019009.21810000
1710172800000,515.40000000,522.00000000,512.10000000,517.90000000,199995.02100000,103432594.74980000
1710187200000,517.90000000,523.80000000,516.90000000,523.00000000,83201.61700000,43352469.69970000
1710201600000,523.00000000,535.30000000,522.10000000,534.10000000,229837.65100000,121593464.37440000
1710216000000,534.10000000,543.40000000,530.00000000,538.60000000,343470.11600000,184697601.60570000
1710230400000,538.70000000,539.00000000,522.40000000,530.40000000,219316.96900000,116189565.19730000
1710244800000,530.40000000,548.50000000,520.10000000,541.90000000,546529.79300000,293120683.67910000
1710259200000,541.90000000,545.50000000,519.00000000,541.30000000,468978.55300000,251541584.39910000
1710273600000,541.30000000,542.40000000,532.30000000,537.50000000,116634.60500000,62660100.88120000
1710288000000,537.40000000,539.90000000,531.70000000,538.20000000,146685.77500000,78546832.39280000
1710302400000,538.30000000,563.60000000,536.30000000,560.70000000,344505.56700000,190344307.08530000
1710316800000,560.70000000,600.00000000,559.90000000,592.30000000,695950.92000000,404563500.96930000
1710331200000,592.30000000,597.50000000,577.10000000,582.40000000,586139.02100000,344517088.26770000
1710345600000,582.50000000,597.30000000,580.50000000,597.20000000,283588.18900000,167129638.80780000
1710360000000,597.20000000,633.50000000,594.00000000,630.50000000,469133.09200000,287072311.49040000
1710374400000,630.50000000,631.50000000,610.20000000,615.30000000,348707.86100000,215832827.71750000
1710388800000,615.30000000,621.70000000,605.30000000,606.30000000,266519.32100000,163697185.30690000
1710403200000,606.30000000,614.20000000,602.60000000,605.40000000,262078.66300000,159647406.45770000
1710417600000,605.50000000,607.70000000,586.00000000,592.70000000,478488.22300000,285675364.18060000
1710432000000,592.70000000,599.50000000,565.50000000,579.20000000,474238.77900000,278445504.76980000
1710446400000,579.30000000,610.00000000,578.80000000,603.20000000,289507.45300000,173412656.57690000
1710460800000,603.20000000,612.00000000,565.00000000,582.90000000,388379.39800000,228847690.45170000
1710475200000,583.00000000,586.20000000,564.90000000,582.60000000,336040.06100000,194473434.42200000
1710489600000,582.60000000,585.00000000,540.90000000,583.20000000,635794.32100000,361924425.09040000
1710504000000,583.20000000,606.60000000,569.30000000,596.30000000,621779.92000000,363335446.61750000
1710518400000,596.40000000,613.80000000,588.80000000,597.20000000,604305.10000000,362385225.98090000
1710532800000,597.10000000,635.20000000,581.80000000,632.70000000,480013.98800000,290556328.69590000
1710547200000,632.70000000,645.20000000,611.30000000,612.20000000,299665.63300000,187061298.80420000
1710561600000,612.20000000,619.00000000,607.10000000,614.70000000,174032.92900000,106719956.95970000
1710576000000,614.70000000,625.50000000,600.80000000,608.60000000,270575.08700000,166050821.60190000
1710590400000,608.60000000,610.00000000,590.00000000,601.50000000,392060.46100000,234690505.36060000
1710604800000,601.50000000,602.00000000,578.70000000,583.80000000,370043.08800000,217863166.43130000
1710619200000,583.80000000,592.00000000,567.20000000,576.40000000,305460.84400000,177605079.37480000
1710633600000,576.40000000,590.40000000,570.30000000,587.70000000,207647.16700000,120751588.39230000
1710648000000,587.70000000,587.70000000,548.60000000,559.90000000,287610.60800000,162170125.89260000
1710662400000,559.90000000,579.70000000,557.10000000,572.10000000,260892.53700000,148901579.61130000
1710676800000,572.20000000,588.60000000,560.60000000,588.20000000,384185.47800000,220751742.19020000
1710691200000,588.20000000,590.50000000,573.20000000,583.10000000,365809.75500000,213195456.53730000
1710705600000,583.00000000,585.00000000,562.20000000,571.70000000,206774.79600000,119027434.02140000
1710720000000,571.70000000,571.80000000,550.00000000,565.20000000,311615.47900000,174661128.03000000
1710734400000,565.20000000,587.70000000,560.00000000,576.70000000,360307.99300000,207529247.68310000
1710748800000,576.70000000,576.80000000,561.10000000,568.40000000,383164.46900000,217939510.79190000
1710763200000,568.50000000,571.70000000,544.50000000,552.30000000,604291.63400000,336458241.19750000
1710777600000,552.30000000,558.20000000,540.10000000,548.30000000,493848.48500000,270981878.74040000
1710792000000,548.40000000,558.00000000,548.30000000,555.40000000,131073.75400000,72492069.88030000
1710806400000,555.40000000,560.60000000,522.60000000,534.00000000,438120.02700000,235259495.88330000
1710820800000,534.00000000,536.20000000,510.00000000,529.40000000,580737.96200000,306106310.29150000
1710835200000,529.50000000,529.50000000,495.80000000,513.60000000,751380.72600000,383552689.27960000
1710849600000,513.60000000,530.50000000,508.90000000,529.50000000,383675.44800000,198523661.11400000
1710864000000,529.50000000,538.80000000,526.30000000,532.00000000,189568.70000000,100905637.61290000
1710878400000,532.10000000,533.20000000,501.10000000,507.70000000,207878.64900000,106767374.84700000
1710892800000,507.70000000,522.50000000,505.70000000,512.30000000,225249.74900000,115677431.56310000
1710907200000,512.30000000,533.90000000,500.00000000,532.10000000,249070.61000000,128200957.98300000
1710921600000,532.00000000,536.00000000,522.00000000,533.60000000,194361.85100000,102810853.32930000
1710936000000,533.50000000,539.50000000,515.60000000,516.40000000,268551.07200000,141926201.56300000
1710950400000,516.50000000,542.50000000,503.00000000,540.90000000,306839.56000000,160519784.10480000
1710964800000,540.80000000,559.00000000,539.70000000,556.80000000,181223.73700000,100053058.75680000
1710979200000,556.70000000,562.00000000,548.80000000,552.50000000,192835.83400000,106933747.93390000
1710993600000,552.50000000,554.70000000,540.60000000,550.00000000,152237.47600000,83614729.34430000
1711008000000,550.00000000,571.00000000,549.60000000,558.10000000,217027.40400000,121732524.59260000
1711022400000,558.20000000,565.60000000,553.70000000,558.50000000,150460.88200000,84356452.14110000
1711036800000,558.50000000,567.00000000,544.30000000,552.00000000,168687.26300000,93587798.29500000
1711051200000,551.90000000,558.30000000,546.50000000,553.80000000,72672.51300000,40259704.28960000
1711065600000,553.80000000,578.00000000,551.90000000,575.60000000,207245.92700000,117309875.69180000
1711080000000,575.60000000,588.10000000,570.70000000,584.10000000,177074.18700000,102544713.40700000
1711094400000,584.10000000,587.90000000,562.90000000,565.40000000,220560.41200000,127189052.38980000
1711108800000,565.40000000,569.80000000,541.70000000,554.00000000,329178.14200000,183023201.00250000
1711123200000,554.10000000,554.30000000,542.80000000,550.00000000,137700.67900000,75541644.91400000
1711137600000,549.90000000,554.00000000,535.50000000,553.80000000,109539.16300000,59537707.81800000
1711152000000,553.80000000,562.60000000,543.40000000,550.30000000,156102.07400000,86411178.40950000
1711166400000,550.30000000,558.40000000,548.10000000,554.90000000,77975.55400000,43091987.49360000
1711180800000,554.80000000,559.20000000,549.70000000,554.40000000,128388.81000000,71201081.25690000
1711195200000,554.30000000,567.70000000,553.20000000,562.20000000,139468.56700000,78215399.69030000
1711209600000,562.20000000,565.20000000,558.00000000,559.10000000,47482.74700000,26681715.59620000
1711224000000,559.10000000,562.40000000,550.70000000,551.90000000,59335.57700000,33101823.45660000
1711238400000,551.90000000,561.50000000,550.50000000,550.70000000,79925.35900000,44404013.49580000
1711252800000,550.60000000,555.30000000,548.70000000,552.70000000,52941.34800000,29209808.17460000
1711267200000,552.70000000,557.60000000,551.70000000,556.50000000,65379.40700000,36299103.01440000
1711281600000,556.40000000,564.40000000,555.80000000,560.40000000,91083.23100000,51042234.30090000
1711296000000,560.50000000,564.90000000,553.90000000,563.90000000,72495.41800000,40616568.40120000
1711310400000,563.80000000,573.00000000,562.30000000,567.70000000,81105.58700000,46114150.69110000
1711324800000,567.80000000,582.10000000,564.40000000,581.50000000,105382.84600000,60504501.08430000
1711339200000,581.50000000,589.10000000,580.40000000,583.80000000,132758.28600000,77717557.36910000
1711353600000,583.70000000,587.20000000,577.70000000,579.30000000,163352.90600000,95044512.60000000
1711368000000,579.30000000,595.60000000,574.00000000,593.00000000,217275.15900000,127359526.82500000
1711382400000,592.90000000,598.00000000,590.90000000,594.50000000,113354.41300000,67357977.13420000
1711396800000,594.60000000,595.50000000,584.70000000,587.00000000,70571.90200000,41595156.50070000
1711411200000,587.10000000,593.50000000,586.20000000,592.80000000,54377.30800000,32124227.56990000
1711425600000,592.90000000,597.00000000,589.90000000,591.70000000,84797.10100000,50316197.85490000
1711440000000,591.60000000,597.00000000,590.00000000,591.50000000,68819.46800000,40894652.30340000
1711454400000,591.60000000,594.10000000,571.90000000,579.90000000,208934.30100000,121468195.64700000
1711468800000,580.00000000,581.60000000,572.00000000,575.50000000,102728.29800000,59244016.47900000
1711483200000,575.50000000,581.60000000,575.40000000,580.40000000,49667.60300000,28754597.23840000
1711497600000,580.40000000,585.60000000,578.10000000,582.00000000,57783.13400000,33693253.39980000
1711512000000,582.10000000,582.90000000,573.20000000,574.30000000,61640.15400000,35630366.90520000
1711526400000,574.40000000,580.30000000,571.80000000,578.40000000,81699.08500000,47045439.63190000
1711540800000,578.50000000,585.00000000,560.30000000,570.00000000,206222.17700000,118390751.55620000
1711555200000,570.00000000,576.10000000,564.10000000,569.50000000,81927.75700000,46694356.53430000
1711569600000,569.60000000,575.90000000,568.60000000,574.30000000,42396.09500000,24286965.02460000
1711584000000,574.20000000,588.70000000,574.10000000,581.70000000,156916.62000000,91460744.79570000
1711598400000,581.80000000,591.10000000,581.50000000,590.50000000,101079.34900000,59358588.73570000
1711612800000,590.50000000,591.70000000,585.10000000,587.30000000,80778.48400000,47527773.16180000
1711627200000,587.40000000,588.70000000,580.20000000,585.20000000,88887.19600000,51990034.52010000
1711641600000,585.20000000,586.00000000,580.70000000,581.70000000,45111.78100000,26286565.48750000
1711656000000,581.70000000,585.90000000,579.80000000,583.40000000,31128.19400000,18125764.94200000
1711670400000,583.40000000,589.30000000,582.10000000,588.60000000,49468.53700000,28990407.39900000
1711684800000,588.60000000,613.60000000,586.50000000,606.70000000,411798.39700000,249930195.23700000
1711699200000,606.80000000,619.70000000,606.10000000,616.40000000,177070.15900000,108374286.24810000
1711713600000,616.40000000,620.00000000,603.00000000,607.40000000,201362.75900000,123899549.76210000
1711728000000,607.40000000,614.30000000,607.20000000,613.60000000,104835.00100000,64076720.53270000
1711742400000,613.60000000,618.30000000,610.80000000,612.50000000,97866.31600000,60170736.60130000
1711756800000,612.50000000,612.90000000,604.20000000,607.90000000,120699.16900000,73466700.39640000
1711771200000,607.80000000,610.60000000,599.20000000,599.30000000,117289.29900000,71021442.73060000
1711785600000,599.20000000,606.20000000,596.90000000,605.10000000,92348.31800000,55538102.04950000
1711800000000,605.20000000,606.90000000,602.30000000,605.50000000,58082.12600000,35125872.04360000
1711814400000,605.50000000,609.80000000,603.80000000,604.90000000,58554.42300000,35538298.89610000
1711828800000,605.00000000,607.10000000,599.70000000,600.70000000,54046.81300000,32618981.17970000
1711843200000,600.70000000,608.60000000,600.40000000,608.60000000,59540.79300000,36043595.29230000
1711857600000,608.60000000,608.80000000,603.30000000,606.90000000,64166.32800000,38877826.89110000
1711872000000,606.90000000,607.00000000,602.80000000,605.80000000,55061.73800000,33314261.20070000
1711886400000,605.80000000,606.70000000,601.80000000,602.10000000,51446.15600000,31086715.90640000
1711900800000,602.20000000,606.60000000,602.10000000,606.00000000,44393.05400000,26819535.26820000
1711915200000,606.00000000,608.70000000,605.00000000,606.70000000,50528.89800000,30659076.78770000
1711929600000,606.70000000,607.70000000,596.40000000,597.60000000,89887.02800000,54068137.02590000
1711944000000,597.60000000,597.70000000,572.20000000,586.60000000,201762.41700000,117994579.77630000
1711958400000,586.70000000,587.60000000,580.50000000,585.10000000,86300.97400000,50388632.28110000
1711972800000,585.10000000,593.50000000,572.60000000,574.00000000,183344.19400000,106716412.71160000
1711987200000,573.90000000,579.70000000,568.70000000,579.20000000,106312.72600000,60948647.60090000
1712001600000,579.30000000,581.80000000,575.50000000,575.80000000,55506.75100000,32115631.14390000
1712016000000,575.80000000,578.20000000,551.60000000,560.90000000,278687.85900000,157604772.78420000
1712030400000,561.00000000,565.50000000,555.10000000,559.00000000,123691.74200000,69271931.61700000
1712044800000,559.00000000,563.30000000,550.50000000,555.50000000,224391.50600000,125129911.30510000
1712059200000,555.50000000,561.00000000,546.30000000,552.30000000,184588.82200000,102265173.66370000
1712073600000,552.30000000,559.30000000,549.50000000,558.00000000,105725.46200000,58639761.03550000
1712088000000,558.00000000,560.00000000,549.60000000,551.40000000,81175.42300000,44979253.32840000
1712102400000,551.40000000,560.30000000,539.00000000,560.30000000,186438.29900000,102298679.93430000
1712116800000,560.30000000,564.20000000,552.90000000,558.50000000,114522.81800000,64037225.04210000
1712131200000,558.60000000,567.90000000,554.80000000,556.20000000,133119.42800000,74838265.73760000
1712145600000,556.20000000,563.20000000,551.80000000,556.70000000,113411.10600000,63211636.74920000
1712160000000,556.70000000,560.00000000,550.70000000,558.20000000,79544.37000000,44204678.41880000
1712174400000,558.30000000,565.10000000,552.00000000,561.50000000,56889.21200000,31859531.27430000
1712188800000,561.60000000,581.90000000,560.80000000,576.30000000,254783.11400000,146463373.33420000
1712203200000,576.30000000,584.20000000,573.00000000,582.70000000,125125.64800000,72472088.40980000
1712217600000,582.60000000,590.00000000,581.70000000,587.10000000,108678.45100000,63670107.71890000
1712232000000,587.00000000,593.60000000,585.90000000,590.60000000,122489.46900000,72307459.95600000
1712246400000,590.60000000,597.60000000,590.30000000,594.50000000,94157.84700000,56001895.65720000
1712260800000,594.60000000,595.10000000,580.20000000,585.50000000,174406.15100000,102114518.10530000
1712275200000,585.40000000,591.50000000,575.00000000,581.60000000,171141.54500000,99864893.62140000
1712289600000,581.60000000,581.70000000,564.40000000,574.70000000,134197.47800000,76696036.73330000
1712304000000,574.60000000,581.10000000,572.50000000,577.50000000,121560.27000000,70137259.80950000
1712318400000,577.50000000,586.00000000,573.10000000,584.00000000,124269.46900000,72082131.97380000
1712332800000,583.90000000,584.90000000,577.50000000,582.60000000,44966.07500000,26156894.54430000
1712347200000,582.50000000,583.50000000,577.50000000,577.80000000,38071.78200000,22112454.38760000
1712361600000,577.80000000,581.90000000,575.10000000,580.80000000,42817.86500000,24746688.38580000
1712376000000,580.80000000,584.60000000,580.20000000,583.40000000,37362.76100000,21761565.12340000
1712390400000,583.40000000,584.30000000,580.10000000,581.30000000,32142.63900000,18714731.75320000
1712404800000,581.30000000,586.80000000,580.00000000,583.70000000,46164.70500000,26918853.18320000
1712419200000,583.70000000,586.80000000,583.00000000,583.40000000,29406.48900000,17195719.37390000
1712433600000,583.50000000,591.30000000,583.00000000,585.40000000,39081.53700000,22941339.79440000
1712448000000,585.50000000,591.10000000,584.70000000,590.10000000,42418.23900000,24978665.22920000
1712462400000,590.00000000,590.20000000,586.10000000,586.90000000,32317.45600000,19000080.22700000
1712476800000,586.90000000,588.60000000,586.10000000,586.40000000,34409.56100000,20216126.94250000
1712491200000,586.50000000,589.60000000,583.20000000,584.40000000,60518.45500000,35526630.87380000
1712505600000,584.50000000,586.00000000,578.30000000,578.70000000,61356.38700000,35756669.90990000
1712520000000,578.70000000,585.00000000,578.00000000,583.90000000,32829.11800000,19107030.17730000
1712534400000,583.80000000,584.10000000,577.70000000,582.00000000,47412.88300000,27551754.61890000
1712548800000,581.90000000,589.00000000,580.90000000,588.70000000,63185.73800000,36969545.93450000
1712563200000,588.80000000,601.10000000,578.00000000,596.20000000,168976.04800000,100510596.26820000
1712577600000,596.20000000,598.90000000,586.20000000,587.70000000,93501.88500000,55310547.22250000
1712592000000,587.60000000,592.10000000,586.60000000,588.90000000,58137.43000000,34249610.76880000
1712606400000,588.90000000,590.80000000,586.20000000,586.40000000,52354.32800000,30833601.45640000
1712620800000,586.30000000,590.30000000,581.80000000,582.20000000,117558.19100000,68675046.36020000
1712635200000,582.30000000,584.50000000,573.90000000,574.30000000,106724.73700000,61913291.93750000
1712649600000,574.40000000,585.10000000,571.20000000,584.20000000,154476.62900000,89467365.47170000
1712664000000,584.20000000,585.00000000,573.60000000,578.90000000,126657.75400000,73362230.02080000
1712678400000,579.00000000,580.90000000,574.00000000,580.30000000,57859.19500000,33398207.47350000
1712692800000,580.20000000,583.40000000,579.10000000,580.50000000,32999.28600000,19175077.99500000
1712707200000,580.40000000,583.20000000,573.40000000,579.00000000,70148.62000000,40555672.14380000
1712721600000,579.10000000,588.60000000,577.20000000,587.50000000,71631.07100000,41725231.91860000
1712736000000,587.50000000,592.00000000,584.40000000,586.70000000,113345.74600000,66598000.83250000
1712750400000,586.70000000,594.30000000,574.60000000,593.10000000,230881.28300000,134756103.06100000
1712764800000,593.10000000,610.60000000,592.90000000,605.80000000,255570.07700000,154263629.63620000
1712779200000,605.90000000,610.30000000,602.60000000,609.70000000,74473.90300000,45202052.97510000
1712793600000,609.70000000,618.40000000,604.40000000,616.60000000,158518.83000000,96961166.96350000
1712808000000,616.60000000,616.90000000,604.10000000,604.70000000,78331.86700000,47741494.60930000
1712822400000,604.70000000,605.70000000,592.00000000,592.80000000,101637.31700000,60937560.50000000
1712836800000,592.80000000,607.40000000,592.10000000,602.80000000,156257.41700000,93982267.79580000
1712851200000,602.70000000,605.80000000,597.90000000,605.00000000,42933.58100000,25855788.76400000
1712865600000,605.00000000,607.40000000,602.30000000,604.60000000,41999.18200000,25414519.76820000
1712880000000,604.60000000,615.60000000,604.50000000,613.60000000,80799.59600000,49396057.45750000
1712894400000,613.70000000,634.50000000,613.20000000,621.10000000,321613.16000000,200472774.83620000
1712908800000,621.20000000,626.00000000,617.80000000,622.10000000,142346.14000000,88568174.31840000
1712923200000,622.10000000,623.90000000,607.00000000,612.70000000,264829.11000000,162513805.67980000
1712937600000,612.60000000,619.60000000,571.00000000,587.70000000,551019.25800000,327668573.52890000
1712952000000,587.70000000,599.10000000,586.20000000,595.60000000,157115.39400000,93473929.11810000
1712966400000,595.60000000,596.30000000,565.10000000,583.20000000,295906.60800000,170804485.58430000
1712980800000,583.20000000,594.70000000,580.80000000,593.80000000,162495.28500000,95811889.19720000
1712995200000,593.90000000,600.20000000,590.50000000,594.00000000,120034.53900000,71425267.15970000
1713009600000,594.00000000,598.50000000,588.60000000,595.00000000,111823.38300000,66475509.30360000
1713024000000,595.00000000,596.30000000,547.30000000,551.90000000,296755.53600000,170467397.09390000
1713038400000,551.90000000,564.90000000,508.00000000,553.10000000,774613.12200000,413311751.22210000
1713052800000,553.00000000,554.70000000,536.10000000,547.90000000,256802.00800000,140332369.94090000
1713067200000,548.00000000,569.40000000,546.50000000,565.60000000,138626.23100000,77624253.51200000
1713081600000,565.50000000,576.00000000,548.90000000,552.20000000,125159.45300000,69720879.76340000
1713096000000,552.10000000,559.60000000,544.80000000,550.30000000,160723.13500000,88499665.11210000
1713110400000,550.30000000,558.00000000,537.10000000,552.20000000,187177.55600000,102701330.00950000
1713124800000,552.20000000,570.40000000,546.80000000,566.40000000,96999.62000000,54286448.48900000
1713139200000,566.40000000,569.40000000,559.60000000,567.90000000,88804.82200000,50048468.49640000
1713153600000,568.00000000,579.60000000,561.60000000,575.40000000,139295.71100000,79593841.87180000
1713168000000,575.40000000,585.50000000,574.10000000,578.00000000,108251.17000000,62842180.05880000
1713182400000,578.00000000,580.50000000,555.00000000,565.80000000,152830.90700000,86740966.29550000
1713196800000,565.80000000,567.80000000,544.70000000,555.60000000,158544.09900000,88249355.04570000
1713211200000,555.50000000,559.20000000,550.50000000,552.70000000,50716.59400000,28117810.98440000
1713225600000,552.70000000,554.20000000,541.00000000,545.00000000,85409.18900000,46745448.15060000
1713240000000,545.10000000,554.00000000,532.10000000,550.70000000,125473.40200000,68239558.70480000
1713254400000,550.70000000,550.80000000,531.70000000,543.20000000,128202.21700000,69389861.66110000
1713268800000,543.20000000,545.50000000,524.10000000,525.40000000,142939.21600000,76394939.63300000
1713283200000,525.40000000,538.60000000,522.80000000,535.00000000,92286.70200000,49080079.91500000
1713297600000,535.00000000,544.50000000,534.30000000,537.60000000,49358.08700000,26620170.82630000
1713312000000,537.50000000,542.50000000,534.50000000,542.00000000,88143.88900000,47483004.60600000
1713326400000,542.00000000,546.60000000,540.30000000,543.70000000,58045.60500000,31563870.71050000
1713340800000,543.70000000,547.90000000,531.70000000,531.90000000,80948.22200000,43758788.64010000
1713355200000,532.00000000,540.40000000,516.70000000,517.60000000,241010.01900000,127433649.24840000
1713369600000,517.50000000,539.00000000,512.60000000,534.00000000,141119.27500000,74294069.72830000
1713384000000,534.00000000,540.40000000,532.90000000,534.10000000,48642.34800000,26110879.66940000
1713398400000,534.00000000,550.00000000,527.00000000,549.80000000,91760.84100000,49480254.31580000
1713412800000,549.70000000,555.90000000,539.50000000,543.90000000,115048.65500000,63050089.41680000
1713427200000,543.90000000,554.00000000,539.50000000,546.50000000,177203.64000000,96763125.17070000
1713441600000,546.50000000,555.00000000,537.50000000,550.90000000,126514.73500000,69282095.97200000
1713456000000,550.80000000,553.30000000,546.00000000,550.00000000,49209.12400000,27034165.80170000
1713470400000,550.00000000,553.30000000,548.20000000,552.10000000,29960.30100000,16497317.21570000
1713484800000,552.00000000,552.20000000,524.00000000,541.00000000,183363.91200000,98253672.16720000
1713499200000,541.10000000,561.20000000,539.10000000,555.30000000,128447.16000000,70771504.02850000
1713513600000,555.40000000,562.80000000,554.40000000,559.90000000,77081.64100000,43082600.34370000
1713528000000,559.80000000,564.30000000,554.20000000,560.10000000,69879.41400000,39118447.94520000
1713542400000,560.00000000,561.30000000,554.70000000,560.70000000,41664.26000000,23260354.87560000
1713556800000,560.70000000,561.90000000,549.60000000,554.00000000,45067.79600000,25074223.28000000
1713571200000,554.10000000,558.10000000,548.80000000,556.50000000,39497.26200000,21904695.17470000
1713585600000,556.60000000,562.50000000,556.20000000,560.50000000,33756.15300000,18916109.91210000
1713600000000,560.50000000,560.50000000,553.00000000,556.00000000,34605.76700000,19254889.96430000
1713614400000,556.10000000,568.00000000,555.40000000,567.90000000,45248.85500000,25334651.22730000
1713628800000,568.00000000,573.80000000,564.00000000,572.90000000,61073.32700000,34764535.95400000
1713643200000,572.90000000,574.30000000,568.40000000,570.90000000,27951.49500000,15967078.23060000
1713657600000,570.90000000,576.20000000,566.40000000,572.30000000,55790.36300000,31916031.43720000
1713672000000,572.30000000,580.20000000,570.60000000,579.60000000,49129.37200000,28331624.63160000
1713686400000,579.60000000,582.60000000,577.40000000,579.00000000,47197.92300000,27371707.78750000
1713700800000,578.90000000,579.20000000,571.70000000,574.00000000,39065.56700000,22486558.15500000
1713715200000,573.90000000,577.50000000,566.30000000,574.90000000,53358.17300000,30543358.08030000
1713729600000,574.90000000,581.70000000,573.60000000,579.60000000,33214.32600000,19217887.84370000
1713744000000,579.60000000,598.60000000,578.40000000,592.00000000,133456.09900000,78598307.00980000
1713758400000,591.90000000,608.70000000,591.90000000,603.00000000,153291.09900000,92357249.06160000
1713772800000,603.00000000,607.10000000,596.80000000,598.80000000,77335.26100000,46623309.54800000
1713787200000,598.90000000,602.10000000,591.30000000,594.90000000,75913.96400000,45249242.71310000
1713801600000,594.90000000,600.50000000,592.60000000,596.60000000,39672.99300000,23674981.78030000
1713816000000,596.60000000,606.40000000,595.40000000,604.50000000,43222.74100000,26032501.77550000
1713830400000,604.40000000,608.90000000,599.60000000,601.70000000,56534.73100000,34152466.85730000
1713844800000,601.70000000,607.90000000,598.70000000,600.10000000,66087.09600000,39832665.19090000
1713859200000,600.20000000,618.30000000,599.80000000,604.80000000,202205.50200000,123107095.05710000
1713873600000,604.80000000,608.80000000,602.50000000,604.30000000,98383.26900000,59588482.81200000
1713888000000,604.30000000,612.00000000,602.90000000,609.10000000,76410.42800000,46531409.77020000
1713902400000,609.10000000,609.80000000,605.10000000,606.20000000,57262.31800000,34804223.24220000
1713916800000,606.20000000,607.90000000,601.00000000,605.00000000,69841.20900000,42260180.86160000
1713931200000,605.10000000,610.00000000,603.70000000,607.90000000,86975.40700000,52754084.53330000
1713945600000,608.00000000,618.50000000,605.00000000,614.40000000,146800.03700000,89952302.34620000
1713960000000,614.40000000,615.50000000,595.90000000,597.10000000,137254.54600000,82892030.50730000
1713974400000,597.00000000,605.00000000,592.60000000,604.20000000,135431.02000000,81289372.72670000
1713988800000,604.20000000,613.10000000,602.00000000,608.80000000,80651.45800000,48988639.06420000
1714003200000,608.80000000,609.40000000,600.70000000,605.20000000,52018.87900000,31552736.19210000
1714017600000,605.30000000,608.80000000,601.20000000,608.40000000,50105.68300000,30375977.16710000
1714032000000,608.40000000,613.90000000,604.70000000,611.50000000,128710.07200000,78428177.10490000
1714046400000,611.50000000,612.00000000,601.60000000,611.20000000,121556.07900000,73827622.67230000
1714060800000,611.20000000,617.50000000,610.30000000,616.80000000,60626.34900000,37219917.42770000
1714075200000,616.80000000,617.90000000,613.00000000,613.20000000,40728.45500000,25052389.36270000
1714089600000,613.30000000,615.00000000,606.30000000,610.10000000,57906.98300000,35415599.63910000
1714104000000,610.20000000,612.70000000,607.50000000,608.50000000,38917.26300000,23723635.35100000
1714118400000,608.40000000,610.40000000,601.10000000,602.50000000,72205.41700000,43729327.07200000
1714132800000,602.40000000,608.30000000,597.20000000,599.10000000,83562.55200000,50282306.11940000
1714147200000,599.10000000,604.60000000,598.00000000,601.30000000,28259.43500000,17009153.94480000
1714161600000,601.30000000,603.70000000,597.00000000,598.00000000,21268.23400000,12761789.18650000
1714176000000,598.00000000,599.70000000,585.00000000,594.60000000,80321.33300000,47478841.86660000
1714190400000,594.70000000,596.50000000,591.90000000,593.70000000,32655.23600000,19403080.36320000
1714204800000,593.70000000,595.60000000,587.20000000,587.80000000,43279.61500000,25595576.72750000
1714219200000,587.90000000,594.00000000,585.80000000,587.60000000,46749.83300000,27557589.13240000
1714233600000,587.50000000,597.90000000,587.00000000,595.60000000,45927.44800000,27223859.98730000
1714248000000,595.70000000,597.20000000,592.70000000,596.20000000,19850.44700000,11816575.96550000
1714262400000,596.20000000,602.60000000,596.20000000,599.70000000,37765.75100000,22643867.31490000
1714276800000,599.60000000,601.80000000,597.90000000,600.70000000,34144.90600000,20484695.84800000
1714291200000,600.60000000,605.40000000,599.10000000,601.70000000,40273.89300000,24276087.05960000
1714305600000,601.60000000,609.00000000,600.00000000,603.80000000,75797.18100000,45833224.87660000
1714320000000,603.90000000,606.70000000,603.30000000,604.20000000,31013.46100000,18751432.16830000
1714334400000,604.20000000,607.50000000,597.50000000,600.20000000,39064.23900000,23574020.05990000
1714348800000,600.20000000,602.80000000,590.10000000,590.40000000,44769.15200000,26687520.22790000
1714363200000,590.30000000,597.20000000,581.30000000,588.50000000,103732.72700000,60902089.92380000
1714377600000,588.40000000,591.00000000,583.40000000,584.70000000,55589.24800000,32645828.33970000
1714392000000,584.70000000,592.80000000,583.80000000,592.70000000,52061.73300000,30611582.52340000
1714406400000,592.70000000,593.30000000,589.00000000,590.80000000,29702.07000000,17560642.12140000
1714420800000,590.80000000,596.90000000,589.70000000,592.80000000,44619.07500000,26487527.80970000
1714435200000,592.80000000,602.70000000,589.40000000,591.70000000,66509.19200000,39645508.29090000
1714449600000,591.80000000,604.30000000,591.20000000,598.40000000,86819.16000000,52015995.48270000
1714464000000,598.30000000,598.80000000,568.30000000,568.50000000,163506.62700000,95030256.18030000
1714478400000,568.50000000,570.20000000,559.20000000,560.80000000,174598.40200000,98631055.25250000
1714492800000,560.90000000,577.00000000,555.70000000,567.20000000,202112.62500000,114625048.41170000
1714507200000,567.20000000,581.70000000,567.10000000,578.40000000,72967.44000000,42076202.85640000
1714521600000,578.40000000,580.40000000,567.50000000,574.80000000,82299.19400000,47157855.30670000
1714536000000,574.90000000,575.70000000,543.90000000,546.10000000,188053.52100000,104269915.39800000
1714550400000,546.10000000,552.30000000,536.70000000,551.90000000,137275.12500000,74914073.40540000
1714564800000,552.00000000,556.30000000,544.00000000,545.00000000,75152.96800000,41328842.28370000
1714579200000,545.10000000,566.40000000,542.90000000,550.20000000,131808.26200000,73040893.72760000
1714593600000,550.30000000,563.80000000,550.30000000,561.80000000,54438.24800000,30331276.27530000
1714608000000,561.80000000,563.00000000,539.50000000,547.50000000,98610.16400000,54166687.68210000
1714622400000,547.50000000,550.50000000,544.40000000,549.80000000,41675.10300000,22856110.24410000
1714636800000,549.70000000,561.90000000,549.00000000,561.60000000,66947.84600000,37247708.15330000
1714651200000,561.60000000,565.90000000,555.90000000,564.50000000,87311.95100000,49050439.16320000
1714665600000,564.60000000,565.20000000,560.80000000,563.50000000,31458.78900000,17702987.56760000
1714680000000,563.40000000,564.60000000,558.30000000,560.50000000,33790.46200000,18980576.13440000
1714694400000,560.50000000,567.20000000,558.90000000,566.20000000,44466.59300000,25056095.44990000
1714708800000,566.20000000,567.30000000,560.00000000,561.30000000,26352.51400000,14847224.72530000
1714723200000,561.30000000,568.40000000,560.50000000,562.80000000,60901.33600000,34412118.32160000
1714737600000,562.80000000,579.90000000,561.20000000,577.90000000,125199.16100000,71813861.13500000
1714752000000,578.00000000,581.80000000,577.70000000,580.90000000,36079.29800000,20915453.41430000
1714766400000,580.90000000,590.00000000,580.70000000,587.00000000,49907.53100000,29255994.81390000
1714780800000,587.00000000,589.50000000,582.50000000,584.20000000,36346.35500000,21307272.21570000
1714795200000,584.20000000,587.30000000,582.70000000,584.00000000,25322.20900000,14809561.94280000
1714809600000,584.10000000,593.60000000,583.50000000,589.40000000,45308.49800000,26683487.28120000
1714824000000,589.30000000,593.50000000,588.10000000,591.10000000,32670.80400000,19294453.47790000
1714838400000,591.20000000,591.60000000,586.50000000,590.30000000,30751.75100000,18109101.56660000
1714852800000,590.30000000,592.20000000,583.90000000,585.70000000,26729.63400000,15703944.91600000
1714867200000,585.70000000,587.70000000,579.30000000,581.20000000,43091.21100000,25114718.53150000
1714881600000,581.30000000,587.10000000,580.60000000,585.20000000,23340.35300000,13618015.20470000
1714896000000,585.20000000,589.60000000,584.60000000,586.60000000,21563.85800000,12651441.22990000
1714910400000,586.60000000,594.50000000,584.70000000,593.10000000,42539.53700000,25076433.88410000
1714924800000,593.10000000,595.00000000,590.30000000,592.90000000,30246.46600000,17933852.16320000
1714939200000,592.90000000,594.10000000,588.50000000,592.00000000,19676.81100000,11630817.21370000
1714953600000,592.00000000,595.50000000,589.50000000,591.00000000,24950.74100000,14786359.55030000
1714968000000,591.00000000,595.70000000,589.60000000,595.50000000,29837.65100000,17710244.95880000
1714982400000,595.60000000,602.30000000,586.30000000,592.30000000,96841.81300000,57641470.50410000
1714996800000,592.40000000,593.20000000,583.10000000,589.00000000,71675.03500000,42153635.47590000
1715011200000,589.00000000,591.40000000,585.60000000,589.90000000,35001.91500000,20595534.39600000
1715025600000,589.90000000,593.20000000,587.60000000,588.20000000,20361.85000000,12027942.74830000
1715040000000,588.20000000,593.80000000,582.50000000,586.70000000,40423.03700000,23790686.23300000
1715054400000,586.70000000,590.10000000,585.40000000,588.70000000,35689.87000000,20966943.98120000
1715068800000,588.70000000,600.40000000,588.00000000,592.60000000,74122.50300000,44105746.75570000
1715083200000,592.70000000,596.20000000,587.70000000,594.20000000,46935.69600000,27796095.00620000
1715097600000,594.30000000,595.50000000,585.00000000,585.60000000,40747.68700000,23998476.11320000
1715112000000,585.60000000,587.50000000,576.00000000,576.50000000,51569.91600000,29957687.03290000
1715126400000,576.50000000,586.30000000,574.40000000,585.50000000,37577.35100000,21816281.76910000
1715140800000,585.50000000,587.50000000,578.90000000,579.70000000,52814.39400000,30815988.17250000
1715155200000,579.60000000,587.10000000,578.30000000,585.10000000,45510.89600000,26500462.16490000
1715169600000,585.20000000,586.90000000,579.20000000,582.50000000,62005.89200000,36212949.11750000
1715184000000,582.50000000,589.40000000,580.20000000,588.80000000,38889.19200000,22794679.03480000
1715198400000,588.80000000,590.00000000,579.80000000,588.60000000,60218.89200000,35304839.83830000
1715212800000,588.60000000,601.00000000,586.30000000,597.10000000,105558.48800000,62745135.72600000
1715227200000,597.10000000,602.00000000,594.60000000,600.00000000,93869.21100000,56238834.55220000
1715241600000,600.10000000,602.00000000,589.10000000,595.00000000,81586.29400000,48658654.88290000
1715256000000,595.10000000,605.80000000,590.50000000,596.50000000,96554.41300000,57799545.18130000
1715270400000,596.50000000,599.50000000,590.70000000,596.60000000,50279.87100000,29930568.24360000
1715284800000,596.60000000,599.70000000,594.20000000,596.80000000,37009.32400000,22088430.44600000
1715299200000,596.80000000,597.00000000,591.00000000,593.70000000,49571.83100000,29449083.68750000
1715313600000,593.70000000,596.80000000,592.40000000,595.30000000,29100.74500000,17304742.99300000
1715328000000,595.20000000,596.20000000,592.30000000,596.10000000,36534.94300000,21703262.50310000
1715342400000,596.10000000,597.00000000,582.60000000,586.40000000,97682.12200000,57524754.87220000
1715356800000,586.30000000,589.10000000,581.50000000,586.30000000,63822.83400000,37348141.03240000
1715371200000,586.30000000,588.20000000,583.60000000,585.60000000,19503.04100000,11427735.21830000
1715385600000,585.70000000,590.60000000,580.80000000,583.40000000,61128.57000000,35751154.77990000
1715400000000,583.50000000,587.80000000,582.30000000,587.10000000,23870.18900000,13978628.30050000
1715414400000,587.10000000,590.60000000,583.00000000,589.70000000,56382.13900000,33132076.82940000
1715428800000,589.80000000,593.80000000,588.30000000,591.50000000,33570.35200000,19838648.01340000
1715443200000,591.50000000,594.50000000,588.80000000,593.50000000,19877.27100000,11762426.28890000
1715457600000,593.50000000,594.40000000,591.20000000,592.20000000,15869.78400000,9416131.25530000
1715472000000,592.20000000,593.90000000,589.90000000,590.10000000,17125.67700000,10130000.22930000
1715486400000,590.20000000,591.90000000,587.30000000,588.50000000,17265.20300000,10185425.65480000
1715500800000,588.40000000,593.70000000,587.60000000,592.90000000,22697.42500000,13412486.68620000
1715515200000,592.90000000,596.80000000,591.40000000,595.40000000,41285.64400000,24536580.25390000
1715529600000,595.50000000,600.10000000,592.70000000,598.10000000,62350.58400000,37253109.80120000
1715544000000,598.00000000,598.40000000,592.80000000,594.80000000,30466.02900000,18129462.99410000
1715558400000,594.80000000,596.70000000,585.20000000,589.10000000,87743.07800000,51777735.65630000
1715572800000,589.10000000,598.40000000,585.70000000,596.20000000,79512.95000000,46970506.29830000
1715587200000,596.30000000,598.20000000,594.10000000,594.90000000,80098.39000000,47774242.62680000
1715601600000,595.00000000,596.40000000,592.80000000,595.40000000,61274.65100000,36437845.47240000
1715616000000,595.40000000,597.90000000,591.80000000,595.10000000,45963.40700000,27331978.15310000
1715630400000,595.20000000,595.70000000,591.10000000,591.70000000,35217.81000000,20889221.72070000
1715644800000,591.70000000,593.10000000,587.70000000,588.90000000,34934.59700000,20609284.56530000
1715659200000,588.90000000,592.00000000,582.20000000,588.50000000,53037.23300000,31144566.22220000
1715673600000,588.40000000,588.50000000,584.90000000,586.30000000,23945.45400000,14051042.16350000
1715688000000,586.30000000,588.20000000,562.00000000,569.90000000,224698.31400000,128732750.40500000
1715702400000,569.80000000,571.10000000,564.00000000,568.70000000,67711.47800000,38402447.48120000
1715716800000,568.70000000,568.90000000,563.90000000,567.10000000,48981.24000000,27730178.25490000
1715731200000,567.10000000,570.00000000,560.00000000,569.90000000,67313.31700000,38098458.80630000
1715745600000,570.00000000,571.10000000,565.00000000,569.40000000,37309.29000000,21222798.36480000
1715760000000,569.30000000,571.20000000,564.80000000,566.50000000,49290.56300000,27984580.82330000
1715774400000,566.40000000,582.60000000,565.00000000,580.10000000,132685.12600000,76514753.83160000
1715788800000,580.00000000,587.30000000,578.50000000,586.40000000,57357.44600000,33439303.14420000
1715803200000,586.40000000,586.80000000,580.40000000,581.00000000,58857.25100000,34380423.75590000
1715817600000,581.00000000,586.60000000,580.80000000,584.00000000,102469.21300000,59791726.97290000
1715832000000,584.00000000,585.80000000,581.10000000,584.60000000,60834.36300000,35494666.89070000
1715846400000,584.60000000,585.30000000,580.00000000,582.80000000,45443.13200000,26457949.61710000
1715860800000,582.80000000,583.00000000,566.20000000,567.80000000,142400.44000000,81677420.32350000
1715875200000,567.80000000,570.30000000,565.10000000,568.00000000,40647.11500000,23073428.82440000
1715889600000,568.00000000,570.20000000,566.70000000,569.20000000,20142.79300000,11445789.41640000
1715904000000,569.20000000,572.70000000,568.60000000,571.80000000,33521.55800000,19120214.71340000
1715918400000,571.90000000,580.00000000,569.90000000,578.50000000,54133.47200000,31130398.73320000
1715932800000,578.60000000,579.60000000,574.50000000,578.20000000,44251.92200000,25548283.31480000
1715947200000,578.20000000,584.50000000,575.50000000,582.50000000,59837.23300000,34721290.43740000
1715961600000,582.60000000,583.50000000,577.30000000,580.20000000,32617.79500000,18930080.63740000
1715976000000,580.10000000,581.10000000,579.10000000,580.90000000,12557.63600000,7285798.17290000
1715990400000,580.90000000,581.90000000,577.50000000,581.60000000,26558.16700000,15393286.37030000
1716004800000,581.60000000,581.90000000,578.50000000,578.80000000,26897.45400000,15613892.67280000
1716019200000,578.80000000,581.50000000,578.50000000,579.60000000,33268.36700000,19295186.14710000
1716033600000,579.60000000,579.60000000,574.20000000,577.60000000,36204.14700000,20874075.95200000
1716048000000,577.60000000,578.70000000,576.40000000,577.30000000,14356.64000000,8292464.70870000
1716062400000,577.30000000,580.50000000,576.60000000,580.30000000,30789.93600000,17807263.22750000
1716076800000,580.30000000,581.90000000,579.20000000,581.40000000,18791.85400000,10912649.81020000
1716091200000,581.40000000,581.70000000,577.60000000,579.80000000,23965.85900000,13888716.45920000
1716105600000,579.80000000,581.10000000,577.60000000,580.70000000,24113.82400000,13971344.73920000
1716120000000,580.70000000,581.20000000,574.70000000,577.60000000,36374.38600000,21021561.62050000
1716134400000,577.70000000,577.90000000,572.90000000,573.70000000,25734.82500000,14794499.87410000
1716148800000,573.60000000,575.80000000,571.30000000,574.50000000,13176.73700000,7564243.00320000
1716163200000,574.60000000,577.40000000,570.60000000,575.90000000,32535.23100000,18674412.97440000
1716177600000,576.00000000,580.70000000,571.50000000,576.20000000,47356.43400000,27329581.13170000
1716192000000,576.10000000,577.40000000,571.70000000,573.00000000,40022.61600000,22990293.09330000
1716206400000,572.90000000,576.80000000,568.80000000,576.60000000,47314.03800000,27071157.16490000
1716220800000,576.60000000,590.40000000,575.40000000,589.20000000,115821.47100000,67474227.77840000
1716235200000,589.30000000,602.00000000,585.30000000,599.60000000,186203.01600000,110376915.34110000
1716249600000,599.60000000,611.60000000,595.20000000,597.90000000,154484.58400000,93012010.50620000
1716264000000,597.80000000,631.40000000,593.30000000,630.10000000,364138.32300000,224784164.08190000
1716278400000,630.10000000,630.10000000,616.40000000,617.80000000,221158.17900000,137435518.01910000
1716292800000,617.90000000,619.60000000,610.10000000,612.60000000,161117.62300000,99049259.90080000
1716307200000,612.70000000,619.20000000,608.00000000,609.40000000,83491.03700000,51307388.13880000
1716321600000,609.50000000,619.70000000,609.30000000,618.50000000,39169.86700000,24091792.70660000
1716336000000,618.50000000,624.40000000,616.70000000,622.00000000,60120.44600000,37287896.02800000
1716350400000,622.00000000,623.10000000,612.60000000,621.40000000,63241.96500000,39158950.27150000
1716364800000,621.40000000,626.30000000,617.70000000,617.80000000,57952.08100000,36085803.89120000
1716379200000,617.80000000,621.70000000,610.60000000,621.00000000,107704.49200000,66389970.69510000
1716393600000,621.10000000,621.80000000,610.10000000,612.50000000,80740.40300000,49653468.93570000
1716408000000,612.50000000,616.70000000,611.40000000,614.80000000,35089.10000000,21536451.76850000
1716422400000,614.80000000,616.90000000,612.90000000,614.80000000,44382.83200000,27302216.64690000
1716436800000,614.80000000,617.50000000,611.80000000,614.90000000,68638.61000000,42196223.41310000
1716451200000,614.90000000,615.40000000,606.70000000,613.30000000,83591.60900000,51085423.53850000
1716465600000,613.30000000,613.30000000,586.40000000,594.40000000,209894.21900000,125676605.90810000
1716480000000,594.30000000,597.80000000,587.40000000,590.40000000,55814.32400000,33039640.33270000
1716494400000,590.50000000,601.50000000,580.00000000,599.30000000,145350.35300000,86108213.66720000
1716508800000,599.40000000,605.50000000,596.60000000,601.40000000,50826.32400000,30578460.48300000
1716523200000,601.50000000,602.80000000,588.40000000,593.10000000,58381.28100000,34697301.77850000
1716537600000,593.10000000,597.00000000,588.30000000,596.50000000,43025.59200000,25545037.27790000
1716552000000,596.50000000,599.70000000,595.00000000,597.10000000,38654.21600000,23095882.36470000
1716566400000,597.10000000,603.20000000,595.10000000,601.90000000,42591.53500000,25504716.69180000
1716580800000,602.00000000,602.50000000,600.00000000,600.30000000,18486.22800000,11118823.15110000
1716595200000,600.30000000,604.70000000,599.50000000,601.50000000,23225.60300000,13962659.58180000
1716609600000,601.50000000,603.70000000,600.50000000,601.70000000,18875.43900000,11366721.30300000
1716624000000,601.70000000,606.70000000,601.20000000,604.20000000,35699.76500000,21576678.43120000
1716638400000,604.20000000,604.70000000,600.30000000,601.90000000,23856.46800000,14365705.76440000
1716652800000,602.00000000,603.00000000,601.30000000,602.20000000,11390.23500000,6858560.74640000
1716667200000,602.10000000,602.70000000,600.50000000,602.40000000,8491.44800000,5107857.85190000
1716681600000,602.30000000,603.30000000,599.90000000,602.20000000,19866.53200000,11951710.04430000
1716696000000,602.20000000,604.30000000,601.60000000,604.20000000,16466.89900000,9925708.62010000
1716710400000,604.20000000,605.40000000,600.50000000,601.70000000,19875.31900000,11973256.03760000
1716724800000,601.80000000,604.70000000,599.10000000,602.30000000,28472.48600000,17133758.85730000
1716739200000,602.20000000,603.80000000,600.50000000,601.10000000,18684.56600000,11242715.64780000
1716753600000,601.10000000,601.40000000,598.00000000,600.20000000,19617.85800000,11766143.30590000
1716768000000,600.30000000,606.50000000,599.60000000,605.10000000,32804.66600000,19799448.43480000
1716782400000,605.10000000,606.00000000,601.00000000,603.00000000,24571.54900000,14833284.90140000
1716796800000,603.00000000,605.30000000,600.90000000,602.30000000,28736.22600000,17322345.97740000
1716811200000,602.30000000,613.90000000,600.80000000,612.70000000,60668.22400000,36877456.27320000
1716825600000,612.80000000,614.40000000,600.50000000,602.20000000,55896.23400000,34072776.79960000
1716840000000,602.20000000,606.10000000,601.10000000,603.90000000,26625.47800000,16085584.87640000
1716854400000,603.90000000,605.10000000,595.90000000,597.80000000,68404.72100000,41065032.44690000
1716868800000,597.90000000,599.90000000,593.80000000,597.80000000,45261.84100000,27026760.12150000
1716883200000,597.80000000,606.00000000,596.90000000,602.00000000,51501.64500000,30984463.85670000
1716897600000,602.00000000,603.30000000,596.30000000,601.40000000,63095.67900000,37834477.64770000
1716912000000,601.40000000,602.10000000,595.50000000,601.40000000,40729.20400000,24400355.28540000
1716926400000,601.50000000,603.20000000,600.50000000,601.70000000,15869.89500000,9555339.38470000
1716940800000,601.70000000,603.60000000,601.20000000,601.60000000,33324.62600000,20065714.82070000
1716955200000,601.60000000,603.50000000,598.10000000,598.20000000,29595.45100000,17802034.65790000
1716969600000,598.20000000,600.60000000,596.00000000,599.00000000,45488.06400000,27243383.79010000
1716984000000,599.00000000,601.30000000,595.00000000,595.40000000,51859.09600000,30992205.32470000
1716998400000,595.40000000,596.70000000,593.10000000,594.00000000,33715.66900000,20057440.48030000
1717012800000,594.00000000,597.40000000,593.60000000,595.70000000,18723.34800000,11154004.21950000
1717027200000,595.70000000,598.20000000,595.30000000,597.60000000,26434.26200000,15770515.00670000
1717041600000,597.60000000,598.40000000,588.90000000,589.10000000,48319.94100000,28715771.43750000
1717056000000,589.10000000,595.00000000,586.50000000,594.10000000,54315.40000000,32057262.94050000
1717070400000,594.20000000,598.20000000,593.90000000,596.60000000,30961.78100000,18447606.64020000
1717084800000,596.70000000,602.20000000,595.60000000,597.00000000,40698.50600000,24369642.98010000
1717099200000,597.10000000,597.10000000,591.30000000,595.10000000,24722.45400000,14697432.53640000
1717113600000,595.10000000,596.70000000,593.20000000,593.60000000,17925.80000000,10659263.71540000
1717128000000,593.60000000,594.60000000,591.00000000,591.90000000,19857.57100000,11770428.33460000
1717142400000,591.90000000,596.10000000,591.40000000,595.40000000,24878.64800000,14760849.62320000
1717156800000,595.40000000,599.00000000,591.10000000,591.30000000,51683.71400000,30756406.05760000
1717171200000,591.20000000,595.20000000,590.00000000,593.90000000,37414.76200000,22162786.76780000
1717185600000,593.90000000,595.80000000,592.70000000,593.70000000,16847.55900000,10018156.02030000
1717200000000,593.80000000,595.50000000,593.10000000,595.30000000,17531.66200000,10421009.04160000
1717214400000,595.20000000,596.50000000,594.40000000,595.10000000,13667.01800000,8136576.07830000
1717228800000,595.20000000,596.30000000,594.60000000,596.30000000,15980.03000000,9516485.42070000
1717243200000,596.30000000,598.50000000,595.60000000,596.30000000,25003.99600000,14925618.80960000
1717257600000,596.40000000,597.70000000,595.80000000,597.50000000,11569.75200000,6903232.37320000
1717272000000,597.60000000,608.40000000,597.50000000,601.90000000,72712.43600000,43904382.81990000
1717286400000,601.90000000,606.00000000,601.50000000,604.00000000,42936.00800000,25924722.95400000
1717300800000,604.00000000,605.60000000,599.80000000,600.10000000,35229.41000000,21239619.90050000
1717315200000,600.10000000,602.10000000,596.30000000,601.20000000,32520.92200000,19461811.78660000
1717329600000,601.20000000,603.00000000,599.20000000,601.50000000,30635.11000000,18415911.26250000
1717344000000,601.50000000,602.00000000,596.00000000,599.30000000,33195.05200000,19864125.47870000
1717358400000,599.20000000,604.00000000,597.50000000,602.90000000,23783.49400000,14310394.75670000
1717372800000,602.80000000,610.00000000,601.20000000,608.10000000,59340.38800000,36035323.76990000
1717387200000,608.10000000,638.80000000,607.70000000,626.10000000,279879.29300000,174549442.84750000
1717401600000,626.10000000,634.00000000,625.20000000,631.10000000,105890.97600000,66714119.65310000
1717416000000,631.10000000,637.90000000,621.80000000,627.80000000,129454.37800000,81644897.70900000
1717430400000,627.80000000,628.50000000,619.90000000,625.40000000,51989.07700000,32392602.31350000
1717444800000,625.40000000,629.00000000,622.70000000,626.40000000,27607.35500000,17283182.23580000
1717459200000,626.40000000,634.70000000,625.00000000,634.40000000,47051.51400000,29604471.65900000
1717473600000,634.30000000,635.20000000,627.80000000,628.60000000,59946.09700000,37835315.38120000
1717488000000,628.60000000,649.60000000,624.80000000,645.90000000,193944.88700000,123866532.88630000
1717502400000,645.90000000,667.00000000,644.40000000,663.00000000,225248.15300000,147734803.97390000
1717516800000,663.00000000,674.00000000,660.70000000,671.00000000,96881.23420000,64608074.52290200
1717531200000,671.00000000,688.20000000,667.70000000,685.70000000,113250.79510000,76968997.18522800
1717545600000,685.70000000,716.00000000,684.70000000,703.00000000,248204.71920000,173529776.45938710
1717560000000,703.10000000,712.20000000,696.00000000,705.60000000,115038.41100000,80979544.64800000
1717574400000,705.60000000,713.70000000,692.50000000,699.70000000,96741.26700000,67891869.26630000
1717588800000,699.80000000,707.50000000,695.50000000,704.60000000,73871.11000000,51833947.15930000
1717603200000,704.70000000,706.40000000,686.80000000,691.60000000,106308.52000000,73967892.62900000
1717617600000,691.60000000,699.40000000,689.80000000,698.80000000,33656.53800000,23389866.51330000
1717632000000,698.80000000,702.00000000,695.90000000,696.60000000,50002.42700000,34955042.70730000
1717646400000,696.60000000,706.50000000,692.00000000,704.60000000,106104.20400000,74265934.31150000
1717660800000,704.70000000,710.00000000,701.50000000,705.00000000,71423.98900000,50455722.76450000
1717675200000,705.10000000,721.80000000,702.20000000,703.50000000,170379.90020000,121230026.05081090
1717689600000,703.50000000,708.20000000,697.80000000,706.00000000,85558.28400000,60183723.79590000
1717704000000,705.90000000,712.00000000,700.50000000,711.20000000,60574.15500000,42881217.42460000
1717718400000,711.10000000,712.00000000,700.00000000,704.10000000,84714.85900000,59722716.70170000
1717732800000,704.20000000,709.40000000,697.30000000,697.80000000,78199.68600000,55082011.12050000
1717747200000,697.90000000,705.60000000,697.60000000,705.50000000,64581.27300000,45322804.99620000
1717761600000,705.60000000,708.90000000,696.00000000,701.00000000,91494.14500000,64303927.41650000
1717776000000,701.00000000,701.80000000,658.90000000,681.20000000,228637.57800000,155051250.36640000
1717790400000,681.30000000,685.80000000,677.80000000,684.00000000,47126.44900000,32164660.38190000
1717804800000,684.00000000,685.50000000,679.70000000,682.00000000,48702.59800000,33224975.51750000
1717819200000,682.00000000,694.80000000,680.80000000,694.70000000,42174.35100000,28990573.82490000
1717833600000,694.70000000,694.90000000,682.60000000,683.80000000,31634.80700000,21816826.60460000
1717848000000,683.80000000,688.40000000,677.90000000,686.50000000,52643.50400000,35948313.18280000
1717862400000,686.60000000,687.40000000,680.30000000,686.10000000,25086.41700000,17170533.90550000
1717876800000,686.10000000,687.70000000,681.40000000,682.70000000,16607.79600000,11371036.23170000
1717891200000,682.70000000,683.20000000,670.90000000,675.00000000,54352.09500000,36747834.87580000
1717905600000,675.00000000,681.60000000,672.20000000,679.90000000,21906.71400000,14842581.85750000
1717920000000,679.90000000,683.40000000,677.70000000,679.40000000,21548.07300000,14660631.06150000
1717934400000,679.40000000,684.80000000,676.80000000,676.90000000,36298.45200000,24706281.40430000
1717948800000,676.80000000,678.90000000,675.60000000,675.80000000,17629.10000000,11936035.20280000
1717963200000,675.70000000,676.10000000,670.30000000,673.00000000,21831.34600000,14686878.81860000
1717977600000,673.10000000,674.80000000,668.10000000,669.00000000,25058.67800000,16843600.40060000
1717992000000,669.10000000,669.60000000,639.30000000,640.90000000,186664.82300000,121381201.60910000
1718006400000,641.00000000,649.90000000,639.30000000,640.10000000,113671.08800000,73274230.33280000
1718020800000,640.00000000,653.10000000,635.60000000,651.00000000,76429.35900000,49293369.25950000
1718035200000,651.00000000,653.70000000,646.20000000,648.50000000,46123.04900000,29991273.01120000
1718049600000,648.50000000,648.60000000,613.30000000,625.10000000,244175.61900000,152844753.63240000
1718064000000,625.10000000,629.00000000,615.90000000,625.50000000,151467.49300000,94328486.10730000
1718078400000,625.60000000,625.70000000,609.20000000,613.30000000,118074.29700000,72914540.70000000
1718092800000,613.40000000,616.70000000,603.00000000,606.30000000,131963.94800000,80492611.33420000
1718107200000,606.40000000,611.00000000,595.80000000,597.90000000,131158.68000000,79416410.20180000
1718121600000,597.80000000,609.70000000,596.20000000,608.30000000,70285.53300000,42371332.52200000
1718136000000,608.40000000,608.40000000,599.40000000,602.50000000,37705.96900000,22806266.00910000
1718150400000,602.50000000,609.00000000,591.30000000,608.30000000,72301.66800000,43362750.70400000
1718164800000,608.30000000,614.80000000,605.80000000,614.80000000,52059.27500000,31784986.48660000
1718179200000,614.80000000,618.10000000,609.00000000,609.20000000,61777.43600000,37983996.45140000
1718193600000,609.20000000,635.40000000,609.10000000,628.50000000,137568.73300000,86273928.39430000
1718208000000,628.50000000,633.30000000,610.00000000,612.60000000,101208.89600000,63110866.68670000
1718222400000,612.60000000,623.10000000,611.00000000,619.40000000,29232.65300000,18090006.25720000
1718236800000,619.40000000,619.90000000,602.80000000,606.90000000,86447.93100000,52689811.49630000
1718251200000,606.90000000,611.40000000,602.00000000,607.50000000,44417.36800000,26943308.16040000
1718265600000,607.60000000,610.10000000,602.90000000,604.30000000,48203.79300000,29220568.46600000
1718280000000,604.30000000,610.80000000,595.80000000,597.40000000,69860.88600000,42175506.24560000
1718294400000,597.40000000,605.60000000,595.60000000,602.30000000,34090.23200000,20511664.41570000
1718308800000,602.30000000,603.60000000,597.00000000,599.80000000,30445.26200000,18266653.36760000
1718323200000,599.80000000,603.50000000,594.50000000,600.90000000,31125.97600000,18648500.53980000
1718337600000,600.90000000,610.00000000,600.80000000,608.30000000,40037.78800000,24260324.35760000
1718352000000,608.20000000,611.20000000,606.60000000,611.10000000,46944.35000000,28573072.66850000
1718366400000,611.00000000,612.50000000,601.40000000,602.60000000,40575.35300000,24650439.69400000
1718380800000,602.60000000,603.30000000,590.00000000,596.20000000,86256.96700000,51293652.79990000
1718395200000,596.20000000,605.00000000,595.30000000,603.30000000,34861.65100000,20951607.52950000
1718409600000,603.30000000,606.10000000,601.30000000,605.70000000,21436.35200000,12944157.66720000
1718424000000,605.70000000,609.10000000,604.70000000,606.80000000,24345.65900000,14775735.10070000
1718438400000,606.80000000,608.80000000,606.10000000,608.70000000,15255.67600000,9269057.02420000
1718452800000,608.70000000,609.70000000,603.90000000,607.30000000,29497.06400000,17900034.97540000
1718467200000,607.30000000,608.30000000,605.10000000,606.90000000,16949.81400000,10286122.13220000
1718481600000,606.90000000,609.40000000,604.10000000,608.20000000,15165.63200000,9201518.59550000
1718496000000,608.20000000,608.30000000,603.80000000,604.60000000,17938.22700000,10869956.34170000
1718510400000,604.50000000,607.40000000,601.10000000,606.20000000,20251.74600000,12242108.84050000
1718524800000,606.20000000,608.00000000,603.70000000,606.30000000,17561.43500000,10640602.34510000
1718539200000,606.30000000,610.80000000,605.40000000,610.60000000,19109.91100000,11632899.60770000
1718553600000,610.60000000,610.80000000,608.30000000,609.10000000,15100.53800000,9200182.62070000
1718568000000,609.20000000,611.80000000,607.90000000,610.80000000,14865.29700000,9069278.84060000
1718582400000,610.90000000,612.60000000,604.30000000,605.10000000,24286.17300000,14747196.29340000
1718596800000,605.10000000,607.50000000,601.30000000,603.80000000,31490.23200000,19042050.46210000
1718611200000,603.70000000,605.10000000,594.00000000,599.20000000,62012.76500000,37084529.25160000
1718625600000,599.30000000,604.70000000,596.20000000,597.30000000,39063.88400000,23445284.60440000
1718640000000,597.20000000,610.30000000,591.40000000,608.30000000,61212.71600000,36901236.03560000
1718654400000,608.30000000,608.60000000,603.80000000,604.30000000,17443.25800000,10574149.07120000
1718668800000,604.30000000,605.20000000,582.10000000,594.30000000,167384.06500000,98873986.44170000
1718683200000,594.30000000,597.70000000,591.30000000,593.40000000,43371.58000000,25764837.37160000
1718697600000,593.40000000,593.80000000,581.80000000,583.60000000,70360.30300000,41336986.79130000
1718712000000,583.60000000,587.50000000,575.00000000,582.50000000,113125.08500000,65614902.49370000
1718726400000,582.50000000,582.80000000,576.10000000,580.70000000,33306.37600000,19304475.32300000
1718740800000,580.60000000,589.80000000,578.70000000,588.60000000,31595.16400000,18516362.71880000
1718755200000,588.60000000,599.20000000,586.60000000,598.10000000,41921.50300000,24883330.17970000
1718769600000,598.10000000,605.90000000,597.40000000,603.70000000,40238.49600000,24220312.24580000
1718784000000,603.80000000,604.20000000,595.50000000,596.90000000,75054.88300000,44951125.72750000
1718798400000,597.00000000,599.40000000,591.00000000,592.00000000,50758.07100000,30202208.02220000
1718812800000,592.00000000,601.40000000,591.50000000,599.50000000,35049.43300000,20926496.02750000
1718827200000,599.40000000,602.60000000,597.40000000,599.30000000,17506.67600000,10503050.79890000
1718841600000,599.30000000,603.10000000,595.50000000,598.20000000,29927.54400000,17908061.19530000
1718856000000,598.20000000,606.10000000,597.10000000,605.50000000,33046.82000000,19921837.52540000
1718870400000,605.50000000,608.00000000,601.30000000,603.00000000,51698.20700000,31239551.74270000
1718884800000,603.00000000,604.40000000,592.40000000,596.10000000,55085.51000000,32955141.49980000
1718899200000,596.20000000,597.20000000,590.50000000,593.10000000,69068.02700000,40994691.99180000
1718913600000,593.20000000,593.90000000,584.60000000,587.70000000,50672.66400000,29859385.83520000
1718928000000,587.70000000,589.30000000,583.30000000,586.50000000,32758.48700000,19212346.73940000
1718942400000,586.50000000,587.70000000,582.40000000,583.50000000,18914.01200000,11077564.20020000
1718956800000,583.50000000,587.30000000,578.20000000,586.20000000,54177.13100000,31589159.53380000
1718971200000,586.10000000,587.70000000,577.80000000,583.10000000,48494.79300000,28267582.83990000
1718985600000,583.20000000,586.50000000,579.60000000,586.30000000,19792.04400000,11548928.12590000
1719000000000,586.10000000,587.90000000,583.70000000,586.10000000,17046.14700000,9987928.08120000
1719014400000,586.20000000,586.60000000,581.00000000,584.10000000,19176.57400000,11187451.31330000
1719028800000,584.20000000,588.00000000,583.70000000,587.00000000,19592.48600000,11488249.55090000
1719043200000,587.10000000,587.90000000,585.00000000,587.10000000,17193.72200000,10085137.06670000
1719057600000,587.20000000,587.50000000,585.20000000,586.70000000,16770.31000000,9836514.35750000
1719072000000,586.80000000,587.80000000,585.70000000,587.80000000,11798.99100000,6918205.99930000
1719086400000,587.80000000,591.40000000,586.50000000,591.10000000,15907.50100000,9374186.70060000
1719100800000,591.10000000,593.00000000,586.50000000,592.80000000,32875.87900000,19392265.00580000
1719115200000,592.80000000,593.20000000,590.40000000,592.20000000,15446.02000000,9138852.70610000
1719129600000,592.30000000,592.40000000,587.60000000,589.30000000,16068.18700000,9478434.48180000
1719144000000,589.30000000,590.40000000,584.40000000,585.10000000,23348.18900000,13716062.89010000
1719158400000,585.10000000,585.90000000,581.40000000,585.40000000,20124.72500000,11747011.65190000
1719172800000,585.30000000,585.50000000,576.00000000,577.50000000,33162.83400000,19227447.42280000
1719187200000,577.50000000,582.00000000,570.80000000,576.20000000,43396.67700000,25024579.84250000
1719201600000,576.30000000,576.50000000,564.00000000,570.90000000,64379.45800000,36631880.90030000
1719216000000,570.90000000,575.70000000,558.00000000,569.90000000,87296.75400000,49460682.51850000
1719230400000,569.90000000,571.20000000,560.60000000,561.50000000,44914.29700000,25413710.03640000
1719244800000,561.60000000,564.40000000,554.10000000,557.80000000,70370.58900000,39351917.91560000
1719259200000,557.80000000,568.50000000,551.20000000,568.10000000,46557.47300000,26092452.73200000
1719273600000,568.10000000,578.20000000,566.40000000,573.40000000,49666.32200000,28448968.61540000
1719288000000,573.40000000,575.90000000,570.20000000,571.50000000,24470.85200000,14020755.94750000
1719302400000,571.60000000,573.50000000,567.50000000,572.00000000,24621.16600000,14058121.36660000
1719316800000,571.90000000,579.60000000,570.20000000,577.60000000,40870.58800000,23504470.37190000
1719331200000,577.60000000,580.00000000,573.70000000,577.90000000,22126.15300000,12764011.77870000
1719345600000,578.00000000,579.30000000,575.50000000,578.20000000,15545.61800000,8979180.63240000
1719360000000,578.30000000,584.70000000,575.40000000,580.20000000,27312.19300000,15866827.99480000
1719374400000,580.20000000,580.90000000,575.40000000,578.80000000,20276.62500000,11725730.51120000
1719388800000,578.80000000,579.20000000,571.10000000,573.70000000,25865.21600000,14861175.62980000
1719403200000,573.80000000,577.10000000,570.70000000,572.50000000,29789.76800000,17073752.96240000
1719417600000,572.60000000,574.70000000,567.40000000,574.50000000,28829.24900000,16459110.94350000
1719432000000,574.40000000,575.90000000,571.60000000,573.00000000,22697.29300000,13035218.72500000
1719446400000,573.10000000,576.50000000,571.00000000,574.00000000,17199.87300000,9864938.25650000
1719460800000,574.10000000,575.00000000,566.40000000,569.50000000,46711.68300000,26586703.09660000
1719475200000,569.40000000,575.10000000,568.70000000,572.80000000,29199.02400000,16718888.37960000
1719489600000,572.80000000,584.70000000,572.20000000,579.40000000,74849.73700000,43365110.34160000
1719504000000,579.50000000,582.60000000,576.80000000,579.60000000,19048.47500000,11048199.16650000
1719518400000,579.60000000,581.90000000,579.10000000,581.70000000,12573.43900000,7295228.26600000
1719532800000,581.80000000,585.30000000,578.50000000,583.00000000,31926.67900000,18598127.37350000
1719547200000,583.00000000,583.20000000,575.70000000,576.20000000,36140.80200000,20906258.74320000
1719561600000,576.30000000,579.50000000,573.80000000,578.50000000,34085.73000000,19619952.64270000
1719576000000,578.50000000,579.70000000,570.40000000,572.30000000,45019.22600000,25872681.82840000
1719590400000,572.30000000,575.50000000,569.20000000,571.10000000,33556.62900000,19182713.01910000
1719604800000,571.10000000,571.90000000,565.60000000,567.40000000,29579.49900000,16791479.84560000
1719619200000,567.40000000,572.60000000,566.90000000,569.40000000,25070.55200000,14288934.61080000
1719633600000,569.40000000,572.00000000,567.40000000,570.70000000,21960.89200000,12500569.15120000
1719648000000,570.70000000,573.90000000,569.90000000,573.50000000,20977.79800000,11997320.83480000
1719662400000,573.50000000,573.90000000,570.40000000,572.60000000,12588.92600000,7203261.81340000
1719676800000,572.50000000,572.60000000,570.10000000,571.90000000,7594.32800000,4340770.38110000
1719691200000,571.90000000,572.40000000,568.40000000,570.00000000,11758.67300000,6706888.52820000
1719705600000,570.00000000,572.70000000,568.30000000,569.30000000,22262.26200000,12692362.82580000
1719720000000,569.30000000,578.80000000,568.30000000,575.90000000,28095.43100000,16125531.24830000
1719734400000,575.90000000,577.80000000,574.80000000,575.00000000,18344.27700000,10571437.22210000
1719748800000,575.10000000,578.10000000,574.00000000,577.40000000,21695.32900000,12500077.67020000
1719763200000,577.40000000,579.70000000,576.10000000,578.70000000,25127.12500000,14524018.79830000
1719777600000,578.70000000,585.30000000,577.70000000,582.20000000,54369.72400000,31650077.15530000
1719792000000,582.30000000,588.30000000,580.00000000,585.40000000,61466.62100000,35952157.71200000
1719806400000,585.40000000,586.60000000,583.60000000,584.70000000,15542.72000000,9096229.83640000
1719820800000,584.80000000,585.40000000,577.00000000,577.40000000,32108.26200000,18659659.05170000
1719835200000,577.40000000,581.70000000,576.40000000,577.70000000,36208.17300000,20942919.66850000
1719849600000,577.70000000,583.10000000,576.40000000,581.60000000,23482.19300000,13624181.16940000
1719864000000,581.60000000,582.30000000,576.20000000,576.90000000,19673.98200000,11386623.77210000
1719878400000,576.90000000,579.40000000,574.40000000,578.90000000,19079.38400000,10995315.62740000
1719892800000,578.90000000,581.70000000,577.30000000,578.60000000,20798.49900000,12049338.30380000
1719907200000,578.60000000,581.40000000,577.30000000,579.50000000,22033.20400000,12762367.95130000
1719921600000,579.50000000,582.00000000,575.00000000,575.60000000,34563.07900000,19970874.70520000
1719936000000,575.60000000,582.00000000,573.90000000,577.70000000,30640.08700000,17710237.07170000
1719950400000,577.70000000,580.50000000,577.10000000,580.10000000,17447.68100000,10107517.32790000
1719964800000,580.10000000,581.00000000,565.90000000,569.80000000,50877.97300000,29154387.22730000
1719979200000,569.90000000,569.90000000,565.20000000,566.20000000,45375.04500000,25728280.98260000
1719993600000,566.30000000,567.80000000,555.30000000,561.00000000,67354.29300000,37840477.02210000
1720008000000,561.10000000,561.10000000,552.70000000,558.20000000,61410.67000000,34190779.27690000
1720022400000,558.20000000,560.10000000,550.50000000,551.90000000,38431.98100000,21354957.94280000
1720036800000,551.90000000,558.00000000,551.80000000,556.70000000,24868.84600000,13805506.01630000
1720051200000,556.70000000,558.10000000,524.90000000,539.70000000,185280.67000000,100359964.10870000
1720065600000,539.80000000,541.70000000,529.20000000,530.10000000,52087.89100000,27869680.54220000
1720080000000,530.10000000,533.80000000,522.30000000,525.20000000,84184.59500000,44411270.50670000
1720094400000,525.20000000,525.70000000,511.60000000,525.30000000,105337.63600000,54590273.12380000
1720108800000,525.40000000,527.50000000,518.70000000,523.60000000,37973.10000000,19880205.06330000
1720123200000,523.60000000,529.90000000,512.40000000,513.60000000,46495.60200000,24250670.25860000
1720137600000,513.50000000,516.10000000,465.10000000,468.90000000,403164.50900000,196406098.67230000
1720152000000,469.00000000,479.40000000,454.80000000,472.70000000,231089.30300000,108512597.09400000
1720166400000,472.70000000,489.60000000,456.10000000,485.60000000,176521.03600000,83498764.09780000
1720180800000,485.60000000,497.30000000,480.90000000,495.50000000,110176.32500000,53898397.48490000
1720195200000,495.50000000,499.90000000,492.20000000,496.30000000,51155.68700000,25392634.98430000
1720209600000,496.40000000,499.70000000,493.90000000,497.70000000,20601.30400000,10236246.66270000
1720224000000,497.80000000,507.50000000,496.00000000,503.50000000,44855.58500000,22499712.02090000
1720238400000,503.50000000,510.60000000,499.50000000,508.10000000,35607.32800000,18015626.58260000
1720252800000,508.10000000,513.80000000,505.40000000,513.10000000,30132.89700000,15353058.36420000
1720267200000,513.20000000,520.40000000,508.90000000,518.50000000,47116.96600000,24247300.88630000
1720281600000,518.50000000,527.60000000,518.00000000,526.60000000,41281.15600000,21639502.14650000
1720296000000,526.70000000,530.70000000,525.90000000,526.00000000,27603.20900000,14570264.47250000
1720310400000,526.00000000,526.60000000,516.70000000,518.30000000,53971.17600000,28141384.76050000
1720324800000,518.40000000,518.70000000,504.00000000,509.00000000,72010.54400000,36822346.77320000
1720339200000,509.00000000,512.90000000,507.20000000,508.70000000,25175.02300000,12833997.39980000
1720353600000,508.70000000,510.80000000,494.10000000,498.40000000,75883.03700000,37881012.58650000
1720368000000,498.30000000,504.10000000,497.20000000,500.40000000,19369.25600000,9704074.65630000
1720382400000,500.40000000,502.60000000,488.40000000,490.70000000,32618.42300000,16142695.33190000
1720396800000,490.70000000,492.10000000,471.00000000,488.50000000,126593.99800000,60900267.60960000
1720411200000,488.50000000,511.10000000,487.80000000,501.80000000,120441.51900000,60278690.32850000
1720425600000,501.70000000,524.20000000,500.70000000,515.50000000,116810.24400000,60160250.73950000
1720440000000,515.50000000,519.10000000,490.90000000,501.30000000,157156.70800000,79216119.99600000
1720454400000,501.30000000,508.40000000,497.20000000,507.40000000,35454.60200000,17836015.24020000
1720468800000,507.50000000,512.60000000,505.20000000,510.60000000,24513.02500000,12483068.70430000
1720483200000,510.50000000,516.50000000,506.50000000,514.10000000,43413.51700000,22204899.85700000
1720497600000,514.10000000,516.40000000,511.60000000,512.50000000,30420.36300000,15647542.55770000
1720512000000,512.50000000,519.00000000,511.50000000,516.00000000,33587.41300000,17329917.30220000
1720526400000,516.10000000,520.00000000,511.60000000,516.90000000,47839.18000000,24684295.88450000
1720540800000,517.00000000,520.80000000,515.70000000,517.00000000,35320.88500000,18319290.61990000
1720555200000,517.00000000,518.90000000,514.60000000,516.90000000,12777.24300000,6598035.04910000
1720569600000,516.90000000,517.00000000,511.30000000,516.50000000,22740.14400000,11700825.67740000
1720584000000,516.50000000,526.30000000,516.40000000,522.40000000,52585.96200000,27490064.10250000
1720598400000,522.40000000,528.70000000,519.20000000,527.80000000,42831.75300000,22469130.20080000
1720612800000,527.90000000,529.40000000,520.20000000,525.00000000,56514.35500000,29695041.64870000
1720627200000,525.00000000,527.80000000,521.80000000,523.30000000,18404.98000000,9652948.01020000
1720641600000,523.40000000,525.30000000,520.70000000,524.70000000,12383.01400000,6474894.51840000
1720656000000,524.70000000,528.60000000,520.10000000,523.00000000,32817.25000000,17195350.47560000
1720670400000,523.00000000,528.50000000,522.00000000,527.50000000,22875.63400000,12031257.43070000
1720684800000,527.60000000,537.00000000,527.30000000,536.50000000,34162.05000000,18172596.03890000
1720699200000,536.40000000,545.10000000,523.30000000,524.20000000,131741.38000000,70575902.50720000
1720713600000,524.20000000,530.90000000,522.50000000,525.50000000,23445.23400000,12371661.95180000
1720728000000,525.60000000,526.90000000,522.80000000,524.80000000,17747.02900000,9309576.96650000
1720742400000,524.90000000,529.60000000,517.00000000,521.50000000,41205.27000000,21544519.32830000
1720756800000,521.50000000,523.60000000,518.00000000,521.20000000,24720.09600000,12876770.01270000
1720771200000,521.30000000,524.10000000,518.00000000,524.10000000,44926.84100000,23406788.56470000
1720785600000,524.10000000,533.20000000,522.90000000,532.40000000,53233.74200000,28109781.08210000
1720800000000,532.50000000,537.50000000,530.80000000,531.20000000,30215.86600000,16132911.96050000
1720814400000,531.20000000,533.90000000,527.00000000,533.80000000,13568.96300000,7206384.72690000
1720828800000,533.90000000,535.50000000,532.20000000,533.40000000,14087.36700000,7524649.25360000
1720843200000,533.40000000,536.30000000,531.70000000,536.10000000,17674.67900000,9446798.17000000
1720857600000,536.10000000,539.40000000,535.00000000,537.80000000,23035.39500000,12376588.55940000
1720872000000,537.90000000,538.10000000,529.20000000,532.00000000,51236.43200000,27337805.84830000
1720886400000,532.10000000,532.80000000,528.40000000,530.00000000,24149.85200000,12806273.93500000
1720900800000,530.00000000,535.80000000,527.30000000,532.40000000,30944.70600000,16467429.86210000
1720915200000,532.50000000,537.70000000,531.20000000,533.60000000,31142.34400000,16642362.91050000
1720929600000,533.70000000,539.20000000,533.40000000,537.60000000,23908.75200000,12849606.11160000
1720944000000,537.70000000,540.30000000,535.60000000,537.00000000,22959.17500000,12355936.31680000
1720958400000,537.00000000,537.10000000,531.60000000,536.30000000,24421.15400000,13050489.54030000
1720972800000,536.30000000,537.10000000,535.00000000,536.80000000,9816.78300000,5263653.60480000
1720987200000,536.90000000,547.70000000,536.60000000,544.80000000,36318.06500000,19732171.00290000
1721001600000,544.90000000,554.90000000,543.80000000,553.90000000,52120.24100000,28664822.89290000
1721016000000,553.90000000,562.60000000,551.90000000,559.10000000,49935.07800000,27833199.19850000
1721030400000,559.10000000,563.60000000,557.40000000,562.10000000,54063.64700000,30312549.20350000
1721044800000,562.20000000,574.80000000,562.10000000,573.80000000,81777.50200000,46650270.26330000
1721059200000,573.70000000,579.60000000,573.00000000,577.10000000,54090.11800000,31185564.98190000
1721073600000,577.10000000,586.80000000,575.60000000,585.30000000,43386.18600000,25219471.87870000
1721088000000,585.30000000,587.50000000,577.60000000,579.70000000,45106.40500000,26236529.54610000
1721102400000,579.70000000,580.80000000,561.30000000,562.30000000,92228.20400000,52507627.95120000
1721116800000,562.30000000,571.70000000,554.40000000,570.90000000,68525.41300000,38577442.02180000
1721131200000,570.90000000,578.50000000,565.20000000,577.00000000,64232.09000000,36701256.46970000
1721145600000,577.00000000,579.20000000,571.80000000,578.40000000,51064.85100000,29402412.31590000
1721160000000,578.30000000,578.50000000,570.30000000,576.20000000,26668.06700000,15322342.06650000
1721174400000,576.30000000,584.00000000,575.90000000,579.50000000,36769.76100000,21344268.77320000
1721188800000,579.50000000,583.60000000,578.60000000,579.90000000,26848.99100000,15600195.18110000
1721203200000,580.00000000,581.90000000,574.00000000,575.50000000,43123.83000000,24913809.42180000
1721217600000,575.50000000,579.00000000,572.30000000,572.80000000,34640.55700000,19943426.03290000
1721232000000,572.80000000,573.70000000,564.30000000,572.00000000,38794.17200000,22074769.88410000
1721246400000,572.00000000,573.90000000,567.90000000,568.90000000,18093.89400000,10314946.98840000
1721260800000,568.90000000,577.00000000,568.60000000,574.10000000,20209.23400000,11582337.67590000
1721275200000,574.10000000,576.20000000,569.20000000,572.30000000,15848.41200000,9081887.46390000
1721289600000,572.40000000,575.00000000,570.60000000,574.00000000,15486.55500000,8876889.90640000
1721304000000,574.00000000,579.60000000,565.00000000,565.50000000,51615.89300000,29526870.18930000
1721318400000,565.50000000,571.40000000,561.60000000,567.70000000,36429.60300000,20671155.91110000
1721332800000,567.70000000,573.30000000,566.80000000,571.90000000,13532.08700000,7721748.73930000
1721347200000,572.00000000,573.40000000,565.00000000,572.80000000,21078.44400000,12009439.63500000
1721361600000,572.70000000,574.80000000,567.70000000,568.60000000,20397.63900000,11666949.38560000
1721376000000,568.60000000,573.70000000,566.20000000,573.40000000,32746.14100000,18684907.73410000
1721390400000,573.50000000,595.00000000,572.30000000,591.50000000,116696.46900000,68131218.31960000
1721404800000,591.60000000,598.70000000,588.70000000,595.80000000,116076.99700000,68908227.12340000
1721419200000,595.80000000,596.20000000,591.30000000,593.40000000,24881.83900000,14778896.83060000
1721433600000,593.40000000,595.20000000,586.70000000,590.80000000,30680.60000000,18115562.92750000
1721448000000,590.90000000,592.50000000,589.70000000,590.10000000,18338.84500000,10836046.25910000
1721462400000,590.10000000,593.10000000,588.20000000,590.40000000,21778.33100000,12864181.64110000
1721476800000,590.40000000,595.20000000,587.70000000,595.20000000,23496.13200000,13897146.49090000
1721491200000,595.10000000,597.90000000,593.20000000,595.60000000,36294.60900000,21638414.28000000
1721505600000,595.50000000,597.60000000,592.50000000,593.10000000,14090.88700000,8382403.01360000
1721520000000,593.20000000,597.70000000,593.10000000,595.70000000,18966.06000000,11304090.84160000
1721534400000,595.70000000,596.30000000,591.00000000,592.50000000,15356.18300000,9114888.41530000
1721548800000,592.50000000,595.20000000,592.20000000,594.30000000,13428.98400000,7974235.99340000
1721563200000,594.30000000,602.30000000,591.90000000,599.10000000,49004.48700000,29306274.67050000
1721577600000,599.10000000,602.40000000,581.50000000,597.70000000,91366.96000000,54271457.60650000
1721592000000,597.60000000,603.40000000,597.00000000,602.50000000,55809.08900000,33543265.67670000
1721606400000,602.50000000,605.60000000,599.20000000,600.80000000,30883.77400000,18614081.39510000
1721620800000,600.80000000,602.40000000,591.60000000,594.10000000,35768.97700000,21324390.73930000
1721635200000,594.10000000,602.10000000,591.20000000,600.00000000,32197.53700000,19198283.78090000
1721649600000,600.10000000,600.90000000,589.00000000,592.20000000,47658.24200000,28302406.77550000
1721664000000,592.20000000,596.20000000,590.60000000,595.60000000,30466.77800000,18097306.43270000
1721678400000,595.60000000,596.60000000,580.30000000,587.20000000,35477.38200000,20938369.74760000
1721692800000,587.30000000,593.50000000,587.00000000,590.30000000,16362.92600000,9672265.97790000
1721707200000,590.40000000,591.30000000,577.70000000,579.70000000,49774.32300000,28958078.82970000
1721721600000,579.80000000,589.40000000,579.00000000,584.80000000,39929.26400000,23358325.84310000
1721736000000,584.70000000,588.60000000,578.60000000,585.30000000,48356.74500000,28247416.90750000
1721750400000,585.30000000,586.10000000,577.20000000,580.80000000,40970.03800000,23829845.56540000
1721764800000,580.90000000,583.90000000,580.20000000,581.90000000,18962.01500000,11038054.05500000
1721779200000,582.00000000,585.90000000,580.50000000,585.10000000,28131.94800000,16408800.70870000
1721793600000,585.00000000,586.00000000,581.20000000,585.90000000,14555.81800000,8494152.10690000
1721808000000,585.90000000,589.10000000,583.30000000,583.40000000,38150.99000000,22386240.21910000
1721822400000,583.40000000,587.60000000,582.20000000,583.00000000,26283.71800000,15379487.23900000
1721836800000,583.00000000,585.70000000,578.80000000,579.20000000,18777.97900000,10932327.43330000
1721851200000,579.30000000,581.70000000,570.40000000,574.90000000,34634.75500000,19947636.97150000
1721865600000,574.90000000,576.60000000,553.10000000,556.70000000,118572.30600000,66572724.14990000
1721880000000,556.80000000,564.60000000,554.30000000,561.90000000,33400.66500000,18744298.89530000
1721894400000,561.80000000,568.70000000,560.40000000,564.40000000,28370.64900000,15999743.50820000
1721908800000,564.40000000,567.30000000,556.30000000,565.00000000,39876.64800000,22409960.91190000
1721923200000,565.00000000,570.30000000,562.50000000,566.20000000,39573.15000000,22443546.74710000
1721937600000,566.20000000,573.20000000,560.70000000,570.60000000,27204.10400000,15493821.62950000
1721952000000,570.70000000,579.10000000,570.20000000,578.70000000,38514.02400000,22144391.61860000
1721966400000,578.70000000,580.70000000,577.20000000,579.50000000,24190.90600000,14011122.86630000
1721980800000,579.40000000,580.50000000,575.30000000,577.50000000,26565.28500000,15342487.61020000
1721995200000,577.50000000,580.70000000,574.40000000,578.50000000,36459.86300000,21056588.30160000
1722009600000,578.40000000,582.30000000,576.80000000,580.50000000,18975.66700000,10985555.98820000
1722024000000,580.50000000,582.80000000,578.50000000,580.90000000,10787.17500000,6268338.03310000
1722038400000,580.90000000,585.30000000,577.70000000,583.20000000,33385.05900000,19423998.83270000
1722052800000,583.20000000,588.00000000,582.50000000,587.20000000,20437.75400000,11970636.31380000
1722067200000,587.20000000,588.90000000,585.90000000,587.10000000,13300.96600000,7812742.70480000
1722081600000,587.00000000,592.80000000,582.40000000,585.60000000,33318.85700000,19597296.12880000
1722096000000,585.70000000,586.50000000,581.00000000,584.60000000,28124.34400000,16413277.08960000
1722110400000,584.70000000,585.60000000,572.60000000,581.60000000,55901.87500000,32404979.25580000
1722124800000,581.60000000,584.20000000,577.60000000,580.60000000,14412.04500000,8381411.61690000
1722139200000,580.60000000,581.20000000,574.50000000,578.70000000,22329.34200000,12906174.27740000
1722153600000,578.80000000,581.90000000,577.30000000,581.90000000,11357.16200000,6580162.50300000
1722168000000,581.90000000,582.40000000,579.20000000,580.30000000,16248.01900000,9433595.40570000
1722182400000,580.30000000,584.40000000,579.00000000,584.00000000,10558.04600000,6142783.69490000
1722196800000,584.00000000,584.90000000,580.90000000,583.90000000,17702.02800000,10318581.28810000
1722211200000,583.90000000,598.00000000,583.60000000,592.30000000,45900.57400000,27135236.99670000
1722225600000,592.30000000,595.30000000,590.40000000,593.70000000,25719.50400000,15252051.43980000
1722240000000,593.70000000,594.80000000,591.80000000,592.90000000,20815.01800000,12352396.36000000
1722254400000,592.80000000,593.40000000,580.20000000,582.80000000,45620.76400000,26803621.13860000
1722268800000,582.90000000,583.70000000,572.20000000,577.90000000,55018.59700000,31734099.21590000
1722283200000,577.80000000,580.50000000,573.70000000,574.30000000,20749.63200000,11976944.79230000
1722297600000,574.30000000,575.20000000,566.60000000,572.80000000,36048.39100000,20588467.77290000
1722312000000,572.70000000,576.40000000,570.30000000,574.60000000,15148.44300000,8685395.80340000
1722326400000,574.60000000,574.70000000,572.00000000,573.70000000,23839.06600000,13667172.55170000
1722340800000,573.70000000,576.20000000,571.20000000,574.00000000,25131.76300000,14411382.02940000
1722355200000,574.10000000,577.60000000,570.30000000,573.70000000,27665.85900000,15859510.12400000
1722369600000,573.80000000,588.30000000,570.00000000,588.20000000,37190.89100000,21540523.86250000
1722384000000,588.10000000,589.60000000,582.20000000,585.20000000,45429.63500000,26595407.69390000
1722398400000,585.20000000,587.60000000,581.10000000,586.10000000,24180.86600000,14136779.22520000
1722412800000,586.10000000,589.00000000,584.20000000,586.70000000,23704.77100000,13906935.07030000
1722427200000,586.80000000,589.20000000,584.30000000,586.60000000,22682.37800000,13308982.14130000
1722441600000,586.60000000,592.90000000,580.70000000,582.00000000,41267.79000000,24264436.47430000
1722456000000,582.00000000,582.10000000,574.70000000,576.50000000,37436.28300000,21626158.23610000
1722470400000,576.50000000,578.00000000,568.40000000,569.90000000,44499.05800000,25509350.83820000
1722484800000,569.80000000,571.40000000,562.80000000,568.90000000,34707.66500000,19697817.99220000
1722499200000,568.90000000,573.30000000,568.70000000,572.30000000,19071.25900000,10890357.11640000
1722513600000,572.40000000,575.00000000,556.50000000,558.90000000,75498.06200000,42745448.59690000
1722528000000,558.90000000,561.60000000,553.70000000,561.00000000,59899.24700000,33348364.29020000
1722542400000,561.00000000,577.70000000,559.80000000,575.10000000,46743.57400000,26728818.80140000
1722556800000,575.20000000,577.60000000,564.00000000,572.00000000,38185.20600000,21807771.00240000
1722571200000,572.00000000,573.20000000,563.50000000,570.70000000,41215.78100000,23478380.52950000
1722585600000,570.60000000,575.40000000,568.20000000,573.40000000,21781.16000000,12455154.43110000
1722600000000,573.30000000,576.60000000,547.10000000,558.90000000,87972.68500000,49285229.29330000
1722614400000,558.80000000,560.30000000,553.10000000,555.10000000,28722.51000000,15993519.81560000
1722628800000,555.10000000,558.20000000,540.20000000,542.90000000,65727.65900000,35953592.83810000
1722643200000,542.90000000,543.80000000,525.90000000,542.00000000,65693.63900000,35164981.71920000
1722657600000,542.10000000,545.30000000,539.50000000,540.70000000,18869.22000000,10234894.65930000
1722672000000,540.80000000,541.80000000,536.60000000,541.40000000,19903.46500000,10734024.07880000
1722686400000,541.40000000,545.10000000,531.20000000,532.00000000,32451.64000000,17493083.80190000
1722700800000,532.00000000,534.00000000,522.70000000,523.30000000,77000.68200000,40685392.29140000
1722715200000,523.40000000,530.50000000,521.30000000,529.60000000,31858.87900000,16764387.08760000
1722729600000,529.70000000,532.20000000,526.90000000,528.30000000,28914.59000000,15302130.23170000
1722744000000,528.40000000,529.70000000,522.00000000,523.90000000,26431.56700000,13924663.50030000
1722758400000,523.80000000,528.20000000,520.90000000,525.60000000,26767.62000000,14070649.81400000
1722772800000,525.70000000,527.90000000,500.60000000,501.90000000,120884.40000000,61524251.26470000
1722787200000,501.90000000,510.00000000,486.50000000,507.70000000,141817.50800000,70608242.02410000
1722801600000,507.80000000,511.60000000,496.20000000,496.90000000,45422.60000000,22901136.03660000
1722816000000,496.90000000,499.90000000,432.00000000,442.00000000,653557.67300000,299012258.06060000
1722830400000,442.10000000,449.90000000,400.00000000,439.40000000,544000.49900000,231716771.01040000
1722844800000,439.40000000,449.70000000,421.40000000,432.20000000,248696.10600000,108508657.11140000
1722859200000,432.10000000,466.30000000,408.90000000,462.30000000,471918.12100000,206170115.14770000
1722873600000,462.30000000,474.20000000,451.30000000,457.90000000,140161.09100000,65052575.38450000
1722888000000,457.80000000,471.50000000,457.50000000,464.20000000,56346.26000000,26249569.55710000
1722902400000,464.30000000,490.10000000,463.50000000,478.80000000,75017.68600000,36161343.51190000
1722916800000,478.90000000,493.00000000,476.40000000,492.20000000,87465.15600000,42492062.05190000
1722931200000,492.20000000,492.20000000,475.70000000,478.40000000,91747.13500000,44095778.37240000
1722945600000,478.40000000,494.40000000,469.50000000,487.90000000,117151.04500000,56495349.56610000
1722960000000,487.90000000,493.10000000,485.20000000,488.20000000,46612.29600000,22791615.49320000
1722974400000,488.10000000,492.50000000,483.30000000,484.80000000,40821.68900000,19874672.61480000
1722988800000,484.90000000,493.20000000,478.10000000,491.80000000,55336.70400000,26926777.39360000
1723003200000,491.80000000,497.50000000,488.50000000,491.90000000,41977.05100000,20735150.29810000
1723017600000,491.90000000,497.70000000,488.30000000,489.20000000,45951.95100000,22656940.52980000
1723032000000,489.30000000,493.60000000,472.00000000,480.70000000,85502.08100000,41225256.91830000
1723046400000,480.70000000,481.50000000,468.10000000,472.30000000,58260.86500000,27658422.76590000
1723060800000,472.30000000,477.90000000,469.20000000,475.00000000,35153.83500000,16676173.34200000
1723075200000,475.00000000,491.70000000,467.50000000,485.30000000,52721.78400000,25488343.83980000
1723089600000,485.30000000,490.00000000,483.00000000,485.20000000,25112.60900000,12230074.38900000
1723104000000,485.30000000,490.50000000,485.10000000,488.50000000,18504.41500000,9036086.14540000
1723118400000,488.50000000,499.50000000,483.90000000,499.10000000,73280.11400000,36122861.83700000
1723132800000,499.20000000,510.70000000,498.90000000,502.60000000,56516.96200000,28554741.15850000
1723147200000,502.60000000,521.70000000,502.00000000,517.10000000,60608.72400000,31212851.66320000
1723161600000,517.20000000,518.40000000,511.50000000,514.90000000,39055.60800000,20100340.41300000
1723176000000,514.90000000,516.20000000,507.70000000,509.40000000,32995.90500000,16875162.23500000
1723190400000,509.40000000,510.80000000,502.30000000,507.00000000,35463.53500000,17988470.12310000
1723204800000,507.00000000,511.60000000,498.70000000,501.70000000,52106.98800000,26308801.39460000
1723219200000,501.70000000,507.70000000,500.70000000,506.70000000,13243.47800000,6685916.65980000
1723233600000,506.70000000,509.80000000,504.30000000,508.70000000,22259.59200000,11294260.18960000
1723248000000,508.70000000,514.00000000,507.20000000,509.50000000,18627.84700000,9505012.10220000
1723262400000,509.50000000,512.00000000,507.20000000,511.90000000,13431.58600000,6846167.59840000
1723276800000,511.90000000,516.70000000,510.70000000,516.60000000,21544.64300000,11068625.61570000
1723291200000,516.60000000,517.60000000,511.90000000,514.40000000,19122.95500000,9853630.82160000
1723305600000,514.30000000,525.40000000,513.30000000,522.90000000,43126.11900000,22413382.80420000
1723320000000,522.90000000,524.50000000,521.90000000,523.10000000,10359.08800000,5419445.46400000
1723334400000,523.20000000,534.80000000,522.90000000,530.50000000,30251.24100000,16022965.86060000
1723348800000,530.60000000,534.30000000,528.00000000,533.60000000,21567.02500000,11450333.90330000
1723363200000,533.60000000,535.80000000,523.10000000,525.00000000,35214.46200000,18659293.74230000
1723377600000,524.90000000,525.70000000,516.80000000,520.20000000,47868.50500000,24950054.00640000
1723392000000,520.20000000,522.90000000,512.00000000,512.20000000,24766.40000000,12837670.47640000
1723406400000,512.30000000,512.40000000,502.30000000,503.40000000,46371.08100000,23476296.41100000
1723420800000,503.50000000,509.40000000,500.20000000,507.40000000,32896.45500000,16636564.72050000
1723435200000,507.40000000,511.20000000,499.20000000,509.40000000,45175.59700000,22854790.61450000
1723449600000,509.40000000,518.20000000,504.40000000,517.20000000,52156.84500000,26642606.98370000
1723464000000,517.30000000,524.00000000,500.50000000,519.60000000,94469.53700000,48595232.09650000
1723478400000,519.70000000,521.40000000,507.50000000,513.10000000,30112.49200000,15504712.01510000
1723492800000,513.10000000,521.60000000,509.60000000,518.20000000,31140.42100000,16042764.97990000
1723507200000,518.30000000,521.80000000,513.80000000,516.10000000,34667.15000000,17976057.81070000
1723521600000,516.10000000,524.00000000,514.50000000,523.20000000,23575.04000000,12258407.25360000
1723536000000,523.20000000,524.50000000,518.50000000,520.60000000,32371.02700000,16880014.90670000
1723550400000,520.70000000,527.00000000,513.10000000,517.30000000,89554.69200000,46484277.44430000
1723564800000,517.30000000,523.50000000,517.00000000,522.10000000,49833.74700000,25977259.62060000
1723579200000,522.10000000,525.90000000,521.10000000,524.20000000,25027.84100000,13103922.55760000
1723593600000,524.20000000,527.00000000,521.90000000,525.60000000,24064.75300000,12623724.80300000
1723608000000,525.60000000,528.50000000,524.90000000,526.50000000,25128.51300000,13235898.76810000
1723622400000,526.60000000,531.50000000,524.30000000,529.80000000,32145.24500000,16967720.20520000
1723636800000,529.90000000,531.90000000,515.40000000,525.20000000,86589.64300000,45367724.96400000
1723651200000,525.20000000,526.20000000,520.30000000,524.20000000,26427.81700000,13833984.07070000
1723665600000,524.20000000,525.90000000,519.70000000,523.40000000,26494.04000000,13875232.48280000
1723680000000,523.40000000,527.30000000,520.40000000,522.50000000,30153.88500000,15775747.76780000
1723694400000,522.60000000,522.80000000,514.10000000,517.30000000,28583.58500000,14810226.88010000
1723708800000,517.30000000,525.00000000,515.50000000,524.30000000,25973.25200000,13518214.79790000
1723723200000,524.30000000,531.40000000,522.40000000,531.00000000,43370.56600000,22884420.07450000
1723737600000,531.00000000,533.90000000,510.40000000,513.90000000,71851.48900000,37411652.74500000
1723752000000,513.90000000,522.00000000,510.00000000,519.20000000,29695.52900000,15329179.18120000
1723766400000,519.20000000,521.90000000,514.20000000,515.50000000,31804.01100000,16475009.06050000
1723780800000,515.40000000,524.10000000,515.10000000,523.90000000,23998.86000000,12480650.44840000
1723795200000,523.90000000,524.50000000,518.80000000,519.20000000,21729.00400000,11341888.53110000
1723809600000,519.10000000,520.90000000,509.90000000,514.80000000,50965.33000000,26276682.46960000
1723824000000,514.80000000,523.10000000,513.10000000,522.60000000,29523.29100000,15314506.50690000
1723838400000,522.60000000,523.10000000,518.30000000,519.70000000,16015.64500000,8345729.80310000
1723852800000,519.70000000,522.70000000,518.30000000,521.40000000,21129.66500000,11010700.53390000
1723867200000,521.40000000,523.80000000,520.80000000,523.20000000,16892.79600000,8823243.00160000
1723881600000,523.30000000,529.80000000,522.20000000,529.60000000,34690.60200000,18264452.41060000
1723896000000,529.50000000,540.00000000,528.50000000,534.40000000,54677.66600000,29184206.49040000
1723910400000,534.30000000,545.90000000,534.30000000,544.50000000,30915.92500000,16660091.65090000
1723924800000,544.60000000,547.70000000,539.70000000,541.60000000,38058.93200000,20706165.57240000
1723939200000,541.70000000,542.60000000,536.30000000,536.40000000,32870.95100000,17708575.94030000
1723953600000,536.50000000,540.40000000,534.30000000,540.30000000,23695.78800000,12756847.36780000
1723968000000,540.30000000,540.40000000,536.60000000,538.60000000,33122.85800000,17842336.18880000
1723982400000,538.70000000,539.10000000,535.50000000,538.90000000,27396.56600000,14714763.12880000
1723996800000,539.00000000,539.80000000,535.40000000,538.10000000,16102.95600000,8657789.94060000
1724011200000,538.20000000,538.40000000,530.80000000,531.20000000,15700.89900000,8400686.91980000
1724025600000,531.30000000,537.30000000,529.10000000,537.20000000,30304.15000000,16170313.55960000
1724040000000,537.20000000,537.60000000,532.60000000,533.70000000,25190.04800000,13464341.22980000
1724054400000,533.80000000,537.80000000,530.60000000,537.00000000,35150.55200000,18785309.65020000
1724068800000,537.00000000,544.40000000,534.90000000,543.50000000,44065.55300000,23787079.24260000
1724083200000,543.50000000,555.80000000,543.20000000,553.10000000,55497.97900000,30556695.08060000
1724097600000,553.10000000,560.70000000,551.90000000,558.40000000,43067.07000000,23988273.38190000
1724112000000,558.50000000,572.20000000,558.40000000,569.40000000,59887.71800000,33939363.19560000
1724126400000,569.40000000,573.70000000,566.50000000,569.00000000,39374.84600000,22441365.39350000
1724140800000,569.10000000,569.70000000,565.50000000,568.00000000,34952.60100000,19839936.63860000
1724155200000,567.90000000,573.30000000,559.80000000,561.50000000,119018.09700000,67431663.15950000
1724169600000,561.50000000,574.20000000,558.20000000,573.10000000,127163.72200000,72052734.17510000
1724184000000,573.10000000,574.90000000,568.10000000,569.40000000,41656.70900000,23827288.19820000
1724198400000,569.40000000,572.70000000,560.70000000,564.20000000,72192.06700000,40787847.14640000
1724212800000,564.20000000,564.20000000,558.70000000,560.70000000,44493.48900000,24969800.84120000
1724227200000,560.70000000,561.60000000,553.30000000,555.90000000,46592.96100000,25901649.41530000
1724241600000,555.90000000,558.30000000,546.10000000,554.60000000,64215.33800000,35490746.03870000
1724256000000,554.50000000,572.40000000,553.80000000,571.90000000,58358.75900000,32836871.62330000
1724270400000,571.80000000,575.10000000,567.60000000,570.10000000,59749.15600000,34163598.22270000
1724284800000,570.20000000,570.80000000,559.70000000,570.00000000,34039.16800000,19280799.60920000
1724299200000,570.00000000,577.90000000,567.70000000,576.70000000,37906.50500000,21679753.85260000
1724313600000,576.60000000,584.30000000,574.30000000,583.30000000,61659.70600000,35683958.73130000
1724328000000,583.30000000,590.00000000,577.40000000,579.80000000,126867.77200000,74118353.52360000
1724342400000,579.80000000,585.50000000,572.40000000,584.50000000,61017.33000000,35301788.07190000
1724356800000,584.50000000,587.00000000,581.20000000,582.90000000,43529.80300000,25441546.63420000
1724371200000,583.00000000,587.50000000,579.70000000,582.20000000,64323.96300000,37543118.97160000
1724385600000,582.20000000,585.10000000,577.40000000,579.70000000,46058.05800000,26774556.27220000
1724400000000,579.70000000,580.60000000,575.70000000,578.00000000,42278.48000000,24460576.82070000
1724414400000,578.00000000,586.00000000,574.30000000,580.80000000,71551.07700000,41509744.92400000
1724428800000,580.90000000,587.70000000,579.10000000,587.40000000,70934.23300000,41456995.84670000
1724443200000,587.50000000,600.60000000,586.40000000,591.70000000,92626.85200000,54922838.64080000
1724457600000,591.70000000,592.40000000,578.20000000,578.80000000,52013.31400000,30476440.75030000
1724472000000,578.80000000,581.20000000,574.60000000,579.00000000,80132.50700000,46272808.63190000
1724486400000,579.00000000,583.40000000,577.70000000,578.50000000,35058.63400000,20361412.50200000
1724500800000,578.50000000,582.50000000,577.80000000,578.70000000,31462.53500000,18265554.51630000
1724515200000,578.80000000,589.70000000,578.30000000,589.20000000,60038.22400000,35128167.43410000
1724529600000,589.30000000,592.20000000,575.50000000,580.50000000,66463.68300000,38725694.27220000
1724544000000,580.50000000,583.90000000,575.80000000,579.30000000,46848.12400000,27124477.42980000
1724558400000,579.40000000,579.90000000,569.00000000,571.30000000,46165.96500000,26508896.15340000
1724572800000,571.30000000,575.80000000,569.10000000,574.00000000,27560.24700000,15795371.93770000
1724587200000,574.00000000,578.70000000,572.60000000,575.10000000,25786.69400000,14854431.25790000
1724601600000,575.20000000,577.20000000,573.40000000,575.70000000,23287.68800000,13406959.74940000
1724616000000,575.70000000,578.90000000,572.00000000,573.90000000,26335.84100000,15181646.65930000
1724630400000,573.90000000,575.60000000,567.70000000,570.00000000,34041.60500000,19433406.21280000
1724644800000,570.00000000,572.90000000,561.30000000,562.00000000,62742.83500000,35525367.56770000
1724659200000,561.90000000,567.20000000,559.90000000,563.90000000,30945.55800000,17449362.62760000
1724673600000,563.80000000,564.20000000,555.80000000,558.50000000,57317.94500000,32123241.78990000
1724688000000,558.40000000,561.70000000,551.90000000,552.90000000,40295.74500000,22426104.35700000
1724702400000,552.90000000,554.90000000,546.70000000,548.20000000,55641.88800000,30589451.75400000
1724716800000,548.30000000,555.70000000,547.90000000,552.80000000,32377.50700000,17870241.55990000
1724731200000,552.70000000,558.30000000,552.00000000,555.70000000,36332.49700000,20158229.70180000
1724745600000,555.80000000,556.30000000,546.90000000,551.00000000,46268.51400000,25543951.87110000
1724760000000,550.90000000,556.00000000,548.10000000,552.20000000,42640.17900000,23553752.53040000
1724774400000,552.20000000,554.10000000,544.20000000,550.20000000,34400.50300000,18878908.07500000
1724788800000,550.30000000,551.40000000,520.50000000,533.30000000,106054.77400000,56631773.39250000
1724803200000,533.30000000,537.90000000,526.80000000,537.70000000,45427.33100000,24173540.92030000
1724817600000,537.80000000,542.80000000,532.00000000,532.70000000,41049.88600000,22121609.76240000
1724832000000,532.70000000,546.80000000,530.40000000,543.60000000,54332.73000000,29387192.39360000
1724846400000,543.50000000,546.30000000,530.30000000,533.40000000,47046.18100000,25305155.56390000
1724860800000,533.40000000,539.10000000,522.40000000,534.10000000,53940.65100000,28647531.70130000
1724875200000,534.20000000,540.50000000,531.90000000,537.00000000,27997.99800000,15017331.29430000
1724889600000,537.00000000,542.00000000,536.40000000,540.40000000,24812.05100000,13383366.82800000
1724904000000,540.40000000,544.90000000,538.50000000,541.20000000,23462.22300000,12723492.35460000
1724918400000,541.20000000,545.30000000,539.90000000,543.70000000,24611.27800000,13364497.82230000
1724932800000,543.70000000,545.50000000,537.80000000,541.70000000,43283.02900000,23484623.56780000
1724947200000,541.70000000,543.20000000,530.90000000,535.90000000,32021.86700000,17205212.40600000
1724961600000,535.80000000,537.50000000,532.20000000,536.40000000,17996.66500000,9642399.14560000
1724976000000,536.40000000,537.60000000,529.20000000,530.10000000,22855.16900000,12182122.71270000
1724990400000,530.00000000,535.50000000,528.30000000,533.20000000,23149.39600000,12305893.78510000
1725004800000,533.20000000,540.80000000,533.10000000,538.40000000,28746.89900000,15457447.31250000
1725019200000,538.40000000,543.40000000,522.20000000,523.90000000,77675.62100000,41413970.11840000
1725033600000,523.80000000,537.10000000,522.00000000,531.60000000,35832.74100000,18964310.42450000
1725048000000,531.60000000,536.40000000,531.00000000,535.20000000,9566.06900000,5114292.83190000
1725062400000,535.20000000,538.00000000,534.80000000,537.30000000,15279.64900000,8204823.52650000
1725076800000,537.40000000,541.50000000,535.10000000,535.60000000,24767.86700000,13328940.29930000
1725091200000,535.70000000,537.70000000,534.20000000,536.60000000,13144.50900000,7050420.77040000
1725105600000,536.60000000,537.80000000,535.00000000,535.80000000,17108.45200000,9175609.20280000
1725120000000,535.80000000,535.90000000,531.10000000,533.50000000,13539.58200000,7218178.78010000
1725134400000,533.60000000,534.60000000,531.60000000,532.90000000,12114.01300000,6458783.75480000
1725148800000,532.90000000,533.20000000,524.70000000,526.80000000,27867.97000000,14725323.56730000
1725163200000,526.80000000,527.00000000,513.40000000,522.30000000,63164.73400000,32769947.36100000
1725177600000,522.30000000,522.60000000,516.10000000,519.00000000,17177.51200000,8914990.38120000
1725192000000,519.10000000,522.00000000,510.30000000,520.90000000,42419.22800000,21905416.87080000
1725206400000,520.90000000,524.00000000,516.10000000,520.20000000,23621.35600000,12291107.15550000
1725220800000,520.30000000,523.30000000,507.70000000,512.40000000,29448.06700000,15129699.55380000
1725235200000,512.30000000,516.50000000,511.40000000,515.20000000,18951.78900000,9735521.52960000
1725249600000,515.10000000,515.90000000,501.50000000,503.10000000,80401.34000000,40698272.49590000
1725264000000,503.10000000,525.40000000,502.90000000,519.10000000,99239.31500000,51216075.77840000
1725278400000,519.10000000,523.60000000,515.90000000,522.20000000,28313.08000000,14716351.52660000
1725292800000,522.30000000,523.90000000,519.80000000,522.20000000,13011.08700000,6789708.43330000
1725307200000,522.30000000,530.20000000,521.90000000,526.30000000,23067.81500000,12154333.95540000
1725321600000,526.40000000,538.30000000,525.20000000,534.10000000,52774.76300000,28134583.05070000
1725336000000,534.10000000,538.40000000,531.60000000,535.00000000,46945.48000000,25109739.86880000
1725350400000,535.00000000,536.20000000,531.60000000,535.90000000,22313.80500000,11907845.13910000
1725364800000,535.90000000,537.90000000,521.20000000,522.00000000,52347.76600000,27617149.63900000
1725379200000,522.00000000,525.70000000,519.60000000,524.40000000,25841.58800000,13511733.33420000
1725393600000,524.40000000,526.10000000,517.90000000,518.70000000,24258.24800000,12676744.64720000
1725408000000,518.80000000,523.70000000,501.30000000,512.60000000,129095.05800000,65778051.28840000
1725422400000,512.70000000,513.70000000,508.30000000,510.20000000,34634.84200000,17689091.87220000
1725436800000,510.20000000,512.30000000,496.90000000,499.00000000,77841.61100000,39144900.20210000
1725451200000,498.90000000,513.40000000,495.80000000,508.90000000,125237.79500000,63121508.88710000
1725465600000,509.00000000,512.60000000,505.30000000,509.50000000,46010.38000000,23427180.93340000
1725480000000,509.60000000,513.50000000,507.00000000,507.60000000,23072.62000000,11771828.72470000
1725494400000,507.60000000,512.90000000,503.40000000,504.00000000,39281.87700000,19989405.16820000
1725508800000,504.10000000,508.00000000,501.00000000,506.70000000,30267.67300000,15269554.44720000
1725523200000,506.70000000,507.70000000,502.60000000,504.50000000,15940.20100000,8044630.34420000
1725537600000,504.50000000,510.30000000,499.70000000,501.30000000,47496.70600000,23948812.05100000
1725552000000,501.40000000,503.60000000,496.70000000,499.50000000,32040.44900000,16011372.94540000
1725566400000,499.40000000,502.80000000,498.10000000,502.40000000,12210.41400000,6113061.99300000
1725580800000,502.40000000,508.10000000,500.60000000,505.40000000,26920.65900000,13607068.92780000
1725595200000,505.40000000,508.40000000,496.90000000,501.40000000,37195.68200000,18716136.44130000
1725609600000,501.40000000,506.80000000,500.70000000,504.10000000,31446.47400000,15837384.75470000
1725624000000,504.20000000,509.90000000,488.70000000,492.50000000,103093.55000000,51526765.04780000
1725638400000,492.50000000,493.50000000,478.20000000,482.30000000,94839.30900000,46037404.39200000
1725652800000,482.20000000,487.50000000,471.30000000,487.20000000,64209.05300000,30709417.68280000
1725667200000,487.30000000,489.90000000,482.90000000,486.40000000,32943.15200000,16027617.28920000
1725681600000,486.50000000,496.00000000,486.20000000,495.40000000,32365.57900000,15912808.11180000
1725696000000,495.40000000,496.70000000,491.60000000,492.70000000,24361.50500000,12036889.41170000
1725710400000,492.70000000,499.50000000,492.70000000,497.90000000,21226.75800000,10534986.50330000
1725724800000,497.90000000,498.10000000,492.20000000,495.80000000,12998.42400000,6434906.88220000
1725739200000,495.90000000,495.90000000,490.40000000,493.50000000,16471.89400000,8113851.66120000
1725753600000,493.60000000,496.70000000,490.70000000,496.60000000,12688.74000000,6269612.42430000
1725768000000,496.50000000,504.60000000,496.20000000,502.90000000,23659.69000000,11833958.83280000
1725782400000,502.80000000,505.90000000,501.00000000,501.40000000,26521.92500000,13357623.68660000
1725796800000,501.40000000,501.90000000,491.10000000,491.70000000,33126.32800000,16454893.19170000
1725811200000,491.70000000,498.60000000,491.00000000,495.40000000,11652.04800000,5765527.91150000
1725825600000,495.40000000,506.90000000,494.80000000,503.10000000,28028.44200000,14065625.92140000
1725840000000,503.20000000,510.00000000,502.80000000,505.10000000,37281.54600000,18882700.86560000
1725854400000,505.20000000,507.10000000,501.70000000,507.00000000,16479.31300000,8311361.53140000
1725868800000,507.00000000,510.30000000,505.10000000,505.30000000,24555.89700000,12457243.49290000
1725883200000,505.30000000,508.00000000,502.10000000,506.10000000,24043.80200000,12137883.63800000
1725897600000,506.20000000,520.60000000,505.70000000,520.10000000,69148.82700000,35623893.56370000
1725912000000,520.20000000,525.70000000,517.20000000,518.70000000,36019.15500000,18768304.90210000
1725926400000,518.70000000,518.70000000,513.30000000,514.40000000,27298.24000000,14089053.39290000
1725940800000,514.50000000,520.40000000,514.40000000,520.20000000,17369.36800000,8997441.67450000
1725955200000,520.10000000,522.30000000,518.00000000,521.10000000,24146.51800000,12569436.64860000
1725969600000,521.20000000,522.80000000,514.00000000,514.20000000,38563.78500000,19981627.48470000
1725984000000,514.20000000,524.30000000,513.80000000,521.90000000,27553.25500000,14297986.59950000
1725998400000,521.90000000,522.50000000,509.20000000,517.00000000,26486.64600000,13747765.02760000
1726012800000,517.00000000,517.30000000,510.50000000,514.70000000,17380.84400000,8942443.20290000
1726027200000,514.70000000,514.90000000,506.50000000,514.10000000,25029.37800000,12784013.76100000
1726041600000,514.00000000,516.00000000,509.70000000,515.00000000,17131.36500000,8777706.29080000
1726056000000,515.10000000,520.00000000,508.70000000,518.00000000,56254.01700000,28937484.45290000
1726070400000,517.90000000,535.40000000,517.70000000,533.10000000,70211.10700000,37142401.17110000
1726084800000,533.20000000,534.60000000,527.90000000,530.10000000,18072.89100000,9593056.45920000
1726099200000,530.20000000,546.80000000,530.00000000,542.90000000,57252.18000000,30946485.51900000
1726113600000,543.00000000,545.80000000,541.00000000,541.90000000,33744.43900000,18305205.50090000
1726128000000,542.00000000,545.60000000,541.50000000,544.90000000,32691.16500000,17789952.54890000
1726142400000,544.90000000,548.70000000,534.10000000,535.40000000,88110.71600000,47841398.67000000
1726156800000,535.50000000,543.80000000,534.90000000,541.60000000,30776.68100000,16615711.82670000
1726171200000,541.60000000,545.80000000,538.30000000,544.50000000,31302.61900000,16986802.50130000
1726185600000,544.60000000,547.00000000,542.10000000,542.70000000,27778.33300000,15122522.86070000
1726200000000,542.80000000,544.20000000,538.70000000,542.70000000,27270.93800000,14745535.61870000
1726214400000,542.70000000,549.50000000,540.30000000,546.00000000,40482.74000000,22032606.53190000
1726228800000,545.90000000,554.30000000,542.20000000,553.60000000,108735.10000000,59774056.59260000
1726243200000,553.70000000,555.90000000,550.00000000,554.50000000,41907.77300000,23192634.25870000
1726257600000,554.60000000,559.70000000,553.70000000,556.40000000,30568.38900000,17019078.33680000
1726272000000,556.40000000,559.20000000,555.20000000,556.20000000,17954.28800000,10002239.33820000
1726286400000,556.20000000,556.40000000,551.40000000,554.00000000,46966.25600000,26010617.31370000
1726300800000,554.00000000,554.40000000,549.60000000,551.30000000,19467.91400000,10740587.87910000
1726315200000,551.30000000,553.50000000,550.50000000,551.00000000,15249.09800000,8414959.97310000
1726329600000,551.00000000,553.10000000,547.50000000,551.10000000,25538.79700000,14057723.53780000
1726344000000,551.00000000,553.80000000,550.90000000,553.30000000,13256.61100000,7325990.04950000
1726358400000,553.40000000,555.90000000,552.50000000,552.90000000,15647.04100000,8678001.72760000
1726372800000,552.80000000,555.00000000,552.10000000,555.00000000,17793.53600000,9856639.53270000
1726387200000,555.00000000,555.00000000,552.90000000,554.60000000,24402.41800000,13525654.81670000
1726401600000,554.60000000,561.90000000,554.30000000,561.20000000,39279.10700000,21952657.73550000
1726416000000,561.20000000,561.60000000,553.70000000,556.80000000,42514.53400000,23678824.83740000
1726430400000,556.80000000,560.80000000,546.00000000,553.40000000,65618.15400000,36467108.53060000
1726444800000,553.40000000,555.20000000,540.50000000,545.30000000,80063.02500000,43782586.11460000
1726459200000,545.20000000,551.30000000,544.40000000,550.40000000,30587.36300000,16740428.15100000
1726473600000,550.50000000,552.60000000,544.10000000,547.50000000,26652.51400000,14608667.90100000
1726488000000,547.40000000,549.10000000,535.10000000,535.40000000,60408.08700000,32749741.38040000
1726502400000,535.40000000,537.10000000,528.60000000,532.80000000,45636.81800000,24322314.57670000
1726516800000,532.80000000,535.30000000,527.00000000,533.70000000,24605.88300000,13068466.83050000
1726531200000,533.70000000,535.80000000,529.00000000,535.00000000,22431.99300000,11956835.13540000
1726545600000,535.00000000,540.10000000,534.90000000,538.50000000,19792.35500000,10644119.95960000
1726560000000,538.60000000,544.60000000,537.90000000,543.00000000,40561.97900000,21936203.45590000
1726574400000,543.00000000,552.70000000,539.60000000,550.10000000,63416.29000000,34709685.78870000
1726588800000,550.10000000,551.10000000,541.80000000,545.20000000,31858.45000000,17439261.34880000
1726603200000,545.20000000,547.80000000,543.50000000,546.20000000,17227.29300000,9400983.40460000
1726617600000,546.20000000,549.80000000,542.10000000,547.40000000,24285.30700000,13273281.46450000
1726632000000,547.50000000,547.80000000,544.00000000,545.50000000,15307.29900000,8352655.77550000
1726646400000,545.60000000,545.60000000,536.80000000,540.00000000,29504.99600000,15977158.15440000
1726660800000,540.00000000,543.70000000,536.90000000,538.20000000,23681.36000000,12799165.38560000
1726675200000,538.20000000,555.00000000,536.90000000,545.10000000,70440.93700000,38450178.96300000
1726689600000,545.00000000,559.70000000,541.20000000,559.50000000,37963.08600000,20971096.20290000
1726704000000,559.50000000,562.60000000,554.90000000,560.10000000,58569.54800000,32741315.83570000
1726718400000,560.10000000,562.10000000,556.30000000,557.10000000,38481.89900000,21523540.76120000
1726732800000,557.10000000,558.70000000,553.00000000,558.60000000,31605.57600000,17574564.68010000
1726747200000,558.60000000,568.40000000,558.40000000,565.30000000,100400.92200000,56688916.54130000
1726761600000,565.20000000,572.20000000,565.00000000,566.00000000,45883.74400000,26112544.67600000
1726776000000,566.00000000,567.70000000,561.70000000,567.00000000,33486.05300000,18914743.92220000
1726790400000,566.90000000,571.70000000,555.00000000,571.60000000,54155.78800000,30501370.79620000
1726804800000,571.60000000,577.10000000,570.10000000,573.60000000,62028.79300000,35594358.20640000
1726819200000,573.50000000,573.90000000,566.50000000,569.90000000,49495.10100000,28252046.10350000
1726833600000,570.00000000,573.70000000,564.40000000,569.80000000,56575.09800000,32186825.49930000
1726848000000,569.90000000,570.80000000,564.20000000,566.70000000,19965.58900000,11323550.93130000
1726862400000,566.70000000,570.00000000,566.00000000,569.00000000,14857.34000000,8441108.75930000
1726876800000,569.10000000,573.10000000,566.40000000,567.80000000,23844.74000000,13577629.36930000
1726891200000,567.80000000,583.60000000,567.60000000,582.60000000,53987.36000000,31075570.99920000
1726905600000,582.60000000,587.60000000,580.10000000,580.30000000,61960.51700000,36163116.50770000
1726920000000,580.20000000,585.70000000,579.60000000,583.70000000,27635.22600000,16109254.04270000
1726934400000,583.70000000,585.80000000,582.50000000,585.10000000,14496.64900000,8471529.99210000
1726948800000,585.10000000,590.00000000,583.40000000,588.60000000,26827.73800000,15746929.07400000
1726963200000,588.70000000,589.70000000,580.90000000,584.10000000,29791.60100000,17410860.11540000
1726977600000,584.10000000,585.40000000,581.50000000,584.60000000,21242.54600000,12393256.41960000
1726992000000,584.60000000,585.90000000,580.00000000,581.40000000,27888.45700000,16251172.61030000
1727006400000,581.50000000,583.10000000,577.10000000,580.60000000,36886.01800000,21396426.45470000
1727020800000,580.60000000,587.60000000,578.10000000,585.90000000,24645.65100000,14374971.56460000
1727035200000,585.80000000,594.60000000,576.40000000,588.70000000,62524.51800000,36701036.31780000
1727049600000,588.70000000,599.50000000,583.40000000,596.80000000,81885.85000000,48641374.10830000
1727064000000,596.80000000,597.50000000,589.40000000,591.20000000,33793.15000000,20061758.16510000
1727078400000,591.20000000,593.10000000,587.90000000,592.40000000,31504.58000000,18622625.80230000
1727092800000,592.40000000,601.60000000,591.40000000,600.60000000,57692.69800000,34383337.77410000
1727107200000,600.70000000,616.00000000,600.50000000,612.00000000,122183.25900000,74306417.67140000
1727121600000,612.00000000,614.90000000,601.00000000,604.50000000,48950.67000000,29823403.66500000
1727136000000,604.50000000,609.50000000,600.20000000,606.50000000,47880.99000000,28941747.45960000
1727150400000,606.50000000,606.50000000,600.40000000,602.20000000,35642.90600000,21476468.82040000
1727164800000,602.20000000,606.20000000,600.80000000,603.80000000,35574.18600000,21466035.17830000
1727179200000,603.80000000,609.00000000,598.50000000,606.30000000,62422.58000000,37785769.70130000
1727193600000,606.30000000,610.10000000,604.40000000,609.40000000,35337.55000000,21474571.50780000
1727208000000,609.50000000,613.40000000,605.10000000,605.90000000,44763.91900000,27262124.30700000
1727222400000,605.80000000,608.30000000,602.60000000,607.10000000,34306.53400000,20770608.34210000
1727236800000,607.10000000,607.10000000,592.80000000,596.10000000,54392.15000000,32525379.95700000
1727251200000,596.20000000,598.40000000,593.00000000,596.70000000,29937.74400000,17833864.24610000
1727265600000,596.70000000,599.70000000,592.10000000,593.20000000,37024.66500000,22070409.99140000
1727280000000,593.30000000,595.50000000,585.80000000,587.00000000,39986.22500000,23611331.51100000
1727294400000,587.10000000,589.80000000,584.20000000,587.40000000,25146.63000000,14765543.94060000
1727308800000,587.50000000,589.60000000,580.80000000,587.90000000,48828.29500000,28610649.32950000
1727323200000,588.00000000,596.40000000,587.10000000,595.80000000,46097.27700000,27308502.88230000
1727337600000,595.90000000,599.00000000,593.30000000,595.30000000,39114.13200000,23303674.66490000
1727352000000,595.40000000,602.70000000,592.10000000,601.40000000,86258.70100000,51428895.85410000
1727366400000,601.30000000,609.00000000,592.80000000,593.00000000,78806.41000000,47406317.62650000
1727380800000,593.00000000,598.50000000,591.20000000,596.30000000,35232.65900000,20942490.99830000
1727395200000,596.30000000,605.50000000,596.00000000,604.50000000,55003.43700000,33025632.96050000
1727409600000,604.60000000,606.60000000,599.80000000,604.00000000,53007.62800000,32018965.54850000
1727424000000,603.90000000,608.80000000,602.20000000,608.50000000,51928.56800000,31467827.47000000
1727438400000,608.40000000,614.70000000,606.00000000,608.90000000,108670.46400000,66349155.68300000
1727452800000,609.00000000,612.90000000,605.00000000,605.50000000,55909.88500000,34043362.25550000
1727467200000,605.50000000,611.40000000,604.10000000,606.80000000,32381.65800000,19695709.45160000
1727481600000,606.90000000,618.60000000,605.00000000,612.20000000,100049.68900000,61290206.99840000
1727496000000,612.20000000,612.60000000,600.00000000,602.40000000,48388.65300000,29284363.45160000
1727510400000,602.40000000,602.90000000,594.50000000,602.20000000,45490.21900000,27266534.17210000
1727524800000,602.20000000,603.20000000,597.20000000,601.00000000,34681.09800000,20839442.68520000
1727539200000,600.90000000,601.90000000,599.10000000,600.20000000,19488.99500000,11704544.81200000
1727553600000,600.20000000,601.90000000,595.80000000,601.10000000,14494.72700000,8689173.34190000
1727568000000,601.10000000,602.80000000,598.50000000,600.40000000,18395.91500000,11045681.36580000
1727582400000,600.40000000,600.40000000,593.10000000,593.40000000,27082.77000000,16168262.95460000
1727596800000,593.50000000,598.30000000,592.40000000,597.30000000,33202.61500000,19767785.00250000
1727611200000,597.40000000,598.40000000,593.60000000,596.90000000,31927.47300000,19054723.09570000
1727625600000,597.00000000,599.70000000,595.90000000,599.60000000,22615.93400000,13527031.94290000
1727640000000,599.60000000,601.00000000,594.80000000,595.60000000,26878.37700000,16089706.70190000
1727654400000,595.60000000,595.80000000,572.20000000,578.00000000,115822.95800000,67435344.73240000
1727668800000,578.00000000,583.40000000,575.10000000,582.20000000,37794.94700000,21917856.45240000
1727683200000,582.30000000,582.30000000,570.50000000,574.80000000,53154.50600000,30587191.22400000
1727697600000,574.70000000,578.50000000,571.10000000,571.20000000,41308.53100000,23781477.35240000
1727712000000,571.20000000,574.20000000,568.00000000,572.60000000,43142.51100000,24640825.84130000
1727726400000,572.70000000,575.40000000,563.50000000,567.40000000,32863.28400000,18735595.51070000
1727740800000,567.40000000,577.00000000,565.20000000,576.90000000,33884.62800000,19383613.91290000
1727755200000,576.90000000,583.10000000,576.20000000,581.10000000,42530.71200000,24698518.70240000
1727769600000,581.20000000,581.50000000,577.30000000,577.40000000,22307.89100000,12928867.25940000
1727784000000,577.40000000,579.00000000,547.90000000,561.50000000,148471.16600000,83455719.19250000
1727798400000,561.50000000,562.60000000,538.70000000,548.80000000,142434.85200000,78351520.34230000
1727812800000,548.80000000,550.00000000,536.80000000,547.30000000,86743.69600000,47266752.85370000
1727827200000,547.20000000,555.60000000,545.50000000,554.50000000,40521.36300000,22379889.55120000
1727841600000,554.60000000,558.30000000,551.60000000,556.30000000,30626.66400000,16993124.54120000
1727856000000,556.30000000,557.90000000,544.50000000,546.80000000,37361.01400000,20573542.49950000
1727870400000,546.90000000,549.70000000,537.10000000,549.40000000,73581.48500000,39977651.09180000
1727884800000,549.50000000,553.20000000,535.40000000,539.30000000,67927.16100000,36851260.75920000
1727899200000,539.30000000,545.80000000,538.00000000,542.50000000,32175.97600000,17454126.61320000
1727913600000,542.50000000,549.90000000,541.00000000,549.90000000,29525.73900000,16132249.39490000
1727928000000,549.90000000,550.80000000,543.80000000,545.30000000,22530.69200000,12356238.27440000
1727942400000,545.20000000,545.70000000,536.00000000,538.40000000,60781.21100000,32867597.46730000
1727956800000,538.30000000,545.80000000,534.30000000,541.40000000,59897.69200000,32284664.27760000
1727971200000,541.40000000,546.00000000,537.20000000,545.80000000,31491.21500000,17058302.88520000
1727985600000,545.80000000,546.60000000,541.30000000,544.80000000,16475.79300000,8969303.44900000
1728000000000,544.80000000,549.60000000,541.80000000,546.80000000,22552.51400000,12319627.61590000
1728014400000,546.70000000,550.70000000,546.50000000,550.60000000,22631.64100000,12423543.11350000
1728028800000,550.60000000,554.50000000,550.50000000,553.40000000,29363.60600000,16219666.67300000
1728043200000,553.30000000,556.90000000,545.30000000,553.70000000,64006.62800000,35331866.88330000
1728057600000,553.70000000,557.70000000,552.20000000,557.30000000,33881.68000000,18812357.26650000
1728072000000,557.30000000,557.80000000,554.70000000,555.30000000,13733.55900000,7634644.32990000
1728086400000,555.30000000,558.00000000,551.60000000,553.60000000,18509.84500000,10276761.98300000
1728100800000,553.60000000,565.00000000,553.50000000,561.90000000,32953.35000000,18474618.17990000
1728115200000,561.90000000,565.20000000,561.00000000,561.40000000,19918.63800000,11221822.49940000
1728129600000,561.40000000,564.80000000,560.30000000,564.20000000,19119.61600000,10748123.60820000
1728144000000,564.10000000,564.80000000,559.30000000,560.60000000,20621.31400000,11592074.18380000
1728158400000,560.60000000,564.00000000,557.90000000,563.00000000,13783.61900000,7737532.96480000
1728172800000,563.00000000,566.20000000,561.40000000,561.90000000,16777.58000000,9465660.12110000
1728187200000,562.00000000,563.90000000,561.30000000,562.50000000,14637.67900000,8234461.79590000
1728201600000,562.60000000,563.90000000,561.10000000,562.60000000,11518.97200000,6479991.37390000
1728216000000,562.60000000,569.10000000,561.80000000,567.30000000,24714.15300000,13967185.06330000
1728230400000,567.30000000,568.40000000,565.20000000,565.80000000,16417.41600000,9306044.54900000
1728244800000,565.80000000,571.90000000,563.60000000,570.30000000,22721.54000000,12895150.20640000
1728259200000,570.40000000,577.50000000,567.70000000,573.40000000,42134.78800000,24192694.73080000
1728273600000,573.40000000,577.50000000,572.40000000,576.10000000,21309.18800000,12252966.98950000
1728288000000,576.00000000,577.70000000,566.90000000,571.90000000,34993.04000000,20003847.79300000
1728302400000,571.90000000,581.80000000,570.50000000,575.70000000,48066.14600000,27708450.23740000
1728316800000,575.70000000,577.70000000,566.90000000,572.50000000,33184.17200000,19005543.88990000
1728331200000,572.60000000,574.20000000,563.50000000,564.30000000,33359.34200000,18994229.14460000
1728345600000,564.40000000,571.40000000,563.30000000,569.80000000,26533.54700000,15076257.97860000
1728360000000,569.80000000,570.90000000,559.50000000,563.40000000,27793.67400000,15704545.36300000
1728374400000,563.50000000,577.20000000,562.10000000,577.10000000,71207.15700000,40648488.49870000
1728388800000,577.00000000,580.40000000,572.70000000,578.10000000,69624.28400000,40138952.67860000
1728403200000,578.00000000,586.80000000,576.30000000,585.50000000,59338.71300000,34484716.23860000
1728417600000,585.60000000,586.30000000,579.10000000,580.80000000,31778.80200000,18503133.90000000
1728432000000,580.80000000,583.10000000,573.10000000,576.50000000,73281.92900000,42407175.44460000
1728446400000,576.40000000,585.80000000,575.60000000,582.40000000,60300.99200000,35045021.53400000
1728460800000,582.30000000,586.00000000,581.40000000,583.30000000,43676.94100000,25500655.48180000
1728475200000,583.30000000,585.00000000,576.40000000,581.00000000,69931.59800000,40580886.14500000
1728489600000,581.10000000,581.90000000,571.10000000,571.80000000,36343.67600000,20940099.65320000
1728504000000,571.90000000,573.30000000,566.20000000,570.70000000,40860.91800000,23290761.78200000
1728518400000,570.80000000,572.80000000,567.40000000,569.40000000,22415.43000000,12787996.84570000
1728532800000,569.40000000,572.90000000,569.00000000,570.20000000,15430.93900000,8817539.47750000
1728547200000,570.20000000,571.20000000,564.80000000,570.60000000,29991.02000000,17060127.31410000
1728561600000,570.60000000,570.80000000,563.00000000,565.60000000,37221.86200000,21070333.55310000
1728576000000,565.60000000,567.40000000,551.50000000,559.60000000,55067.30100000,30752796.90560000
1728590400000,559.70000000,563.90000000,558.00000000,563.90000000,18071.75700000,10136604.27940000
1728604800000,563.80000000,565.50000000,560.80000000,564.00000000,33128.96000000,18654328.09070000
1728619200000,564.00000000,565.00000000,560.10000000,560.50000000,23025.73100000,12943271.22510000
1728633600000,560.50000000,568.60000000,560.20000000,567.80000000,39709.00900000,22480727.39170000
1728648000000,567.80000000,573.40000000,566.20000000,571.90000000,43459.49800000,24741538.89350000
1728662400000,571.90000000,577.50000000,571.20000000,574.20000000,33129.40200000,19007130.29600000
1728676800000,574.30000000,574.80000000,572.20000000,573.60000000,12642.75800000,7248687.98670000
1728691200000,573.70000000,577.40000000,573.60000000,576.60000000,25844.96400000,14889401.61230000
1728705600000,576.70000000,578.80000000,574.00000000,575.30000000,26423.12700000,15254065.92680000
1728720000000,575.30000000,579.20000000,574.90000000,576.40000000,25084.25100000,14470972.93010000
1728734400000,576.40000000,578.70000000,574.90000000,575.90000000,27334.51700000,15763904.95650000
1728748800000,576.00000000,578.30000000,575.60000000,577.50000000,20002.08000000,11536515.74010000
1728763200000,577.50000000,578.00000000,576.10000000,576.60000000,11085.02000000,6400571.62160000
1728777600000,576.60000000,578.50000000,572.80000000,573.10000000,23008.18700000,13243867.91660000
1728792000000,573.20000000,576.20000000,572.50000000,574.20000000,14786.24100000,8490266.92910000
1728806400000,574.20000000,575.20000000,572.10000000,572.30000000,17631.77800000,10120240.61670000
1728820800000,572.30000000,574.20000000,564.90000000,566.90000000,28023.16400000,15955003.98250000
1728835200000,566.90000000,572.00000000,566.30000000,570.80000000,18830.78400000,10723013.41090000
1728849600000,570.90000000,573.20000000,569.60000000,572.20000000,16499.82200000,9422755.58580000
1728864000000,572.30000000,581.20000000,569.80000000,580.60000000,34997.00400000,20165217.06580000
1728878400000,580.60000000,583.00000000,558.90000000,580.50000000,61859.89200000,35772004.68230000
1728892800000,580.50000000,582.00000000,578.00000000,581.00000000,30372.20300000,17625599.94540000
1728907200000,581.10000000,588.90000000,579.40000000,588.20000000,57001.22900000,33361568.19370000
1728921600000,588.20000000,592.30000000,587.30000000,588.70000000,45685.84400000,26945937.83100000
1728936000000,588.70000000,591.90000000,587.10000000,589.10000000,22887.00400000,13483605.81950000
1728950400000,589.00000000,592.40000000,584.00000000,584.70000000,33414.59400000,19688175.42280000
1728964800000,584.80000000,587.00000000,580.90000000,584.70000000,22736.05600000,13278329.20080000
1728979200000,584.70000000,591.10000000,583.70000000,585.30000000,47668.25400000,28014234.19310000
1728993600000,585.30000000,599.90000000,577.70000000,589.20000000,150641.09600000,88847177.51830000
1729008000000,589.30000000,595.60000000,588.90000000,594.60000000,44665.92500000,26483271.27960000
1729022400000,594.60000000,594.80000000,587.10000000,594.50000000,25179.97200000,14881975.85670000
1729036800000,594.60000000,597.40000000,591.70000000,593.90000000,24377.78900000,14503727.33450000
1729051200000,593.90000000,595.20000000,589.70000000,591.00000000,33672.45600000,19923033.29310000
1729065600000,591.10000000,600.80000000,590.60000000,599.30000000,70270.84500000,41920009.66800000
1729080000000,599.30000000,601.70000000,593.50000000,595.40000000,53774.46000000,32116333.07380000
1729094400000,595.40000000,604.50000000,591.60000000,601.60000000,42863.27300000,25607602.86010000
1729108800000,601.60000000,605.50000000,600.20000000,600.90000000,34992.30600000,21106835.46440000
1729123200000,601.00000000,606.30000000,600.00000000,604.10000000,43152.69800000,26059701.01920000
1729137600000,604.20000000,605.60000000,596.10000000,597.00000000,30031.49800000,18016515.79740000
1729152000000,597.00000000,597.90000000,590.30000000,590.30000000,27403.01900000,16281126.05480000
1729166400000,590.40000000,595.10000000,589.00000000,594.10000000,39576.36700000,23419168.43920000
1729180800000,594.20000000,594.20000000,585.10000000,588.80000000,37546.75000000,22123769.64570000
1729195200000,588.80000000,592.90000000,588.70000000,592.90000000,16489.08400000,9738169.63080000
1729209600000,592.90000000,598.30000000,591.80000000,594.10000000,24885.39500000,14817414.69320000
1729224000000,594.00000000,599.30000000,594.00000000,597.70000000,17858.88000000,10663791.33860000
1729238400000,597.80000000,598.70000000,594.80000000,595.00000000,19910.25300000,11889540.95370000
1729252800000,595.00000000,602.00000000,594.00000000,600.70000000,40861.42000000,24444387.39680000
1729267200000,600.60000000,602.40000000,598.20000000,599.50000000,21510.69300000,12920113.99210000
1729281600000,599.50000000,600.60000000,598.00000000,599.20000000,11717.02800000,7021473.65880000
1729296000000,599.30000000,601.40000000,598.70000000,599.00000000,13473.39900000,8086380.95540000
1729310400000,599.10000000,599.70000000,597.00000000,597.70000000,14203.94400000,8496027.25130000
1729324800000,597.80000000,598.60000000,596.90000000,596.90000000,14502.36600000,8673373.16090000
1729339200000,597.00000000,598.60000000,596.10000000,596.90000000,14361.89600000,8579157.77950000
1729353600000,596.90000000,597.80000000,595.40000000,597.20000000,13748.63200000,8203437.51560000
1729368000000,597.10000000,598.40000000,596.00000000,597.70000000,8650.00200000,5168244.91420000
1729382400000,597.80000000,598.40000000,593.10000000,594.70000000,20024.53400000,11918579.50820000
1729396800000,594.70000000,598.00000000,594.30000000,597.60000000,12842.42800000,7658962.95880000
1729411200000,597.50000000,598.40000000,596.00000000,596.60000000,9472.11100000,5655782.71420000
1729425600000,596.60000000,600.90000000,595.10000000,599.10000000,30627.37600000,18330755.29350000
1729440000000,599.20000000,599.60000000,597.60000000,598.40000000,13113.95600000,7849358.69310000
1729454400000,598.40000000,607.30000000,598.40000000,605.90000000,37491.65200000,22603546.68920000
1729468800000,605.90000000,608.60000000,601.00000000,604.40000000,43200.93900000,26132614.11580000
1729483200000,604.30000000,609.90000000,602.60000000,609.10000000,47373.25800000,28754448.02720000
1729497600000,609.10000000,611.80000000,604.50000000,609.10000000,56545.29900000,34415732.13110000
1729512000000,609.00000000,609.80000000,593.60000000,595.80000000,78700.31600000,47250959.71870000
1729526400000,595.90000000,600.60000000,591.50000000,599.30000000,35278.43500000,21051014.70840000
1729540800000,599.40000000,601.50000000,597.50000000,598.80000000,14782.53100000,8867661.09780000
1729555200000,598.80000000,600.30000000,592.50000000,598.40000000,32504.81500000,19413807.92510000
1729569600000,598.40000000,599.80000000,595.00000000,595.00000000,18710.76700000,11187217.83780000
1729584000000,595.00000000,598.10000000,587.00000000,596.20000000,61636.24900000,36475942.92730000
1729598400000,596.10000000,609.00000000,590.60000000,596.80000000,48181.85800000,28703728.61700000
1729612800000,596.80000000,596.80000000,591.80000000,594.40000000,30088.87800000,17885379.46550000
1729627200000,594.50000000,596.60000000,593.00000000,593.80000000,12634.36700000,7517738.01310000
1729641600000,593.80000000,595.00000000,589.40000000,590.50000000,26293.23500000,15557326.72740000
1729656000000,590.40000000,590.80000000,583.10000000,584.10000000,38728.30500000,22755117.55830000
1729670400000,584.10000000,585.00000000,579.80000000,582.30000000,41017.74000000,23883607.93880000
1729684800000,582.40000000,586.20000000,578.40000000,579.80000000,46216.25600000,26935708.58010000
1729699200000,579.80000000,582.60000000,573.00000000,582.20000000,55408.02500000,31977521.56770000
1729713600000,582.20000000,585.60000000,581.10000000,584.90000000,18034.90400000,10517725.65410000
1729728000000,584.90000000,592.30000000,583.30000000,590.40000000,32963.19800000,19412562.39410000
1729742400000,590.50000000,594.50000000,589.50000000,590.60000000,24166.82900000,14313187.95920000
1729756800000,590.70000000,592.80000000,585.70000000,591.20000000,21933.70100000,12923566.57160000
1729771200000,591.20000000,593.90000000,589.60000000,592.40000000,31381.32900000,18576276.31410000
1729785600000,592.50000000,594.90000000,590.00000000,594.50000000,21861.92600000,12950010.52320000
1729800000000,594.50000000,598.00000000,593.00000000,594.50000000,13474.55400000,8017256.26320000
1729814400000,594.50000000,597.60000000,592.40000000,594.90000000,21544.18900000,12818744.59200000
1729828800000,595.00000000,595.00000000,586.80000000,588.40000000,27219.66300000,16071483.10790000
1729843200000,588.50000000,593.50000000,586.20000000,592.60000000,27911.79400000,16490870.66160000
1729857600000,592.60000000,595.70000000,588.20000000,590.00000000,30597.90800000,18126290.47980000
1729872000000,590.00000000,591.90000000,578.70000000,585.20000000,65480.25700000,38369026.02940000
1729886400000,585.30000000,586.90000000,565.80000000,575.30000000,81460.88200000,46685597.72950000
1729900800000,575.30000000,579.40000000,571.60000000,578.60000000,38505.83300000,22189385.74260000
1729915200000,578.70000000,584.00000000,578.00000000,579.70000000,24783.27100000,14408291.14010000
1729929600000,579.70000000,584.50000000,579.50000000,584.30000000,11548.74700000,6731417.45030000
1729944000000,584.30000000,584.90000000,578.40000000,580.80000000,20604.57900000,11974838.77990000
1729958400000,580.80000000,586.00000000,580.50000000,585.30000000,10785.70800000,6292713.02960000
1729972800000,585.40000000,587.10000000,583.10000000,583.40000000,13759.29900000,8040342.13190000
1729987200000,583.40000000,585.90000000,581.80000000,585.70000000,10255.98900000,5983741.44420000
1730001600000,585.70000000,586.20000000,584.00000000,585.00000000,10484.26300000,6135478.23980000
1730016000000,585.00000000,585.70000000,581.70000000,582.90000000,14292.09400000,8339338.16870000
1730030400000,582.80000000,588.30000000,582.80000000,587.40000000,26419.10900000,15483252.30560000
1730044800000,587.50000000,589.70000000,585.50000000,587.20000000,12473.42300000,7331293.99970000
1730059200000,587.20000000,591.00000000,586.30000000,589.20000000,20530.22100000,12085846.27260000
1730073600000,589.30000000,590.00000000,586.10000000,587.10000000,14588.07600000,8583057.73180000
1730088000000,587.10000000,592.80000000,585.50000000,591.60000000,21643.53300000,12751906.75090000
1730102400000,591.70000000,595.00000000,590.90000000,594.70000000,26632.88400000,15804201.04380000
1730116800000,594.70000000,596.80000000,590.50000000,590.70000000,43087.46900000,25610147.41270000
1730131200000,590.70000000,597.00000000,588.90000000,596.40000000,38069.17900000,22580611.51860000
1730145600000,596.40000000,604.60000000,596.30000000,601.10000000,45794.74100000,27511186.52630000
1730160000000,601.10000000,610.50000000,599.90000000,605.40000000,61653.73400000,37392832.07080000
1730174400000,605.50000000,607.20000000,603.90000000,604.00000000,26678.36300000,16150173.45200000
1730188800000,604.00000000,607.60000000,603.90000000,606.70000000,26628.36200000,16137833.28800000
1730203200000,606.60000000,610.50000000,604.00000000,609.90000000,52648.61700000,31976364.56320000
1730217600000,609.90000000,612.20000000,603.50000000,603.70000000,99643.45700000,60651456.71550000
1730232000000,603.70000000,607.20000000,600.20000000,606.30000000,34302.82400000,20719785.35640000
1730246400000,606.30000000,606.70000000,598.10000000,602.80000000,35051.95700000,21095853.11850000
1730260800000,602.80000000,606.60000000,600.80000000,602.20000000,18207.20300000,10983187.06210000
1730275200000,602.20000000,604.60000000,595.70000000,595.80000000,30751.28100000,18476561.22980000
1730289600000,595.70000000,601.60000000,594.10000000,597.10000000,54550.78600000,32582989.73650000
1730304000000,597.10000000,600.20000000,596.20000000,597.40000000,20244.07400000,12111799.84680000
1730318400000,597.40000000,600.40000000,594.80000000,595.60000000,27900.98000000,16670870.73100000
1730332800000,595.50000000,596.50000000,591.80000000,592.60000000,26262.49900000,15609158.33030000
1730347200000,592.60000000,592.90000000,587.60000000,587.60000000,31354.52200000,18489824.01830000
1730361600000,587.70000000,587.70000000,581.40000000,586.70000000,48316.41400000,28224680.69960000
1730376000000,586.70000000,589.20000000,575.50000000,580.70000000,97659.85500000,56729876.30230000
1730390400000,580.70000000,580.80000000,573.00000000,573.20000000,48897.73800000,28183518.17590000
1730404800000,573.20000000,578.30000000,571.10000000,576.60000000,26665.14700000,15332349.64790000
1730419200000,576.50000000,580.80000000,570.30000000,578.80000000,49198.49200000,28326965.72280000
1730433600000,578.90000000,580.20000000,572.10000000,574.70000000,23035.27700000,13267205.06530000
1730448000000,574.70000000,579.70000000,574.60000000,577.40000000,29384.40700000,16972195.29850000
1730462400000,577.40000000,585.50000000,568.70000000,572.10000000,85913.69700000,49718863.01020000
1730476800000,572.10000000,577.50000000,569.70000000,571.90000000,41258.55900000,23677798.96350000
1730491200000,572.00000000,573.70000000,567.70000000,573.10000000,13464.75200000,7690618.47730000
1730505600000,573.10000000,575.90000000,572.80000000,575.10000000,16669.77000000,9574683.36140000
1730520000000,575.20000000,577.20000000,573.80000000,576.30000000,14747.44500000,8486488.89190000
1730534400000,576.30000000,576.80000000,572.80000000,573.10000000,17150.45200000,9866621.17530000
1730548800000,573.10000000,573.60000000,562.40000000,566.80000000,57306.91000000,32471639.05710000
1730563200000,566.80000000,570.30000000,566.50000000,569.90000000,23399.77000000,13301504.65080000
1730577600000,569.80000000,570.80000000,566.80000000,568.60000000,14442.25600000,8222779.33690000
1730592000000,568.60000000,569.30000000,557.30000000,562.20000000,42973.23600000,24161499.64510000
1730606400000,562.20000000,565.30000000,561.70000000,563.70000000,20468.02600000,11531246.80590000
1730620800000,563.70000000,563.70000000,557.10000000,557.40000000,29995.17100000,16805186.99550000
1730635200000,557.50000000,559.50000000,547.00000000,551.80000000,63726.79000000,35222670.58600000
1730649600000,551.90000000,557.20000000,548.80000000,557.10000000,33618.35200000,18618526.36570000
1730664000000,557.10000000,560.30000000,555.80000000,557.70000000,26726.89300000,14913781.54120000
1730678400000,557.70000000,564.80000000,553.20000000,562.60000000,35169.49700000,19681695.49520000
1730692800000,562.60000000,564.00000000,558.20000000,558.91000000,34367.54600000,19263213.05474000
1730707200000,558.91000000,562.34000000,556.40000000,560.06000000,32963.09700000,18446736.50999000
1730721600000,560.06000000,563.29000000,556.41000000,559.72000000,48436.99300000,27089925.23781000
1730736000000,559.72000000,560.68000000,550.72000000,552.72000000,56224.58400000,31217333.41537000
1730750400000,552.72000000,553.57000000,543.60000000,552.50000000,57790.11600000,31761950.46053000
1730764800000,552.51000000,555.67000000,551.22000000,555.19000000,26304.73900000,14573017.87648000
1730779200000,555.20000000,560.90000000,554.62000000,560.53000000,33406.26900000,18641674.19575000
1730793600000,560.53000000,561.80000000,558.28000000,559.20000000,25136.84100000,14069055.35925000
1730808000000,559.19000000,569.80000000,558.61000000,564.40000000,47997.49800000,27088177.88832000
1730822400000,564.40000000,572.80000000,559.57000000,560.24000000,57615.92800000,32721564.87095000
1730836800000,560.28000000,567.27000000,559.15000000,563.21000000,20976.47800000,11820833.94757000
1730851200000,563.21000000,589.34000000,563.00000000,581.59000000,122441.96400000,70973737.01249000
1730865600000,581.60000000,589.50000000,575.00000000,583.69000000,168288.40400000,97987091.98621000
1730880000000,583.69000000,584.56000000,575.47000000,581.84000000,82934.67800000,48118954.32968000
1730894400000,581.84000000,585.28000000,579.06000000,583.10000000,65529.46700000,38187980.23140000
1730908800000,583.11000000,588.35000000,581.48000000,588.18000000,41802.50900000,24441951.29181000
1730923200000,588.19000000,595.00000000,586.29000000,592.22000000,54937.90500000,32433047.79417000
1730937600000,592.22000000,611.20000000,591.21000000,604.68000000,128075.41900000,77208147.28914000
1730952000000,604.68000000,606.00000000,590.66000000,595.75000000,58979.46000000,35288573.13995000
1730966400000,595.75000000,597.43000000,592.08000000,592.28000000,38661.84800000,23003117.01802000
1730980800000,592.27000000,598.09000000,587.01000000,597.90000000,50084.00100000,29670166.59650000
1730995200000,597.89000000,601.15000000,595.15000000,598.99000000,57711.31100000,34546541.63794000
1731009600000,598.99000000,603.00000000,595.62000000,598.26000000,44088.46700000,26410933.23366000
1731024000000,598.27000000,605.90000000,592.78000000,596.65000000,65197.42900000,39104519.56898000
1731038400000,596.65000000,600.87000000,595.02000000,598.95000000,42119.68900000,25186509.56642000
1731052800000,598.96000000,599.28000000,594.25000000,595.88000000,43691.31800000,26078454.18708000
1731067200000,595.88000000,601.42000000,594.70000000,597.33000000,60637.60700000,36245755.25341000
1731081600000,597.33000000,598.73000000,588.10000000,597.49000000,68391.63700000,40574353.34648000
1731096000000,597.49000000,598.30000000,592.72000000,597.82000000,38715.03800000,23063058.52659000
1731110400000,597.82000000,638.00000000,597.51000000,635.40000000,322632.92000000,200763378.54828000
1731124800000,635.40000000,636.23000000,626.64000000,628.95000000,168084.00700000,106080242.32502000
1731139200000,628.95000000,633.90000000,623.27000000,625.71000000,70170.93100000,44114110.59822000
1731153600000,625.71000000,626.98000000,615.93000000,616.54000000,71459.15900000,44354021.81326000
1731168000000,616.54000000,621.63000000,610.00000000,615.98000000,70630.76800000,43561854.21089000
1731182400000,615.99000000,627.71000000,614.14000000,624.66000000,69194.87000000,42999398.15977000
1731196800000,624.67000000,630.38000000,622.27000000,627.66000000,83018.26100000,52034399.69339000
1731211200000,627.67000000,634.99000000,620.00000000,629.53000000,166632.55900000,105070144.40715000
1731225600000,629.53000000,644.20000000,629.10000000,641.53000000,139738.03900000,88784743.44402000
1731240000000,641.54000000,642.70000000,631.30000000,639.91000000,140698.67600000,89526722.66405000
1731254400000,639.90000000,643.60000000,623.90000000,629.30000000,143875.86100000,91653004.96823000
1731268800000,629.30000000,632.63000000,611.62000000,627.33000000,138820.35100000,86592202.55548000
1731283200000,627.34000000,641.27000000,625.83000000,637.61000000,119629.05700000,76066154.80057000
1731297600000,637.60000000,638.84000000,613.00000000,615.99000000,147571.13200000,91770322.85171000
1731312000000,615.99000000,630.01000000,615.00000000,626.10000000,118235.05400000,73632624.26671000
1731326400000,626.09000000,628.80000000,613.81000000,625.85000000,181152.81200000,112424506.36965000
1731340800000,625.86000000,640.64000000,625.72000000,635.17000000,190827.35800000,120899194.87518000
1731355200000,635.17000000,665.54000000,628.40000000,659.63000000,248969.32500000,160483330.22902000
1731369600000,659.63000000,667.40000000,632.65000000,653.81000000,308477.88700000,200933492.31423000
1731384000000,653.82000000,655.50000000,643.00000000,648.57000000,151558.00000000,98519350.44987000
1731398400000,648.58000000,657.14000000,614.52000000,626.52000000,301553.30600000,191232288.35210000
1731412800000,626.51000000,631.17000000,610.00000000,625.44000000,217592.79300000,135526895.41173000
1731427200000,625.47000000,632.83000000,616.38000000,628.30000000,100874.24300000,63108512.28560000
1731441600000,628.31000000,635.00000000,622.26000000,625.33000000,86402.78400000,54313459.92352000
1731456000000,625.42000000,628.83000000,606.00000000,606.10000000,173326.38200000,107207666.18595000
1731470400000,606.11000000,613.51000000,598.60000000,607.52000000,168274.49000000,101753743.93583000
1731484800000,607.51000000,613.26000000,602.40000000,610.08000000,108890.84300000,66225497.30016000
1731499200000,610.07000000,637.62000000,605.39000000,628.82000000,269631.21500000,168019590.71696000
1731513600000,628.81000000,638.06000000,609.67000000,612.01000000,216274.75700000,135495538.62140000
1731528000000,612.02000000,621.64000000,604.59000000,620.68000000,98274.42700000,60212883.99879000
1731542400000,620.68000000,627.24000000,610.50000000,626.51000000,101324.91400000,62670518.95612000
1731556800000,626.51000000,660.40000000,620.99000000,659.82000000,304630.59700000,195540230.10417000
1731571200000,659.77000000,659.77000000,623.01000000,632.48000000,253244.09400000,162186545.99166000
1731585600000,632.49000000,637.44000000,618.52000000,628.18000000,198586.46400000,124861257.99269000
1731600000000,628.18000000,639.01000000,627.74000000,637.37000000,94271.56100000,59832830.18659000
1731614400000,637.37000000,637.43000000,616.00000000,622.30000000,108592.07000000,68166423.63074000
1731628800000,622.30000000,628.30000000,616.00000000,623.50000000,119167.44800000,74170376.93785000
1731643200000,623.49000000,623.70000000,607.12000000,615.26000000,125800.28500000,77370253.04682000
1731657600000,615.25000000,624.95000000,610.80000000,624.19000000,89413.60000000,55502591.22025000
1731672000000,624.19000000,626.50000000,603.40000000,606.84000000,147275.53200000,90420321.07576000
1731686400000,606.84000000,614.79000000,605.05000000,612.62000000,105169.14300000,64322365.13944000
1731700800000,612.62000000,620.00000000,612.45000000,619.37000000,68082.21300000,42050120.28142000
1731715200000,619.37000000,624.79000000,617.50000000,624.67000000,63224.34500000,39244756.51017000
1731729600000,624.67000000,627.26000000,621.56000000,623.26000000,52051.38000000,32488461.21589000
1731744000000,623.25000000,630.50000000,621.12000000,630.50000000,71921.90300000,44960213.05410000
1731758400000,630.49000000,633.70000000,619.04000000,623.39000000,147413.62700000,92356304.93466000
1731772800000,623.38000000,630.74000000,619.54000000,629.79000000,63116.88200000,39519864.14883000
1731787200000,629.79000000,630.48000000,620.56000000,622.69000000,50159.78600000,31378094.07906000
1731801600000,622.69000000,628.60000000,605.20000000,614.20000000,120103.36200000,73816566.32601000
1731816000000,614.20000000,647.60000000,612.40000000,638.70000000,184608.59600000,116517992.01754000
1731830400000,638.70000000,645.81000000,628.15000000,628.51000000,101052.56500000,64429671.96952000
1731844800000,628.51000000,634.39000000,622.00000000,624.80000000,76993.97600000,48317227.70333000
1731859200000,624.81000000,625.39000000,616.26000000,619.91000000,57022.29800000,35397660.30552000
1731873600000,619.91000000,621.64000000,611.53000000,618.90000000,56039.57900000,34556483.55854000
1731888000000,618.93000000,628.74000000,617.50000000,628.10000000,55584.64600000,34669634.83504000
1731902400000,628.11000000,629.99000000,622.95000000,626.43000000,62630.91800000,39231016.42326000
1731916800000,626.43000000,628.44000000,614.10000000,615.87000000,79384.34600000,49347535.85785000
1731931200000,615.88000000,625.70000000,612.10000000,624.25000000,92257.16500000,57033220.55100000
1731945600000,624.25000000,630.91000000,612.48000000,616.61000000,138188.41100000,85897865.74994000
1731960000000,616.61000000,621.81000000,615.00000000,618.93000000,55336.65000000,34233325.36095000
1731974400000,618.93000000,620.50000000,615.63000000,618.41000000,55088.83400000,34081454.28528000
1731988800000,618.41000000,620.90000000,615.94000000,617.50000000,52446.05600000,32422817.69900000
1732003200000,617.51000000,618.42000000,613.50000000,618.24000000,53545.39900000,33000104.67412000
1732017600000,618.24000000,621.41000000,611.66000000,615.13000000,117801.60100000,72580714.70914000
1732032000000,615.13000000,619.00000000,612.90000000,616.17000000,61412.31500000,37860363.99712000
1732046400000,616.18000000,617.25000000,605.21000000,615.50000000,80147.00500000,48977569.20018000
1732060800000,615.49000000,616.10000000,605.84000000,611.01000000,69659.53800000,42582318.87428000
1732075200000,611.01000000,614.17000000,608.60000000,612.79000000,39403.67000000,24120578.72023000
1732089600000,612.79000000,615.37000000,610.60000000,612.18000000,54727.92300000,33577716.75382000
1732104000000,612.18000000,620.78000000,608.18000000,615.12000000,104038.90200000,63977330.39926000
1732118400000,615.12000000,615.84000000,600.00000000,604.34000000,102876.18900000,62355490.45509000
1732132800000,604.35000000,612.70000000,602.14000000,605.39000000,40436.40600000,24592530.88207000
1732147200000,605.39000000,609.30000000,593.05000000,601.97000000,114952.00400000,69221934.05522000
1732161600000,601.98000000,613.90000000,600.72000000,612.49000000,113317.62700000,69044968.61482000
1732176000000,612.50000000,613.26000000,607.16000000,609.74000000,54754.26400000,33409101.66777000
1732190400000,609.74000000,629.37000000,609.62000000,616.72000000,222852.51100000,138325405.64120000
1732204800000,616.80000000,625.20000000,616.03000000,624.58000000,87399.57500000,54244822.85868000
1732219200000,624.58000000,625.40000000,619.29000000,621.86000000,54019.17700000,33617557.62475000
1732233600000,621.86000000,639.64000000,621.85000000,635.41000000,178003.98300000,112603087.97501000
1732248000000,635.41000000,638.15000000,626.38000000,627.39000000,82527.65000000,52179446.89860000
1732262400000,627.39000000,633.01000000,621.00000000,625.18000000,85139.62800000,53386097.01298000
1732276800000,625.19000000,628.45000000,615.05000000,624.60000000,105327.38400000,65476279.90230000
1732291200000,624.60000000,625.82000000,618.50000000,621.93000000,57098.08300000,35555543.71986000
1732305600000,621.93000000,633.27000000,621.19000000,633.00000000,74569.19500000,46836359.88480000
1732320000000,633.00000000,651.12000000,631.10000000,644.58000000,235282.16900000,150934307.03704000
1732334400000,644.59000000,667.22000000,639.91000000,664.07000000,195273.19000000,127533325.12974000
1732348800000,664.06000000,676.39000000,659.92000000,663.02000000,221727.49800000,148196651.15048000
1732363200000,663.02000000,680.00000000,661.00000000,669.54000000,164266.47700000,110350351.82137000
1732377600000,669.54000000,672.40000000,648.98000000,653.50000000,174974.97900000,115153614.13892000
1732392000000,653.50000000,657.40000000,642.37000000,650.42000000,79660.65900000,51838381.69085000
1732406400000,650.42000000,662.10000000,648.52000000,659.29000000,88627.07500000,58360835.27872000
1732420800000,659.28000000,673.35000000,655.65000000,672.81000000,126526.47200000,84105947.83910000
1732435200000,672.81000000,687.75000000,648.00000000,651.59000000,324441.99500000,217690684.05046000
1732449600000,651.59000000,656.15000000,637.08000000,642.42000000,208620.16000000,135081829.27378000
1732464000000,642.42000000,655.57000000,638.21000000,650.63000000,96551.95700000,62621115.27344000
1732478400000,650.62000000,663.50000000,649.59000000,659.65000000,69803.70900000,45954694.39606000
1732492800000,659.65000000,663.15000000,646.39000000,658.73000000,83057.91700000,54425109.36470000
1732507200000,658.73000000,663.90000000,655.22000000,661.19000000,89108.24000000,58798069.26746000
1732521600000,661.20000000,676.79000000,656.03000000,664.01000000,176102.14800000,117669244.54465000
1732536000000,664.02000000,668.08000000,632.00000000,648.63000000,228256.56900000,148177307.51785000
1732550400000,648.63000000,653.70000000,638.02000000,643.41000000,104849.27300000,67655635.95121000
1732564800000,643.41000000,647.00000000,626.43000000,636.20000000,102137.14300000,65092823.23895000
1732579200000,636.16000000,645.57000000,632.49000000,642.79000000,60198.03100000,38621187.48420000
1732593600000,642.79000000,645.00000000,634.60000000,641.66000000,80313.16500000,51450312.39854000
1732608000000,641.65000000,642.24000000,610.11000000,619.97000000,256459.74300000,160403927.50795000
1732622400000,619.96000000,624.52000000,607.62000000,614.02000000,222028.36300000,136783521.13232000
1732636800000,614.03000000,620.92000000,600.02000000,610.10000000,125591.30500000,76489633.60597000
1732651200000,610.10000000,616.96000000,608.27000000,613.51000000,70031.33100000,42934587.45837000
1732665600000,613.50000000,618.40000000,607.79000000,616.50000000,85481.67600000,52443094.27040000
1732680000000,616.50000000,622.60000000,615.06000000,622.10000000,76457.88600000,47338443.26239000
1732694400000,622.11000000,628.90000000,617.00000000,625.03000000,110203.15800000,68645353.85511000
1732708800000,625.02000000,639.02000000,619.17000000,636.50000000,169030.92500000,106182840.63247000
1732723200000,636.51000000,639.68000000,632.73000000,638.50000000,95172.66600000,60593654.05624000
1732737600000,638.50000000,646.75000000,637.59000000,644.14000000,93277.57400000,59934870.44096000
1732752000000,644.15000000,658.05000000,639.79000000,652.06000000,170756.55500000,111113712.48839000
1732766400000,652.07000000,659.40000000,647.99000000,649.84000000,141984.59100000,92786351.12094000
1732780800000,649.86000000,661.24000000,645.97000000,659.97000000,130553.15900000,85586934.84048000
1732795200000,659.97000000,664.68000000,644.60000000,646.05000000,120053.05100000,78495154.75540000
1732809600000,646.05000000,659.64000000,645.68000000,657.51000000,65787.68800000,42854203.57344000
1732824000000,657.51000000,659.48000000,646.70000000,653.83000000,55654.58400000,36474025.47446000
1732838400000,653.84000000,663.80000000,651.70000000,657.71000000,73284.39300000,48194165.17746000
1732852800000,657.71000000,658.68000000,648.42000000,649.63000000,65192.43400000,42607632.55350000
1732867200000,649.63000000,656.51000000,649.60000000,656.51000000,69126.95100000,45169647.46005000
1732881600000,656.51000000,661.00000000,653.70000000,659.67000000,88461.69900000,58186452.87178000
1732896000000,659.75000000,661.69000000,652.82000000,653.92000000,80614.14600000,52961790.17498000
1732910400000,653.92000000,655.21000000,650.02000000,654.67000000,53214.10700000,34743999.38427000
1732924800000,654.67000000,657.44000000,648.00000000,656.84000000,77593.61000000,50546499.65419000
1732939200000,656.83000000,677.20000000,653.43000000,673.01000000,157548.15300000,105015652.24254000
1732953600000,673.01000000,674.60000000,657.56000000,658.23000000,117991.60200000,78573398.99374000
1732968000000,658.23000000,665.30000000,652.50000000,656.18000000,96681.01900000,63688639.84347000
1732982400000,656.19000000,658.80000000,652.60000000,654.80000000,54412.64600000,35691899.21994000
1732996800000,654.80000000,658.16000000,653.27000000,653.43000000,41585.53900000,27265122.69736000
1733011200000,653.44000000,657.31000000,645.16000000,651.78000000,92875.44500000,60494896.73378000
1733025600000,651.79000000,652.20000000,648.09000000,651.00000000,43122.84100000,28045269.39801000
1733040000000,651.01000000,659.38000000,650.03000000,658.17000000,81202.21100000,53220766.22322000
1733054400000,658.17000000,662.70000000,655.92000000,662.28000000,79854.48200000,52695065.58054000
1733068800000,662.28000000,664.17000000,656.10000000,658.33000000,66815.05300000,44024611.75668000
1733083200000,658.33000000,658.76000000,651.66000000,655.99000000,70547.22100000,46255886.62710000
1733097600000,656.00000000,667.20000000,650.00000000,650.95000000,119278.32700000,78693527.23847000
1733112000000,650.93000000,654.68000000,642.83000000,646.79000000,130184.78400000,84510112.77617000
1733126400000,646.79000000,647.11000000,630.01000000,633.68000000,172543.81400000,109747497.29461000
1733140800000,633.67000000,650.78000000,631.00000000,649.66000000,142579.81100000,91365902.71195000
1733155200000,649.65000000,651.00000000,627.99000000,638.59000000,126191.36100000,80633473.43772000
1733169600000,638.59000000,648.20000000,637.21000000,647.82000000,80852.09500000,51863744.14081000
1733184000000,647.83000000,655.20000000,646.14000000,651.93000000,106800.93000000,69513691.55520000
1733198400000,651.93000000,660.88000000,645.65000000,648.06000000,130352.23200000,85166826.34643000
1733212800000,648.06000000,654.10000000,642.04000000,650.74000000,123432.62300000,80169433.97971000
1733227200000,650.75000000,651.46000000,622.85000000,642.71000000,308296.73800000,196744703.37996000
1733241600000,642.72000000,694.86000000,642.00000000,689.99000000,378880.47700000,253954669.34968000
1733256000000,690.00000000,750.01000000,687.78000000,734.64000000,527884.79800000,379811330.29182100
1733270400000,734.64000000,774.69000000,734.64000000,753.36000000,527035.28170000,398441510.57544530
1733284800000,753.37000000,765.54000000,745.36000000,764.70000000,246919.30200000,187085377.85315000
1733299200000,764.69000000,793.86000000,761.13000000,782.05000000,459038.84630000,357358738.64923250
1733313600000,782.05000000,786.23000000,752.30000000,755.99000000,292985.40400000,225363363.95814000
1733328000000,755.99000000,759.23000000,720.00000000,739.40000000,345589.36700000,254099905.26501000
1733342400000,739.40000000,747.00000000,726.10000000,739.53000000,221408.22700000,163014487.33792000
1733356800000,739.54000000,739.80000000,690.00000000,714.29000000,417152.26900000,297680959.63521000
1733371200000,714.30000000,739.90000000,713.20000000,729.61000000,153131.47300000,111120803.75692000
1733385600000,729.60000000,738.88000000,727.09000000,737.21000000,103534.77500000,75990918.32372000
1733400000000,737.21000000,738.66000000,718.14000000,724.25000000,155743.65800000,113438097.94094000
1733414400000,724.26000000,736.38000000,715.25000000,716.31000000,104656.84400000,76218200.82687000
1733428800000,716.31000000,720.78000000,695.00000000,717.10000000,224880.36900000,159491214.65692000
1733443200000,717.10000000,733.16000000,713.72000000,729.35000000,121179.41600000,88070715.94801000
1733457600000,729.36000000,734.60000000,724.52000000,725.25000000,66008.93500000,48117258.17300000
1733472000000,725.25000000,729.26000000,711.44000000,718.41000000,129712.59500000,93267926.88605000
1733486400000,718.40000000,732.90000000,705.06000000,732.50000000,179769.06600000,129106121.98242000
1733500800000,732.51000000,745.93000000,728.66000000,738.23000000,152628.34300000,112799445.96956000
1733515200000,738.23000000,744.01000000,721.80000000,730.22000000,97840.12000000,71993148.68804000
1733529600000,730.22000000,739.60000000,729.69000000,735.51000000,41900.75400000,30802868.87770000
1733544000000,735.51000000,749.00000000,733.40000000,738.45000000,107542.53100000,79862771.45641000
1733558400000,738.46000000,749.20000000,737.64000000,746.04000000,67335.58900000,50059131.05094000
1733572800000,746.05000000,758.03000000,738.76000000,755.19000000,72032.44700000,53760231.14417000
1733587200000,755.19000000,760.59000000,746.44000000,760.33000000,105669.70900000,79758273.38921000
1733601600000,760.33000000,761.00000000,748.36000000,749.72000000,50795.14300000,38278365.63386000
1733616000000,749.71000000,757.26000000,748.00000000,754.01000000,59011.88400000,44429991.66090000
1733630400000,754.01000000,756.40000000,742.61000000,747.01000000,59039.83200000,44176175.59431000
1733644800000,747.00000000,747.55000000,727.47000000,738.30000000,98633.73900000,72602544.32818000
1733659200000,738.29000000,743.72000000,735.00000000,740.22000000,57936.28900000,42864405.32365000
1733673600000,740.23000000,742.69000000,735.00000000,739.90000000,35848.77100000,26486091.87215000
1733688000000,739.89000000,743.87000000,738.60000000,742.00000000,32650.04900000,24187652.78170000
1733702400000,742.00000000,742.50000000,715.87000000,721.61000000,113812.06600000,82749175.42793000
1733716800000,721.60000000,727.19000000,711.20000000,720.51000000,98518.56800000,70898335.20151000
1733731200000,720.52000000,722.66000000,707.75000000,715.65000000,146659.88800000,104766938.14428000
1733745600000,715.64000000,731.39000000,711.28000000,715.30000000,163005.69900000,117910102.18088000
1733760000000,715.30000000,724.50000000,711.86000000,717.34000000,58126.99000000,41827560.25579000
1733774400000,717.34000000,719.36000000,642.00000000,689.19000000,487986.51300000,332325929.68272000
1733788800000,689.20000000,701.90000000,669.67000000,685.59000000,203486.20400000,139443260.53969000
1733803200000,685.60000000,698.41000000,678.38000000,692.90000000,127363.48800000,88061692.33096000
1733817600000,692.91000000,704.92000000,688.69000000,697.95000000,111015.06300000,77447725.36356000
1733832000000,697.95000000,699.10000000,655.65000000,657.34000000,227603.53900000,154645051.58730000
1733846400000,657.40000000,673.48000000,649.13000000,672.60000000,246733.87100000,162824890.40492000
1733860800000,672.61000000,680.28000000,670.57000000,676.80000000,68599.58500000,46407200.15506000
1733875200000,676.80000000,679.44000000,658.54000000,678.98000000,87424.47500000,58586187.60798000
1733889600000,678.99000000,683.00000000,675.82000000,677.37000000,48239.60400000,32793510.08289000
1733904000000,677.38000000,691.27000000,677.03000000,688.90000000,78960.77800000,54209706.19586000
1733918400000,688.90000000,698.77000000,685.56000000,695.01000000,146991.18000000,101737422.71685000
1733932800000,695.01000000,707.87000000,693.71000000,707.32000000,111132.92100000,77909761.29256000
1733947200000,707.31000000,713.00000000,704.60000000,711.21000000,54070.34400000,38341803.19470000
1733961600000,711.20000000,724.05000000,708.52000000,718.41000000,133486.33300000,95541903.65930000
1733976000000,718.41000000,721.78000000,712.86000000,714.61000000,83201.22300000,59677590.96924000
1733990400000,714.61000000,725.61000000,710.44000000,713.70000000,100340.46600000,72111549.18985000
1734004800000,713.71000000,720.47000000,707.00000000,714.49000000,102250.04200000,73124710.27935000
1734019200000,714.49000000,723.68000000,704.01000000,704.40000000,98902.61000000,70765271.68228000
1734033600000,704.41000000,711.26000000,699.36000000,705.77000000,58696.29100000,41415038.90136000
1734048000000,705.77000000,711.85000000,696.80000000,709.31000000,66989.93100000,47281515.35967000
1734062400000,709.31000000,710.66000000,697.28000000,701.59000000,44903.25000000,31626216.96273000
1734076800000,701.59000000,722.40000000,700.25000000,715.62000000,144516.53900000,102987093.05086000
1734091200000,715.62000000,721.46000000,707.40000000,708.36000000,127737.80300000,91518055.98733000
1734105600000,708.37000000,727.91000000,708.04000000,727.52000000,96750.70700000,69431254.78812000
1734120000000,727.53000000,729.88000000,723.12000000,725.72000000,67700.06400000,49202649.46032000
1734134400000,725.73000000,731.81000000,724.70000000,731.00000000,103787.88400000,75578668.18670000
1734148800000,731.00000000,732.11000000,726.19000000,728.46000000,43731.77600000,31867493.62970000
1734163200000,728.46000000,729.45000000,719.15000000,719.84000000,43902.99900000,31748285.32117000
1734177600000,719.85000000,720.19000000,707.50000000,715.47000000,58495.95300000,41740859.79986000
1734192000000,715.46000000,715.83000000,705.01000000,710.95000000,58777.60400000,41740094.90244000
1734206400000,710.95000000,716.95000000,705.21000000,715.79000000,33232.92900000,23666302.70372000
1734220800000,715.80000000,718.12000000,710.60000000,713.25000000,41254.65700000,29522140.40665000
1734235200000,713.25000000,718.60000000,702.66000000,706.37000000,48379.49700000,34386987.69635000
1734249600000,706.37000000,714.00000000,705.46000000,713.88000000,32136.95400000,22835902.80819000
1734264000000,713.87000000,719.60000000,712.23000000,716.49000000,49297.00000000,35301485.73443000
1734278400000,716.50000000,720.80000000,715.93000000,719.17000000,36827.60700000,26474648.51736000
1734292800000,719.16000000,724.08000000,706.07000000,718.87000000,74562.08000000,53456032.48935000
1734307200000,718.87000000,725.00000000,708.12000000,711.27000000,123159.32900000,88470088.24279000
1734321600000,711.26000000,716.69000000,710.19000000,715.45000000,36013.21300000,25716241.43726000
1734336000000,715.44000000,715.48000000,704.16000000,705.17000000,73815.16500000,52356022.63094000
1734350400000,705.16000000,718.63000000,704.44000000,718.41000000,107871.01700000,76756329.66577000
1734364800000,718.41000000,730.00000000,717.10000000,726.71000000,103531.81900000,74936265.90780000
1734379200000,726.72000000,728.16000000,718.25000000,720.58000000,39454.01000000,28591738.46555000
1734393600000,720.58000000,724.64000000,712.24000000,722.10000000,51037.67500000,36713905.70630000
1734408000000,722.10000000,723.19000000,714.40000000,716.09000000,52739.83200000,37852819.99766000
1734422400000,716.10000000,724.59000000,714.00000000,720.31000000,69481.82400000,49965880.77173000
1734436800000,720.30000000,737.37000000,717.56000000,730.11000000,178861.24700000,130221505.50050000
1734451200000,730.11000000,733.51000000,720.30000000,723.77000000,69483.80700000,50487199.14298000
1734465600000,723.76000000,736.60000000,714.11000000,717.69000000,81264.48700000,58821435.58103000
1734480000000,717.70000000,722.00000000,710.00000000,711.87000000,98826.83400000,70752001.13657000
1734494400000,711.85000000,713.80000000,703.02000000,713.31000000,124571.10500000,88256436.01364000
1734508800000,713.31000000,719.30000000,712.23000000,719.29000000,72819.02300000,52139692.29312000
1734523200000,719.29000000,720.00000000,707.80000000,712.93000000,82164.31700000,58663629.65365000
1734537600000,712.93000000,720.80000000,705.00000000,705.00000000,101235.78300000,72357899.48397000
1734552000000,705.00000000,706.40000000,681.00000000,686.38000000,246958.96000000,171408199.82976000
1734566400000,686.39000000,701.00000000,668.66000000,700.68000000,231985.19500000,158929099.50957000
1734580800000,700.68000000,704.44000000,697.11000000,701.86000000,52456.81700000,36776571.81582000
1734595200000,701.87000000,704.84000000,696.17000000,704.17000000,65828.13000000,46064638.52864000
1734609600000,704.17000000,705.57000000,681.00000000,689.90000000,102687.52600000,71237604.95329000
1734624000000,689.90000000,693.37000000,652.00000000,658.90000000,235844.45300000,157576522.84027000
1734638400000,658.90000000,676.25000000,648.63000000,665.62000000,151464.35900000,100401741.60381000
1734652800000,665.61000000,680.58000000,662.33000000,674.49000000,105718.86800000,70826783.56871000
1734667200000,674.49000000,680.00000000,662.39000000,672.68000000,107160.01800000,72108478.48085000
1734681600000,672.67000000,672.82000000,620.00000000,620.25000000,388983.11400000,249078234.88534000
1734696000000,620.27000000,670.17000000,618.69000000,666.53000000,230810.03300000,149525126.50540000
1734710400000,666.54000000,675.00000000,662.93000000,672.05000000,99212.66100000,66436285.97493000
1734724800000,672.07000000,679.99000000,664.84000000,678.60000000,50464.71200000,33980003.98149000
1734739200000,678.60000000,687.08000000,676.71000000,681.00000000,97559.83600000,66551786.02064000
1734753600000,681.00000000,693.39000000,680.88000000,688.92000000,76593.87400000,52758672.51570000
1734768000000,688.92000000,689.71000000,674.66000000,676.93000000,77337.18700000,52743375.73530000
1734782400000,676.92000000,677.00000000,653.00000000,667.27000000,126803.54800000,84338391.78304000
1734796800000,667.28000000,668.00000000,652.00000000,659.39000000,103067.24100000,68053234.50499000
1734811200000,659.39000000,668.64000000,654.96000000,663.49000000,48076.10300000,31817454.42077000
1734825600000,663.50000000,668.36000000,656.00000000,664.07000000,34353.30200000,22791217.21110000
1734840000000,664.06000000,664.56000000,650.00000000,658.63000000,45970.62400000,30182423.40711000
1734854400000,658.63000000,669.71000000,658.40000000,666.67000000,37220.18100000,24793264.52992000
1734868800000,666.67000000,669.20000000,651.75000000,656.60000000,72272.17300000,47613179.71182000
1734883200000,656.59000000,660.60000000,643.41000000,644.88000000,88341.58900000,57816210.98599000
1734897600000,644.89000000,653.21000000,639.37000000,649.77000000,55546.50700000,35910355.75476000
1734912000000,649.77000000,665.42000000,638.10000000,664.52000000,135011.23400000,87950308.26039000
1734926400000,664.52000000,669.49000000,655.53000000,662.09000000,43427.33600000,28773104.14990000
1734940800000,662.09000000,677.11000000,661.71000000,673.96000000,112158.75800000,75386624.62554000
1734955200000,673.96000000,683.02000000,670.58000000,671.82000000,144600.88800000,97936323.60387000
1734969600000,671.82000000,686.46000000,671.44000000,685.14000000,83842.88700000,57139453.39711000
1734984000000,685.13000000,698.50000000,684.04000000,694.16000000,87322.98800000,60490688.70195000
1734998400000,694.16000000,695.75000000,684.39000000,692.70000000,86062.86100000,59419462.56095000
1735012800000,692.70000000,695.30000000,683.40000000,692.80000000,55744.31400000,38549255.32845000
1735027200000,692.80000000,693.96000000,684.80000000,686.56000000,53888.63500000,37071292.82139000
1735041600000,686.56000000,698.88000000,682.68000000,695.36000000,91445.83600000,63283315.16157000
1735056000000,695.37000000,699.00000000,692.37000000,692.48000000,58820.36200000,40898087.65408000
1735070400000,692.49000000,698.98000000,687.20000000,696.90000000,40974.20900000,28462713.16146000
1735084800000,696.89000000,706.18000000,695.94000000,703.67000000,52666.58800000,36929254.66504000
1735099200000,703.67000000,706.00000000,701.20000000,702.29000000,36532.82700000,25693349.12792000
1735113600000,702.28000000,713.28000000,701.91000000,704.06000000,44994.69200000,31869906.97555000
1735128000000,704.07000000,711.76000000,703.44000000,703.60000000,38472.06500000,27211849.95966000
1735142400000,703.60000000,705.13000000,698.79000000,704.81000000,34587.18400000,24270216.67143000
1735156800000,704.81000000,705.16000000,695.99000000,702.72000000,25256.89400000,17688792.71334000
1735171200000,702.71000000,713.27000000,700.54000000,706.32000000,50806.66200000,35880810.23108000
1735185600000,706.31000000,719.99000000,702.50000000,706.81000000,95414.66400000,67723743.17795000
1735200000000,706.82000000,709.98000000,690.00000000,696.29000000,78343.01500000,54595708.75412000
1735214400000,696.30000000,696.39000000,683.00000000,691.70000000,88221.90000000,60821088.16941000
1735228800000,691.70000000,695.30000000,685.30000000,692.22000000,38219.11200000,26400178.50531000
1735243200000,692.21000000,694.58000000,685.70000000,689.40000000,30094.64900000,20750018.86433000
1735257600000,689.40000000,694.24000000,685.73000000,689.15000000,55675.52500000,38361032.12385000
1735272000000,689.15000000,701.00000000,686.33000000,692.25000000,91109.89500000,63192444.16761000
1735286400000,692.24000000,718.88000000,692.24000000,706.04000000,75483.01700000,53180662.44152000
1735300800000,706.03000000,707.50000000,686.03000000,688.78000000,63899.33100000,44478725.99478000
1735315200000,688.78000000,696.64000000,685.79000000,694.90000000,41668.69000000,28802533.81081000
1735329600000,694.89000000,695.52000000,687.38000000,691.85000000,19319.58500000,13372500.07050000
1735344000000,691.86000000,698.81000000,691.30000000,697.07000000,20864.91900000,14506412.63561000
1735358400000,697.07000000,698.94000000,694.19000000,696.08000000,21833.51500000,15217195.02850000
1735372800000,696.07000000,705.04000000,696.00000000,703.76000000,35866.75600000,25152349.23864000
1735387200000,703.75000000,727.70000000,703.75000000,721.60000000,135727.74600000,97355962.93516000
1735401600000,721.59000000,731.24000000,719.58000000,730.20000000,91883.01700000,66705691.27504000
1735416000000,730.21000000,730.73000000,720.99000000,722.13000000,38075.90800000,27614917.63834000
1735430400000,722.13000000,724.70000000,713.15000000,715.55000000,41287.32200000,29634939.64512000
1735444800000,715.55000000,716.40000000,711.87000000,716.20000000,20161.42300000,14390216.20080000
1735459200000,716.20000000,717.45000000,709.80000000,710.84000000,26740.53800000,19065910.97270000
1735473600000,710.84000000,713.75000000,707.03000000,710.61000000,36455.54200000,25889730.14496000
1735488000000,710.62000000,711.69000000,698.21000000,701.04000000,51279.57900000,36032775.09395000
1735502400000,701.04000000,701.04000000,690.00000000,694.71000000,65603.74000000,45566923.52811000
1735516800000,694.71000000,703.29000000,691.83000000,696.49000000,49215.98000000,34344981.62467000
1735531200000,696.49000000,702.10000000,694.98000000,697.58000000,29750.26000000,20780344.82468000
1735545600000,697.58000000,700.84000000,693.75000000,700.70000000,39237.87500000,27352118.06492000
1735560000000,700.70000000,702.68000000,687.75000000,695.16000000,76716.31800000,53281524.54109000
1735574400000,695.15000000,710.30000000,693.27000000,710.21000000,45021.61000000,31624269.78466000
1735588800000,710.21000000,712.20000000,695.30000000,705.36000000,57325.06000000,40336259.76119000
1735603200000,705.35000000,708.44000000,700.84000000,706.92000000,33486.41200000,23606822.25165000
1735617600000,706.92000000,709.93000000,698.48000000,701.16000000,36278.55400000,25487478.59677000
1735632000000,701.17000000,709.03000000,700.40000000,704.28000000,45722.89700000,32233090.54440000
1735646400000,704.28000000,714.99000000,704.28000000,710.56000000,53511.81900000,38056855.97615000
1735660800000,710.57000000,712.88000000,700.41000000,703.39000000,40534.34900000,28581149.20602000
1735675200000,703.38000000,704.80000000,699.39000000,702.30000000,25930.80100000,18181294.02263000
1735689600000,702.31000000,711.50000000,701.46000000,705.58000000,27840.11100000,19720191.43267000
1735704000000,705.58000000,706.60000000,703.49000000,703.75000000,11559.05800000,8150374.42239000
1735718400000,703.75000000,709.31000000,700.30000000,707.57000000,27176.50300000,19156905.43246000
1735732800000,707.57000000,710.50000000,705.95000000,708.11000000,30563.41900000,21635876.05887000
1735747200000,708.11000000,708.48000000,703.21000000,707.85000000,23558.56500000,16626660.96291000
1735761600000,707.85000000,709.01000000,706.77000000,707.84000000,15005.68300000,10622650.73586000
1735776000000,707.84000000,707.97000000,698.04000000,702.17000000,84946.29200000,59633774.39097000
1735790400000,702.17000000,709.40000000,701.70000000,706.94000000,38373.33000000,27094559.18740000
1735804800000,706.95000000,715.80000000,706.86000000,713.26000000,51245.19900000,36457112.69979000
1735819200000,713.27000000,714.55000000,703.29000000,704.54000000,58953.18700000,41850043.23196000
1735833600000,704.55000000,709.24000000,700.00000000,704.81000000,43444.47600000,30619656.45362000
1735848000000,704.81000000,707.08000000,703.25000000,706.25000000,15571.32700000,10986981.78327000
1735862400000,706.24000000,706.80000000,701.10000000,705.20000000,32169.36800000,22652189.12546000
1735876800000,705.20000000,706.93000000,700.32000000,700.73000000,30249.69700000,21286738.85358000
1735891200000,700.72000000,705.48000000,697.03000000,705.40000000,67538.87900000,47342955.49286000
1735905600000,705.39000000,711.00000000,703.27000000,710.04000000,62948.53600000,44524807.17200000
1735920000000,710.03000000,715.69000000,708.44000000,713.28000000,65607.39300000,46736420.58003000
1735934400000,713.27000000,715.53000000,709.75000000,714.88000000,33187.80200000,23671467.57868000
1735948800000,714.87000000,721.84000000,714.01000000,719.43000000,50807.67600000,36468374.64954000
1735963200000,719.43000000,720.38000000,716.51000000,717.95000000,20403.11500000,14663229.59988000
1735977600000,717.95000000,718.17000000,713.00000000,714.21000000,20864.28000000,14913613.77989000
1735992000000,714.21000000,717.45000000,707.82000000,709.38000000,37862.46500000,27008822.30877000
1736006400000,709.38000000,713.14000000,709.28000000,711.92000000,15226.18400000,10834725.66210000
1736020800000,711.93000000,714.85000000,711.63000000,713.41000000,22110.54200000,15774552.91060000
1736035200000,713.41000000,713.54000000,709.30000000,712.30000000,20410.38000000,14524740.56589000
1736049600000,712.30000000,713.93000000,710.50000000,712.44000000,10626.92800000,7571035.94215000
1736064000000,712.44000000,712.53000000,704.71000000,708.05000000,26582.79700000,18833881.10666000
1736078400000,708.05000000,709.40000000,702.51000000,708.06000000,27443.10700000,19389852.20765000
1736092800000,708.06000000,708.69000000,703.00000000,705.84000000,15218.61600000,10742336.88566000
1736107200000,705.83000000,710.05000000,705.50000000,709.29000000,14862.51700000,10527704.38939000
1736121600000,709.29000000,716.12000000,705.91000000,712.38000000,27922.82400000,19880365.48267000
1736136000000,712.38000000,716.00000000,711.00000000,714.35000000,34392.27200000,24553741.14190000
1736150400000,714.36000000,719.88000000,710.96000000,718.69000000,51824.69800000,37121179.73925000
1736164800000,718.69000000,725.75000000,713.12000000,725.75000000,68794.75600000,49511087.79758000
1736179200000,725.76000000,735.65000000,721.95000000,732.30000000,77453.01300000,56560381.61327000
1736193600000,732.30000000,745.29000000,728.50000000,729.42000000,96960.29600000,71575933.56396000
1736208000000,729.42000000,731.60000000,725.18000000,728.92000000,43601.51200000,31750655.19401000
1736222400000,728.93000000,733.33000000,726.90000000,730.50000000,50191.57900000,36647537.98410000
1736236800000,730.50000000,731.58000000,721.98000000,726.57000000,45740.60800000,33293215.94971000
1736251200000,726.57000000,726.60000000,700.00000000,709.23000000,147935.52900000,105282642.24159000
1736265600000,709.24000000,713.00000000,695.01000000,696.97000000,92492.60100000,65185892.94048000
1736280000000,696.98000000,699.05000000,691.20000000,698.01000000,56134.85300000,39045710.10298000
1736294400000,698.00000000,707.46000000,694.80000000,697.26000000,57462.04200000,40275026.46757000
1736308800000,697.27000000,698.88000000,681.56000000,694.65000000,92145.34700000,63620355.77974000
1736323200000,694.64000000,705.00000000,693.29000000,695.92000000,64804.00100000,45313029.52244000
1736337600000,695.92000000,700.50000000,690.40000000,693.49000000,56871.75100000,39577267.03526000
1736352000000,693.49000000,696.00000000,674.72000000,689.57000000,134399.29100000,92262574.51338000
1736366400000,689.57000000,697.31000000,686.69000000,696.03000000,21595.52500000,14940148.98883000
1736380800000,696.03000000,701.16000000,693.82000000,696.30000000,35651.63400000,24884509.53068000
1736395200000,696.31000000,700.78000000,689.24000000,690.55000000,40658.99100000,28289486.39893000
1736409600000,690.55000000,701.69000000,688.50000000,699.96000000,51522.45900000,35873981.18203000
1736424000000,699.96000000,701.72000000,681.02000000,696.98000000,99868.36500000,68914172.42145000
1736438400000,696.98000000,697.03000000,680.12000000,680.15000000,55309.99300000,38109302.98575000
1736452800000,680.15000000,688.50000000,675.12000000,685.48000000,48895.13600000,33323702.04417000
1736467200000,685.47000000,689.59000000,683.18000000,687.90000000,27938.12800000,19180518.61742000
1736481600000,687.90000000,697.00000000,687.51000000,695.50000000,23985.66600000,16593718.23512000
1736496000000,695.50000000,698.68000000,694.70000000,696.90000000,33847.06500000,23590636.92358000
1736510400000,696.91000000,697.04000000,686.00000000,693.13000000,69923.93500000,48380902.19854000
1736524800000,693.13000000,700.69000000,689.47000000,694.35000000,64098.98800000,44484655.54034000
1736539200000,694.35000000,694.50000000,690.12000000,693.21000000,14796.70500000,10246033.18700000
1736553600000,693.21000000,693.68000000,690.39000000,691.64000000,13778.84200000,9533455.53823000
1736568000000,691.64000000,694.96000000,690.67000000,694.94000000,9876.14600000,6848162.35157000
1736582400000,694.95000000,698.00000000,693.20000000,697.44000000,19367.90700000,13467564.94960000
1736596800000,697.43000000,697.81000000,694.49000000,695.40000000,14632.68600000,10187462.06635000
1736611200000,695.40000000,696.96000000,693.60000000,696.96000000,9498.06200000,6604147.65594000
1736625600000,696.96000000,701.47000000,696.61000000,696.70000000,20581.14700000,14386729.39814000
1736640000000,696.71000000,698.63000000,695.08000000,696.00000000,12482.99400000,8696724.15886000
1736654400000,696.00000000,697.16000000,692.62000000,694.26000000,9339.71900000,6490446.01720000
1736668800000,694.25000000,694.75000000,689.80000000,691.10000000,15131.72400000,10465679.72569000
1736683200000,691.11000000,695.52000000,690.09000000,695.19000000,17109.34400000,11860415.05610000
1736697600000,695.19000000,696.88000000,693.56000000,696.08000000,11414.29200000,7937423.99942000
1736712000000,696.07000000,697.58000000,690.20000000,693.34000000,12733.22200000,8820426.44369000
1736726400000,693.35000000,700.00000000,684.08000000,685.91000000,37024.12200000,25619102.55032000
1736740800000,685.91000000,689.95000000,677.92000000,682.73000000,42530.50700000,29027353.57239000
1736755200000,682.73000000,682.74000000,660.93000000,661.05000000,99081.81700000,66380364.57606000
1736769600000,661.05000000,679.11000000,660.00000000,677.22000000,119337.13000000,79752270.80460000
1736784000000,677.23000000,679.62000000,666.28000000,672.66000000,54013.70500000,36340130.28070000
1736798400000,672.69000000,688.71000000,671.13000000,688.64000000,34642.66200000,23630711.56062000
1736812800000,688.64000000,692.50000000,686.30000000,692.02000000,21071.53200000,14534460.16998000
1736827200000,692.02000000,693.00000000,687.33000000,689.02000000,23559.76700000,16255913.09038000
1736841600000,689.03000000,697.83000000,689.02000000,694.60000000,35859.43500000,24892774.61412000
1736856000000,694.60000000,698.55000000,691.31000000,695.13000000,34660.91300000,24114321.97232000
1736870400000,695.13000000,699.80000000,693.10000000,698.10000000,26075.30500000,18187961.48933000
1736884800000,698.10000000,699.97000000,695.95000000,698.89000000,18496.65700000,12922431.50788000
1736899200000,698.89000000,702.84000000,695.62000000,701.13000000,43504.35000000,30424657.17039000
1736913600000,701.13000000,702.50000000,698.45000000,699.67000000,22988.57700000,16100118.34100000
1736928000000,699.68000000,701.00000000,689.70000000,692.34000000,32960.23900000,22893972.00387000
1736942400000,692.35000000,707.00000000,688.45000000,704.10000000,85937.93300000,60124011.82498000
1736956800000,704.10000000,709.06000000,699.72000000,708.48000000,40432.46500000,28481444.00613000
1736971200000,708.48000000,715.00000000,707.06000000,714.59000000,56895.18800000,40481756.08385000
1736985600000,714.59000000,715.37000000,706.83000000,708.90000000,38491.70600000,27359336.07923000
1737000000000,708.90000000,713.96000000,708.50000000,711.38000000,23865.12800000,16974292.82443000
1737014400000,711.38000000,713.60000000,702.99000000,713.49000000,49000.65000000,34687300.45960000
1737028800000,713.50000000,717.50000000,700.50000000,709.60000000,87399.47000000,62023051.19174000
1737043200000,709.61000000,715.95000000,709.10000000,714.84000000,34646.33900000,24697227.45771000
1737057600000,714.83000000,716.18000000,707.11000000,708.10000000,34701.43300000,24707991.39692000
1737072000000,708.10000000,717.70000000,708.10000000,714.34000000,42377.14500000,30280039.78022000
1737086400000,714.34000000,719.01000000,712.99000000,714.41000000,35901.15000000,25713430.34456000
1737100800000,714.41000000,725.32000000,714.40000000,724.80000000,61803.79900000,44546367.37328000
1737115200000,724.80000000,728.74000000,715.77000000,720.30000000,69807.05000000,50492179.21280000
1737129600000,720.29000000,726.30000000,718.63000000,722.61000000,32474.00600000,23486763.11486000
1737144000000,722.61000000,729.97000000,719.88000000,721.76000000,47388.12800000,34345112.38833000
1737158400000,721.76000000,723.32000000,705.60000000,707.40000000,72712.20300000,51945528.62582000
1737172800000,707.41000000,708.92000000,696.70000000,700.12000000,92925.62000000,65342653.34785000
1737187200000,700.12000000,702.87000000,695.00000000,701.91000000,66276.85200000,46351581.47223000
1737201600000,701.91000000,707.45000000,699.84000000,703.50000000,45844.12900000,32259120.25924000
1737216000000,703.49000000,705.91000000,695.51000000,705.89000000,57728.43600000,40431468.66116000
1737230400000,705.88000000,711.09000000,702.10000000,709.52000000,34993.21600000,24711683.85763000
1737244800000,709.52000000,714.60000000,708.64000000,710.08000000,42528.23600000,30277476.70254000
1737259200000,710.09000000,710.55000000,704.10000000,705.10000000,54187.97000000,38321936.49397000
1737273600000,705.10000000,705.11000000,681.33000000,683.05000000,205675.37100000,141944941.90912000
1737288000000,683.05000000,700.68000000,682.23000000,697.88000000,133535.72900000,92881843.24375000
1737302400000,697.88000000,707.41000000,695.99000000,707.31000000,54355.12600000,38161226.82292000
1737316800000,707.31000000,708.00000000,676.00000000,683.19000000,222702.86600000,153239133.60459000
1737331200000,683.20000000,689.40000000,674.30000000,686.70000000,144554.15400000,98398954.41769000
1737345600000,686.70000000,709.38000000,684.70000000,698.68000000,145594.52300000,101864547.71913000
1737360000000,698.68000000,701.78000000,693.80000000,698.08000000,58993.94400000,41169001.52728000
1737374400000,698.08000000,700.00000000,686.00000000,688.30000000,119160.74800000,82427529.78120000
1737388800000,688.31000000,691.91000000,671.00000000,685.73000000,154811.25700000,105606723.76262000
1737403200000,685.72000000,685.88000000,676.36000000,682.51000000,45121.86100000,30787013.02659000
1737417600000,682.51000000,684.83000000,675.01000000,682.39000000,66597.76100000,45294199.80991000
1737432000000,682.39000000,683.60000000,677.52000000,682.35000000,42202.09100000,28722819.52873000
1737446400000,682.35000000,692.02000000,680.57000000,689.35000000,45848.33700000,31449832.59743000
1737460800000,689.36000000,692.10000000,683.05000000,687.28000000,61946.83500000,42614453.94364000
1737475200000,687.27000000,697.00000000,686.70000000,694.82000000,45499.51300000,31562981.49181000
1737489600000,694.82000000,695.60000000,689.42000000,692.21000000,32108.93400000,22233706.79905000
1737504000000,692.21000000,695.98000000,689.93000000,695.51000000,28825.03800000,19971323.39143000
1737518400000,695.50000000,704.13000000,694.82000000,697.30000000,62850.56400000,43995858.64382000
1737532800000,697.31000000,700.48000000,694.40000000,699.63000000,32634.33400000,22761215.18609000
1737547200000,699.63000000,700.53000000,692.17000000,692.90000000,42138.90600000,29316655.95321000
1737561600000,692.91000000,697.07000000,689.99000000,695.90000000,28782.33100000,19965879.13657000
1737576000000,695.89000000,700.00000000,693.00000000,695.52000000,23179.06000000,16152868.77161000
1737590400000,695.52000000,697.65000000,687.50000000,688.64000000,32768.59800000,22678064.26756000
1737604800000,688.64000000,689.04000000,683.08000000,687.40000000,38465.55000000,26385960.09036000
1737619200000,687.40000000,687.90000000,683.00000000,685.56000000,44576.34300000,30535131.00083000
1737633600000,685.55000000,691.94000000,681.00000000,688.29000000,91837.74300000,63043361.01081000
1737648000000,688.30000000,692.84000000,681.64000000,682.61000000,40497.14700000,27815855.72593000
1737662400000,682.61000000,691.50000000,680.26000000,689.74000000,83046.07500000,56991072.22246000
1737676800000,689.73000000,690.80000000,678.87000000,682.26000000,51538.05200000,35212773.09700000
1737691200000,682.25000000,691.31000000,680.65000000,686.58000000,89089.22700000,61126548.14737000
1737705600000,686.59000000,690.40000000,685.77000000,689.02000000,35142.43600000,24206466.27383000
1737720000000,689.03000000,689.90000000,682.90000000,685.34000000,43291.96500000,29730228.27051000
1737734400000,685.34000000,687.64000000,683.02000000,683.74000000,32184.59200000,22060201.68131000
1737748800000,683.75000000,684.20000000,678.75000000,680.45000000,29338.03300000,19974843.11874000
1737763200000,680.45000000,684.33000000,677.68000000,683.98000000,32174.98200000,21935173.14375000
1737777600000,683.99000000,684.75000000,681.63000000,681.82000000,21582.31600000,14748672.57502000
1737792000000,681.82000000,685.36000000,681.05000000,685.00000000,20230.89900000,13821507.45211000
1737806400000,685.00000000,688.50000000,684.01000000,687.30000000,25836.25700000,17725689.44708000
1737820800000,687.31000000,688.52000000,685.90000000,688.47000000,17585.52800000,12087806.55264000
1737835200000,688.47000000,689.56000000,686.16000000,686.40000000,22793.29400000,15684131.57830000
1737849600000,686.40000000,690.40000000,686.30000000,689.68000000,24122.59900000,16618703.43054000
1737864000000,689.68000000,690.82000000,688.53000000,689.50000000,16307.83600000,11247221.91339000
1737878400000,689.50000000,689.90000000,684.40000000,685.41000000,40750.79400000,27967442.79633000
1737892800000,685.41000000,686.16000000,683.49000000,684.90000000,16363.83900000,11207649.34007000
1737907200000,684.91000000,685.60000000,683.36000000,684.16000000,13658.71600000,9346097.03768000
1737921600000,684.16000000,684.60000000,664.64000000,667.37000000,84683.38400000,56948849.86716000
1737936000000,667.36000000,670.20000000,655.01000000,661.80000000,106025.20500000,70272058.94127000
1737950400000,661.80000000,661.80000000,637.79000000,647.34000000,153144.99500000,99298285.40593000
1737964800000,647.34000000,654.76000000,641.20000000,651.40000000,64524.63400000,41840521.60340000
1737979200000,651.40000000,667.90000000,651.36000000,664.65000000,70003.89200000,46296797.46194000
1737993600000,664.66000000,667.47000000,657.16000000,665.33000000,44935.30400000,29784301.57895000
1738008000000,665.33000000,680.53000000,665.24000000,679.74000000,48033.76500000,32451170.42069000
1738022400000,679.75000000,681.63000000,675.87000000,679.30000000,28251.48000000,19180247.65226000
1738036800000,679.30000000,682.88000000,677.52000000,677.60000000,28750.96200000,19564191.01955000
1738051200000,677.60000000,677.90000000,673.46000000,675.24000000,20643.06700000,13944621.17243000
1738065600000,675.24000000,676.89000000,669.07000000,673.17000000,49945.59200000,33607314.71810000
1738080000000,673.18000000,674.61000000,666.99000000,670.21000000,33010.61400000,22155010.82571000
1738094400000,670.21000000,670.60000000,659.40000000,661.29000000,41989.75900000,27869026.81454000
1738108800000,661.28000000,675.88000000,661.17000000,674.60000000,27968.14200000,18728509.33227000
1738123200000,674.60000000,680.01000000,673.50000000,674.08000000,78619.62000000,53176368.62019000
1738137600000,674.09000000,675.51000000,668.86000000,670.29000000,35750.08600000,24007181.76767000
1738152000000,670.29000000,671.00000000,663.16000000,664.48000000,26950.95000000,17955709.53798000
1738166400000,664.48000000,671.30000000,659.37000000,668.29000000,51529.14200000,34280416.94344000
1738180800000,668.29000000,674.47000000,664.50000000,667.97000000,34718.19800000,23281264.93062000
1738195200000,667.97000000,676.00000000,666.00000000,675.35000000,20889.22400000,14040352.44858000
1738209600000,675.34000000,679.50000000,674.32000000,676.90000000,38863.96600000,26323312.82443000
1738224000000,676.90000000,679.13000000,675.93000000,678.58000000,20775.62400000,14086111.23958000
1738238400000,678.57000000,682.99000000,676.92000000,680.38000000,35431.89500000,24092852.20294000
1738252800000,680.39000000,681.88000000,678.63000000,680.38000000,17250.22500000,11739951.06766000
1738267200000,680.37000000,680.80000000,677.24000000,677.53000000,12208.48700000,8290085.88529000
1738281600000,677.53000000,678.89000000,673.50000000,675.67000000,16032.20900000,10848920.01731000
1738296000000,675.67000000,680.64000000,674.08000000,677.43000000,17342.90400000,11757962.67046000
1738310400000,677.43000000,683.20000000,676.44000000,683.15000000,29833.14000000,20271626.58193000
1738324800000,683.15000000,689.00000000,681.80000000,688.96000000,51763.26600000,35438285.20661000
1738339200000,688.96000000,689.44000000,676.80000000,679.11000000,47274.67900000,32261715.99412000
1738353600000,679.10000000,679.19000000,674.00000000,677.47000000,28461.66300000,19259019.31861000
1738368000000,677.48000000,681.56000000,676.62000000,677.16000000,22394.43200000,15204335.05089000
1738382400000,677.15000000,678.60000000,673.69000000,674.11000000,21276.96100000,14389536.76537000
1738396800000,674.12000000,674.70000000,668.57000000,671.53000000,31278.39800000,20987576.15100000
1738411200000,671.52000000,672.96000000,666.28000000,668.13000000,24101.19500000,16146452.66092000
1738425600000,668.14000000,669.38000000,660.58000000,661.28000000,32032.24700000,21332563.05594000
1738440000000,661.29000000,662.44000000,650.73000000,652.94000000,46288.13900000,30418705.81942000
1738454400000,652.94000000,663.22000000,649.10000000,649.95000000,47417.27800000,31078780.96944000
1738468800000,649.96000000,659.40000000,649.45000000,653.39000000,36156.87200000,23687997.05587000
1738483200000,653.39000000,658.32000000,646.03000000,646.94000000,34003.02900000,22209940.44451000
1738497600000,646.93000000,651.57000000,641.75000000,645.62000000,44826.89000000,28993939.88336000
1738512000000,645.63000000,645.69000000,610.22000000,624.49000000,222062.26700000,138660667.16597000
1738526400000,624.49000000,630.00000000,600.00000000,617.80000000,122262.26700000,75055218.81101000
1738540800000,617.80000000,618.90000000,500.00000000,553.09000000,707634.84500000,395271737.12974000
1738555200000,553.10000000,578.68000000,541.39000000,578.02000000,166880.27300000,92963913.10013000
1738569600000,578.03000000,582.40000000,566.52000000,576.16000000,87127.53500000,50113613.56689000
1738584000000,576.16000000,593.50000000,557.91000000,588.56000000,202018.54000000,116462216.72953000
1738598400000,588.56000000,611.40000000,586.40000000,611.06000000,106800.84000000,63699037.43974000
1738612800000,611.06000000,619.19000000,598.16000000,617.21000000,70394.85200000,42919186.74259000
1738627200000,617.21000000,619.24000000,600.19000000,601.65000000,77158.49900000,47012413.63825000
1738641600000,601.65000000,605.60000000,567.92000000,568.88000000,138530.46700000,80776562.90734000
1738656000000,568.89000000,586.95000000,564.20000000,583.10000000,75608.98000000,43453782.55431000
1738670400000,583.11000000,591.08000000,573.90000000,582.37000000,98779.61200000,57654767.60891000
1738684800000,582.37000000,587.80000000,575.31000000,575.46000000,57454.40300000,33538522.65556000
1738699200000,575.49000000,578.32000000,557.88000000,572.69000000,102039.51200000,57854539.82213000
1738713600000,572.69000000,577.13000000,567.44000000,574.73000000,35040.83300000,20054616.99407000
1738728000000,574.73000000,580.00000000,570.60000000,573.63000000,29279.00700000,16832267.40046000
1738742400000,573.62000000,575.60000000,568.12000000,574.75000000,39382.97200000,22532486.08045000
1738756800000,574.75000000,578.46000000,569.63000000,570.14000000,48074.80900000,27625004.28499000
1738771200000,570.14000000,571.73000000,561.22000000,570.33000000,50852.04600000,28771346.66852000
1738785600000,570.34000000,572.28000000,565.27000000,569.55000000,24425.55800000,13901163.40174000
1738800000000,569.55000000,578.36000000,568.87000000,576.21000000,25625.87500000,14726065.18685000
1738814400000,576.22000000,581.77000000,575.80000000,578.90000000,21244.63900000,12287695.65040000
1738828800000,578.90000000,581.24000000,575.48000000,578.80000000,28179.35100000,16313165.10599000
1738843200000,578.80000000,589.99000000,569.52000000,572.27000000,179363.24400000,104601904.86465000
1738857600000,572.28000000,579.96000000,571.60000000,574.95000000,50617.49300000,29125966.61364000
1738872000000,574.95000000,582.08000000,570.78000000,571.72000000,29312.35100000,16914944.92665000
1738886400000,571.71000000,582.61000000,571.24000000,579.72000000,29804.45800000,17222173.06060000
1738900800000,579.72000000,583.20000000,573.50000000,581.65000000,26616.55100000,15405026.97292000
1738915200000,581.64000000,588.28000000,580.28000000,584.24000000,37668.97000000,22030120.35685000
1738929600000,584.24000000,589.90000000,579.80000000,582.85000000,62473.36300000,36549651.88977000
1738944000000,582.84000000,586.56000000,579.99000000,581.42000000,32994.50600000,19205723.91116000
1738958400000,581.43000000,581.59000000,570.58000000,577.71000000,33116.03200000,19038645.76969000
1738972800000,577.70000000,580.26000000,573.62000000,576.80000000,24705.24700000,14253370.82198000
1738987200000,576.81000000,581.04000000,576.43000000,579.88000000,22198.71300000,12833450.76173000
1739001600000,579.88000000,582.84000000,577.45000000,582.66000000,18659.78100000,10825545.61286000
1739016000000,582.67000000,607.27000000,582.30000000,596.76000000,159073.03700000,95014705.60924000
1739030400000,596.76000000,632.32000000,596.01000000,625.16000000,181584.38400000,111836712.38274000
1739044800000,625.17000000,633.73000000,611.95000000,612.39000000,84584.38400000,52725414.42551000
1739059200000,612.39000000,618.01000000,610.35000000,616.27000000,58047.24600000,35624710.08151000
1739073600000,616.28000000,638.56000000,610.48000000,637.38000000,162887.00800000,102418973.41813000
1739088000000,637.38000000,648.13000000,628.49000000,629.83000000,277093.98300000,177228483.15391000
1739102400000,629.82000000,631.33000000,618.50000000,624.44000000,159866.20300000,99575162.66362000
1739116800000,624.44000000,628.33000000,615.00000000,617.54000000,53108.59800000,33061444.56042000
1739131200000,617.54000000,620.66000000,602.40000000,615.81000000,63088.03300000,38585687.70750000
1739145600000,615.81000000,622.42000000,596.24000000,606.43000000,109317.66400000,66354019.34457000
1739160000000,606.43000000,613.00000000,604.99000000,607.95000000,47023.36000000,28571386.64571000
1739174400000,607.93000000,610.40000000,602.42000000,606.14000000,52399.94600000,31729639.62491000
1739188800000,606.14000000,609.88000000,601.88000000,603.30000000,52996.74500000,32068304.63982000
1739203200000,603.30000000,615.64000000,603.00000000,612.28000000,66821.74800000,40854814.41352000
1739217600000,612.28000000,619.00000000,609.99000000,618.65000000,31569.57500000,19376031.21470000
1739232000000,618.65000000,626.82000000,615.08000000,622.13000000,56875.75800000,35279025.59044000
1739246400000,622.13000000,644.64000000,620.38000000,637.07000000,131315.73600000,83590843.65427000
1739260800000,637.07000000,645.99000000,637.04000000,643.41000000,73228.85400000,46943423.63443000
1739275200000,643.40000000,643.80000000,628.88000000,637.71000000,106131.41800000,67526920.19011000
1739289600000,637.71000000,637.76000000,625.80000000,628.47000000,59340.13600000,37438791.67066000
1739304000000,628.47000000,646.94000000,627.60000000,642.11000000,61647.38900000,39305176.99880000
1739318400000,642.12000000,647.40000000,631.51000000,631.93000000,54428.16500000,34766832.19069000
1739332800000,631.93000000,639.55000000,626.88000000,637.13000000,55195.38000000,34872950.40445000
1739347200000,637.13000000,654.61000000,636.56000000,646.16000000,89397.47300000,57782474.20771000
1739361600000,646.16000000,663.50000000,633.25000000,658.99000000,189177.06000000,122366229.15518000
1739376000000,659.00000000,693.53000000,655.16000000,692.88000000,261929.19300000,177206054.14730000
1739390400000,692.89000000,705.48000000,692.52000000,696.93000000,172089.35200000,120349732.06354000
1739404800000,696.92000000,725.00000000,694.90000000,717.18000000,255992.87600000,182390977.16601000
1739419200000,717.19000000,722.30000000,699.41000000,705.77000000,170402.97500000,120945157.39078000
1739433600000,705.78000000,711.96000000,694.68000000,710.63000000,130689.47700000,92029158.67681000
1739448000000,710.64000000,732.00000000,684.01000000,705.41000000,680140.56500000,482411677.32790000
1739462400000,705.40000000,708.00000000,658.28000000,667.48000000,450147.63900000,304327935.00451000
1739476800000,667.47000000,679.80000000,664.50000000,664.72000000,79548.16300000,53398247.90764000
1739491200000,664.73000000,684.52000000,660.01000000,683.19000000,128236.88900000,86409361.58558000
1739505600000,683.19000000,684.86000000,665.54000000,668.57000000,108301.17500000,72995181.68895000
1739520000000,668.58000000,679.30000000,662.00000000,664.16000000,158774.63100000,106472136.22297000
1739534400000,664.17000000,669.80000000,660.09000000,665.07000000,79381.36200000,52798623.37977000
1739548800000,665.07000000,673.97000000,661.87000000,668.92000000,103032.44500000,68858806.18582000
1739563200000,668.92000000,670.05000000,652.00000000,659.71000000,72734.37300000,47921376.30440000
1739577600000,659.72000000,663.99000000,653.46000000,660.92000000,43728.85500000,28828174.06934000
1739592000000,660.91000000,661.90000000,655.70000000,657.49000000,39345.40800000,25920138.10092000
1739606400000,657.49000000,660.50000000,653.55000000,658.47000000,41235.57400000,27107922.62676000
1739620800000,658.48000000,666.33000000,656.90000000,666.23000000,59162.92700000,39106116.72371000
1739635200000,666.22000000,671.43000000,661.45000000,661.75000000,54255.80000000,36180070.53353000
1739649600000,661.74000000,664.10000000,657.10000000,662.21000000,18222.33300000,12045652.89570000
1739664000000,662.21000000,665.70000000,655.87000000,660.09000000,31710.70200000,20936221.30878000
1739678400000,660.10000000,662.30000000,654.10000000,654.54000000,28452.84600000,18740927.65242000
1739692800000,654.55000000,671.01000000,653.11000000,669.47000000,74006.78000000,49115449.87412000
1739707200000,669.46000000,686.04000000,662.56000000,681.31000000,137565.00200000,92878567.82158000
1739721600000,681.31000000,681.31000000,670.01000000,675.88000000,55313.51600000,37372527.07127000
1739736000000,675.87000000,681.00000000,672.95000000,673.10000000,35157.11700000,23841347.72585000
1739750400000,673.10000000,678.33000000,668.99000000,672.51000000,41744.19300000,28091303.68825000
1739764800000,672.50000000,677.67000000,665.60000000,670.20000000,56994.14200000,38317686.61717000
1739779200000,670.20000000,674.25000000,665.91000000,673.07000000,61718.35900000,41371691.86318000
1739793600000,673.07000000,682.29000000,668.39000000,670.37000000,78996.69900000,53414140.88102000
1739808000000,670.38000000,673.49000000,657.99000000,662.75000000,63152.45600000,42021360.04003000
1739822400000,662.75000000,670.94000000,662.16000000,667.51000000,20744.42700000,13857417.31804000
1739836800000,667.52000000,668.30000000,662.32000000,665.63000000,22234.26200000,14784701.30917000
1739851200000,665.63000000,666.48000000,644.64000000,651.51000000,86333.00500000,56344345.32285000
1739865600000,651.51000000,656.50000000,642.81000000,655.47000000,59007.04900000,38414376.12664000
1739880000000,655.46000000,663.00000000,646.45000000,648.18000000,66310.53400000,43471346.25528000
1739894400000,648.18000000,651.80000000,629.65000000,640.94000000,107680.90500000,68634157.05536000
1739908800000,640.93000000,648.20000000,639.13000000,648.18000000,24791.23300000,15956605.20347000
1739923200000,648.19000000,650.30000000,636.99000000,649.90000000,62624.30300000,40281188.37765000
1739937600000,649.89000000,656.99000000,645.90000000,654.95000000,51161.88300000,33394517.70747000
1739952000000,654.96000000,660.35000000,648.72000000,659.32000000,97158.40000000,63687455.92618000
1739966400000,659.32000000,664.44000000,648.95000000,652.59000000,56992.08600000,37363565.29398000
1739980800000,652.59000000,657.53000000,648.13000000,651.11000000,36758.68800000,24013653.44527000
1739995200000,651.11000000,655.55000000,648.96000000,653.38000000,48102.88300000,31353227.56838000
1740009600000,653.38000000,655.20000000,648.54000000,653.82000000,56036.18700000,36531072.49847000
1740024000000,653.82000000,655.29000000,646.53000000,648.95000000,32107.78000000,20876354.59251000
1740038400000,648.95000000,651.25000000,647.14000000,648.28000000,27657.97400000,17951969.75033000
1740052800000,648.28000000,654.40000000,645.88000000,648.01000000,38999.01300000,25340923.52939000
1740067200000,648.02000000,657.84000000,647.53000000,656.50000000,34852.43300000,22760029.58389000
1740081600000,656.50000000,659.03000000,653.65000000,656.36000000,26240.98100000,17223296.03353000
1740096000000,656.36000000,657.57000000,650.67000000,651.41000000,22139.20300000,14455397.47983000
1740110400000,651.41000000,655.75000000,650.55000000,655.75000000,23204.59800000,15146424.18315000
1740124800000,655.74000000,665.22000000,655.06000000,662.05000000,50336.59100000,33227980.30424000
1740139200000,662.05000000,668.50000000,649.12000000,657.93000000,99878.68700000,66019987.02919000
1740153600000,657.93000000,662.52000000,635.00000000,639.55000000,83923.54000000,54522541.15014000
1740168000000,639.56000000,647.50000000,639.01000000,647.47000000,37844.53600000,24364797.20356000
1740182400000,647.47000000,651.75000000,645.21000000,650.21000000,27227.17000000,17680473.46321000
1740196800000,650.21000000,659.97000000,649.56000000,654.75000000,31428.68500000,20602412.37167000
1740211200000,654.74000000,658.86000000,653.16000000,656.14000000,21881.97700000,14370443.64199000
1740225600000,656.14000000,659.42000000,654.41000000,658.40000000,21051.06900000,13818268.14405000
1740240000000,658.41000000,679.90000000,657.97000000,675.70000000,156456.41100000,104694452.41014000
1740254400000,675.70000000,678.40000000,667.36000000,668.57000000,39877.87200000,26735515.77638000
1740268800000,668.57000000,671.10000000,665.60000000,665.92000000,27368.27200000,18283608.40259000
1740283200000,665.92000000,668.59000000,664.41000000,666.88000000,26963.95500000,17970839.81854000
1740297600000,666.89000000,667.30000000,658.91000000,659.32000000,31097.81900000,20607254.36148000
1740312000000,659.32000000,659.32000000,648.49000000,648.83000000,43029.09100000,28174712.59622000
1740326400000,648.83000000,655.00000000,648.54000000,654.43000000,21319.41700000,13913689.10103000
1740340800000,654.42000000,659.10000000,652.60000000,658.42000000,16879.45900000,11064831.31332000
1740355200000,658.41000000,659.56000000,643.50000000,645.15000000,32781.69900000,21333300.18918000
1740369600000,645.15000000,646.68000000,637.05000000,644.47000000,55348.78500000,35518261.06034000
1740384000000,644.47000000,645.00000000,635.84000000,640.08000000,50528.61300000,32324837.94543000
1740398400000,640.09000000,644.00000000,630.10000000,635.24000000,65972.97500000,41988448.39828000
1740412800000,635.25000000,639.75000000,622.00000000,628.46000000,46719.31500000,29563599.44662000
1740427200000,628.48000000,634.92000000,610.60000000,614.20000000,108795.76600000,67547156.67002000
1740441600000,614.19000000,621.45000000,604.32000000,607.05000000,111849.73800000,68468102.48492000
1740456000000,607.06000000,613.02000000,586.00000000,599.41000000,176300.66900000,105639251.98910000
1740470400000,599.41000000,613.59000000,594.42000000,611.17000000,146872.14600000,88825981.95818000
1740484800000,611.18000000,616.80000000,601.00000000,609.15000000,103269.84600000,62949109.93930000
1740499200000,609.16000000,620.00000000,604.70000000,619.55000000,56294.90900000,34473538.18901000
1740513600000,619.54000000,628.70000000,617.70000000,623.49000000,52847.30400000,32979877.00671000
1740528000000,623.49000000,632.14000000,622.91000000,630.51000000,44391.49700000,27859231.23488000
1740542400000,630.51000000,631.24000000,621.01000000,623.70000000,44055.18500000,27524632.64526000
1740556800000,623.70000000,631.00000000,619.84000000,624.56000000,33370.88700000,20900203.51269000
1740571200000,624.56000000,626.30000000,609.09000000,623.67000000,91421.04700000,56443485.55545000
1740585600000,623.68000000,625.04000000,595.60000000,601.87000000,117467.23000000,71352533.23990000
1740600000000,601.87000000,619.00000000,594.07000000,611.57000000,97329.58500000,59212153.36276000
1740614400000,611.57000000,616.20000000,606.04000000,613.28000000,43666.80900000,26698243.65154000
1740628800000,613.27000000,619.77000000,608.60000000,617.77000000,70488.86100000,43295530.67352000
1740643200000,617.77000000,618.40000000,610.86000000,611.91000000,39252.28400000,24140843.81159000
1740657600000,611.91000000,612.75000000,600.90000000,606.59000000,60477.72900000,36784908.69701000
1740672000000,606.60000000,609.72000000,602.32000000,605.29000000,35747.10000000,21668817.83187000
1740686400000,605.30000000,607.05000000,595.84000000,605.41000000,45885.33300000,27626203.44112000
1740700800000,605.41000000,606.33000000,572.07000000,573.01000000,192321.21800000,112627608.64308000
1740715200000,573.03000000,578.46000000,564.20000000,567.18000000,145382.02200000,83056800.23504000
1740729600000,567.19000000,579.20000000,559.71000000,571.36000000,99140.44000000,56530880.30577000
1740744000000,571.36000000,593.76000000,567.90000000,588.48000000,85620.67300000,49738299.88782000
1740758400000,588.48000000,592.94000000,584.90000000,587.91000000,44716.36700000,26322597.21070000
1740772800000,587.90000000,589.12000000,583.80000000,588.07000000,33818.59900000,19823844.32886000
1740787200000,588.07000000,598.88000000,586.40000000,591.90000000,58910.06800000,34928443.71482000
1740801600000,591.90000000,597.29000000,591.71000000,595.82000000,55582.27000000,33065880.80902000
1740816000000,595.82000000,596.57000000,591.56000000,591.64000000,60352.73000000,35900085.06412000
1740830400000,591.64000000,605.20000000,591.07000000,604.61000000,57840.53800000,34626060.97986000
1740844800000,604.60000000,609.24000000,602.91000000,605.10000000,39383.69500000,23865336.32488000
1740859200000,605.09000000,609.48000000,604.00000000,607.93000000,20185.05500000,12241458.46323000
1740873600000,607.94000000,611.31000000,605.76000000,607.19000000,24989.44700000,15210982.61747000
1740888000000,607.19000000,611.80000000,607.16000000,610.43000000,15897.25200000,9692089.70432000
1740902400000,610.44000000,611.14000000,606.84000000,608.21000000,25312.00000000,15410382.53430000
1740916800000,608.22000000,618.90000000,601.50000000,613.55000000,78338.29400000,47892660.92295000
1740931200000,613.55000000,635.01000000,612.35000000,625.62000000,248540.70300000,155513188.83562000
1740945600000,625.62000000,627.16000000,615.03000000,623.94000000,75991.53400000,47202956.81635000
1740960000000,623.94000000,624.36000000,607.67000000,611.07000000,99768.42300000,61347609.25806000
1740974400000,611.06000000,613.90000000,597.73000000,607.75000000,68527.67200000,41540936.15701000
1740988800000,607.75000000,607.77000000,595.47000000,603.27000000,58771.35200000,35325621.88345000
1741003200000,603.26000000,607.92000000,585.31000000,591.83000000,90521.84100000,54012381.86743000
1741017600000,591.84000000,597.80000000,571.43000000,573.17000000,117896.21300000,68815783.70069000
1741032000000,573.17000000,579.80000000,567.50000000,576.10000000,62464.37800000,35888740.46688000
1741046400000,576.09000000,580.44000000,546.83000000,560.69000000,166127.11200000,93133528.72687000
1741060800000,560.69000000,567.73000000,559.00000000,564.91000000,47330.01300000,26645836.67659000
1741075200000,564.91000000,572.20000000,563.40000000,571.17000000,47052.73400000,26726934.39113000
1741089600000,571.17000000,579.61000000,562.21000000,570.70000000,109859.25100000,62622031.84272000
1741104000000,570.70000000,583.52000000,555.01000000,583.51000000,77002.61900000,43904748.26446000
1741118400000,583.50000000,588.75000000,578.28000000,584.01000000,41498.12200000,24221286.15527000
1741132800000,584.01000000,592.01000000,580.57000000,585.89000000,41885.72800000,24622157.52660000
1741147200000,585.90000000,594.00000000,585.68000000,593.31000000,24141.07000000,14267040.03818000
1741161600000,593.32000000,606.06000000,593.25000000,598.63000000,57526.79100000,34523345.98214000
1741176000000,598.62000000,599.77000000,589.50000000,591.19000000,39781.28400000,23647658.22168000
1741190400000,591.19000000,597.31000000,587.62000000,594.99000000,24146.27600000,14299269.74250000
1741204800000,594.99000000,599.14000000,594.60000000,598.24000000,18724.83900000,11176699.36435000
1741219200000,598.25000000,605.79000000,596.80000000,601.90000000,23287.66800000,14009668.21908000
1741233600000,601.91000000,612.90000000,601.90000000,604.68000000,84569.36600000,51388523.60123000
1741248000000,604.69000000,605.80000000,599.55000000,603.89000000,25965.14800000,15654092.21456000
1741262400000,603.89000000,604.34000000,594.09000000,600.30000000,38522.27200000,23100436.87024000
1741276800000,600.30000000,601.24000000,589.20000000,593.61000000,29106.96100000,17305694.58427000
1741291200000,593.61000000,601.40000000,593.19000000,596.50000000,22249.97500000,13294959.73816000
1741305600000,596.49000000,600.35000000,577.23000000,593.76000000,83184.85100000,48937364.28416000
1741320000000,593.75000000,603.25000000,593.39000000,599.40000000,50481.88800000,30246947.44509000
1741334400000,599.39000000,602.70000000,598.04000000,599.69000000,20812.90400000,12494632.50216000
1741348800000,599.70000000,610.20000000,597.47000000,604.18000000,61217.67900000,37016880.79719000
1741363200000,604.17000000,606.10000000,597.05000000,600.00000000,39540.62600000,23758300.88556000
1741377600000,600.00000000,601.80000000,590.15000000,594.77000000,34125.98500000,20296303.01003000
1741392000000,594.77000000,597.21000000,590.11000000,596.30000000,18048.40800000,10731354.13075000
1741406400000,596.30000000,600.20000000,595.51000000,596.80000000,34501.88000000,20629321.74754000
1741420800000,596.80000000,598.40000000,592.57000000,594.12000000,16541.71600000,9853200.38248000
1741435200000,594.13000000,599.54000000,593.20000000,599.45000000,18548.93300000,11079696.51128000
1741449600000,599.46000000,602.77000000,595.21000000,598.24000000,19583.00600000,11739796.85608000
1741464000000,598.24000000,598.81000000,593.08000000,593.10000000,9996.68800000,5957831.33669000
1741478400000,593.10000000,593.10000000,586.52000000,588.42000000,23611.97000000,13922088.89959000
1741492800000,588.42000000,588.84000000,583.87000000,585.95000000,17201.36500000,10078493.33832000
1741507200000,585.96000000,586.40000000,575.30000000,578.26000000,30575.62600000,17758674.66337000
1741521600000,578.26000000,578.84000000,566.00000000,566.73000000,45709.39000000,26132545.42784000
1741536000000,566.72000000,570.73000000,550.22000000,560.56000000,88523.13200000,49454484.40865000
1741550400000,560.56000000,563.43000000,550.20000000,554.65000000,40761.42100000,22668947.82357000
1741564800000,554.65000000,563.14000000,550.00000000,560.65000000,71533.96500000,39947029.75519000
1741579200000,560.65000000,566.88000000,560.34000000,564.61000000,23431.14900000,13216803.77978000
1741593600000,564.62000000,573.40000000,559.07000000,567.48000000,53792.21000000,30416109.77291000
1741608000000,567.48000000,570.00000000,541.69000000,550.39000000,90410.60500000,49956480.73079000
1741622400000,550.39000000,551.13000000,523.01000000,537.74000000,135151.83600000,72437138.29893000
1741636800000,537.74000000,541.47000000,530.91000000,531.49000000,35834.85500000,19213699.38174000
1741651200000,531.49000000,538.78000000,507.00000000,533.22000000,157044.45800000,81950991.57890000
1741665600000,533.22000000,558.42000000,532.50000000,558.18000000,85965.07700000,46931628.08838000
1741680000000,558.17000000,566.00000000,546.33000000,548.01000000,263548.40500000,146807888.29982000
1741694400000,548.00000000,554.74000000,537.13000000,548.94000000,115724.27000000,63244481.60899000
1741708800000,548.94000000,560.91000000,545.30000000,555.94000000,49629.23800000,27436136.96772000
1741723200000,555.94000000,557.50000000,551.11000000,551.61000000,19959.07300000,11077063.14449000
1741737600000,551.61000000,557.14000000,546.63000000,547.05000000,33294.34600000,18345554.32514000
1741752000000,547.06000000,556.29000000,544.63000000,555.81000000,45569.84800000,25082402.56837000
1741766400000,555.80000000,560.29000000,554.22000000,559.01000000,35156.17000000,19598526.42791000
1741780800000,559.00000000,574.59000000,548.34000000,552.48000000,172489.94500000,96728121.61696000
1741795200000,552.49000000,567.84000000,551.50000000,566.73000000,43842.94300000,24561478.58530000
1741809600000,566.71000000,574.95000000,566.35000000,569.87000000,36870.95900000,21052001.76149000
1741824000000,569.87000000,577.80000000,567.99000000,577.39000000,40626.81700000,23309686.14873000
1741838400000,577.39000000,582.30000000,574.00000000,578.29000000,46411.03000000,26853626.54221000
1741852800000,578.30000000,582.82000000,573.16000000,578.60000000,46329.92100000,26820792.78764000
1741867200000,578.59000000,613.71000000,576.22000000,581.50000000,414867.45800000,245497453.15560000
1741881600000,581.51000000,583.58000000,571.81000000,577.21000000,74091.86200000,42833839.15510000
1741896000000,577.21000000,579.84000000,571.13000000,579.80000000,25169.94000000,14506904.43079000
1741910400000,579.80000000,584.63000000,577.91000000,582.83000000,28460.51000000,16548128.33529000
1741924800000,582.83000000,586.80000000,576.61000000,576.62000000,30765.36900000,17890205.67836000
1741939200000,576.63000000,581.25000000,576.62000000,578.69000000,37919.48100000,21962250.94167000
1741953600000,578.69000000,588.87000000,577.77000000,584.61000000,52245.13100000,30498006.24321000
1741968000000,584.61000000,589.50000000,581.76000000,588.21000000,39945.00000000,23399208.26075000
1741982400000,588.21000000,589.81000000,584.73000000,587.76000000,23676.59100000,13896332.12639000
1741996800000,587.76000000,594.68000000,587.49000000,593.16000000,35987.64600000,21312949.61778000
1742011200000,593.16000000,595.10000000,589.58000000,590.73000000,26749.43400000,15860514.05195000
1742025600000,590.74000000,597.99000000,590.74000000,596.00000000,26503.54700000,15772630.17969000
1742040000000,596.00000000,603.51000000,595.50000000,603.09000000,36905.38100000,22117849.98919000
1742054400000,603.09000000,616.50000000,602.02000000,611.52000000,85690.15500000,52372966.76267000
1742068800000,611.52000000,619.96000000,611.50000000,619.83000000,42487.84600000,26201610.66510000
1742083200000,619.82000000,622.80000000,605.50000000,609.39000000,62979.78300000,38662590.98090000
1742097600000,609.39000000,609.55000000,604.56000000,604.96000000,22864.44400000,13890718.95726000
1742112000000,604.96000000,608.00000000,593.06000000,595.00000000,51341.93700000,30801030.44266000
1742126400000,595.00000000,603.53000000,594.07000000,600.84000000,56664.18800000,33966603.42490000
1742140800000,600.84000000,607.23000000,595.46000000,598.74000000,41175.09800000,24834379.58267000
1742155200000,598.74000000,603.60000000,597.20000000,602.20000000,20748.86600000,12465067.76184000
1742169600000,602.21000000,629.42000000,602.04000000,625.45000000,111858.73100000,69359510.03044000
1742184000000,625.45000000,634.10000000,621.61000000,629.83000000,121760.75300000,76560402.13635000
1742198400000,629.83000000,643.72000000,628.69000000,630.72000000,155971.77500000,99261059.55395000
1742212800000,630.72000000,635.50000000,624.39000000,629.99000000,114923.24400000,72359086.57383000
1742227200000,629.99000000,631.68000000,624.52000000,628.10000000,46852.14900000,29407978.28767000
1742241600000,628.10000000,632.70000000,622.27000000,631.69000000,40301.53200000,25265585.17260000
1742256000000,631.68000000,637.31000000,620.28000000,628.29000000,84227.28400000,53012215.94103000
1742270400000,628.30000000,637.20000000,628.10000000,633.12000000,73556.65300000,46565606.64914000
1742284800000,633.11000000,643.33000000,629.80000000,631.22000000,119751.13600000,76352642.41818000
1742299200000,631.23000000,634.35000000,621.85000000,627.52000000,88087.08300000,55289072.24578000
1742313600000,627.51000000,635.60000000,627.14000000,632.20000000,47136.89400000,29804171.08502000
1742328000000,632.20000000,633.19000000,626.64000000,627.81000000,30678.78300000,19303416.53468000
1742342400000,627.81000000,628.20000000,612.89000000,618.65000000,70043.63900000,43398165.27497000
1742356800000,618.65000000,619.80000000,615.30000000,615.60000000,31429.90400000,19409818.82322000
1742371200000,615.60000000,621.78000000,612.84000000,617.36000000,71049.18800000,43885630.92820000
1742385600000,617.36000000,618.03000000,604.36000000,609.99000000,104465.04500000,63693346.62682000
1742400000000,609.99000000,622.50000000,607.65000000,615.76000000,85586.03900000,52589439.21566000
1742414400000,615.67000000,621.00000000,612.87000000,618.70000000,37419.83000000,23085513.71845000
1742428800000,618.71000000,628.20000000,617.30000000,624.70000000,68253.44300000,42522406.60612000
1742443200000,624.70000000,629.41000000,623.27000000,624.20000000,43917.88600000,27507432.74495000
1742457600000,624.21000000,637.75000000,620.62000000,626.73000000,241360.13500000,152479588.89613000
1742472000000,626.74000000,631.17000000,621.37000000,624.09000000,132801.95700000,83148232.04187000
1742486400000,624.08000000,628.41000000,616.55000000,627.10000000,51904.55000000,32286777.76109000
1742500800000,627.10000000,632.72000000,625.25000000,630.47000000,40234.15400000,25338688.52948000
1742515200000,630.47000000,631.95000000,626.60000000,629.95000000,47095.98500000,29644165.85459000
1742529600000,629.94000000,634.45000000,628.84000000,629.38000000,52330.99600000,33040981.84124000
1742544000000,629.38000000,635.99000000,624.92000000,635.10000000,55643.07400000,35165333.47978000
1742558400000,635.10000000,637.80000000,630.61000000,634.22000000,52814.62900000,33527757.87872000
1742572800000,634.23000000,637.21000000,631.50000000,635.21000000,34170.07400000,21715265.65267000
1742587200000,635.21000000,636.41000000,631.74000000,635.17000000,20150.81100000,12782851.18952000
1742601600000,635.16000000,636.10000000,628.82000000,630.42000000,28492.61700000,18020580.82874000
1742616000000,630.42000000,633.49000000,627.94000000,631.14000000,21701.70800000,13683064.23526000
1742630400000,631.14000000,633.07000000,625.18000000,627.62000000,26138.04800000,16461593.45197000
1742644800000,627.62000000,629.07000000,623.79000000,625.70000000,31468.80000000,19712305.98443000
1742659200000,625.70000000,627.07000000,623.94000000,626.20000000,17747.25600000,11108811.68525000
1742673600000,626.20000000,629.10000000,624.80000000,627.01000000,14657.65400000,9189238.51639000
1742688000000,627.01000000,629.14000000,622.96000000,624.06000000,28316.39500000,17701379.72639000
1742702400000,624.06000000,624.36000000,621.99000000,622.88000000,24510.95500000,15276806.94494000
1742716800000,622.87000000,624.63000000,620.01000000,621.70000000,31301.59000000,19470048.55428000
1742731200000,621.70000000,624.73000000,620.71000000,621.35000000,27993.58300000,17436727.25712000
1742745600000,621.35000000,624.09000000,619.50000000,623.11000000,27962.99800000,17397686.56937000
1742760000000,623.10000000,624.30000000,620.51000000,623.79000000,15517.05700000,9661781.53978000
1742774400000,623.80000000,627.30000000,618.00000000,623.28000000,53648.67900000,33418200.81427000
1742788800000,623.29000000,626.07000000,620.75000000,623.06000000,36263.06400000,22629932.72109000
1742803200000,623.05000000,632.16000000,622.01000000,630.75000000,47844.40900000,30039831.59798000
1742817600000,630.75000000,632.35000000,624.60000000,631.04000000,69265.08700000,43516127.99764000
1742832000000,631.05000000,639.50000000,629.90000000,636.26000000,73169.72400000,46502776.76954000
1742846400000,636.25000000,638.50000000,632.30000000,637.08000000,27385.02800000,17405158.46195000
1742860800000,637.08000000,642.00000000,632.82000000,640.09000000,59367.67300000,37897108.51163000
1742875200000,640.09000000,644.88000000,638.40000000,641.51000000,61102.77200000,39210501.90840000
1742889600000,641.51000000,643.60000000,632.95000000,634.41000000,269376.96300000,171863045.09602000
1742904000000,634.42000000,635.57000000,630.70000000,633.90000000,100901.29600000,63897034.66311000
1742918400000,633.89000000,633.95000000,630.01000000,631.25000000,37621.51600000,23762640.30701000
1742932800000,631.26000000,632.46000000,627.05000000,629.82000000,26201.33700000,16507269.16896000
1742947200000,629.82000000,631.94000000,627.48000000,628.13000000,31562.96400000,19866517.50030000
1742961600000,628.13000000,634.01000000,627.94000000,633.46000000,25479.71100000,16084952.57875000
1742976000000,633.46000000,633.81000000,630.00000000,631.39000000,28300.70300000,17874510.03304000
1742990400000,631.39000000,631.39000000,622.90000000,624.65000000,67270.34900000,42157266.68889000
1743004800000,624.65000000,625.01000000,615.30000000,618.48000000,40335.68400000,25019704.40733000
1743019200000,618.48000000,620.94000000,615.78000000,617.99000000,29144.42400000,18014169.01776000
1743033600000,618.00000000,627.01000000,617.20000000,626.66000000,24516.71000000,15281428.26596000
1743048000000,626.65000000,636.94000000,625.11000000,635.30000000,49013.11200000,31000735.77551000
1743062400000,635.30000000,642.50000000,632.36000000,632.72000000,304088.05600000,193811218.43657000
1743076800000,632.71000000,639.90000000,625.79000000,637.02000000,247391.54100000,155960090.94073000
1743091200000,637.02000000,641.51000000,635.29000000,639.87000000,81145.17500000,51845634.43771000
1743105600000,639.88000000,640.79000000,636.62000000,637.36000000,37247.25300000,23793150.68618000
1743120000000,637.36000000,637.51000000,632.22000000,633.50000000,49443.63000000,31402845.85387000
1743134400000,633.50000000,635.11000000,627.76000000,628.54000000,90782.64600000,57255182.51228000
1743148800000,628.54000000,634.00000000,626.70000000,633.68000000,47891.07900000,30143416.84696000
1743163200000,633.67000000,633.85000000,623.72000000,625.42000000,57175.47600000,35876045.98762000
1743177600000,625.42000000,626.84000000,619.00000000,619.08000000,43296.88400000,26969676.20692000
1743192000000,619.08000000,620.61000000,616.00000000,619.81000000,29227.44500000,18073834.27202000
1743206400000,619.81000000,623.84000000,608.94000000,613.02000000,48620.23300000,30016066.87321000
1743220800000,613.02000000,614.23000000,603.00000000,607.80000000,42567.92800000,25873499.66380000
1743235200000,607.79000000,610.84000000,599.23000000,601.08000000,49176.05700000,29747849.74488000
1743249600000,601.09000000,608.50000000,599.78000000,604.73000000,34800.47300000,21056243.09472000
1743264000000,604.72000000,607.30000000,596.97000000,605.80000000,61076.33700000,36769481.19453000
1743278400000,605.79000000,606.00000000,600.91000000,602.99000000,18181.23300000,10958757.50675000
1743292800000,603.00000000,613.37000000,600.48000000,609.00000000,35878.80200000,21795734.01289000
1743307200000,608.99000000,612.45000000,606.41000000,606.63000000,25432.10400000,15507479.03390000
1743321600000,606.62000000,610.38000000,604.00000000,605.03000000,27899.08900000,16928640.30376000
1743336000000,605.02000000,606.96000000,601.08000000,602.16000000,40117.61600000,24222489.04679000
1743350400000,602.15000000,606.10000000,598.06000000,603.93000000,30573.75100000,18406130.46982000
1743364800000,603.94000000,604.20000000,593.58000000,602.20000000,35748.04300000,21443895.16591000
1743379200000,602.20000000,606.73000000,595.43000000,599.35000000,52052.44700000,31289835.98279000
1743393600000,599.34000000,604.67000000,594.24000000,595.99000000,30680.55600000,18412930.55535000
1743408000000,595.98000000,597.91000000,587.26000000,595.77000000,49859.59700000,29545648.58071000
1743422400000,595.78000000,606.70000000,593.94000000,604.23000000,75899.16000000,45639745.40055000
1743436800000,604.23000000,608.89000000,602.68000000,605.25000000,31440.67500000,19054257.29293000
1743451200000,605.26000000,607.30000000,603.24000000,604.81000000,14831.83400000,8980347.00725000
1743465600000,604.81000000,609.86000000,604.46000000,609.03000000,20927.62600000,12708779.46019000
1743480000000,609.02000000,611.38000000,606.80000000,610.39000000,28183.17100000,17172761.82836000
1743494400000,610.39000000,618.54000000,606.40000000,607.50000000,85529.21700000,52453386.48382000
1743508800000,607.51000000,617.33000000,607.46000000,615.26000000,207345.88200000,127523541.24848000
1743523200000,615.25000000,615.89000000,606.71000000,608.66000000,190950.36400000,116609330.29068000
1743537600000,608.66000000,614.99000000,607.70000000,611.13000000,32666.80900000,19953290.51071000
1743552000000,611.12000000,611.66000000,600.04000000,601.39000000,49424.39400000,29870817.10140000
1743566400000,601.39000000,602.26000000,596.80000000,601.04000000,44427.48500000,26629970.34136000
1743580800000,601.05000000,606.58000000,599.50000000,599.87000000,36549.35000000,22041072.47275000
1743595200000,599.87000000,609.99000000,598.51000000,604.62000000,126709.21700000,76547357.56323000
1743609600000,604.62000000,607.87000000,601.82000000,605.71000000,54448.15300000,32973206.07634000
1743624000000,605.72000000,614.00000000,584.85000000,590.68000000,87949.35800000,52549590.39972000
1743638400000,590.67000000,610.58000000,588.20000000,601.33000000,90160.23900000,54200572.64553000
1743652800000,601.34000000,609.34000000,598.71000000,600.01000000,128142.91700000,77495013.64583000
1743667200000,600.00000000,602.20000000,592.61000000,593.19000000,154622.00100000,92454906.90116000
1743681600000,593.20000000,594.38000000,578.46000000,586.25000000,89894.60200000,52677323.09970000
1743696000000,586.25000000,590.00000000,585.79000000,588.40000000,26196.21200000,15404882.58736000
1743710400000,588.41000000,593.28000000,587.73000000,592.67000000,18912.54300000,11173897.89101000
1743724800000,592.68000000,594.51000000,589.00000000,593.18000000,21402.38800000,12684115.12438000
1743739200000,593.18000000,599.06000000,591.29000000,598.30000000,19509.90300000,11616880.26542000
1743753600000,598.31000000,599.85000000,585.00000000,588.86000000,47566.71400000,28233936.88469000
1743768000000,588.85000000,597.60000000,585.64000000,593.67000000,50117.84500000,29642035.92115000
1743782400000,593.67000000,599.48000000,592.00000000,597.18000000,24630.06100000,14680096.00385000
1743796800000,597.19000000,600.00000000,596.20000000,597.71000000,13918.49400000,8324751.02556000
1743811200000,597.71000000,599.00000000,594.89000000,596.12000000,15198.90400000,9075514.75100000
1743825600000,596.12000000,597.23000000,593.01000000,595.65000000,15966.92000000,9502380.05943000
1743840000000,595.64000000,598.52000000,595.43000000,596.92000000,12144.52200000,7251041.19643000
1743854400000,596.92000000,597.30000000,590.79000000,591.82000000,20871.99900000,12397123.56799000
1743868800000,591.81000000,593.66000000,590.80000000,590.98000000,9511.53800000,5636438.70574000
1743883200000,590.99000000,594.53000000,588.71000000,593.13000000,12244.19600000,7244328.96230000
1743897600000,593.13000000,593.78000000,590.16000000,591.87000000,14262.96000000,8440845.82701000
1743912000000,591.87000000,593.47000000,590.16000000,590.31000000,31388.94100000,18571345.51837000
1743926400000,590.31000000,590.70000000,587.10000000,589.11000000,20505.20800000,12069840.66780000
1743940800000,589.11000000,589.16000000,579.19000000,581.24000000,36448.88600000,21246297.68803000
1743955200000,581.24000000,581.24000000,552.02000000,558.81000000,142264.84800000,80386442.35140000
1743969600000,558.80000000,560.22000000,544.17000000,555.54000000,87385.42200000,48320927.65293000
1743984000000,555.55000000,565.64000000,546.49000000,550.18000000,77898.08200000,43371719.53871000
1743998400000,550.17000000,553.74000000,520.00000000,530.10000000,201008.52800000,107438752.87922000
1744012800000,530.08000000,548.60000000,529.14000000,540.00000000,174058.89600000,94280072.44387000
1744027200000,540.01000000,567.60000000,539.66000000,552.01000000,203767.76900000,112821834.93644000
1744041600000,552.00000000,557.19000000,546.45000000,553.79000000,46268.43700000,25569618.81574000
1744056000000,553.80000000,559.88000000,553.77000000,554.60000000,24292.14800000,13546710.33580000
1744070400000,554.60000000,565.27000000,553.16000000,561.69000000,36758.60800000,20587968.48921000
1744084800000,561.68000000,566.00000000,556.40000000,560.25000000,32012.09200000,17978058.91729000
1744099200000,560.24000000,564.17000000,555.43000000,563.82000000,24370.96000000,13617726.20009000
1744113600000,563.82000000,565.87000000,556.50000000,559.79000000,40466.18600000,22746328.54287000
1744128000000,559.79000000,561.84000000,547.64000000,552.89000000,53700.62100000,29763485.72976000
1744142400000,552.89000000,558.40000000,551.72000000,553.72000000,24883.39300000,13819267.57200000
1744156800000,553.72000000,554.76000000,534.30000000,542.69000000,80340.24700000,43723730.64375000
1744171200000,542.69000000,557.80000000,541.61000000,556.62000000,45950.21100000,25298907.24121000
1744185600000,556.61000000,559.48000000,548.97000000,550.34000000,46039.24100000,25567560.82955000
1744200000000,550.34000000,563.62000000,548.90000000,561.25000000,41245.96600000,23047624.15865000
1744214400000,561.25000000,585.97000000,560.85000000,579.75000000,131613.96100000,76046295.74694000
1744228800000,579.76000000,584.83000000,579.16000000,582.32000000,33180.50100000,19320792.12633000
1744243200000,582.32000000,582.51000000,572.08000000,575.27000000,38920.35300000,22489218.59362000
1744257600000,575.26000000,580.27000000,574.45000000,579.47000000,26027.52900000,15049003.37317000
1744272000000,579.47000000,583.58000000,574.57000000,575.69000000,134032.80200000,77450450.22751000
1744286400000,575.69000000,580.80000000,566.80000000,568.06000000,121176.38100000,69700066.61151000
1744300800000,568.05000000,576.76000000,566.17000000,574.94000000,30964.79800000,17710135.80750000
1744315200000,574.94000000,578.56000000,574.10000000,578.03000000,18098.00000000,10433911.84368000
1744329600000,578.03000000,580.65000000,575.70000000,580.19000000,34723.01100000,20093368.03196000
1744344000000,580.19000000,582.36000000,578.39000000,581.46000000,24731.06700000,14350722.31997000
1744358400000,581.46000000,585.12000000,579.33000000,583.12000000,31256.77900000,18205029.04350000
1744372800000,583.13000000,585.93000000,580.29000000,585.28000000,38433.55900000,22434672.59750000
1744387200000,585.28000000,590.36000000,583.83000000,588.16000000,28710.78000000,16880706.38227000
1744401600000,588.15000000,589.70000000,585.76000000,585.93000000,16845.52400000,9901545.16786000
1744416000000,585.93000000,590.59000000,584.53000000,585.05000000,24553.03800000,14392542.74646000
1744430400000,585.04000000,589.27000000,584.00000000,588.89000000,19957.56900000,11719118.76323000
1744444800000,588.88000000,591.58000000,588.70000000,590.25000000,26549.66400000,15667370.73414000
1744459200000,590.25000000,600.48000000,589.50000000,599.22000000,49919.33300000,29780385.06447000
1744473600000,599.23000000,600.03000000,594.75000000,596.26000000,17233.26400000,10287803.10144000
1744488000000,596.25000000,599.82000000,596.25000000,597.29000000,13055.84000000,7808064.10626000
1744502400000,597.30000000,598.67000000,593.13000000,595.90000000,15712.40000000,9358766.05859000
1744516800000,595.90000000,595.93000000,590.90000000,593.33000000,18548.89700000,11004775.59160000
1744531200000,593.34000000,594.67000000,587.39000000,588.40000000,18631.86700000,11013462.25501000
1744545600000,588.39000000,590.00000000,583.33000000,584.22000000,40341.23300000,23627456.03157000
1744560000000,584.23000000,589.27000000,580.32000000,582.76000000,32219.07000000,18859155.74502000
1744574400000,582.76000000,585.20000000,580.72000000,584.28000000,19442.81800000,11336569.88622000
1744588800000,584.29000000,592.00000000,583.80000000,588.20000000,37689.44600000,22164532.09411000
1744603200000,588.20000000,590.87000000,587.05000000,590.76000000,25129.51300000,14799922.93658000
1744617600000,590.76000000,592.90000000,588.48000000,592.60000000,21778.07300000,12866568.32877000
1744632000000,592.60000000,593.10000000,585.45000000,585.66000000,33763.42600000,19911389.59939000
1744646400000,585.66000000,587.88000000,583.14000000,587.25000000,22497.92000000,13172826.88432000
1744660800000,587.25000000,587.41000000,584.13000000,584.54000000,12969.41700000,7598336.21934000
1744675200000,584.53000000,587.61000000,582.70000000,587.61000000,24079.96600000,14089209.30626000
1744689600000,587.60000000,590.17000000,586.11000000,589.57000000,24431.96600000,14381931.05154000
1744704000000,589.58000000,590.84000000,587.33000000,588.59000000,25887.35300000,15250886.52159000
1744718400000,588.59000000,590.28000000,584.00000000,584.53000000,33619.97800000,19731196.31378000
1744732800000,584.54000000,585.48000000,582.07000000,583.66000000,16236.88300000,9480562.34951000
1744747200000,583.65000000,583.75000000,579.38000000,579.52000000,17384.43300000,10105628.58232000
1744761600000,579.52000000,584.00000000,576.00000000,583.30000000,31854.97600000,18486561.45818000
1744776000000,583.30000000,584.30000000,577.69000000,578.25000000,28050.69400000,16302942.99484000
1744790400000,578.24000000,583.00000000,576.72000000,582.09000000,33427.52400000,19381372.39882000
1744804800000,582.09000000,585.40000000,578.90000000,583.44000000,29650.50600000,17273013.69695000
1744819200000,583.44000000,587.00000000,576.50000000,584.80000000,37179.24300000,21638523.71458000
1744833600000,584.79000000,585.64000000,582.60000000,582.80000000,14375.00500000,8402341.24310000
1744848000000,582.80000000,584.78000000,581.00000000,582.07000000,14432.00900000,8414167.41996000
1744862400000,582.07000000,584.77000000,581.65000000,583.44000000,14882.23200000,8674107.99023000
1744876800000,583.45000000,586.86000000,581.86000000,586.20000000,40356.32200000,23601659.29971000
1744891200000,586.19000000,590.32000000,584.09000000,589.75000000,37183.91600000,21837861.84157000
1744905600000,589.74000000,592.97000000,588.69000000,590.80000000,23928.37800000,14151432.17465000
1744920000000,590.79000000,592.67000000,589.24000000,590.49000000,21065.40200000,12455495.11626000
1744934400000,590.50000000,590.88000000,587.96000000,590.50000000,19386.85100000,11429438.91691000
1744948800000,590.51000000,590.53000000,587.08000000,588.63000000,27180.11400000,15995422.50603000
1744963200000,588.63000000,592.01000000,587.71000000,591.86000000,69417.10400000,40924702.49786000
1744977600000,591.86000000,594.38000000,590.86000000,593.73000000,29679.77700000,17586522.59964000
1744992000000,593.72000000,596.08000000,591.93000000,592.49000000,32136.34100000,19115399.98734000
1745006400000,592.49000000,594.64000000,591.61000000,591.71000000,13775.56100000,8171547.58868000
1745020800000,591.70000000,593.39000000,591.31000000,593.35000000,11841.89100000,7013659.96304000
1745035200000,593.34000000,594.49000000,591.98000000,593.13000000,14285.97500000,8472248.76575000
1745049600000,593.12000000,593.54000000,589.80000000,591.04000000,16774.98200000,9922565.26265000
1745064000000,591.04000000,591.39000000,588.13000000,589.41000000,23319.15600000,13741231.72197000
1745078400000,589.40000000,591.38000000,587.70000000,591.03000000,18016.16800000,10624960.94701000
1745092800000,591.02000000,593.63000000,590.66000000,591.73000000,12370.83100000,7323923.01888000
1745107200000,591.74000000,593.73000000,591.73000000,592.60000000,14226.47200000,8434099.31826000
1745121600000,592.59000000,595.00000000,591.85000000,593.98000000,28793.99100000,17097470.35376000
1745136000000,593.98000000,595.23000000,589.30000000,590.02000000,32258.24800000,19103112.51796000
1745150400000,590.01000000,592.36000000,587.82000000,588.20000000,17773.39100000,10488355.49516000
1745164800000,588.20000000,590.00000000,587.50000000,589.95000000,10575.75300000,6227333.79557000
1745179200000,589.95000000,593.32000000,589.49000000,592.77000000,11715.74300000,6926275.80207000
1745193600000,592.77000000,604.06000000,592.53000000,602.25000000,53104.05100000,31825699.42321000
1745208000000,602.26000000,608.52000000,602.25000000,604.46000000,25557.47800000,15465101.04350000
1745222400000,604.46000000,606.38000000,600.22000000,600.78000000,21266.86800000,12838343.72054000
1745236800000,600.79000000,605.60000000,600.40000000,604.03000000,30011.42500000,18093939.58323000
1745251200000,604.03000000,604.60000000,594.50000000,598.04000000,29608.50100000,17700415.45331000
1745265600000,598.02000000,598.02000000,595.24000000,597.34000000,12378.09900000,7381263.33935000
1745280000000,597.32000000,602.94000000,595.00000000,599.98000000,28224.03800000,16920627.44591000
1745294400000,599.98000000,605.15000000,599.24000000,604.31000000,32782.67700000,19733927.64730000
1745308800000,604.32000000,607.31000000,604.32000000,605.88000000,60755.57100000,36810503.01553000
1745323200000,605.88000000,612.21000000,605.20000000,609.79000000,97677.56500000,59443720.53028000
1745337600000,609.78000000,610.99000000,606.51000000,608.15000000,21493.24600000,13078377.17482000
1745352000000,608.14000000,619.90000000,606.96000000,618.51000000,44535.06700000,27321087.16516000
1745366400000,618.50000000,619.92000000,611.95000000,615.32000000,54270.75500000,33394658.65530000
1745380800000,615.32000000,619.99000000,613.03000000,617.69000000,44573.72600000,27515402.57830000
1745395200000,617.68000000,617.69000000,608.96000000,611.19000000,51088.61200000,31297368.67635000
1745409600000,611.18000000,614.20000000,602.65000000,606.62000000,98168.42700000,59650513.91607000
1745424000000,606.62000000,608.66000000,602.21000000,602.50000000,42299.04800000,25627488.05075000
1745438400000,602.49000000,607.28000000,601.38000000,605.71000000,23724.88000000,14353596.81244000
1745452800000,605.72000000,606.78000000,601.80000000,604.06000000,27444.89100000,16591575.37834000
1745467200000,604.06000000,606.58000000,601.69000000,602.88000000,30264.44900000,18282330.44537000
1745481600000,602.88000000,604.82000000,592.59000000,597.69000000,48485.10700000,28968162.75951000
1745496000000,597.69000000,600.91000000,595.84000000,598.46000000,52248.76000000,31255636.57211000
1745510400000,598.47000000,600.87000000,595.48000000,598.94000000,26221.11700000,15690294.61575000
1745524800000,598.95000000,602.57000000,598.00000000,601.55000000,19549.95600000,11730204.45800000
1745539200000,601.56000000,604.17000000,597.20000000,600.78000000,25877.47100000,15545257.86102000
1745553600000,600.78000000,609.85000000,600.77000000,606.43000000,53789.78800000,32617544.24033000
1745568000000,606.42000000,610.35000000,603.92000000,605.89000000,70779.02000000,43000529.73023000
1745582400000,605.88000000,608.61000000,601.60000000,605.53000000,56631.19000000,34292914.29126000
1745596800000,605.53000000,606.72000000,602.29000000,604.60000000,23862.66900000,14417894.86785000
1745611200000,604.60000000,604.60000000,598.01000000,599.91000000,26486.41600000,15922696.89486000
1745625600000,599.90000000,606.90000000,599.34000000,602.20000000,32321.59700000,19487413.42533000
1745640000000,602.20000000,605.12000000,600.10000000,602.32000000,16266.71900000,9797523.21187000
1745654400000,602.33000000,606.17000000,600.74000000,602.22000000,32332.36700000,19507570.28072000
1745668800000,602.23000000,608.96000000,601.60000000,607.95000000,25982.35900000,15731392.84297000
1745683200000,607.96000000,609.25000000,606.72000000,608.12000000,17034.36800000,10353762.62495000
1745697600000,608.12000000,609.00000000,606.37000000,607.23000000,13595.73200000,8261155.64188000
1745712000000,607.23000000,608.68000000,600.00000000,602.77000000,29596.54700000,17858557.37878000
1745726400000,602.76000000,602.76000000,597.00000000,599.96000000,21813.58900000,13079653.74757000
1745740800000,599.97000000,601.22000000,598.80000000,600.53000000,15563.34300000,9342483.76269000
1745755200000,600.53000000,601.40000000,597.18000000,599.60000000,19439.87900000,11654472.60338000
1745769600000,599.59000000,606.20000000,597.59000000,605.45000000,19831.21500000,11948576.88398000
1745784000000,605.46000000,607.06000000,602.74000000,603.46000000,15539.90300000,9399050.32057000
1745798400000,603.46000000,605.80000000,598.20000000,603.83000000,26333.92100000,15851374.43937000
1745812800000,603.82000000,607.00000000,603.30000000,605.27000000,18728.66200000,11334726.42263000
1745827200000,605.28000000,608.27000000,602.92000000,607.49000000,32448.75500000,19671024.23949000
1745841600000,607.50000000,607.86000000,598.81000000,600.91000000,30001.58400000,18101514.66277000
1745856000000,600.91000000,605.50000000,598.66000000,604.86000000,23208.98900000,13977900.56464000
1745870400000,604.86000000,606.54000000,603.21000000,606.16000000,13056.09700000,7897431.17932000
1745884800000,606.16000000,607.28000000,603.43000000,606.52000000,17698.34300000,10723885.11438000
1745899200000,606.52000000,610.75000000,605.19000000,609.74000000,39186.60600000,23851518.60159000
1745913600000,609.74000000,610.37000000,602.43000000,603.70000000,64591.47500000,39152215.15645000
1745928000000,603.69000000,604.20000000,600.87000000,601.61000000,42051.04100000,25331023.17188000
1745942400000,601.60000000,604.37000000,600.65000000,602.81000000,38401.47900000,23149686.13228000
1745956800000,602.81000000,602.81000000,598.10000000,601.00000000,34881.05300000,20938322.96025000
1745971200000,601.00000000,603.89000000,600.00000000,603.87000000,26473.99600000,15940845.39117000
1745985600000,603.87000000,604.44000000,602.20000000,603.29000000,30851.17100000,18619284.80699000
1746000000000,603.29000000,603.30000000,599.79000000,602.43000000,53902.01600000,32436413.45896000
1746014400000,602.42000000,602.50000000,591.42000000,597.09000000,60199.81400000,35930509.16787000
1746028800000,597.08000000,599.20000000,594.52000000,598.44000000,22653.12100000,13531094.66973000
1746043200000,598.45000000,600.34000000,598.31000000,599.88000000,16500.54600000,9893885.62056000
1746057600000,599.88000000,602.50000000,599.24000000,599.26000000,23462.28500000,14098253.44584000
1746072000000,599.26000000,601.34000000,598.70000000,599.72000000,22032.27900000,13216239.77122000
1746086400000,599.72000000,605.28000000,599.71000000,603.66000000,33710.12200000,20327638.19784000
1746100800000,603.65000000,605.05000000,600.91000000,602.66000000,36932.94900000,22281671.36014000
1746115200000,602.67000000,603.88000000,600.06000000,600.37000000,22691.16400000,13652619.15489000
1746129600000,600.36000000,600.68000000,598.14000000,599.63000000,17400.43000000,10432505.43659000
1746144000000,599.64000000,603.61000000,598.90000000,601.29000000,25940.94300000,15613737.29160000
1746158400000,601.29000000,601.99000000,595.12000000,595.69000000,25932.93200000,15509966.23486000
1746172800000,595.69000000,600.65000000,595.50000000,597.85000000,28022.75800000,16787503.51574000
1746187200000,597.85000000,600.82000000,596.63000000,599.75000000,24588.81700000,14727221.20499000
1746201600000,599.75000000,601.89000000,598.33000000,599.00000000,18005.76900000,10812193.21610000
1746216000000,598.99000000,601.68000000,598.28000000,600.69000000,18853.64600000,11322032.83924000
1746230400000,600.69000000,601.20000000,598.18000000,599.29000000,16495.82200000,9888428.41107000
1746244800000,599.28000000,600.15000000,597.39000000,597.47000000,13620.24600000,8157076.07967000
1746259200000,597.48000000,597.66000000,595.23000000,596.34000000,18204.61600000,10856923.62954000
1746273600000,596.34000000,599.12000000,596.34000000,598.70000000,12077.35100000,7222605.46783000
1746288000000,598.69000000,599.96000000,596.45000000,599.96000000,26385.98700000,15790954.91483000
1746302400000,599.95000000,600.00000000,598.44000000,599.36000000,13986.27200000,8380754.20217000
1746316800000,599.36000000,600.49000000,598.24000000,599.80000000,17349.95800000,10402624.74799000
1746331200000,599.80000000,600.22000000,596.53000000,597.09000000,25285.77600000,15117798.46193000
1746345600000,597.09000000,597.10000000,593.00000000,594.14000000,18304.21500000,10886969.66696000
1746360000000,594.14000000,594.25000000,588.14000000,589.34000000,35302.40800000,20845526.51653000
1746374400000,589.33000000,589.80000000,586.00000000,588.55000000,26439.88100000,15546726.90131000
1746388800000,588.55000000,590.02000000,584.70000000,586.03000000,21278.59700000,12499318.36967000
1746403200000,586.02000000,588.99000000,583.55000000,588.27000000,31427.29900000,18434565.96853000
1746417600000,588.28000000,592.00000000,588.18000000,591.84000000,25585.94400000,15107421.66918000
1746432000000,591.84000000,596.74000000,590.53000000,593.57000000,55056.20000000,32664216.56386000
1746446400000,593.57000000,597.00000000,592.81000000,597.00000000,41664.51600000,24817751.98367000
1746460800000,596.99000000,599.87000000,596.84000000,599.34000000,31244.86800000,18697579.02476000
1746475200000,599.34000000,599.98000000,596.68000000,597.61000000,16121.76200000,9650247.04071000
1746489600000,597.61000000,600.41000000,596.36000000,599.22000000,32091.21500000,19207634.71176000
1746504000000,599.21000000,599.86000000,597.80000000,599.04000000,28763.38100000,17227451.78186000
1746518400000,599.03000000,599.04000000,593.23000000,594.39000000,61929.16900000,36958340.69654000
1746532800000,594.39000000,599.00000000,593.76000000,598.54000000,34215.50000000,20409926.62680000
1746547200000,598.54000000,602.56000000,596.69000000,599.52000000,29959.38600000,17960536.28297000
1746561600000,599.52000000,603.18000000,596.83000000,602.57000000,27654.45600000,16604960.09371000
1746576000000,602.57000000,607.00000000,601.44000000,602.01000000,32112.53000000,19396272.68688000
1746590400000,602.00000000,606.64000000,601.98000000,606.60000000,34962.97500000,21124088.99652000
1746604800000,606.59000000,606.96000000,603.85000000,606.49000000,31232.87900000,18912426.98256000
1746619200000,606.49000000,609.07000000,600.51000000,600.82000000,47202.47400000,28554572.88185000
1746633600000,600.81000000,602.07000000,598.00000000,599.04000000,29633.10300000,17764825.05608000
1746648000000,599.04000000,603.98000000,597.89000000,602.70000000,18944.63000000,11380188.48977000
1746662400000,602.70000000,611.00000000,600.80000000,610.99000000,59041.12800000,35718187.97526000
1746676800000,611.00000000,614.50000000,608.19000000,612.75000000,58576.19100000,35809795.31137000
1746691200000,612.74000000,617.88000000,612.69000000,613.62000000,50569.18400000,31125420.05608000
1746705600000,613.62000000,623.49000000,613.25000000,621.01000000,93951.15300000,58049507.27646000
1746720000000,621.00000000,622.90000000,614.84000000,619.40000000,58920.32800000,36456255.18938000
1746734400000,619.41000000,629.33000000,619.13000000,629.17000000,63209.54100000,39488526.14157000
1746748800000,629.17000000,629.37000000,623.12000000,624.70000000,57799.85100000,36189436.41219000
1746763200000,624.71000000,635.87000000,624.50000000,631.53000000,65625.86300000,41380579.23942000
1746777600000,631.53000000,641.16000000,628.83000000,636.66000000,124768.04200000,79255909.01972000
1746792000000,636.65000000,643.94000000,631.55000000,635.90000000,88051.41800000,56090841.85167000
1746806400000,635.89000000,636.81000000,631.15000000,635.24000000,31901.36100000,20251407.40219000
1746820800000,635.24000000,671.15000000,635.00000000,666.29000000,112588.33400000,73812011.13412000
1746835200000,666.29000000,678.95000000,659.29000000,661.72000000,160795.46800000,107799091.81324000
1746849600000,661.72000000,664.39000000,655.00000000,661.86000000,66118.42900000,43612115.92176000
1746864000000,661.87000000,663.50000000,648.84000000,649.25000000,66213.50900000,43515825.79650000
1746878400000,649.27000000,655.52000000,648.83000000,651.44000000,51243.10800000,33423465.73651000
1746892800000,651.45000000,658.50000000,650.85000000,652.36000000,42482.78500000,27802400.87252000
1746907200000,652.36000000,664.00000000,649.50000000,663.90000000,57742.13100000,37997152.63094000
1746921600000,663.90000000,668.49000000,655.91000000,662.31000000,106580.96400000,70589785.47757000
1746936000000,662.30000000,667.29000000,654.42000000,655.54000000,67382.43900000,44516923.16711000
1746950400000,655.54000000,659.83000000,654.49000000,659.10000000,35585.36100000,23385394.26067000
1746964800000,659.11000000,659.76000000,649.60000000,651.41000000,65191.02700000,42606115.20175000
1746979200000,651.41000000,655.16000000,647.83000000,653.43000000,25418.79900000,16567180.34061000
1746993600000,653.42000000,653.59000000,648.80000000,651.15000000,19840.36900000,12912523.32454000
1747008000000,651.15000000,657.42000000,647.31000000,655.70000000,42906.51900000,28034833.92489000
1747022400000,655.70000000,668.17000000,652.30000000,661.29000000,77416.51300000,51094204.58934000
1747036800000,661.30000000,693.00000000,657.67000000,678.10000000,188182.10500000,127318398.14661000
1747051200000,678.09000000,691.88000000,661.00000000,663.68000000,158957.57500000,107534269.85590000
1747065600000,663.69000000,671.00000000,649.55000000,659.83000000,88074.58000000,58153650.16495000
1747080000000,659.83000000,663.74000000,658.00000000,660.07000000,30849.65300000,20406926.23132000
1747094400000,660.08000000,660.13000000,640.80000000,641.93000000,85046.26200000,55254019.14957000
1747108800000,641.92000000,652.54000000,640.66000000,649.48000000,42587.61200000,27599829.77598000
1747123200000,649.48000000,654.49000000,648.00000000,653.12000000,49553.08200000,32286611.78120000
1747137600000,653.13000000,659.01000000,649.84000000,655.54000000,106687.90100000,69818379.30300000
1747152000000,655.54000000,672.00000000,655.30000000,666.66000000,96180.34600000,63830060.67959000
1747166400000,666.65000000,667.13000000,662.37000000,664.13000000,36254.54700000,24112758.07082000
1747180800000,664.12000000,667.33000000,657.74000000,661.80000000,70524.11300000,46690764.49121000
1747195200000,661.80000000,664.39000000,656.57000000,658.29000000,42543.16200000,28113067.46505000
1747209600000,658.28000000,661.05000000,650.08000000,659.70000000,72464.52400000,47507784.13497000
1747224000000,659.71000000,659.85000000,648.30000000,651.92000000,64075.94000000,41904885.07621000
1747238400000,651.93000000,654.68000000,647.15000000,652.62000000,24066.43300000,15676179.90435000
1747252800000,652.62000000,653.36000000,649.50000000,652.47000000,16355.82200000,10653927.65607000
1747267200000,652.47000000,654.97000000,645.04000000,647.72000000,34255.81600000,22250951.61432000
1747281600000,647.71000000,652.52000000,642.29000000,644.53000000,68142.64700000,44139813.34709000
1747296000000,644.54000000,654.37000000,644.44000000,653.38000000,62717.73600000,40820634.26703000
1747310400000,653.37000000,656.13000000,643.21000000,655.40000000,65492.54000000,42622129.95370000
1747324800000,655.39000000,661.00000000,648.51000000,651.93000000,54904.06700000,35965140.36653000
1747339200000,651.93000000,654.90000000,645.75000000,651.88000000,28048.00700000,18258986.15129000
1747353600000,651.88000000,659.97000000,646.70000000,657.89000000,43934.29000000,28745662.53828000
1747368000000,657.89000000,659.28000000,655.20000000,655.48000000,37668.13700000,24765427.39487000
1747382400000,655.49000000,657.39000000,651.65000000,654.37000000,43934.82000000,28765655.81922000
1747396800000,654.36000000,655.16000000,650.11000000,651.99000000,30596.97700000,19968836.13253000
1747411200000,652.00000000,654.51000000,648.07000000,649.80000000,22266.14200000,14480458.51929000
1747425600000,649.80000000,650.42000000,644.00000000,646.76000000,22393.24100000,14484318.26553000
1747440000000,646.76000000,646.90000000,635.05000000,643.47000000,48662.64700000,31166210.48888000
1747454400000,643.46000000,645.84000000,642.28000000,643.05000000,21384.29300000,13772281.13768000
1747468800000,643.04000000,644.22000000,639.57000000,641.52000000,20537.89600000,13181243.38207000
1747483200000,641.52000000,642.99000000,636.61000000,640.56000000,21181.01600000,13567627.98729000
1747497600000,640.57000000,642.74000000,636.01000000,640.42000000,16540.63300000,10585744.25081000
1747512000000,640.41000000,642.64000000,637.77000000,639.51000000,13471.22600000,8620146.00447000
1747526400000,639.50000000,643.40000000,639.00000000,642.40000000,13640.42600000,8750941.48182000
1747540800000,642.41000000,646.33000000,642.41000000,645.59000000,19955.65200000,12859803.34432000
1747555200000,645.59000000,648.97000000,644.95000000,645.19000000,21594.56300000,13960927.47517000
1747569600000,645.20000000,655.19000000,643.90000000,653.98000000,37481.42300000,24373905.29740000
1747584000000,653.98000000,655.06000000,638.10000000,638.13000000,50881.95200000,32964731.08182000
1747598400000,638.12000000,652.50000000,634.39000000,651.53000000,45921.28000000,29438063.52830000
1747612800000,651.54000000,653.53000000,638.29000000,638.93000000,44721.22300000,28841245.14676000
1747627200000,638.94000000,640.99000000,633.51000000,638.62000000,41798.19700000,26641036.26171000
1747641600000,638.61000000,641.20000000,637.11000000,639.96000000,24378.55600000,15588582.98844000
1747656000000,639.95000000,647.50000000,635.93000000,645.20000000,41833.75700000,26838142.04653000
1747670400000,645.21000000,649.55000000,644.40000000,648.44000000,34779.18900000,22496598.72037000
1747684800000,648.43000000,652.01000000,647.41000000,649.62000000,23390.59800000,15198251.19262000
1747699200000,649.62000000,653.75000000,648.50000000,650.53000000,28428.12100000,18512225.43030000
1747713600000,650.53000000,652.38000000,646.35000000,647.34000000,27321.72300000,17759083.94758000
1747728000000,647.33000000,648.43000000,641.72000000,643.82000000,28363.29600000,18321668.69612000
1747742400000,643.81000000,645.73000000,640.14000000,644.80000000,35652.77100000,22903714.77383000
1747756800000,644.80000000,649.00000000,642.88000000,648.05000000,26650.00500000,17220509.13300000
1747771200000,648.05000000,652.67000000,647.07000000,650.00000000,23168.37500000,15054897.62178000
1747785600000,650.00000000,657.98000000,648.49000000,656.59000000,45501.94100000,29696165.69569000
1747800000000,656.60000000,669.00000000,652.51000000,652.89000000,78201.16800000,51683054.28060000
1747814400000,652.90000000,655.20000000,650.03000000,654.86000000,33280.38400000,21701380.98090000
1747828800000,654.86000000,665.33000000,652.18000000,663.62000000,101979.87600000,67158240.03388000
1747843200000,663.62000000,672.57000000,660.32000000,670.96000000,171841.12300000,114661462.51102000
1747857600000,670.96000000,678.00000000,668.26000000,673.31000000,39727.40300000,26760090.44910000
1747872000000,673.31000000,690.02000000,673.00000000,685.34000000,123534.22500000,84235158.40133000
1747886400000,685.34000000,687.50000000,678.69000000,682.64000000,60308.81900000,41170409.89000000
1747900800000,682.63000000,687.99000000,681.23000000,687.11000000,74926.92500000,51250199.26889000
1747915200000,687.10000000,688.00000000,681.29000000,681.94000000,59349.87500000,40698798.06068000
1747929600000,681.94000000,686.01000000,679.26000000,680.99000000,44420.72700000,30288343.46371000
1747944000000,681.00000000,687.18000000,679.20000000,686.57000000,27467.42500000,18761992.06848000
1747958400000,686.57000000,691.35000000,683.90000000,688.01000000,42893.75100000,29521812.41352000
1747972800000,688.01000000,689.94000000,682.03000000,682.29000000,42647.35800000,29251026.00113000
1747987200000,682.29000000,687.24000000,670.01000000,672.00000000,60806.79200000,41261150.32332000
1748001600000,672.00000000,675.00000000,652.19000000,670.56000000,130024.46400000,86703929.94364000
1748016000000,670.56000000,671.07000000,665.24000000,665.61000000,32912.63000000,21991404.25129000
1748030400000,665.61000000,665.61000000,654.00000000,656.98000000,34383.71200000,22698165.43460000
1748044800000,656.99000000,666.42000000,655.40000000,664.46000000,35629.61400000,23576600.19059000
1748059200000,664.47000000,671.62000000,664.24000000,668.17000000,32195.70900000,21518352.76905000
1748073600000,668.16000000,677.47000000,668.15000000,674.69000000,39218.86400000,26400096.15809000
1748088000000,674.69000000,676.21000000,671.53000000,674.09000000,23604.10400000,15905219.92042000
1748102400000,674.09000000,676.75000000,672.70000000,676.58000000,14984.98200000,10119785.40777000
1748116800000,676.58000000,676.80000000,666.17000000,668.01000000,19508.76600000,13086085.02445000
1748131200000,668.00000000,668.36000000,660.07000000,665.91000000,29276.93800000,19460056.07824000
1748145600000,665.91000000,666.40000000,660.10000000,661.96000000,18736.40900000,12424397.81570000
1748160000000,661.96000000,662.90000000,657.10000000,661.88000000,47890.13200000,31620552.16227000
1748174400000,661.89000000,668.13000000,661.17000000,663.20000000,32653.31400000,21702257.87626000
1748188800000,663.21000000,668.24000000,661.81000000,667.27000000,22616.81800000,15040983.09268000
1748203200000,667.27000000,671.67000000,665.70000000,669.44000000,18034.71100000,12066966.61059000
1748217600000,669.45000000,677.47000000,668.22000000,674.28000000,32622.21400000,21919129.90167000
1748232000000,674.27000000,675.53000000,671.80000000,674.74000000,28351.91600000,19096896.68169000
1748246400000,674.74000000,675.93000000,672.37000000,674.17000000,31585.20300000,21295740.50581000
1748260800000,674.18000000,676.38000000,671.11000000,675.41000000,50785.40500000,34220716.89752000
1748275200000,675.41000000,678.33000000,670.99000000,672.32000000,27616.10000000,18621752.05638000
1748289600000,672.32000000,675.08000000,671.40000000,674.29000000,9187.41400000,6185680.20166000
1748304000000,674.30000000,674.81000000,666.56000000,674.13000000,42028.76800000,28196876.42936000
1748318400000,674.14000000,681.56000000,672.72000000,681.01000000,44971.20600000,30496676.10308000
1748332800000,681.01000000,684.39000000,679.64000000,682.20000000,56721.41100000,38686495.50885000
1748347200000,682.20000000,697.73000000,682.18000000,691.02000000,117595.47500000,81136807.64440000
1748361600000,691.02000000,694.52000000,688.10000000,689.60000000,39829.48400000,27528560.64839000
1748376000000,689.60000000,689.90000000,685.92000000,686.91000000,25017.14700000,17202811.84746000
1748390400000,686.90000000,687.15000000,681.43000000,684.34000000,33217.13400000,22726465.76276000
1748404800000,684.34000000,685.12000000,680.04000000,681.97000000,29359.40800000,20027909.33210000
1748419200000,681.97000000,687.48000000,681.20000000,687.44000000,39427.04100000,26964431.62074000
1748433600000,687.44000000,689.22000000,681.01000000,681.88000000,59388.80100000,40675705.77877000
1748448000000,681.88000000,688.87000000,681.88000000,683.21000000,29216.74500000,20022380.62795000
1748462400000,683.20000000,688.91000000,683.11000000,686.89000000,21266.61400000,14605845.42426000
1748476800000,686.89000000,691.24000000,685.71000000,686.30000000,37734.03400000,25988971.34896000
1748491200000,686.30000000,687.23000000,680.31000000,685.29000000,45540.78400000,31101036.22707000
1748505600000,685.30000000,690.06000000,684.39000000,685.79000000,50478.55800000,34679083.14940000
1748520000000,685.79000000,685.98000000,679.11000000,681.19000000,41856.89900000,28588266.20118000
1748534400000,681.19000000,681.26000000,673.33000000,674.87000000,31797.17100000,21553557.26803000
1748548800000,674.88000000,682.84000000,673.56000000,675.02000000,53577.69000000,36336712.62050000
1748563200000,675.02000000,678.50000000,665.70000000,673.14000000,54270.01900000,36442734.80206000
1748577600000,673.14000000,674.40000000,667.00000000,667.27000000,38900.35300000,26100370.52579000
1748592000000,667.27000000,671.76000000,665.95000000,671.19000000,30660.50100000,20505659.09635000
1748606400000,671.18000000,672.37000000,666.77000000,668.54000000,28890.76300000,19354812.98084000
1748620800000,668.53000000,669.54000000,660.37000000,666.32000000,36236.51900000,24055186.90636000
1748635200000,666.33000000,666.78000000,653.22000000,655.36000000,29765.35400000,19605324.12858000
1748649600000,655.36000000,656.04000000,645.04000000,650.69000000,66046.38900000,42931504.46325000
1748664000000,650.69000000,655.47000000,647.71000000,653.85000000,20448.34200000,13349402.64394000
1748678400000,653.84000000,656.51000000,652.10000000,654.06000000,19465.77000000,12731209.67691000
1748692800000,654.07000000,659.53000000,653.90000000,656.34000000,29210.91100000,19201212.99610000
1748707200000,656.35000000,660.36000000,655.63000000,658.53000000,12598.04600000,8284940.70763000
1748721600000,658.53000000,661.42000000,657.81000000,658.01000000,10609.93200000,6996915.44424000
1748736000000,658.01000000,658.08000000,652.70000000,655.58000000,21026.38500000,13783934.74307000
1748750400000,655.58000000,657.12000000,652.40000000,653.61000000,17274.06000000,11314191.82116000
1748764800000,653.61000000,653.61000000,648.09000000,650.50000000,27153.78400000,17665404.18832000
1748779200000,650.50000000,654.78000000,647.58000000,654.72000000,28204.58400000,18382455.88031000
1748793600000,654.72000000,657.99000000,650.80000000,655.04000000,23470.57900000,15381203.07354000
1748808000000,655.03000000,662.48000000,654.98000000,660.77000000,14678.05600000,9671342.41996000
1748822400000,660.77000000,664.24000000,656.46000000,656.68000000,21829.56300000,14409880.43000000
1748836800000,656.69000000,659.40000000,655.18000000,658.16000000,21712.03800000,14282705.72280000
1748851200000,658.16000000,658.57000000,650.45000000,651.32000000,25831.27600000,16882937.54607000
1748865600000,651.33000000,658.24000000,650.05000000,657.23000000,31487.61800000,20597926.78363000
1748880000000,657.23000000,662.00000000,655.70000000,661.10000000,20143.74400000,13280462.45739000
1748894400000,661.10000000,667.00000000,660.35000000,665.93000000,22781.36600000,15131802.51321000
1748908800000,665.93000000,673.43000000,665.81000000,667.65000000,43316.44800000,29021277.09562000
1748923200000,667.65000000,668.43000000,665.10000000,665.10000000,17682.71700000,11787441.72135000
1748937600000,665.11000000,668.10000000,663.66000000,665.20000000,28296.61600000,18844710.21648000
1748952000000,665.20000000,668.55000000,662.07000000,667.19000000,34391.04700000,22882499.71157000
1748966400000,667.19000000,667.89000000,663.16000000,665.20000000,17486.40900000,11639749.71637000
1748980800000,665.20000000,665.27000000,657.11000000,661.59000000,17204.22200000,11366624.46915000
1748995200000,661.60000000,669.99000000,660.84000000,668.41000000,21955.94500000,14627838.46768000
1749009600000,668.41000000,671.01000000,668.04000000,670.86000000,24157.59300000,16168199.04231000
1749024000000,670.86000000,671.76000000,667.60000000,667.80000000,18669.40600000,12506785.25915000
1749038400000,667.81000000,670.99000000,665.15000000,669.47000000,24467.34900000,16344130.77053000
1749052800000,669.47000000,670.10000000,666.28000000,667.42000000,19381.70100000,12954784.56878000
1749067200000,667.42000000,667.49000000,661.92000000,663.23000000,15841.80800000,10517753.98325000
1749081600000,663.24000000,666.65000000,662.94000000,665.78000000,14753.85800000,9816351.41866000
1749096000000,665.78000000,668.54000000,665.12000000,668.49000000,19773.74000000,13192362.31731000
1749110400000,668.50000000,670.92000000,661.88000000,661.99000000,50741.46900000,33847352.58009000
1749124800000,661.98000000,665.50000000,656.57000000,659.30000000,40667.70400000,26876137.42514000
1749139200000,659.30000000,659.30000000,641.36000000,644.49000000,50888.35300000,33064476.85380000
1749153600000,644.50000000,644.56000000,625.44000000,633.32000000,94718.02500000,59889941.26537000
1749168000000,633.33000000,641.65000000,629.38000000,641.38000000,30990.59300000,19652213.74821000
1749182400000,641.38000000,642.48000000,635.01000000,641.46000000,42468.66600000,27151217.25166000
1749196800000,641.46000000,646.88000000,640.81000000,646.32000000,24512.72200000,15774178.73119000
1749211200000,646.33000000,651.51000000,645.54000000,647.61000000,42424.10200000,27525329.76968000
1749225600000,647.61000000,648.66000000,644.01000000,645.11000000,16531.89700000,10678398.73623000
1749240000000,645.11000000,646.62000000,641.21000000,642.70000000,12607.97700000,8119718.19506000
1749254400000,642.71000000,647.28000000,639.69000000,647.09000000,19901.02600000,12807492.98905000
1749268800000,647.10000000,649.99000000,645.46000000,648.62000000,14498.79900000,9390395.20353000
1749283200000,648.61000000,649.08000000,646.46000000,648.35000000,13002.98300000,8422844.49074000
1749297600000,648.35000000,651.41000000,648.22000000,650.70000000,19113.89400000,12425582.64476000
1749312000000,650.70000000,652.67000000,649.23000000,652.04000000,13758.03800000,8959511.67240000
1749326400000,652.04000000,653.81000000,650.40000000,650.82000000,10391.63000000,6775909.18229000
1749340800000,650.82000000,650.84000000,648.60000000,649.35000000,9525.13700000,6187830.24190000
1749355200000,649.36000000,650.62000000,648.70000000,649.27000000,10843.46000000,7044731.57686000
1749369600000,649.27000000,650.48000000,646.49000000,650.47000000,16655.46500000,10802399.14132000
1749384000000,650.47000000,652.08000000,649.62000000,651.83000000,14466.37600000,9417008.72438000
1749398400000,651.84000000,654.94000000,651.83000000,654.60000000,11381.71300000,7434070.20115000
1749412800000,654.61000000,656.39000000,651.55000000,652.00000000,9428.16300000,6166130.29806000
1749427200000,652.00000000,653.50000000,648.53000000,651.59000000,14143.21400000,9203571.33088000
1749441600000,651.60000000,651.60000000,648.01000000,649.40000000,11411.44600000,7411289.91196000
1749456000000,649.40000000,656.42000000,648.29000000,655.51000000,24758.73900000,16171637.43664000
1749470400000,655.51000000,657.30000000,653.01000000,656.58000000,22807.97600000,14951228.37203000
1749484800000,656.58000000,660.96000000,656.57000000,659.70000000,15366.24800000,10127517.62100000
1749499200000,659.71000000,667.74000000,659.71000000,665.58000000,38784.53500000,25779366.70383000
1749513600000,665.58000000,667.97000000,663.42000000,664.01000000,24045.18200000,16009944.06925000
1749528000000,664.01000000,664.40000000,660.18000000,660.71000000,18034.20300000,11943547.64153000
1749542400000,660.71000000,665.76000000,657.26000000,665.19000000,41607.00200000,27528940.55243000
1749556800000,665.19000000,667.71000000,658.33000000,661.30000000,38085.22600000,25249694.16949000
1749571200000,661.29000000,669.20000000,661.20000000,667.54000000,25957.16100000,17267622.52594000
1749585600000,667.54000000,674.00000000,667.33000000,673.51000000,28916.28200000,19408804.77067000
1749600000000,673.51000000,674.14000000,668.30000000,670.57000000,23448.22900000,15728566.97898000
1749614400000,670.58000000,674.80000000,668.51000000,670.39000000,27043.87400000,18132681.43098000
1749628800000,670.39000000,672.79000000,666.10000000,667.39000000,38504.05000000,25792275.05213000
1749643200000,667.40000000,672.16000000,665.90000000,669.66000000,45155.80100000,30232871.00479000
1749657600000,669.66000000,669.94000000,665.40000000,667.25000000,25087.39600000,16751022.23378000
1749672000000,667.24000000,669.12000000,662.20000000,667.43000000,18694.73500000,12443363.72201000
1749686400000,667.42000000,669.93000000,663.76000000,665.76000000,20560.78200000,13717791.19770000
1749700800000,665.76000000,668.40000000,663.99000000,667.05000000,18590.87200000,12396774.56335000
1749715200000,667.04000000,668.76000000,663.30000000,663.45000000,27334.85200000,18212968.80210000
1749729600000,663.45000000,665.27000000,659.92000000,660.21000000,33212.39400000,22017555.19435000
1749744000000,660.20000000,667.00000000,657.89000000,658.46000000,26021.62100000,17257707.64656000
1749758400000,658.46000000,659.27000000,651.91000000,654.75000000,27073.45400000,17736945.37434000
1749772800000,654.76000000,654.81000000,639.01000000,649.33000000,94925.59400000,61209334.13866000
1749787200000,649.33000000,655.13000000,646.01000000,655.01000000,26121.58700000,16980661.66672000
1749801600000,655.01000000,659.42000000,652.28000000,654.51000000,52977.83800000,34725687.66220000
1749816000000,654.51000000,654.75000000,649.38000000,653.50000000,25887.20200000,16887292.19040000
1749830400000,653.49000000,655.41000000,649.59000000,651.30000000,14812.98300000,9664087.04971000
1749844800000,651.30000000,655.47000000,650.40000000,655.35000000,8578.71300000,5605114.59671000
1749859200000,655.35000000,655.36000000,650.12000000,651.34000000,11682.92200000,7623062.16617000
1749873600000,651.35000000,652.55000000,650.10000000,651.84000000,10642.74900000,6935838.16391000
1749888000000,651.84000000,651.84000000,649.18000000,650.71000000,12425.77000000,8080258.36996000
1749902400000,650.70000000,650.79000000,644.31000000,645.43000000,20386.73100000,13196216.47902000
1749916800000,645.42000000,646.12000000,639.01000000,640.73000000,27395.49600000,17587010.32444000
1749931200000,640.73000000,646.41000000,639.00000000,645.61000000,11156.47500000,7164949.37712000
1749945600000,645.61000000,647.93000000,645.04000000,647.54000000,9586.00300000,6200236.00607000
1749960000000,647.55000000,652.00000000,647.55000000,649.02000000,15908.58100000,10335323.55589000
1749974400000,649.02000000,649.26000000,645.90000000,648.23000000,14420.23300000,9337910.87152000
1749988800000,648.23000000,650.99000000,646.83000000,647.69000000,17115.95400000,11100426.94066000
1750003200000,647.69000000,649.10000000,645.81000000,646.75000000,9959.29700000,6448164.26898000
1750017600000,646.75000000,648.48000000,642.77000000,648.19000000,12334.57800000,7963956.93359000
1750032000000,648.19000000,652.47000000,646.26000000,651.53000000,17932.57000000,11651273.08999000
1750046400000,651.53000000,656.60000000,651.10000000,655.83000000,23239.10200000,15202863.25347000
1750060800000,655.83000000,656.64000000,652.92000000,654.43000000,18466.95300000,12098997.26335000
1750075200000,654.43000000,659.46000000,653.64000000,657.47000000,22987.18100000,15089397.46567000
1750089600000,657.47000000,659.28000000,655.40000000,659.03000000,18798.67100000,12357151.16634000
1750104000000,659.03000000,659.04000000,650.01000000,650.74000000,22779.31000000,14919582.15434000
1750118400000,650.74000000,656.59000000,647.30000000,656.40000000,22601.13000000,14745251.15823000
1750132800000,656.40000000,659.00000000,655.05000000,657.84000000,25715.50400000,16895844.36019000
1750147200000,657.84000000,658.97000000,652.31000000,653.49000000,61602.34700000,40430755.14626000
1750161600000,653.48000000,656.00000000,645.08000000,646.28000000,32719.96700000,21289525.94614000
1750176000000,646.28000000,649.90000000,640.11000000,648.44000000,28942.32200000,18648613.60757000
1750190400000,648.44000000,649.02000000,645.54000000,648.08000000,11400.99300000,7381380.38579000
1750204800000,648.09000000,654.31000000,647.98000000,651.90000000,20228.59300000,13185853.85169000
1750219200000,651.89000000,653.47000000,650.45000000,651.45000000,13656.92300000,8905715.46291000
1750233600000,651.45000000,652.40000000,641.70000000,645.10000000,33706.97300000,21814344.48911000
1750248000000,645.10000000,645.10000000,637.35000000,642.32000000,34731.36300000,22276975.99940000
1750262400000,642.32000000,643.21000000,637.72000000,639.53000000,27580.94200000,17667179.79194000
1750276800000,639.55000000,645.48000000,638.70000000,644.77000000,13820.88000000,8897587.43488000
1750291200000,644.77000000,645.89000000,641.35000000,645.30000000,13393.45600000,8620583.77105000
1750305600000,645.30000000,646.50000000,643.83000000,644.55000000,15677.45800000,10115398.57766000
1750320000000,644.54000000,645.84000000,642.34000000,642.39000000,12690.41200000,8178810.37094000
1750334400000,642.40000000,642.82000000,639.41000000,639.66000000,18778.27400000,12044757.47497000
1750348800000,639.67000000,642.95000000,638.66000000,642.65000000,11745.06400000,7530167.32991000
1750363200000,642.65000000,645.00000000,641.93000000,644.65000000,8120.32100000,5226007.06332000
1750377600000,644.65000000,645.55000000,643.66000000,644.81000000,10907.48200000,7031628.58084000
1750392000000,644.81000000,647.85000000,641.64000000,647.82000000,20151.51600000,12992704.22851000
1750406400000,647.83000000,649.73000000,646.49000000,647.34000000,31444.21700000,20382488.92978000
1750420800000,647.33000000,651.02000000,642.93000000,645.46000000,28872.13700000,18678398.18309000
1750435200000,645.45000000,645.59000000,638.00000000,642.69000000,39051.05700000,25049459.55348000
1750449600000,642.68000000,645.27000000,639.59000000,641.61000000,12853.21300000,8256767.25854000
1750464000000,641.61000000,644.84000000,641.03000000,644.20000000,11080.79600000,7127726.99231000
1750478400000,644.21000000,644.41000000,639.27000000,641.38000000,15032.97700000,9650997.79237000
1750492800000,641.38000000,643.01000000,639.36000000,642.44000000,13819.70000000,8858676.91642000
1750507200000,642.43000000,642.78000000,634.58000000,636.85000000,27254.03700000,17380380.44791000
1750521600000,636.85000000,637.23000000,630.85000000,631.09000000,26340.99800000,16682524.77953000
1750536000000,631.08000000,633.30000000,621.94000000,628.97000000,49979.60800000,31339663.51151000
1750550400000,628.98000000,633.30000000,627.00000000,629.50000000,26621.91600000,16771117.89615000
1750564800000,629.49000000,635.51000000,629.42000000,632.61000000,19495.22600000,12338756.68362000
1750579200000,632.62000000,633.00000000,627.44000000,630.39000000,22067.90200000,13914606.63001000
1750593600000,630.39000000,631.13000000,606.69000000,607.62000000,115064.59700000,70759664.38764000
1750608000000,607.62000000,612.66000000,604.50000000,605.53000000,29497.98500000,17944611.13865000
1750622400000,605.53000000,616.80000000,601.25000000,615.81000000,30767.40700000,18732707.66619000
1750636800000,615.81000000,620.82000000,615.05000000,619.99000000,21113.37200000,13057068.98879000
1750651200000,620.00000000,624.62000000,620.00000000,623.86000000,22334.76900000,13899222.00044000
1750665600000,623.87000000,624.84000000,616.11000000,617.28000000,19724.83200000,12244426.83969000
1750680000000,617.27000000,627.89000000,616.00000000,622.99000000,44537.39600000,27723145.42069000
1750694400000,622.99000000,630.84000000,617.02000000,629.80000000,68608.89700000,42871901.49946000
1750708800000,629.80000000,642.79000000,628.61000000,640.49000000,43355.06300000,27638237.41954000
1750723200000,640.50000000,641.28000000,636.67000000,639.76000000,26003.43600000,16620152.84943000
1750737600000,639.77000000,642.71000000,638.60000000,639.15000000,24348.32800000,15603867.76578000
1750752000000,639.15000000,641.84000000,636.17000000,638.50000000,29630.31900000,18917611.24875000
1750766400000,638.49000000,641.55000000,637.86000000,639.58000000,24475.87100000,15661491.02179000
1750780800000,639.58000000,644.00000000,639.57000000,642.40000000,19091.99200000,12263029.75958000
1750795200000,642.39000000,644.09000000,641.97000000,643.53000000,8057.28500000,5181560.02154000
1750809600000,643.53000000,650.37000000,641.85000000,648.20000000,48460.75000000,31314320.81620000
1750824000000,648.20000000,652.64000000,643.10000000,645.15000000,35518.86200000,22960615.14640000
1750838400000,645.15000000,648.53000000,641.99000000,647.41000000,25075.03900000,16172712.27934000
1750852800000,647.41000000,647.90000000,642.25000000,642.49000000,36951.15300000,23871428.98817000
1750867200000,642.49000000,647.67000000,642.01000000,647.60000000,12228.35600000,7886456.16639000
1750881600000,647.59000000,648.39000000,644.00000000,646.07000000,11198.99400000,7240683.58688000
1750896000000,646.06000000,650.00000000,645.41000000,648.59000000,16935.11000000,10973114.32909000
1750910400000,648.59000000,649.63000000,644.55000000,647.53000000,16939.93900000,10958728.80394000
1750924800000,647.52000000,648.55000000,644.41000000,644.48000000,19137.55200000,12377326.95416000
1750939200000,644.49000000,645.85000000,641.12000000,645.00000000,24845.65500000,15992474.13279000
1750953600000,645.00000000,647.58000000,644.25000000,645.19000000,13812.76200000,8920509.73531000
1750968000000,645.19000000,646.56000000,641.35000000,642.30000000,11386.26800000,7329879.72112000
1750982400000,642.30000000,645.94000000,639.16000000,645.88000000,15429.04300000,9926832.44427000
1750996800000,645.88000000,646.87000000,643.01000000,643.69000000,12334.27100000,7960208.66101000
1751011200000,643.70000000,645.64000000,643.21000000,645.53000000,13285.14300000,8563263.46671000
1751025600000,645.53000000,648.00000000,643.80000000,646.61000000,20254.78800000,13077351.63897000
1751040000000,646.61000000,648.44000000,642.47000000,645.30000000,12393.18500000,7991672.12161000
1751054400000,645.31000000,647.00000000,645.01000000,645.71000000,7606.52500000,4915171.31938000
1751068800000,645.72000000,646.10000000,644.25000000,644.47000000,6388.00200000,4121272.01010000
1751083200000,644.47000000,647.05000000,644.40000000,647.01000000,12131.91700000,7837257.05864000
1751097600000,647.01000000,647.04000000,645.30000000,646.36000000,7321.73700000,4733028.91345000
1751112000000,646.37000000,646.87000000,645.20000000,646.62000000,12427.60100000,8028294.58337000
1751126400000,646.62000000,648.01000000,645.50000000,647.56000000,10952.35500000,7085705.90056000
1751140800000,647.57000000,649.18000000,647.32000000,648.60000000,8493.35300000,5506008.53498000
1751155200000,648.61000000,648.84000000,646.94000000,648.67000000,6732.88100000,4363888.41180000
1751169600000,648.67000000,650.32000000,648.60000000,649.29000000,11785.08000000,7651993.46361000
1751184000000,649.30000000,651.86000000,649.20000000,651.12000000,14884.90600000,9676036.38198000
1751198400000,651.13000000,651.24000000,648.40000000,649.00000000,13690.69600000,8895936.59353000
1751212800000,649.00000000,649.61000000,648.00000000,648.65000000,7437.10800000,4825510.95348000
1751227200000,648.66000000,656.00000000,646.72000000,654.90000000,18705.12500000,12204580.71251000
1751241600000,654.90000000,657.12000000,653.45000000,655.41000000,15655.05700000,10253282.71081000
1751256000000,655.42000000,656.61000000,652.48000000,654.60000000,15258.13300000,9988288.12752000
1751270400000,654.60000000,655.20000000,651.63000000,654.16000000,26254.38800000,17148283.72111000
1751284800000,654.15000000,656.79000000,651.17000000,656.52000000,24398.41900000,15952077.42457000
1751299200000,656.52000000,659.42000000,655.24000000,659.36000000,19985.76800000,13144637.38808000
1751313600000,659.37000000,660.00000000,656.52000000,656.90000000,9150.43100000,6024498.69096000
1751328000000,656.90000000,659.10000000,654.76000000,655.77000000,12470.93700000,8197431.14510000
1751342400000,655.77000000,655.78000000,651.50000000,653.92000000,17560.71800000,11468442.38932000
1751356800000,653.93000000,653.93000000,651.56000000,652.27000000,14100.29900000,9201300.90218000
1751371200000,652.28000000,652.59000000,645.64000000,645.98000000,22670.09500000,14714427.85328000
1751385600000,645.98000000,647.00000000,644.50000000,645.65000000,10536.40500000,6804850.50575000
1751400000000,645.65000000,647.40000000,644.00000000,646.33000000,8464.60100000,5466956.19703000
1751414400000,646.34000000,650.00000000,643.71000000,649.60000000,13033.73600000,8439902.77541000
1751428800000,649.59000000,657.44000000,649.50000000,657.33000000,17769.92100000,11614233.90325000
1751443200000,657.33000000,659.85000000,656.75000000,657.11000000,18639.00000000,12273990.78738000
1751457600000,657.11000000,661.99000000,655.29000000,661.64000000,19685.33200000,12969464.47537000
1751472000000,661.65000000,664.80000000,661.43000000,663.85000000,26259.67900000,17419563.01050000
1751486400000,663.85000000,664.85000000,659.20000000,659.71000000,17420.28700000,11540218.98038000
1751500800000,659.70000000,661.14000000,658.06000000,659.36000000,10443.73500000,6888409.29276000
1751515200000,659.36000000,663.00000000,659.00000000,662.77000000,18247.65800000,12059006.55433000
1751529600000,662.77000000,664.50000000,660.99000000,661.91000000,19125.75000000,12668333.23168000
1751544000000,661.92000000,664.40000000,656.70000000,657.07000000,27858.64300000,18422291.10318000
1751558400000,657.07000000,661.90000000,657.06000000,661.57000000,9802.43300000,6463570.91887000
1751572800000,661.57000000,664.57000000,661.13000000,663.59000000,13523.21700000,8964011.72466000
1751587200000,663.58000000,664.17000000,660.20000000,662.04000000,14759.78700000,9775547.76723000
1751601600000,662.04000000,662.09000000,655.92000000,655.93000000,16100.08600000,10608184.88106000
1751616000000,655.93000000,659.86000000,654.69000000,659.62000000,12248.63600000,8053508.47760000
1751630400000,659.63000000,660.10000000,652.09000000,652.78000000,24477.81800000,16050383.60322000
1751644800000,652.79000000,653.41000000,650.21000000,651.52000000,14740.56700000,9608398.06773000
1751659200000,651.52000000,654.11000000,650.65000000,653.60000000,6700.51800000,4373278.25336000
1751673600000,653.60000000,656.13000000,652.80000000,656.00000000,11333.46600000,7419711.69904000
1751688000000,656.00000000,656.75000000,654.27000000,654.46000000,8697.03000000,5702049.45436000
1751702400000,654.47000000,655.90000000,653.88000000,655.35000000,9836.39600000,6441919.11393000
1751716800000,655.34000000,655.53000000,654.17000000,654.36000000,6681.90600000,4376313.89322000
1751731200000,654.36000000,654.82000000,652.00000000,654.10000000,10002.35300000,6533174.65101000
1751745600000,654.10000000,656.40000000,653.85000000,656.16000000,5097.13800000,3340073.87556000
1751760000000,656.17000000,656.80000000,654.46000000,654.84000000,6099.23700000,3999260.60616000
1751774400000,654.84000000,656.13000000,653.61000000,654.76000000,6265.29600000,4102440.67827000
1751788800000,654.76000000,656.48000000,653.54000000,656.46000000,9952.27300000,6514783.26575000
1751803200000,656.46000000,663.50000000,655.49000000,662.85000000,26593.51100000,17567821.00642000
1751817600000,662.86000000,663.70000000,661.20000000,663.07000000,15344.32300000,10169616.61771000
1751832000000,663.06000000,664.99000000,660.92000000,663.13000000,18144.47900000,12034077.13686000
1751846400000,663.13000000,663.23000000,660.38000000,660.84000000,10983.00900000,7269712.71342000
1751860800000,660.84000000,662.79000000,660.62000000,662.78000000,9968.75500000,6595264.73257000
1751875200000,662.79000000,663.50000000,661.43000000,662.31000000,20317.56600000,13459706.14553000
1751889600000,662.31000000,662.70000000,658.87000000,659.02000000,15465.78600000,10221913.81637000
1751904000000,659.02000000,661.87000000,656.77000000,661.45000000,17578.35700000,11585198.90481000
1751918400000,661.44000000,661.45000000,658.00000000,661.06000000,8919.51100000,5887521.50691000
1751932800000,661.06000000,662.60000000,657.50000000,659.75000000,14183.55500000,9358939.65645000
1751947200000,659.76000000,660.43000000,658.64000000,659.81000000,13374.45900000,8822160.04034000
1751961600000,659.80000000,661.69000000,659.26000000,661.11000000,24489.98100000,16176331.38521000
1751976000000,661.11000000,661.83000000,657.64000000,658.18000000,13458.24300000,8882624.18234000
1751990400000,658.17000000,662.00000000,657.36000000,660.96000000,13162.43300000,8693076.56534000
1752004800000,660.96000000,660.98000000,657.75000000,660.63000000,7705.37100000,5081471.87392000
1752019200000,660.63000000,662.43000000,660.06000000,661.61000000,12535.59500000,8291240.50460000
1752033600000,661.61000000,664.55000000,661.27000000,662.61000000,12232.15000000,8109877.75112000
1752048000000,662.60000000,662.87000000,659.05000000,661.35000000,14382.55300000,9504101.16100000
1752062400000,661.35000000,663.46000000,660.11000000,662.46000000,25873.62200000,17129770.22325000
1752076800000,662.46000000,670.00000000,662.00000000,669.26000000,31862.91900000,21216765.00386000
1752091200000,669.26000000,671.50000000,666.20000000,668.68000000,26664.75600000,17835260.68851000
1752105600000,668.69000000,671.47000000,668.15000000,670.50000000,20783.15500000,13924995.40174000
1752120000000,670.50000000,673.21000000,670.00000000,671.66000000,21498.20500000,14440718.57673000
1752134400000,671.65000000,674.00000000,669.29000000,670.01000000,37205.85100000,24985851.45563000
1752148800000,670.00000000,671.78000000,667.25000000,668.17000000,19283.77100000,12913857.27390000
1752163200000,668.16000000,679.00000000,667.85000000,675.92000000,47278.23200000,31884540.17463000
1752177600000,675.92000000,687.70000000,675.60000000,685.80000000,68918.32200000,47095161.66789000
1752192000000,685.80000000,692.00000000,683.81000000,689.45000000,49707.92200000,34246314.16268000
1752206400000,689.44000000,695.00000000,684.64000000,684.89000000,59957.66200000,41410178.73120000
1752220800000,684.89000000,690.82000000,684.57000000,688.31000000,46728.75800000,32175628.97112000
1752235200000,688.30000000,694.26000000,686.18000000,687.26000000,41202.68100000,28455148.05239000
1752249600000,687.26000000,697.24000000,686.10000000,694.00000000,46845.71600000,32492214.98528000
1752264000000,694.00000000,694.18000000,682.83000000,689.99000000,23911.16500000,16465470.00377000
1752278400000,689.98000000,695.33000000,688.06000000,695.28000000,25007.29400000,17323281.75264000
1752292800000,695.29000000,697.00000000,690.14000000,694.22000000,25083.90300000,17391931.26590000
1752307200000,694.22000000,694.45000000,690.37000000,691.84000000,22724.55100000,15744094.31371000
1752321600000,691.84000000,692.00000000,679.63000000,681.19000000,39027.01500000,26750415.77710000
1752336000000,681.20000000,686.61000000,680.00000000,684.50000000,14252.81700000,9758127.27674000
1752350400000,684.50000000,686.27000000,680.41000000,685.86000000,8689.60500000,5938272.54016000
1752364800000,685.86000000,687.80000000,685.12000000,686.88000000,10277.43800000,7057918.07218000
1752379200000,686.89000000,690.10000000,686.76000000,690.10000000,10061.53000000,6927908.32776000
1752393600000,690.10000000,691.22000000,688.07000000,691.15000000,12934.85900000,8925150.80066000
1752408000000,691.15000000,694.12000000,689.80000000,691.21000000,25634.65600000,17746246.24006000
1752422400000,691.21000000,693.50000000,688.10000000,691.61000000,13067.96000000,9031168.23092000
1752436800000,691.61000000,693.19000000,688.46000000,692.00000000,12949.28000000,8952831.33317000
1752451200000,692.01000000,699.00000000,689.79000000,697.15000000,40797.31000000,28311191.95716000
1752465600000,697.15000000,707.54000000,693.20000000,706.42000000,88548.16800000,62040589.52443000
1752480000000,706.43000000,706.70000000,700.84000000,704.42000000,46535.69000000,32778309.51146000
1752494400000,704.42000000,705.24000000,690.30000000,692.57000000,39974.26300000,27940701.61749000
1752508800000,692.57000000,694.35000000,687.87000000,690.06000000,21286.64800000,14721345.84459000
1752523200000,690.07000000,692.39000000,686.05000000,689.12000000,16492.91700000,11381128.37217000
1752537600000,689.13000000,691.10000000,675.30000000,679.77000000,50951.19600000,34738549.04329000
1752552000000,679.78000000,683.67000000,676.77000000,679.20000000,26739.52700000,18210909.97066000
1752566400000,679.20000000,681.05000000,676.37000000,680.49000000,21285.76000000,14450899.34123000
1752580800000,680.49000000,687.75000000,676.81000000,683.10000000,43318.80700000,29554235.87854000
1752595200000,683.10000000,688.55000000,682.74000000,684.59000000,23373.03700000,16028116.34194000
1752609600000,684.60000000,693.21000000,683.50000000,689.92000000,23294.16400000,16065292.93927000
1752624000000,689.93000000,693.64000000,685.93000000,687.88000000,15913.33900000,10976485.69020000
1752638400000,687.87000000,693.84000000,685.20000000,692.08000000,22877.83200000,15784600.39550000
1752652800000,692.09000000,695.71000000,690.79000000,694.38000000,23340.49500000,16191723.10787000
1752667200000,694.38000000,706.34000000,691.00000000,700.20000000,68203.68100000,47590416.10131000
1752681600000,700.21000000,711.00000000,698.81000000,706.83000000,61556.36300000,43439793.66165000
1752696000000,706.84000000,715.56000000,706.38000000,708.61000000,46443.22800000,33049309.58282000
1752710400000,708.61000000,723.40000000,707.87000000,709.62000000,93887.62600000,67237873.56270000
1752724800000,709.62000000,723.47000000,706.14000000,720.90000000,78416.46500000,56184780.84159000
1752739200000,720.91000000,721.80000000,713.96000000,717.65000000,67207.25200000,48213074.58513000
1752753600000,717.64000000,727.85000000,711.96000000,721.36000000,79215.92700000,57162811.19320000
1752768000000,721.37000000,722.00000000,713.74000000,715.61000000,45533.33400000,32654250.31040000
1752782400000,715.61000000,725.49000000,709.98000000,720.65000000,45312.07100000,32610943.82179000
1752796800000,720.64000000,736.47000000,719.83000000,736.43000000,69506.57900000,50720247.50628000
1752811200000,736.44000000,748.40000000,733.55000000,740.28000000,109835.22900000,81614619.38756000
1752825600000,740.28000000,742.08000000,733.05000000,736.95000000,72079.47400000,53148616.19996000
1752840000000,736.95000000,765.56000000,731.32000000,737.81000000,174315.62900000,130831436.79293000
1752854400000,737.81000000,748.28000000,729.27000000,731.85000000,72007.07400000,53256876.31728000
1752868800000,731.84000000,734.73000000,718.73000000,729.92000000,58686.10000000,42669692.08711000
1752883200000,729.92000000,735.10000000,718.76000000,734.90000000,44148.77100000,32080586.14131000
1752897600000,734.89000000,739.30000000,731.60000000,732.36000000,23360.52000000,17169682.80748000
1752912000000,732.37000000,738.66000000,728.18000000,736.70000000,31205.56500000,22883347.52013000
1752926400000,736.71000000,742.50000000,727.30000000,730.81000000,53208.88200000,39031741.37197000
1752940800000,730.81000000,735.08000000,728.06000000,734.47000000,18129.58600000,13253750.70666000
1752955200000,734.46000000,735.71000000,725.10000000,733.20000000,18042.48600000,13180465.67063000
1752969600000,733.20000000,746.15000000,731.50000000,742.92000000,34469.80600000,25497677.69624000
1752984000000,742.92000000,745.54000000,738.92000000,744.69000000,22536.89800000,16736741.53020000
1752998400000,744.68000000,750.89000000,744.58000000,748.76000000,47291.42800000,35378512.59964000
1753012800000,748.76000000,751.85000000,743.55000000,751.00000000,43271.11200000,32338395.53506000
1753027200000,751.01000000,756.36000000,745.92000000,753.10000000,51708.55300000,38894562.99800000
1753041600000,753.09000000,761.29000000,744.73000000,756.82000000,53977.40600000,40743794.90011000
1753056000000,756.82000000,764.13000000,746.06000000,763.21000000,55464.02600000,41889586.97990000
1753070400000,763.20000000,766.94000000,759.34000000,760.39000000,41804.06200000,31888597.03488000
1753084800000,760.40000000,778.69000000,760.05000000,768.98000000,67835.23600000,52175174.80289000
1753099200000,768.98000000,781.99000000,765.84000000,774.35000000,81467.97500000,63144428.65290000
1753113600000,774.35000000,775.23000000,755.44000000,757.14000000,66782.42500000,51050542.82271000
1753128000000,757.14000000,767.43000000,754.72000000,766.22000000,25066.22800000,19075755.62930000
1753142400000,766.22000000,772.00000000,753.13000000,760.13000000,65174.61200000,49780778.92854000
1753156800000,760.13000000,763.98000000,745.00000000,758.14000000,66704.95400000,50337987.28577000
1753171200000,758.14000000,765.58000000,749.53000000,765.57000000,70908.37000000,53790950.29282000
1753185600000,765.58000000,767.25000000,755.72000000,763.79000000,60152.57100000,45898517.61316000
1753200000000,763.80000000,775.64000000,763.56000000,772.08000000,44499.73400000,34281350.41898000
1753214400000,772.07000000,788.35000000,771.50000000,786.68000000,51633.81500000,40320956.12980000
1753228800000,786.69000000,804.70000000,785.07000000,797.09000000,176857.63260000,140754219.63324900
1753243200000,797.09000000,801.65000000,792.23000000,794.42000000,74491.04600000,59383912.63414000
1753257600000,794.42000000,808.81000000,788.24000000,808.46000000,99463.27500000,79384619.42863000
1753272000000,808.47000000,809.84000000,775.30000000,784.43000000,192578.67800000,151875558.62912000
1753286400000,784.43000000,784.56000000,761.00000000,770.83000000,96769.36500000,74624613.72554000
1753300800000,770.82000000,777.24000000,752.47000000,776.74000000,68927.16000000,52735138.15903000
1753315200000,776.74000000,786.16000000,772.68000000,779.44000000,42943.38400000,33549108.39981000
1753329600000,779.44000000,780.10000000,742.62000000,759.09000000,121275.46300000,91657081.94987000
1753344000000,759.09000000,772.31000000,755.54000000,770.21000000,51387.89300000,39288232.49807000
1753358400000,770.20000000,781.05000000,760.72000000,778.21000000,74387.62400000,57404378.37087000
1753372800000,778.21000000,785.79000000,769.78000000,778.95000000,47553.92900000,37057145.41694000
1753387200000,778.95000000,781.55000000,769.69000000,770.74000000,25888.44400000,20081390.13281000
1753401600000,770.74000000,771.38000000,753.12000000,756.81000000,59570.78200000,45459898.87839000
1753416000000,756.80000000,766.65000000,752.22000000,761.40000000,56827.84000000,43228410.89413000
1753430400000,761.40000000,773.25000000,761.22000000,771.67000000,41888.96500000,32175826.44386000
1753444800000,771.67000000,780.00000000,760.12000000,765.63000000,66070.17200000,50868512.92265000
1753459200000,765.64000000,777.35000000,763.30000000,774.31000000,34345.79200000,26533178.44250000
1753473600000,774.32000000,786.00000000,773.70000000,785.45000000,25364.57000000,19813035.41209000
1753488000000,785.44000000,785.70000000,778.28000000,783.52000000,23206.04200000,18162807.37662000
1753502400000,783.53000000,784.18000000,780.50000000,782.55000000,12794.76800000,10009942.90959000
1753516800000,782.55000000,785.60000000,780.11000000,781.70000000,19071.72600000,14934495.96759000
1753531200000,781.70000000,783.16000000,779.33000000,781.32000000,14342.58700000,11209223.97511000
1753545600000,781.31000000,784.92000000,778.51000000,784.87000000,12902.43300000,10075723.76734000
1753560000000,784.88000000,798.00000000,783.61000000,793.29000000,46446.83500000,36819850.16997000
1753574400000,793.30000000,799.25000000,791.04000000,794.28000000,35659.24400000,28399309.06115000
1753588800000,794.29000000,799.00000000,793.44000000,796.41000000,24698.69100000,19661512.43990000
1753603200000,796.41000000,799.40000000,792.12000000,796.70000000,23996.80300000,19115688.28882000
1753617600000,796.71000000,816.60000000,793.40000000,814.98000000,70007.25390000,56256367.79326630
1753632000000,814.98000000,831.00000000,812.55000000,830.35000000,134506.17520000,110612723.57568000
1753646400000,830.35000000,847.12000000,820.11000000,844.00000000,108428.08840000,90688110.31771000
1753660800000,844.00000000,855.01000000,839.74000000,841.67000000,115260.34050000,97491312.76554000
1753675200000,841.67000000,860.00000000,839.93000000,855.77000000,97304.56170000,82752296.61894300
1753689600000,855.77000000,861.10000000,845.00000000,850.59000000,88625.10100000,75642218.28291400
1753704000000,850.59000000,857.50000000,830.74000000,836.18000000,103112.25900000,86926966.66418000
1753718400000,836.18000000,841.10000000,825.61000000,831.74000000,61123.50900000,50934489.16746000
1753732800000,831.73000000,832.45000000,820.64000000,824.07000000,52308.92000000,43183592.94989000
1753747200000,824.07000000,835.06000000,815.00000000,829.09000000,77086.88900000,63597998.85856000
1753761600000,829.08000000,834.14000000,825.07000000,825.30000000,55793.13600000,46284331.08511000
1753776000000,825.29000000,833.81000000,821.00000000,826.30000000,64923.52000000,53752643.78787000
1753790400000,826.30000000,830.30000000,801.91000000,805.28000000,90877.60400000,73957912.56257000
1753804800000,805.28000000,815.80000000,800.33000000,803.61000000,98887.72300000,79894342.84334000
1753819200000,803.61000000,809.26000000,800.12000000,805.10000000,39797.26000000,31991416.89907000
1753833600000,805.11000000,811.64000000,796.10000000,804.60000000,41718.11000000,33562842.05177000
1753848000000,804.61000000,806.81000000,795.81000000,800.44000000,43043.17400000,34534279.25360000
1753862400000,800.45000000,807.34000000,786.23000000,788.52000000,96589.25000000,76952091.60816000
1753876800000,788.52000000,795.83000000,779.01000000,790.80000000,79983.27600000,62830892.19745000
1753891200000,790.80000000,794.75000000,766.21000000,785.31000000,82282.94500000,64257411.11142000
1753905600000,785.30000000,793.68000000,783.01000000,793.51000000,25981.98100000,20460898.56331000
1753920000000,793.51000000,800.00000000,791.14000000,798.90000000,37510.28900000,29837880.27328000
1753934400000,798.89000000,805.28000000,796.86000000,803.69000000,30236.50200000,24237549.69303000
1753948800000,803.69000000,814.80000000,799.15000000,800.59000000,66157.41100000,53465927.54090000
1753963200000,800.59000000,801.27000000,787.40000000,799.79000000,63317.21400000,50361690.13889000
1753977600000,799.79000000,814.00000000,793.75000000,796.18000000,83973.17500000,67652353.79799000
1753992000000,796.18000000,798.76000000,781.38000000,783.14000000,53831.55400000,42506516.35834000
1754006400000,783.13000000,795.40000000,774.68000000,783.88000000,81974.22400000,64428172.93869000
1754020800000,783.88000000,784.18000000,770.16000000,773.60000000,61571.13200000,47758576.98076000
1754035200000,773.59000000,773.59000000,762.84000000,771.55000000,75334.82200000,57781503.00436000
1754049600000,771.54000000,775.98000000,756.00000000,763.96000000,77296.96100000,59286071.34624000
1754064000000,763.95000000,767.90000000,754.00000000,761.25000000,45458.52300000,34573513.88169000
1754078400000,761.26000000,762.73000000,744.69000000,757.08000000,52195.89600000,39276850.63824000
1754092800000,757.08000000,768.64000000,755.47000000,764.29000000,26648.20000000,20339895.78657000
1754107200000,764.30000000,770.11000000,750.00000000,758.93000000,49019.09400000,37261521.70237000
1754121600000,758.93000000,759.34000000,750.75000000,756.29000000,23230.08400000,17532379.02983000
1754136000000,756.28000000,756.28000000,741.30000000,743.22000000,27764.26000000,20800268.64410000
1754150400000,743.21000000,750.04000000,734.25000000,737.31000000,58115.91400000,43022488.57471000
1754164800000,737.31000000,745.23000000,732.36000000,736.42000000,24505.44000000,18082174.35832000
1754179200000,736.43000000,744.71000000,730.01000000,744.09000000,34762.88000000,25701978.04835000
1754193600000,744.09000000,749.09000000,741.37000000,748.06000000,18629.34000000,13882871.23621000
1754208000000,748.07000000,753.71000000,746.41000000,748.44000000,26335.98700000,19736150.46119000
1754222400000,748.44000000,751.33000000,745.57000000,748.62000000,22704.07100000,16998122.81620000
1754236800000,748.62000000,755.53000000,747.20000000,752.80000000,24476.50400000,18391234.85361000
1754251200000,752.79000000,754.60000000,750.37000000,751.21000000,15792.18300000,11881698.10809000
1754265600000,751.21000000,759.01000000,750.47000000,754.04000000,27924.27800000,21083264.64914000
1754280000000,754.04000000,758.06000000,752.10000000,757.11000000,16312.21900000,12302617.02146000
1754294400000,757.11000000,760.25000000,754.65000000,755.36000000,25852.58000000,19592977.62522000
1754308800000,755.36000000,765.84000000,755.06000000,760.44000000,50891.01400000,38743383.65109000
1754323200000,760.44000000,769.70000000,760.00000000,760.99000000,29395.44200000,22504646.45055000
1754337600000,761.00000000,770.00000000,760.20000000,768.63000000,21129.87300000,16195909.69270000
1754352000000,768.62000000,769.79000000,760.35000000,760.77000000,19067.16800000,14591896.30273000
1754366400000,760.78000000,767.06000000,755.15000000,757.44000000,25607.95200000,19500528.72815000
1754380800000,757.43000000,766.23000000,755.56000000,765.21000000,25971.33600000,19773128.96264000
1754395200000,765.20000000,765.57000000,746.15000000,748.96000000,54303.86400000,40862053.15849000
1754409600000,748.96000000,754.19000000,747.21000000,748.36000000,31375.97900000,23550486.75788000
1754424000000,748.35000000,756.27000000,745.11000000,755.13000000,23132.66100000,17353828.18497000
1754438400000,755.13000000,756.03000000,746.26000000,748.65000000,20541.88700000,15412722.69651000
1754452800000,748.65000000,763.43000000,747.33000000,763.10000000,29448.36600000,22270982.21640000
1754467200000,763.10000000,764.90000000,758.82000000,762.11000000,25845.88800000,19710869.93854000
1754481600000,762.12000000,769.67000000,757.74000000,769.22000000,36888.44300000,28220079.04138000
1754496000000,769.22000000,774.84000000,765.75000000,773.20000000,32829.67200000,25313891.44334000
1754510400000,773.20000000,773.34000000,767.84000000,769.55000000,18130.45400000,13965670.34465000
1754524800000,769.55000000,774.60000000,765.86000000,766.48000000,18736.66500000,14429684.11935000
1754539200000,766.47000000,769.51000000,765.00000000,768.05000000,33447.52900000,25656325.58945000
1754553600000,768.05000000,779.67000000,764.17000000,776.95000000,47216.67600000,36430976.04303000
1754568000000,776.96000000,777.90000000,770.38000000,775.66000000,31634.60600000,24494406.38880000
1754582400000,775.65000000,780.75000000,768.02000000,780.66000000,23980.13900000,18597834.94692000
1754596800000,780.66000000,788.68000000,780.20000000,788.67000000,33091.18700000,25933804.12602000
1754611200000,788.67000000,793.00000000,780.74000000,786.48000000,55057.78300000,43290844.69154000
1754625600000,786.48000000,791.67000000,784.08000000,789.67000000,22564.02900000,17778066.88673000
1754640000000,789.66000000,790.81000000,784.03000000,789.22000000,25610.53600000,20171945.54311000
1754654400000,789.23000000,796.77000000,781.70000000,784.96000000,44579.19300000,35172437.70008000
1754668800000,784.96000000,796.48000000,784.54000000,795.46000000,27311.64800000,21613171.31605000
1754683200000,795.47000000,798.50000000,791.90000000,793.50000000,20186.52900000,16055959.55912000
1754697600000,793.50000000,797.60000000,792.81000000,797.11000000,16944.75500000,13482525.52040000
1754712000000,797.12000000,810.00000000,796.82000000,809.50000000,49398.51600000,39783427.77174000
1754726400000,809.51000000,819.44000000,805.91000000,811.59000000,47969.21700000,39002201.29148000
1754740800000,811.60000000,815.50000000,804.79000000,806.47000000,33806.54200000,27373544.72095000
1754755200000,806.48000000,809.15000000,802.88000000,804.73000000,25089.41500000,20208953.02170000
1754769600000,804.72000000,807.72000000,797.90000000,798.83000000,29176.30800000,23409897.14256000
1754784000000,798.83000000,813.11000000,798.83000000,811.21000000,36944.01500000,29843103.39659000
1754798400000,811.21000000,815.50000000,798.25000000,799.29000000,35262.07600000,28499138.00645000
1754812800000,799.30000000,804.69000000,793.68000000,798.98000000,27870.34900000,22288222.48938000
1754827200000,798.97000000,803.79000000,795.33000000,802.09000000,24782.18000000,19842716.57921000
1754841600000,802.08000000,805.22000000,800.38000000,803.00000000,15260.01300000,12245542.15075000
1754856000000,803.00000000,807.33000000,799.20000000,807.22000000,22616.67000000,18150398.82002000
1754870400000,807.22000000,827.59000000,806.12000000,821.19000000,73482.70100000,60069440.39607000
1754884800000,821.19000000,824.57000000,809.77000000,811.82000000,49936.33100000,40905670.79693000
1754899200000,811.81000000,816.59000000,794.00000000,796.23000000,50574.44200000,40745736.04265000
1754913600000,796.22000000,807.50000000,792.00000000,807.43000000,65626.45700000,52471416.88671000
1754928000000,807.42000000,812.41000000,801.14000000,806.32000000,45623.16900000,36845566.70967000
1754942400000,806.32000000,810.99000000,797.56000000,805.09000000,30977.47200000,24896344.37371000
1754956800000,805.09000000,815.00000000,803.79000000,808.38000000,28422.35100000,23053517.98955000
1754971200000,808.38000000,813.38000000,803.22000000,807.89000000,25185.47000000,20351738.75479000
1754985600000,807.90000000,809.01000000,797.73000000,803.19000000,33020.56900000,26501514.21988000
1755000000000,803.19000000,820.78000000,800.00000000,820.68000000,75872.14300000,61596868.19253000
1755014400000,820.69000000,832.76000000,820.68000000,831.76000000,60361.38900000,49929717.76662000
1755028800000,831.76000000,839.90000000,830.60000000,832.47000000,45900.33700000,38339772.83431000
1755043200000,832.48000000,840.79000000,828.23000000,836.30000000,46002.94800000,38393190.18886000
1755057600000,836.31000000,854.44000000,831.75000000,846.74000000,119088.76900000,100485411.29945000
1755072000000,846.73000000,858.48000000,844.52000000,854.89000000,79824.16100000,68043397.94092000
1755086400000,854.89000000,858.89000000,838.72000000,841.44000000,89164.98900000,75713565.02173000
1755100800000,841.44000000,848.61000000,837.56000000,845.21000000,33960.86600000,28642808.16816000
1755115200000,845.21000000,850.00000000,840.00000000,848.01000000,27819.58000000,23521461.18072000
1755129600000,848.02000000,857.00000000,843.57000000,855.11000000,54935.18600000,46714484.28639000
1755144000000,855.11000000,865.68000000,850.00000000,858.01000000,119205.74730000,102352502.64086000
1755158400000,858.01000000,869.40000000,855.71000000,862.23000000,88374.44900000,76198021.96003900
1755172800000,862.23000000,865.50000000,820.60000000,846.97000000,216344.85700000,182181269.99438000
1755187200000,846.97000000,848.06000000,828.00000000,838.12000000,78081.93200000,65426488.59181000
1755201600000,838.11000000,842.94000000,824.80000000,840.42000000,35714.80800000,29782790.49055000
1755216000000,840.42000000,849.30000000,833.60000000,848.59000000,38734.40300000,32606739.68999000
1755230400000,848.58000000,853.53000000,845.22000000,848.07000000,34340.05200000,29185873.82136000
1755244800000,848.06000000,852.64000000,841.26000000,843.73000000,28626.79300000,24248052.17587000
1755259200000,843.72000000,847.56000000,815.52000000,818.65000000,89314.34800000,74156015.17984000
1755273600000,818.65000000,826.00000000,812.57000000,820.71000000,36839.29100000,30182979.82844000
1755288000000,820.71000000,832.00000000,819.20000000,827.81000000,24236.22100000,20031526.12317000
1755302400000,827.80000000,836.72000000,826.00000000,831.80000000,26501.16800000,22072657.66329000
1755316800000,831.80000000,837.00000000,830.26000000,835.40000000,19022.63100000,15866043.44376000
1755331200000,835.40000000,836.29000000,826.23000000,826.45000000,25883.23000000,21509464.09849000
1755345600000,826.46000000,835.48000000,825.06000000,831.67000000,20405.89200000,16961642.02620000
1755360000000,831.68000000,836.32000000,831.20000000,834.41000000,11114.29300000,9269154.40997000
1755374400000,834.41000000,839.79000000,833.50000000,838.71000000,11584.88600000,9688346.71803000
1755388800000,838.71000000,851.41000000,838.04000000,844.57000000,36824.37500000,31147928.34177000
1755403200000,844.56000000,855.68000000,844.51000000,854.22000000,27836.60800000,23663920.56070000
1755417600000,854.21000000,864.00000000,851.65000000,861.55000000,37805.39000000,32496434.40610000
1755432000000,861.56000000,862.16000000,855.20000000,860.03000000,23814.40100000,20448281.73379000
1755446400000,860.03000000,861.34000000,848.46000000,851.12000000,23325.04400000,19935457.55930000
1755460800000,851.13000000,858.94000000,850.59000000,855.38000000,15348.03800000,13122234.33922000
1755475200000,855.38000000,858.51000000,831.70000000,835.71000000,67472.90600000,56950112.60093000
1755489600000,835.70000000,839.92000000,825.00000000,830.22000000,47143.95500000,39218794.17218000
1755504000000,830.21000000,837.51000000,828.50000000,831.55000000,44770.02200000,37264291.54232000
1755518400000,831.54000000,842.39000000,830.57000000,841.85000000,38747.17700000,32430718.62987000
1755532800000,841.84000000,848.11000000,838.35000000,844.90000000,18123.88700000,15290055.59516000
1755547200000,844.91000000,855.84000000,842.62000000,846.99000000,17483.65600000,14856899.45865000
1755561600000,847.00000000,851.95000000,840.06000000,842.01000000,37771.24800000,31969302.41013000
1755576000000,842.00000000,849.82000000,834.98000000,838.34000000,39912.14900000,33613600.58346000
1755590400000,838.35000000,848.38000000,835.90000000,846.46000000,22285.20100000,18792390.76935000
1755604800000,846.46000000,847.85000000,829.55000000,832.19000000,55132.41800000,46144182.04732000
1755619200000,832.20000000,835.23000000,825.01000000,832.88000000,31133.21100000,25840875.46316000
1755633600000,832.89000000,837.11000000,823.00000000,824.11000000,25567.79900000,21238169.49882000
1755648000000,824.10000000,837.11000000,818.57000000,836.55000000,46073.27100000,38130841.70605000
1755662400000,836.55000000,837.32000000,832.42000000,834.35000000,23243.21100000,19429368.78128000
1755676800000,834.36000000,834.79000000,826.18000000,831.03000000,52321.66800000,43582133.45712000
1755691200000,831.03000000,837.32000000,818.88000000,832.83000000,60435.49800000,50220357.88033000
1755705600000,832.84000000,869.99000000,832.84000000,869.11000000,114362.23800000,97737470.04667000
1755720000000,869.11000000,881.02000000,866.60000000,869.05000000,95723.97550000,83659092.58469560
1755734400000,869.05000000,883.86000000,866.11000000,866.21000000,60780.07000000,53088127.37857400
1755748800000,866.21000000,866.59000000,858.03000000,862.48000000,43401.21200000,37433467.27164000
1755763200000,862.48000000,864.34000000,849.02000000,851.24000000,73781.07200000,62970281.21838000
1755777600000,851.24000000,856.88000000,841.10000000,841.85000000,51684.42600000,43923774.85099000
1755792000000,841.84000000,844.68000000,834.52000000,836.40000000,28044.73900000,23540164.92070000
1755806400000,836.40000000,842.83000000,833.46000000,839.49000000,20198.15700000,16941104.84446000
1755820800000,839.49000000,853.34000000,839.23000000,845.69000000,35016.98900000,29666628.15937000
1755835200000,845.70000000,854.45000000,845.66000000,851.02000000,28211.27600000,23992603.28243000
1755849600000,851.02000000,855.18000000,844.24000000,848.99000000,41734.98000000,35427435.32028000
1755864000000,849.00000000,882.00000000,842.70000000,876.22000000,158096.84500000,136832922.79071000
1755878400000,876.22000000,898.54000000,876.22000000,894.60000000,108556.48990000,96635619.67320200
1755892800000,894.60000000,900.71000000,892.66000000,900.21000000,59225.95180000,53161035.01676300
1755907200000,900.20000000,900.21000000,875.71000000,882.78000000,52437.47900000,46482509.57522000
1755921600000,882.77000000,893.23000000,882.57000000,887.32000000,32995.13800000,29326382.23556000
1755936000000,887.33000000,897.11000000,884.30000000,888.41000000,46528.81900000,41445760.35583000
1755950400000,888.42000000,894.12000000,885.32000000,888.64000000,28201.23600000,25101881.53011000
1755964800000,888.64000000,889.77000000,879.10000000,883.38000000,23433.28700000,20702288.37174000
1755979200000,883.37000000,883.93000000,875.55000000,880.42000000,25683.91300000,22617438.55334000
1755993600000,880.42000000,886.66000000,874.51000000,878.64000000,43485.11900000,38285262.66211000
1756008000000,878.64000000,882.22000000,870.24000000,870.36000000,35675.95800000,31239219.04013000
1756022400000,870.36000000,872.06000000,860.49000000,861.50000000,45819.78300000,39683870.25755000
1756036800000,861.49000000,872.37000000,860.00000000,867.43000000,43458.46600000,37618451.49523000
1756051200000,867.43000000,883.46000000,859.34000000,869.52000000,76461.48700000,66566429.76473000
1756065600000,869.51000000,880.24000000,860.35000000,876.51000000,44591.50400000,38847957.69175000
1756080000000,876.51000000,880.75000000,865.73000000,876.20000000,38047.32900000,33297527.04720000
1756094400000,876.20000000,880.00000000,857.00000000,858.54000000,57331.14100000,49867936.01824000
1756108800000,858.53000000,864.00000000,850.58000000,854.52000000,45646.37200000,39089361.95793000
1756123200000,854.53000000,871.72000000,854.00000000,863.52000000,55229.03900000,47659423.45668000
1756137600000,863.52000000,870.25000000,853.08000000,853.88000000,37173.18700000,32086566.20321000
1756152000000,853.88000000,857.50000000,832.76000000,839.32000000,87143.08700000,73450620.08008000
1756166400000,839.32000000,849.71000000,829.59000000,844.58000000,61840.22000000,51878273.98990000
1756180800000,844.58000000,847.70000000,839.16000000,842.73000000,26455.29800000,22325810.92167000
1756195200000,842.72000000,845.10000000,839.39000000,841.70000000,18556.74400000,15640394.08037000
1756209600000,841.70000000,853.84000000,839.00000000,849.67000000,48355.71700000,40970069.46458000
1756224000000,849.67000000,861.13000000,849.25000000,860.72000000,22227.76100000,18991983.30314000
1756238400000,860.72000000,868.00000000,859.83000000,863.70000000,17446.34900000,15064342.78464000
1756252800000,863.70000000,864.50000000,857.35000000,862.13000000,21207.32500000,18257056.17058000
1756267200000,862.14000000,866.84000000,856.40000000,857.32000000,18630.44900000,16054798.60659000
1756281600000,857.33000000,860.00000000,852.90000000,859.31000000,19487.75300000,16697373.54499000
1756296000000,859.31000000,866.00000000,856.08000000,864.83000000,29052.43900000,25019959.12016000
1756310400000,864.83000000,867.10000000,858.50000000,860.71000000,16237.62700000,14023732.29899000
1756324800000,860.71000000,865.86000000,854.02000000,855.18000000,30627.86400000,26321699.92484000
1756339200000,855.18000000,865.00000000,850.85000000,864.32000000,36674.10400000,31461127.76012000
1756353600000,864.32000000,872.81000000,862.91000000,869.25000000,31544.02100000,27415660.77717000
1756368000000,869.25000000,874.37000000,865.25000000,874.27000000,26776.63300000,23292099.75536000
1756382400000,874.27000000,879.32000000,866.56000000,869.67000000,67114.63600000,58632068.41112000
1756396800000,869.66000000,881.36000000,863.48000000,868.69000000,56841.69500000,49691599.25241000
1756411200000,868.69000000,877.15000000,868.00000000,873.47000000,13463.83300000,11756565.97451000
1756425600000,873.48000000,878.00000000,872.03000000,873.25000000,22714.03500000,19863286.78646000
1756440000000,873.25000000,873.77000000,856.00000000,857.20000000,35868.33300000,31020178.68348000
1756454400000,857.19000000,860.61000000,850.19000000,854.61000000,31235.98100000,26733445.33196000
1756468800000,854.62000000,865.32000000,852.13000000,858.32000000,50236.91900000,43179071.89912000
1756483200000,858.32000000,861.03000000,852.86000000,858.27000000,26234.61000000,22469841.52159000
1756497600000,858.27000000,864.00000000,853.28000000,862.30000000,14234.34100000,12217470.18883000
1756512000000,862.30000000,862.32000000,852.27000000,860.48000000,24175.28600000,20748740.17876000
1756526400000,860.48000000,862.36000000,857.14000000,860.35000000,15472.16200000,13303572.39746000
1756540800000,860.36000000,861.36000000,858.15000000,860.30000000,11506.28100000,9895038.26677000
1756555200000,860.30000000,860.37000000,851.61000000,859.20000000,24383.64500000,20860964.29182000
1756569600000,859.20000000,859.29000000,856.25000000,858.95000000,13423.06100000,11517619.39035000
1756584000000,858.95000000,864.00000000,857.06000000,862.00000000,12079.54600000,10396496.80508000
1756598400000,862.00000000,864.50000000,859.39000000,863.12000000,16840.40000000,14524935.11883000
1756612800000,863.11000000,863.31000000,857.91000000,858.60000000,15400.10800000,13241235.81145000
1756627200000,858.60000000,861.40000000,857.00000000,860.07000000,15982.63700000,13737024.58896000
1756641600000,860.06000000,862.12000000,859.11000000,861.91000000,13222.73700000,11377307.40047000
1756656000000,861.91000000,867.19000000,861.20000000,864.77000000,18948.32400000,16388359.87876000
1756670400000,864.78000000,867.70000000,857.26000000,857.65000000,13846.98700000,11945658.05998000
1756684800000,857.66000000,866.01000000,853.77000000,856.58000000,38495.02800000,33053816.16788000
1756699200000,856.57000000,867.24000000,849.37000000,865.56000000,44378.48300000,37987367.46803000
1756713600000,865.57000000,869.15000000,851.00000000,852.20000000,68695.14500000,59106464.17764000
1756728000000,852.20000000,855.18000000,844.22000000,847.20000000,43584.89400000,37095061.61573000
1756742400000,847.19000000,849.40000000,843.82000000,849.38000000,19938.33500000,16877541.85853000
1756756800000,849.39000000,849.44000000,840.00000000,845.68000000,39093.83000000,32985247.47122000
1756771200000,845.68000000,854.28000000,843.29000000,852.40000000,24955.49800000,21177377.89903000
1756785600000,852.41000000,855.81000000,850.61000000,855.20000000,22297.79000000,19030304.69007000
1756800000000,855.20000000,856.68000000,846.72000000,847.71000000,41697.82700000,35549215.07456000
1756814400000,847.70000000,852.58000000,840.71000000,846.84000000,46499.76600000,39388356.26462000
1756828800000,846.84000000,851.35000000,845.72000000,849.84000000,17232.70300000,14631063.25917000
1756843200000,849.84000000,853.96000000,849.40000000,851.80000000,11649.58500000,9925878.64234000
1756857600000,851.80000000,854.00000000,848.91000000,851.57000000,14919.13400000,12707551.96779000
1756872000000,851.56000000,854.69000000,849.45000000,854.65000000,12887.19100000,10979704.80490000
1756886400000,854.64000000,855.21000000,852.07000000,854.01000000,15085.42600000,12882024.12546000
1756900800000,854.01000000,864.06000000,852.10000000,860.31000000,36894.03000000,31658393.24695000
1756915200000,860.30000000,862.36000000,856.62000000,857.01000000,19420.18500000,16694622.02336000
1756929600000,857.01000000,857.22000000,852.40000000,854.76000000,17247.05600000,14739969.05699000
1756944000000,854.76000000,856.72000000,848.01000000,848.68000000,16267.38800000,13864087.45319000
1756958400000,848.68000000,849.74000000,844.36000000,847.71000000,22738.72000000,19261998.57695000
1756972800000,847.70000000,849.84000000,847.00000000,847.78000000,17385.74800000,14747583.29512000
1756987200000,847.78000000,849.79000000,842.81000000,844.26000000,23756.21900000,20107479.63206000
1757001600000,844.25000000,846.75000000,841.10000000,843.53000000,17805.21400000,15028657.87553000
1757016000000,843.54000000,849.73000000,843.24000000,843.63000000,10242.61300000,8669482.81440000
1757030400000,843.62000000,847.75000000,842.22000000,845.78000000,11226.78800000,9491271.86992000
1757044800000,845.78000000,851.17000000,843.61000000,850.68000000,17778.89400000,15071367.55831000
1757059200000,850.67000000,851.00000000,847.53000000,850.90000000,14546.80600000,12355441.29079000
1757073600000,850.89000000,857.73000000,844.71000000,848.81000000,56495.04000000,48059663.11564000
1757088000000,848.81000000,851.65000000,848.44000000,850.96000000,10870.62000000,9237304.43166000
1757102400000,850.96000000,852.53000000,848.50000000,850.14000000,9938.80300000,8455005.75806000
1757116800000,850.14000000,859.61000000,849.55000000,858.20000000,23494.70500000,20092980.87365000
1757131200000,858.20000000,859.96000000,855.99000000,859.42000000,23905.05700000,20514790.33599000
1757145600000,859.42000000,862.00000000,856.43000000,861.07000000,38325.03000000,32924925.75245000
1757160000000,861.07000000,865.00000000,858.95000000,859.51000000,29272.65900000,25238561.31551000
1757174400000,859.52000000,861.74000000,857.49000000,857.79000000,19560.87200000,16811771.29758000
1757188800000,857.80000000,863.29000000,856.59000000,860.85000000,9675.73100000,8318850.04676000
1757203200000,860.86000000,868.25000000,860.55000000,866.12000000,24826.77000000,21470234.66587000
1757217600000,866.12000000,868.00000000,864.65000000,867.64000000,17443.77300000,15116873.70790000
1757232000000,867.64000000,874.44000000,867.31000000,873.64000000,29272.41200000,25516000.41784000
1757246400000,873.63000000,875.48000000,869.51000000,874.68000000,23820.62400000,20783694.07061000
1757260800000,874.68000000,876.60000000,872.40000000,875.28000000,17571.46800000,15366783.81590000
1757275200000,875.28000000,884.05000000,873.30000000,880.05000000,23603.01100000,20742693.16896000
1757289600000,880.05000000,885.85000000,877.77000000,882.14000000,42393.99700000,37389858.26311000
1757304000000,882.15000000,882.40000000,871.66000000,874.18000000,33371.49600000,29232519.56001000
1757318400000,874.19000000,879.37000000,870.01000000,878.72000000,34297.07000000,30013860.64780000
1757332800000,878.72000000,882.92000000,877.20000000,880.18000000,32999.65300000,29045887.64764000
1757347200000,880.18000000,882.16000000,876.10000000,877.63000000,20135.37600000,17700219.89381000
1757361600000,877.64000000,882.56000000,877.03000000,878.08000000,14377.18900000,12644723.00650000
1757376000000,878.08000000,879.98000000,872.00000000,875.14000000,23660.53800000,20696835.40628000
1757390400000,875.13000000,884.45000000,874.10000000,881.12000000,27888.29800000,24534909.79956000
1757404800000,881.13000000,884.83000000,880.21000000,880.22000000,20438.59300000,18037225.67666000
1757419200000,880.22000000,882.29000000,871.38000000,873.35000000,39431.19700000,34546602.56790000
1757433600000,873.35000000,877.43000000,872.73000000,877.10000000,16043.94300000,14033822.89011000
1757448000000,877.11000000,883.53000000,874.55000000,880.01000000,23147.46100000,20387919.29230000
1757462400000,880.00000000,882.60000000,877.04000000,880.40000000,20113.73500000,17697408.26949000
1757476800000,880.40000000,885.76000000,878.82000000,883.43000000,29681.20300000,26209180.24863000
1757491200000,883.43000000,885.20000000,881.06000000,884.68000000,25531.52100000,22547263.82265000
1757505600000,884.67000000,907.38000000,884.36000000,895.50000000,163317.70800000,146772619.50512200
1757520000000,895.50000000,899.55000000,888.66000000,890.79000000,44603.92900000,39919747.26907000
1757534400000,890.79000000,895.24000000,888.33000000,893.77000000,23582.08200000,21035319.72073000
1757548800000,893.77000000,895.16000000,888.38000000,894.55000000,23770.00500000,21199236.59220000
1757563200000,894.55000000,898.56000000,892.60000000,896.58000000,24245.21900000,21713425.12323000
1757577600000,896.57000000,902.37000000,894.89000000,899.07000000,33249.07800000,29886933.12209000
1757592000000,899.08000000,904.53000000,891.27000000,893.31000000,64251.90600000,57682624.70216000
1757606400000,893.31000000,897.92000000,893.30000000,896.81000000,14304.57600000,12811640.80072000
1757620800000,896.81000000,903.67000000,895.33000000,902.77000000,20092.39800000,18084218.46774000
1757635200000,902.77000000,908.93000000,901.41000000,904.70000000,31513.71400000,28507546.57032000
1757649600000,904.69000000,909.69000000,903.14000000,903.45000000,38243.54500000,34698099.18147000
1757664000000,903.45000000,909.51000000,902.34000000,905.44000000,35782.13800000,32440774.11026000
1757678400000,905.45000000,909.88000000,904.00000000,907.01000000,28142.87300000,25546588.36574000
1757692800000,907.01000000,925.78000000,906.96000000,924.20000000,72437.68470000,66510197.34169610
1757707200000,924.19000000,929.90000000,922.16000000,924.80000000,34147.98250000,31582134.87030000
1757721600000,924.81000000,929.33000000,923.64000000,927.73000000,32172.49600000,29829973.23174000
1757736000000,927.72000000,927.98000000,924.00000000,925.29000000,22070.10700000,20428548.45621000
1757750400000,925.29000000,943.46000000,924.27000000,941.16000000,71804.30440000,67223881.96790120
1757764800000,941.16000000,943.86000000,931.60000000,936.59000000,54943.38300000,51565180.81227000
1757779200000,936.60000000,937.98000000,922.11000000,930.14000000,53094.68100000,49324667.11315000
1757793600000,930.14000000,934.35000000,928.56000000,933.68000000,17666.26100000,16464734.67837000
1757808000000,933.68000000,938.12000000,929.34000000,931.06000000,25395.77100000,23728273.86548000
1757822400000,931.05000000,944.95000000,927.80000000,937.47000000,36397.91500000,34136228.25137000
1757836800000,937.48000000,941.39000000,930.99000000,931.64000000,22162.80600000,20767814.82911000
1757851200000,931.65000000,936.68000000,921.91000000,924.30000000,41906.10900000,38906497.37922000
1757865600000,924.31000000,929.05000000,923.10000000,927.59000000,19817.79700000,18355607.81246000
1757880000000,927.58000000,934.19000000,925.24000000,926.51000000,14134.57700000,13148900.67231000
1757894400000,926.51000000,932.95000000,922.00000000,932.31000000,26678.76600000,24739688.97124000
1757908800000,932.31000000,935.72000000,922.28000000,923.43000000,31089.25900000,28876055.23541000
1757923200000,923.42000000,923.42000000,910.64000000,920.12000000,52159.52800000,47839473.93669000
1757937600000,920.11000000,923.16000000,912.27000000,916.50000000,42106.25700000,38650112.57248000
1757952000000,916.51000000,922.08000000,912.73000000,919.50000000,15446.20100000,14173445.56531000
1757966400000,919.50000000,922.40000000,918.24000000,919.68000000,7769.07600000,7149364.97314000
1757980800000,919.68000000,922.68000000,916.66000000,921.16000000,14974.10100000,13781471.31241000
1757995200000,921.15000000,932.36000000,916.77000000,930.89000000,46290.78600000,42927652.12601000
1758009600000,930.90000000,933.55000000,924.81000000,927.48000000,26409.80100000,24531892.66151000
1758024000000,927.49000000,937.89000000,921.94000000,937.64000000,53458.32000000,49660207.53188000
1758038400000,937.64000000,957.17000000,932.49000000,954.66000000,106691.25450000,101269851.12093920
1758052800000,954.65000000,959.00000000,953.28000000,955.65000000,37094.57600000,35466372.99429000
1758067200000,955.65000000,963.00000000,954.31000000,957.00000000,55393.42750000,53136047.00889000
1758081600000,957.00000000,959.28000000,946.69000000,954.70000000,48216.69800000,45927725.77476000
1758096000000,954.70000000,957.19000000,951.16000000,953.24000000,32488.46000000,31000352.92759000
1758110400000,953.25000000,954.81000000,947.11000000,951.15000000,32893.53000000,31283476.64023000
1758124800000,951.14000000,962.68000000,946.10000000,956.46000000,71349.01800000,68039598.19164000
1758139200000,956.46000000,995.44000000,951.70000000,989.98000000,121852.06230000,119265478.15148790
1758153600000,989.97000000,997.00000000,982.75000000,995.52000000,71209.24100000,70454177.09755000
1758168000000,995.52000000,999.72000000,987.14000000,998.22000000,69176.96600000,68784361.04462960
1758182400000,998.23000000,1006.88000000,990.48000000,991.71000000,137415.40470000,137246285.24385790
1758196800000,991.72000000,998.89000000,990.80000000,993.45000000,50020.89300000,49756348.91278000
1758211200000,993.44000000,995.48000000,985.60000000,988.01000000,42804.84200000,42424016.03674000
1758225600000,988.00000000,989.03000000,979.48000000,981.04000000,32045.21500000,31534759.09444000
1758240000000,981.05000000,988.67000000,980.70000000,984.96000000,40855.71200000,40249608.34430000
1758254400000,984.96000000,997.70000000,982.12000000,994.76000000,84339.99600000,83706834.39363000
1758268800000,994.75000000,1002.99000000,984.64000000,985.75000000,89119.71800000,88582745.53292000
1758283200000,985.74000000,992.41000000,973.90000000,982.64000000,65298.09000000,64297312.40911000
1758297600000,982.63000000,985.20000000,975.00000000,978.30000000,31629.68500000,31018311.22188000
1758312000000,978.30000000,985.45000000,977.15000000,984.10000000,22339.56000000,21936109.60170000
1758326400000,984.10000000,993.11000000,982.90000000,991.61000000,35618.36200000,35178389.46138000
1758340800000,991.61000000,1001.65000000,990.79000000,999.46000000,38784.86500000,38667968.19040000
1758355200000,999.48000000,1005.32000000,993.79000000,1001.77000000,63509.07900000,63476004.30752000
1758369600000,1001.77000000,1028.01000000,998.51000000,1021.10000000,102856.86660000,104119870.76672270
1758384000000,1021.09000000,1029.12000000,1017.00000000,1019.16000000,68296.10900000,69846449.57580000
1758398400000,1019.15000000,1048.00000000,1018.23000000,1043.77000000,71900.79500000,74448489.01058000
1758412800000,1043.77000000,1083.47000000,1039.41000000,1069.46000000,169396.93730000,180473124.56819100
1758427200000,1069.46000000,1080.79000000,1058.91000000,1073.73000000,74833.26700000,80104762.03310000
1758441600000,1073.73000000,1075.25000000,1050.32000000,1051.11000000,77528.05800000,82335049.36655000
1758456000000,1051.12000000,1057.97000000,1044.00000000,1056.31000000,54942.03700000,57775852.61405000
1758470400000,1056.32000000,1058.00000000,1039.20000000,1047.85000000,52106.52300000,54505476.50065000
1758484800000,1047.85000000,1054.99000000,1040.98000000,1047.80000000,35604.46000000,37326391.59346000
1758499200000,1047.80000000,1050.55000000,1024.86000000,1029.95000000,106198.08400000,109730146.91947000
1758513600000,1029.94000000,1038.37000000,993.31000000,1023.76000000,166170.30600000,169264496.13555000
1758528000000,1023.75000000,1035.81000000,1012.52000000,1018.36000000,76916.75600000,78774469.83323000
1758542400000,1018.36000000,1027.82000000,993.90000000,997.61000000,106609.25800000,107823717.47769000
1758556800000,997.61000000,998.30000000,976.89000000,981.04000000,96553.51100000,95473892.99247000
1758571200000,981.03000000,997.68000000,978.60000000,992.90000000,36282.48100000,35887159.08750000
1758585600000,992.90000000,997.40000000,962.38000000,982.49000000,78563.24700000,76893936.38550000
1758600000000,982.49000000,1007.67000000,976.48000000,1001.69000000,86768.97900000,86317690.99306000
1758614400000,1001.70000000,1020.00000000,997.00000000,1010.75000000,74614.55400000,75049666.84260000
1758628800000,1010.74000000,1026.47000000,1008.87000000,1022.67000000,101516.67300000,103326160.14944000
1758643200000,1022.68000000,1027.37000000,1006.11000000,1009.25000000,55433.72400000,56346074.85771000
1758657600000,1009.25000000,1021.00000000,1008.32000000,1015.98000000,23173.89300000,23533748.66418000
1758672000000,1015.98000000,1026.79000000,1002.01000000,1002.56000000,64226.84900000,65269893.99844000
1758686400000,1002.56000000,1019.10000000,991.46000000,1018.08000000,67852.55900000,68506703.82090000
1758700800000,1018.09000000,1034.50000000,1012.50000000,1015.99000000,103521.23000000,105947694.96309000
1758715200000,1016.00000000,1021.17000000,1003.35000000,1009.20000000,70584.06300000,71613369.11690000
1758729600000,1009.20000000,1019.63000000,1007.93000000,1015.65000000,33864.30100000,34356427.41888000
1758744000000,1015.64000000,1019.85000000,1012.00000000,1018.49000000,23000.88000000,23398269.57273000
1758758400000,1018.49000000,1019.90000000,995.14000000,999.41000000,79262.96700000,79826792.12862000
1758772800000,999.41000000,1000.00000000,985.60000000,992.00000000,73838.49300000,73295475.89843000
1758787200000,991.99000000,996.34000000,981.03000000,986.09000000,46118.65700000,45582701.16079000
1758801600000,986.09000000,1000.39000000,980.00000000,995.30000000,90665.50900000,89888411.14659000
1758816000000,995.29000000,997.26000000,949.00000000,958.65000000,272918.64700000,264014829.71092000
1758830400000,958.65000000,961.12000000,939.55000000,945.90000000,72316.98100000,68709957.92878000
1758844800000,945.90000000,959.00000000,941.03000000,945.61000000,76189.93500000,72307967.49444000
1758859200000,945.60000000,949.98000000,936.00000000,949.46000000,59032.29200000,55648061.09514000
1758873600000,949.46000000,951.12000000,932.04000000,937.29000000,76377.26200000,71866346.68591000
1758888000000,937.30000000,951.87000000,932.01000000,942.42000000,82011.85200000,77373393.29401000
1758902400000,942.42000000,966.23000000,941.41000000,954.81000000,67389.84100000,64506954.21928000
1758916800000,954.81000000,960.85000000,951.52000000,960.80000000,23756.33200000,22705888.32756000
1758931200000,960.81000000,967.47000000,955.56000000,966.41000000,33563.66300000,32257754.71266000
1758945600000,966.40000000,974.01000000,965.23000000,972.29000000,48622.32900000,47147588.50977000
1758960000000,972.28000000,975.13000000,964.95000000,970.41000000,42953.59600000,41642384.39135000
1758974400000,970.41000000,985.79000000,968.39000000,976.23000000,54658.08100000,53430874.77057000
1758988800000,976.23000000,976.98000000,965.00000000,969.61000000,27722.96700000,26902600.25950000
1759003200000,969.60000000,978.00000000,967.20000000,968.45000000,37725.77900000,36656033.05886000
1759017600000,968.46000000,974.93000000,965.38000000,974.25000000,35713.35500000,34648263.71151000
1759032000000,974.25000000,975.26000000,968.60000000,969.50000000,21753.80700000,21135804.49093000
1759046400000,969.49000000,973.23000000,962.68000000,973.22000000,39881.41500000,38580101.84378000
1759060800000,973.23000000,979.26000000,966.31000000,976.00000000,36095.46300000,35144985.27782000
1759075200000,976.00000000,980.55000000,975.53000000,978.22000000,22129.60800000,21640436.56589000
1759089600000,978.23000000,993.65000000,977.80000000,993.01000000,32912.83200000,32475168.18750000
1759104000000,993.01000000,1011.41000000,991.12000000,1010.26000000,45752.51300000,45734909.98242000
1759118400000,1010.26000000,1013.73000000,1005.44000000,1009.87000000,35406.56800000,35736724.79198000
1759132800000,1009.86000000,1012.75000000,1002.11000000,1004.94000000,51138.30400000,51501885.31140000
1759147200000,1004.94000000,1023.16000000,1000.00000000,1011.08000000,80902.15000000,81876260.26405000
1759161600000,1011.07000000,1021.31000000,1003.53000000,1020.23000000,39148.10200000,39609578.37736000
1759176000000,1020.23000000,1036.00000000,1019.02000000,1029.79000000,39634.86300000,40793695.74094000
1759190400000,1029.79000000,1034.01000000,1020.87000000,1023.20000000,35681.85100000,36628673.70513000
1759204800000,1023.19000000,1027.98000000,1016.76000000,1020.13000000,38610.65500000,39503052.08541000
1759219200000,1020.12000000,1021.65000000,1003.13000000,1014.36000000,75809.64700000,76722471.23388000
1759233600000,1014.36000000,1014.66000000,992.93000000,998.19000000,58527.45300000,58754507.60377000
1759248000000,998.20000000,1009.49000000,996.78000000,1007.29000000,30285.09800000,30347238.25969000
1759262400000,1007.29000000,1010.50000000,1001.30000000,1008.51000000,19916.26700000,20025968.21765000
1759276800000,1008.51000000,1016.00000000,1003.35000000,1004.81000000,33219.80200000,33560344.03429000
1759291200000,1004.80000000,1013.32000000,1004.54000000,1010.03000000,26583.99300000,26861198.53245000
1759305600000,1010.03000000,1036.20000000,1009.50000000,1023.42000000,85163.79900000,87376354.14049000
1759320000000,1023.42000000,1028.60000000,1015.24000000,1019.31000000,64011.55500000,65424690.27565000
1759334400000,1019.32000000,1025.36000000,1016.49000000,1019.70000000,34979.88900000,35700195.94022000
1759348800000,1019.71000000,1026.59000000,1017.46000000,1026.50000000,25048.77300000,25594000.89144000
1759363200000,1026.50000000,1037.60000000,1022.01000000,1031.04000000,57301.51300000,59063193.91316000
1759377600000,1031.04000000,1041.18000000,1026.93000000,1036.10000000,41695.27000000,43140248.82323000
1759392000000,1036.11000000,1050.00000000,1033.61000000,1047.81000000,43389.38300000,45212406.58743000
1759406400000,1047.81000000,1063.45000000,1041.09000000,1055.68000000,94596.81700000,99662677.88929000
1759420800000,1055.68000000,1076.71000000,1054.96000000,1073.81000000,54374.44200000,57835465.53443000
1759435200000,1073.82000000,1099.22000000,1073.01000000,1090.22000000,89322.02000000,96986256.55904000
1759449600000,1090.22000000,1112.57000000,1084.02000000,1108.00000000,108032.25940000,118742056.62648900
1759464000000,1107.99000000,1112.68000000,1084.66000000,1086.24000000,88059.09400000,96558262.68863000
1759478400000,1086.25000000,1114.95000000,1083.84000000,1106.39000000,78824.28100000,86910208.93795000
1759492800000,1106.40000000,1168.00000000,1102.48000000,1165.30000000,204171.52530000,231656148.40874400
1759507200000,1165.30000000,1178.65000000,1120.10000000,1170.39000000,172839.55830000,199322580.21872000
1759521600000,1170.39000000,1192.42000000,1164.82000000,1189.40000000,93070.00260000,109775804.48102400
1759536000000,1189.40000000,1190.47000000,1164.00000000,1170.39000000,75136.16500000,88266220.61246000
1759550400000,1170.39000000,1182.39000000,1165.15000000,1166.82000000,48231.61200000,56602224.71854000
1759564800000,1166.82000000,1168.86000000,1145.00000000,1151.69000000,62960.97100000,72777753.82220000
1759579200000,1151.69000000,1154.18000000,1139.77000000,1144.44000000,56232.37700000,64516001.32199000
1759593600000,1144.42000000,1158.52000000,1134.93000000,1146.99000000,58361.66500000,66764712.10875000
1759608000000,1146.98000000,1156.35000000,1144.44000000,1150.75000000,36515.71900000,42003762.35995000
1759622400000,1150.75000000,1169.55000000,1143.14000000,1163.22000000,61516.80600000,71233074.28563000
1759636800000,1163.23000000,1189.00000000,1163.09000000,1178.03000000,82710.94700000,97381718.59519000
1759651200000,1178.02000000,1180.17000000,1153.84000000,1167.85000000,62843.65800000,73145116.41317000
1759665600000,1167.85000000,1171.20000000,1156.99000000,1158.57000000,38162.86700000,44418015.34074000
1759680000000,1158.57000000,1169.73000000,1148.25000000,1149.82000000,34864.24400000,40415928.52659000
1759694400000,1149.82000000,1167.38000000,1147.84000000,1167.38000000,26631.65600000,30826787.87190000
1759708800000,1167.38000000,1183.99000000,1161.85000000,1182.33000000,64919.48300000,76264438.22571000
1759723200000,1182.32000000,1223.90000000,1178.51000000,1198.26000000,158776.31620000,191077640.64963700
1759737600000,1198.26000000,1222.71000000,1198.26000000,1222.19000000,82124.58800000,99687494.77463000
1759752000000,1222.19000000,1239.94000000,1209.22000000,1221.50000000,152394.07990000,186798881.53014000
1759766400000,1221.49000000,1227.85000000,1213.91000000,1225.53000000,82318.28000000,100495043.37816000
1759780800000,1225.52000000,1230.44000000,1218.01000000,1223.19000000,46944.81300000,57457734.82235000
1759795200000,1223.17000000,1229.56000000,1204.61000000,1223.34000000,70710.70100000,86248174.52928000
1759809600000,1223.35000000,1263.99000000,1220.43000000,1250.04000000,174258.43730000,217162872.79389100
1759824000000,1250.04000000,1317.45000000,1232.72000000,1313.15000000,274708.53090000,351555084.46158700
1759838400000,1313.14000000,1349.99000000,1260.68000000,1280.97000000,512769.61550000,668350395.67308000
1759852800000,1280.96000000,1303.00000000,1265.40000000,1296.99000000,181510.93300000,233254053.25013000
1759867200000,1296.98000000,1328.20000000,1295.50000000,1304.43000000,137720.27100000,180832675.83070000
1759881600000,1304.43000000,1334.19000000,1271.04000000,1276.22000000,222864.96800000,289815099.25380000
1759896000000,1276.22000000,1313.83000000,1264.32000000,1312.47000000,162548.11900000,209709896.07406000
1759910400000,1312.47000000,1327.74000000,1302.56000000,1313.37000000,130370.49200000,171501476.58149000
1759924800000,1313.37000000,1320.00000000,1285.00000000,1293.96000000,140909.05000000,183660680.58480000
1759939200000,1293.96000000,1322.79000000,1289.00000000,1315.71000000,90690.22400000,118768488.84147000
1759953600000,1315.71000000,1324.74000000,1295.00000000,1307.40000000,79172.27000000,103457640.55667000
1759968000000,1307.40000000,1318.24000000,1252.92000000,1278.88000000,184507.71100000,236545684.63417000
1759982400000,1278.88000000,1320.00000000,1272.31000000,1309.90000000,187386.52300000,244031711.51338000
1759996800000,1309.89000000,1310.49000000,1267.67000000,1281.23000000,175999.44000000,226122934.14584000
1760011200000,1281.22000000,1290.89000000,1227.32000000,1239.64000000,238890.70800000,299450723.82013000
1760025600000,1239.65000000,1247.43000000,1224.38000000,1241.46000000,92773.40000000,114655925.26566000
1760040000000,1241.47000000,1260.64000000,1239.97000000,1255.35000000,46069.82200000,57703774.74599000
1760054400000,1255.35000000,1269.19000000,1244.10000000,1259.62000000,79559.49100000,99966163.64935000
1760068800000,1259.62000000,1278.52000000,1258.04000000,1263.75000000,85038.53300000,107887751.38885000
1760083200000,1263.76000000,1273.67000000,1245.81000000,1270.71000000,87016.80600000,109663256.58912000
1760097600000,1270.72000000,1274.16000000,1205.23000000,1215.49000000,222145.96800000,274802579.70191000
1760112000000,1215.49000000,1247.04000000,1210.06000000,1235.58000000,152593.86200000,187273036.78269000
1760126400000,1235.58000000,1243.42000000,860.11000000,1102.47000000,878671.01300000,958996123.85146000
1760140800000,1102.57000000,1143.33000000,1073.00000000,1128.42000000,346186.06600000,384573919.64795000
1760155200000,1128.36000000,1140.00000000,1084.47000000,1094.02000000,179384.26000000,199025415.39416000
1760169600000,1094.03000000,1140.11000000,1090.00000000,1129.79000000,147321.80800000,165284332.09933000
1760184000000,1129.78000000,1158.28000000,1115.02000000,1142.71000000,119311.11800000,135406218.02847000
1760198400000,1142.71000000,1182.76000000,1135.32000000,1141.14000000,147647.12600000,171454440.99716000
1760212800000,1141.14000000,1147.64000000,1106.24000000,1135.07000000,111054.86700000,125632093.87539000
1760227200000,1135.07000000,1137.97000000,1107.43000000,1121.30000000,99493.49400000,111357046.40454000
1760241600000,1121.30000000,1170.39000000,1117.58000000,1160.83000000,99947.40700000,114692583.53411000
1760256000000,1160.82000000,1231.00000000,1154.73000000,1230.12000000,253058.10000000,303673023.21527000
1760270400000,1230.11000000,1307.98000000,1220.00000000,1302.29000000,375150.83500000,471412823.39040000
1760284800000,1302.29000000,1312.31000000,1272.11000000,1296.19000000,234970.33600000,304060530.77044000
1760299200000,1296.23000000,1319.80000000,1276.24000000,1302.65000000,142627.84400000,184827739.16875000
1760313600000,1302.65000000,1322.00000000,1292.02000000,1296.29000000,151908.59100000,198581824.97294000
1760328000000,1296.30000000,1353.55000000,1283.44000000,1343.95000000,275326.48200000,365137759.64083000
1760342400000,1343.95000000,1375.11000000,1266.00000000,1294.20000000,564374.47890000,751292777.28373000
1760356800000,1294.20000000,1304.98000000,1251.28000000,1274.15000000,297319.01000000,381097918.26607000
1760371200000,1274.15000000,1288.92000000,1261.61000000,1271.56000000,125665.68800000,160383912.15679000
1760385600000,1271.56000000,1299.00000000,1271.46000000,1294.55000000,68482.72200000,88207814.82002000
1760400000000,1294.54000000,1318.26000000,1271.28000000,1278.14000000,116224.34200000,150154402.51308000
1760414400000,1278.14000000,1280.16000000,1179.40000000,1195.36000000,319672.23600000,390755663.52970000
1760428800000,1195.35000000,1213.03000000,1164.60000000,1170.35000000,246725.85800000,293090335.51979000
1760443200000,1170.35000000,1216.47000000,1143.01000000,1213.75000000,354133.66900000,416522098.99985000
1760457600000,1213.76000000,1250.65000000,1191.66000000,1206.54000000,249098.11000000,303723387.74675000
1760472000000,1206.55000000,1222.71000000,1203.45000000,1208.52000000,112805.56700000,136983262.82766000
1760486400000,1208.55000000,1222.76000000,1199.79000000,1206.66000000,81399.73200000,98433521.59228000
1760500800000,1206.66000000,1216.36000000,1176.14000000,1189.77000000,133311.33700000,158799135.85219000
1760515200000,1189.76000000,1215.24000000,1177.14000000,1185.02000000,127909.68100000,152816920.33999000
1760529600000,1185.01000000,1191.29000000,1164.50000000,1168.53000000,167214.15200000,196589257.85112000
1760544000000,1168.54000000,1187.88000000,1156.13000000,1164.30000000,117871.20600000,137895194.95589000
1760558400000,1164.30000000,1170.40000000,1148.92000000,1162.57000000,79621.63900000,92165412.35850000
1760572800000,1162.57000000,1195.00000000,1158.69000000,1183.82000000,93924.65100000,111015901.81105000
1760587200000,1183.83000000,1192.37000000,1173.87000000,1184.47000000,88770.42100000,105080538.09786000
1760601600000,1184.48000000,1194.21000000,1170.11000000,1181.67000000,136912.26900000,161922731.02283000
1760616000000,1181.68000000,1191.27000000,1132.36000000,1135.20000000,152233.15500000,177521245.98503000
1760630400000,1135.20000000,1156.53000000,1122.31000000,1145.30000000,183547.63900000,209415513.66511000
1760644800000,1145.31000000,1164.62000000,1141.29000000,1144.83000000,61438.36200000,70739312.27455000
1760659200000,1144.83000000,1156.30000000,1137.42000000,1150.54000000,60190.92900000,69095317.50162000
1760673600000,1150.54000000,1154.09000000,1059.53000000,1062.67000000,247556.48600000,271859896.95754000
1760688000000,1062.68000000,1080.00000000,1021.00000000,1072.28000000,412436.78500000,431610413.38295000
1760702400000,1072.28000000,1077.31000000,1046.99000000,1074.01000000,178906.17700000,190348534.19436000
1760716800000,1074.01000000,1093.00000000,1063.21000000,1066.84000000,118370.01600000,127586705.46898000
1760731200000,1066.85000000,1090.36000000,1064.56000000,1071.15000000,48761.37800000,52627897.83192000
1760745600000,1071.15000000,1094.80000000,1069.41000000,1090.19000000,64988.88200000,70514215.82547000
1760760000000,1090.18000000,1131.05000000,1080.08000000,1119.34000000,120645.62300000,133890433.80027000
1760774400000,1119.33000000,1125.50000000,1096.48000000,1103.58000000,90196.17100000,100106237.28397000
1760788800000,1103.59000000,1105.80000000,1082.70000000,1091.24000000,63752.63400000,69677692.92950000
1760803200000,1091.24000000,1103.84000000,1081.67000000,1103.09000000,41039.02400000,44856764.65070000
1760817600000,1103.08000000,1105.38000000,1083.80000000,1092.43000000,39374.18300000,43078945.73777000
1760832000000,1092.42000000,1094.18000000,1077.00000000,1091.71000000,35912.74400000,38964308.76807000
1760846400000,1091.72000000,1097.50000000,1081.92000000,1084.38000000,37769.69200000,41125317.17191000
1760860800000,1084.39000000,1110.00000000,1068.04000000,1100.55000000,134768.66100000,146962485.61132000
1760875200000,1100.55000000,1122.98000000,1091.27000000,1118.94000000,113855.83300000,126456314.70749000
1760889600000,1118.94000000,1133.76000000,1115.43000000,1117.11000000,58143.79500000,65359195.46933000
1760904000000,1117.11000000,1121.82000000,1107.60000000,1109.88000000,29536.84700000,32963040.41643000
1760918400000,1109.88000000,1130.27000000,1088.19000000,1128.17000000,85423.79400000,94523510.65054000
1760932800000,1128.17000000,1143.20000000,1121.27000000,1125.08000000,95828.53300000,108380483.53858000
1760947200000,1125.07000000,1129.88000000,1109.84000000,1115.44000000,84104.74000000,94207360.94555000
1760961600000,1115.45000000,1117.03000000,1099.49000000,1110.60000000,94546.76400000,104915257.44258000
1760976000000,1110.61000000,1110.61000000,1088.33000000,1100.91000000,94453.30600000,103558093.06831000
1760990400000,1100.91000000,1104.28000000,1092.56000000,1100.19000000,26953.91800000,29629553.51755000
1761004800000,1100.20000000,1102.16000000,1077.00000000,1081.63000000,58595.07100000,63665592.28411000
1761019200000,1081.62000000,1081.99000000,1062.00000000,1072.25000000,91129.27700000,97507880.07835000
1761033600000,1072.24000000,1079.68000000,1065.61000000,1076.54000000,55340.99400000,59253079.41308000
1761048000000,1076.54000000,1114.53000000,1068.39000000,1111.97000000,148101.16200000,161679221.17345000
1761062400000,1111.96000000,1113.27000000,1080.27000000,1089.64000000,120738.18900000,132475136.87340000
1761076800000,1089.65000000,1091.00000000,1052.46000000,1057.16000000,67619.80800000,72375144.73323000
1761091200000,1057.16000000,1071.01000000,1053.57000000,1067.99000000,61299.86800000,65267163.74555000
1761105600000,1067.99000000,1074.79000000,1061.50000000,1071.14000000,41920.44500000,44832621.71876000
1761120000000,1071.13000000,1075.15000000,1058.85000000,1069.46000000,63159.29100000,67333535.01365000
1761134400000,1069.46000000,1083.80000000,1065.61000000,1080.99000000,127027.72800000,136619751.44723000
1761148800000,1080.99000000,1081.69000000,1063.42000000,1069.95000000,49580.46500000,53179176.20886000
1761163200000,1069.96000000,1073.72000000,1053.25000000,1071.82000000,54261.26500000,57692547.95670000
1761177600000,1071.83000000,1091.56000000,1071.83000000,1087.01000000,49571.64700000,53643870.82919000
1761192000000,1087.02000000,1112.12000000,1083.17000000,1109.98000000,99130.76500000,109151547.04979000
1761206400000,1109.97000000,1123.32000000,1092.93000000,1094.55000000,156289.93000000,172931520.20340000
1761220800000,1094.55000000,1161.90000000,1076.54000000,1129.95000000,312482.03500000,351285261.86367000
1761235200000,1129.95000000,1140.50000000,1107.37000000,1117.80000000,107023.92300000,120522071.21787000
1761249600000,1117.81000000,1131.02000000,1111.04000000,1126.72000000,50448.41800000,56513003.80295000
1761264000000,1126.71000000,1140.94000000,1126.55000000,1135.59000000,60710.45000000,68815875.43844000
1761278400000,1135.58000000,1144.17000000,1121.80000000,1125.25000000,68616.62200000,77907790.12216000
1761292800000,1125.24000000,1135.85000000,1120.27000000,1125.37000000,57386.31500000,64708691.79224000
1761307200000,1125.37000000,1137.78000000,1103.04000000,1104.42000000,89359.28600000,99921980.27145000
1761321600000,1104.41000000,1114.40000000,1097.39000000,1109.86000000,43459.54300000,48020432.06007000
1761336000000,1109.86000000,1113.75000000,1106.76000000,1109.01000000,23180.42600000,25733817.13156000
1761350400000,1109.00000000,1119.34000000,1100.96000000,1117.17000000,34662.27600000,38489627.32966000
1761364800000,1117.17000000,1119.15000000,1110.69000000,1112.72000000,31058.85000000,34647028.87430000
1761379200000,1112.71000000,1118.23000000,1110.00000000,1115.76000000,25075.14200000,27955641.23900000
1761393600000,1115.76000000,1118.00000000,1105.00000000,1108.61000000,34193.45800000,38021044.73683000
1761408000000,1108.61000000,1117.05000000,1107.68000000,1116.33000000,17217.97000000,19160133.57922000
1761422400000,1116.34000000,1120.89000000,1112.87000000,1116.53000000,20508.88700000,22920329.19271000
1761436800000,1116.53000000,1124.37000000,1114.48000000,1116.98000000,36032.50900000,40352270.36662000
1761451200000,1116.98000000,1122.24000000,1116.02000000,1120.39000000,18055.53500000,20212348.32341000
1761465600000,1120.39000000,1136.36000000,1120.38000000,1135.28000000,56712.95800000,63959428.69347000
1761480000000,1135.39000000,1139.25000000,1126.77000000,1133.43000000,59874.88000000,67881214.85465000
1761494400000,1133.42000000,1133.80000000,1123.18000000,1126.58000000,26654.80400000,30052997.20934000
1761508800000,1126.58000000,1143.35000000,1123.05000000,1138.19000000,43608.85900000,49580668.84901000
1761523200000,1138.19000000,1164.54000000,1136.96000000,1151.18000000,84946.35600000,97767033.46929000
1761537600000,1151.18000000,1161.00000000,1135.76000000,1156.48000000,98162.81400000,112833290.16625000
1761552000000,1156.49000000,1179.98000000,1147.32000000,1179.70000000,100883.12900000,116931803.58289000
1761566400000,1179.69000000,1182.60000000,1131.44000000,1143.86000000,121087.15200000,139762710.08202000
1761580800000,1143.85000000,1153.88000000,1142.10000000,1145.17000000,48955.77300000,56199812.33212000
1761595200000,1145.18000000,1147.41000000,1132.85000000,1138.88000000,40432.47100000,46116173.09644000
1761609600000,1138.88000000,1147.57000000,1131.50000000,1138.51000000,37933.71600000,43190719.63498000
1761624000000,1138.52000000,1143.73000000,1121.14000000,1132.46000000,52016.82300000,58829088.08698000
1761638400000,1132.46000000,1139.00000000,1130.10000000,1132.16000000,29953.11800000,33987809.59075000
1761652800000,1132.16000000,1147.19000000,1127.00000000,1135.62000000,69244.87100000,78831097.73000000
1761667200000,1135.62000000,1148.94000000,1126.61000000,1128.92000000,43005.89400000,49029491.46018000
1761681600000,1128.92000000,1129.30000000,1074.00000000,1103.45000000,119424.74800000,131324445.83341000
1761696000000,1103.45000000,1108.54000000,1098.33000000,1104.61000000,37471.06500000,41366490.74101000
1761710400000,1104.60000000,1121.35000000,1103.92000000,1117.28000000,61162.47600000,68165931.53532000
1761724800000,1117.29000000,1120.16000000,1110.68000000,1113.66000000,135891.14200000,151486223.29844000
1761739200000,1113.67000000,1118.80000000,1096.00000000,1099.23000000,71454.85400000,79220585.91581000
1761753600000,1099.24000000,1114.16000000,1082.59000000,1107.24000000,116790.48100000,128727422.27226000
1761768000000,1107.24000000,1119.42000000,1103.40000000,1107.70000000,36943.47800000,41105776.58390000
1761782400000,1107.70000000,1120.15000000,1104.47000000,1118.97000000,47837.44400000,53348081.24607000
1761796800000,1118.97000000,1118.97000000,1090.00000000,1118.24000000,91731.40400000,101469491.97581000
1761811200000,1118.25000000,1129.55000000,1107.81000000,1111.56000000,76991.75900000,86071489.12319000
1761825600000,1111.56000000,1114.19000000,1075.40000000,1077.13000000,124771.99300000,136035948.93281000
1761840000000,1077.13000000,1084.25000000,1058.80000000,1061.76000000,75333.38600000,80599109.67321000
1761854400000,1061.76000000,1079.56000000,1043.48000000,1079.05000000,91625.67100000,97091632.53819000
1761868800000,1079.06000000,1089.11000000,1074.83000000,1086.20000000,59685.69800000,64597959.94147000
1761883200000,1086.20000000,1103.40000000,1085.44000000,1099.03000000,81477.16800000,89232177.13946000
1761897600000,1099.04000000,1104.93000000,1077.82000000,1088.19000000,246999.36700000,269170780.80546000
1761912000000,1088.19000000,1092.41000000,1077.19000000,1084.53000000,83050.80400000,90040314.38460000
1761926400000,1084.52000000,1092.23000000,1071.43000000,1090.00000000,47291.71600000,51100036.03559000
1761940800000,1090.00000000,1091.00000000,1084.01000000,1088.90000000,19164.89300000,20853510.79134000
1761955200000,1088.90000000,1095.00000000,1082.02000000,1090.00000000,52406.35600000,57086993.13591000
1761969600000,1089.99000000,1091.37000000,1084.28000000,1086.46000000,21604.78800000,23499731.10622000
1761984000000,1086.47000000,1089.52000000,1085.52000000,1089.11000000,19151.04700000,20830205.91871000
1761998400000,1089.11000000,1096.42000000,1081.80000000,1092.60000000,41372.30600000,45064818.90900000
1762012800000,1092.60000000,1096.70000000,1090.52000000,1094.52000000,16951.75300000,18539059.10338000
1762027200000,1094.51000000,1096.93000000,1090.22000000,1094.53000000,12007.29800000,13140028.10622000
1762041600000,1094.54000000,1094.76000000,1087.70000000,1089.61000000,17253.75200000,18826061.76300000
1762056000000,1089.62000000,1094.92000000,1088.38000000,1093.80000000,18847.41200000,20575141.33637000
1762070400000,1093.80000000,1094.73000000,1080.79000000,1087.91000000,26133.39000000,28415179.00746000
1762084800000,1087.91000000,1087.91000000,1077.82000000,1080.40000000,29625.88900000,32076572.46537000
1762099200000,1080.41000000,1080.41000000,1071.74000000,1078.65000000,27322.28200000,29431679.56531000
1762113600000,1078.64000000,1085.60000000,1076.61000000,1083.25000000,13219.82300000,14291331.36781000
1762128000000,1083.25000000,1087.24000000,1041.14000000,1043.70000000,88606.55500000,93962777.55836000
1762142400000,1043.70000000,1049.40000000,1024.19000000,1028.85000000,111703.60700000,115707360.79895000
1762156800000,1028.85000000,1031.48000000,1008.71000000,1015.95000000,122114.05800000,124460802.43696000
1762171200000,1015.95000000,1026.49000000,960.18000000,980.28000000,205902.75100000,205343691.75487000
1762185600000,980.28000000,1010.48000000,976.66000000,996.34000000,102737.75400000,102285815.85109000
1762200000000,996.34000000,997.62000000,981.25000000,993.54000000,54134.16000000,53546925.69493000
1762214400000,993.54000000,1000.98000000,982.22000000,999.21000000,53110.02500000,52821685.78402000
1762228800000,999.22000000,1002.12000000,940.00000000,944.63000000,196475.59700000,188261315.81330000
1762243200000,944.63000000,963.16000000,939.60000000,958.00000000,110694.11100000,105368194.11467000
1762257600000,958.00000000,966.94000000,934.64000000,949.85000000,125393.66600000,119278042.91295000
1762272000000,949.88000000,953.20000000,908.17000000,919.52000000,212501.72400000,196843931.75636000
1762286400000,919.51000000,941.61000000,880.80000000,936.77000000,287100.39500000,261473340.86094000
1762300800000,936.79000000,955.90000000,900.39000000,949.19000000,190178.74000000,177086164.27453000
1762315200000,949.20000000,957.28000000,941.05000000,953.84000000,66513.04000000,63035374.85737000
1762329600000,953.83000000,953.88000000,937.00000000,945.37000000,69069.66100000,65186639.69320000
1762344000000,945.37000000,965.68000000,944.07000000,965.68000000,91518.28200000,87473400.62338000
1762358400000,965.68000000,969.27000000,957.21000000,959.50000000,70168.33900000,67589569.24422000
1762372800000,959.49000000,964.55000000,951.70000000,959.33000000,38695.96500000,37031059.67706000
1762387200000,959.32000000,964.00000000,943.75000000,963.02000000,49532.37600000,47231711.24700000
1762401600000,963.02000000,965.23000000,946.02000000,951.41000000,36000.03100000,34376440.20452000
1762416000000,951.40000000,958.40000000,948.50000000,955.29000000,36625.69200000,34933467.36603000
1762430400000,955.29000000,955.60000000,927.63000000,933.71000000,90820.69600000,85456087.56432000
1762444800000,933.71000000,955.45000000,925.07000000,948.10000000,69597.14100000,65412462.03642000
1762459200000,948.09000000,954.46000000,944.26000000,950.40000000,30046.48900000,28516846.83297000
1762473600000,950.40000000,976.33000000,944.90000000,967.09000000,76234.78200000,73113852.94311000
1762488000000,967.09000000,971.44000000,957.81000000,970.06000000,48890.04700000,47201134.80541000
1762502400000,970.05000000,970.85000000,937.00000000,942.57000000,59348.18200000,56514147.53304000
1762516800000,942.57000000,949.78000000,925.70000000,944.73000000,94101.32900000,88292637.03424000
1762531200000,944.73000000,985.49000000,939.90000000,981.81000000,108982.57200000,105407407.30705000
1762545600000,981.80000000,995.60000000,974.27000000,991.15000000,65156.59200000,64342672.40282000
1762560000000,991.14000000,1007.41000000,980.05000000,996.72000000,86667.87900000,86287446.51825000
1762574400000,996.71000000,1002.08000000,984.92000000,995.38000000,60184.07000000,59827825.67400000
1762588800000,995.38000000,1003.15000000,987.10000000,989.60000000,51331.48100000,51183702.55726000
1762603200000,989.61000000,998.29000000,983.34000000,990.80000000,38269.09900000,37921292.66757000
1762617600000,990.79000000,1005.77000000,985.01000000,996.32000000,46721.74800000,46484168.10822000
1762632000000,996.33000000,999.76000000,989.65000000,991.03000000,18531.41200000,18451529.77155000
1762646400000,991.01000000,994.24000000,975.84000000,981.07000000,36539.67300000,36000582.22795000
1762660800000,981.07000000,993.30000000,980.81000000,989.60000000,25684.93900000,25381191.38031000
1762675200000,989.59000000,995.60000000,982.20000000,990.30000000,39630.13200000,39177538.75724000
1762689600000,990.30000000,999.00000000,977.35000000,994.46000000,74469.79500000,73735005.84320000
1762704000000,994.46000000,1005.00000000,991.36000000,1004.96000000,41293.76600000,41212858.79160000
1762718400000,1004.96000000,1007.16000000,990.60000000,996.63000000,39042.44300000,38996234.11054000
1762732800000,996.63000000,1019.56000000,991.60000000,1013.16000000,69798.25300000,70549408.62162000
1762747200000,1013.16000000,1014.69000000,1004.02000000,1005.98000000,32133.52500000,32419203.88890000
1762761600000,1005.99000000,1006.46000000,996.02000000,999.49000000,44416.60600000,44463808.90822000
1762776000000,999.50000000,1004.28000000,976.70000000,980.04000000,77551.67200000,76831168.93816000
1762790400000,980.04000000,989.45000000,976.22000000,987.89000000,33394.08900000,32832785.01207000
1762804800000,987.89000000,996.30000000,983.59000000,991.98000000,23834.65100000,23593297.76990000
1762819200000,991.99000000,1008.60000000,986.96000000,1000.92000000,51903.58100000,51910037.56357000
1762833600000,1000.92000000,1003.82000000,972.24000000,974.63000000,54994.16500000,54170444.25741000
1762848000000,974.62000000,983.42000000,973.19000000,980.75000000,32670.54700000,31956223.50352000
1762862400000,980.75000000,984.84000000,972.00000000,975.70000000,50896.67100000,49799489.43334000
1762876800000,975.70000000,977.81000000,960.80000000,961.27000000,60081.15800000,58200019.82733000
1762891200000,961.28000000,965.70000000,956.08000000,958.08000000,33405.74700000,32086131.17537000
1762905600000,958.08000000,965.64000000,955.31000000,961.40000000,30243.04400000,29057185.67799000
1762920000000,961.39000000,962.81000000,951.80000000,953.13000000,22749.04200000,21803677.81609000
1762934400000,953.12000000,975.36000000,953.12000000,971.43000000,35477.01000000,34288404.18323000
1762948800000,971.44000000,978.61000000,946.23000000,949.10000000,57291.32500000,55218280.31160000
1762963200000,949.11000000,955.00000000,937.90000000,948.68000000,53937.75600000,51037715.26638000
1762977600000,948.68000000,957.79000000,946.80000000,952.86000000,17288.93900000,16490008.91364000
1762992000000,952.87000000,963.90000000,946.52000000,959.70000000,31741.00800000,30357334.61972000
1763006400000,959.70000000,972.20000000,957.40000000,964.89000000,33721.44900000,32558812.61790000
1763020800000,964.90000000,968.05000000,959.74000000,967.07000000,23864.14000000,23004294.53488000
1763035200000,967.07000000,968.17000000,952.55000000,957.36000000,46959.75300000,45111635.94133000
1763049600000,957.36000000,959.43000000,911.14000000,913.54000000,133900.95200000,124382632.01827000
1763064000000,913.54000000,932.68000000,905.72000000,927.15000000,64157.77600000,58844411.77720000
1763078400000,927.15000000,934.04000000,918.63000000,924.03000000,57293.35200000,53030231.66504000
1763092800000,924.02000000,926.90000000,900.00000000,923.08000000,90291.57800000,82495576.93367000
1763107200000,923.07000000,923.07000000,904.56000000,909.17000000,57537.47300000,52583097.61248000
1763121600000,909.16000000,931.04000000,887.88000000,925.50000000,154981.00700000,140896286.40442000
1763136000000,925.51000000,933.37000000,918.61000000,931.81000000,42493.68500000,39393040.70750000
1763150400000,931.81000000,933.56000000,908.00000000,915.25000000,35595.91300000,32806393.98912000
1763164800000,915.26000000,936.13000000,914.91000000,931.85000000,40128.04600000,37261601.54025000
1763179200000,931.85000000,936.79000000,927.01000000,936.19000000,27259.72300000,25409796.59319000
1763193600000,936.20000000,939.19000000,929.00000000,930.73000000,33895.79800000,31684047.30466000
1763208000000,930.73000000,938.11000000,929.10000000,936.57000000,18518.81400000,17324508.00478000
1763222400000,936.57000000,945.22000000,931.10000000,941.33000000,22920.58800000,21530302.80004000
1763236800000,941.33000000,941.57000000,926.01000000,932.28000000,19261.73600000,17961376.72893000
1763251200000,932.27000000,941.61000000,921.49000000,941.21000000,28123.22300000,26208889.18234000
1763265600000,941.20000000,948.23000000,937.89000000,943.47000000,21733.91400000,20502082.15442000
1763280000000,943.48000000,949.77000000,930.32000000,931.79000000,31695.81600000,29895110.13604000
1763294400000,931.80000000,939.23000000,922.20000000,923.62000000,45552.98800000,42448587.67538000
1763308800000,923.62000000,930.45000000,908.16000000,919.93000000,76406.40800000,70217427.60585000
1763323200000,919.94000000,931.82000000,910.15000000,926.56000000,48645.52800000,44715047.18887000
1763337600000,926.59000000,939.55000000,919.61000000,934.52000000,46999.85800000,43766643.72937000
1763352000000,934.52000000,937.79000000,930.01000000,935.28000000,26149.73300000,24417434.22087000
1763366400000,935.28000000,938.65000000,931.30000000,933.45000000,21265.45500000,19891886.57144000
1763380800000,933.45000000,934.63000000,899.95000000,911.89000000,103611.97300000,94902513.60153000
1763395200000,911.90000000,922.01000000,893.39000000,897.39000000,83479.02400000,75789719.59959000
1763409600000,897.39000000,911.03000000,891.72000000,907.36000000,51385.81300000,46366080.58156000
1763424000000,907.36000000,918.75000000,884.40000000,903.40000000,120561.01500000,108979112.81485000
1763438400000,903.40000000,913.61000000,892.75000000,910.33000000,67949.07100000,61518957.94794000
1763452800000,910.33000000,925.00000000,909.93000000,915.46000000,46510.28200000,42659404.24587000
1763467200000,915.47000000,927.44000000,910.42000000,926.11000000,49301.50900000,45341178.69916000
1763481600000,926.10000000,939.99000000,924.18000000,935.80000000,54440.77300000,50892822.86719000
1763496000000,935.80000000,937.20000000,928.50000000,932.79000000,18512.80800000,17272375.18076000
1763510400000,932.79000000,941.06000000,924.78000000,932.26000000,33861.19200000,31612419.94836000
1763524800000,932.27000000,932.88000000,912.90000000,931.12000000,41521.55500000,38341558.35274000
1763539200000,931.12000000,934.00000000,919.32000000,921.62000000,26067.50800000,24112178.13011000
1763553600000,921.61000000,925.44000000,892.68000000,894.73000000,62100.00400000,56476344.56521000
1763568000000,894.72000000,899.56000000,872.38000000,878.90000000,84300.58600000,74486046.73271000
1763582400000,878.90000000,901.41000000,876.40000000,897.77000000,48507.42900000,43279389.12909000
1763596800000,897.78000000,917.00000000,893.80000000,910.06000000,51358.96800000,46626435.87297000
1763611200000,910.06000000,914.60000000,899.39000000,907.85000000,34543.39800000,31321353.00126000
1763625600000,907.85000000,908.87000000,896.67000000,902.31000000,22957.81400000,20709634.41053000
1763640000000,902.30000000,909.00000000,888.95000000,889.96000000,52579.77100000,47222182.93437000
1763654400000,889.97000000,890.56000000,868.30000000,880.44000000,92928.99300000,81545773.49851000
1763668800000,880.44000000,883.61000000,865.57000000,866.51000000,47434.03700000,41607293.99032000
1763683200000,866.51000000,877.33000000,855.45000000,863.36000000,65045.63900000,56339059.41766000
1763697600000,863.35000000,867.00000000,807.24000000,832.03000000,161303.16400000,135889735.07148000
1763712000000,832.03000000,839.92000000,802.55000000,809.08000000,161139.21200000,132121377.70557000
1763726400000,809.08000000,831.47000000,790.79000000,813.67000000,151327.34400000,123190836.95522000
1763740800000,813.67000000,836.36000000,808.03000000,825.55000000,74771.14500000,61659023.44120000
1763755200000,825.54000000,836.27000000,813.85000000,830.46000000,40899.54500000,33779185.39238000
1763769600000,830.47000000,842.93000000,830.10000000,836.41000000,34082.24300000,28517875.18612000
1763784000000,836.41000000,837.47000000,819.58000000,831.79000000,33066.20600000,27359298.22833000
1763798400000,831.80000000,832.66000000,813.77000000,825.60000000,41679.66500000,34208940.77249000
1763812800000,825.60000000,828.88000000,815.26000000,823.22000000,23979.05200000,19706366.55242000
1763827200000,823.21000000,834.18000000,822.91000000,832.91000000,17174.51400000,14245319.20870000
1763841600000,832.91000000,841.86000000,825.92000000,833.78000000,17243.94000000,14389466.28615000
1763856000000,833.78000000,850.20000000,833.28000000,846.85000000,41608.32100000,35071646.39687000
1763870400000,846.85000000,854.49000000,836.62000000,841.18000000,36332.61700000,30737330.51978000
1763884800000,841.19000000,846.87000000,838.83000000,842.58000000,17845.81700000,15039372.32700000
1763899200000,842.59000000,851.86000000,842.35000000,849.90000000,24500.31200000,20765034.36408000
1763913600000,849.90000000,853.20000000,843.15000000,849.79000000,28261.60800000,23959346.32152000
1763928000000,849.78000000,855.46000000,842.26000000,843.60000000,18975.50200000,16131560.86001000
1763942400000,843.60000000,853.08000000,836.08000000,849.51000000,47469.95400000,40083587.89385000
1763956800000,849.51000000,858.40000000,838.73000000,853.88000000,42397.78700000,36076771.53793000
1763971200000,853.88000000,856.70000000,840.50000000,842.64000000,29293.99400000,24810287.83972000
1763985600000,842.63000000,848.31000000,830.01000000,844.50000000,48134.00600000,40391399.18980000
1764000000000,844.49000000,871.24000000,844.21000000,868.58000000,50790.26600000,43737735.31362000
1764014400000,868.58000000,876.30000000,863.24000000,864.92000000,30378.79500000,26411837.25044000
1764028800000,864.90000000,867.00000000,856.60000000,860.74000000,25037.45600000,21589977.75226000
1764043200000,860.74000000,865.00000000,855.49000000,855.82000000,28148.53300000,24245144.28201000
1764057600000,855.82000000,859.59000000,846.81000000,850.65000000,28107.23200000,23969701.30172000
1764072000000,850.65000000,856.20000000,837.47000000,846.30000000,34986.42500000,29642550.01269000
1764086400000,846.31000000,861.83000000,845.44000000,855.28000000,25900.71000000,22129168.71267000
1764100800000,855.29000000,867.66000000,851.10000000,862.57000000,16570.50300000,14246838.64966000
1764115200000,862.58000000,869.98000000,859.14000000,860.11000000,17168.85500000,14853038.03777000
1764129600000,860.11000000,862.86000000,857.43000000,860.44000000,14131.99600000,12160250.07118000
1764144000000,860.45000000,860.85000000,852.72000000,857.77000000,17708.41900000,15169185.86187000
1764158400000,857.78000000,868.21000000,851.72000000,865.00000000,30485.88400000,26244497.12539000
1764172800000,865.00000000,897.25000000,864.96000000,896.55000000,57588.91000000,50890665.93383000
1764187200000,896.55000000,897.00000000,889.29000000,891.78000000,22565.32800000,20142716.86768000
1764201600000,891.77000000,904.86000000,889.25000000,895.64000000,44626.61700000,40027663.65373000
1764216000000,895.63000000,899.21000000,890.81000000,893.72000000,22671.26100000,20281148.02587000
1764230400000,893.72000000,895.98000000,889.71000000,892.58000000,21273.22300000,18985337.44043000
1764244800000,892.58000000,894.22000000,883.80000000,893.20000000,26071.40700000,23167578.96208000
1764259200000,893.21000000,898.67000000,890.17000000,896.39000000,15717.46000000,14056983.04757000
1764273600000,896.39000000,898.71000000,890.77000000,895.74000000,10889.11600000,9754363.34257000
1764288000000,895.75000000,899.80000000,889.04000000,892.59000000,23955.27200000,21418564.51308000
1764302400000,892.60000000,898.11000000,881.60000000,882.47000000,24229.14000000,21587486.69527000
1764316800000,882.46000000,898.52000000,882.42000000,891.81000000,30522.58800000,27230571.68274000
1764331200000,891.80000000,906.50000000,887.20000000,902.00000000,39092.35200000,35090994.86933000
1764345600000,902.00000000,902.33000000,876.15000000,886.29000000,40933.01100000,36201173.01415000
1764360000000,886.28000000,890.46000000,883.10000000,887.19000000,16111.31400000,14293250.77904000
1764374400000,887.20000000,889.00000000,883.47000000,884.14000000,9266.63800000,8210020.06825000
1764388800000,884.13000000,884.84000000,876.46000000,879.06000000,20049.55300000,17664381.37538000
1764403200000,879.07000000,882.25000000,877.49000000,878.56000000,11412.74900000,10037470.94503000
1764417600000,878.56000000,882.00000000,875.22000000,880.93000000,13858.10200000,12168506.34859000
1764432000000,880.92000000,881.76000000,868.25000000,873.10000000,20084.97000000,17558139.19491000
1764446400000,873.09000000,875.66000000,870.60000000,872.90000000,5387.92000000,4706302.74673000
1764460800000,872.90000000,878.94000000,869.56000000,875.59000000,8799.63700000,7697157.80864000
1764475200000,875.60000000,876.95000000,870.13000000,874.78000000,8109.89300000,7082241.50951000
1764489600000,874.79000000,879.69000000,874.40000000,876.72000000,11745.98800000,10306712.87271000
1764504000000,876.72000000,897.89000000,875.70000000,893.99000000,41331.25000000,36795732.91682000
1764518400000,894.00000000,899.75000000,892.85000000,894.99000000,15218.99600000,13642518.07116000
1764532800000,895.00000000,897.00000000,874.20000000,875.31000000,21024.82300000,18653865.78102000
1764547200000,875.30000000,877.12000000,827.59000000,829.40000000,113470.53500000,95786009.33529000
1764561600000,829.39000000,832.97000000,820.73000000,832.43000000,44794.95900000,36989444.10919000
1764576000000,832.44000000,833.39000000,823.00000000,824.86000000,53903.81800000,44570759.81113000
1764590400000,824.86000000,826.39000000,801.70000000,811.85000000,77863.22000000,63512051.45622000
1764604800000,811.86000000,818.86000000,808.41000000,814.70000000,26273.01900000,21363850.22356000
1764619200000,814.69000000,832.32000000,814.61000000,826.61000000,26440.83400000,21777525.09921000
1764633600000,826.60000000,834.00000000,820.46000000,828.38000000,27989.89600000,23181997.19915000
1764648000000,828.39000000,833.00000000,828.20000000,830.94000000,19969.82300000,16591011.17987000
1764662400000,830.93000000,845.30000000,825.25000000,843.23000000,42653.00500000,35598012.45627000
1764676800000,843.23000000,875.60000000,839.74000000,871.40000000,72527.98300000,62263717.06340000
1764691200000,871.39000000,885.00000000,865.23000000,882.58000000,44604.98700000,39095937.06366000
1764705600000,882.57000000,882.90000000,872.60000000,876.61000000,25403.98600000,22304030.06544000
1764720000000,876.60000000,889.56000000,873.60000000,887.82000000,32395.08700000,28642460.37922000
1764734400000,887.81000000,910.57000000,887.37000000,896.55000000,56682.86100000,50980125.48440000
1764748800000,896.55000000,901.59000000,893.57000000,898.92000000,21290.82700000,19097044.25975000
1764763200000,898.92000000,906.19000000,887.79000000,897.20000000,54770.57400000,49197898.60723000
1764777600000,897.20000000,908.00000000,892.85000000,906.99000000,24419.94100000,22030291.84625000
1764792000000,906.99000000,922.63000000,905.00000000,920.76000000,37750.63900000,34551428.47436000
1764806400000,920.77000000,928.24000000,914.89000000,916.80000000,41758.73000000,38513837.80246000
1764820800000,916.81000000,919.12000000,906.30000000,910.79000000,28830.44400000,26284588.48814000
1764835200000,910.79000000,913.17000000,907.07000000,908.88000000,16205.43100000,14747911.86327000
1764849600000,908.88000000,916.13000000,901.78000000,910.76000000,27564.67900000,25004626.16831000
1764864000000,910.76000000,912.43000000,886.79000000,898.52000000,36222.62600000,32610886.65390000
1764878400000,898.52000000,904.18000000,896.00000000,899.92000000,15197.65300000,13674973.68786000
1764892800000,899.92000000,907.06000000,899.40000000,901.81000000,11131.42700000,10057604.68321000
1764907200000,901.80000000,907.92000000,898.37000000,901.65000000,15682.53200000,14154160.67098000
1764921600000,901.64000000,902.32000000,889.53000000,894.09000000,21814.71400000,19514545.26890000
1764936000000,894.09000000,900.18000000,884.59000000,888.87000000,36541.04100000,32565844.87968000
1764950400000,888.86000000,889.39000000,870.18000000,883.69000000,42934.25600000,37774806.32126000
1764964800000,883.69000000,885.15000000,878.50000000,883.57000000,9390.02900000,8280033.01726000
1764979200000,883.57000000,888.52000000,881.11000000,887.54000000,11469.47100000,10149229.27240000
1764993600000,887.53000000,888.10000000,881.80000000,884.76000000,9208.49200000,8142864.21134000
1765008000000,884.76000000,885.10000000,878.01000000,883.58000000,11977.99000000,10567557.39126000
1765022400000,883.58000000,896.91000000,883.17000000,890.28000000,21139.42000000,18805178.19922000
1765036800000,890.29000000,897.90000000,888.15000000,889.57000000,16913.64400000,15099212.21222000
1765051200000,889.57000000,895.73000000,889.30000000,890.38000000,10580.96400000,9447242.92214000
1765065600000,890.38000000,898.22000000,889.84000000,897.92000000,10462.16800000,9359137.30761000
1765080000000,897.92000000,898.00000000,891.00000000,891.52000000,10095.10100000,9030819.65727000
1765094400000,891.52000000,893.39000000,886.57000000,887.88000000,14164.96400000,12598560.19222000
1765108800000,887.88000000,893.89000000,870.23000000,890.30000000,45661.02900000,40223777.75513000
1765123200000,890.30000000,906.00000000,886.60000000,903.80000000,31166.51100000,27992390.10958000
1765137600000,903.80000000,905.21000000,881.08000000,894.37000000,20339.04100000,18162258.69308000
1765152000000,894.38000000,909.68000000,891.12000000,902.01000000,20357.30100000,18353143.75482000
1765166400000,902.02000000,905.84000000,900.42000000,903.10000000,15272.64400000,13788916.15682000
1765180800000,903.10000000,912.65000000,902.62000000,905.93000000,17934.21100000,16289277.48109000
1765195200000,905.93000000,913.29000000,896.33000000,896.56000000,33966.03300000,30760509.12059000
1765209600000,896.57000000,900.81000000,888.93000000,894.78000000,20898.36900000,18710007.04674000
1765224000000,894.78000000,905.00000000,894.75000000,897.12000000,12925.50200000,11633564.99449000
1765238400000,897.13000000,899.74000000,888.16000000,894.04000000,16455.72800000,14700074.14806000
1765252800000,894.05000000,896.26000000,884.54000000,889.16000000,23423.25300000,20823660.92392000
1765267200000,889.18000000,889.19000000,883.58000000,887.16000000,20480.70700000,18158906.24043000
1765281600000,887.17000000,908.90000000,881.78000000,907.67000000,43695.45800000,39040799.94250000
1765296000000,907.67000000,928.00000000,907.67000000,914.21000000,76667.15000000,70477370.26933000
1765310400000,914.21000000,914.40000000,893.97000000,897.30000000,28923.27700000,26135229.24122000
1765324800000,897.30000000,898.96000000,887.26000000,890.51000000,34019.04700000,30354008.62541000
1765339200000,890.51000000,897.05000000,889.10000000,894.19000000,20188.23300000,18022035.68998000
1765353600000,894.20000000,896.16000000,884.53000000,886.67000000,27894.59400000,24826347.51209000
1765368000000,886.67000000,892.60000000,884.27000000,891.40000000,26809.36800000,23840460.23311000
1765382400000,891.39000000,905.17000000,889.73000000,901.95000000,42232.19800000,37916131.44688000
1765396800000,901.96000000,915.00000000,890.72000000,893.43000000,35189.58100000,31734577.84234000
1765411200000,893.43000000,894.70000000,861.46000000,868.19000000,53522.89800000,46759622.69153000
1765425600000,868.19000000,873.86000000,864.84000000,866.88000000,26940.16200000,23427730.03709000
1765440000000,866.87000000,869.00000000,862.25000000,866.61000000,22144.00700000,19171005.43379000
1765454400000,866.60000000,870.90000000,859.54000000,865.91000000,32556.22100000,28180662.33574000
1765468800000,865.90000000,881.21000000,861.09000000,876.05000000,22767.13900000,19854194.31817000
1765483200000,876.05000000,891.50000000,875.83000000,885.91000000,24546.43700000,21721372.35293000
1765497600000,885.92000000,896.07000000,880.00000000,892.42000000,20301.54500000,18033763.28991000
1765512000000,892.41000000,894.15000000,886.27000000,889.25000000,16357.61000000,14560696.82243000
1765526400000,889.26000000,889.48000000,883.50000000,886.09000000,16792.45500000,14881773.41497000
1765540800000,886.08000000,892.31000000,872.37000000,874.18000000,29376.49700000,25981626.73262000
1765555200000,874.18000000,882.11000000,870.58000000,877.35000000,21523.19900000,18864583.67825000
1765569600000,877.35000000,882.66000000,875.20000000,881.58000000,6289.16000000,5529711.17546000
1765584000000,881.59000000,887.63000000,880.32000000,887.35000000,11162.18200000,9856283.07484000
1765598400000,887.34000000,889.20000000,883.70000000,886.21000000,11074.25000000,9813765.92038000
1765612800000,886.20000000,894.26000000,885.80000000,892.11000000,17323.38300000,15423101.60410000
1765627200000,892.10000000,899.99000000,886.94000000,898.92000000,25761.36600000,23041981.21271000
1765641600000,898.92000000,904.22000000,891.20000000,893.49000000,19283.43400000,17323397.17146000
1765656000000,893.48000000,897.36000000,889.49000000,896.82000000,7796.43900000,6972864.02344000
1765670400000,896.82000000,899.50000000,894.26000000,895.55000000,10026.81900000,8990303.27869000
1765684800000,895.55000000,896.77000000,892.11000000,896.18000000,10764.57100000,9625022.95753000
1765699200000,896.19000000,898.68000000,884.12000000,888.77000000,20898.95100000,18650653.68837000
1765713600000,888.78000000,894.73000000,883.04000000,886.51000000,23991.95600000,21330904.87598000
1765728000000,886.52000000,888.50000000,880.77000000,883.31000000,17986.44300000,15896410.01136000
1765742400000,883.31000000,884.90000000,870.11000000,877.27000000,27245.28800000,23949084.01370000
1765756800000,877.27000000,895.42000000,876.31000000,888.96000000,25016.56800000,22163235.91802000
1765771200000,888.95000000,891.60000000,886.60000000,889.38000000,16299.86800000,14486551.97580000
1765785600000,889.38000000,893.32000000,887.12000000,887.76000000,19627.63400000,17470486.23350000
1765800000000,887.75000000,890.20000000,852.00000000,859.14000000,71042.97600000,61699357.69502000
1765814400000,859.13000000,859.95000000,840.75000000,849.95000000,55523.85600000,47239050.62395000
1765828800000,849.95000000,859.09000000,844.70000000,858.60000000,23356.96900000,19912431.41296000
1765843200000,858.61000000,858.75000000,850.57000000,855.45000000,22790.77300000,19485613.68701000
1765857600000,855.46000000,865.90000000,847.00000000,859.57000000,33887.91800000,29029758.90280000
1765872000000,859.58000000,866.25000000,857.03000000,865.80000000,24580.99900000,21172132.76232000
1765886400000,865.80000000,878.44000000,858.56000000,876.65000000,73754.17000000,64067499.78373000
1765900800000,876.64000000,876.66000000,866.26000000,870.37000000,50489.28000000,43979808.82951000
1765915200000,870.36000000,875.78000000,869.10000000,875.63000000,35332.19600000,30817208.91668000
1765929600000,875.64000000,875.75000000,862.00000000,863.43000000,35811.36600000,31089939.51932000
1765944000000,863.44000000,871.13000000,855.55000000,868.06000000,63123.00300000,54528881.85926000
1765958400000,868.07000000,868.07000000,855.41000000,859.82000000,64228.01700000,55340636.91180000
1765972800000,859.84000000,876.16000000,852.74000000,853.78000000,121657.93200000,105045132.73325000
1765987200000,853.77000000,857.96000000,833.39000000,840.80000000,76305.52000000,64401849.67037000
1766001600000,840.80000000,844.90000000,836.74000000,843.07000000,16947.37100000,14259034.05620000
1766016000000,843.07000000,846.76000000,833.20000000,836.70000000,35716.38100000,30060761.71297000
1766030400000,836.69000000,839.50000000,830.12000000,833.72000000,45122.90000000,37640220.54303000
1766044800000,833.72000000,841.73000000,832.78000000,839.72000000,57688.68800000,48304034.10171000
1766059200000,839.73000000,853.49000000,837.31000000,848.22000000,118751.35000000,100313692.53832000
1766073600000,848.22000000,848.93000000,818.39000000,820.53000000,125254.63400000,104179059.42079000
1766088000000,820.52000000,831.91000000,820.19000000,830.07000000,49490.92500000,40955007.87058000
1766102400000,830.08000000,841.93000000,822.38000000,837.66000000,71548.36200000,59410438.34819000
1766116800000,837.67000000,850.22000000,835.51000000,843.15000000,166882.29200000,140427857.47473000
1766131200000,843.15000000,849.48000000,842.15000000,849.10000000,901756.75200000,761739891.42151000
1766145600000,849.11000000,855.00000000,843.60000000,846.60000000,34448.79400000,29205734.12966000
1766160000000,846.61000000,857.99000000,843.60000000,856.15000000,31370.00300000,26655601.80402000
1766174400000,856.15000000,862.33000000,854.23000000,856.17000000,21340.75400000,18296236.99467000
1766188800000,856.17000000,859.70000000,852.39000000,858.41000000,10760.07300000,9209981.82322000
1766203200000,858.41000000,858.59000000,852.18000000,853.85000000,14736.05100000,12591250.39141000
1766217600000,853.84000000,856.33000000,850.95000000,853.57000000,10039.99400000,8566521.56561000
1766232000000,853.56000000,853.97000000,850.90000000,853.97000000,10911.88100000,9301899.70477000
1766246400000,853.97000000,854.60000000,852.54000000,853.05000000,4159.50100000,3550467.02879000
1766260800000,853.05000000,855.12000000,851.01000000,854.17000000,6407.63200000,5464973.88668000
1766275200000,854.17000000,855.21000000,846.84000000,850.30000000,9237.19000000,7857559.84738000
1766289600000,850.31000000,850.81000000,848.20000000,849.89000000,8049.55800000,6838266.58767000
1766304000000,849.88000000,859.91000000,848.99000000,856.79000000,13717.77000000,11734442.81703000
1766318400000,856.78000000,859.50000000,845.50000000,848.59000000,21426.20400000,18230970.69628000
1766332800000,848.59000000,856.66000000,846.40000000,855.69000000,11133.81300000,9492649.11637000
1766347200000,855.70000000,859.63000000,851.20000000,858.64000000,6422.28200000,5496922.17172000
1766361600000,858.63000000,867.84000000,850.85000000,856.00000000,21362.09700000,18352350.88647000
1766376000000,856.01000000,861.04000000,855.14000000,858.69000000,18013.38700000,15469039.12424000
1766390400000,858.69000000,868.22000000,858.50000000,865.40000000,46627.39700000,40290455.57357000
1766404800000,865.40000000,871.00000000,861.77000000,867.75000000,26552.60000000,23005174.02042000
1766419200000,867.76000000,869.16000000,857.00000000,857.60000000,20559.27900000,17776657.63022000
1766433600000,857.60000000,861.18000000,853.50000000,858.66000000,14161.22800000,12132812.23058000
1766448000000,858.67000000,861.46000000,852.23000000,857.27000000,12228.49300000,10482833.09762000
1766462400000,857.27000000,857.80000000,847.06000000,848.61000000,19768.00200000,16827883.59528000
1766476800000,848.60000000,853.29000000,847.97000000,852.97000000,11762.38500000,10000017.03013000
1766491200000,852.97000000,852.98000000,838.24000000,844.17000000,29624.00300000,25041587.80652000
1766505600000,844.17000000,850.23000000,839.00000000,841.44000000,21087.09100000,17814087.25257000
1766520000000,841.43000000,847.66000000,840.20000000,844.30000000,9424.90000000,7948431.74465000
1766534400000,844.30000000,847.80000000,836.29000000,840.75000000,13103.30400000,11024685.38767000
1766548800000,840.75000000,842.52000000,836.21000000,838.00000000,17856.36300000,14986917.03224000
1766563200000,838.00000000,839.63000000,835.21000000,837.99000000,17665.76100000,14790662.63811000
1766577600000,837.99000000,843.26000000,835.63000000,841.20000000,15119.02600000,12693959.69611000
1766592000000,841.20000000,849.00000000,839.90000000,847.78000000,13476.38100000,11387233.01416000
1766606400000,847.79000000,850.00000000,846.19000000,846.58000000,7696.94600000,6530414.37620000
1766620800000,846.57000000,847.99000000,843.94000000,844.95000000,6395.53300000,5410621.24036000
1766635200000,844.96000000,845.28000000,842.00000000,843.29000000,8160.44700000,6881014.38915000
1766649600000,843.29000000,844.53000000,835.30000000,837.60000000,13228.12000000,11102617.01249000
1766664000000,837.60000000,844.69000000,835.11000000,842.53000000,14980.28400000,12568273.63815000
1766678400000,842.52000000,842.96000000,839.75000000,841.35000000,10186.88900000,8572157.81681000
1766692800000,841.35000000,843.50000000,826.81000000,829.64000000,19825.81400000,16532332.20629000
1766707200000,829.63000000,844.80000000,828.00000000,840.77000000,28977.27500000,24239351.52561000
1766721600000,840.77000000,847.16000000,837.44000000,840.88000000,14830.72000000,12496341.89833000
1766736000000,840.89000000,843.16000000,838.86000000,839.26000000,15286.82400000,12859036.23732000
1766750400000,839.27000000,843.40000000,821.21000000,828.93000000,36367.94000000,30216623.67960000
1766764800000,828.94000000,834.90000000,827.96000000,832.83000000,16057.63100000,13356105.36031000
1766779200000,832.83000000,838.19000000,832.02000000,834.72000000,8712.39600000,7276415.83364000
1766793600000,834.72000000,836.50000000,834.00000000,836.20000000,7300.26500000,6098559.02726000
1766808000000,836.20000000,843.09000000,834.15000000,840.57000000,15322.35300000,12851055.45400000
1766822400000,840.56000000,843.42000000,837.62000000,840.96000000,37401.54400000,31440748.25218000
1766836800000,840.97000000,841.53000000,838.47000000,840.90000000,13993.98900000,11756881.28961000
1766851200000,840.90000000,841.77000000,839.44000000,840.95000000,6325.17600000,5316576.90590000
1766865600000,840.95000000,846.54000000,839.79000000,845.04000000,9539.03900000,8041844.32834000
1766880000000,845.05000000,845.68000000,839.20000000,841.60000000,9512.77700000,8010067.08696000
1766894400000,841.61000000,844.20000000,841.40000000,843.92000000,8963.12600000,7558321.72671000
1766908800000,843.92000000,857.00000000,843.92000000,854.60000000,22100.77500000,18794217.03488000
1766923200000,854.61000000,863.40000000,854.60000000,860.58000000,21479.10500000,18426218.64553000
1766937600000,860.57000000,867.22000000,858.81000000,859.68000000,20352.35200000,17558503.75335000
1766952000000,859.68000000,862.37000000,856.84000000,859.32000000,9193.85100000,7898217.23680000
1766966400000,859.32000000,872.12000000,858.71000000,869.19000000,29030.76200000,25159299.27749000
1766980800000,869.20000000,871.66000000,858.80000000,860.58000000,23072.61100000,19940586.17488000
1766995200000,860.58000000,861.79000000,847.55000000,853.04000000,27299.05900000,23338314.68832000
1767009600000,853.05000000,855.40000000,846.00000000,853.60000000,27400.46300000,23336738.17716000
1767024000000,853.59000000,855.69000000,850.00000000,853.03000000,14001.16100000,11945854.04884000
1767038400000,853.03000000,855.04000000,851.43000000,852.46000000,6347.39100000,5416298.11656000
1767052800000,852.46000000,853.50000000,848.70000000,852.50000000,8009.53100000,6816851.24139000
1767067200000,852.50000000,854.89000000,850.38000000,853.75000000,8925.11100000,7610639.18776000
1767081600000,853.75000000,859.76000000,853.75000000,854.80000000,15274.66300000,13081441.43263000
1767096000000,854.80000000,864.05000000,854.61000000,862.78000000,21602.34700000,18574829.30364000
1767110400000,862.79000000,863.06000000,857.35000000,859.79000000,12085.80100000,10393259.64983000
1767124800000,859.79000000,863.06000000,858.33000000,861.65000000,7335.59400000,6314966.07685000
1767139200000,861.66000000,863.00000000,857.69000000,859.29000000,7583.48100000,6524835.33568000
1767153600000,859.29000000,868.00000000,858.99000000,867.99000000,36435.91900000,31470843.61453000
1767168000000,867.99000000,869.35000000,864.95000000,869.20000000,21051.51600000,18259951.25913000
1767182400000,869.19000000,877.29000000,860.53000000,863.30000000,45328.07200000,39349771.39517000
1767196800000,863.30000000,864.81000000,857.88000000,864.32000000,23389.05600000,20172286.19089000
1767211200000,864.31000000,866.56000000,860.84000000,864.30000000,16206.57400000,14001449.27484000
1767225600000,864.31000000,874.51000000,863.79000000,869.16000000,21044.85300000,18315686.61227000
1767240000000,869.15000000,869.21000000,859.20000000,859.52000000,19240.25600000,16615590.15337000
1767254400000,859.52000000,861.97000000,858.98000000,861.59000000,9032.05800000,7775696.58267000
1767268800000,861.60000000,861.60000000,856.14000000,859.36000000,13427.04000000,11526838.13929000
1767283200000,859.36000000,861.77000000,857.22000000,861.56000000,8959.23300000,7701250.51509000
1767297600000,861.57000000,864.65000000,860.16000000,864.39000000,9010.22200000,7770115.29349000
1767312000000,864.40000000,867.17000000,859.64000000,865.79000000,13915.01900000,12017716.81719000
1767326400000,865.80000000,867.97000000,863.08000000,864.90000000,15159.54100000,13121765.04338000
1767340800000,864.89000000,874.38000000,864.89000000,869.51000000,22093.49100000,19221313.67199000
1767355200000,869.52000000,882.37000000,865.26000000,877.99000000,33624.12600000,29408929.67751000
1767369600000,878.00000000,891.14000000,877.47000000,880.55000000,34905.51200000,30877774.37121000
1767384000000,880.55000000,885.63000000,878.53000000,881.25000000,9374.05300000,8271388.06335000
1767398400000,881.25000000,884.24000000,875.14000000,879.20000000,15144.25400000,13309544.13232000
1767412800000,879.20000000,880.12000000,868.65000000,873.00000000,19866.37100000,17379862.56345000
1767427200000,873.00000000,875.62000000,871.58000000,874.24000000,12504.66500000,10929612.66375000
1767441600000,874.24000000,877.54000000,871.60000000,873.44000000,17977.21500000,15730453.54969000
1767456000000,873.44000000,877.30000000,873.43000000,876.40000000,7921.32900000,6939918.58163000
1767470400000,876.41000000,880.00000000,875.50000000,878.63000000,6551.37100000,5753267.55076000
1767484800000,878.64000000,883.71000000,878.47000000,883.14000000,15343.64900000,13525899.43661000
1767499200000,883.13000000,890.84000000,882.84000000,884.66000000,26352.25100000,23374334.17671000
1767513600000,884.67000000,887.39000000,882.58000000,884.88000000,13162.73300000,11655232.21191000
1767528000000,884.88000000,890.00000000,883.59000000,889.30000000,14327.79100000,12711523.48856000
1767542400000,889.30000000,902.85000000,889.29000000,892.53000000,38734.44800000,34723892.58421000
1767556800000,892.52000000,897.65000000,892.41000000,895.43000000,10766.23500000,9635271.95729000
1767571200000,895.43000000,906.91000000,894.73000000,900.02000000,32277.44700000,29100730.43904000
1767585600000,900.02000000,900.68000000,890.59000000,899.20000000,21712.66000000,19441820.66558000
1767600000000,899.20000000,909.00000000,895.60000000,908.89000000,23921.65400000,21583607.46161000
1767614400000,908.89000000,908.91000000,900.49000000,906.46000000,24314.35500000,21999037.91951000
1767628800000,906.46000000,914.00000000,901.31000000,911.12000000,22275.03000000,20197659.34178000
1767643200000,911.12000000,916.55000000,908.96000000,910.31000000,15851.63900000,14469117.21217000
1767657600000,910.31000000,911.63000000,904.83000000,908.14000000,15841.25500000,14379725.43805000
1767672000000,908.15000000,910.11000000,902.96000000,904.71000000,19375.76500000,17566755.79171000
1767686400000,904.71000000,914.92000000,904.52000000,913.13000000,15559.14000000,14170900.16729000
1767700800000,913.13000000,923.93000000,911.54000000,919.10000000,53413.81400000,49085570.09535000
1767715200000,919.10000000,920.68000000,891.66000000,901.20000000,38765.03000000,35065776.06599000
1767729600000,901.19000000,919.78000000,901.03000000,917.64000000,23942.18500000,21844085.60888000
1767744000000,917.64000000,919.25000000,904.58000000,909.84000000,18852.09000000,17166827.46518000
1767758400000,909.85000000,918.99000000,909.07000000,918.82000000,19158.88000000,17523032.83122000
1767772800000,918.81000000,920.27000000,908.20000000,910.44000000,56286.51700000,51391714.44101000
1767787200000,910.44000000,910.99000000,895.11000000,899.43000000,31662.88800000,28583833.26742000
1767801600000,899.44000000,901.95000000,892.64000000,897.12000000,14078.97400000,12641803.45035000
1767816000000,897.12000000,901.05000000,894.01000000,900.30000000,8612.44100000,7736544.32337000
1767830400000,900.31000000,905.00000000,892.38000000,893.61000000,15196.29300000,13658656.63743000
1767844800000,893.62000000,897.68000000,875.10000000,885.02000000,42311.82700000,37447341.34014000
1767859200000,885.02000000,887.89000000,879.28000000,886.77000000,22250.47500000,19683427.54475000
1767873600000,886.77000000,889.24000000,877.70000000,888.92000000,26874.54900000,23757901.11910000
1767888000000,888.92000000,891.71000000,885.69000000,888.32000000,16374.72400000,14558432.99046000
1767902400000,888.32000000,894.63000000,885.32000000,892.26000000,11514.88700000,10255052.83023000
1767916800000,892.27000000,896.56000000,887.91000000,895.80000000,13532.96800000,12080892.40923000
1767931200000,895.81000000,899.00000000,893.66000000,893.66000000,8919.15500000,7993680.02476000
1767945600000,893.67000000,894.50000000,886.20000000,889.64000000,14219.23300000,12660726.82074000
1767960000000,889.63000000,900.22000000,885.28000000,894.77000000,24722.78400000,22040399.55368000
1767974400000,894.77000000,901.06000000,890.94000000,893.34000000,13942.44100000,12502438.94719000
1767988800000,893.33000000,898.25000000,891.94000000,896.86000000,6244.78600000,5593038.50129000
1768003200000,896.87000000,908.00000000,896.81000000,907.31000000,20568.90800000,18549104.64305000
1768017600000,907.31000000,910.22000000,903.05000000,905.37000000,19150.01000000,17369685.77145000
1768032000000,905.38000000,906.43000000,898.98000000,900.47000000,19272.13500000,17386437.74965000
1768046400000,900.47000000,910.82000000,899.13000000,908.78000000,22202.25000000,20085273.37992000
1768060800000,908.79000000,915.86000000,906.89000000,913.93000000,25640.87600000,23343908.44449000
1768075200000,913.94000000,915.91000000,902.23000000,907.93000000,18078.31400000,16409419.41429000
1768089600000,907.93000000,914.11000000,904.30000000,913.20000000,13812.91400000,12554010.07825000
1768104000000,913.21000000,916.30000000,910.69000000,913.55000000,17935.72900000,16377011.69392000
1768118400000,913.55000000,917.33000000,911.62000000,912.05000000,15847.02200000,14485686.38606000
1768132800000,912.06000000,915.38000000,906.29000000,908.64000000,24216.71000000,22068682.23210000
1768147200000,908.64000000,911.17000000,903.50000000,904.45000000,14826.62700000,13458777.58515000
1768161600000,904.45000000,905.31000000,898.75000000,904.32000000,11982.07900000,10811527.37775000
1768176000000,904.32000000,910.81000000,896.85000000,905.27000000,29339.48100000,26577162.36006000
1768190400000,905.28000000,910.21000000,903.97000000,904.81000000,16449.50700000,14927839.87453000
1768204800000,904.82000000,908.30000000,898.26000000,901.28000000,18144.88900000,16373476.74984000
1768219200000,901.27000000,905.22000000,894.00000000,904.28000000,21588.50500000,19433970.50886000
1768233600000,904.28000000,909.11000000,900.00000000,907.79000000,13374.90100000,12115071.59771000
1768248000000,907.78000000,908.31000000,901.22000000,905.78000000,9624.89000000,8713004.92459000
1768262400000,905.79000000,907.86000000,902.25000000,906.36000000,15128.29100000,13689651.74742000
1768276800000,906.36000000,914.98000000,906.35000000,910.05000000,31542.25300000,28739553.79538000
1768291200000,910.05000000,912.20000000,907.52000000,907.68000000,94132.52800000,85644249.84410000
1768305600000,907.69000000,916.60000000,906.18000000,916.47000000,36012.13100000,32815858.57967000
1768320000000,916.47000000,945.55000000,916.38000000,941.50000000,78320.05300000,72909782.32350000
1768334400000,941.50000000,952.96000000,940.00000000,943.73000000,56779.74100000,53738565.20453000
1768348800000,943.73000000,954.68000000,943.64000000,950.13000000,39897.99200000,37862955.16398000
1768363200000,950.14000000,952.20000000,934.67000000,937.45000000,33053.63700000,31121466.30502000
1768377600000,937.45000000,938.92000000,928.50000000,928.79000000,24800.90200000,23183080.79689000
1768392000000,928.78000000,946.24000000,928.53000000,942.03000000,35926.36800000,33707815.07662000
1768406400000,942.03000000,947.57000000,938.25000000,943.78000000,30892.58900000,29156180.69285000
1768420800000,943.79000000,949.85000000,943.20000000,948.47000000,18637.21000000,17645172.99489000
1768435200000,948.48000000,948.85000000,929.05000000,931.89000000,35679.04400000,33427626.17049000
1768449600000,931.90000000,940.09000000,931.41000000,939.14000000,17679.77600000,16551348.07606000
1768464000000,939.13000000,942.96000000,937.66000000,938.09000000,14257.75400000,13407911.73604000
1768478400000,938.10000000,945.71000000,930.23000000,937.64000000,30102.90800000,28238619.89579000
1768492800000,937.63000000,942.62000000,925.01000000,928.07000000,22789.13500000,21260760.78924000
1768507200000,928.07000000,933.55000000,924.05000000,931.20000000,10692.85100000,9932086.30715000
1768521600000,931.21000000,933.98000000,929.22000000,929.59000000,9518.55500000,8868005.29189000
1768536000000,929.60000000,936.13000000,927.16000000,934.04000000,15999.44100000,14911291.89996000
1768550400000,934.05000000,938.56000000,931.99000000,935.38000000,12838.55100000,12011340.74689000
1768564800000,935.38000000,937.46000000,923.69000000,926.97000000,20886.66600000,19446218.77056000
1768579200000,926.97000000,932.36000000,926.53000000,931.36000000,9459.87300000,8797960.60697000
1768593600000,931.36000000,939.43000000,928.71000000,938.16000000,8767.29700000,8203292.87473000
1768608000000,938.17000000,940.03000000,935.54000000,937.65000000,9383.81200000,8797236.39526000
1768622400000,937.65000000,939.08000000,935.50000000,935.90000000,8392.61800000,7864833.89909000
1768636800000,935.90000000,944.51000000,935.65000000,942.93000000,12855.75100000,12098635.85580000
1768651200000,942.92000000,959.52000000,941.43000000,955.37000000,28646.57600000,27188118.41765000
1768665600000,955.37000000,956.00000000,949.10000000,952.50000000,15818.87900000,15066771.32011000
1768680000000,952.50000000,954.00000000,945.37000000,947.12000000,11089.69500000,10528531.13723000
1768694400000,947.11000000,951.13000000,943.14000000,950.40000000,12902.49800000,12220968.71871000
1768708800000,950.41000000,950.41000000,944.73000000,944.74000000,8501.18000000,8053176.66935000
1768723200000,944.73000000,947.38000000,943.81000000,946.79000000,10221.37100000,9664640.55107000
1768737600000,946.80000000,950.75000000,944.44000000,950.13000000,14302.35300000,13551923.07701000
1768752000000,950.14000000,953.33000000,948.68000000,949.70000000,8865.19900000,8429454.10971000
1768766400000,949.70000000,953.24000000,931.70000000,932.51000000,22055.64900000,20774870.64341000
1768780800000,932.51000000,932.51000000,901.00000000,925.18000000,92680.13200000,85010417.22202000
1768795200000,925.17000000,927.87000000,922.89000000,927.29000000,22206.76700000,20548291.18683000
1768809600000,927.29000000,929.80000000,924.49000000,928.23000000,23018.95300000,21344422.41623000
1768824000000,928.23000000,930.00000000,923.12000000,925.21000000,52537.78900000,48696832.94717000
1768838400000,925.22000000,929.03000000,924.86000000,926.56000000,9043.96000000,8383756.92708000
1768852800000,926.56000000,927.60000000,919.32000000,923.60000000,9952.95900000,9199109.36081000
1768867200000,923.60000000,933.13000000,923.50000000,927.63000000,20877.09100000,19386603.25530000
1768881600000,927.63000000,928.62000000,914.27000000,917.77000000,35743.21500000,32906679.98367000
1768896000000,917.77000000,917.89000000,908.66000000,912.68000000,19234.56800000,17568288.61747000
1768910400000,912.69000000,915.99000000,896.66000000,905.33000000,36885.81800000,33409092.55009000
1768924800000,905.33000000,908.50000000,887.24000000,895.70000000,25525.07700000,22860359.00075000
1768939200000,895.70000000,898.00000000,884.00000000,884.20000000,25494.46000000,22681480.40065000
1768953600000,884.19000000,884.20000000,867.00000000,881.44000000,43214.09800000,37888344.18441000
1768968000000,881.44000000,885.92000000,874.36000000,875.36000000,19895.11000000,17518153.14898000
1768982400000,875.36000000,876.20000000,870.00000000,870.78000000,31306.70200000,27349927.37935000
1768996800000,870.77000000,893.69000000,864.54000000,892.66000000,43250.26700000,38039276.23962000
1769011200000,892.67000000,892.94000000,865.75000000,889.83000000,43597.00900000,38154380.14634000
1769025600000,889.83000000,892.45000000,882.25000000,883.36000000,20355.03500000,18067035.28362000
1769040000000,883.35000000,894.28000000,883.35000000,891.43000000,16075.30800000,14317443.16051000
1769054400000,891.42000000,893.05000000,887.79000000,888.83000000,10580.38700000,9425694.55874000
1769068800000,888.82000000,897.58000000,888.69000000,892.93000000,24713.30700000,22099349.17783000
1769083200000,892.93000000,895.04000000,878.18000000,883.03000000,25648.46300000,22749049.38907000
1769097600000,883.03000000,888.95000000,881.81000000,888.35000000,10854.06800000,9612697.60213000
1769112000000,888.34000000,892.00000000,885.34000000,888.06000000,10914.93900000,9693120.31848000
1769126400000,888.06000000,892.37000000,887.63000000,891.55000000,13541.50500000,12056218.31707000
1769140800000,891.56000000,893.42000000,889.15000000,891.32000000,8783.06200000,7829910.67872000
1769155200000,891.33000000,891.76000000,885.69000000,887.36000000,17690.75700000,15728183.92818000
1769169600000,887.35000000,892.43000000,883.10000000,892.00000000,17798.53200000,15801034.19734000
1769184000000,892.01000000,904.99000000,889.98000000,893.72000000,29989.53900000,26887716.35141000
1769198400000,893.72000000,894.91000000,888.49000000,891.63000000,8332.21500000,7427941.18584000
1769212800000,891.62000000,894.24000000,889.33000000,892.90000000,11169.44700000,9953333.54830000
1769227200000,892.90000000,894.16000000,891.46000000,892.06000000,7377.05600000,6584425.05442000
1769241600000,892.06000000,893.98000000,891.20000000,892.57000000,7476.48800000,6670644.99893000
1769256000000,892.58000000,892.88000000,888.69000000,888.70000000,13096.69100000,11674837.44342000
1769270400000,888.70000000,890.34000000,886.53000000,888.12000000,8660.74100000,7691858.24871000
1769284800000,888.13000000,889.79000000,887.01000000,887.17000000,3492.14000000,3101894.69662000
1769299200000,887.18000000,887.75000000,880.10000000,881.24000000,12552.89600000,11098273.08613000
1769313600000,881.24000000,883.67000000,879.32000000,879.40000000,10167.51700000,8961202.29331000
1769328000000,879.40000000,883.25000000,877.14000000,880.52000000,14191.40700000,12496488.23998000
1769342400000,880.51000000,881.49000000,876.77000000,877.55000000,10411.09000000,9156739.64456000
1769356800000,877.55000000,877.69000000,856.00000000,858.86000000,50113.62000000,43421704.79672000
1769371200000,858.86000000,866.66000000,856.01000000,866.02000000,23343.69600000,20104408.14526000
1769385600000,866.02000000,875.98000000,864.91000000,868.21000000,26854.10600000,23389364.26101000
1769400000000,868.20000000,874.68000000,868.00000000,874.64000000,9426.04600000,8222708.01489000
1769414400000,874.63000000,877.83000000,869.40000000,873.12000000,15552.79800000,13578000.54380000
1769428800000,873.12000000,878.34000000,869.63000000,871.93000000,23813.24800000,20799702.87669000
1769443200000,871.94000000,879.13000000,868.68000000,874.40000000,17200.40600000,15031796.02058000
1769457600000,874.40000000,881.44000000,871.66000000,879.41000000,9854.10000000,8643878.94569000
1769472000000,879.41000000,886.08000000,876.20000000,884.92000000,20088.32100000,17733917.91993000
1769486400000,884.91000000,888.25000000,882.14000000,883.54000000,22700.76400000,20085793.24748000
1769500800000,883.54000000,885.11000000,876.88000000,880.43000000,23302.00900000,20530689.70382000
1769515200000,880.44000000,886.27000000,879.31000000,885.73000000,27009.48900000,23845620.82944000
1769529600000,885.73000000,897.72000000,884.90000000,891.88000000,32133.29600000,28662989.18420000
1769544000000,891.89000000,901.22000000,891.59000000,898.36000000,13295.76000000,11936517.44473000
1769558400000,898.35000000,900.99000000,894.41000000,896.84000000,16076.74300000,14422057.10301000
1769572800000,896.84000000,904.72000000,895.34000000,903.34000000,18713.15200000,16853257.33950000
1769587200000,903.34000000,909.43000000,902.27000000,907.69000000,20820.84200000,18855563.87462000
1769601600000,907.68000000,908.31000000,897.18000000,902.92000000,24059.38000000,21737877.62187000
1769616000000,902.91000000,907.06000000,897.83000000,904.00000000,22150.13700000,19979829.67814000
1769630400000,904.01000000,907.71000000,899.68000000,902.91000000,8452.98600000,7639798.82424000
1769644800000,902.92000000,904.98000000,893.20000000,896.54000000,17914.87100000,16098620.67928000
1769659200000,896.55000000,906.67000000,895.20000000,904.80000000,28146.09400000,25379919.63723000
1769673600000,904.80000000,905.80000000,893.23000000,894.28000000,75694.49000000,68241219.96191000
1769688000000,894.28000000,894.43000000,856.90000000,864.15000000,64773.98200000,56693347.19893000
1769702400000,864.15000000,870.36000000,852.81000000,860.40000000,60636.05900000,52215784.82404000
1769716800000,860.40000000,869.48000000,859.61000000,868.69000000,23063.19000000,19944163.92550000
1769731200000,868.69000000,869.77000000,835.55000000,845.70000000,93954.03700000,79625764.82054000
1769745600000,845.69000000,854.36000000,836.14000000,847.55000000,31938.07700000,27041769.78456000
1769760000000,847.56000000,848.05000000,833.08000000,842.79000000,31507.62900000,26447259.01171000
1769774400000,842.79000000,855.87000000,836.45000000,850.11000000,56514.45700000,47860537.88790000
1769788800000,850.10000000,855.90000000,831.83000000,854.24000000,49795.91200000,42146920.71470000
1769803200000,854.24000000,862.09000000,846.38000000,858.81000000,32241.24200000,27582846.79105000
1769817600000,858.81000000,860.85000000,851.93000000,853.22000000,16133.60400000,13812221.18086000
1769832000000,853.22000000,854.60000000,845.89000000,847.75000000,19106.10600000,16244918.71419000
1769846400000,847.75000000,847.75000000,833.00000000,836.85000000,31155.49200000,26127002.44321000
1769860800000,836.85000000,837.65000000,801.66000000,803.10000000,103218.44000000,84243313.91755000
1769875200000,803.10000000,810.21000000,750.00000000,771.00000000,195832.47800000,152922696.48208000
1769889600000,771.05000000,785.94000000,766.14000000,781.38000000,41860.03100000,32399997.05087000
1769904000000,781.39000000,789.72000000,779.22000000,783.63000000,33440.82500000,26222672.58705000
1769918400000,783.64000000,785.00000000,773.84000000,778.01000000,26255.15200000,20488343.32417000
1769932800000,778.00000000,782.79000000,768.29000000,774.07000000,23931.39900000,18562775.93440000
1769947200000,774.07000000,774.19000000,742.70000000,749.98000000,88997.37200000,67343701.97234000
1769961600000,749.98000000,766.80000000,745.83000000,757.15000000,38612.99700000,29161851.10874000
1769976000000,757.14000000,766.39000000,739.63000000,758.54000000,47887.77500000,36139286.27395000
1769990400000,758.54000000,770.61000000,728.44000000,751.57000000,79226.29100000,59234019.27314000
1770004800000,751.58000000,760.39000000,728.88000000,752.50000000,102907.59900000,76727808.46169000
1770019200000,752.58000000,767.35000000,752.57000000,762.36000000,32285.88500000,24593915.85180000
1770033600000,762.37000000,781.09000000,761.86000000,777.86000000,48351.08200000,37252902.46672000
1770048000000,777.87000000,781.58000000,769.72000000,770.39000000,26073.84400000,20231147.81097000
1770062400000,770.38000000,776.95000000,767.60000000,773.94000000,17818.78300000,13768390.03945000
1770076800000,773.94000000,775.25000000,762.70000000,772.30000000,19610.71800000,15089499.84359000
1770091200000,772.30000000,783.57000000,770.98000000,782.08000000,22613.54400000,17583298.17266000
1770105600000,782.09000000,782.70000000,765.97000000,768.87000000,28779.31000000,22262603.43349000
1770120000000,768.87000000,778.22000000,764.29000000,776.75000000,32409.83800000,25014205.34599000
1770134400000,776.75000000,776.76000000,736.08000000,757.88000000,95633.50700000,71903537.58149000
1770148800000,757.87000000,775.41000000,752.28000000,754.78000000,44901.90600000,34326735.88547000
1770163200000,754.78000000,764.31000000,751.61000000,761.71000000,21713.32200000,16452954.24004000
1770177600000,761.70000000,765.33000000,754.21000000,764.19000000,19047.06400000,14484522.65246000
1770192000000,764.19000000,764.36000000,747.37000000,750.34000000,32102.05900000,24207485.22851000
1770206400000,750.35000000,752.42000000,727.50000000,733.90000000,94142.89900000,69517384.65937000
1770220800000,733.91000000,736.70000000,707.00000000,717.95000000,158473.10300000,113997295.18683000
1770235200000,717.95000000,718.75000000,687.30000000,697.27000000,98993.72000000,69195587.01860000
1770249600000,697.27000000,703.00000000,691.01000000,694.19000000,69943.50100000,48736424.79193000
1770264000000,694.19000000,700.24000000,686.00000000,691.49000000,86281.69600000,59746352.11503000
1770278400000,691.50000000,700.37000000,674.71000000,683.49000000,71180.39100000,48940231.27350000
1770292800000,683.49000000,688.53000000,646.66000000,658.56000000,152326.00900000,101408039.48704000
1770307200000,658.56000000,673.96000000,631.09000000,641.19000000,130679.12400000,85260252.79637000
1770321600000,641.28000000,645.15000000,602.17000000,608.30000000,288767.94900000,178303293.32571000
1770336000000,608.30000000,634.00000000,570.06000000,615.11000000,239790.67000000,144423119.05441000
1770350400000,615.10000000,642.49000000,613.10000000,623.05000000,87531.65300000,55033547.55673000
1770364800000,623.06000000,638.48000000,617.00000000,636.17000000,57093.60500000,35763259.44402000
1770379200000,636.16000000,654.76000000,632.45000000,651.20000000,72918.66900000,47132132.07647000
1770393600000,651.19000000,669.65000000,648.94000000,658.82000000,91567.71900000,60351245.29823000
1770408000000,658.83000000,668.57000000,654.87000000,657.21000000,44420.27700000,29405439.67337000
1770422400000,657.21000000,661.87000000,650.18000000,659.14000000,29488.48300000,19333697.40108000
1770436800000,659.14000000,663.88000000,632.11000000,638.48000000,52730.05500000,34128088.05987000
1770451200000,638.49000000,641.56000000,630.83000000,635.70000000,21412.91600000,13637831.48787000
1770465600000,635.71000000,646.90000000,633.64000000,642.29000000,29761.24000000,19043312.46227000
1770480000000,642.28000000,655.51000000,639.11000000,650.22000000,73959.35000000,47751657.74573000
1770494400000,650.21000000,654.00000000,644.08000000,647.00000000,10168.55700000,6606735.79672000
1770508800000,647.01000000,651.30000000,642.53000000,642.77000000,12015.81800000,7781604.64231000
1770523200000,642.77000000,644.80000000,639.11000000,643.22000000,13595.85900000,8724525.45876000
1770537600000,643.22000000,650.84000000,637.61000000,645.67000000,30127.82900000,19414183.93929000
1770552000000,645.67000000,648.34000000,641.04000000,643.85000000,26576.01500000,17126658.31890000
1770566400000,643.85000000,649.99000000,632.30000000,648.58000000,21436.76100000,13751071.73233000
1770580800000,648.58000000,653.00000000,636.27000000,639.93000000,20419.81000000,13148019.73637000
1770595200000,639.93000000,646.15000000,633.81000000,645.03000000,21666.87700000,13872842.60338000
1770609600000,645.02000000,645.36000000,631.16000000,632.05000000,19180.47300000,12213624.64780000
1770624000000,632.05000000,633.62000000,616.01000000,621.83000000,38959.67800000,24303173.37723000
1770638400000,621.84000000,632.50000000,621.72000000,631.08000000,31140.28800000,19539504.42293000
1770652800000,630.98000000,643.47000000,627.18000000,642.48000000,24473.03500000,15575399.62352000
1770667200000,642.48000000,644.07000000,633.44000000,636.39000000,13330.89000000,8513919.43630000
1770681600000,636.38000000,642.00000000,630.01000000,633.21000000,15052.84500000,9585702.03984000
1770696000000,633.20000000,639.51000000,628.40000000,631.75000000,21312.74000000,13504734.24849000
1770710400000,631.74000000,635.38000000,625.05000000,626.46000000,37589.08500000,23675104.15116000
1770724800000,626.47000000,628.99000000,613.80000000,619.40000000,52916.11800000,32917194.77951000
1770739200000,619.39000000,625.58000000,613.98000000,617.29000000,18215.96400000,11283214.85115000
1770753600000,617.28000000,620.47000000,614.43000000,619.85000000,8462.51800000,5226892.40365000
1770768000000,619.85000000,624.14000000,615.34000000,617.49000000,11109.95500000,6892210.54641000
1770782400000,617.49000000,618.69000000,597.61000000,600.77000000,47822.77600000,28933145.25402000
1770796800000,600.76000000,602.15000000,587.14000000,592.82000000,62841.01800000,37256531.94254000
1770811200000,592.82000000,611.85000000,588.87000000,593.79000000,65617.48700000,39216838.83315000
1770825600000,593.75000000,613.45000000,592.22000000,610.47000000,31286.10600000,18850364.92246000
1770840000000,610.46000000,617.90000000,604.51000000,608.11000000,17674.19700000,10792560.94540000
1770854400000,608.11000000,617.30000000,608.11000000,616.60000000,16448.54300000,10077107.40344000
1770868800000,616.61000000,618.25000000,611.21000000,615.25000000,21559.16900000,13270292.07439000
1770883200000,615.25000000,620.87000000,610.53000000,617.69000000,22646.82900000,13931532.30873000
1770897600000,617.69000000,618.28000000,607.72000000,609.20000000,23272.59300000,14271811.90131000
1770912000000,609.21000000,612.32000000,600.60000000,608.13000000,25295.02500000,15323205.43048000
1770926400000,608.17000000,616.00000000,604.00000000,614.29000000,12076.29800000,7365677.96452000
1770940800000,614.29000000,616.64000000,607.50000000,608.85000000,37897.03100000,23185139.61640000
1770955200000,608.86000000,609.50000000,592.49000000,598.11000000,34524.03100000,20724957.97246000
1770969600000,598.12000000,604.36000000,597.68000000,601.58000000,20334.56700000,12221840.82826000
1770984000000,601.58000000,615.38000000,595.38000000,610.33000000,66098.65500000,39892422.56109000
1770998400000,610.33000000,621.29000000,609.04000000,618.14000000,38374.46500000,23649500.75086000
1771012800000,618.14000000,622.81000000,615.65000000,618.94000000,14191.06500000,8792562.56827000
1771027200000,618.93000000,625.63000000,616.72000000,617.50000000,21809.17700000,13556013.32074000
1771041600000,617.50000000,622.39000000,615.70000000,622.35000000,12823.47100000,7932612.63668000
1771056000000,622.35000000,633.79000000,622.01000000,633.37000000,28241.64500000,17733305.99107000
1771070400000,633.37000000,637.24000000,626.76000000,634.73000000,24415.93300000,15428223.25986000
1771084800000,634.74000000,634.74000000,629.19000000,632.84000000,14877.18200000,9402079.70676000
1771099200000,632.84000000,634.61000000,628.58000000,632.77000000,11678.51600000,7382123.43221000
1771113600000,632.77000000,633.97000000,627.00000000,633.40000000,22141.56000000,13965542.70186000
1771128000000,633.39000000,642.49000000,633.39000000,639.86000000,19694.40900000,12554582.63921000
1771142400000,639.86000000,641.28000000,626.21000000,629.26000000,19775.03100000,12486073.13762000
1771156800000,629.27000000,630.06000000,615.71000000,621.52000000,30454.73900000,18935763.46304000
1771171200000,621.53000000,621.54000000,608.82000000,611.79000000,30408.90300000,18650562.00546000
1771185600000,611.79000000,617.44000000,609.86000000,615.16000000,9951.94900000,6112705.33186000
1771200000000,615.17000000,618.37000000,611.38000000,613.46000000,8264.15400000,5078588.80929000
1771214400000,613.46000000,618.75000000,610.40000000,613.39000000,10881.58000000,6676964.90727000
1771228800000,613.39000000,620.00000000,612.60000000,618.75000000,13481.90400000,8319004.76729000
1771243200000,618.74000000,631.24000000,604.49000000,607.51000000,45144.06100000,27857730.73201000
1771257600000,607.51000000,618.31000000,607.23000000,616.73000000,15802.99200000,9693565.04183000
1771272000000,616.74000000,628.20000000,616.04000000,627.19000000,12086.19200000,7541229.02222000
1771286400000,627.19000000,631.86000000,621.25000000,626.99000000,19713.26500000,12386301.79604000
1771300800000,627.00000000,628.28000000,620.30000000,622.74000000,11151.47600000,6959147.57573000
1771315200000,622.74000000,623.89000000,615.17000000,618.34000000,9512.73100000,5886258.35400000
1771329600000,618.33000000,626.08000000,609.30000000,615.24000000,28550.62400000,17605908.64157000
1771344000000,615.25000000,624.28000000,612.12000000,620.10000000,17208.35600000,10649935.55011000
1771358400000,620.10000000,620.82000000,616.06000000,617.74000000,5797.63200000,3583822.94096000
1771372800000,617.76000000,619.67000000,613.33000000,618.86000000,7110.25200000,4384667.57001000
1771387200000,618.86000000,621.42000000,614.80000000,620.91000000,7773.84400000,4799888.79402000
1771401600000,620.90000000,626.57000000,613.56000000,614.18000000,15318.85800000,9515142.46802000
1771416000000,614.18000000,623.17000000,607.97000000,618.25000000,27328.70100000,16786455.10217000
1771430400000,618.25000000,620.59000000,601.30000000,603.23000000,25518.90100000,15577250.66987000
1771444800000,603.23000000,606.51000000,602.00000000,604.80000000,14205.45400000,8585628.04312000
1771459200000,604.80000000,608.15000000,602.84000000,607.86000000,14388.87900000,8710697.93841000
1771473600000,607.87000000,614.80000000,606.66000000,610.78000000,16747.15100000,10222162.83687000
1771488000000,610.78000000,610.90000000,603.90000000,604.24000000,20584.00100000,12487529.31391000
1771502400000,604.24000000,606.49000000,596.00000000,600.39000000,30608.54800000,18393494.39887000
1771516800000,600.40000000,606.95000000,596.07000000,604.58000000,18016.79300000,10840318.16383000
1771531200000,604.58000000,609.24000000,603.02000000,607.83000000,9008.99100000,5465277.04519000
1771545600000,607.82000000,610.53000000,606.16000000,607.89000000,15887.84400000,9658036.85383000
1771560000000,607.89000000,613.94000000,605.29000000,612.10000000,16972.81800000,10362103.80769000
1771574400000,612.10000000,615.24000000,606.87000000,608.53000000,30281.99000000,18526980.48560000
1771588800000,608.53000000,618.30000000,601.23000000,616.83000000,44525.03000000,27138504.04234000
1771603200000,616.83000000,628.26000000,616.08000000,626.14000000,37278.10300000,23194457.32186000
1771617600000,626.13000000,629.74000000,624.90000000,625.91000000,14645.02100000,9184893.64214000
1771632000000,625.90000000,628.67000000,624.00000000,625.25000000,13097.62700000,8207477.57204000
1771646400000,625.25000000,628.00000000,624.93000000,625.88000000,9791.02100000,6135145.44468000
1771660800000,625.87000000,631.63000000,625.72000000,630.18000000,11796.45700000,7420320.46588000
1771675200000,630.18000000,634.80000000,627.51000000,627.66000000,26375.65500000,16646383.25985000
1771689600000,627.65000000,629.51000000,624.02000000,626.90000000,12481.26600000,7819220.00917000
1771704000000,626.91000000,627.62000000,624.25000000,625.61000000,8114.53900000,5079605.69624000
1771718400000,625.61000000,626.87000000,620.54000000,621.36000000,9867.32700000,6155173.55148000
1771732800000,621.36000000,623.59000000,618.72000000,622.46000000,10183.46400000,6327814.76740000
1771747200000,622.47000000,624.80000000,621.15000000,624.55000000,5658.67400000,3527950.26970000
1771761600000,624.55000000,624.62000000,613.39000000,615.91000000,24820.74500000,15325864.28163000
1771776000000,615.91000000,616.09000000,610.02000000,612.46000000,12525.12600000,7669979.24524000
1771790400000,612.47000000,616.28000000,611.00000000,614.80000000,5513.54300000,3384693.07542000
1771804800000,614.80000000,616.00000000,583.13000000,590.03000000,87896.73500000,52110982.94692000
1771819200000,590.04000000,601.16000000,585.10000000,599.31000000,46724.22800000,27748737.53467000
1771833600000,599.31000000,610.47000000,596.53000000,606.49000000,24632.27800000,14902632.19720000
1771848000000,606.49000000,612.49000000,604.33000000,604.64000000,43671.82700000,26614754.57449000
1771862400000,604.64000000,606.33000000,591.54000000,592.18000000,27166.63400000,16254834.43199000
1771876800000,592.18000000,598.71000000,590.20000000,596.41000000,14971.25900000,8913527.48030000
1771891200000,596.40000000,602.90000000,589.90000000,593.33000000,28130.56900000,16795853.73933000
1771905600000,593.34000000,594.28000000,586.15000000,589.79000000,27922.06000000,16481308.90274000
1771920000000,589.78000000,592.93000000,585.77000000,587.01000000,15298.87600000,9009164.31251000
1771934400000,587.01000000,588.43000000,577.06000000,586.10000000,61048.86900000,35534669.33059000
1771948800000,586.09000000,590.17000000,583.87000000,588.73000000,22024.92800000,12938129.14194000
1771963200000,588.73000000,590.43000000,582.57000000,583.60000000,13860.54800000,8114574.72806000
1771977600000,583.61000000,602.31000000,581.51000000,594.07000000,40173.12100000,23920974.48644000
1771992000000,594.07000000,596.66000000,589.89000000,596.09000000,20105.32900000,11943291.86584000
1772006400000,596.10000000,605.43000000,595.86000000,604.99000000,19954.54100000,12001013.85324000
1772020800000,605.00000000,623.15000000,604.58000000,621.38000000,51965.84800000,31960582.56402000
1772035200000,621.39000000,634.32000000,620.93000000,632.21000000,49493.22100000,31068140.21626000
1772049600000,632.21000000,640.55000000,624.33000000,629.42000000,39953.25000000,25278249.04139000
1772064000000,629.42000000,633.83000000,625.37000000,627.87000000,25261.69200000,15885926.34350000
1772078400000,627.88000000,632.47000000,625.30000000,625.60000000,14636.37000000,9192970.72943000
1772092800000,625.61000000,630.29000000,622.89000000,622.96000000,16376.03900000,10267347.24883000
1772107200000,622.97000000,628.52000000,618.68000000,623.20000000,29851.74300000,18620698.02658000
1772121600000,623.20000000,625.38000000,614.20000000,624.56000000,31125.94900000,19267215.93605000
1772136000000,624.57000000,626.90000000,620.89000000,625.74000000,9423.55100000,5882789.55816000
1772150400000,625.74000000,630.27000000,622.50000000,629.17000000,17452.98900000,10948662.35840000
1772164800000,629.17000000,633.65000000,624.94000000,627.06000000,25475.15100000,16045581.05655000
1772179200000,627.06000000,630.00000000,613.22000000,614.85000000,24416.48700000,15166517.32661000
1772193600000,614.86000000,616.85000000,609.67000000,614.40000000,31575.48000000,19365071.19108000
1772208000000,614.41000000,614.73000000,606.68000000,609.80000000,19988.20700000,12196133.04352000
1772222400000,609.80000000,614.27000000,605.25000000,614.03000000,9259.40600000,5656291.10622000
1772236800000,614.03000000,615.60000000,612.12000000,614.94000000,13607.72900000,8353083.06106000
1772251200000,614.95000000,615.44000000,590.75000000,597.50000000,48756.50000000,29292530.78877000
1772265600000,597.49000000,598.57000000,588.64000000,594.56000000,36564.22600000,21693723.20508000
1772280000000,594.57000000,605.75000000,594.12000000,603.99000000,33689.42200000,20254574.41761000
1772294400000,604.00000000,614.77000000,600.95000000,613.20000000,21548.48700000,13090613.61632000
1772308800000,613.20000000,621.49000000,611.98000000,617.14000000,17938.73600000,11071349.80250000
1772323200000,617.14000000,632.16000000,614.52000000,628.53000000,40926.49000000,25641490.61959000
1772337600000,628.54000000,631.31000000,623.00000000,625.35000000,25189.09000000,15795972.86536000
1772352000000,625.36000000,626.42000000,618.71000000,622.81000000,16920.76500000,10530561.62764000
1772366400000,622.80000000,629.80000000,619.74000000,626.60000000,26493.48400000,16562153.14744000
1772380800000,626.60000000,629.60000000,617.39000000,619.77000000,25552.40500000,15921916.26810000
1772395200000,619.77000000,621.03000000,610.89000000,617.96000000,34878.69300000,21500347.43191000
1772409600000,617.96000000,625.66000000,614.43000000,624.41000000,26043.12700000,16158082.68199000
1772424000000,624.42000000,625.79000000,613.02000000,616.67000000,15983.15000000,9910169.59548000
1772438400000,616.67000000,623.05000000,612.96000000,622.13000000,15994.43700000,9893253.89118000
1772452800000,622.14000000,649.70000000,618.81000000,646.25000000,71972.57600000,45766212.30157000
1772467200000,646.25000000,652.87000000,635.84000000,636.48000000,46976.90000000,30285854.84666000
1772481600000,636.48000000,640.80000000,632.43000000,637.79000000,25610.96000000,16292435.39216000
1772496000000,637.79000000,643.29000000,633.46000000,635.63000000,29906.37100000,19080251.53799000
1772510400000,635.63000000,638.47000000,628.94000000,633.32000000,26839.01100000,16998254.12754000
1772524800000,633.32000000,634.14000000,621.00000000,626.53000000,31370.36300000,19618960.47562000
1772539200000,626.52000000,631.89000000,621.00000000,630.57000000,27730.14900000,17364345.68189000
1772553600000,630.56000000,638.92000000,628.56000000,633.04000000,23941.52900000,15165629.38942000
1772568000000,633.04000000,636.92000000,628.43000000,633.56000000,10403.63300000,6581436.36730000
1772582400000,633.57000000,636.65000000,626.20000000,629.30000000,17342.35100000,10955294.74677000
1772596800000,629.29000000,640.90000000,627.12000000,640.01000000,17238.21300000,10921712.98281000
1772611200000,640.01000000,654.83000000,638.89000000,650.51000000,58718.52500000,38152589.91265000
1772625600000,650.51000000,661.82000000,645.94000000,661.17000000,53532.25100000,35011471.71701000
1772640000000,661.17000000,666.16000000,655.22000000,662.66000000,34051.13500000,22487730.94943000
1772654400000,662.66000000,663.12000000,656.55000000,657.99000000,19037.20800000,12549397.50439000
1772668800000,658.00000000,660.99000000,652.38000000,654.31000000,20788.65700000,13634198.59733000
1772683200000,654.31000000,657.42000000,648.79000000,650.39000000,23190.73800000,15147654.55147000
1772697600000,650.40000000,665.42000000,649.61000000,659.15000000,21687.41600000,14274309.18669000
1772712000000,659.15000000,660.81000000,648.46000000,652.94000000,32901.29000000,21549091.86789000
1772726400000,652.95000000,654.49000000,646.14000000,648.54000000,21438.00200000,13921942.03388000
1772740800000,648.54000000,652.38000000,646.47000000,647.85000000,8031.52100000,5211952.98600000
1772755200000,647.85000000,651.62000000,645.53000000,649.70000000,12775.15300000,8292853.29447000
1772769600000,649.70000000,649.99000000,641.22000000,646.89000000,19233.99500000,12409667.46955000
1772784000000,646.88000000,646.89000000,637.17000000,637.45000000,17797.12800000,11414449.04645000
1772798400000,637.45000000,640.96000000,624.77000000,628.02000000,44334.95300000,28048247.59701000
1772812800000,628.02000000,632.98000000,625.90000000,630.71000000,12804.47500000,8055440.07786000
1772827200000,630.71000000,631.50000000,626.97000000,627.31000000,8086.03200000,5086357.50765000
1772841600000,627.31000000,629.84000000,626.36000000,627.13000000,8842.40600000,5553917.60173000
1772856000000,627.13000000,628.63000000,624.63000000,627.87000000,10486.34900000,6574503.32149000
1772870400000,627.87000000,630.19000000,626.50000000,627.78000000,9263.25300000,5822935.02590000
1772884800000,627.79000000,628.27000000,623.80000000,625.22000000,11098.17900000,6950811.14251000
1772899200000,625.22000000,625.23000000,618.50000000,619.84000000,14789.26100000,9198544.13074000
1772913600000,619.84000000,622.41000000,617.80000000,620.26000000,8639.36600000,5361698.00044000
1772928000000,620.27000000,621.97000000,615.32000000,617.00000000,8766.84500000,5419542.03682000
1772942400000,617.01000000,622.33000000,614.34000000,619.94000000,14781.65600000,9139195.58883000
1772956800000,619.94000000,624.27000000,617.99000000,620.33000000,12076.29500000,7498314.46217000
1772971200000,620.32000000,621.21000000,613.05000000,616.18000000,15973.49300000,9852307.32274000
1772985600000,616.18000000,619.76000000,611.82000000,618.95000000,14400.83500000,8842805.50624000
1773000000000,618.94000000,620.11000000,607.86000000,611.98000000,15940.43000000,9780140.84690000
1773014400000,611.99000000,628.24000000,611.01000000,623.51000000,20068.64000000,12429821.56104000
1773028800000,623.51000000,630.00000000,618.43000000,621.96000000,20042.21800000,12525143.24931000
1773043200000,621.96000000,630.40000000,621.83000000,627.53000000,17458.91800000,10943980.05353000
1773057600000,627.53000000,640.43000000,627.52000000,639.21000000,31858.86600000,20232345.05616000
1773072000000,639.22000000,643.00000000,634.06000000,638.18000000,17091.05400000,10905851.77021000
1773086400000,638.19000000,640.65000000,633.83000000,634.64000000,14821.68000000,9456815.55349000
1773100800000,634.64000000,646.00000000,634.38000000,639.77000000,17617.17000000,11294334.25170000
1773115200000,639.77000000,646.98000000,639.40000000,644.48000000,13784.83300000,8878058.87568000
1773129600000,644.48000000,649.00000000,644.12000000,645.54000000,17943.02100000,11602241.88357000
1773144000000,645.53000000,652.23000000,638.29000000,649.23000000,25860.99100000,16709739.22146000
1773158400000,649.24000000,652.36000000,640.06000000,641.79000000,18057.64400000,11656023.52786000
1773172800000,641.78000000,645.29000000,639.60000000,642.00000000,7519.78700000,4828011.03989000
1773187200000,642.01000000,644.42000000,638.77000000,639.88000000,8826.59200000,5663585.22916000
1773201600000,639.87000000,644.92000000,637.77000000,640.50000000,14439.26100000,9256330.21334000
1773216000000,640.50000000,644.37000000,635.02000000,638.20000000,28584.56600000,18269619.89489000
1773230400000,638.20000000,652.19000000,636.74000000,645.98000000,36592.44200000,23643246.83954000
1773244800000,645.99000000,655.73000000,645.24000000,653.15000000,21386.35600000,13926899.18893000
1773259200000,653.14000000,656.29000000,650.40000000,651.46000000,10316.59700000,6734088.66933000
1773273600000,651.47000000,652.25000000,642.25000000,643.26000000,14948.74000000,9669837.85613000
1773288000000,643.26000000,647.16000000,641.63000000,645.85000000,11068.99300000,7133443.29182000
1773302400000,645.86000000,654.09000000,645.75000000,652.46000000,16841.69700000,10941966.13975000
1773316800000,652.47000000,657.70000000,645.64000000,650.03000000,37625.03300000,24524299.62945000
1773331200000,650.03000000,652.52000000,646.42000000,651.03000000,13233.49400000,8602904.52167000
1773345600000,651.03000000,654.92000000,648.98000000,651.72000000,7816.09900000,5094355.69347000
1773360000000,651.72000000,664.00000000,650.34000000,661.58000000,33511.18200000,22109030.16480000
1773374400000,661.57000000,664.50000000,658.88000000,661.29000000,25969.09200000,17174175.00675000
1773388800000,661.29000000,668.67000000,660.65000000,666.64000000,43984.84300000,29309401.55466000
1773403200000,666.64000000,679.00000000,661.09000000,662.21000000,62811.15700000,42167806.95184000
1773417600000,662.21000000,664.48000000,654.00000000,657.25000000,54317.63700000,35740795.81471000
1773432000000,657.25000000,658.78000000,653.55000000,655.73000000,11387.08900000,7472069.76019000
1773446400000,655.72000000,657.26000000,652.52000000,656.89000000,10285.26300000,6738539.05732000
1773460800000,656.88000000,658.27000000,651.00000000,652.19000000,13759.74300000,9008546.25604000
1773475200000,652.19000000,653.99000000,650.11000000,653.52000000,9914.92900000,6467334.43926000
1773489600000,653.51000000,654.98000000,651.85000000,653.40000000,11150.32500000,7286123.34121000
1773504000000,653.40000000,654.50000000,652.24000000,653.70000000,4722.89800000,3085785.44318000
1773518400000,653.70000000,658.00000000,653.12000000,657.70000000,5407.10700000,3544755.56371000
1773532800000,657.70000000,661.16000000,654.46000000,658.89000000,7831.62200000,5150811.24925000
1773547200000,658.89000000,661.00000000,657.79000000,660.02000000,11360.91800000,7492401.92608000
1773561600000,660.02000000,666.55000000,659.74000000,661.64000000,14295.86800000,9474900.00180000
1773576000000,661.65000000,662.52000000,656.83000000,659.69000000,17186.32000000,11338778.18291000
1773590400000,659.69000000,663.20000000,658.08000000,660.49000000,7931.01900000,5236561.66135000
1773604800000,660.49000000,679.00000000,659.74000000,673.77000000,34393.34700000,23103639.09223000
1773619200000,673.77000000,685.93000000,670.22000000,680.47000000,35086.16500000,23772519.49674000
1773633600000,680.47000000,687.82000000,677.27000000,678.13000000,43473.36200000,29663992.11163000
1773648000000,678.13000000,681.06000000,673.83000000,677.20000000,31764.46000000,21510675.00031000
1773662400000,677.19000000,683.68000000,670.13000000,671.67000000,59084.86000000,40036630.15345000
1773676800000,671.67000000,681.37000000,671.22000000,678.55000000,32813.66200000,22203993.65885000
1773691200000,678.55000000,684.66000000,673.79000000,679.71000000,24692.74700000,16774722.80709000
1773705600000,679.70000000,686.53000000,675.00000000,676.11000000,41516.02600000,28310062.69859000
1773720000000,676.11000000,677.39000000,671.81000000,674.28000000,25038.54300000,16895378.83425000
1773734400000,674.28000000,676.77000000,667.36000000,667.66000000,30318.01800000,20366746.68454000
1773748800000,667.66000000,673.33000000,663.40000000,668.49000000,29991.51100000,20017815.81277000
1773763200000,668.50000000,674.85000000,667.71000000,672.03000000,11769.27000000,7909856.12993000
1773777600000,672.03000000,674.48000000,668.01000000,668.61000000,8483.66500000,5692591.06808000
1773792000000,668.62000000,675.18000000,665.52000000,673.49000000,12610.52600000,8451928.59204000
1773806400000,673.49000000,675.06000000,670.13000000,673.98000000,15353.12600000,10324871.53254000
1773820800000,673.98000000,676.47000000,661.55000000,662.89000000,27002.30200000,18088848.54453000
1773835200000,662.89000000,662.89000000,645.30000000,648.82000000,44109.59500000,28847251.08725000
1773849600000,648.82000000,653.01000000,645.47000000,648.08000000,27717.45500000,17987693.53235000
1773864000000,648.09000000,652.98000000,644.43000000,652.27000000,17712.18200000,11490075.01610000
1773878400000,652.28000000,656.40000000,649.05000000,652.53000000,14658.77000000,9562291.51937000
1773892800000,652.53000000,652.66000000,641.04000000,645.39000000,19730.15200000,12765705.08519000
1773907200000,645.39000000,648.89000000,643.69000000,644.08000000,20358.35000000,13145513.11630000
1773921600000,644.09000000,644.09000000,634.35000000,637.87000000,30450.24100000,19453128.13799000
1773936000000,637.88000000,642.50000000,633.32000000,640.04000000,20987.24000000,13376020.38071000
1773950400000,640.04000000,644.06000000,638.22000000,639.15000000,11494.90500000,7367278.24886000
1773964800000,639.16000000,645.18000000,638.51000000,644.41000000,12649.47400000,8120760.98703000
1773979200000,644.42000000,645.95000000,639.68000000,644.10000000,12898.28400000,8294046.30685000
1773993600000,644.10000000,647.65000000,640.32000000,641.62000000,18537.86300000,11936859.48458000
1774008000000,641.62000000,643.59000000,636.61000000,640.42000000,30578.47000000,19575168.12893000
1774022400000,640.41000000,641.92000000,636.38000000,640.26000000,12576.28500000,8041849.63133000
1774036800000,640.26000000,644.57000000,637.58000000,642.11000000,9447.62600000,6062947.44140000
1774051200000,642.11000000,643.22000000,640.15000000,642.32000000,5788.10700000,3714767.95431000
1774065600000,642.32000000,644.46000000,641.80000000,643.11000000,6610.99900000,4251599.98717000
1774080000000,643.11000000,644.46000000,641.99000000,643.81000000,9061.26900000,5827057.15656000
1774094400000,643.81000000,646.38000000,641.39000000,642.82000000,11855.30400000,7632524.45228000
1774108800000,642.82000000,643.24000000,640.62000000,641.61000000,4689.68000000,3009442.10069000
1774123200000,641.61000000,642.68000000,627.76000000,630.70000000,16231.34000000,10297619.44829000
1774137600000,630.70000000,637.70000000,622.72000000,634.84000000,25821.81400000,16270664.25824000
1774152000000,634.84000000,636.57000000,631.90000000,631.99000000,13296.79200000,8429683.09634000
1774166400000,631.98000000,632.10000000,627.61000000,627.90000000,14210.09800000,8952232.02703000
1774180800000,627.90000000,631.76000000,627.90000000,629.70000000,14848.92600000,9357078.00388000
1774195200000,629.70000000,632.26000000,626.57000000,627.44000000,16400.43800000,10328615.82972000
1774209600000,627.45000000,631.35000000,622.16000000,626.41000000,17775.51100000,11139265.09081000
1774224000000,626.41000000,630.71000000,622.00000000,626.47000000,20250.72900000,12690780.32096000
1774238400000,626.46000000,632.00000000,620.33000000,624.33000000,20208.78500000,12647440.77978000
1774252800000,624.34000000,650.85000000,621.59000000,638.40000000,75227.81500000,48164315.97245000
1774267200000,638.40000000,649.55000000,635.81000000,637.25000000,79301.36600000,51074002.04041000
1774281600000,637.25000000,640.76000000,632.49000000,637.62000000,54337.41200000,34546019.31349000
1774296000000,637.62000000,641.09000000,636.24000000,639.11000000,8230.76700000,5256962.66256000
1774310400000,639.12000000,640.17000000,632.00000000,632.70000000,13380.27300000,8495790.02379000
1774324800000,632.70000000,638.44000000,627.21000000,637.86000000,20931.16200000,13213729.51409000
1774339200000,637.87000000,639.81000000,634.00000000,638.88000000,17591.47700000,11205005.21331000
1774353600000,638.88000000,639.35000000,627.20000000,630.98000000,26763.38600000,16935312.22451000
1774368000000,630.97000000,632.46000000,626.99000000,630.29000000,10948.54400000,6891428.49989000
1774382400000,630.29000000,639.79000000,629.85000000,638.30000000,11559.45700000,7357880.02691000
1774396800000,638.31000000,643.00000000,637.50000000,642.22000000,16420.57400000,10506494.49532000
1774411200000,642.22000000,647.19000000,641.59000000,643.57000000,17880.15200000,11526161.29534000
1774425600000,643.57000000,650.92000000,643.41000000,648.36000000,36184.07200000,23445660.62866000
1774440000000,648.36000000,652.80000000,641.92000000,645.65000000,24349.87500000,15768081.39088000
1774454400000,645.64000000,651.15000000,644.09000000,646.03000000,14642.84300000,9473810.95319000
1774468800000,646.03000000,650.26000000,644.04000000,647.66000000,8041.42400000,5205230.56664000
1774483200000,647.67000000,648.47000000,641.33000000,642.90000000,9757.70200000,6287656.89296000
1774497600000,642.91000000,643.30000000,633.44000000,635.37000000,17962.94300000,11453517.21964000
1774512000000,635.38000000,635.44000000,628.10000000,629.17000000,18306.15900000,11555041.34430000
1774526400000,629.17000000,632.70000000,625.11000000,626.82000000,20102.07200000,12649045.39246000
1774540800000,626.83000000,628.89000000,623.01000000,625.68000000,14781.02000000,9250162.05110000
1774555200000,625.67000000,631.52000000,625.24000000,628.86000000,13808.17700000,8695473.70525000
1774569600000,628.86000000,631.87000000,627.38000000,628.30000000,11531.74500000,7261832.99695000
1774584000000,628.31000000,630.02000000,625.11000000,628.45000000,12380.85900000,7772495.67775000
1774598400000,628.46000000,629.15000000,607.18000000,611.07000000,52013.22500000,32012663.38912000
1774612800000,611.07000000,614.03000000,605.86000000,610.66000000,30020.00700000,18315235.74286000
1774627200000,610.66000000,611.96000000,606.67000000,610.17000000,14624.04300000,8908629.11848000
1774641600000,610.16000000,614.18000000,608.66000000,613.95000000,11164.75100000,6821910.56104000
1774656000000,613.95000000,614.07000000,609.90000000,611.14000000,10778.00000000,6594541.98328000
1774670400000,611.15000000,614.61000000,610.50000000,613.90000000,13315.47200000,8157378.08350000
1774684800000,613.90000000,614.27000000,610.46000000,613.00000000,12100.48100000,7413282.16408000
1774699200000,612.99000000,619.00000000,611.59000000,617.28000000,17880.83800000,11012306.10421000
1774713600000,617.29000000,617.69000000,615.40000000,616.67000000,6182.51500000,3812519.59509000
1774728000000,616.67000000,618.10000000,610.71000000,611.08000000,9830.57600000,6041585.74811000
1774742400000,611.08000000,615.30000000,609.89000000,614.05000000,11246.91300000,6894489.75485000
1774756800000,614.06000000,614.70000000,612.00000000,613.68000000,7594.99500000,4659374.78375000
1774771200000,613.68000000,614.63000000,610.95000000,613.69000000,10666.18800000,6540299.36972000
1774785600000,613.69000000,613.75000000,607.46000000,609.64000000,15794.20700000,9633558.15584000
1774800000000,609.63000000,611.06000000,607.59000000,609.23000000,6580.88300000,4009985.57237000
1774814400000,609.23000000,612.26000000,596.42000000,606.09000000,31528.53300000,19045995.88523000
1774828800000,606.09000000,619.08000000,605.09000000,615.67000000,24893.09500000,15284133.19110000
1774843200000,615.68000000,619.15000000,615.35000000,618.21000000,18930.19800000,11677997.02960000
1774857600000,618.22000000,621.40000000,616.29000000,617.79000000,29088.87400000,17998904.34084000
1774872000000,617.79000000,620.94000000,613.40000000,618.48000000,21953.10700000,13562218.20063000
1774886400000,618.48000000,618.66000000,608.11000000,610.60000000,15071.55600000,9234155.48601000
1774900800000,610.61000000,613.63000000,607.27000000,609.29000000,12943.25300000,7902565.20387000
1774915200000,609.29000000,619.76000000,608.20000000,613.60000000,18826.46500000,11566386.12575000
1774929600000,613.61000000,614.56000000,609.30000000,611.01000000,15514.61800000,9494638.83631000
1774944000000,611.02000000,611.21000000,598.82000000,605.22000000,35968.30200000,21746856.63151000
1774958400000,605.23000000,615.98000000,604.30000000,607.90000000,30839.42700000,18806793.93562000
1774972800000,607.90000000,619.77000000,607.80000000,615.77000000,26707.86400000,16421513.87000000
1774987200000,615.76000000,619.38000000,615.09000000,617.43000000,11273.93900000,6960919.28802000
1775001600000,617.42000000,619.85000000,613.92000000,616.76000000,15439.03000000,9523361.92845000
1775016000000,616.76000000,621.90000000,614.96000000,616.32000000,31514.13500000,19486640.22219000
1775030400000,616.33000000,617.43000000,613.71000000,615.34000000,20858.34500000,12834535.95421000
1775044800000,615.34000000,617.91000000,609.87000000,614.82000000,26306.22400000,16143872.31253000
1775059200000,614.82000000,619.50000000,611.44000000,613.76000000,17843.36700000,10968074.72999000
1775073600000,613.76000000,616.00000000,609.58000000,610.81000000,14596.46400000,8937084.93675000
1775088000000,610.81000000,613.60000000,591.69000000,592.06000000,60887.56400000,36587805.20505000
1775102400000,592.06000000,592.51000000,587.34000000,591.82000000,44299.89500000,26141813.73471000
1775116800000,591.82000000,591.82000000,577.25000000,581.23000000,53550.61200000,31261675.75298000
1775131200000,581.23000000,581.40000000,570.31000000,574.13000000,97461.79900000,56022916.68868000
1775145600000,574.12000000,583.72000000,573.82000000,583.51000000,29911.51500000,17321276.71618000
1775160000000,583.50000000,584.83000000,581.14000000,583.52000000,11506.93400000,6712702.40046000
1775174400000,583.52000000,587.06000000,581.93000000,585.82000000,19254.20600000,11254777.96424000
1775188800000,585.82000000,589.00000000,584.98000000,586.49000000,12281.07500000,7205043.01804000
1775203200000,586.50000000,588.31000000,583.16000000,587.34000000,15675.88200000,9179958.83254000
1775217600000,587.34000000,590.31000000,584.08000000,586.99000000,17998.33700000,10563800.52539000
1775232000000,586.99000000,589.33000000,586.63000000,588.66000000,6774.43700000,3983838.13911000
1775246400000,588.66000000,589.21000000,587.00000000,588.31000000,4522.43800000,2660497.85487000
1775260800000,588.32000000,589.26000000,587.10000000,589.12000000,6429.77100000,3781639.87381000
1775275200000,589.12000000,592.25000000,588.33000000,590.00000000,13261.32100000,7827775.40166000
1775289600000,590.00000000,591.73000000,589.03000000,589.49000000,10402.92600000,6139818.30928000
1775304000000,589.50000000,591.82000000,588.11000000,591.11000000,11917.82600000,7032850.90653000
1775318400000,591.12000000,596.58000000,590.46000000,593.46000000,11980.55100000,7103966.87733000
1775332800000,593.46000000,595.16000000,592.54000000,593.36000000,5673.03900000,3368564.62300000
1775347200000,593.36000000,594.05000000,591.12000000,593.43000000,8288.54500000,4913385.30170000
1775361600000,593.42000000,594.00000000,587.71000000,590.46000000,12134.23700000,7170765.64516000
1775376000000,590.46000000,594.97000000,590.15000000,593.98000000,9402.75600000,5576002.73142000
1775390400000,593.97000000,596.42000000,587.13000000,593.13000000,20782.50700000,12286817.04919000
1775404800000,593.13000000,593.69000000,591.67000000,592.53000000,7706.67300000,4568305.84738000
1775419200000,592.53000000,604.06000000,590.51000000,601.50000000,19717.23200000,11772693.45734000
1775433600000,601.50000000,607.66000000,600.10000000,600.61000000,21807.70000000,13158384.79577000
1775448000000,600.62000000,604.47000000,598.63000000,603.80000000,18840.74000000,11334397.16153000
1775462400000,603.81000000,610.29000000,603.78000000,605.36000000,17420.76900000,10564568.66198000
1775476800000,605.36000000,608.74000000,604.11000000,608.45000000,17633.97300000,10690403.36104000
1775491200000,608.45000000,609.00000000,602.95000000,606.67000000,13286.94700000,8050921.08686000
1775505600000,606.68000000,607.96000000,596.25000000,600.11000000,15969.42000000,9622718.52020000
1775520000000,600.10000000,601.32000000,596.38000000,599.16000000,11451.18600000,6859661.24512000
1775534400000,599.15000000,601.88000000,596.78000000,599.30000000,11177.58300000,6691946.52045000
1775548800000,599.29000000,606.51000000,596.40000000,597.10000000,29834.63500000,17954405.42794000
1775563200000,597.10000000,600.00000000,592.20000000,598.53000000,30618.74300000,18256248.25717000
1775577600000,598.53000000,609.05000000,598.53000000,608.41000000,23994.26800000,14490359.10262000
1775592000000,608.41000000,624.85000000,607.23000000,620.10000000,56450.47700000,34823286.48582000
1775606400000,620.11000000,621.46000000,612.92000000,613.29000000,32396.85800000,19975360.98257000
1775620800000,613.29000000,617.40000000,612.02000000,613.24000000,25758.36400000,15838909.40565000
1775635200000,613.24000000,614.54000000,610.89000000,612.83000000,21847.46100000,13382171.12099000
1775649600000,612.83000000,615.85000000,601.16000000,605.35000000,53448.92200000,32567159.77436000
1775664000000,605.34000000,607.79000000,602.75000000,604.28000000,15146.01800000,9169131.62235000
1775678400000,604.28000000,607.38000000,599.45000000,601.16000000,13517.06300000,8153517.84579000
1775692800000,601.15000000,603.06000000,596.94000000,600.16000000,18175.24900000,10904155.86600000
1775707200000,600.16000000,601.19000000,598.64000000,600.01000000,10221.97200000,6133854.26808000
1775721600000,600.01000000,603.41000000,599.30000000,602.44000000,15969.66900000,9606534.69831000
1775736000000,602.45000000,607.34000000,598.20000000,606.01000000,21514.81000000,12963615.63740000
1775750400000,606.01000000,609.50000000,603.63000000,608.76000000,20119.80100000,12209639.96659000
1775764800000,608.76000000,612.10000000,601.90000000,603.03000000,21303.67500000,12927454.48440000
1775779200000,603.03000000,605.40000000,599.79000000,601.14000000,17766.67000000,10701268.27351000
1775793600000,601.14000000,602.61000000,599.04000000,599.29000000,14201.76000000,8537348.90637000
1775808000000,599.29000000,603.49000000,597.40000000,602.57000000,19228.13200000,11550976.86772000
1775822400000,602.57000000,608.76000000,601.04000000,603.27000000,27608.24700000,16693770.05128000
1775836800000,603.27000000,609.99000000,603.20000000,609.60000000,12524.90000000,7600677.61765000
1775851200000,609.61000000,610.34000000,605.29000000,605.54000000,12936.22300000,7859827.32966000
1775865600000,605.54000000,607.73000000,603.40000000,606.76000000,14016.45000000,8488408.17630000
1775880000000,606.77000000,607.62000000,604.41000000,606.09000000,10856.56800000,6577398.06179000
1775894400000,606.09000000,607.32000000,604.31000000,605.36000000,23470.98500000,14218936.21300000
1775908800000,605.37000000,606.92000000,603.76000000,605.74000000,14398.93900000,8713830.61509000
1775923200000,605.74000000,614.12000000,605.70000000,612.92000000,17611.25300000,10746323.62123000
1775937600000,612.93000000,613.02000000,605.94000000,607.05000000,13913.27500000,8484915.73210000
1775952000000,607.06000000,607.44000000,590.21000000,595.50000000,31078.51400000,18582903.76084000
1775966400000,595.50000000,596.00000000,592.87000000,594.30000000,14859.81700000,8840308.06159000
1775980800000,594.30000000,595.59000000,592.91000000,595.42000000,13022.63800000,7739165.34646000
1775995200000,595.41000000,595.78000000,589.10000000,591.65000000,20069.44600000,11877221.21956000
1776009600000,591.66000000,593.36000000,591.00000000,592.36000000,11271.21500000,6674730.06754000
1776024000000,592.36000000,596.91000000,590.95000000,592.19000000,13472.62100000,7993939.76221000
1776038400000,592.19000000,597.94000000,591.60000000,594.68000000,11256.91800000,6704903.75692000
1776052800000,594.68000000,599.67000000,594.60000000,597.26000000,16488.52400000,9848510.15574000
1776067200000,597.27000000,598.71000000,595.19000000,597.20000000,13130.52100000,7843321.43942000
1776081600000,597.20000000,605.00000000,595.58000000,603.40000000,30992.71700000,18600323.62408000
1776096000000,603.39000000,609.17000000,602.15000000,608.59000000,27831.96100000,16863611.43992000
1776110400000,608.59000000,617.97000000,607.11000000,614.71000000,38803.85900000,23807082.14512000
1776124800000,614.71000000,616.14000000,610.86000000,616.13000000,28115.64900000,17263079.78375000
1776139200000,616.14000000,616.15000000,611.88000000,613.55000000,19715.43600000,12105239.60467000
1776153600000,613.54000000,619.40000000,613.43000000,616.41000000,28132.02900000,17369901.38821000
1776168000000,616.42000000,625.38000000,615.18000000,623.45000000,47940.61300000,29718529.82200000
1776182400000,623.45000000,625.12000000,611.94000000,613.95000000,37840.42500000,23395332.12542000
1776196800000,613.95000000,617.16000000,613.13000000,613.75000000,11637.87900000,7152147.93699000
1776211200000,613.75000000,620.00000000,613.75000000,616.14000000,17227.73300000,10631164.03182000
1776225600000,616.14000000,617.27000000,610.71000000,611.54000000,16261.02900000,9979505.05130000
1776240000000,611.55000000,620.66000000,610.45000000,619.70000000,25376.84200000,15618311.37583000
1776254400000,619.71000000,620.42000000,616.00000000,619.04000000,24672.70600000,15255542.63323000
1776268800000,619.05000000,627.64000000,618.57000000,625.38000000,17267.11700000,10746222.88941000
1776283200000,625.38000000,626.80000000,621.42000000,622.59000000,14137.79300000,8816685.27271000
1776297600000,622.58000000,626.16000000,620.38000000,624.25000000,16041.38000000,9996377.86741000
1776312000000,624.25000000,626.08000000,621.86000000,622.69000000,15672.32800000,9780637.08535000
1776326400000,622.69000000,623.95000000,618.86000000,620.95000000,17492.47300000,10870681.03930000
1776340800000,620.95000000,626.38000000,614.89000000,624.89000000,31053.98800000,19260594.65045000
1776355200000,624.89000000,637.31000000,623.60000000,636.55000000,34803.48900000,21942453.49788000
1776369600000,636.55000000,637.40000000,631.71000000,635.77000000,16483.04300000,10454900.28271000
1776384000000,635.77000000,636.55000000,628.18000000,629.26000000,15173.72400000,9582020.24350000
1776398400000,629.26000000,630.22000000,626.66000000,627.21000000,19659.25400000,12353823.16817000
1776412800000,627.21000000,635.00000000,626.89000000,632.50000000,30283.27900000,19101435.86650000
1776427200000,632.50000000,645.67000000,631.76000000,643.34000000,51049.66500000,32697807.83506000
1776441600000,643.33000000,645.60000000,638.83000000,641.36000000,19428.35900000,12478408.97928000
1776456000000,641.36000000,644.77000000,639.26000000,643.12000000,17892.55700000,11501740.91898000
1776470400000,643.12000000,646.88000000,640.06000000,640.20000000,28939.31700000,18637111.92072000
1776484800000,640.21000000,648.79000000,640.08000000,643.35000000,27083.11900000,17461437.13300000
1776499200000,643.35000000,643.55000000,631.52000000,633.37000000,26675.05900000,16953693.27134000
1776513600000,633.38000000,635.00000000,631.42000000,633.37000000,13376.04500000,8474720.59378000
1776528000000,633.37000000,634.59000000,628.03000000,630.39000000,15324.52400000,9682884.72270000
1776542400000,630.39000000,631.84000000,629.69000000,629.90000000,8267.29500000,5213057.23330000
1776556800000,629.90000000,630.43000000,621.08000000,623.26000000,16377.06500000,10252669.61752000
1776571200000,623.26000000,624.72000000,618.10000000,620.32000000,17821.09700000,11076241.70862000
1776585600000,620.32000000,623.33000000,618.00000000,622.40000000,14492.49200000,8993572.56954000
1776600000000,622.40000000,628.36000000,622.06000000,626.07000000,18680.65500000,11676591.22693000
1776614400000,626.07000000,626.64000000,619.39000000,622.93000000,13891.28000000,8655402.53662000
1776628800000,622.93000000,623.36000000,615.00000000,616.06000000,19328.15300000,11944791.01963000
1776643200000,616.07000000,622.80000000,615.97000000,621.69000000,11683.59800000,7248659.73051000
1776657600000,621.70000000,629.48000000,617.00000000,624.69000000,15619.73200000,9724228.67617000
1776672000000,624.69000000,628.14000000,622.71000000,625.50000000,17552.48800000,10979943.79819000
1776686400000,625.49000000,628.36000000,620.87000000,628.31000000,23839.06200000,14909719.38253000
1776700800000,628.31000000,631.80000000,626.71000000,630.56000000,12588.61600000,7926620.41321000
1776715200000,630.57000000,632.08000000,628.00000000,629.26000000,10864.21500000,6845365.69297000
1776729600000,629.26000000,632.46000000,628.10000000,629.87000000,11095.47900000,6990969.23560000
1776744000000,629.87000000,633.93000000,628.81000000,632.88000000,11139.34600000,7038887.41798000
1776758400000,632.89000000,640.70000000,632.20000000,634.14000000,41688.66800000,26527807.97513000
1776772800000,634.14000000,635.17000000,629.37000000,631.81000000,19309.42500000,12207244.20809000
1776787200000,631.82000000,633.66000000,625.00000000,626.60000000,12996.64000000,8189186.46896000
1776801600000,626.59000000,632.45000000,625.56000000,631.72000000,9143.68100000,5754526.36204000
1776816000000,631.73000000,641.40000000,631.19000000,639.57000000,20568.44800000,13114586.91363000
1776830400000,639.57000000,644.95000000,638.66000000,641.99000000,25959.84600000,16678707.76968000
1776844800000,642.00000000,643.81000000,641.00000000,642.77000000,15334.59900000,9846990.41715000
1776859200000,642.78000000,654.19000000,642.14000000,649.10000000,39008.95200000,25311690.46923000
1776873600000,649.10000000,650.96000000,642.89000000,644.10000000,18298.57600000,11819614.76356000
1776888000000,644.10000000,644.18000000,637.33000000,637.47000000,15815.91800000,10134400.99419000
1776902400000,637.47000000,639.50000000,633.23000000,635.60000000,22566.67700000,14362469.84966000
1776916800000,635.61000000,638.43000000,635.01000000,635.70000000,13183.51200000,8392720.85841000
1776931200000,635.70000000,636.29000000,631.00000000,633.56000000,16887.71400000,10692462.41217000
1776945600000,633.56000000,640.00000000,632.00000000,639.74000000,18401.87100000,11704447.47180000
1776960000000,639.74000000,640.38000000,631.14000000,635.91000000,18026.04000000,11461454.45330000
1776974400000,635.90000000,639.79000000,635.60000000,638.54000000,9343.44200000,5959750.01962000
1776988800000,638.55000000,640.42000000,633.60000000,634.61000000,9531.60000000,6074431.15513000
1777003200000,634.61000000,637.17000000,632.04000000,635.00000000,13609.13800000,8631413.63128000
1777017600000,634.99000000,638.75000000,633.33000000,638.10000000,15966.27800000,10151618.31491000
1777032000000,638.10000000,640.49000000,635.95000000,639.60000000,16954.52500000,10824450.07526000
1777046400000,639.60000000,639.97000000,635.34000000,638.24000000,8889.45600000,5670576.36017000
1777060800000,638.24000000,638.37000000,635.43000000,636.21000000,5674.82100000,3615939.74202000
1777075200000,636.21000000,637.69000000,635.49000000,637.45000000,8892.49400000,5662566.85568000
1777089600000,637.45000000,638.08000000,636.29000000,636.70000000,5455.50400000,3476245.66237000
1777104000000,636.71000000,638.50000000,634.20000000,634.66000000,9788.22600000,6237593.07893000
1777118400000,634.66000000,635.15000000,629.11000000,629.91000000,19722.94800000,12463252.26198000
1777132800000,629.90000000,630.41000000,627.15000000,628.66000000,9371.55000000,5892704.05598000
1777147200000,628.67000000,630.43000000,628.34000000,628.53000000,5687.61500000,3578816.17439000
1777161600000,628.52000000,630.35000000,627.00000000,628.63000000,7913.94400000,4977858.60375000
1777176000000,628.63000000,632.79000000,628.27000000,632.52000000,9812.40300000,6192703.93667000
1777190400000,632.52000000,632.75000000,629.90000000,632.54000000,9812.81200000,6194279.62128000
1777204800000,632.55000000,633.03000000,630.60000000,632.29000000,9377.38900000,5923876.37851000
1777219200000,632.29000000,636.74000000,630.59000000,635.89000000,8940.87800000,5667808.16743000
1777233600000,635.90000000,638.06000000,633.00000000,635.76000000,8588.91400000,5458522.10765000
1777248000000,635.77000000,639.81000000,633.74000000,638.27000000,18044.11300000,11512639.96726000
1777262400000,638.27000000,638.64000000,625.15000000,625.87000000,28410.05200000,17903286.61373000
1777276800000,625.87000000,628.94000000,625.40000000,627.40000000,10936.73100000,6862436.70316000
1777291200000,627.39000000,628.56000000,618.38000000,620.94000000,25377.87500000,15834812.44860000
1777305600000,620.93000000,624.02000000,620.50000000,623.53000000,13646.88900000,8493928.23966000
1777320000000,623.53000000,627.31000000,623.13000000,626.83000000,7529.82800000,4703433.09056000
1777334400000,626.83000000,627.58000000,623.28000000,624.52000000,7126.50700000,4456931.26530000
1777348800000,624.52000000,626.62000000,621.86000000,624.26000000,16508.09000000,10309184.35762000
1777363200000,624.26000000,625.47000000,621.21000000,621.85000000,9676.52500000,6030144.15543000
1777377600000,621.86000000,623.63000000,619.00000000,622.82000000,16880.81000000,10493344.09568000
1777392000000,622.82000000,624.30000000,621.82000000,624.17000000,7137.87100000,4448423.83385000
1777406400000,624.17000000,624.66000000,622.87000000,624.55000000,5017.93900000,3130539.50030000
1777420800000,624.56000000,626.73000000,622.56000000,626.05000000,9681.14200000,6050043.11118000
1777435200000,626.05000000,628.50000000,625.00000000,625.13000000,16646.42700000,10432838.32818000
1777449600000,625.13000000,629.61000000,624.54000000,626.02000000,19479.28600000,12212218.74108000
1777464000000,626.01000000,626.06000000,615.48000000,616.51000000,21085.07800000,13089173.69549000
1777478400000,616.52000000,620.28000000,610.26000000,613.31000000,26554.16800000,16322421.60177000
1777492800000,613.32000000,618.58000000,613.02000000,617.39000000,8367.07100000,5156158.30538000
1777507200000,617.39000000,620.53000000,616.03000000,617.88000000,12566.09200000,7769620.09462000
1777521600000,617.88000000,618.26000000,613.47000000,617.50000000,18797.06100000,11586060.71367000
1777536000000,617.50000000,618.75000000,614.38000000,615.63000000,13741.33200000,8472006.81755000
1777550400000,615.64000000,618.13000000,613.58000000,617.10000000,19135.06100000,11784785.26818000
1777564800000,617.09000000,618.84000000,615.75000000,618.45000000,8022.29200000,4951427.09120000
1777579200000,618.44000000,618.61000000,614.79000000,615.38000000,6350.60700000,3915085.47070000
1777593600000,615.38000000,621.29000000,615.28000000,618.50000000,14358.80500000,8869574.89770000
1777608000000,618.50000000,619.08000000,616.03000000,617.42000000,10394.11000000,6418642.35289000
1777622400000,617.42000000,619.56000000,615.94000000,618.92000000,13233.62400000,8173259.84026000
1777636800000,618.92000000,622.84000000,618.44000000,620.83000000,25448.31800000,15799386.04537000
1777651200000,620.83000000,621.79000000,618.90000000,619.24000000,8877.14300000,5503892.06044000
1777665600000,619.24000000,619.37000000,613.79000000,615.34000000,15741.74000000,9700726.38984000
1777680000000,615.34000000,617.26000000,614.78000000,616.19000000,7600.96000000,4681222.82812000
1777694400000,616.19000000,616.40000000,614.15000000,615.91000000,7752.89500000,4770763.29567000
1777708800000,615.90000000,616.20000000,614.71000000,615.66000000,6659.85000000,4099574.31341000
1777723200000,615.67000000,618.27000000,615.38000000,618.22000000,12201.24800000,7525791.94365000
1777737600000,618.22000000,619.38000000,617.71000000,618.83000000,8574.84000000,5303207.42303000
1777752000000,618.84000000,621.81000000,617.77000000,618.03000000,9184.20100000,5685996.21530000
1777766400000,618.03000000,618.49000000,615.09000000,616.22000000,10665.49600000,6572558.37398000
1777780800000,616.22000000,618.35000000,615.31000000,616.96000000,9750.07900000,6011105.49753000
1777795200000,616.97000000,619.54000000,616.68000000,618.81000000,12956.33700000,8011188.67038000
1777809600000,618.81000000,620.57000000,618.14000000,619.87000000,13656.21100000,8459015.55649000
1777824000000,619.87000000,620.78000000,618.78000000,619.26000000,9598.31600000,5947644.15017000
1777838400000,619.26000000,622.27000000,617.00000000,617.27000000,16223.69100000,10055936.46569000
1777852800000,617.28000000,626.66000000,615.61000000,626.57000000,37419.93200000,23301949.04940000
1777867200000,626.58000000,639.00000000,626.58000000,628.40000000,60837.53500000,38491357.56698000
1777881600000,628.40000000,631.01000000,620.00000000,622.90000000,34529.55900000,21585393.05748000
1777896000000,622.91000000,628.44000000,621.19000000,625.47000000,43518.67900000,27189032.12982000
1777910400000,625.47000000,628.80000000,623.50000000,624.93000000,19279.64400000,12073291.38271000
1777924800000,624.93000000,625.91000000,622.60000000,622.63000000,11063.65200000,6905399.81670000
1777939200000,622.64000000,628.86000000,622.58000000,627.81000000,19199.30400000,12014984.44484000
1777953600000,627.80000000,628.81000000,625.73000000,627.54000000,22579.05800000,14165960.31354000
1777968000000,627.54000000,628.94000000,625.94000000,628.59000000,23983.69000000,15061082.39686000
1777982400000,628.60000000,634.00000000,628.05000000,631.01000000,35110.26600000,22150541.12611000
1777996800000,631.01000000,632.38000000,627.81000000,631.72000000,23383.60200000,14730570.85621000
1778011200000,631.73000000,635.00000000,629.71000000,630.42000000,22765.87500000,14404057.26710000
1778025600000,630.41000000,636.01000000,628.97000000,635.17000000,23365.37900000,14792671.50703000
1778040000000,635.18000000,640.43000000,632.85000000,637.99000000,25453.54100000,16206394.33555000
1778054400000,637.98000000,652.66000000,637.95000000,652.56000000,78126.57300000,50520536.45662000
1778068800000,652.56000000,664.26000000,643.58000000,648.51000000,81801.42400000,53496781.07292000
1778083200000,648.51000000,650.93000000,646.29000000,650.45000000,19995.24300000,12977701.74341000
1778097600000,650.44000000,651.49000000,644.46000000,647.74000000,12953.09600000,8393158.76096000
1778112000000,647.74000000,649.81000000,641.64000000,642.53000000,29830.99600000,19217817.37535000
1778126400000,642.54000000,653.49000000,642.10000000,651.91000000,19315.44300000,12502078.32932000
1778140800000,651.92000000,653.10000000,646.15000000,648.01000000,21602.10000000,14019417.44825000
1778155200000,648.01000000,651.00000000,639.41000000,642.45000000,29470.06300000,18997681.20606000
1778169600000,642.46000000,644.70000000,639.33000000,643.71000000,17699.57500000,11366027.67691000
1778184000000,643.71000000,645.65000000,633.68000000,637.02000000,26255.63200000,16773289.69660000
1778198400000,637.02000000,640.54000000,635.46000000,639.44000000,15412.11700000,9834476.62335000
1778212800000,639.44000000,641.00000000,634.76000000,636.91000000,24292.90800000,15478036.14503000
1778227200000,636.91000000,641.56000000,635.89000000,641.02000000,21553.02900000,13755314.25753000
1778241600000,641.03000000,644.00000000,637.54000000,643.92000000,18479.16000000,11839429.69708000
1778256000000,643.92000000,649.50000000,642.36000000,648.09000000,15055.13100000,9727634.29325000
1778270400000,648.10000000,651.53000000,645.86000000,649.36000000,12960.33100000,8408223.75354000
1778284800000,649.37000000,655.88000000,649.01000000,653.66000000,18453.31500000,12057673.99432000
1778299200000,653.67000000,656.00000000,648.95000000,649.77000000,32605.99600000,21266319.13969000
1778313600000,649.77000000,651.03000000,648.43000000,650.04000000,9822.62700000,6382017.58518000
1778328000000,650.05000000,650.67000000,646.23000000,647.66000000,11368.72600000,7373263.25390000
1778342400000,647.67000000,651.84000000,647.01000000,651.01000000,15609.09600000,10137378.66016000
1778356800000,651.01000000,652.36000000,649.53000000,649.75000000,10493.13200000,6833436.48066000
1778371200000,649.76000000,650.50000000,644.84000000,647.70000000,18024.13400000,11667041.78207000
1778385600000,647.71000000,649.29000000,647.28000000,648.28000000,8599.04800000,5574594.82097000
1778400000000,648.29000000,651.90000000,647.71000000,649.59000000,16061.96500000,10446376.01666000
1778414400000,649.59000000,656.20000000,648.47000000,655.50000000,17482.98500000,11397748.87528000
1778428800000,655.51000000,662.38000000,654.40000000,661.14000000,19655.81200000,12952842.13693000
1778443200000,661.14000000,666.66000000,648.71000000,663.55000000,39453.27300000,26014365.55673000
1778457600000,663.56000000,664.85000000,650.07000000,651.79000000,30689.41100000,20137563.18483000
1778472000000,651.80000000,654.17000000,650.03000000,650.61000000,26867.57400000,17520418.25862000
1778486400000,650.61000000,655.92000000,649.46000000,655.92000000,27730.70700000,18105608.75347000
1778500800000,655.92000000,661.51000000,651.49000000,661.50000000,31057.06900000,20372971.35562000
1778515200000,661.51000000,663.56000000,659.50000000,663.32000000,27138.80600000,17963857.64395000
1778529600000,663.31000000,673.00000000,661.02000000,670.60000000,40181.67800000,26791106.59526000
1778544000000,670.60000000,671.47000000,659.09000000,662.02000000,34336.06100000,22816233.32823000
1778558400000,662.02000000,664.31000000,657.76000000,658.59000000,19544.70100000,12932679.27228000
1778572800000,658.60000000,663.40000000,657.55000000,663.40000000,18304.87100000,12096133.88204000
1778587200000,663.40000000,664.75000000,650.49000000,652.26000000,45149.10300000,29673254.07214000
1778601600000,652.26000000,663.38000000,650.56000000,663.07000000,21554.16500000,14172882.95120000
1778616000000,663.07000000,668.00000000,663.06000000,664.95000000,22728.18800000,15130040.01647000
1778630400000,664.95000000,682.95000000,664.36000000,681.28000000,63481.06900000,42964999.57334000
1778644800000,681.28000000,682.18000000,675.94000000,679.02000000,31687.70500000,21507122.50377000
1778659200000,679.02000000,685.68000000,677.41000000,678.42000000,36146.83000000,24639838.18332000
1778673600000,678.42000000,680.30000000,663.77000000,664.19000000,61800.43700000,41465854.91421000
1778688000000,664.19000000,674.71000000,664.17000000,671.32000000,21029.27400000,14089260.97747000
1778702400000,671.33000000,673.84000000,668.20000000,671.68000000,11917.45300000,7997747.94351000
1778716800000,671.68000000,677.52000000,665.42000000,665.92000000,25552.31800000,17195738.45911000
1778731200000,665.91000000,672.06000000,665.47000000,669.34000000,24244.73300000,16226850.33282000
1778745600000,669.33000000,673.96000000,668.55000000,670.85000000,20888.19700000,14028088.54542000
1778760000000,670.85000000,680.58000000,670.62000000,679.98000000,43264.70300000,29290255.57257000
1778774400000,679.98000000,687.66000000,678.48000000,680.20000000,34513.07800000,23557714.15803000
1778788800000,680.21000000,681.99000000,677.20000000,678.27000000,11337.00100000,7705978.90470000
1778803200000,678.28000000,686.00000000,677.24000000,681.95000000,31590.78700000,21534816.97014000
1778817600000,681.95000000,689.14000000,673.79000000,684.30000000,34855.09400000,23770291.65476000
1778832000000,684.31000000,689.98000000,681.63000000,686.47000000,31941.57400000,21901783.42891000
1778846400000,686.47000000,686.74000000,669.16000000,671.73000000,46245.66800000,31305968.79965000
1778860800000,671.73000000,676.72000000,671.16000000,674.04000000,10415.87800000,7025568.15265000
1778875200000,674.04000000,674.56000000,671.21000000,672.38000000,11455.37000000,7707921.96863000
1778889600000,672.37000000,674.92000000,664.90000000,665.29000000,18248.20100000,12211356.18529000
1778904000000,665.29000000,665.29000000,656.20000000,660.68000000,40063.38700000,26500504.27862000
1778918400000,660.68000000,661.97000000,650.70000000,654.28000000,38491.71200000,25222137.11744000
1778932800000,654.28000000,658.00000000,651.10000000,655.20000000,19256.18300000,12587451.69357000
1778947200000,655.19000000,658.34000000,654.92000000,656.16000000,8832.53500000,5797494.23867000
1778961600000,656.16000000,657.62000000,655.73000000,656.20000000,4886.31800000,3208918.35825000
1778976000000,656.20000000,657.28000000,650.00000000,652.77000000,18338.03300000,11967054.15071000
1778990400000,652.77000000,656.35000000,652.41000000,655.31000000,9915.35500000,6494971.96970000
1779004800000,655.31000000,655.45000000,650.00000000,655.07000000,20093.40600000,13125356.00368000
1779019200000,655.07000000,657.51000000,650.57000000,652.40000000,14463.27800000,9454825.71764000
1779033600000,652.41000000,656.35000000,650.22000000,656.04000000,8126.49800000,5302064.78584000
1779048000000,656.04000000,657.60000000,640.01000000,649.48000000,24875.38200000,16131188.69513000
1779062400000,649.48000000,649.70000000,642.13000000,643.44000000,24070.12000000,15535543.04395000
1779076800000,643.44000000,644.58000000,637.54000000,641.85000000,22109.04600000,14177872.66182000
1779091200000,641.86000000,643.69000000,637.54000000,641.75000000,16265.50400000,10405890.00098000
1779105600000,641.75000000,645.54000000,634.30000000,637.03000000,28798.72900000,18406265.41249000
1779120000000,637.04000000,644.92000000,635.74000000,644.78000000,25412.85800000,16264893.52602000
1779134400000,644.79000000,646.40000000,641.89000000,643.53000000,9524.96300000,6140128.05525000
1779148800000,643.53000000,647.19000000,641.17000000,642.88000000,15081.76600000,9710767.87626000
1779163200000,642.87000000,646.34000000,640.95000000,645.93000000,12878.76500000,8293248.02503000
1779177600000,645.93000000,646.02000000,637.98000000,639.88000000,18231.51600000,11686823.65084000
1779192000000,639.87000000,642.05000000,636.10000000,638.73000000,22154.50500000,14167759.63044000
1779206400000,638.74000000,641.88000000,637.87000000,639.99000000,6959.28900000,4453957.44565000
1779220800000,639.98000000,641.66000000,637.87000000,640.02000000,5648.09600000,3614551.15866000
1779235200000,640.03000000,640.95000000,637.52000000,640.12000000,10998.41000000,7030215.23416000
1779249600000,640.13000000,645.00000000,638.38000000,643.41000000,17026.81500000,10935327.01484000
1779264000000,643.41000000,645.31000000,642.30000000,643.33000000,10929.18400000,7040469.24487000
1779278400000,643.33000000,649.97000000,641.34000000,648.80000000,21178.26500000,13687256.62599000
1779292800000,648.81000000,651.19000000,646.01000000,650.57000000,12072.63300000,7838846.74150000
1779307200000,650.56000000,651.77000000,647.17000000,649.50000000,10737.34600000,6975924.30648000
1779321600000,649.50000000,656.00000000,649.31000000,654.81000000,16426.82600000,10736729.69666000
1779336000000,654.81000000,655.33000000,650.13000000,652.93000000,15174.30500000,9905883.25682000
1779350400000,652.93000000,656.00000000,647.36000000,647.77000000,16397.07900000,10688586.80755000
1779364800000,647.78000000,653.08000000,646.33000000,652.39000000,22284.15800000,14479565.50162000
1779379200000,652.39000000,659.82000000,650.23000000,657.87000000,25349.23600000,16637940.55490000
1779393600000,657.88000000,659.00000000,656.11000000,658.58000000,7424.07400000,4883608.23128000
1779408000000,658.58000000,661.42000000,656.14000000,659.61000000,19957.92700000,13158413.94965000
1779422400000,659.62000000,660.59000000,655.48000000,659.49000000,19045.97900000,12535631.09282000
1779436800000,659.49000000,661.10000000,654.79000000,657.94000000,19420.35100000,12768331.44887000
1779451200000,657.95000000,664.20000000,656.45000000,658.51000000,27640.76000000,18248197.91471000
1779465600000,658.51000000,661.58000000,648.31000000,652.48000000,26896.90100000,17618993.28672000
1779480000000,652.48000000,654.03000000,648.70000000,650.44000000,10945.70200000,7138142.22230000
1779494400000,650.45000000,653.00000000,648.07000000,652.34000000,12861.48500000,8367322.61034000
1779508800000,652.33000000,652.78000000,635.29000000,636.76000000,29959.11800000,19299202.96877000
1779523200000,636.76000000,641.27000000,635.64000000,640.22000000,19254.32200000,12309359.62364000
1779537600000,640.23000000,648.80000000,639.28000000,647.49000000,16104.11300000,10376853.22544000
1779552000000,647.49000000,653.17000000,646.27000000,652.34000000,10922.06400000,7095821.00207000
1779566400000,652.34000000,663.93000000,651.73000000,656.26000000,23908.53600000,15730185.06013000
1779580800000,656.26000000,658.91000000,655.47000000,657.14000000,10230.95500000,6724120.83475000
1779595200000,657.14000000,658.05000000,654.01000000,656.64000000,11489.94700000,7534324.57811000
1779609600000,656.64000000,662.60000000,656.22000000,661.27000000,17094.83900000,11282609.69798000
1779624000000,661.27000000,661.31000000,652.07000000,655.51000000,17644.88300000,11597783.63118000
1779638400000,655.54000000,657.71000000,655.00000000,656.16000000,6343.87300000,4163150.14021000
1779652800000,656.16000000,657.65000000,649.68000000,656.57000000,10863.68000000,7106860.43139000
1779667200000,656.58000000,659.98000000,655.76000000,657.07000000,8956.67100000,5893079.95467000
1779681600000,657.08000000,661.98000000,656.40000000,661.92000000,13397.80300000,8846581.81057000
1779696000000,661.92000000,663.38000000,660.86000000,662.25000000,14597.30100000,9660876.60339000
1779710400000,662.25000000,673.07000000,662.13000000,667.78000000,43130.12600000,28872984.61361000
1779724800000,667.78000000,668.25000000,660.87000000,662.37000000,20332.90300000,13488174.96766000
1779739200000,662.37000000,663.29000000,660.38000000,663.15000000,13829.94900000,9155526.45377000
1779753600000,663.15000000,663.75000000,656.04000000,658.05000000,28996.12600000,19122728.54320000
1779768000000,658.06000000,659.82000000,655.34000000,657.73000000,20163.73300000,13265674.87095000
1779782400000,657.73000000,664.60000000,656.30000000,662.48000000,16752.20200000,11056241.67281000
1779796800000,662.48000000,668.01000000,657.28000000,660.28000000,33101.37000000,21930127.73758000
1779811200000,660.29000000,661.05000000,653.45000000,657.20000000,15961.21900000,10497386.40793000
1779825600000,657.21000000,657.85000000,655.14000000,656.43000000,7358.63200000,4832575.60634000
1779840000000,656.43000000,659.11000000,654.00000000,654.38000000,11603.96000000,7618411.47706000
1779854400000,654.39000000,654.71000000,650.75000000,653.50000000,22097.63200000,14426041.55575000
1779868800000,653.47000000,655.77000000,652.31000000,653.84000000,14860.91000000,9721411.41888000
1779883200000,653.85000000,658.27000000,650.14000000,657.66000000,22805.92800000,14924051.24229000
1779897600000,657.67000000,659.90000000,650.27000000,653.39000000,11901.79900000,7784274.47574000
1779912000000,653.40000000,654.97000000,646.57000000,648.84000000,18467.36500000,12011769.92791000
1779926400000,648.83000000,649.38000000,636.76000000,637.81000000,27180.92600000,17468478.02592000
1779940800000,637.81000000,637.91000000,631.47000000,634.98000000,37611.48000000,23880569.15447000
1779955200000,634.99000000,635.36000000,631.35000000,632.90000000,22590.24200000,14311754.55368000
1779969600000,632.90000000,636.66000000,628.22000000,634.79000000,29623.06400000,18737290.62517000
1779984000000,634.79000000,642.59000000,633.45000000,639.71000000,18517.01800000,11840229.75105000
1779998400000,639.72000000,642.53000000,637.56000000,638.24000000,9734.95500000,6230230.09451000
1780012800000,638.23000000,639.47000000,633.79000000,635.61000000,10817.03700000,6887195.94049000
1780027200000,635.60000000,639.49000000,634.56000000,637.04000000,18566.22500000,11829847.99697000
1780041600000,637.04000000,641.19000000,635.25000000,637.14000000,16834.76000000,10755593.53752000
1780056000000,637.14000000,643.04000000,630.86000000,639.74000000,34656.09100000,22069474.26995000
1780070400000,639.75000000,645.00000000,638.16000000,641.45000000,25151.91600000,16150375.05887000
1780084800000,641.46000000,643.87000000,641.36000000,643.10000000,9229.23400000,5929729.00629000
1780099200000,643.11000000,661.01000000,642.66000000,658.19000000,60112.76000000,39283338.71941000
1780113600000,658.20000000,674.25000000,656.52000000,672.92000000,57378.15800000,38213525.53452000
1780128000000,672.93000000,677.34000000,669.50000000,673.82000000,40748.45900000,27420069.94771000
1780142400000,673.82000000,695.00000000,671.11000000,694.53000000,82839.84700000,56733221.97600000
1780156800000,694.53000000,724.56000000,694.40000000,721.12000000,194021.80400000,138051412.62055000
1780171200000,721.13000000,729.00000000,707.31000000,718.74000000,131279.93800000,94442500.23627000
1780185600000,718.74000000,745.74000000,718.74000000,740.03000000,113699.45000000,83402549.11263000
1780200000000,740.02000000,742.28000000,716.67000000,719.71000000,84743.27600000,61950596.93800000
1780214400000,719.71000000,725.44000000,717.56000000,722.89000000,44018.57900000,31788036.01323000
1780228800000,722.89000000,733.80000000,718.36000000,720.84000000,53174.30300000,38544546.05078000
1780243200000,720.84000000,722.00000000,703.00000000,708.55000000,57418.86500000,40831430.67046000
1780257600000,708.55000000,714.83000000,706.26000000,710.55000000,27111.25900000,19259454.59374000
1780272000000,710.54000000,717.32000000,693.05000000,703.65000000,111698.75100000,78802741.97623000
1780286400000,703.65000000,705.57000000,684.72000000,686.08000000,71195.39900000,49380095.03827000
1780300800000,686.08000000,729.57000000,685.25000000,697.14000000,169006.25800000,119580962.07926000
1780315200000,697.14000000,698.38000000,674.51000000,677.58000000,95175.97300000,65229022.62052000
1780329600000,677.59000000,696.33000000,674.07000000,696.15000000,50083.58300000,34432113.15347000
1780344000000,696.14000000,701.73000000,688.42000000,693.10000000,36182.56200000,25115560.47253000
1780358400000,693.10000000,695.51000000,681.18000000,693.68000000,37983.09800000,26169960.09355000
1780372800000,693.68000000,694.24000000,680.47000000,681.84000000,33244.69800000,22784257.71955000
1780387200000,681.84000000,685.57000000,675.58000000,678.13000000,37164.18600000,25241684.77337000
1780401600000,678.13000000,680.21000000,658.00000000,663.13000000,92326.05600000,61892439.32621000
1780416000000,663.14000000,671.50000000,652.36000000,660.31000000,50956.30400000,33810542.78221000
1780430400000,660.31000000,663.45000000,642.47000000,650.69000000,58462.99800000,38158331.42339000
1780444800000,650.70000000,657.51000000,630.35000000,633.99000000,76370.11100000,49298838.54112000
1780459200000,633.97000000,646.78000000,632.81000000,644.10000000,52117.06600000,33385621.65017000
1780473600000,644.10000000,646.06000000,637.04000000,637.38000000,27006.02000000,17341049.92063000
1780488000000,637.38000000,639.31000000,630.05000000,632.99000000,42293.22700000,26833055.05152000
1780502400000,633.00000000,633.60000000,620.00000000,622.77000000,46595.81000000,29148712.17053000
1780516800000,622.77000000,630.00000000,616.21000000,620.63000000,56531.20900000,35303004.97829000
1780531200000,620.63000000,624.57000000,590.46000000,618.99000000,132041.73300000,80177720.47382000
1780545600000,618.99000000,621.36000000,599.22000000,600.20000000,114683.13200000,69452903.76332000
1780560000000,600.20000000,603.70000000,588.10000000,595.30000000,58774.04400000,34928065.99687000
1780574400000,595.31000000,609.50000000,593.94000000,606.40000000,50585.26300000,30501594.21997000
1780588800000,606.40000000,610.35000000,599.31000000,606.35000000,25343.14000000,15343997.38703000
1780603200000,606.35000000,607.59000000,597.99000000,604.53000000,20004.45300000,12045559.10679000
1780617600000,604.50000000,608.00000000,591.40000000,595.76000000,42115.95400000,25198102.60247000
1780632000000,595.76000000,602.85000000,570.61000000,593.26000000,123442.60900000,72161283.29492000
1780646400000,593.26000000,597.00000000,585.60000000,590.11000000,39184.15100000,23171371.01771000
1780660800000,590.12000000,596.27000000,574.66000000,578.75000000,87171.07600000,51005063.55537000
1780675200000,578.75000000,583.00000000,556.46000000,567.33000000,177520.69300000,101381506.34842000
1780689600000,567.28000000,579.40000000,563.19000000,572.22000000,65403.55200000,37614945.92409000
1780704000000,572.17000000,579.70000000,570.60000000,573.13000000,60477.62100000,34855403.84669000
1780718400000,573.13000000,581.58000000,559.68000000,579.06000000,72844.76200000,41675122.74698000
1780732800000,579.06000000,584.43000000,571.05000000,574.06000000,38599.48000000,22241774.58256000
1780747200000,574.07000000,577.40000000,571.04000000,575.86000000,23850.11700000,13714726.59608000
1780761600000,575.86000000,577.66000000,571.25000000,573.73000000,17426.36000000,10007043.02781000
1780776000000,573.74000000,576.86000000,570.93000000,574.53000000,12992.18300000,7457252.31347000
1780790400000,574.54000000,581.64000000,573.60000000,581.10000000,35970.00300000,20790866.09568000
1780804800000,581.09000000,590.00000000,578.00000000,589.67000000,40069.65600000,23462316.61378000
1780819200000,589.67000000,599.00000000,587.45000000,593.38000000,35811.98300000,21242654.48866000
1780833600000,593.37000000,593.99000000,585.73000000,591.52000000,28623.87200000,16876514.03647000
1780848000000,591.53000000,597.65000000,586.70000000,588.62000000,17718.22400000,10501746.54685000
1780862400000,588.64000000,610.54000000,587.80000000,604.44000000,34650.62400000,20864283.60294000
1780876800000,604.44000000,608.39000000,599.00000000,603.35000000,18647.70200000,11259190.29586000
1780891200000,603.36000000,603.70000000,591.55000000,596.39000000,24931.83700000,14863350.74203000
1780905600000,596.40000000,604.39000000,593.43000000,602.29000000,22250.79400000,13314687.43794000
1780920000000,602.29000000,606.28000000,597.86000000,604.20000000,29961.76000000,18035476.05662000
1780934400000,604.21000000,609.98000000,602.38000000,607.66000000,15682.80500000,9515650.00470000
1780948800000,607.67000000,610.44000000,601.09000000,601.86000000,10000.60800000,6062429.97848000
1780963200000,601.86000000,602.92000000,593.10000000,599.14000000,22077.22600000,13187310.84150000
1780977600000,599.14000000,605.68000000,596.50000000,604.23000000,19897.60300000,11996454.51089000
1780992000000,604.24000000,604.58000000,596.22000000,596.94000000,18689.71300000,11213559.45381000
1781006400000,596.93000000,599.68000000,584.63000000,586.91000000,38534.51700000,22807650.87116000
1781020800000,586.91000000,596.97000000,583.84000000,596.76000000,23870.54200000,14087414.07973000
1781035200000,596.76000000,598.62000000,590.90000000,593.44000000,11567.12400000,6877681.69330000
1781049600000,593.44000000,594.83000000,586.48000000,587.87000000,14257.24800000,8418819.70228000
1781064000000,587.88000000,589.46000000,583.58000000,588.63000000,20276.40300000,11885072.26562000
1781078400000,588.63000000,588.64000000,580.68000000,583.00000000,18632.50500000,10880381.76632000
1781092800000,583.01000000,598.52000000,582.40000000,596.90000000,30496.20600000,18055775.58151000
1781107200000,596.90000000,597.16000000,587.05000000,588.06000000,16615.59300000,9820365.25295000
1781121600000,588.05000000,589.22000000,582.10000000,586.53000000,14568.04700000,8529835.81823000
1781136000000,586.51000000,597.75000000,586.51000000,596.43000000,16955.08900000,10047328.16894000
1781150400000,596.43000000,598.26000000,593.72000000,598.21000000,15849.42500000,9439982.66027000
1781164800000,598.21000000,603.77000000,598.15000000,600.63000000,26205.76000000,15742133.71295000
1781179200000,600.64000000,602.99000000,597.20000000,598.48000000,19499.66500000,11690430.78010000
1781193600000,598.48000000,607.33000000,596.03000000,604.46000000,25300.89000000,15236291.86534000
1781208000000,604.44000000,606.32000000,600.80000000,605.76000000,11995.10000000,7241376.43883000
1781222400000,605.77000000,606.15000000,601.22000000,602.24000000,14102.35100000,8514116.01766000
1781236800000,602.24000000,604.90000000,596.58000000,599.82000000,16773.89900000,10072580.26174000
1781251200000,599.83000000,608.68000000,599.78000000,606.65000000,18563.74500000,11246741.24136000
1781265600000,606.64000000,613.39000000,603.48000000,605.34000000,35491.90900000,21588473.85468000
1781280000000,605.34000000,609.47000000,602.74000000,603.45000000,12870.55400000,7807786.05737000
1781294400000,603.46000000,604.61000000,602.11000000,603.83000000,7533.86900000,4546203.11400000
1781308800000,603.84000000,606.27000000,599.33000000,600.37000000,18441.86500000,11120368.10513000
1781323200000,600.37000000,604.00000000,599.48000000,603.27000000,13314.85400000,8003822.27583000
1781337600000,603.28000000,607.49000000,602.72000000,606.67000000,11740.27000000,7097229.27127000
1781352000000,606.67000000,611.08000000,606.16000000,610.37000000,16949.94000000,10318318.69161000
1781366400000,610.38000000,610.49000000,606.69000000,608.48000000,6493.41200000,3950348.50631000
1781380800000,608.49000000,612.33000000,607.68000000,609.65000000,6550.81200000,3992914.60483000
1781395200000,609.66000000,611.01000000,608.51000000,610.04000000,8456.31200000,5154889.07928000
1781409600000,610.04000000,612.10000000,608.00000000,610.31000000,12185.81600000,7432108.14077000
1781424000000,610.32000000,613.03000000,609.73000000,612.26000000,14418.80100000,8819577.87080000
1781438400000,612.26000000,612.50000000,605.34000000,608.15000000,31305.25500000,19083851.03035000
1781452800000,608.16000000,608.76000000,602.88000000,603.28000000,17393.16100000,10530284.84771000
1781467200000,603.27000000,617.24000000,602.79000000,616.79000000,38268.26600000,23449907.64694000
1781481600000,616.79000000,618.30000000,612.66000000,617.83000000,16560.18600000,10198261.35263000
1781496000000,617.84000000,619.00000000,615.49000000,615.58000000,18298.76700000,11291631.77650000
1781510400000,615.59000000,622.88000000,612.74000000,620.65000000,26092.28100000,16130110.41456000
1781524800000,620.65000000,632.90000000,619.34000000,629.07000000,69558.57800000,43598136.41805000
1781539200000,629.07000000,629.68000000,618.69000000,620.91000000,25852.82800000,16157813.30751000
1781553600000,620.91000000,621.77000000,615.30000000,617.87000000,14175.00200000,8763451.25750000
1781568000000,617.87000000,619.13000000,611.10000000,615.06000000,22140.71800000,13608102.65445000
1781582400000,615.07000000,619.21000000,611.80000000,615.77000000,34385.89100000,21165276.87165000
1781596800000,615.77000000,619.50000000,613.30000000,614.28000000,29635.77900000,18247750.30075000
1781611200000,614.29000000,617.94000000,601.33000000,606.47000000,74075.34000000,45061237.83934000
1781625600000,606.48000000,610.76000000,604.01000000,607.05000000,18479.79300000,11207849.96723000
1781640000000,607.06000000,608.93000000,604.56000000,604.94000000,13471.89600000,8171987.94276000
1781654400000,604.94000000,608.40000000,603.10000000,604.77000000,16400.81300000,9931202.53833000
1781668800000,604.78000000,609.70000000,604.30000000,606.62000000,21872.10800000,13279878.26622000
1781683200000,606.63000000,606.69000000,600.90000000,604.07000000,22298.71200000,13445128.69844000
1781697600000,604.07000000,612.50000000,601.01000000,605.55000000,58015.47500000,35194320.10075000
1781712000000,605.56000000,609.75000000,597.03000000,598.62000000,36748.91000000,22195545.90985000
1781726400000,598.60000000,602.29000000,595.11000000,601.63000000,14048.17100000,8419847.16352000
1781740800000,601.63000000,604.31000000,596.25000000,596.60000000,17644.62100000,10599100.71534000
1781755200000,596.60000000,597.04000000,587.38000000,589.57000000,36450.08600000,21512505.05563000
1781769600000,589.56000000,592.80000000,588.49000000,589.64000000,13085.22500000,7726330.87206000
1781784000000,589.64000000,592.50000000,573.00000000,573.74000000,44152.81600000,25765587.85795000
1781798400000,573.75000000,579.83000000,573.48000000,578.88000000,27437.11000000,15822921.94199000
1781812800000,578.88000000,581.12000000,576.94000000,578.48000000,12798.95400000,7412784.84417000
1781827200000,578.48000000,583.29000000,575.90000000,578.19000000,14688.52100000,8514697.85436000
1781841600000,578.19000000,578.89000000,570.82000000,574.97000000,21351.89500000,12262234.33272000
1781856000000,574.97000000,575.28000000,571.00000000,573.28000000,17210.05500000,9858678.95587000
1781870400000,573.29000000,579.73000000,572.12000000,578.77000000,21356.00300000,12307900.64958000
1781884800000,578.77000000,582.00000000,577.20000000,579.93000000,9629.80000000,5577422.55305000
1781899200000,579.94000000,582.47000000,578.97000000,581.42000000,10106.91700000,5868552.90265000
1781913600000,581.41000000,582.75000000,580.12000000,580.60000000,15325.00400000,8906701.24992000
1781928000000,580.60000000,589.43000000,580.24000000,587.69000000,24665.48800000,14401689.12675000
1781942400000,587.70000000,588.30000000,585.38000000,586.38000000,14244.61000000,8356896.98090000
1781956800000,586.37000000,589.00000000,582.00000000,587.20000000,18233.10600000,10675727.48620000
1781971200000,587.21000000,587.40000000,584.00000000,585.92000000,6243.84500000,3659117.10389000
1781985600000,585.92000000,588.50000000,585.00000000,588.03000000,5828.11700000,3421723.39830000
1782000000000,588.03000000,591.00000000,587.00000000,590.36000000,10367.99300000,6108324.18705000
1782014400000,590.37000000,591.83000000,588.81000000,590.94000000,9427.15000000,5563922.41170000
1782028800000,590.94000000,591.78000000,587.51000000,588.45000000,10602.73000000,6248407.67037000
1782043200000,588.44000000,590.50000000,585.15000000,589.88000000,15171.08700000,8913298.27836000
1782057600000,589.88000000,592.56000000,588.58000000,591.85000000,6882.84700000,4065871.10264000
1782072000000,591.85000000,591.89000000,583.60000000,584.23000000,10909.44500000,6401803.57679000
1782086400000,584.23000000,596.31000000,584.07000000,590.05000000,22605.86800000,13383116.73369000
1782100800000,590.05000000,595.03000000,589.31000000,593.96000000,14871.49700000,8806694.73323000
1782115200000,593.97000000,598.00000000,591.23000000,597.17000000,14406.13400000,8559327.93444000
1782129600000,597.17000000,602.31000000,595.50000000,596.25000000,30488.83500000,18261455.76754000
1782144000000,596.25000000,597.00000000,590.23000000,592.29000000,14208.17500000,8436204.20195000
1782158400000,592.29000000,593.15000000,587.88000000,590.15000000,8851.12100000,5226201.97175000
1782172800000,590.14000000,592.83000000,588.03000000,591.96000000,11648.44200000,6883520.89238000
1782187200000,591.97000000,592.31000000,577.46000000,580.88000000,20251.57400000,11808721.72500000
1782201600000,580.87000000,581.43000000,570.57000000,574.07000000,38951.07400000,22350338.34525000
1782216000000,574.07000000,577.02000000,571.21000000,574.67000000,19540.57200000,11216956.84740000
1782230400000,574.67000000,577.25000000,572.70000000,576.20000000,11412.80900000,6561415.37735000
1782244800000,576.20000000,579.24000000,575.51000000,578.08000000,7050.41100000,4069237.09120000
1782259200000,578.09000000,581.63000000,575.38000000,577.85000000,8595.40100000,4976133.46930000
1782273600000,577.85000000,581.40000000,574.24000000,576.92000000,8601.19600000,4972056.71182000
1782288000000,576.93000000,582.21000000,573.84000000,579.79000000,13848.58600000,7988803.84953000
1782302400000,579.79000000,580.33000000,561.02000000,561.41000000,43424.31800000,24742947.46776000
1782316800000,561.40000000,563.79000000,546.60000000,555.57000000,63588.38400000,35244191.91033000
1782331200000,555.57000000,566.26000000,554.67000000,564.67000000,22850.11300000,12854189.45226000
1782345600000,564.66000000,567.11000000,563.09000000,565.79000000,11715.36400000,6624688.13387000
1782360000000,565.78000000,572.72000000,563.79000000,570.47000000,20231.28100000,11528988.35071000
1782374400000,570.47000000,570.61000000,560.46000000,562.70000000,21541.01700000,12203306.36487000
1782388800000,562.71000000,568.58000000,540.60000000,554.04000000,76637.13700000,42418705.02790000
1782403200000,554.04000000,560.24000000,552.46000000,554.27000000,15920.68600000,8852058.07255000
1782417600000,554.28000000,563.00000000,554.27000000,560.62000000,10222.43100000,5716482.82510000
1782432000000,560.63000000,564.98000000,550.37000000,562.99000000,39254.64500000,21901924.73238000
1782446400000,562.99000000,570.34000000,559.04000000,569.48000000,30702.13400000,17310260.20500000
1782460800000,569.49000000,569.96000000,558.82000000,558.99000000,36766.36700000,20781716.91284000
1782475200000,558.99000000,567.20000000,551.92000000,565.28000000,50625.07400000,28364210.69614000
1782489600000,565.28000000,568.98000000,562.77000000,565.82000000,20166.20100000,11428372.38922000
1782504000000,565.85000000,568.68000000,564.46000000,567.64000000,8688.98600000,4927332.04881000
1782518400000,567.65000000,568.66000000,565.23000000,566.96000000,10668.18800000,6048811.89674000
1782532800000,566.96000000,567.95000000,563.93000000,565.53000000,15786.08300000,8928712.97919000
1782547200000,565.53000000,565.72000000,562.53000000,563.16000000,13208.03500000,7455199.26166000
1782561600000,563.16000000,567.04000000,562.47000000,565.46000000,15042.78100000,8495794.60142000
1782576000000,565.47000000,566.76000000,557.95000000,559.12000000,12143.07300000,6839101.06047000
1782590400000,559.11000000,563.28000000,554.53000000,557.20000000,14563.75000000,8136467.01087000
1782604800000,557.19000000,558.85000000,556.46000000,558.74000000,5867.26200000,3273136.44446000
1782619200000,558.74000000,558.74000000,554.03000000,556.45000000,8767.07800000,4874101.70997000
1782633600000,556.46000000,558.89000000,554.35000000,557.29000000,14771.85600000,8219506.91810000
1782648000000,557.29000000,558.00000000,553.80000000,554.55000000,11020.55200000,6122670.69038000
1782662400000,554.56000000,554.84000000,547.23000000,548.45000000,17304.20100000,9535416.66698000
1782676800000,548.44000000,555.28000000,545.62000000,551.07000000,19136.90800000,10539759.31610000
1782691200000,551.07000000,556.69000000,546.67000000,555.19000000,12917.62800000,7135251.61725000
1782705600000,555.20000000,555.53000000,548.37000000,553.60000000,14356.21100000,7935266.63964000
1782720000000,553.60000000,555.78000000,550.51000000,551.87000000,16456.67200000,9106270.70981000
1782734400000,551.86000000,558.42000000,546.17000000,551.97000000,26768.62100000,14768567.02445000
1782748800000,551.97000000,563.16000000,550.34000000,561.78000000,28961.63400000,16174794.78117000
1782763200000,561.78000000,562.21000000,559.28000000,559.52000000,6333.35800000,3550715.64037000
1782777600000,559.51000000,560.40000000,553.76000000,553.77000000,13683.89300000,7609104.75642000
1782792000000,553.76000000,554.73000000,551.62000000,552.42000000,13039.72400000,7209771.23017000
1782806400000,552.42000000,553.06000000,547.00000000,547.70000000,23300.55700000,12809442.75683000
1782820800000,547.71000000,551.56000000,543.68000000,544.96000000,31849.99900000,17400481.54459000
1782835200000,544.96000000,548.66000000,544.86000000,547.40000000,12738.72800000,6962987.66170000
1782849600000,547.38000000,547.70000000,544.13000000,546.52000000,11702.61900000,6384423.58161000
1782864000000,546.52000000,552.83000000,540.00000000,551.52000000,26274.24100000,14375570.52557000
1782878400000,551.52000000,552.65000000,545.08000000,546.89000000,15985.38100000,8778185.56018000
1782892800000,546.88000000,547.69000000,537.25000000,542.64000000,34363.08800000,18657551.25688000
1782907200000,542.64000000,555.68000000,541.32000000,554.36000000,44000.34100000,24134129.39057000
1782921600000,554.36000000,554.96000000,550.15000000,551.25000000,25310.10300000,13982888.94268000
1782936000000,551.26000000,559.55000000,550.03000000,550.44000000,16140.01800000,8954804.25163000
1782950400000,550.45000000,561.19000000,546.21000000,556.94000000,23289.30100000,12891799.44893000
1782964800000,556.93000000,556.93000000,548.74000000,549.40000000,20760.49800000,11464121.18435000
1782979200000,549.40000000,561.73000000,549.25000000,559.93000000,35061.15200000,19501679.56753000
1782993600000,559.94000000,567.17000000,559.14000000,562.54000000,49231.81800000,27733802.05210000
1783008000000,562.54000000,564.16000000,558.00000000,558.14000000,14749.84800000,8274164.23391000
1783022400000,558.14000000,559.60000000,556.16000000,558.96000000,9224.19700000,5144256.01047000
1783036800000,558.95000000,562.12000000,556.99000000,561.03000000,12219.00600000,6843018.74447000
1783051200000,561.03000000,563.97000000,560.04000000,561.69000000,12372.85900000,6952940.37855000
1783065600000,561.68000000,567.58000000,561.34000000,566.77000000,26349.25100000,14874725.14794000
1783080000000,566.78000000,568.45000000,563.23000000,565.65000000,24888.36600000,14082956.94130000
1783094400000,565.66000000,571.50000000,564.60000000,569.69000000,14527.06600000,8251810.92245000
1783108800000,569.69000000,575.21000000,569.51000000,573.81000000,14302.44300000,8195697.40060000
1783123200000,573.81000000,575.71000000,570.93000000,572.23000000,12691.29600000,7269222.31883000
1783137600000,572.23000000,573.36000000,568.70000000,569.70000000,19349.76400000,11042125.43654000
1783152000000,569.71000000,576.24000000,569.21000000,571.91000000,19981.25700000,11443019.67668000
1783166400000,571.91000000,578.23000000,571.90000000,576.74000000,18379.00300000,10575962.57103000
1783180800000,576.74000000,578.82000000,574.46000000,575.52000000,14055.01800000,8102746.02734000
1783195200000,575.52000000,578.27000000,572.57000000,575.37000000,12257.79600000,7049499.86676000
1783209600000,575.38000000,575.43000000,568.19000000,570.44000000,13791.61700000,7879588.73389000
1783224000000,570.44000000,575.83000000,569.88000000,575.64000000,15559.30200000,8896469.02050000
1783238400000,575.65000000,579.00000000,572.48000000,577.05000000,26110.95300000,15047220.66726000
1783252800000,577.06000000,589.85000000,576.19000000,587.34000000,39665.87900000,23232302.49130000
1783267200000,587.34000000,591.80000000,583.49000000,589.45000000,20577.93500000,12094193.39987000
1783281600000,589.44000000,593.47000000,585.84000000,589.87000000,17131.14800000,10107932.87244000
1783296000000,589.88000000,593.10000000,582.67000000,585.41000000,21655.06200000,12725267.19330000
1783310400000,585.41000000,585.68000000,581.03000000,582.08000000,16865.24200000,9830074.27257000
1783324800000,582.07000000,582.90000000,576.10000000,577.81000000,19097.25600000,11072254.13331000
1783339200000,577.81000000,585.00000000,570.12000000,584.74000000,45128.13600000,25996234.04283000
1783353600000,584.75000000,586.71000000,582.85000000,585.15000000,22209.49400000,12985693.11245000
1783368000000,585.15000000,592.10000000,583.55000000,586.01000000,15850.30500000,9322287.07724000
1783382400000,586.02000000,587.92000000,578.22000000,579.18000000,13612.04100000,7936238.98833000
1783396800000,579.18000000,580.79000000,576.39000000,578.33000000,14327.81300000,8296701.39013000
1783411200000,578.32000000,580.40000000,576.52000000,580.23000000,13786.31900000,7972991.58626000
1783425600000,580.23000000,585.61000000,575.28000000,584.74000000,22126.99200000,12844907.15105000
1783440000000,584.73000000,587.16000000,580.01000000,583.29000000,17691.19700000,10337828.87898000
1783454400000,583.29000000,583.80000000,576.40000000,576.82000000,11524.12700000,6679823.67957000
1783468800000,576.83000000,579.00000000,567.45000000,569.05000000,22550.58100000,12907934.95603000
1783483200000,569.06000000,570.31000000,565.23000000,567.94000000,15467.47400000,8780098.82395000
1783497600000,567.94000000,568.78000000,560.40000000,566.13000000,24124.94800000,13592609.84404000
1783512000000,566.14000000,567.38000000,560.94000000,562.36000000,17574.95100000,9917611.40391000
1783526400000,562.36000000,567.87000000,561.64000000,566.94000000,12328.24300000,6968421.09667000
1783540800000,566.95000000,568.98000000,564.77000000,568.66000000,7370.79100000,4179654.56002000
1783555200000,568.66000000,572.81000000,565.48000000,568.26000000,11207.01800000,6372454.44840000
1783569600000,568.26000000,577.15000000,567.66000000,572.74000000,19793.43700000,11337245.05357000
1783584000000,572.74000000,573.52000000,568.93000000,569.77000000,24040.65100000,13743213.88996000
1783598400000,569.77000000,573.00000000,568.07000000,571.03000000,15050.39900000,8581485.61877000
1783612800000,571.02000000,573.67000000,569.30000000,570.26000000,9539.49100000,5449538.98241000
1783627200000,570.26000000,571.21000000,568.62000000,568.72000000,5990.61300000,3414401.45535000
1783641600000,568.73000000,576.69000000,568.02000000,575.52000000,17703.90600000,10166133.91159000
1783656000000,575.52000000,578.14000000,573.86000000,574.00000000,20552.97400000,11843374.71615000
1783670400000,574.00000000,577.66000000,573.93000000,575.59000000,17829.91800000,10272244.28083000
1783684800000,575.60000000,577.00000000,569.63000000,573.86000000,16217.65600000,9308208.12232000
1783699200000,573.86000000,578.31000000,573.86000000,575.99000000,10097.02300000,5815002.20046000
1783713600000,575.99000000,577.01000000,574.69000000,575.43000000,5104.89700000,2939746.59114000
1783728000000,575.44000000,576.07000000,573.06000000,574.91000000,14391.70700000,8278581.42418000
1783742400000,574.92000000,577.72000000,574.31000000,576.92000000,11419.02200000,6574928.77662000
1783756800000,576.92000000,579.84000000,576.61000000,579.39000000,10306.69000000,5959690.53733000
1783771200000,579.39000000,583.01000000,577.81000000,579.86000000,17065.04300000,9915987.57819000
1783785600000,579.87000000,581.52000000,579.23000000,580.56000000,5633.81700000,3269997.73812000
1783800000000,580.57000000,582.08000000,574.65000000,574.65000000,6900.06000000,3994165.11359000
1783814400000,574.65000000,575.89000000,570.30000000,575.39000000,11376.94000000,6518213.01736000
1783828800000,575.40000000,575.89000000,570.13000000,572.37000000,11993.43600000,6866677.32421000
1783843200000,572.37000000,580.53000000,572.26000000,580.17000000,17188.49700000,9885389.50031000
1783857600000,580.18000000,584.63000000,579.36000000,581.10000000,21416.12600000,12451709.58131000
1783872000000,581.09000000,582.07000000,578.88000000,579.86000000,9564.17900000,5548216.17207000
1783886400000,579.87000000,579.96000000,572.89000000,573.91000000,10176.87400000,5858464.44366000
1783900800000,573.91000000,579.89000000,566.67000000,569.04000000,21142.99000000,12109732.71464000
1783915200000,569.05000000,570.58000000,566.28000000,570.11000000,10869.08900000,6182047.31499000
1783929600000,570.11000000,571.10000000,568.45000000,569.66000000,12387.05300000,7059244.78382000
1783944000000,569.67000000,571.78000000,565.61000000,568.72000000,13743.31100000,7813067.72318000
1783958400000,568.72000000,568.88000000,562.37000000,566.29000000,12017.27500000,6791649.93161000
1783972800000,566.29000000,567.50000000,563.31000000,567.49000000,6565.40500000,3712705.58520000
1783987200000,567.50000000,570.57000000,566.74000000,569.98000000,11899.99200000,6773090.93984000
1784001600000,569.99000000,571.68000000,568.93000000,570.15000000,13379.08700000,7631329.14516000
1784016000000,570.16000000,571.74000000,569.14000000,570.96000000,12323.01900000,7032216.71771000
1784030400000,570.96000000,584.64000000,570.21000000,582.87000000,54190.61600000,31371023.11790000
1784044800000,582.87000000,583.41000000,579.10000000,580.64000000,19812.64400000,11507429.31454000
1784059200000,580.65000000,582.91000000,579.27000000,581.87000000,11629.82800000,6760279.96746000
1784073600000,581.88000000,583.17000000,579.20000000,580.71000000,14805.68100000,8604843.01065000
1784088000000,580.72000000,582.28000000,576.49000000,576.49000000,20642.74300000,11953718.90987000
1784102400000,576.50000000,579.10000000,575.80000000,579.01000000,18256.09000000,10545135.51852000
1784116800000,579.02000000,585.30000000,577.22000000,581.73000000,34690.70500000,20182875.73437000
1784131200000,581.74000000,581.91000000,576.63000000,579.48000000,14929.38100000,8651575.12993000
1784145600000,579.50000000,581.97000000,579.30000000,580.55000000,9571.25700000,5559916.38450000
1784160000000,580.56000000,582.40000000,577.85000000,581.46000000,14733.76000000,8544752.76513000
1784174400000,581.47000000,585.87000000,578.88000000,579.86000000,14193.54900000,8271374.95656000
1784188800000,579.86000000,580.07000000,574.57000000,578.09000000,14502.90300000,8371415.67731000
1784203200000,578.09000000,581.21000000,575.66000000,579.48000000,15236.59900000,8817910.74044000
1784217600000,579.49000000,579.56000000,574.28000000,575.80000000,18136.93000000,10458637.40243000
1784232000000,575.81000000,577.00000000,571.69000000,572.45000000,9545.50200000,5483372.76858000
1784246400000,572.45000000,574.84000000,570.32000000,572.36000000,16940.22600000,9696428.61759000
1784260800000,572.37000000,572.74000000,566.00000000,566.00000000,20220.86000000,11511412.74015000
1784275200000,566.01000000,566.01000000,562.86000000,564.78000000,49072.51100000,27698173.16118000
1784289600000,564.78000000,565.13000000,555.59000000,562.97000000,35489.94800000,19907377.02896000
1784304000000,562.97000000,568.05000000,562.19000000,568.05000000,16221.52800000,9172098.57301000
1784318400000,568.05000000,569.16000000,566.62000000,568.09000000,4720.11800000,2680653.19758000
1784332800000,568.09000000,569.21000000,566.25000000,568.39000000,11604.09600000,6589535.40579000
1784347200000,568.39000000,568.50000000,566.39000000,567.97000000,12143.31500000,6889947.64422000
1784361600000,567.97000000,570.51000000,567.69000000,569.76000000,14232.94300000,8093798.69269000
1784376000000,569.76000000,571.87000000,568.99000000,570.86000000,10393.63500000,5927436.85181000
1784390400000,570.86000000,572.75000000,570.06000000,570.64000000,8489.26600000,4848791.56272000
1784404800000,570.65000000,572.50000000,569.66000000,570.65000000,5676.28800000,3240321.25474000
1784419200000,570.66000000,572.61000000,568.70000000,569.15000000,8270.46900000,4719529.77658000
1784433600000,569.15000000,569.68000000,567.31000000,569.04000000,8652.19300000,4921179.67509000
1784448000000,569.05000000,570.00000000,567.13000000,568.01000000,14891.71500000,8467012.31715000
1784462400000,568.01000000,570.96000000,567.00000000,570.16000000,7415.51200000,4216114.73246000
1784476800000,570.16000000,570.47000000,566.33000000,568.15000000,8389.19400000,4767848.07079000
1784491200000,568.16000000,571.75000000,568.00000000,571.06000000,7478.12000000,4266119.20122000
1784505600000,571.06000000,573.94000000,568.23000000,570.13000000,15186.27700000,8667269.40398000
1784520000000,570.13000000,570.23000000,562.97000000,566.69000000,16075.39700000,9098696.35629000
1784534400000,566.70000000,571.43000000,564.35000000,571.01000000,18476.07300000,10490527.51670000
1784548800000,571.02000000,574.60000000,565.00000000,573.91000000,23531.30800000,13404138.30178000
1784563200000,573.92000000,575.91000000,571.05000000,571.30000000,22445.64600000,12873742.86265000
1784577600000,571.30000000,572.96000000,569.86000000,571.27000000,7032.10600000,4017535.01621000
1784592000000,571.28000000,575.37000000,570.75000000,575.25000000,10311.67200000,5912452.68029000
1784606400000,575.25000000,576.96000000,573.76000000,576.85000000,20739.55500000,11936944.10760000
1784620800000,576.86000000,579.79000000,576.18000000,576.66000000,24503.79800000,14157750.98879000
1784635200000,576.67000000,578.00000000,574.48000000,575.17000000,25948.03900000,14950024.16381000
1784649600000,575.17000000,575.60000000,572.15000000,572.75000000,14654.27900000,8406002.38243000
1784664000000,572.74000000,574.16000000,571.81000000,573.95000000,6823.12100000,3909724.03234000
1784678400000,573.96000000,575.63000000,570.90000000,571.08000000,13688.74900000,7854742.83528000
1784692800000,571.07000000,572.58000000,566.89000000,568.27000000,13256.40200000,7545746.38100000
1784707200000,568.27000000,571.77000000,568.18000000,570.97000000,12655.42600000,7220801.11600000
1784721600000,570.97000000,575.25000000,569.37000000,572.50000000,19315.58700000,11045917.47646000
1784736000000,572.50000000,575.50000000,568.98000000,570.16000000,19560.71400000,11198015.70832000
1784750400000,570.16000000,572.18000000,569.38000000,571.08000000,6407.11800000,3656528.09962000
1784764800000,571.09000000,572.24000000,569.62000000,570.38000000,8551.46700000,4882051.25062000
1784779200000,570.38000000,570.64000000,568.23000000,569.82000000,8979.92600000,5116841.30634000
1784793600000,569.83000000,571.51000000,568.91000000,569.99000000,14259.18400000,8129773.38338000
1784808000000,570.00000000,570.28000000,563.71000000,567.66000000,24307.84600000,13794215.05420000
1784822400000,567.66000000,567.79000000,565.01000000,566.64000000,7681.58500000,4353724.43926000
1784836800000,566.64000000,568.80000000,566.14000000,567.41000000,6826.23700000,3873474.49087000
1784851200000,567.41000000,570.39000000,565.92000000,569.15000000,8917.35500000,5066941.08360000
1784865600000,569.15000000,571.31000000,566.81000000,569.50000000,11368.31000000,6467490.03591000
1784880000000,569.51000000,569.63000000,565.18000000,566.98000000,12890.11000000,7311908.76939000
1784894400000,566.98000000,566.99000000,556.00000000,561.41000000,37916.61100000,21258139.41211000
1784908800000,561.41000000,566.37000000,560.00000000,565.16000000,15191.12000000,8551049.22520000
1784923200000,565.17000000,565.71000000,563.60000000,564.90000000,6205.36700000,3504994.04921000
1784937600000,564.91000000,566.47000000,564.18000000,565.37000000,11198.12800000,6329386.88430000
1784952000000,565.37000000,566.15000000,563.90000000,564.81000000,7963.75200000,4500782.34987000
1784966400000,564.81000000,566.16000000,564.34000000,565.74000000,9334.43500000,5277069.29981000
1784980800000,565.75000000,569.33000000,564.98000000,567.38000000,12489.33400000,7082588.22821000
1784995200000,567.39000000,569.10000000,566.51000000,568.70000000,7520.79000000,4271421.25973000
1785009600000,568.70000000,570.00000000,568.23000000,568.94000000,4890.83600000,2783663.52523000
1785024000000,568.94000000,570.84000000,568.94000000,570.43000000,9640.65000000,5495428.69002000
1785038400000,570.44000000,572.91000000,569.93000000,571.57000000,12044.56300000,6881500.00869000
1785052800000,571.56000000,572.45000000,570.44000000,570.65000000,9566.12400000,5465483.57924000
1785067200000,570.66000000,573.99000000,570.01000000,573.79000000,15149.49600000,8664334.76388000
1785081600000,573.80000000,574.75000000,572.20000000,573.59000000,10852.99600000,6221235.66545000
1785096000000,573.59000000,576.57000000,572.80000000,575.32000000,8575.18600000,4929519.69450000
1785110400000,575.31000000,575.67000000,571.49000000,573.61000000,7659.77100000,4391338.48893000
1785124800000,573.61000000,577.20000000,573.09000000,574.76000000,9740.40400000,5599569.09944000
1785139200000,574.76000000,575.15000000,571.68000000,572.90000000,19993.18900000,11459995.44214000
1785153600000,572.90000000,576.89000000,565.80000000,568.64000000,22025.23100000,12567692.46647000
1785168000000,568.64000000,576.11000000,568.06000000,575.62000000,12177.78000000,6984732.60631000
1785182400000,575.63000000,575.77000000,565.40000000,566.28000000,8842.46500000,5038934.04506000
1785196800000,566.28000000,567.21000000,562.03000000,566.57000000,13448.51000000,7600035.58643000
1785211200000,566.58000000,566.85000000,564.60000000,565.83000000,12108.76700000,6846526.53585000
1785225600000,565.84000000,567.44000000,564.90000000,566.86000000,9263.79700000,5243594.50486000
1785240000000,566.86000000,575.66000000,563.19000000,573.30000000,30437.73800000,17323736.88458000
1785254400000,573.30000000,573.97000000,567.05000000,570.93000000,12694.08900000,7243684.90121000
1785268800000,570.93000000,572.07000000,568.29000000,571.29000000,7143.17100000,4076171.61659000
1785283200000,571.29000000,573.50000000,567.10000000,567.38000000,11991.05700000,6840078.17237000
1785297600000,567.39000000,572.13000000,566.01000000,571.90000000,9406.56100000,5356221.85459000
1785312000000,571.89000000,573.23000000,570.11000000,570.69000000,11733.06600000,6704377.91709000
1785326400000,570.70000000,570.74000000,567.40000000,568.57000000,11698.20500000,6654286.42429000
1785340800000,568.57000000,573.56000000,567.37000000,568.54000000,18677.29500000,10649643.90124000
1785355200000,568.55000000,572.56000000,565.27000000,571.99000000,9972.98000000,5672178.83379000
1785369600000,571.99000000,577.51000000,571.05000000,573.42000000,14809.73200000,8506418.03834000
1785384000000,573.42000000,576.10000000,571.56000000,574.72000000,11461.17700000,6572177.87838000
1785398400000,574.72000000,591.25000000,574.41000000,589.00000000,48181.61100000,28142122.95862000
1785412800000,589.00000000,591.00000000,585.52000000,590.99000000,29338.50100000,17249377.15884000
1785427200000,591.00000000,596.00000000,591.00000000,594.62000000,23174.89300000,13762859.31738000
1785441600000,594.62000000,595.18000000,590.78000000,591.99000000,16231.86500000,9622587.40278000
1785456000000,591.99000000,594.46000000,585.79000000,589.46000000,20096.78300000,11857275.34371000
1785470400000,589.47000000,592.92000000,588.47000000,589.76000000,22479.30800000,13273327.35596000
1785484800000,589.77000000,593.92000000,588.15000000,592.02000000,23900.80600000,14135917.51286000
1785499200000,592.02000000,595.50000000,583.99000000,585.45000000,36291.23500000,21376533.93513000
1785513600000,585.45000000,590.04000000,585.23000000,588.17000000,9032.15100000,5309856.93839000
1785528000000,588.17000000,589.00000000,586.41000000,587.01000000,6680.52000000,3925135.34459000
1785542400000,587.01000000,591.44000000,587.01000000,589.36000000,12958.81000000,7636935.15965000
1785556800000,589.35000000,592.80000000,588.79000000,590.09000000,15164.35900000,8963946.11569000
1785571200000,590.09000000,590.50000000,579.64000000,580.33000000,22030.74900000,12863949.34825000
1785585600000,580.34000000,580.53000000,576.36000000,576.47000000,22893.35000000,13250605.36106000
1785600000000,576.47000000,578.73000000,573.50000000,575.74000000,17810.93100000,10267252.87046000
1785614400000,575.74000000,576.52000000,574.85000000,575.13000000,14388.10300000,8282480.62810000
1785628800000,575.14000000,583.10000000,574.03000000,582.31000000,16555.61900000,9582776.12471000
1785643200000,582.32000000,586.15000000,582.32000000,585.49000000,20548.16400000,12017580.06864000
1785657600000,585.49000000,585.70000000,581.59000000,582.11000000,9150.75900000,5341321.63315000
1785672000000,582.11000000,587.50000000,581.20000000,586.24000000,13729.01700000,8018573.90255000
1785686400000,586.24000000,590.99000000,585.89000000,589.40000000,9126.20900000,5371127.55564000
1785700800000,589.41000000,590.86000000,587.69000000,588.46000000,8618.68500000,5076845.03676000
1785715200000,588.46000000,588.54000000,582.97000000,583.10000000,11106.48100000,6499540.25216000
1785729600000,583.11000000,584.47000000,581.75000000,583.73000000,15739.69400000,9176052.82363000
1785744000000,583.74000000,587.80000000,581.03000000,585.76000000,15489.41800000,9064063.26266000
1785758400000,585.76000000,593.69000000,584.45000000,592.54000000,25186.27300000,14827927.37267000
1785772800000,592.54000000,594.32000000,591.19000000,591.45000000,12383.34700000,7338330.21922000
1785787200000,591.45000000,592.55000000,589.05000000,589.35000000,6932.64300000,4092092.38641000
1785801600000,589.35000000,592.58000000,588.80000000,590.86000000,11449.47400000,6765827.77278000
1785816000000,590.87000000,593.09000000,589.40000000,590.61000000,9187.02800000,5427501.90872000
1785830400000,590.62000000,592.13000000,588.00000000,591.77000000,11296.27700000,6660752.99497000
1785844800000,591.78000000,594.70000000,588.70000000,593.28000000,21348.05400000,12638294.04224000
1785859200000,593.28000000,594.96000000,592.11000000,593.78000000,12994.33300000,7714271.46770000
1785873600000,593.77000000,594.78000000,592.56000000,593.18000000,5940.07400000,3526165.11125000
1785888000000,593.19000000,605.50000000,592.36000000,598.81000000,44107.47100000,26414249.57498000
1785902400000,598.82000000,602.90000000,598.00000000,600.11000000,12969.26300000,7788006.28702000
1785916800000,600.12000000,600.99000000,595.23000000,596.62000000,19247.14600000,11511212.37978000
1785931200000,596.62000000,603.71000000,596.42000000,599.88000000,24611.18900000,14766338.99566000
1785945600000,599.88000000,602.52000000,597.19000000,599.73000000,16379.63400000,9830793.35545000
1785960000000,599.73000000,600.08000000,591.79000000,593.85000000,17295.55300000,10296017.41537000
1785974400000,593.86000000,596.91000000,592.00000000,594.52000000,16136.54500000,9593019.99816000
1785988800000,594.53000000,598.32000000,594.07000000,595.35000000,12313.93100000,7336285.86361000
1786003200000,595.36000000,596.27000000,592.40000000,594.10000000,13724.07300000,8156848.49311000
1786017600000,594.10000000,594.60000000,591.14000000,592.50000000,17178.46100000,10187710.08117000
1786032000000,592.51000000,593.83000000,589.95000000,590.60000000,12192.60900000,7218797.02050000
1786046400000,590.60000000,592.74000000,590.37000000,592.39000000,4098.67900000,2425184.90607000
1786060800000,592.40000000,594.68000000,592.06000000,592.93000000,10797.82900000,6407678.20776000
1786075200000,592.94000000,592.95000000,585.30000000,585.46000000,30082.04900000,17690687.35255000
1786089600000,585.46000000,591.90000000,585.32000000,591.45000000,17421.61800000,10268000.49709000
1786104000000,591.45000000,593.45000000,590.40000000,592.31000000,24197.20800000,14328627.45081000
1786118400000,592.32000000,594.40000000,591.05000000,593.38000000,7762.23300000,4600794.34364000
1786132800000,593.38000000,593.73000000,592.22000000,592.57000000,3240.81200000,1921222.04839000
1786147200000,592.57000000,593.78000000,590.65000000,593.43000000,11285.88600000,6678727.72998000
1786161600000,593.42000000,595.15000000,592.67000000,594.52000000,10311.55800000,6126173.29403000
1786176000000,594.53000000,596.61000000,593.74000000,596.51000000,10628.55800000,6323849.50779000
1786190400000,596.51000000,612.00000000,595.42000000,605.14000000,53396.72200000,32276029.60998000
1786204800000,605.15000000,607.42000000,602.75000000,603.29000000,10137.72900000,6130563.61169000
1786219200000,603.28000000,603.29000000,599.04000000,600.66000000,8224.57400000,4943728.22127000
1786233600000,600.66000000,604.41000000,600.21000000,600.44000000,10920.08200000,6575318.36993000
1786248000000,600.44000000,603.76000000,600.35000000,603.14000000,14391.40800000,8667321.90496000
1786262400000,603.14000000,604.71000000,601.00000000,603.92000000,10867.11600000,6554989.80579000
1786276800000,603.92000000,611.55000000,603.14000000,608.53000000,24416.97600000,14845019.50062000
1786291200000,608.54000000,609.30000000,607.17000000,607.63000000,10372.36500000,6310151.49059000
1786305600000,607.63000000,611.12000000,601.86000000,602.23000000,13461.84200000,8158215.19272000
1786320000000,602.22000000,606.84000000,601.33000000,602.59000000,15403.91300000,9301426.32439000
1786334400000,602.59000000,604.90000000,601.00000000,604.04000000,11174.73300000,6741792.61662000
1786348800000,604.04000000,606.66000000,603.59000000,605.18000000,13766.99300000,8327536.30446000
1786363200000,605.19000000,605.63000000,599.64000000,601.11000000,28031.78700000,16864963.89663000
1786377600000,601.11000000,602.50000000,597.32000000,600.69000000,14116.67200000,8475402.17493000
1786392000000,600.68000000,601.54000000,598.29000000,599.23000000,5735.64200000,3440213.35747000
1786406400000,599.24000000,601.00000000,599.05000000,600.38000000,9225.75300000,5536013.00905000
1786420800000,600.38000000,602.50000000,598.46000000,602.50000000,19060.66400000,11445268.79686000
1786435200000,602.50000000,608.54000000,602.33000000,608.43000000,30562.96000000,18517758.12680000
1786449600000,608.44000000,614.98000000,605.48000000,608.49000000,42982.04200000,26249216.16066000
1786464000000,608.49000000,611.84000000,607.83000000,611.71000000,20166.69100000,12295880.53632000
1786478400000,611.71000000,617.73000000,611.28000000,616.69000000,20488.87000000,12580204.31300000
1786492800000,616.69000000,620.55000000,612.90000000,613.28000000,27072.18000000,16706014.03552000
1786507200000,613.28000000,615.81000000,609.02000000,612.29000000,23990.39400000,14692784.65498000
1786521600000,612.29000000,614.88000000,610.00000000,614.87000000,15175.37900000,9296690.11847000
1786536000000,614.87000000,615.71000000,608.83000000,610.91000000,24271.85100000,14858453.15496000
1786550400000,610.91000000,611.72000000,609.10000000,609.79000000,8769.79300000,5355002.96773000
1786564800000,609.78000000,612.27000000,608.93000000,610.44000000,6266.86400000,3826215.73622000
1786579200000,610.44000000,612.48000000,609.79000000,612.34000000,8801.70800000,5378600.25579000
1786593600000,612.35000000,614.99000000,610.83000000,613.71000000,11153.62300000,6837212.20386000
1786608000000,613.70000000,614.40000000,607.77000000,608.93000000,15918.80500000,9730373.85465000
1786622400000,608.93000000,611.64000000,606.62000000,607.60000000,16518.06700000,10069648.10695000
1786636800000,607.59000000,610.26000000,605.00000000,609.79000000,14731.96400000,8959050.70499000
1786651200000,609.79000000,611.80000000,609.54000000,610.71000000,5369.93500000,3280260.93336000
1786665600000,610.71000000,612.90000000,609.92000000,611.76000000,9196.93400000,5623719.09848000
1786680000000,611.76000000,612.65000000,607.46000000,607.47000000,9762.63800000,5949103.05055000
1786694400000,607.47000000,609.00000000,603.43000000,604.92000000,13851.68800000,8399513.22206000
1786708800000,604.93000000,607.31000000,602.98000000,606.69000000,14924.12200000,9027986.50056000
1786723200000,606.70000000,607.47000000,605.04000000,606.41000000,9045.63000000,5485581.55177000
1786737600000,606.42000000,608.39000000,606.30000000,607.96000000,6859.07600000,4164062.45120000
1786752000000,607.97000000,610.79000000,606.97000000,610.41000000,9495.15100000,5780365.94957000
1786766400000,610.42000000,612.35000000,610.17000000,611.57000000,10472.15200000,6400738.31461000
1786780800000,611.57000000,612.15000000,609.91000000,611.74000000,10907.54100000,6668181.55537000
1786795200000,611.74000000,612.85000000,608.77000000,611.65000000,13310.81800000,8128139.09573000
1786809600000,611.65000000,612.00000000,610.06000000,611.41000000,8995.86500000,5497050.90337000
1786824000000,611.41000000,611.67000000,607.50000000,607.76000000,7581.75600000,4621268.47003000
1786838400000,607.76000000,607.97000000,606.32000000,606.49000000,13035.55300000,7914850.54151000
1786852800000,606.49000000,606.59000000,604.36000000,605.63000000,12928.92200000,7831045.76349000
1786867200000,605.64000000,608.54000000,604.87000000,606.90000000,14100.95700000,8558160.50965000
1786881600000,606.90000000,608.43000000,606.77000000,607.44000000,14158.61900000,8604276.37828000
1786896000000,607.44000000,608.19000000,605.27000000,606.09000000,13428.07800000,8145973.75127000
1786910400000,606.10000000,606.10000000,601.50000000,602.98000000,12717.75900000,7679161.64090000
1786924800000,602.99000000,605.71000000,601.01000000,605.17000000,13287.00200000,8018074.34810000
1786939200000,605.17000000,607.41000000,604.83000000,605.07000000,13859.32700000,8395975.21687000
1786953600000,605.07000000,605.67000000,601.88000000,604.99000000,16477.67200000,9959230.74239000
1786968000000,604.99000000,607.86000000,603.85000000,607.16000000,16110.06400000,9758367.32639000
1786982400000,607.16000000,608.00000000,604.95000000,605.24000000,12482.76400000,7571787.95897000
1786996800000,605.25000000,606.50000000,604.37000000,605.80000000,6827.52600000,4132957.43614000
1787011200000,605.81000000,606.00000000,602.17000000,603.62000000,10906.51600000,6588306.65565000
1787025600000,603.63000000,605.20000000,602.97000000,603.33000000,11020.48000000,6653411.70660000
1787040000000,603.34000000,603.34000000,601.00000000,602.12000000,18880.33000000,11363350.33270000
1787054400000,602.13000000,604.24000000,600.00000000,603.45000000,20475.21500000,12325525.88502000
1787068800000,603.46000000,604.48000000,602.70000000,603.00000000,8210.61900000,4953460.22312000
1787083200000,603.00000000,604.20000000,602.23000000,603.94000000,6379.73200000,3847705.27718000
1787097600000,603.95000000,604.82000000,601.42000000,601.97000000,10577.78300000,6379710.89280000
1787112000000,601.97000000,602.60000000,601.39000000,601.80000000,10816.79600000,6510621.18393000
1787126400000,601.81000000,603.50000000,601.68000000,602.80000000,12780.08700000,7701903.53409000
1787140800000,602.81000000,620.18000000,602.80000000,616.65000000,74551.62100000,45683120.31592000
1787155200000,616.66000000,620.30000000,613.92000000,616.58000000,48462.14600000,29909424.20526000
1787169600000,616.59000000,636.59000000,616.24000000,627.51000000,69701.93500000,43788788.59840000
1787184000000,627.51000000,630.73000000,622.28000000,626.37000000,43279.13700000,27119970.83002000
1787198400000,626.38000000,632.71000000,624.51000000,630.44000000,27617.12200000,17332727.09598000
1787212800000,630.45000000,649.00000000,630.35000000,645.83000000,88651.01800000,56928337.11293000
1787227200000,645.82000000,652.63000000,638.21000000,652.56000000,52979.86700000,34118210.60026000
1787241600000,652.57000000,654.59000000,645.92000000,650.48000000,32462.40900000,21123115.55165000
1787256000000,650.48000000,658.30000000,650.18000000,654.80000000,18421.81500000,12057329.47737000
1787270400000,654.80000000,666.64000000,653.24000000,661.07000000,50430.20400000,33285821.31479000
1787284800000,661.08000000,673.73000000,658.59000000,669.60000000,57401.45300000,38301272.85305000
1787299200000,669.60000000,686.15000000,668.00000000,674.44000000,115475.02800000,78183572.74793000
1787313600000,674.44000000,682.00000000,673.00000000,679.11000000,46403.96700000,31470977.79780000
1787328000000,679.11000000,682.11000000,672.53000000,672.96000000,31785.28400000,21536679.75363000
1787342400000,672.96000000,692.00000000,671.77000000,687.00000000,53820.59900000,36731699.19704000
1787356800000,687.00000000,721.85000000,681.80000000,718.11000000,98908.07700000,69661550.76784000
1787371200000,718.11000000,726.08000000,683.18000000,706.06000000,163519.14900000,114903534.20684000
1787385600000,706.07000000,710.00000000,684.15000000,694.17000000,61724.17600000,42932688.98024000
1787400000000,694.18000000,698.10000000,688.33000000,688.45000000,43301.73300000,30024451.87317000
1787414400000,688.46000000,699.71000000,688.36000000,698.60000000,16158.73400000,11242326.25302000
1787428800000,698.61000000,700.36000000,691.35000000,695.28000000,20852.25000000,14506632.14086000
1787443200000,695.28000000,701.79000000,688.20000000,689.31000000,28989.77500000,20149249.06879000
1787457600000,689.32000000,690.37000000,676.98000000,683.95000000,45115.73400000,30863207.78977000
1787472000000,683.95000000,695.60000000,683.53000000,695.16000000,26039.19300000,17979149.47870000
1787486400000,695.16000000,700.00000000,690.00000000,695.09000000,25446.55100000,17711470.85407000
1787500800000,695.10000000,700.30000000,695.10000000,698.87000000,20073.47300000,14017812.96012000
1787515200000,698.87000000,707.27000000,697.81000000,702.37000000,20917.77700000,14701293.60866000
1787529600000,702.37000000,705.00000000,693.26000000,695.85000000,25961.58200000,18148846.53625000
1787544000000,695.85000000,703.50000000,694.57000000,698.77000000,18647.70500000,13032659.43543000
1787558400000,698.78000000,707.00000000,692.94000000,703.75000000,27774.34100000,19440944.13093000
1787572800000,703.75000000,716.84000000,696.46000000,705.89000000,65274.53900000,46108873.61735000
1787587200000,705.89000000,712.40000000,698.67000000,702.09000000,31186.49300000,21969203.28423000
1787601600000,702.10000000,705.29000000,700.10000000,704.31000000,12367.55100000,8694280.91366000
1787616000000,704.31000000,719.18000000,703.62000000,715.50000000,38695.04100000,27571443.53388000
1787630400000,715.50000000,718.56000000,702.44000000,706.31000000,32856.96800000,23417409.44052000
1787644800000,706.31000000,708.76000000,696.61000000,696.78000000,41033.86100000,28789364.84345000
1787659200000,696.78000000,700.42000000,690.50000000,700.07000000,33296.07300000,23181434.47210000
1787673600000,700.08000000,701.43000000,696.66000000,698.10000000,14059.32500000,9827978.85730000
1787688000000,698.11000000,698.40000000,688.00000000,694.41000000,14492.24400000,10051113.23939000
1787702400000,694.42000000,698.21000000,691.40000000,696.04000000,14991.78000000,10422736.80921000
1787716800000,696.04000000,700.19000000,692.60000000,698.67000000,16959.84800000,11829703.19218000
1787731200000,698.67000000,708.06000000,694.22000000,702.15000000,36242.51700000,25429113.30027000
1787745600000,702.15000000,703.96000000,692.10000000,697.00000000,35620.70400000,24886464.30652000
1787760000000,697.01000000,702.00000000,694.80000000,699.53000000,15584.71600000,10886262.10928000
1787774400000,699.54000000,708.39000000,697.80000000,707.52000000,18606.37500000,13088746.32272000
1787788800000,707.52000000,707.60000000,702.10000000,703.34000000,15426.74200000,10861187.09153000
1787803200000,703.34000000,707.81000000,701.05000000,707.35000000,12707.22800000,8945427.24233000
1787817600000,707.36000000,715.79000000,704.86000000,706.72000000,36627.77300000,26022886.40651000
1787832000000,706.72000000,713.74000000,704.86000000,711.35000000,28394.62300000,20119063.47421000
1787846400000,711.35000000,714.18000000,706.66000000,709.91000000,19184.19200000,13642633.31268000
1787860800000,709.92000000,712.71000000,708.89000000,711.85000000,8873.66300000,6308859.81378000
1787875200000,711.84000000,719.99000000,706.21000000,709.42000000,30713.12200000,21905680.27291000
1787889600000,709.42000000,714.15000000,706.22000000,706.92000000,14379.30600000,10210117.49606000
1787904000000,706.93000000,709.51000000,702.82000000,706.11000000,18591.48200000,13128113.98989000
1787918400000,706.11000000,707.49000000,695.95000000,696.11000000,34012.83300000,23873262.08107000
1787932800000,696.11000000,696.43000000,685.39000000,688.83000000,38983.00200000,26939039.11221000
1787947200000,688.83000000,691.50000000,686.72000000,691.47000000,10003.05000000,6893857.56810000
1787961600000,691.47000000,692.45000000,688.50000000,688.51000000,11390.94900000,7867123.56875000
1787976000000,688.50000000,691.28000000,686.97000000,688.16000000,11385.59000000,7845130.41333000
1787990400000,688.16000000,689.82000000,687.16000000,689.35000000,10857.96300000,7476278.18420000
1788004800000,689.35000000,692.53000000,687.39000000,690.86000000,13160.73700000,9076313.79317000
1788019200000,690.87000000,694.36000000,690.38000000,693.46000000,10918.00300000,7558665.91170000
1788033600000,693.46000000,693.76000000,692.06000000,692.58000000,6079.27900000,4211781.61015000
1788048000000,692.58000000,695.56000000,690.60000000,694.57000000,14262.46000000,9884908.69196000
1788062400000,694.58000000,695.29000000,692.42000000,693.20000000,7832.00500000,5434917.57541000
1788076800000,693.21000000,696.25000000,691.43000000,692.80000000,14956.28000000,10368145.33649000
1788091200000,692.80000000,700.00000000,692.79000000,699.41000000,19781.99200000,13795561.42675000
1788105600000,699.42000000,704.04000000,698.19000000,699.58000000,15386.62700000,10791450.07004000
1788120000000,699.59000000,700.35000000,679.09000000,684.74000000,23957.51300000,16529824.76503000
1788134400000,684.73000000,688.50000000,682.29000000,685.39000000,19585.54500000,13415036.48238000
1788148800000,685.40000000,688.18000000,682.80000000,686.81000000,18023.54800000,12362496.51689000
1788163200000,686.82000000,689.74000000,684.93000000,687.21000000,18723.06800000,12870082.67787000
1788177600000,687.22000000,691.51000000,684.44000000,689.67000000,16807.18900000,11563354.95222000
1788192000000,689.67000000,694.73000000,688.05000000,691.65000000,12965.23100000,8965635.02457000
1788206400000,691.65000000,693.11000000,690.01000000,691.44000000,5902.81400000,4080148.42795000
1788220800000,691.44000000,694.83000000,690.16000000,693.46000000,11925.58100000,8260620.53585000
1788235200000,693.46000000,694.38000000,688.90000000,690.47000000,16356.10800000,11311059.19057000
1788249600000,690.47000000,690.75000000,685.43000000,687.35000000,16617.29000000,11413147.13787000
1788264000000,687.36000000,688.81000000,683.52000000,686.88000000,14065.14100000,9654159.95273000
1788278400000,686.87000000,687.00000000,674.60000000,679.89000000,20477.61000000,13938565.58332000
1788292800000,679.89000000,683.99000000,677.54000000,683.00000000,10221.36800000,6959330.29699000
1788307200000,683.00000000,689.71000000,679.74000000,687.62000000,25938.60700000,17764951.15423000
1788321600000,687.62000000,689.72000000,685.97000000,687.71000000,15528.85800000,10683007.91248000
1788336000000,687.71000000,688.10000000,680.41000000,683.84000000,18712.40600000,12789707.32260000
1788350400000,683.84000000,689.52000000,682.86000000,687.61000000,19041.17500000,13067510.24493000
1788364800000,687.62000000,689.00000000,684.65000000,686.61000000,14484.03400000,9951424.37332000
1788379200000,686.61000000,688.99000000,685.45000000,688.84000000,7615.27900000,5234329.25519000
1788393600000,688.82000000,695.00000000,686.24000000,692.60000000,13641.67600000,9428020.01765000
1788408000000,692.60000000,699.45000000,689.77000000,697.96000000,17450.41000000,12142615.60962000
1788422400000,697.96000000,715.57000000,697.95000000,711.43000000,41592.31100000,29379182.91848000
1788436800000,711.43000000,728.00000000,708.66000000,727.56000000,53297.09600000,38236857.69734000
1788451200000,727.62000000,727.98000000,718.82000000,724.59000000,26231.00700000,18942580.29088000
1788465600000,724.60000000,727.58000000,720.58000000,725.22000000,14418.08300000,10439876.83806000
1788480000000,725.22000000,729.90000000,718.22000000,723.54000000,26968.37800000,19510412.18739000
1788494400000,723.54000000,729.36000000,714.11000000,714.50000000,26887.17000000,19414365.91945000
1788508800000,714.51000000,725.05000000,713.75000000,724.39000000,23272.10600000,16746243.49550000
1788523200000,724.40000000,727.35000000,708.88000000,716.64000000,49694.83800000,35575180.21049000
1788537600000,716.64000000,721.50000000,716.02000000,720.10000000,15993.08400000,11493278.09771000
1788552000000,720.10000000,721.51000000,716.48000000,721.37000000,7569.50100000,5444505.16490000
1788566400000,721.38000000,725.00000000,719.49000000,723.51000000,16250.09200000,11726285.87435000
1788580800000,723.52000000,739.46000000,720.69000000,738.25000000,38240.23600000,27948231.43195000
1788595200000,738.25000000,756.88000000,738.16000000,747.85000000,101520.74900000,75969904.03867000
1788609600000,747.85000000,772.31000000,747.84000000,769.99000000,105133.81100000,80308811.86932000
1788624000000,769.99000000,780.64000000,767.71000000,773.42000000,53842.90100000,41755238.86188000
1788638400000,773.42000000,774.03000000,763.47000000,766.53000000,22506.68000000,17313779.56746000
1788652800000,766.52000000,769.00000000,759.76000000,764.87000000,34604.81500000,26464902.38720000
1788667200000,764.87000000,765.26000000,753.96000000,756.62000000,32574.73400000,24757911.84391000
1788681600000,756.62000000,758.99000000,753.99000000,758.24000000,24082.24700000,18225033.25561000
1788696000000,758.24000000,758.51000000,740.24000000,745.97000000,50166.72300000,37573956.93399000
1788710400000,745.98000000,750.47000000,745.05000000,749.18000000,15790.74500000,11812393.40786000
1788724800000,749.18000000,754.93000000,748.38000000,753.00000000,19592.01600000,14732014.70864000
1788739200000,753.01000000,756.43000000,744.89000000,746.31000000,26906.72900000,20180366.80702000
1788753600000,746.32000000,750.20000000,740.26000000,743.87000000,18023.46300000,13440721.35725000
1788768000000,743.88000000,746.92000000,742.52000000,744.95000000,19940.80400000,14843412.32218000
1788782400000,744.95000000,747.68000000,733.00000000,734.60000000,33529.84400000,24880598.10859000
1788796800000,734.60000000,742.17000000,734.51000000,741.90000000,13178.59300000,9737470.84520000
1788811200000,741.91000000,741.99000000,736.06000000,739.98000000,8928.77200000,6600759.80384000
1788825600000,739.98000000,745.24000000,737.01000000,742.91000000,17571.46100000,13021078.40699000
1788840000000,742.91000000,757.58000000,741.70000000,754.66000000,48045.10100000,36026575.76677000
1788854400000,754.66000000,761.39000000,750.23000000,752.28000000,51746.74800000,39112464.58890000
1788868800000,752.30000000,757.03000000,742.33000000,756.35000000,40034.51800000,30024550.08205000
1788883200000,756.36000000,757.96000000,747.53000000,748.88000000,15679.44400000,11798568.42691000
1788897600000,748.88000000,754.96000000,748.87000000,752.02000000,12602.25300000,9474018.59241000
1788912000000,752.03000000,756.66000000,747.12000000,749.55000000,20492.64400000,15419204.43041000
1788926400000,749.56000000,757.56000000,749.55000000,754.47000000,20499.79900000,15450317.30920000
1788940800000,754.48000000,757.78000000,747.75000000,750.24000000,25348.93700000,19075837.61346000
1788955200000,750.24000000,751.69000000,735.00000000,739.11000000,49745.03000000,37015630.54090000
1788969600000,739.11000000,742.31000000,736.49000000,737.24000000,15378.26400000,11383569.79168000
1788984000000,737.25000000,738.17000000,717.61000000,722.64000000,44585.55100000,32387153.83180000
1788998400000,722.64000000,726.36000000,716.18000000,723.65000000,26267.99600000,18965032.42862000
1789012800000,723.65000000,723.96000000,715.45000000,719.09000000,27775.19500000,20010782.76226000
1789027200000,719.10000000,719.77000000,715.68000000,716.46000000,18628.11700000,13376333.00564000
1789041600000,716.46000000,718.12000000,703.62000000,707.94000000,61948.98900000,43954030.38879000
1789056000000,707.95000000,715.99000000,704.50000000,714.38000000,27404.19100000,19467869.23348000
1789070400000,714.38000000,716.27000000,708.40000000,708.72000000,14548.14100000,10368519.50177000
1789084800000,708.72000000,714.85000000,708.72000000,712.10000000,13223.08500000,9414313.43586000
1789099200000,712.11000000,717.44000000,711.99000000,713.85000000,15710.74800000,11240670.54093000
1789113600000,713.85000000,716.21000000,710.50000000,713.31000000,13714.78300000,9782847.37485000
1789128000000,713.32000000,741.61000000,706.50000000,728.58000000,91556.94000000,66729199.80779000
1789142400000,728.58000000,733.51000000,720.79000000,725.08000000,21408.91300000,15571086.15204000
1789156800000,725.08000000,727.67000000,721.95000000,726.75000000,11428.49200000,8288100.96309000
1789171200000,726.76000000,736.26000000,726.10000000,733.49000000,18653.63600000,13644320.86813000
1789185600000,733.50000000,735.35000000,731.60000000,733.60000000,13043.24700000,9565542.57063000
1789200000000,733.60000000,739.89000000,732.60000000,736.71000000,16512.54600000,12158012.45410000
1789214400000,736.70000000,737.43000000,734.71000000,735.19000000,14700.19300000,10819558.03105000
1789228800000,735.19000000,735.32000000,725.06000000,726.18000000,15704.13500000,11468291.30269000
1789243200000,726.18000000,727.96000000,725.32000000,727.59000000,4888.99900000,3552488.25438000
1789257600000,727.60000000,729.92000000,726.96000000,727.01000000,10300.82300000,7501253.11318000
1789272000000,727.01000000,727.92000000,721.54000000,722.23000000,13034.70600000,9448188.87381000
1789286400000,722.23000000,722.55000000,714.05000000,716.31000000,22941.93700000,16461273.10849000
1789300800000,716.31000000,720.32000000,713.10000000,718.88000000,12785.69800000,9173436.69616000
1789315200000,718.89000000,723.10000000,718.88000000,721.09000000,6845.89200000,4937222.15942000
1789329600000,721.09000000,722.84000000,715.25000000,716.41000000,9244.07700000,6644319.46563000
1789344000000,716.41000000,725.24000000,713.90000000,722.51000000,29189.27400000,21021478.55484000
1789358400000,722.52000000,726.98000000,722.13000000,724.96000000,11797.44600000,8546423.07131000
1789372800000,724.96000000,728.50000000,720.90000000,722.16000000,25348.06200000,18350339.01803000
1789387200000,722.16000000,723.99000000,717.15000000,722.44000000,32303.07800000,23306680.06668000
1789401600000,722.45000000,728.44000000,722.05000000,725.34000000,23639.89900000,17153570.36507000
1789416000000,725.35000000,733.75000000,717.13000000,720.42000000,28636.46500000,20760052.75845000
1789430400000,720.43000000,722.53000000,718.26000000,721.37000000,13997.95500000,10084191.78389000
1789444800000,721.38000000,723.50000000,714.72000000,715.09000000,17680.58500000,12709015.07878000
1789459200000,715.09000000,720.39000000,714.21000000,718.89000000,13784.52200000,9889497.91498000
1789473600000,718.89000000,722.27000000,711.37000000,718.61000000,31787.62800000,22810035.31643000
1789488000000,718.61000000,725.32000000,707.04000000,719.57000000,38566.00600000,27693875.03817000
1789502400000,719.58000000,720.51000000,708.76000000,712.06000000,15641.97600000,11163325.81765000
1789516800000,712.07000000,716.00000000,708.28000000,714.20000000,16846.35600000,12006950.22635000
1789531200000,714.20000000,716.24000000,709.35000000,709.71000000,16860.24600000,12020236.20888000
1789545600000,709.70000000,715.93000000,704.29000000,714.48000000,22358.26300000,15855003.35836000
1789560000000,714.49000000,714.69000000,708.32000000,711.66000000,18295.78700000,13019553.09894000
1789574400000,711.71000000,721.43000000,708.88000000,719.32000000,34715.67600000,24849345.77206000
1789588800000,719.33000000,726.77000000,718.20000000,725.92000000,16892.87100000,12197594.05990000
1789603200000,725.92000000,729.22000000,722.51000000,725.54000000,23884.34600000,17343862.93929000
1789617600000,725.55000000,727.35000000,722.53000000,724.38000000,15765.13000000,11438578.23919000
1789632000000,724.38000000,727.40000000,720.89000000,724.56000000,17223.41400000,12480697.45708000
1789646400000,724.56000000,732.54000000,723.42000000,727.87000000,35245.74400000,25651131.10796000
1789660800000,727.87000000,733.63000000,726.21000000,732.58000000,17051.25700000,12440643.50519000
1789675200000,732.58000000,739.49000000,731.69000000,738.36000000,19188.66400000,14116583.40581000
1789689600000,738.36000000,754.00000000,735.22000000,751.31000000,40254.41500000,30019332.54224000
1789704000000,751.32000000,759.31000000,748.95000000,753.11000000,44477.22100000,33532687.02723000
1789718400000,753.12000000,755.98000000,748.79000000,749.27000000,38172.46500000,28709026.38996000
1789732800000,749.28000000,762.52000000,745.00000000,757.06000000,55632.44500000,42037217.77310000
1789747200000,757.07000000,768.92000000,756.13000000,766.46000000,32465.06900000,24746830.83614000
1789761600000,766.46000000,766.70000000,760.76000000,761.31000000,15364.97500000,11733636.69046000
1789776000000,761.32000000,764.61000000,758.85000000,759.55000000,19810.46700000,15095241.92735000
1789790400000,759.55000000,768.00000000,759.54000000,760.91000000,21505.07300000,16400611.91113000
1789804800000,760.92000000,770.00000000,760.26000000,768.08000000,18014.21700000,13802391.67680000
1789819200000,768.08000000,773.76000000,766.80000000,767.03000000,26691.37300000,20558574.26180000
1789833600000,767.04000000,769.01000000,761.34000000,763.08000000,16345.85100000,12505305.64308000
1789848000000,763.09000000,763.62000000,757.06000000,762.02000000,11835.53100000,9005969.09207000
1789862400000,762.03000000,764.28000000,745.90000000,750.47000000,28750.54000000,21670309.91084000
1789876800000,750.47000000,753.47000000,747.07000000,748.01000000,17189.57900000,12894781.80478000
1789891200000,748.01000000,753.33000000,747.71000000,752.59000000,17092.02000000,12822088.33556000
1789905600000,752.60000000,757.50000000,750.43000000,757.44000000,13861.57400000,10447264.75926000
1789920000000,757.44000000,771.98000000,756.10000000,769.55000000,23242.51700000,17794324.69878000
1789934400000,769.56000000,777.98000000,762.54000000,772.56000000,20463.09200000,15777534.72200000
