open_time,open,high,low,close,volume,quote_volume
1704067200000,21.93000000,22.14000000,21.68000000,21.76000000,129479.00000000,2843339.39850000
1704081600000,21.75000000,22.02000000,21.49000000,21.96000000,160272.30000000,3484834.21110000
1704096000000,21.96000000,22.08000000,21.88000000,21.96000000,108879.62000000,2395038.65890000
1704110400000,21.96000000,22.13000000,21.84000000,22.11000000,99416.31000000,2182982.98940000
1704124800000,22.11000000,22.48000000,22.02000000,22.47000000,111773.88000000,2488895.34190000
1704139200000,22.47000000,22.51000000,22.25000000,22.50000000,166336.50000000,3727623.02820000
1704153600000,22.49000000,22.99000000,22.41000000,22.76000000,355213.95000000,8071983.02680000
1704168000000,22.76000000,22.82000000,22.62000000,22.75000000,149783.78000000,3403096.73160000
1704182400000,22.76000000,23.04000000,22.54000000,22.64000000,200813.03000000,4579208.11220000
1704196800000,22.65000000,22.70000000,22.06000000,22.20000000,220652.29000000,4944996.45380000
1704211200000,22.19000000,22.27000000,22.01000000,22.13000000,137101.11000000,3036271.10580000
1704225600000,22.14000000,22.25000000,21.90000000,21.97000000,181286.86000000,3998971.83830000
1704240000000,21.97000000,22.24000000,21.84000000,22.09000000,122863.36000000,2712925.13520000
1704254400000,22.09000000,22.50000000,22.03000000,22.15000000,161523.56000000,3591586.68640000
1704268800000,22.15000000,22.39000000,21.13000000,21.37000000,444141.15000000,9679696.18970000
1704283200000,21.37000000,21.37000000,18.50000000,20.35000000,1406731.49000000,28234303.40060000
1704297600000,20.35000000,20.44000000,19.62000000,19.92000000,298074.55000000,5990226.06130000
1704312000000,19.92000000,20.21000000,19.89000000,20.03000000,155822.52000000,3127576.85600000
1704326400000,20.03000000,20.23000000,19.76000000,20.16000000,139655.46000000,2802392.07590000
1704340800000,20.16000000,20.29000000,19.98000000,19.98000000,137667.39000000,2776283.06090000
1704355200000,19.98000000,20.13000000,19.79000000,20.00000000,147315.68000000,2942464.34840000
1704369600000,20.01000000,20.49000000,19.95000000,20.35000000,213520.94000000,4322415.30120000
1704384000000,20.35000000,20.49000000,20.18000000,20.45000000,131894.02000000,2682274.22580000
1704398400000,20.46000000,20.76000000,20.37000000,20.47000000,212759.96000000,4371960.44260000
1704412800000,20.49000000,20.63000000,19.55000000,20.00000000,291012.56000000,5839177.80330000
1704427200000,20.00000000,20.18000000,19.92000000,20.00000000,96670.16000000,1936743.09150000
1704441600000,20.00000000,20.24000000,19.77000000,19.87000000,122003.51000000,2443537.06290000
1704456000000,19.88000000,20.03000000,19.55000000,19.72000000,216395.41000000,4283600.99490000
1704470400000,19.72000000,19.90000000,19.31000000,19.83000000,181591.01000000,3558857.92140000
1704484800000,19.84000000,20.14000000,19.81000000,20.13000000,105273.64000000,2102710.73010000
1704499200000,20.13000000,20.28000000,19.94000000,20.06000000,119234.20000000,2399960.09580000
1704513600000,20.06000000,20.10000000,19.26000000,19.81000000,299606.66000000,5877084.94270000
1704528000000,19.81000000,19.94000000,19.63000000,19.77000000,172619.56000000,3419556.69210000
1704542400000,19.77000000,19.98000000,19.62000000,19.93000000,82289.30000000,1631222.44860000
1704556800000,19.93000000,20.13000000,19.84000000,19.93000000,76439.37000000,1529315.76980000
1704571200000,19.93000000,19.99000000,19.70000000,19.88000000,60205.17000000,1195261.13520000
1704585600000,19.89000000,20.05000000,19.75000000,19.89000000,73072.35000000,1453708.01160000
1704600000000,19.89000000,20.06000000,19.85000000,19.97000000,58687.97000000,1170909.17280000
1704614400000,19.97000000,20.03000000,19.59000000,19.72000000,80906.16000000,1599888.15540000
1704628800000,19.72000000,19.90000000,19.57000000,19.66000000,88682.32000000,1753643.30650000
1704643200000,19.66000000,19.79000000,19.38000000,19.76000000,81244.19000000,1590543.39320000
1704657600000,19.76000000,19.79000000,19.00000000,19.27000000,152412.50000000,2936543.01960000
1704672000000,19.26000000,19.36000000,18.33000000,18.82000000,480627.43000000,9031191.64480000
1704686400000,18.81000000,19.46000000,18.74000000,19.26000000,199148.34000000,3816934.86020000
1704700800000,19.26000000,19.43000000,18.96000000,19.43000000,109694.52000000,2105814.66930000
1704715200000,19.43000000,19.75000000,19.36000000,19.62000000,214185.66000000,4189438.45390000
1704729600000,19.63000000,20.32000000,19.53000000,20.27000000,247687.72000000,4950016.25270000
1704744000000,20.29000000,20.45000000,20.07000000,20.32000000,167212.41000000,3389367.68500000
1704758400000,20.33000000,20.56000000,19.92000000,20.22000000,187400.51000000,3789533.11130000
1704772800000,20.22000000,20.32000000,20.08000000,20.26000000,65012.84000000,1313498.17500000
1704787200000,20.26000000,20.28000000,19.77000000,20.04000000,127153.16000000,2542126.24510000
1704801600000,20.04000000,20.10000000,19.45000000,19.86000000,339794.04000000,6732725.02840000
1704816000000,19.87000000,20.54000000,19.85000000,20.04000000,435171.74000000,8804403.58520000
1704830400000,20.03000000,21.23000000,19.73000000,21.22000000,1044265.11000000,21364085.78150000
1704844800000,21.22000000,21.87000000,20.72000000,21.01000000,685573.06000000,14702195.77340000
1704859200000,21.01000000,21.23000000,20.84000000,20.89000000,153775.08000000,3227438.65570000
1704873600000,20.88000000,21.60000000,20.66000000,21.29000000,497975.88000000,10590364.38780000
1704888000000,21.28000000,21.63000000,20.37000000,21.49000000,673724.28000000,14180418.81390000
1704902400000,21.48000000,21.94000000,21.07000000,21.87000000,306876.50000000,6588603.98210000
1704916800000,21.87000000,26.69000000,21.26000000,26.41000000,2437675.34000000,59292148.39460000
1704931200000,26.41000000,28.88000000,25.72000000,28.35000000,2827013.12000000,76577123.56500000
1704945600000,28.35000000,28.65000000,27.03000000,28.22000000,1435392.36000000,40050604.54460000
1704960000000,28.22000000,32.29000000,27.67000000,31.23000000,2607748.70000000,78180395.80830000
1704974400000,31.22000000,31.68000000,29.67000000,30.63000000,3088461.86000000,94850490.16350000
1704988800000,30.64000000,31.14000000,28.14000000,28.98000000,1626986.85000000,48157424.40010000
1705003200000,28.99000000,29.88000000,28.57000000,29.62000000,726040.27000000,21251763.39790000
1705017600000,29.62000000,30.45000000,28.84000000,29.90000000,1327590.93000000,39301602.67110000
1705032000000,29.90000000,30.19000000,29.16000000,29.59000000,550956.28000000,16339040.52240000
1705046400000,29.58000000,31.00000000,28.81000000,30.70000000,1025006.20000000,30620601.57360000
1705060800000,30.71000000,32.48000000,30.18000000,30.51000000,2093323.20000000,65263226.74200000
1705075200000,30.50000000,30.90000000,28.48000000,29.16000000,1158665.11000000,34338150.12990000
1705089600000,29.16000000,29.57000000,27.50000000,29.01000000,964392.64000000,27672230.70210000
1705104000000,29.01000000,29.82000000,27.75000000,29.44000000,908702.97000000,26351754.78420000
1705118400000,29.43000000,30.07000000,29.29000000,29.83000000,499397.61000000,14798154.53770000
1705132800000,29.84000000,29.96000000,28.76000000,29.26000000,473086.90000000,13855890.79230000
1705147200000,29.25000000,29.37000000,28.75000000,29.05000000,387207.38000000,11255643.45760000
1705161600000,29.05000000,29.19000000,28.46000000,28.93000000,274754.38000000,7915181.36600000
1705176000000,28.93000000,29.08000000,28.48000000,28.59000000,162570.22000000,4677224.03400000
1705190400000,28.59000000,28.78000000,27.84000000,28.05000000,391241.14000000,11023992.32390000
1705204800000,28.05000000,28.19000000,27.33000000,27.92000000,525359.21000000,14592766.71090000
1705219200000,27.92000000,28.26000000,27.85000000,28.04000000,202863.21000000,5694459.99000000
1705233600000,28.03000000,28.16000000,27.62000000,27.65000000,174050.89000000,4839533.08380000
1705248000000,27.65000000,27.72000000,26.70000000,26.83000000,410653.27000000,11159001.61120000
1705262400000,26.82000000,27.12000000,26.21000000,26.49000000,360645.49000000,9622573.59610000
1705276800000,26.49000000,27.24000000,26.47000000,27.00000000,323865.79000000,8717181.79060000
1705291200000,27.01000000,27.19000000,26.61000000,26.77000000,139866.70000000,3770332.42570000
1705305600000,26.78000000,27.83000000,26.66000000,27.69000000,486821.55000000,13379446.48160000
1705320000000,27.70000000,27.74000000,26.09000000,26.24000000,547674.59000000,14715530.97080000
1705334400000,26.23000000,27.23000000,26.10000000,27.07000000,391834.78000000,10439402.66100000
1705348800000,27.07000000,27.17000000,26.39000000,26.74000000,161462.33000000,4321734.65880000
1705363200000,26.75000000,26.87000000,26.23000000,26.84000000,196614.17000000,5213858.13820000
1705377600000,26.83000000,26.90000000,26.28000000,26.40000000,232592.87000000,6175609.01160000
1705392000000,26.41000000,26.75000000,26.26000000,26.35000000,266781.04000000,7055942.10790000
1705406400000,26.34000000,27.88000000,26.11000000,26.96000000,840295.43000000,22652274.21460000
1705420800000,26.96000000,27.09000000,26.61000000,27.03000000,297291.71000000,7969457.09110000
1705435200000,27.02000000,27.72000000,27.00000000,27.29000000,227675.98000000,6226035.92750000
1705449600000,27.30000000,27.48000000,27.01000000,27.08000000,187734.11000000,5104745.86320000
1705464000000,27.08000000,27.25000000,26.50000000,26.55000000,191942.72000000,5171890.99410000
1705478400000,26.54000000,26.76000000,26.35000000,26.53000000,206708.76000000,5489406.83500000
1705492800000,26.53000000,26.73000000,26.16000000,26.32000000,349262.99000000,9233454.87840000
1705507200000,26.33000000,26.39000000,25.71000000,25.99000000,310012.27000000,8067244.38190000
1705521600000,25.99000000,26.32000000,25.69000000,26.18000000,156863.57000000,4094496.33980000
1705536000000,26.19000000,26.19000000,25.01000000,25.52000000,446663.54000000,11362979.62390000
1705550400000,25.52000000,25.75000000,25.33000000,25.63000000,227586.00000000,5817600.52040000
1705564800000,25.63000000,25.79000000,25.12000000,25.26000000,362648.87000000,9224727.17220000
1705579200000,25.25000000,25.62000000,24.92000000,25.46000000,288928.14000000,7304119.49600000
1705593600000,25.46000000,25.46000000,23.90000000,24.29000000,638411.01000000,15723008.70330000
1705608000000,24.29000000,24.65000000,24.20000000,24.46000000,291117.29000000,7112053.51130000
1705622400000,24.46000000,24.62000000,23.34000000,23.79000000,488211.34000000,11664985.55870000
1705636800000,23.78000000,24.30000000,23.77000000,24.02000000,174406.10000000,4189656.71400000
1705651200000,24.02000000,24.36000000,23.86000000,24.20000000,157457.27000000,3797137.15760000
1705665600000,24.20000000,24.36000000,23.70000000,23.85000000,343141.42000000,8244154.62080000
1705680000000,23.84000000,25.06000000,22.93000000,24.61000000,942470.22000000,22544922.75900000
1705694400000,24.61000000,25.49000000,24.59000000,25.33000000,322053.50000000,8061827.41500000
1705708800000,25.34000000,25.36000000,24.47000000,24.86000000,496069.04000000,12342133.69720000
1705723200000,24.86000000,25.13000000,24.68000000,24.90000000,161588.41000000,4019720.44260000
1705737600000,24.90000000,25.02000000,24.44000000,24.74000000,468630.89000000,11576509.74400000
1705752000000,24.73000000,24.87000000,24.22000000,24.29000000,219597.00000000,5392950.48960000
1705766400000,24.29000000,24.35000000,24.11000000,24.32000000,153724.72000000,3727397.22610000
1705780800000,24.32000000,25.01000000,24.26000000,24.72000000,292476.98000000,7251127.47140000
1705795200000,24.73000000,25.06000000,24.54000000,24.87000000,163779.90000000,4066537.34600000
1705809600000,24.86000000,24.88000000,24.49000000,24.64000000,119181.41000000,2940982.75570000
1705824000000,24.65000000,24.84000000,24.62000000,24.68000000,107357.64000000,2658363.33620000
1705838400000,24.67000000,25.47000000,24.66000000,24.84000000,326620.67000000,8190315.08830000
1705852800000,24.85000000,25.10000000,24.60000000,25.01000000,184777.26000000,4598425.03360000
1705867200000,25.02000000,25.04000000,24.45000000,24.51000000,155123.37000000,3829962.92220000
1705881600000,24.51000000,24.64000000,23.84000000,24.10000000,434357.97000000,10514834.25870000
1705896000000,24.11000000,24.29000000,23.76000000,24.11000000,368683.97000000,8893420.74610000
1705910400000,24.12000000,24.13000000,23.34000000,23.79000000,372862.33000000,8840139.88830000
1705924800000,23.78000000,24.36000000,23.29000000,23.74000000,512594.61000000,12222550.98770000
1705939200000,23.75000000,23.97000000,22.85000000,23.23000000,382782.74000000,9013153.20140000
1705953600000,23.22000000,23.74000000,22.79000000,22.95000000,242208.24000000,5615482.49200000
1705968000000,22.96000000,23.47000000,22.89000000,23.31000000,155436.55000000,3601972.66410000
1705982400000,23.33000000,23.86000000,23.05000000,23.14000000,196877.31000000,4633077.54730000
1705996800000,23.14000000,23.29000000,21.89000000,22.19000000,736667.14000000,16479029.13850000
1706011200000,22.18000000,22.68000000,21.72000000,22.56000000,436446.87000000,9687439.91840000
1706025600000,22.56000000,22.80000000,22.32000000,22.37000000,216121.31000000,4868570.10670000
1706040000000,22.37000000,23.13000000,22.32000000,23.13000000,231415.84000000,5252643.80990000
1706054400000,23.13000000,23.20000000,22.65000000,22.72000000,209200.10000000,4784117.97920000
1706068800000,22.74000000,23.19000000,22.66000000,22.99000000,210584.36000000,4824120.89530000
1706083200000,23.01000000,23.46000000,22.86000000,23.06000000,271405.06000000,6273894.96300000
1706097600000,23.05000000,23.12000000,22.66000000,22.87000000,265089.88000000,6054102.59450000
1706112000000,22.86000000,23.05000000,22.53000000,22.76000000,130158.22000000,2970891.42720000
1706126400000,22.76000000,23.06000000,22.54000000,23.00000000,117615.40000000,2680210.76220000
1706140800000,23.00000000,23.08000000,22.48000000,22.62000000,157156.37000000,3575581.50510000
1706155200000,22.62000000,22.77000000,22.32000000,22.74000000,176403.42000000,3974616.08150000
1706169600000,22.75000000,22.90000000,22.55000000,22.75000000,177012.38000000,4028072.37120000
1706184000000,22.76000000,23.09000000,22.23000000,22.34000000,267682.75000000,6026283.18920000
1706198400000,22.34000000,23.56000000,22.27000000,23.16000000,683766.99000000,15795707.93380000
1706212800000,23.16000000,23.41000000,22.93000000,23.26000000,190444.46000000,4406413.87630000
1706227200000,23.27000000,23.43000000,22.88000000,23.18000000,181376.19000000,4201383.53700000
1706241600000,23.18000000,23.35000000,22.98000000,23.03000000,130381.07000000,3020067.83810000
1706256000000,23.03000000,24.20000000,23.01000000,24.01000000,520185.58000000,12361601.78930000
1706270400000,24.01000000,24.07000000,23.51000000,23.72000000,291617.95000000,6928947.83340000
1706284800000,23.72000000,24.04000000,23.69000000,23.98000000,232608.78000000,5560785.67260000
1706299200000,23.96000000,24.11000000,23.79000000,23.90000000,150625.97000000,3605495.94110000
1706313600000,23.90000000,24.64000000,23.85000000,24.32000000,376977.66000000,9162846.24790000
1706328000000,24.31000000,24.38000000,23.94000000,24.02000000,212425.47000000,5121491.51510000
1706342400000,24.02000000,24.09000000,23.76000000,23.90000000,177099.07000000,4237837.83820000
1706356800000,23.90000000,24.08000000,23.86000000,24.04000000,130165.59000000,3118712.73240000
1706371200000,24.04000000,24.13000000,23.91000000,23.99000000,114376.24000000,2747010.50200000
1706385600000,23.99000000,24.11000000,23.92000000,24.03000000,118734.13000000,2850772.32640000
1706400000000,24.03000000,24.24000000,23.87000000,24.20000000,195987.62000000,4715964.13450000
1706414400000,24.20000000,24.45000000,23.89000000,23.93000000,235064.83000000,5680644.35030000
1706428800000,23.93000000,24.12000000,23.83000000,23.91000000,170219.58000000,4085882.94700000
1706443200000,23.92000000,23.98000000,23.67000000,23.82000000,255736.27000000,6087954.85620000
1706457600000,23.82000000,23.88000000,23.46000000,23.58000000,229728.89000000,5425772.90260000
1706472000000,23.58000000,23.72000000,23.35000000,23.50000000,133266.51000000,3136965.33730000
1706486400000,23.51000000,23.75000000,23.35000000,23.63000000,149627.21000000,3524726.63700000
1706500800000,23.63000000,23.65000000,23.38000000,23.41000000,96468.29000000,2270094.11070000
1706515200000,23.41000000,23.63000000,23.37000000,23.52000000,99695.69000000,2344206.67760000
1706529600000,23.52000000,23.69000000,23.03000000,23.68000000,279407.23000000,6507010.81990000
1706544000000,23.69000000,24.80000000,23.51000000,24.49000000,668383.98000000,16136177.33730000
1706558400000,24.50000000,24.89000000,24.38000000,24.72000000,251148.48000000,6204405.63320000
1706572800000,24.71000000,24.94000000,24.49000000,24.76000000,333560.28000000,8257555.28390000
1706587200000,24.76000000,25.12000000,24.56000000,24.91000000,279606.58000000,6938087.00400000
1706601600000,24.91000000,25.12000000,24.71000000,25.01000000,233955.29000000,5828813.62800000
1706616000000,25.01000000,25.40000000,24.57000000,25.36000000,705510.70000000,17630400.85710000
1706630400000,25.36000000,26.24000000,25.15000000,25.75000000,809554.31000000,20894633.92250000
1706644800000,25.75000000,25.95000000,25.21000000,25.32000000,416537.40000000,10690851.38610000
1706659200000,25.32000000,25.69000000,24.67000000,25.49000000,552759.28000000,13926123.72750000
1706673600000,25.49000000,25.85000000,25.25000000,25.71000000,352844.82000000,9005396.51770000
1706688000000,25.71000000,25.74000000,24.78000000,25.17000000,463607.87000000,11696702.10810000
1706702400000,25.16000000,25.20000000,24.34000000,24.78000000,493315.52000000,12238087.03510000
1706716800000,24.78000000,25.22000000,24.71000000,25.03000000,225656.86000000,5640076.40240000
1706731200000,25.04000000,25.06000000,24.16000000,24.33000000,269927.51000000,6609557.60380000
1706745600000,24.34000000,24.44000000,23.39000000,23.65000000,487818.15000000,11624120.08670000
1706760000000,23.63000000,23.95000000,23.51000000,23.86000000,142169.91000000,3377491.49920000
1706774400000,23.86000000,24.06000000,23.65000000,23.68000000,175466.28000000,4193811.27160000
1706788800000,23.68000000,24.59000000,23.61000000,24.28000000,353773.67000000,8504087.91050000
1706803200000,24.29000000,25.07000000,24.04000000,24.42000000,553176.70000000,13571253.92260000
1706817600000,24.42000000,24.58000000,24.26000000,24.42000000,99690.77000000,2434672.71860000
1706832000000,24.43000000,24.82000000,24.31000000,24.69000000,260169.28000000,6403992.07340000
1706846400000,24.69000000,24.95000000,24.61000000,24.88000000,161365.14000000,3997109.85200000
1706860800000,24.89000000,24.95000000,24.67000000,24.82000000,198132.37000000,4917786.92830000
1706875200000,24.83000000,25.23000000,24.34000000,25.23000000,334626.81000000,8276962.69750000
1706889600000,25.24000000,25.46000000,24.88000000,24.97000000,204400.32000000,5140298.30320000
1706904000000,24.98000000,25.29000000,24.84000000,25.13000000,67090.79000000,1680619.13030000
1706918400000,25.12000000,25.58000000,25.09000000,25.44000000,338056.92000000,8595939.64810000
1706932800000,25.46000000,25.72000000,25.00000000,25.07000000,338787.73000000,8590780.26510000
1706947200000,25.08000000,25.19000000,24.73000000,24.78000000,172207.07000000,4300062.52790000
1706961600000,24.78000000,24.91000000,24.52000000,24.79000000,80568.72000000,1993327.47030000
1706976000000,24.81000000,25.40000000,24.79000000,24.98000000,377014.76000000,9466813.83370000
1706990400000,24.98000000,25.22000000,24.75000000,24.86000000,104376.17000000,2604346.62290000
1707004800000,24.86000000,25.31000000,24.65000000,25.23000000,273595.77000000,6844306.31780000
1707019200000,25.23000000,25.25000000,24.79000000,25.08000000,269765.36000000,6744806.68410000
1707033600000,25.07000000,25.65000000,24.82000000,25.46000000,647269.00000000,16418364.74740000
1707048000000,25.45000000,25.56000000,25.32000000,25.48000000,130143.21000000,3311401.21720000
1707062400000,25.48000000,25.63000000,24.41000000,25.09000000,338517.66000000,8519604.07190000
1707076800000,25.10000000,25.38000000,24.74000000,24.99000000,203796.02000000,5103669.80020000
1707091200000,25.00000000,25.04000000,24.43000000,24.75000000,230906.97000000,5702832.54420000
1707105600000,24.75000000,25.23000000,24.49000000,24.90000000,501558.87000000,12438159.98260000
1707120000000,24.91000000,25.25000000,24.85000000,24.97000000,248774.77000000,6228673.04440000
1707134400000,24.97000000,25.18000000,24.52000000,24.56000000,197476.84000000,4919905.91780000
1707148800000,24.55000000,24.66000000,24.14000000,24.38000000,349716.73000000,8550141.11920000
1707163200000,24.38000000,24.40000000,24.03000000,24.31000000,101044.50000000,2448429.31010000
1707177600000,24.31000000,24.53000000,24.16000000,24.33000000,123423.55000000,3004765.30810000
1707192000000,24.33000000,24.46000000,24.22000000,24.44000000,110179.48000000,2683249.84510000
1707206400000,24.44000000,24.84000000,24.42000000,24.51000000,378111.89000000,9319045.44730000
1707220800000,24.50000000,24.70000000,24.29000000,24.60000000,236390.44000000,5796028.11710000
1707235200000,24.60000000,24.87000000,24.44000000,24.84000000,162995.85000000,4022374.55060000
1707249600000,24.84000000,24.99000000,24.72000000,24.73000000,145674.86000000,3621185.25560000
1707264000000,24.73000000,25.19000000,24.72000000,24.72000000,170313.50000000,4248216.57080000
1707278400000,24.72000000,24.78000000,24.37000000,24.43000000,141740.98000000,3481598.46570000
1707292800000,24.43000000,24.64000000,24.31000000,24.36000000,131865.89000000,3227197.59120000
1707307200000,24.36000000,24.65000000,24.35000000,24.45000000,112917.76000000,2763975.38790000
1707321600000,24.45000000,25.09000000,24.44000000,24.97000000,218113.10000000,5425877.59140000
1707336000000,24.98000000,25.40000000,24.98000000,25.17000000,215224.10000000,5426243.05660000
1707350400000,25.18000000,25.38000000,25.15000000,25.22000000,169273.06000000,4276447.90020000
1707364800000,25.23000000,25.27000000,25.01000000,25.16000000,96264.92000000,2421854.67400000
1707379200000,25.16000000,25.32000000,25.11000000,25.21000000,101786.25000000,2566640.66180000
1707393600000,25.20000000,25.66000000,25.08000000,25.56000000,271280.73000000,6890153.62760000
1707408000000,25.56000000,25.71000000,25.05000000,25.44000000,253249.10000000,6435329.12690000
1707422400000,25.44000000,25.88000000,25.42000000,25.62000000,183295.02000000,4708063.91600000
1707436800000,25.62000000,26.15000000,25.55000000,25.95000000,304201.93000000,7866239.35900000
1707451200000,25.95000000,26.08000000,25.80000000,25.96000000,133424.55000000,3458777.00660000
1707465600000,25.96000000,26.41000000,25.95000000,26.41000000,298881.06000000,7826401.45170000
1707480000000,26.40000000,26.72000000,25.90000000,26.14000000,487081.11000000,12816712.94050000
1707494400000,26.15000000,26.45000000,25.99000000,26.10000000,262427.57000000,6875723.38360000
1707508800000,26.10000000,26.37000000,26.10000000,26.15000000,159087.18000000,4170156.18590000
1707523200000,26.16000000,26.43000000,26.05000000,26.23000000,142369.69000000,3735519.39890000
1707537600000,26.24000000,26.26000000,25.98000000,25.99000000,76857.11000000,2005738.41110000
1707552000000,25.99000000,26.07000000,25.37000000,25.65000000,197189.10000000,5069799.52700000
1707566400000,25.65000000,25.78000000,25.55000000,25.73000000,72969.82000000,1874088.91570000
1707580800000,25.73000000,25.81000000,25.61000000,25.77000000,63328.21000000,1628698.21020000
1707595200000,25.78000000,26.04000000,25.70000000,25.89000000,100906.31000000,2612070.58370000
1707609600000,25.90000000,26.30000000,25.70000000,26.23000000,140389.88000000,3647055.98900000
1707624000000,26.23000000,26.33000000,26.10000000,26.26000000,227532.12000000,5964782.92640000
1707638400000,26.27000000,26.36000000,25.94000000,26.11000000,111376.85000000,2912617.81030000
1707652800000,26.12000000,26.12000000,25.72000000,25.89000000,129658.63000000,3362275.53050000
1707667200000,25.90000000,25.96000000,25.63000000,25.76000000,96766.26000000,2497803.12380000
1707681600000,25.77000000,26.02000000,25.52000000,25.88000000,181514.67000000,4673156.88870000
1707696000000,25.88000000,26.13000000,25.53000000,25.77000000,150071.13000000,3887545.27910000
1707710400000,25.77000000,25.85000000,25.54000000,25.79000000,97323.99000000,2504106.72760000
1707724800000,25.79000000,25.84000000,25.43000000,25.65000000,98879.75000000,2532025.29310000
1707739200000,25.65000000,26.50000000,25.47000000,26.44000000,260474.40000000,6757701.07940000
1707753600000,26.45000000,26.86000000,26.21000000,26.37000000,331356.29000000,8799236.11800000
1707768000000,26.37000000,27.21000000,26.37000000,26.92000000,312100.39000000,8391263.57560000
1707782400000,26.92000000,27.31000000,26.48000000,26.60000000,363528.97000000,9806417.85970000
1707796800000,26.61000000,26.95000000,26.61000000,26.93000000,96622.01000000,2590331.02910000
1707811200000,26.93000000,27.07000000,26.72000000,26.86000000,189446.24000000,5098962.08870000
1707825600000,26.87000000,26.89000000,25.88000000,26.02000000,479272.02000000,12569188.85790000
1707840000000,26.02000000,26.20000000,25.77000000,26.03000000,171298.88000000,4452227.15010000
1707854400000,26.04000000,26.42000000,26.04000000,26.21000000,101518.47000000,2663614.44210000
1707868800000,26.22000000,26.22000000,25.60000000,26.05000000,314005.60000000,8122035.55570000
1707883200000,26.05000000,26.29000000,25.89000000,26.27000000,100792.86000000,2630153.69050000
1707897600000,26.27000000,27.25000000,26.15000000,27.00000000,521699.38000000,14017631.75950000
1707912000000,27.02000000,27.08000000,26.55000000,26.77000000,276057.43000000,7418276.88090000
1707926400000,26.77000000,26.87000000,26.52000000,26.83000000,174757.69000000,4661985.27700000
1707940800000,26.82000000,26.98000000,26.73000000,26.89000000,113085.74000000,3036107.31420000
1707955200000,26.89000000,27.22000000,26.59000000,27.00000000,256763.37000000,6922199.65100000
1707969600000,27.01000000,27.01000000,26.39000000,26.50000000,268828.18000000,7155421.43090000
1707984000000,26.50000000,26.77000000,26.38000000,26.67000000,229243.08000000,6099581.04700000
1707998400000,26.66000000,27.50000000,26.65000000,26.85000000,643252.00000000,17398079.00560000
1708012800000,26.85000000,26.94000000,26.50000000,26.78000000,305268.19000000,8161365.55530000
1708027200000,26.78000000,26.82000000,26.38000000,26.78000000,208852.33000000,5567103.84910000
1708041600000,26.78000000,27.47000000,26.55000000,27.25000000,341622.53000000,9265144.80640000
1708056000000,27.26000000,27.30000000,26.88000000,26.90000000,252759.66000000,6849467.65420000
1708070400000,26.90000000,27.08000000,26.63000000,26.95000000,241454.41000000,6497684.84390000
1708084800000,26.94000000,27.12000000,26.09000000,26.52000000,386226.80000000,10282750.34600000
1708099200000,26.52000000,26.84000000,26.34000000,26.42000000,243102.22000000,6461011.91270000
1708113600000,26.42000000,26.87000000,26.38000000,26.77000000,120487.51000000,3213187.41730000
1708128000000,26.77000000,26.79000000,26.37000000,26.57000000,118885.09000000,3160269.69870000
1708142400000,26.57000000,26.59000000,26.42000000,26.57000000,92517.37000000,2451915.99110000
1708156800000,26.57000000,26.58000000,26.24000000,26.34000000,151875.58000000,4005702.21640000
1708171200000,26.33000000,26.40000000,25.44000000,25.78000000,401146.84000000,10371941.52080000
1708185600000,25.78000000,26.02000000,25.69000000,25.98000000,82321.71000000,2132056.13480000
1708200000000,25.98000000,26.26000000,25.96000000,26.04000000,78230.44000000,2043443.61900000
1708214400000,26.04000000,26.16000000,25.72000000,25.86000000,198681.83000000,5146867.69220000
1708228800000,25.85000000,26.19000000,25.82000000,26.10000000,126766.96000000,3297403.31940000
1708243200000,26.09000000,26.28000000,26.02000000,26.21000000,109672.57000000,2871165.04520000
1708257600000,26.20000000,26.25000000,25.98000000,26.15000000,106991.82000000,2794633.44440000
1708272000000,26.15000000,26.39000000,26.06000000,26.24000000,145775.72000000,3820559.23290000
1708286400000,26.23000000,26.75000000,26.10000000,26.54000000,155358.58000000,4116227.91250000
1708300800000,26.55000000,26.63000000,26.21000000,26.36000000,161315.71000000,4258776.96050000
1708315200000,26.36000000,27.18000000,26.31000000,27.07000000,364294.17000000,9772895.98640000
1708329600000,27.07000000,27.08000000,26.59000000,26.82000000,268463.40000000,7191619.93580000
1708344000000,26.82000000,26.92000000,26.54000000,26.79000000,233613.22000000,6254598.75440000
1708358400000,26.80000000,27.26000000,26.55000000,26.93000000,372452.99000000,10042384.22310000
1708372800000,26.94000000,27.89000000,26.85000000,27.40000000,328494.98000000,9012439.46380000
1708387200000,27.40000000,27.65000000,26.87000000,26.87000000,371494.24000000,10097339.75620000
1708401600000,26.88000000,27.27000000,26.75000000,26.97000000,217780.50000000,5895394.46410000
1708416000000,26.98000000,27.14000000,26.42000000,27.06000000,308958.91000000,8284446.32770000
1708430400000,27.06000000,27.73000000,25.89000000,26.50000000,752046.65000000,20230506.64560000
1708444800000,26.51000000,26.89000000,25.90000000,26.88000000,336250.10000000,8855641.39290000
1708459200000,26.88000000,27.35000000,26.75000000,27.07000000,173357.44000000,4674960.33080000
1708473600000,27.06000000,27.33000000,26.73000000,27.02000000,205607.43000000,5550829.70570000
1708488000000,27.02000000,27.04000000,26.29000000,26.42000000,190385.77000000,5073658.33250000
1708502400000,26.43000000,26.54000000,25.61000000,25.77000000,336034.02000000,8724337.21180000
1708516800000,25.76000000,26.08000000,25.30000000,25.70000000,456019.65000000,11702823.95530000
1708531200000,25.70000000,25.90000000,25.20000000,25.57000000,255008.50000000,6514640.54730000
1708545600000,25.56000000,26.14000000,25.48000000,26.07000000,177664.42000000,4586339.50710000
1708560000000,26.07000000,26.08000000,25.46000000,25.81000000,141717.77000000,3645911.99030000
1708574400000,25.81000000,26.27000000,25.73000000,26.19000000,130632.65000000,3391455.06510000
1708588800000,26.19000000,26.45000000,25.99000000,26.08000000,213061.53000000,5588463.25650000
1708603200000,26.07000000,26.18000000,25.58000000,25.97000000,199542.11000000,5162196.19360000
1708617600000,25.97000000,26.14000000,25.77000000,26.01000000,113066.16000000,2932565.41650000
1708632000000,26.01000000,26.31000000,25.77000000,25.81000000,183119.08000000,4770432.89530000
1708646400000,25.81000000,25.95000000,25.52000000,25.64000000,125592.63000000,3231101.68740000
1708660800000,25.64000000,25.77000000,25.50000000,25.55000000,112007.07000000,2875953.31890000
1708675200000,25.55000000,25.73000000,25.30000000,25.69000000,133647.15000000,3408382.43140000
1708689600000,25.70000000,25.76000000,25.33000000,25.37000000,232631.76000000,5940783.22620000
1708704000000,25.37000000,25.68000000,25.03000000,25.66000000,233009.28000000,5907482.73670000
1708718400000,25.66000000,25.77000000,25.20000000,25.42000000,79991.85000000,2044682.92670000
1708732800000,25.42000000,25.52000000,25.08000000,25.45000000,150427.98000000,3810851.84310000
1708747200000,25.45000000,25.81000000,25.45000000,25.79000000,100428.96000000,2572677.02080000
1708761600000,25.79000000,25.99000000,25.68000000,25.90000000,179160.73000000,4632732.23810000
1708776000000,25.91000000,25.94000000,25.77000000,25.80000000,84475.66000000,2184216.19970000
1708790400000,25.80000000,26.19000000,25.80000000,26.13000000,173685.96000000,4527196.70200000
1708804800000,26.14000000,26.19000000,26.02000000,26.09000000,81915.22000000,2139522.99620000
1708819200000,26.10000000,26.35000000,25.95000000,26.24000000,142896.87000000,3742644.85530000
1708833600000,26.24000000,26.42000000,26.14000000,26.23000000,141919.16000000,3731795.10890000
1708848000000,26.23000000,26.29000000,26.08000000,26.25000000,75380.87000000,1974232.72280000
1708862400000,26.26000000,27.44000000,26.22000000,27.06000000,654214.87000000,17661227.32140000
1708876800000,27.05000000,27.20000000,26.70000000,26.95000000,314068.71000000,8462127.77150000
1708891200000,26.95000000,27.27000000,26.95000000,27.19000000,184731.12000000,5011528.35830000
1708905600000,27.19000000,27.55000000,26.87000000,27.13000000,342312.04000000,9320582.52440000
1708920000000,27.12000000,27.67000000,26.87000000,27.28000000,415141.23000000,11349621.37230000
1708934400000,27.27000000,27.51000000,26.45000000,26.79000000,550424.57000000,14825154.73290000
1708948800000,26.78000000,27.76000000,26.52000000,27.68000000,481669.52000000,13108694.98760000
1708963200000,27.67000000,27.85000000,27.30000000,27.79000000,386915.73000000,10687069.25510000
1708977600000,27.79000000,28.00000000,27.63000000,27.77000000,211365.01000000,5877562.77600000
1708992000000,27.77000000,28.67000000,27.66000000,28.11000000,646044.44000000,18197172.87380000
1709006400000,28.11000000,28.50000000,27.98000000,28.05000000,337773.94000000,9537382.15840000
1709020800000,28.04000000,28.53000000,27.98000000,28.15000000,255910.39000000,7230184.48280000
1709035200000,28.15000000,28.47000000,27.49000000,27.65000000,409913.19000000,11509701.40270000
1709049600000,27.66000000,28.01000000,27.48000000,28.00000000,296296.57000000,8238321.57380000
1709064000000,27.99000000,28.26000000,27.90000000,28.13000000,170151.87000000,4783153.27820000
1709078400000,28.13000000,28.45000000,27.86000000,27.95000000,235716.81000000,6625850.91420000
1709092800000,27.95000000,28.43000000,27.95000000,28.33000000,263477.43000000,7415171.53080000
1709107200000,28.34000000,28.89000000,28.05000000,28.29000000,630158.59000000,17994717.17440000
1709121600000,28.30000000,28.98000000,28.29000000,28.67000000,567358.85000000,16259018.13120000
1709136000000,28.67000000,31.23000000,26.59000000,29.06000000,2293344.10000000,66906739.74940000
1709150400000,29.05000000,29.81000000,28.64000000,29.57000000,365997.42000000,10678367.14060000
1709164800000,29.57000000,31.50000000,29.30000000,30.57000000,1265895.72000000,38893220.34480000
1709179200000,30.58000000,31.50000000,30.44000000,31.03000000,833127.89000000,25873034.95140000
1709193600000,31.04000000,31.13000000,30.02000000,30.55000000,743881.01000000,22667461.26310000
1709208000000,30.54000000,30.75000000,30.09000000,30.46000000,449063.87000000,13663562.87790000
1709222400000,30.47000000,30.53000000,29.24000000,29.78000000,622447.68000000,18496637.35530000
1709236800000,29.79000000,29.86000000,28.16000000,28.87000000,372923.86000000,10805126.68870000
1709251200000,28.88000000,29.62000000,28.79000000,29.43000000,313871.14000000,9192753.34590000
1709265600000,29.43000000,29.67000000,29.25000000,29.29000000,199638.56000000,5886409.03070000
1709280000000,29.29000000,29.95000000,29.23000000,29.63000000,224562.80000000,6662476.24110000
1709294400000,29.62000000,29.96000000,29.27000000,29.37000000,317214.80000000,9405742.99740000
1709308800000,29.37000000,29.80000000,29.24000000,29.66000000,254108.82000000,7508356.55820000
1709323200000,29.65000000,30.39000000,29.59000000,30.33000000,241881.78000000,7256787.76420000
1709337600000,30.32000000,34.08000000,30.23000000,33.97000000,1335867.67000000,42462090.98110000
1709352000000,33.97000000,34.67000000,32.46000000,32.63000000,1358892.28000000,45421354.89040000
1709366400000,32.63000000,33.97000000,32.32000000,33.77000000,722152.98000000,23881652.18900000
1709380800000,33.77000000,34.84000000,32.71000000,32.82000000,910821.17000000,30633964.35850000
1709395200000,32.82000000,33.29000000,32.62000000,33.25000000,240219.14000000,7910355.28320000
1709409600000,33.25000000,34.62000000,32.84000000,34.31000000,449557.23000000,15147884.13090000
1709424000000,34.32000000,35.96000000,33.49000000,35.24000000,1338937.73000000,46682540.24860000
1709438400000,35.25000000,35.28000000,30.60000000,32.90000000,832633.76000000,27982068.58980000
1709452800000,32.91000000,33.36000000,32.41000000,33.24000000,672723.58000000,22170815.09410000
1709467200000,33.23000000,33.83000000,32.78000000,33.26000000,581738.49000000,19404066.54530000
1709481600000,33.25000000,33.63000000,33.13000000,33.41000000,348641.65000000,11644713.34270000
1709496000000,33.42000000,33.84000000,33.21000000,33.60000000,268093.74000000,8974015.60170000
1709510400000,33.60000000,34.33000000,33.00000000,33.39000000,757675.75000000,25557966.28930000
1709524800000,33.38000000,34.36000000,33.24000000,34.11000000,390108.35000000,13202838.25680000
1709539200000,34.12000000,34.80000000,33.58000000,34.21000000,565572.14000000,19357456.10560000
1709553600000,34.21000000,34.52000000,33.44000000,34.44000000,453074.75000000,15479576.11410000
1709568000000,34.44000000,35.61000000,33.70000000,35.08000000,1101060.70000000,38188916.58010000
1709582400000,35.09000000,36.76000000,34.50000000,35.96000000,609977.97000000,21760546.42670000
1709596800000,35.95000000,37.81000000,35.21000000,37.56000000,1022610.78000000,37047728.97710000
1709611200000,37.56000000,39.67000000,36.00000000,37.17000000,1812636.03000000,69033779.65380000
1709625600000,37.16000000,38.91000000,36.76000000,38.35000000,677772.97000000,25585121.59720000
1709640000000,38.35000000,39.39000000,37.07000000,37.22000000,1190971.12000000,45650328.87240000
1709654400000,37.21000000,37.54000000,29.28000000,32.15000000,1311458.55000000,45908065.67310000
1709668800000,32.14000000,34.60000000,31.10000000,34.18000000,985589.07000000,32451566.04340000
1709683200000,34.16000000,34.52000000,32.90000000,33.68000000,749906.50000000,25270053.66270000
1709697600000,33.68000000,36.53000000,33.68000000,36.25000000,942721.49000000,33558826.67210000
1709712000000,36.25000000,38.49000000,36.01000000,37.49000000,888624.58000000,32919242.36670000
1709726400000,37.49000000,37.72000000,35.85000000,36.92000000,741875.37000000,27261722.09460000
1709740800000,36.92000000,37.84000000,36.67000000,37.62000000,245229.42000000,9136331.04560000
1709755200000,37.62000000,38.09000000,36.94000000,37.30000000,209986.49000000,7873932.80250000
1709769600000,37.30000000,37.65000000,36.50000000,36.64000000,328933.22000000,12199675.78270000
1709784000000,36.64000000,37.06000000,35.93000000,37.02000000,359457.84000000,13139953.04300000
1709798400000,37.01000000,37.61000000,36.65000000,37.20000000,363712.83000000,13507990.50170000
1709812800000,37.20000000,37.83000000,36.53000000,37.59000000,437411.59000000,16276361.15600000
1709827200000,37.58000000,38.28000000,36.98000000,37.69000000,247823.66000000,9311910.22740000
1709841600000,37.70000000,38.39000000,37.65000000,37.90000000,204117.30000000,7761966.91070000
1709856000000,37.90000000,39.42000000,37.90000000,38.68000000,477870.88000000,18518429.94570000
1709870400000,38.69000000,38.99000000,38.13000000,38.41000000,271597.95000000,10476652.73950000
1709884800000,38.42000000,39.19000000,38.23000000,38.80000000,286850.85000000,11113383.90760000
1709899200000,38.79000000,39.37000000,36.54000000,37.78000000,640354.02000000,24613977.70380000
1709913600000,37.79000000,38.69000000,36.91000000,38.04000000,527473.46000000,19941238.75230000
1709928000000,38.04000000,38.49000000,37.72000000,38.06000000,238252.04000000,9079294.28740000
1709942400000,38.07000000,39.08000000,37.98000000,38.75000000,328451.42000000,12694987.19750000
1709956800000,38.75000000,39.63000000,38.67000000,38.87000000,320939.02000000,12529375.30360000
1709971200000,38.86000000,39.12000000,37.80000000,38.09000000,287909.82000000,11111293.49840000
1709985600000,38.10000000,38.11000000,37.59000000,37.73000000,179355.65000000,6787260.44340000
1710000000000,37.72000000,37.77000000,37.00000000,37.01000000,165112.85000000,6171441.14670000
1710014400000,37.01000000,37.59000000,37.01000000,37.24000000,129277.34000000,4825496.42170000
1710028800000,37.25000000,37.73000000,37.01000000,37.16000000,215539.27000000,8030499.21390000
1710043200000,37.16000000,37.47000000,37.04000000,37.15000000,217822.23000000,8097744.83760000
1710057600000,37.14000000,37.39000000,36.48000000,36.64000000,371619.57000000,13685382.61630000
1710072000000,36.64000000,36.81000000,35.26000000,36.01000000,425364.69000000,15348982.76670000
1710086400000,36.02000000,36.52000000,35.99000000,36.36000000,117486.00000000,4270519.61990000
1710100800000,36.36000000,36.47000000,35.31000000,36.14000000,138653.98000000,4979654.01710000
1710115200000,36.14000000,36.14000000,33.87000000,35.46000000,549627.31000000,19228707.85300000
1710129600000,35.46000000,37.22000000,35.11000000,36.93000000,450274.00000000,16292274.51520000
1710144000000,36.93000000,37.42000000,36.82000000,37.03000000,527199.67000000,19555619.05360000
1710158400000,37.04000000,38.07000000,36.54000000,37.36000000,551517.28000000,20568323.52950000
1710172800000,37.37000000,39.58000000,36.99000000,37.63000000,921987.88000000,35209986.92840000
1710187200000,37.64000000,38.50000000,37.61000000,37.98000000,232988.96000000,8880639.28920000
1710201600000,37.99000000,38.28000000,36.97000000,37.01000000,227405.15000000,8544844.75810000
1710216000000,37.02000000,37.33000000,36.57000000,36.94000000,221344.71000000,8188037.01050000
1710230400000,36.94000000,37.03000000,35.87000000,36.64000000,273377.75000000,9969960.33700000
1710244800000,36.65000000,37.07000000,36.10000000,36.72000000,344963.16000000,12630058.88330000
1710259200000,36.72000000,36.77000000,34.63000000,36.75000000,672434.91000000,24153935.07790000
1710273600000,36.75000000,36.90000000,36.13000000,36.87000000,135525.47000000,4945513.38630000
1710288000000,36.88000000,37.17000000,36.51000000,37.17000000,183774.97000000,6784592.18720000
1710302400000,37.17000000,37.63000000,36.99000000,37.19000000,274495.48000000,10237524.26360000
1710316800000,37.18000000,37.56000000,36.78000000,36.91000000,267984.07000000,9959396.67670000
1710331200000,36.92000000,37.06000000,35.77000000,36.28000000,317759.80000000,11546723.71470000
1710345600000,36.28000000,36.61000000,36.17000000,36.46000000,162156.40000000,5899694.52310000
1710360000000,36.47000000,36.67000000,36.17000000,36.52000000,154408.17000000,5622076.34960000
1710374400000,36.52000000,36.53000000,35.96000000,36.11000000,183561.26000000,6642624.30670000
1710388800000,36.12000000,36.30000000,35.56000000,36.02000000,213256.92000000,7669102.57960000
1710403200000,36.02000000,36.89000000,35.50000000,36.04000000,341094.29000000,12352707.45970000
1710417600000,36.04000000,36.15000000,34.51000000,34.86000000,452090.85000000,15948274.96380000
1710432000000,34.86000000,35.37000000,33.42000000,34.11000000,479574.74000000,16509197.22100000
1710446400000,34.12000000,35.38000000,34.09000000,35.08000000,183483.05000000,6409807.68530000
1710460800000,35.08000000,35.58000000,31.65000000,33.21000000,771192.66000000,25892710.08990000
1710475200000,33.21000000,33.51000000,32.49000000,33.31000000,470376.06000000,15549569.06060000
1710489600000,33.32000000,33.36000000,30.71000000,32.42000000,685024.89000000,21970369.05800000
1710504000000,32.43000000,32.87000000,32.19000000,32.71000000,322026.75000000,10481428.76230000
1710518400000,32.72000000,33.70000000,32.32000000,32.77000000,333691.71000000,11000085.31090000
1710532800000,32.76000000,33.39000000,32.03000000,33.30000000,178569.60000000,5839154.56810000
1710547200000,33.30000000,33.71000000,33.09000000,33.46000000,264217.77000000,8839919.05590000
1710561600000,33.46000000,33.48000000,32.72000000,33.22000000,258407.29000000,8565240.76790000
1710576000000,33.23000000,33.25000000,32.10000000,32.38000000,249520.08000000,8177595.13590000
1710590400000,32.38000000,32.41000000,31.49000000,32.03000000,239267.56000000,7638344.71820000
1710604800000,32.04000000,32.15000000,30.45000000,30.91000000,347925.16000000,10876061.56880000
1710619200000,30.90000000,31.31000000,30.05000000,30.69000000,304435.34000000,9335793.27740000
1710633600000,30.69000000,31.24000000,30.18000000,31.20000000,304888.27000000,9370484.27170000
1710648000000,31.20000000,31.20000000,29.43000000,30.30000000,350111.73000000,10595305.27750000
1710662400000,30.30000000,31.42000000,30.19000000,31.16000000,262728.19000000,8128767.59680000
1710676800000,31.16000000,31.70000000,30.70000000,31.60000000,279745.88000000,8739620.80560000
1710691200000,31.60000000,32.00000000,31.36000000,31.86000000,222537.84000000,7051875.98850000
1710705600000,31.86000000,32.40000000,31.68000000,31.95000000,113805.25000000,3639797.35010000
1710720000000,31.96000000,31.96000000,30.92000000,31.49000000,198990.96000000,6261730.55290000
1710734400000,31.50000000,32.10000000,31.32000000,31.80000000,220477.50000000,7007679.62760000
1710748800000,31.80000000,31.81000000,31.17000000,31.56000000,199698.33000000,6281657.86510000
1710763200000,31.56000000,31.68000000,30.39000000,30.90000000,264930.30000000,8204695.12410000
1710777600000,30.90000000,31.21000000,30.24000000,30.73000000,216534.56000000,6660172.52690000
1710792000000,30.73000000,31.60000000,30.73000000,31.43000000,187212.50000000,5845940.31170000
1710806400000,31.42000000,31.61000000,29.38000000,30.04000000,560490.74000000,16898195.89010000
1710820800000,30.02000000,30.16000000,27.83000000,28.93000000,618609.46000000,18006674.07740000
1710835200000,28.94000000,28.94000000,27.30000000,28.26000000,686524.48000000,19201035.05590000
1710849600000,28.26000000,29.11000000,27.96000000,29.06000000,379797.27000000,10822117.89320000
1710864000000,29.06000000,29.42000000,28.86000000,29.21000000,218758.91000000,6383076.21510000
1710878400000,29.22000000,29.27000000,27.19000000,27.72000000,247858.32000000,6948172.27860000
1710892800000,27.70000000,28.47000000,27.58000000,27.69000000,222979.54000000,6245451.54530000
1710907200000,27.69000000,28.63000000,26.77000000,28.54000000,477138.09000000,13163495.97670000
1710921600000,28.55000000,28.88000000,28.22000000,28.74000000,194336.41000000,5540251.76240000
1710936000000,28.74000000,29.20000000,28.37000000,28.45000000,321631.03000000,9279703.90910000
1710950400000,28.45000000,29.88000000,27.30000000,29.79000000,440366.73000000,12574693.55450000
1710964800000,29.79000000,30.74000000,29.68000000,30.59000000,283632.05000000,8611769.97670000
1710979200000,30.61000000,30.87000000,30.27000000,30.38000000,152610.19000000,4668999.11110000
1710993600000,30.38000000,30.52000000,29.58000000,30.17000000,167363.22000000,5036294.74130000
1711008000000,30.17000000,30.68000000,30.13000000,30.39000000,323701.98000000,9847539.18610000
1711022400000,30.40000000,30.71000000,30.00000000,30.23000000,227900.01000000,6926126.23640000
1711036800000,30.24000000,30.75000000,29.43000000,30.05000000,321882.98000000,9685952.88760000
1711051200000,30.05000000,30.65000000,29.73000000,30.30000000,164261.21000000,4979538.35760000
1711065600000,30.30000000,30.49000000,29.73000000,30.43000000,138441.41000000,4174839.27580000
1711080000000,30.43000000,30.74000000,30.24000000,30.40000000,114366.46000000,3486516.70620000
1711094400000,30.40000000,30.54000000,29.46000000,29.55000000,162486.41000000,4873264.69190000
1711108800000,29.55000000,29.82000000,28.53000000,29.20000000,365539.24000000,10638098.88710000
1711123200000,29.20000000,29.26000000,28.71000000,29.10000000,165557.18000000,4800689.95090000
1711137600000,29.10000000,29.34000000,28.46000000,29.34000000,118201.66000000,3409587.16350000
1711152000000,29.34000000,29.78000000,29.00000000,29.38000000,121132.63000000,3562161.98810000
1711166400000,29.37000000,29.93000000,29.36000000,29.73000000,99092.75000000,2944143.74680000
1711180800000,29.72000000,30.20000000,29.60000000,30.19000000,114253.95000000,3421031.43120000
1711195200000,30.19000000,30.87000000,30.03000000,30.68000000,203024.15000000,6188310.92260000
1711209600000,30.69000000,31.40000000,30.46000000,31.04000000,222334.54000000,6897388.04100000
1711224000000,31.04000000,31.08000000,30.19000000,30.26000000,116773.32000000,3574203.94910000
1711238400000,30.26000000,31.44000000,30.22000000,30.68000000,276282.32000000,8531766.52090000
1711252800000,30.71000000,31.24000000,30.48000000,30.93000000,169984.01000000,5244731.42870000
1711267200000,30.95000000,31.36000000,30.75000000,31.06000000,119046.41000000,3700019.07310000
1711281600000,31.06000000,31.73000000,31.00000000,31.25000000,203188.27000000,6372061.60530000
1711296000000,31.25000000,31.37000000,30.80000000,31.09000000,161196.65000000,5007111.30410000
1711310400000,31.09000000,31.68000000,31.00000000,31.56000000,143458.76000000,4515411.82320000
1711324800000,31.56000000,31.60000000,31.18000000,31.42000000,100088.57000000,3138523.75170000
1711339200000,31.43000000,31.75000000,31.08000000,31.13000000,141592.55000000,4454720.55930000
1711353600000,31.12000000,31.50000000,30.97000000,31.04000000,107696.82000000,3365513.84590000
1711368000000,31.04000000,32.30000000,31.01000000,32.21000000,270813.03000000,8585572.32880000
1711382400000,32.21000000,32.77000000,32.04000000,32.43000000,260549.86000000,8433604.01380000
1711396800000,32.46000000,32.63000000,31.90000000,32.45000000,174297.69000000,5639447.52220000
1711411200000,32.45000000,33.19000000,32.37000000,33.08000000,176704.58000000,5800200.25670000
1711425600000,33.08000000,33.23000000,32.70000000,32.76000000,193542.09000000,6395942.15260000
1711440000000,32.77000000,33.03000000,32.63000000,32.78000000,127663.14000000,4191512.24760000
1711454400000,32.79000000,32.88000000,31.74000000,32.22000000,337997.87000000,10917765.88300000
1711468800000,32.22000000,32.46000000,31.73000000,32.21000000,156448.35000000,5028646.96040000
1711483200000,32.22000000,32.48000000,32.04000000,32.13000000,108327.10000000,3497774.41580000
1711497600000,32.14000000,32.56000000,32.03000000,32.25000000,141843.07000000,4596738.84210000
1711512000000,32.26000000,32.35000000,31.57000000,31.65000000,112936.88000000,3619401.35330000
1711526400000,31.66000000,31.83000000,31.10000000,31.79000000,156956.37000000,4951824.59540000
1711540800000,31.80000000,32.45000000,30.85000000,31.42000000,411888.82000000,13055429.33670000
1711555200000,31.43000000,31.67000000,31.07000000,31.53000000,177533.88000000,5575276.31040000
1711569600000,31.53000000,31.99000000,31.53000000,31.77000000,102215.41000000,3251320.83750000
1711584000000,31.78000000,32.26000000,31.32000000,31.90000000,204891.18000000,6518849.92590000
1711598400000,31.92000000,32.41000000,31.92000000,32.38000000,153912.90000000,4952737.11650000
1711612800000,32.37000000,32.53000000,32.09000000,32.28000000,150086.58000000,4848289.59380000
1711627200000,32.28000000,32.82000000,31.98000000,32.66000000,210379.79000000,6816573.60770000
1711641600000,32.66000000,32.67000000,32.35000000,32.45000000,114552.17000000,3721686.77210000
1711656000000,32.45000000,32.85000000,32.38000000,32.52000000,84742.30000000,2765397.17960000
1711670400000,32.51000000,32.70000000,32.21000000,32.33000000,83833.56000000,2718127.97310000
1711684800000,32.33000000,32.54000000,31.73000000,31.84000000,144402.95000000,4652654.08660000
1711699200000,31.83000000,34.96000000,31.81000000,34.64000000,792904.81000000,26744988.82840000
1711713600000,34.62000000,34.88000000,33.46000000,33.54000000,782718.40000000,26819544.21670000
1711728000000,33.54000000,33.82000000,33.27000000,33.51000000,167497.73000000,5619704.09540000
1711742400000,33.50000000,34.44000000,33.09000000,34.16000000,173113.15000000,5870717.77650000
1711756800000,34.16000000,34.56000000,33.91000000,34.11000000,320567.23000000,10978340.61110000
1711771200000,34.11000000,34.17000000,33.34000000,33.47000000,179277.76000000,6053966.28570000
1711785600000,33.47000000,33.83000000,33.36000000,33.79000000,140362.71000000,4708012.26530000
1711800000000,33.79000000,33.93000000,33.43000000,33.54000000,154614.19000000,5205891.28020000
1711814400000,33.54000000,33.58000000,33.06000000,33.32000000,95306.79000000,3178751.41430000
1711828800000,33.31000000,33.31000000,32.80000000,32.89000000,67477.86000000,2226129.00260000
1711843200000,32.89000000,33.39000000,32.82000000,33.07000000,101619.35000000,3369329.05130000
1711857600000,33.07000000,34.29000000,33.00000000,33.97000000,221352.31000000,7497829.15020000
1711872000000,33.96000000,34.20000000,33.68000000,33.88000000,159665.28000000,5419494.05740000
1711886400000,33.88000000,34.02000000,33.67000000,33.91000000,113501.64000000,3839739.78500000
1711900800000,33.91000000,34.12000000,33.51000000,34.12000000,102459.01000000,3466172.06810000
1711915200000,34.12000000,34.48000000,33.96000000,34.28000000,131073.13000000,4488795.86010000
1711929600000,34.27000000,34.78000000,34.04000000,34.23000000,223611.17000000,7687153.00260000
1711944000000,34.23000000,34.82000000,32.49000000,33.62000000,637838.23000000,21491243.66450000
1711958400000,33.63000000,33.65000000,32.90000000,33.11000000,323885.20000000,10783475.10740000
1711972800000,33.12000000,33.56000000,31.96000000,32.03000000,309819.35000000,10122102.80540000
1711987200000,32.04000000,32.58000000,31.80000000,32.55000000,150002.34000000,4816399.66840000
1712001600000,32.55000000,32.83000000,32.44000000,32.68000000,75825.62000000,2478457.52580000
1712016000000,32.69000000,32.69000000,30.34000000,30.85000000,455272.91000000,14249049.52600000
1712030400000,30.83000000,31.10000000,30.44000000,30.80000000,189634.76000000,5847116.01270000
1712044800000,30.81000000,30.89000000,29.93000000,30.50000000,456807.74000000,13872419.25630000
1712059200000,30.50000000,30.91000000,29.81000000,29.98000000,504838.10000000,15342134.96180000
1712073600000,29.98000000,30.49000000,29.85000000,30.29000000,197612.02000000,5972210.68120000
1712088000000,30.29000000,30.45000000,29.91000000,29.98000000,156752.43000000,4731399.73030000
1712102400000,29.98000000,30.40000000,28.96000000,30.35000000,276441.09000000,8229934.59650000
1712116800000,30.35000000,30.48000000,30.07000000,30.26000000,150014.81000000,4553025.18830000
1712131200000,30.26000000,30.81000000,30.15000000,30.38000000,212162.74000000,6468944.81870000
1712145600000,30.38000000,30.98000000,30.03000000,30.50000000,212800.43000000,6490002.64900000
1712160000000,30.50000000,30.90000000,30.22000000,30.46000000,145947.04000000,4461330.26650000
1712174400000,30.45000000,30.79000000,29.99000000,30.64000000,125681.06000000,3818654.10410000
1712188800000,30.63000000,31.24000000,30.51000000,30.54000000,250918.33000000,7749964.32690000
1712203200000,30.54000000,31.70000000,30.01000000,31.67000000,275421.99000000,8515587.10200000
1712217600000,31.67000000,32.86000000,31.50000000,31.82000000,722958.97000000,23288946.51660000
1712232000000,31.83000000,32.77000000,31.82000000,32.48000000,363930.85000000,11772942.83120000
1712246400000,32.48000000,33.29000000,32.37000000,32.99000000,202283.26000000,6660412.84050000
1712260800000,33.00000000,33.22000000,32.14000000,32.84000000,269859.58000000,8813679.21440000
1712275200000,32.84000000,33.50000000,32.26000000,33.22000000,518794.36000000,17039640.28140000
1712289600000,33.22000000,33.69000000,32.26000000,33.52000000,630376.28000000,20846820.30690000
1712304000000,33.53000000,34.08000000,31.94000000,32.06000000,738451.39000000,24459995.48840000
1712318400000,32.07000000,33.66000000,31.60000000,33.60000000,566198.34000000,18380829.74840000
1712332800000,33.60000000,33.97000000,33.19000000,33.54000000,372872.77000000,12541923.66220000
1712347200000,33.52000000,33.81000000,33.09000000,33.10000000,135120.26000000,4528008.91080000
1712361600000,33.10000000,33.49000000,32.90000000,33.12000000,194559.25000000,6453805.53060000
1712376000000,33.11000000,33.37000000,32.85000000,33.27000000,151078.61000000,4995075.79720000
1712390400000,33.28000000,33.39000000,32.86000000,33.16000000,210373.30000000,6961947.75560000
1712404800000,33.16000000,33.35000000,32.71000000,33.31000000,143178.03000000,4726939.50980000
1712419200000,33.30000000,33.32000000,32.89000000,32.94000000,84639.32000000,2798348.54180000
1712433600000,32.95000000,33.62000000,32.94000000,33.47000000,97425.08000000,3245525.64000000
1712448000000,33.47000000,34.78000000,33.32000000,34.57000000,432390.42000000,14817389.89400000
1712462400000,34.57000000,34.60000000,33.91000000,34.04000000,189379.62000000,6479930.95710000
1712476800000,34.03000000,34.26000000,33.83000000,33.92000000,126747.51000000,4311830.07750000
1712491200000,33.92000000,34.26000000,33.75000000,33.82000000,176226.96000000,5989876.51030000
1712505600000,33.82000000,34.00000000,33.19000000,33.36000000,223372.45000000,7528781.00370000
1712520000000,33.35000000,33.92000000,33.25000000,33.88000000,86928.11000000,2915124.27800000
1712534400000,33.87000000,33.93000000,33.10000000,33.40000000,124352.03000000,4163965.42590000
1712548800000,33.40000000,34.16000000,33.24000000,34.07000000,153527.42000000,5170100.95610000
1712563200000,34.08000000,35.92000000,34.02000000,35.42000000,772622.49000000,27261751.69070000
1712577600000,35.42000000,35.64000000,34.82000000,35.25000000,389943.55000000,13716494.60450000
1712592000000,35.26000000,35.74000000,35.20000000,35.56000000,328083.74000000,11626799.56750000
1712606400000,35.57000000,35.75000000,35.37000000,35.65000000,185257.79000000,6580366.21420000
1712620800000,35.65000000,35.84000000,34.84000000,35.08000000,243514.79000000,8612805.67840000
1712635200000,35.08000000,35.25000000,34.48000000,34.60000000,420407.92000000,14668262.11330000
1712649600000,34.59000000,34.82000000,33.94000000,34.66000000,274382.22000000,9448114.24280000
1712664000000,34.66000000,34.75000000,32.81000000,33.34000000,484542.50000000,16284436.33170000
1712678400000,33.35000000,33.35000000,32.58000000,33.03000000,213616.17000000,7039316.14160000
1712692800000,33.02000000,33.11000000,32.66000000,32.77000000,157477.99000000,5184137.34570000
1712707200000,32.77000000,33.04000000,32.11000000,32.64000000,411177.05000000,13397406.46840000
1712721600000,32.64000000,33.14000000,32.48000000,32.86000000,243112.66000000,7989978.48340000
1712736000000,32.86000000,32.87000000,32.26000000,32.61000000,249731.16000000,8141121.22630000
1712750400000,32.61000000,33.36000000,31.42000000,32.84000000,584064.06000000,18838275.16900000
1712764800000,32.85000000,33.49000000,32.69000000,33.21000000,186705.61000000,6191989.18690000
1712779200000,33.22000000,33.58000000,33.00000000,33.51000000,116379.57000000,3884306.04090000
1712793600000,33.52000000,33.80000000,33.20000000,33.79000000,168013.39000000,5623656.08080000
1712808000000,33.80000000,34.57000000,33.39000000,34.08000000,204752.00000000,6924905.51110000
1712822400000,34.09000000,34.58000000,33.41000000,33.52000000,271218.73000000,9224558.52370000
1712836800000,33.52000000,34.32000000,33.50000000,34.27000000,357558.15000000,12136957.44600000
1712851200000,34.27000000,34.46000000,33.54000000,33.83000000,193267.74000000,6566954.34680000
1712865600000,33.82000000,34.61000000,33.61000000,33.74000000,153027.94000000,5236933.20740000
1712880000000,33.74000000,34.05000000,33.58000000,33.98000000,116521.07000000,3935647.13260000
1712894400000,33.98000000,34.06000000,33.58000000,33.71000000,100760.82000000,3409872.20880000
1712908800000,33.72000000,33.84000000,33.34000000,33.60000000,130864.11000000,4396180.60520000
1712923200000,33.59000000,33.81000000,32.55000000,32.67000000,343185.82000000,11341744.65550000
1712937600000,32.66000000,32.81000000,26.78000000,28.58000000,1597381.35000000,47351648.55420000
1712952000000,28.58000000,29.64000000,28.50000000,29.47000000,555038.06000000,16211925.23560000
1712966400000,29.46000000,29.61000000,28.24000000,29.40000000,587341.33000000,17048730.64530000
1712980800000,29.40000000,29.90000000,29.22000000,29.31000000,365761.93000000,10802504.27230000
1712995200000,29.30000000,29.75000000,29.15000000,29.36000000,249767.94000000,7337979.93390000
1713009600000,29.36000000,29.71000000,28.81000000,28.95000000,213557.39000000,6247250.81220000
1713024000000,28.94000000,29.05000000,24.93000000,25.92000000,1108883.51000000,30399505.90880000
1713038400000,25.92000000,26.63000000,22.69000000,25.48000000,2100413.57000000,51182760.96370000
1713052800000,25.48000000,25.58000000,24.43000000,25.16000000,735030.74000000,18375152.01920000
1713067200000,25.16000000,26.72000000,25.01000000,26.51000000,736123.20000000,19246880.58130000
1713081600000,26.51000000,26.71000000,25.49000000,25.66000000,503568.51000000,13177909.26240000
1713096000000,25.66000000,26.18000000,25.23000000,25.78000000,741457.97000000,19069486.25680000
1713110400000,25.77000000,26.33000000,24.86000000,25.71000000,810491.66000000,20858302.53000000
1713124800000,25.71000000,27.17000000,25.38000000,27.00000000,459411.85000000,12107890.56600000
1713139200000,27.00000000,27.03000000,25.89000000,26.30000000,436264.92000000,11489325.63200000
1713153600000,26.30000000,28.24000000,25.97000000,27.95000000,728652.68000000,19910068.98230000
1713168000000,27.93000000,28.12000000,27.50000000,27.50000000,331847.52000000,9235088.18280000
1713182400000,27.50000000,27.73000000,26.10000000,26.73000000,649680.37000000,17560728.94230000
1713196800000,26.73000000,26.88000000,25.44000000,26.30000000,573514.37000000,15018285.69470000
1713211200000,26.30000000,26.57000000,25.93000000,26.44000000,143018.77000000,3763350.94320000
1713225600000,26.45000000,26.72000000,25.96000000,26.21000000,213433.93000000,5622369.40870000
1713240000000,26.21000000,26.89000000,25.41000000,26.73000000,252217.27000000,6595322.44410000
1713254400000,26.74000000,27.33000000,25.55000000,26.29000000,500216.19000000,13136669.81890000
1713268800000,26.29000000,26.31000000,25.08000000,25.20000000,408514.75000000,10486553.95710000
1713283200000,25.20000000,26.11000000,25.04000000,25.85000000,300567.79000000,7671858.01280000
1713297600000,25.84000000,26.53000000,25.78000000,26.18000000,80986.89000000,2124671.17740000
1713312000000,26.18000000,26.56000000,26.01000000,26.36000000,181080.39000000,4762275.86300000
1713326400000,26.35000000,26.64000000,26.09000000,26.19000000,141330.15000000,3728587.17360000
1713340800000,26.19000000,26.34000000,25.69000000,25.72000000,127263.37000000,3315389.44790000
1713355200000,25.72000000,25.97000000,24.79000000,24.96000000,444510.07000000,11265004.63900000
1713369600000,24.96000000,26.05000000,24.65000000,25.52000000,324336.62000000,8173809.86030000
1713384000000,25.55000000,25.84000000,25.26000000,25.40000000,105157.40000000,2689157.83450000
1713398400000,25.39000000,25.94000000,24.87000000,25.76000000,181723.66000000,4632475.60620000
1713412800000,25.76000000,25.93000000,25.01000000,25.25000000,236465.15000000,6004910.24510000
1713427200000,25.26000000,26.16000000,25.01000000,25.90000000,223059.45000000,5713585.67920000
1713441600000,25.89000000,26.29000000,25.41000000,26.11000000,308928.34000000,8006546.79130000
1713456000000,26.13000000,26.24000000,25.56000000,26.10000000,205625.67000000,5333723.11520000
1713470400000,26.11000000,26.38000000,25.99000000,26.13000000,149214.27000000,3908156.42310000
1713484800000,26.12000000,26.12000000,24.02000000,25.18000000,715722.62000000,17812252.82580000
1713499200000,25.17000000,26.64000000,25.15000000,26.01000000,454629.96000000,11769841.46100000
1713513600000,26.02000000,26.31000000,25.89000000,26.12000000,356963.73000000,9320226.79790000
1713528000000,26.12000000,26.34000000,25.74000000,26.25000000,272171.53000000,7111889.74090000
1713542400000,26.26000000,26.44000000,25.88000000,26.42000000,190143.98000000,4976930.29940000
1713556800000,26.42000000,26.50000000,25.66000000,26.05000000,137707.64000000,3598984.06640000
1713571200000,26.04000000,26.33000000,25.79000000,26.23000000,136745.40000000,3573949.09890000
1713585600000,26.23000000,26.50000000,26.21000000,26.34000000,88826.31000000,2341021.13800000
1713600000000,26.34000000,27.00000000,25.93000000,26.23000000,189891.18000000,4972342.17290000
1713614400000,26.23000000,27.37000000,26.23000000,27.26000000,247514.00000000,6638390.43590000
1713628800000,27.26000000,28.18000000,27.20000000,27.98000000,433624.65000000,12021867.17400000
1713643200000,27.99000000,28.15000000,27.74000000,27.89000000,98584.85000000,2755064.21320000
1713657600000,27.89000000,28.32000000,27.51000000,28.06000000,193129.76000000,5405591.69250000
1713672000000,28.06000000,28.26000000,27.89000000,28.01000000,122205.12000000,3431144.84540000
1713686400000,28.02000000,28.08000000,27.66000000,27.90000000,100499.68000000,2798550.78350000
1713700800000,27.90000000,27.92000000,27.40000000,27.61000000,136519.09000000,3772141.25390000
1713715200000,27.62000000,27.67000000,27.05000000,27.34000000,156201.83000000,4269972.97040000
1713729600000,27.34000000,27.81000000,27.26000000,27.46000000,72948.64000000,2011618.01930000
1713744000000,27.46000000,28.24000000,27.36000000,28.03000000,197140.67000000,5457099.47380000
1713758400000,28.04000000,28.48000000,27.91000000,28.08000000,157629.35000000,4445909.90190000
1713772800000,28.09000000,28.29000000,27.92000000,28.01000000,182253.82000000,5120546.29330000
1713787200000,28.01000000,28.53000000,27.85000000,28.12000000,343125.41000000,9673545.58280000
1713801600000,28.12000000,28.42000000,27.94000000,28.33000000,146011.50000000,4123598.70670000
1713816000000,28.34000000,28.57000000,28.27000000,28.33000000,65643.83000000,1864969.61440000
1713830400000,28.34000000,28.51000000,27.98000000,28.06000000,85108.15000000,2406119.02550000
1713844800000,28.05000000,28.24000000,27.69000000,27.88000000,129599.69000000,3630426.95350000
1713859200000,27.89000000,28.06000000,27.77000000,27.88000000,91895.71000000,2564069.29830000
1713873600000,27.88000000,28.42000000,27.76000000,28.13000000,127302.79000000,3580510.19040000
1713888000000,28.14000000,28.34000000,28.03000000,28.28000000,75014.40000000,2114197.85490000
1713902400000,28.28000000,28.32000000,27.97000000,28.12000000,77732.31000000,2191440.73170000
1713916800000,28.11000000,28.42000000,27.99000000,28.12000000,127488.57000000,3594934.98460000
1713931200000,28.12000000,28.47000000,27.97000000,28.07000000,349268.15000000,9835764.56050000
1713945600000,28.06000000,28.22000000,27.78000000,28.17000000,187412.08000000,5249423.20170000
1713960000000,28.16000000,28.23000000,26.76000000,26.84000000,500098.92000000,13690705.80960000
1713974400000,26.85000000,27.15000000,26.49000000,26.82000000,280751.76000000,7541218.60360000
1713988800000,26.81000000,26.88000000,26.07000000,26.37000000,284270.11000000,7541551.22860000
1714003200000,26.38000000,26.51000000,25.91000000,26.12000000,327855.98000000,8613165.11440000
1714017600000,26.14000000,26.36000000,25.75000000,26.04000000,149228.31000000,3899169.94210000
1714032000000,26.05000000,26.26000000,25.81000000,26.17000000,174976.84000000,4554972.23150000
1714046400000,26.18000000,26.41000000,25.84000000,26.39000000,156823.43000000,4099455.97720000
1714060800000,26.40000000,26.65000000,26.27000000,26.64000000,119235.36000000,3155782.26790000
1714075200000,26.65000000,26.94000000,26.41000000,26.45000000,72346.15000000,1927054.31570000
1714089600000,26.45000000,26.75000000,25.93000000,26.60000000,179966.94000000,4747017.42200000
1714104000000,26.60000000,27.20000000,26.45000000,26.74000000,176564.48000000,4732233.60460000
1714118400000,26.74000000,27.21000000,26.73000000,26.80000000,169216.77000000,4558381.86670000
1714132800000,26.80000000,27.41000000,26.43000000,27.22000000,290692.45000000,7844338.02960000
1714147200000,27.23000000,28.03000000,26.95000000,27.51000000,244096.23000000,6718145.89750000
1714161600000,27.50000000,27.85000000,27.05000000,27.11000000,114704.89000000,3145119.51160000
1714176000000,27.11000000,27.57000000,26.20000000,27.20000000,440875.49000000,11896874.57470000
1714190400000,27.19000000,27.25000000,26.60000000,26.66000000,165891.07000000,4456812.45630000
1714204800000,26.67000000,26.76000000,26.33000000,26.51000000,102463.65000000,2720948.92090000
1714219200000,26.51000000,27.05000000,26.44000000,26.77000000,122590.52000000,3289485.65360000
1714233600000,26.76000000,28.25000000,26.60000000,27.53000000,335215.02000000,9228168.43570000
1714248000000,27.53000000,27.92000000,27.29000000,27.85000000,129175.70000000,3562090.96610000
1714262400000,27.86000000,28.70000000,27.69000000,28.51000000,291327.07000000,8216550.07210000
1714276800000,28.52000000,30.06000000,28.35000000,29.68000000,626797.93000000,18329697.14520000
1714291200000,29.68000000,29.86000000,28.41000000,28.58000000,489273.99000000,14269886.76410000
1714305600000,28.57000000,29.13000000,28.45000000,28.98000000,238656.19000000,6870885.57470000
1714320000000,28.99000000,29.23000000,28.81000000,28.93000000,165952.49000000,4808304.18100000
1714334400000,28.93000000,28.99000000,27.82000000,27.99000000,240554.92000000,6812624.94550000
1714348800000,28.00000000,28.52000000,27.28000000,27.36000000,323703.70000000,9047039.22940000
1714363200000,27.35000000,27.68000000,26.97000000,27.30000000,271612.63000000,7415898.74440000
1714377600000,27.31000000,27.50000000,27.02000000,27.08000000,210461.14000000,5734405.55030000
1714392000000,27.07000000,27.44000000,26.85000000,27.40000000,263498.65000000,7160456.86650000
1714406400000,27.41000000,27.46000000,26.97000000,27.18000000,116490.18000000,3167226.85650000
1714420800000,27.19000000,27.87000000,27.02000000,27.59000000,117295.96000000,3230406.88750000
1714435200000,27.59000000,28.03000000,27.15000000,27.47000000,135264.51000000,3735298.24190000
1714449600000,27.47000000,27.62000000,26.95000000,27.02000000,171542.04000000,4668738.16240000
1714464000000,27.00000000,27.08000000,25.41000000,25.55000000,487629.06000000,12706826.61960000
1714478400000,25.55000000,25.79000000,24.98000000,25.40000000,308393.60000000,7852745.90500000
1714492800000,25.39000000,25.40000000,24.73000000,24.94000000,330683.29000000,8296649.12990000
1714507200000,24.96000000,25.55000000,24.96000000,25.43000000,191643.05000000,4859634.11730000
1714521600000,25.44000000,25.51000000,24.89000000,25.31000000,233834.94000000,5887842.53440000
1714536000000,25.31000000,25.44000000,24.12000000,24.51000000,443584.28000000,10929754.06550000
1714550400000,24.51000000,24.73000000,23.97000000,24.72000000,360676.82000000,8803716.46530000
1714564800000,24.73000000,25.03000000,24.43000000,24.60000000,227587.66000000,5629039.89740000
1714579200000,24.60000000,25.68000000,24.37000000,24.86000000,465272.33000000,11669743.32710000
1714593600000,24.87000000,25.63000000,24.75000000,25.55000000,127136.13000000,3205182.24200000
1714608000000,25.55000000,25.63000000,24.82000000,25.08000000,196580.12000000,4950702.67880000
1714622400000,25.09000000,25.65000000,24.99000000,25.28000000,146592.24000000,3710744.66030000
1714636800000,25.27000000,25.89000000,25.22000000,25.78000000,169719.32000000,4349865.65460000
1714651200000,25.78000000,25.89000000,25.40000000,25.70000000,150220.60000000,3854908.57440000
1714665600000,25.70000000,25.86000000,25.57000000,25.77000000,77100.34000000,1980717.58300000
1714680000000,25.76000000,25.94000000,25.51000000,25.66000000,113809.18000000,2931392.30730000
1714694400000,25.65000000,26.21000000,25.58000000,26.07000000,138539.04000000,3598222.60480000
1714708800000,26.06000000,26.12000000,25.57000000,25.61000000,76899.02000000,1986214.22690000
1714723200000,25.62000000,25.90000000,25.47000000,25.68000000,103159.79000000,2649039.62170000
1714737600000,25.67000000,26.67000000,25.62000000,26.56000000,327922.37000000,8638413.07730000
1714752000000,26.57000000,26.93000000,26.57000000,26.89000000,178622.17000000,4776208.86240000
1714766400000,26.88000000,27.37000000,26.83000000,26.89000000,277738.03000000,7519702.61640000
1714780800000,26.90000000,27.28000000,26.79000000,26.91000000,206649.74000000,5578981.93140000
1714795200000,26.91000000,27.13000000,26.84000000,26.86000000,101104.29000000,2729708.45190000
1714809600000,26.87000000,27.53000000,26.85000000,27.01000000,140230.28000000,3800753.21550000
1714824000000,27.02000000,27.27000000,26.79000000,27.21000000,167314.01000000,4525891.51920000
1714838400000,27.21000000,27.29000000,26.96000000,27.21000000,137979.78000000,3744453.98360000
1714852800000,27.21000000,27.31000000,26.88000000,26.95000000,48629.04000000,1315302.88470000
1714867200000,26.94000000,26.99000000,26.44000000,26.60000000,171661.87000000,4584996.55250000
1714881600000,26.60000000,26.84000000,26.47000000,26.73000000,65126.70000000,1734741.57310000
1714896000000,26.73000000,27.15000000,26.71000000,26.97000000,134190.28000000,3616755.16950000
1714910400000,26.97000000,27.75000000,26.74000000,27.58000000,252575.94000000,6881307.60570000
1714924800000,27.60000000,27.78000000,27.38000000,27.72000000,122116.71000000,3367715.39520000
1714939200000,27.72000000,27.86000000,27.56000000,27.67000000,124804.05000000,3456990.60100000
1714953600000,27.67000000,28.25000000,27.46000000,27.61000000,217902.56000000,6055329.53490000
1714968000000,27.61000000,28.69000000,27.58000000,28.62000000,322027.58000000,9137543.73210000
1714982400000,28.62000000,28.99000000,27.62000000,27.73000000,433623.44000000,12266178.18900000
1714996800000,27.74000000,27.84000000,27.04000000,27.41000000,320605.80000000,8790370.71850000
1715011200000,27.41000000,27.53000000,26.99000000,27.20000000,120579.52000000,3292394.75150000
1715025600000,27.19000000,27.33000000,26.97000000,26.98000000,57623.46000000,1566380.86290000
1715040000000,26.98000000,27.44000000,26.73000000,26.99000000,163971.55000000,4442013.65520000
1715054400000,27.00000000,27.20000000,26.89000000,27.06000000,131152.28000000,3546347.85900000
1715068800000,27.06000000,27.54000000,26.96000000,27.01000000,165373.22000000,4517782.78950000
1715083200000,27.02000000,27.55000000,27.02000000,27.31000000,163613.10000000,4463044.12960000
1715097600000,27.32000000,27.84000000,27.23000000,27.60000000,176526.52000000,4859685.82560000
1715112000000,27.60000000,27.90000000,27.02000000,27.07000000,221117.11000000,6077306.82480000
1715126400000,27.07000000,27.69000000,26.75000000,27.57000000,170778.42000000,4666738.31240000
1715140800000,27.57000000,27.88000000,26.66000000,26.69000000,269255.77000000,7323812.75750000
1715155200000,26.70000000,27.04000000,26.55000000,26.70000000,216930.11000000,5817403.45020000
1715169600000,26.70000000,29.39000000,26.64000000,28.43000000,1010465.41000000,28630312.04090000
1715184000000,28.43000000,28.65000000,27.48000000,27.54000000,288959.94000000,8109618.74800000
1715198400000,27.55000000,27.66000000,26.73000000,27.18000000,254976.59000000,6902084.56890000
1715212800000,27.18000000,27.74000000,27.02000000,27.56000000,281432.24000000,7696747.87940000
1715227200000,27.56000000,27.71000000,27.06000000,27.19000000,133930.31000000,3673870.83890000
1715241600000,27.18000000,27.31000000,26.87000000,27.17000000,165541.03000000,4483600.17530000
1715256000000,27.17000000,27.44000000,26.83000000,27.31000000,195719.72000000,5315459.68680000
1715270400000,27.30000000,27.61000000,27.22000000,27.59000000,135268.49000000,3710290.61030000
1715284800000,27.60000000,27.83000000,27.50000000,27.66000000,78887.47000000,2181705.62930000
1715299200000,27.65000000,27.78000000,27.38000000,27.57000000,128840.98000000,3553832.71160000
1715313600000,27.57000000,27.82000000,27.47000000,27.71000000,145386.61000000,4018532.08700000
1715328000000,27.71000000,27.73000000,27.50000000,27.67000000,94714.49000000,2615361.17200000
1715342400000,27.67000000,27.80000000,26.62000000,26.90000000,445306.76000000,12100458.89450000
1715356800000,26.89000000,26.96000000,26.28000000,26.45000000,309479.10000000,8228715.37790000
1715371200000,26.45000000,26.57000000,26.14000000,26.38000000,109974.18000000,2897771.13470000
1715385600000,26.39000000,26.79000000,26.36000000,26.46000000,90043.31000000,2391656.60340000
1715400000000,26.45000000,26.72000000,26.43000000,26.66000000,44704.78000000,1187533.41410000
1715414400000,26.67000000,26.68000000,26.18000000,26.39000000,73139.70000000,1930497.47530000
1715428800000,26.39000000,26.98000000,26.37000000,26.59000000,157603.18000000,4200710.22650000
1715443200000,26.58000000,26.65000000,26.46000000,26.54000000,35883.39000000,952176.00160000
1715457600000,26.54000000,26.55000000,26.33000000,26.47000000,43172.01000000,1141584.87700000
1715472000000,26.48000000,26.72000000,26.47000000,26.63000000,36688.48000000,975709.43400000
1715486400000,26.62000000,26.74000000,26.41000000,26.46000000,41628.80000000,1107609.32290000
1715500800000,26.45000000,26.79000000,26.37000000,26.70000000,64549.75000000,1717148.58680000
1715515200000,26.71000000,26.87000000,26.65000000,26.79000000,100702.53000000,2696644.33600000
1715529600000,26.79000000,26.92000000,26.50000000,26.59000000,57791.13000000,1543318.36660000
1715544000000,26.60000000,26.80000000,26.36000000,26.69000000,49370.64000000,1312399.76570000
1715558400000,26.70000000,26.84000000,25.19000000,25.64000000,419540.54000000,10817245.34580000
1715572800000,25.64000000,26.52000000,25.45000000,26.46000000,173742.96000000,4501418.54210000
1715587200000,26.47000000,26.84000000,26.24000000,26.66000000,247850.68000000,6585245.55090000
1715601600000,26.67000000,26.80000000,26.42000000,26.57000000,198844.10000000,5286887.61330000
1715616000000,26.57000000,26.99000000,26.17000000,26.49000000,226537.47000000,6015541.46820000
1715630400000,26.49000000,26.53000000,26.25000000,26.30000000,58053.18000000,1531213.46950000
1715644800000,26.29000000,26.45000000,26.00000000,26.11000000,116191.04000000,3044386.09680000
1715659200000,26.11000000,26.23000000,25.56000000,26.04000000,158935.54000000,4122728.95290000
1715673600000,26.04000000,26.06000000,25.68000000,25.79000000,135274.46000000,3499609.23660000
1715688000000,25.78000000,25.94000000,25.32000000,25.65000000,191354.27000000,4905733.72440000
1715702400000,25.65000000,25.65000000,25.34000000,25.49000000,131522.38000000,3352089.72090000
1715716800000,25.48000000,25.60000000,25.26000000,25.36000000,67577.72000000,1716653.45670000
1715731200000,25.36000000,25.63000000,25.35000000,25.60000000,59492.77000000,1518493.38780000
1715745600000,25.60000000,25.77000000,25.50000000,25.73000000,71118.56000000,1821902.03660000
1715760000000,25.73000000,26.02000000,25.49000000,25.76000000,143440.53000000,3702915.76020000
1715774400000,25.75000000,26.68000000,25.69000000,26.52000000,394252.67000000,10377267.50930000
1715788800000,26.53000000,27.14000000,26.44000000,27.11000000,195147.22000000,5224084.35550000
1715803200000,27.11000000,27.17000000,26.96000000,27.09000000,131136.41000000,3546793.08010000
1715817600000,27.10000000,27.19000000,26.83000000,27.03000000,136789.22000000,3692246.94340000
1715832000000,27.04000000,27.44000000,26.92000000,27.34000000,152011.11000000,4132095.50580000
1715846400000,27.34000000,27.53000000,27.13000000,27.26000000,153973.30000000,4199549.84720000
1715860800000,27.25000000,27.35000000,26.62000000,27.16000000,395134.64000000,10652834.77670000
1715875200000,27.16000000,27.52000000,27.02000000,27.14000000,140927.40000000,3838966.33360000
1715889600000,27.15000000,27.37000000,26.97000000,27.24000000,100249.66000000,2719418.50020000
1715904000000,27.24000000,27.38000000,26.93000000,27.22000000,118669.36000000,3227323.28470000
1715918400000,27.21000000,28.35000000,27.10000000,28.19000000,239074.55000000,6644619.48030000
1715932800000,28.20000000,28.50000000,27.91000000,28.17000000,233241.28000000,6587519.61890000
1715947200000,28.17000000,28.78000000,28.00000000,28.64000000,226168.37000000,6426530.96640000
1715961600000,28.63000000,28.69000000,28.01000000,28.15000000,153147.67000000,4339211.89640000
1715976000000,28.14000000,28.37000000,28.12000000,28.31000000,89993.20000000,2539375.23420000
1715990400000,28.31000000,29.14000000,28.10000000,29.02000000,238190.98000000,6836454.39240000
1716004800000,29.03000000,29.13000000,28.62000000,28.93000000,155551.80000000,4488067.01720000
1716019200000,28.93000000,29.14000000,28.75000000,28.99000000,177854.54000000,5152992.73400000
1716033600000,28.99000000,29.05000000,28.45000000,28.59000000,172339.09000000,4934729.87080000
1716048000000,28.60000000,28.70000000,28.47000000,28.60000000,48973.33000000,1398642.38380000
1716062400000,28.59000000,28.66000000,28.40000000,28.62000000,43716.70000000,1248700.16740000
1716076800000,28.63000000,28.90000000,28.44000000,28.77000000,74022.59000000,2124279.21080000
1716091200000,28.76000000,28.77000000,28.26000000,28.42000000,90723.24000000,2581689.31480000
1716105600000,28.42000000,28.51000000,28.05000000,28.28000000,126666.18000000,3574039.66140000
1716120000000,28.29000000,28.29000000,27.57000000,27.67000000,165273.36000000,4600205.86870000
1716134400000,27.68000000,27.70000000,27.33000000,27.55000000,109684.59000000,3017152.26120000
1716148800000,27.54000000,27.78000000,27.47000000,27.58000000,42467.22000000,1174770.93720000
1716163200000,27.58000000,28.05000000,27.45000000,27.80000000,151500.10000000,4211696.71130000
1716177600000,27.80000000,28.35000000,27.67000000,27.95000000,169602.86000000,4749833.97570000
1716192000000,27.95000000,28.23000000,27.89000000,28.05000000,92945.17000000,2609403.58870000
1716206400000,28.05000000,28.18000000,27.80000000,28.16000000,111221.79000000,3115171.19620000
1716220800000,28.15000000,30.00000000,28.07000000,29.86000000,573912.28000000,16660763.66920000
1716235200000,29.86000000,32.98000000,29.78000000,32.36000000,1330832.11000000,41896647.60410000
1716249600000,32.35000000,32.53000000,31.13000000,31.88000000,560423.34000000,17883119.93290000
1716264000000,31.87000000,31.95000000,31.29000000,31.61000000,303855.45000000,9615723.01810000
1716278400000,31.62000000,32.68000000,31.52000000,32.33000000,550230.91000000,17675383.53760000
1716292800000,32.33000000,32.90000000,31.66000000,31.78000000,756126.06000000,24400884.83980000
1716307200000,31.77000000,32.33000000,30.83000000,30.98000000,540083.43000000,17083797.08810000
1716321600000,30.98000000,32.02000000,30.94000000,31.72000000,241055.21000000,7599508.59490000
1716336000000,31.72000000,31.87000000,31.24000000,31.37000000,226518.75000000,7128720.73930000
1716350400000,31.37000000,31.41000000,30.62000000,31.19000000,237864.50000000,7382784.83020000
1716364800000,31.20000000,31.96000000,30.81000000,30.82000000,353857.62000000,11089823.09050000
1716379200000,30.81000000,31.01000000,29.60000000,30.67000000,802092.54000000,24221109.90740000
1716393600000,30.67000000,31.01000000,29.99000000,30.37000000,232650.85000000,7106720.80210000
1716408000000,30.38000000,30.69000000,30.10000000,30.38000000,125774.70000000,3829269.49990000
1716422400000,30.38000000,31.02000000,30.36000000,30.90000000,183792.57000000,5641166.87020000
1716436800000,30.90000000,31.75000000,30.66000000,31.55000000,522257.76000000,16288019.85010000
1716451200000,31.54000000,33.21000000,31.36000000,33.04000000,876184.58000000,28266615.40100000
1716465600000,33.04000000,34.34000000,31.37000000,32.97000000,2247809.36000000,74044364.24780000
1716480000000,32.96000000,33.01000000,31.58000000,32.46000000,642193.01000000,20746058.90610000
1716494400000,32.46000000,34.00000000,30.55000000,32.42000000,1149068.37000000,37409031.10860000
1716508800000,32.42000000,33.93000000,32.14000000,33.18000000,598233.53000000,19825598.73810000
1716523200000,33.19000000,33.34000000,31.36000000,31.78000000,502230.58000000,16146303.92240000
1716537600000,31.78000000,31.78000000,31.06000000,31.50000000,293598.80000000,9230483.71460000
1716552000000,31.50000000,31.73000000,31.01000000,31.41000000,320410.75000000,10068536.56860000
1716566400000,31.40000000,31.90000000,31.02000000,31.78000000,172309.95000000,5416620.05470000
1716580800000,31.80000000,31.92000000,31.54000000,31.59000000,86591.26000000,2744616.00410000
1716595200000,31.59000000,31.95000000,31.27000000,31.88000000,232544.64000000,7345639.64300000
1716609600000,31.87000000,32.34000000,31.82000000,31.84000000,289877.99000000,9301365.12510000
1716624000000,31.84000000,32.16000000,31.70000000,31.83000000,163324.74000000,5215035.30510000
1716638400000,31.82000000,31.86000000,31.32000000,31.57000000,149781.83000000,4723522.57200000
1716652800000,31.58000000,31.68000000,31.46000000,31.61000000,60288.59000000,1903786.30500000
1716667200000,31.60000000,31.73000000,31.37000000,31.67000000,71736.37000000,2261316.66020000
1716681600000,31.67000000,31.98000000,31.44000000,31.90000000,117161.62000000,3713903.07340000
1716696000000,31.89000000,32.09000000,31.50000000,31.92000000,154822.84000000,4921554.58500000
1716710400000,31.92000000,32.30000000,31.63000000,31.84000000,220395.87000000,7042464.35410000
1716724800000,31.85000000,32.77000000,31.48000000,32.18000000,340008.73000000,10919570.65690000
1716739200000,32.19000000,32.47000000,31.98000000,32.40000000,167495.43000000,5397602.92190000
1716753600000,32.41000000,32.41000000,31.64000000,31.71000000,94506.38000000,3016698.66880000
1716768000000,31.70000000,32.72000000,31.62000000,32.37000000,191036.89000000,6153284.84220000
1716782400000,32.38000000,32.42000000,31.72000000,32.00000000,137736.87000000,4403336.10110000
1716796800000,32.00000000,32.39000000,31.66000000,31.78000000,170480.40000000,5445004.89640000
1716811200000,31.77000000,32.61000000,31.68000000,32.51000000,226945.08000000,7292873.83310000
1716825600000,32.51000000,32.62000000,31.57000000,31.72000000,181770.48000000,5856866.30880000
1716840000000,31.72000000,32.04000000,31.65000000,31.91000000,107803.07000000,3438621.32720000
1716854400000,31.91000000,31.91000000,30.88000000,31.09000000,383253.52000000,12004121.75900000
1716868800000,31.08000000,31.16000000,30.62000000,31.00000000,168779.24000000,5216579.95450000
1716883200000,30.99000000,31.90000000,30.94000000,31.44000000,154873.09000000,4871490.19830000
1716897600000,31.45000000,31.52000000,30.87000000,31.21000000,173505.87000000,5408822.84030000
1716912000000,31.21000000,31.68000000,30.89000000,31.64000000,176150.72000000,5500361.99090000
1716926400000,31.64000000,31.77000000,31.40000000,31.42000000,106705.46000000,3370397.57550000
1716940800000,31.42000000,31.55000000,31.06000000,31.41000000,133357.45000000,4173589.55370000
1716955200000,31.41000000,31.66000000,30.92000000,30.93000000,144972.98000000,4533444.72960000
1716969600000,30.93000000,30.99000000,30.44000000,30.57000000,272177.42000000,8360735.07760000
1716984000000,30.58000000,30.85000000,30.25000000,30.32000000,228451.00000000,6972998.96880000
1716998400000,30.32000000,30.69000000,30.14000000,30.43000000,117491.19000000,3575267.54990000
1717012800000,30.44000000,30.61000000,30.29000000,30.43000000,79818.68000000,2431966.99640000
1717027200000,30.43000000,30.65000000,30.18000000,30.62000000,80380.56000000,2446543.98990000
1717041600000,30.63000000,30.74000000,29.38000000,29.51000000,251286.05000000,7552610.48280000
1717056000000,29.51000000,29.96000000,29.20000000,29.74000000,203825.80000000,6020414.91100000
1717070400000,29.75000000,30.34000000,29.70000000,30.14000000,173270.40000000,5208251.21730000
1717084800000,30.14000000,30.51000000,30.05000000,30.13000000,125988.14000000,3812643.69340000
1717099200000,30.13000000,30.13000000,29.72000000,29.80000000,103193.30000000,3080988.05330000
1717113600000,29.80000000,30.15000000,29.76000000,30.09000000,89669.89000000,2683423.29300000
1717128000000,30.09000000,30.12000000,29.59000000,29.71000000,110679.65000000,3303171.90110000
1717142400000,29.72000000,30.32000000,29.59000000,30.19000000,172226.81000000,5143375.12950000
1717156800000,30.19000000,30.56000000,29.41000000,29.44000000,203720.08000000,6113238.90120000
1717171200000,29.44000000,29.91000000,29.11000000,29.84000000,135530.88000000,3998959.45610000
1717185600000,29.87000000,29.93000000,29.52000000,29.59000000,71372.00000000,2125755.41580000
1717200000000,29.59000000,29.71000000,29.45000000,29.67000000,77377.15000000,2288540.96220000
1717214400000,29.68000000,29.72000000,29.49000000,29.51000000,29437.61000000,872176.96350000
1717228800000,29.52000000,29.78000000,29.50000000,29.60000000,45768.50000000,1355891.17520000
1717243200000,29.61000000,29.82000000,29.57000000,29.61000000,67329.44000000,1999565.89850000
1717257600000,29.61000000,29.67000000,29.42000000,29.50000000,75717.86000000,2237813.11240000
1717272000000,29.50000000,29.81000000,29.48000000,29.56000000,72273.56000000,2143538.27370000
1717286400000,29.55000000,29.82000000,29.34000000,29.47000000,81359.42000000,2405271.14420000
1717300800000,29.47000000,29.67000000,29.15000000,29.15000000,95315.80000000,2802672.38080000
1717315200000,29.16000000,29.29000000,28.76000000,29.25000000,145424.60000000,4220548.35830000
1717329600000,29.26000000,29.47000000,29.15000000,29.36000000,50343.33000000,1476223.39500000
1717344000000,29.36000000,29.41000000,28.54000000,28.86000000,124846.10000000,3601792.15170000
1717358400000,28.86000000,29.06000000,28.64000000,28.93000000,37156.61000000,1073865.50390000
1717372800000,28.93000000,29.29000000,28.56000000,29.02000000,131457.31000000,3814173.92690000
1717387200000,29.02000000,29.32000000,28.68000000,29.18000000,162610.95000000,4717171.06360000
1717401600000,29.18000000,29.37000000,29.06000000,29.09000000,99813.76000000,2913252.38300000
1717416000000,29.09000000,29.47000000,28.65000000,28.95000000,260647.35000000,7564430.96860000
1717430400000,28.96000000,29.00000000,28.72000000,28.82000000,54449.87000000,1568885.25730000
1717444800000,28.81000000,28.92000000,28.55000000,28.63000000,65017.77000000,1868011.50250000
1717459200000,28.64000000,28.73000000,28.33000000,28.53000000,108166.75000000,3086915.52150000
1717473600000,28.52000000,28.55000000,28.16000000,28.42000000,151291.34000000,4296481.68770000
1717488000000,28.42000000,28.57000000,28.18000000,28.53000000,112774.38000000,3205846.09540000
1717502400000,28.53000000,29.32000000,28.45000000,29.30000000,259842.53000000,7530116.41760000
1717516800000,29.31000000,29.99000000,29.29000000,29.57000000,248443.34000000,7357116.06290000
1717531200000,29.57000000,29.76000000,29.44000000,29.73000000,84574.37000000,2503017.96140000
1717545600000,29.73000000,29.88000000,29.50000000,29.56000000,132159.15000000,3921418.04130000
1717560000000,29.57000000,29.77000000,29.45000000,29.68000000,157722.46000000,4670268.49600000
1717574400000,29.67000000,29.71000000,29.43000000,29.50000000,98217.92000000,2902702.01400000
1717588800000,29.50000000,29.69000000,29.19000000,29.66000000,146174.16000000,4303280.97980000
1717603200000,29.67000000,29.99000000,29.52000000,29.92000000,114100.36000000,3397133.75040000
1717617600000,29.92000000,30.03000000,29.60000000,29.80000000,110682.99000000,3300666.36660000
1717632000000,29.80000000,29.81000000,29.58000000,29.60000000,74028.09000000,2200373.02250000
1717646400000,29.60000000,29.67000000,29.36000000,29.43000000,101669.61000000,2998267.32110000
1717660800000,29.44000000,29.53000000,29.32000000,29.49000000,91374.00000000,2688981.57990000
1717675200000,29.49000000,29.60000000,29.33000000,29.40000000,101161.57000000,2979590.70150000
1717689600000,29.40000000,29.52000000,28.98000000,29.03000000,135264.92000000,3962002.17490000
1717704000000,29.03000000,29.15000000,28.75000000,29.05000000,82830.75000000,2401333.51050000
1717718400000,29.05000000,29.08000000,28.83000000,28.99000000,77320.85000000,2240978.34730000
1717732800000,28.99000000,29.28000000,28.97000000,29.09000000,98060.15000000,2854838.45600000
1717747200000,29.09000000,29.41000000,28.94000000,29.31000000,151467.31000000,4410687.05390000
1717761600000,29.32000000,29.43000000,28.76000000,29.12000000,258408.58000000,7517731.53940000
1717776000000,29.12000000,29.26000000,25.07000000,26.81000000,971133.50000000,26037340.62430000
1717790400000,26.81000000,27.17000000,26.66000000,27.05000000,162572.93000000,4392913.38330000
1717804800000,27.04000000,27.17000000,26.92000000,27.12000000,181779.63000000,4918998.46630000
1717819200000,27.11000000,27.19000000,27.05000000,27.13000000,122968.58000000,3333807.52040000
1717833600000,27.13000000,27.13000000,26.57000000,26.62000000,221699.86000000,5960369.99610000
1717848000000,26.63000000,26.84000000,26.36000000,26.78000000,231969.21000000,6182773.54260000
1717862400000,26.78000000,27.03000000,26.55000000,26.88000000,150848.76000000,4044794.18770000
1717876800000,26.88000000,26.93000000,26.78000000,26.84000000,53425.96000000,1433145.63460000
1717891200000,26.84000000,26.99000000,26.73000000,26.81000000,73925.65000000,1984678.64120000
1717905600000,26.82000000,27.03000000,26.79000000,26.92000000,39241.01000000,1056707.23670000
1717920000000,26.93000000,27.00000000,26.85000000,26.96000000,38281.29000000,1030705.23110000
1717934400000,26.97000000,27.08000000,26.88000000,27.00000000,84244.40000000,2274704.92160000
1717948800000,26.99000000,27.04000000,26.87000000,26.91000000,80458.39000000,2168482.47340000
1717963200000,26.91000000,27.00000000,26.84000000,26.97000000,48852.98000000,1315736.38150000
1717977600000,26.97000000,26.97000000,26.72000000,26.74000000,49851.42000000,1339046.31850000
1717992000000,26.74000000,26.77000000,26.33000000,26.37000000,104522.41000000,2778950.97800000
1718006400000,26.37000000,27.08000000,26.35000000,26.86000000,107555.51000000,2876970.83280000
1718020800000,26.86000000,27.10000000,26.60000000,27.01000000,126042.63000000,3383155.14010000
1718035200000,27.02000000,27.04000000,26.62000000,26.64000000,61096.31000000,1637283.89230000
1718049600000,26.64000000,26.68000000,26.48000000,26.62000000,61956.57000000,1646893.92140000
1718064000000,26.63000000,26.63000000,25.86000000,26.19000000,254443.59000000,6656664.05220000
1718078400000,26.18000000,26.18000000,25.61000000,25.98000000,238985.47000000,6206826.66540000
1718092800000,25.97000000,26.08000000,25.84000000,25.88000000,100049.21000000,2597341.14290000
1718107200000,25.88000000,25.98000000,25.01000000,25.27000000,341242.21000000,8685621.29040000
1718121600000,25.26000000,25.85000000,25.14000000,25.78000000,170083.38000000,4336414.07050000
1718136000000,25.78000000,25.79000000,25.59000000,25.67000000,62993.06000000,1618506.39440000
1718150400000,25.67000000,25.78000000,25.28000000,25.69000000,120506.98000000,3081272.53480000
1718164800000,25.69000000,25.95000000,25.63000000,25.91000000,69704.68000000,1799196.29750000
1718179200000,25.91000000,26.10000000,25.56000000,25.66000000,114460.29000000,2953869.56500000
1718193600000,25.66000000,26.76000000,25.64000000,26.57000000,311948.89000000,8233285.05790000
1718208000000,26.57000000,26.68000000,25.67000000,25.83000000,252749.96000000,6643058.57930000
1718222400000,25.82000000,26.25000000,25.74000000,26.11000000,78088.56000000,2025049.47170000
1718236800000,26.12000000,26.16000000,25.45000000,25.71000000,123616.56000000,3186864.55260000
1718251200000,25.71000000,25.83000000,25.53000000,25.64000000,51530.77000000,1323431.92540000
1718265600000,25.65000000,25.70000000,25.42000000,25.52000000,84215.13000000,2153715.88640000
1718280000000,25.52000000,25.79000000,25.13000000,25.21000000,178070.01000000,4541116.80310000
1718294400000,25.21000000,25.52000000,25.09000000,25.37000000,71642.17000000,1817243.00220000
1718308800000,25.36000000,25.43000000,25.12000000,25.31000000,39065.79000000,988323.96760000
1718323200000,25.31000000,25.49000000,25.14000000,25.29000000,82251.41000000,2083129.86460000
1718337600000,25.29000000,25.49000000,25.26000000,25.41000000,81340.60000000,2060429.76230000
1718352000000,25.41000000,25.68000000,25.36000000,25.62000000,57740.92000000,1473199.35580000
1718366400000,25.64000000,25.66000000,25.06000000,25.09000000,87220.20000000,2208321.28460000
1718380800000,25.10000000,25.14000000,24.11000000,24.40000000,371148.78000000,9084711.83590000
1718395200000,24.42000000,25.54000000,24.40000000,25.13000000,152502.25000000,3826017.41610000
1718409600000,25.14000000,25.30000000,24.97000000,25.13000000,68510.93000000,1721016.09920000
1718424000000,25.13000000,25.55000000,25.13000000,25.34000000,125426.72000000,3176442.35600000
1718438400000,25.35000000,25.41000000,25.21000000,25.30000000,30459.84000000,771147.73790000
1718452800000,25.31000000,25.64000000,25.28000000,25.45000000,71256.45000000,1812885.13390000
1718467200000,25.46000000,25.63000000,25.38000000,25.54000000,35397.35000000,902072.24300000
1718481600000,25.54000000,25.71000000,25.40000000,25.63000000,32407.87000000,829269.01830000
1718496000000,25.63000000,25.63000000,25.37000000,25.37000000,44417.85000000,1132305.13550000
1718510400000,25.36000000,25.54000000,25.24000000,25.45000000,33553.73000000,852961.54450000
1718524800000,25.45000000,25.49000000,25.30000000,25.34000000,36358.62000000,923429.25840000
1718539200000,25.33000000,25.63000000,25.27000000,25.53000000,64167.89000000,1635656.80350000
1718553600000,25.53000000,25.62000000,25.40000000,25.47000000,61315.22000000,1565054.38540000
1718568000000,25.47000000,25.68000000,25.40000000,25.46000000,48127.68000000,1228930.47920000
1718582400000,25.47000000,25.55000000,24.89000000,24.96000000,112556.83000000,2830805.61770000
1718596800000,24.97000000,25.05000000,24.50000000,24.63000000,103717.06000000,2566609.61040000
1718611200000,24.64000000,24.71000000,23.95000000,24.35000000,256490.75000000,6229610.64610000
1718625600000,24.33000000,24.41000000,23.93000000,23.97000000,170416.69000000,4126177.25030000
1718640000000,23.99000000,24.61000000,23.45000000,24.50000000,269692.48000000,6479692.63460000
1718654400000,24.51000000,24.51000000,23.98000000,24.09000000,117293.27000000,2837077.47960000
1718668800000,24.08000000,24.13000000,21.16000000,22.75000000,832682.56000000,18827950.09300000
1718683200000,22.75000000,23.14000000,22.66000000,23.04000000,568733.70000000,13043402.87520000
1718697600000,23.04000000,23.11000000,22.59000000,22.72000000,207617.07000000,4760452.39050000
1718712000000,22.73000000,23.18000000,22.47000000,22.93000000,416872.82000000,9483904.67990000
1718726400000,22.93000000,23.00000000,22.60000000,22.99000000,144587.54000000,3292823.34250000
1718740800000,22.98000000,23.16000000,22.72000000,23.05000000,137972.76000000,3171034.42430000
1718755200000,23.05000000,24.15000000,22.90000000,24.07000000,276189.43000000,6525157.73370000
1718769600000,24.08000000,24.18000000,23.73000000,23.82000000,186993.59000000,4469857.15450000
1718784000000,23.83000000,23.96000000,23.69000000,23.78000000,90383.12000000,2150337.44490000
1718798400000,23.78000000,23.94000000,23.57000000,23.72000000,102262.13000000,2426977.06800000
1718812800000,23.72000000,24.19000000,23.63000000,23.96000000,66957.40000000,1606238.06360000
1718827200000,23.96000000,24.09000000,23.83000000,23.98000000,38133.92000000,913606.36080000
1718841600000,23.99000000,24.30000000,23.87000000,24.04000000,107631.14000000,2587518.57350000
1718856000000,24.05000000,24.79000000,23.93000000,24.67000000,142615.34000000,3468365.94330000
1718870400000,24.68000000,24.80000000,24.42000000,24.63000000,100307.06000000,2466717.72290000
1718884800000,24.64000000,24.66000000,23.86000000,24.01000000,184972.14000000,4468382.91510000
1718899200000,23.99000000,24.28000000,23.75000000,24.16000000,130970.49000000,3146500.55770000
1718913600000,24.16000000,24.17000000,23.99000000,24.06000000,31511.86000000,758889.23780000
1718928000000,24.06000000,24.11000000,23.79000000,23.94000000,83008.13000000,1989432.26630000
1718942400000,23.96000000,24.10000000,23.77000000,23.84000000,99155.31000000,2378919.14850000
1718956800000,23.85000000,24.04000000,23.38000000,23.87000000,223521.33000000,5307708.22990000
1718971200000,23.86000000,23.94000000,23.36000000,23.48000000,215248.99000000,5083273.04770000
1718985600000,23.48000000,23.60000000,23.17000000,23.55000000,85994.39000000,2008101.94140000
1719000000000,23.54000000,23.74000000,23.43000000,23.56000000,42091.44000000,992633.18080000
1719014400000,23.56000000,23.63000000,23.40000000,23.59000000,38822.91000000,913767.38040000
1719028800000,23.60000000,23.65000000,23.41000000,23.43000000,97189.56000000,2286059.09910000
1719043200000,23.43000000,23.50000000,23.27000000,23.48000000,47733.05000000,1118316.66030000
1719057600000,23.48000000,23.63000000,23.41000000,23.51000000,39896.50000000,937608.47280000
1719072000000,23.52000000,23.52000000,23.37000000,23.43000000,16285.65000000,381880.17950000
1719086400000,23.42000000,23.49000000,23.34000000,23.36000000,21697.13000000,508203.19330000
1719100800000,23.36000000,23.54000000,23.31000000,23.47000000,29907.56000000,701148.14440000
1719115200000,23.48000000,23.49000000,23.33000000,23.38000000,18876.97000000,441459.53200000
1719129600000,23.39000000,23.48000000,23.24000000,23.34000000,25801.56000000,602859.37270000
1719144000000,23.34000000,23.34000000,22.83000000,22.95000000,76695.75000000,1771571.61210000
1719158400000,22.94000000,22.99000000,22.75000000,22.98000000,47969.78000000,1096602.81980000
1719172800000,22.98000000,23.00000000,22.50000000,22.66000000,120502.11000000,2740782.32630000
1719187200000,22.66000000,22.97000000,22.58000000,22.88000000,171269.33000000,3894686.74090000
1719201600000,22.88000000,22.89000000,22.36000000,22.60000000,197966.17000000,4477726.27160000
1719216000000,22.60000000,22.83000000,21.53000000,22.40000000,231666.80000000,5147445.88780000
1719230400000,22.39000000,22.76000000,22.33000000,22.41000000,71433.78000000,1610338.01500000
1719244800000,22.41000000,22.81000000,22.35000000,22.61000000,106162.98000000,2397305.94710000
1719259200000,22.63000000,23.05000000,22.32000000,23.00000000,116151.46000000,2647105.38170000
1719273600000,22.99000000,23.49000000,22.89000000,23.39000000,87965.63000000,2037713.42700000
1719288000000,23.39000000,23.55000000,23.25000000,23.32000000,73990.73000000,1730978.41630000
1719302400000,23.32000000,23.60000000,23.23000000,23.42000000,61094.63000000,1430824.80400000
1719316800000,23.42000000,23.74000000,23.32000000,23.66000000,113514.59000000,2674539.80180000
1719331200000,23.67000000,23.70000000,23.43000000,23.59000000,34830.55000000,820882.71860000
1719345600000,23.61000000,23.61000000,23.44000000,23.48000000,21607.61000000,508337.69680000
1719360000000,23.48000000,23.70000000,23.39000000,23.52000000,30809.34000000,725145.85070000
1719374400000,23.52000000,23.53000000,23.31000000,23.47000000,21236.58000000,497208.48620000
1719388800000,23.47000000,23.69000000,23.37000000,23.59000000,62993.70000000,1481391.82370000
1719403200000,23.59000000,23.73000000,23.42000000,23.60000000,51386.50000000,1211439.00050000
1719417600000,23.60000000,23.89000000,23.26000000,23.89000000,95768.76000000,2251230.25010000
1719432000000,23.90000000,23.98000000,23.62000000,23.68000000,38665.34000000,919617.98990000
1719446400000,23.69000000,23.70000000,23.38000000,23.45000000,74652.08000000,1754048.92280000
1719460800000,23.45000000,23.46000000,23.12000000,23.26000000,49046.97000000,1141101.44860000
1719475200000,23.26000000,23.54000000,23.19000000,23.45000000,54625.38000000,1278791.61170000
1719489600000,23.44000000,24.41000000,23.44000000,24.01000000,171784.51000000,4121125.32370000
1719504000000,24.01000000,24.09000000,23.90000000,23.96000000,56662.56000000,1358484.20480000
1719518400000,23.97000000,24.11000000,23.95000000,24.07000000,24703.86000000,593604.44680000
1719532800000,24.06000000,24.44000000,23.98000000,24.24000000,69416.86000000,1680227.87230000
1719547200000,24.24000000,24.24000000,23.92000000,24.01000000,33404.98000000,802767.79420000
1719561600000,24.00000000,24.03000000,23.84000000,23.99000000,89903.54000000,2149704.64580000
1719576000000,23.99000000,24.16000000,23.76000000,23.90000000,106701.60000000,2553828.65680000
1719590400000,23.89000000,23.93000000,23.57000000,23.70000000,54771.00000000,1300710.76730000
1719604800000,23.71000000,23.79000000,23.38000000,23.41000000,28209.82000000,663788.43260000
1719619200000,23.41000000,23.71000000,23.39000000,23.68000000,41239.65000000,971400.48850000
1719633600000,23.69000000,23.75000000,23.52000000,23.63000000,21609.55000000,510895.84510000
1719648000000,23.63000000,23.64000000,23.44000000,23.52000000,23713.72000000,557794.01460000
1719662400000,23.51000000,23.53000000,23.26000000,23.36000000,31626.38000000,739523.88310000
1719676800000,23.36000000,23.36000000,23.09000000,23.20000000,34943.63000000,810778.75510000
1719691200000,23.21000000,23.35000000,23.11000000,23.14000000,34360.75000000,798965.13180000
1719705600000,23.15000000,23.24000000,22.69000000,22.92000000,86137.55000000,1976472.44670000
1719720000000,22.92000000,23.52000000,22.85000000,23.38000000,58432.25000000,1355429.50630000
1719734400000,23.39000000,23.50000000,23.16000000,23.23000000,40645.45000000,948354.19230000
1719748800000,23.23000000,23.43000000,23.10000000,23.38000000,31856.91000000,741312.06660000
1719763200000,23.38000000,23.61000000,23.30000000,23.58000000,27477.43000000,644732.96740000
1719777600000,23.59000000,23.88000000,23.53000000,23.69000000,28125.03000000,666745.50800000
1719792000000,23.69000000,24.09000000,23.61000000,23.84000000,73124.97000000,1746608.76660000
1719806400000,23.84000000,23.89000000,23.76000000,23.86000000,24664.68000000,587839.14140000
1719820800000,23.87000000,23.90000000,23.68000000,23.74000000,39396.57000000,937453.09520000
1719835200000,23.74000000,23.81000000,23.49000000,23.71000000,48763.34000000,1152777.01030000
1719849600000,23.71000000,23.76000000,23.41000000,23.50000000,190823.29000000,4490781.38120000
1719864000000,23.49000000,23.54000000,23.16000000,23.24000000,51163.25000000,1192257.76090000
1719878400000,23.22000000,23.42000000,23.11000000,23.37000000,39344.43000000,913925.46580000
1719892800000,23.37000000,23.46000000,23.13000000,23.17000000,36551.65000000,851469.59780000
1719907200000,23.17000000,23.28000000,23.10000000,23.25000000,40202.35000000,932203.23210000
1719921600000,23.25000000,23.41000000,22.97000000,23.01000000,65418.76000000,1515951.75430000
1719936000000,23.01000000,23.28000000,22.95000000,23.17000000,29129.81000000,672151.20050000
1719950400000,23.17000000,23.34000000,23.17000000,23.29000000,27309.02000000,635411.06610000
1719964800000,23.30000000,23.34000000,22.64000000,22.93000000,65849.01000000,1514143.67990000
1719979200000,22.92000000,22.94000000,22.77000000,22.83000000,38662.41000000,884210.31160000
1719993600000,22.82000000,22.92000000,22.34000000,22.57000000,119938.69000000,2715603.74610000
1720008000000,22.57000000,22.69000000,22.29000000,22.52000000,60936.04000000,1370008.83920000
1720022400000,22.51000000,22.70000000,22.25000000,22.39000000,63010.99000000,1417820.07440000
1720036800000,22.39000000,22.61000000,22.30000000,22.54000000,51003.14000000,1145906.22990000
1720051200000,22.55000000,22.63000000,21.32000000,22.08000000,203986.23000000,4474665.80670000
1720065600000,22.08000000,22.10000000,21.52000000,21.61000000,73978.08000000,1612100.27550000
1720080000000,21.61000000,21.87000000,21.33000000,21.72000000,161103.92000000,3478245.91010000
1720094400000,21.71000000,21.74000000,21.05000000,21.63000000,183721.24000000,3943987.94850000
1720108800000,21.63000000,21.65000000,21.27000000,21.27000000,44421.12000000,954393.91160000
1720123200000,21.28000000,21.62000000,20.63000000,20.77000000,123754.24000000,2607173.92580000
1720137600000,20.78000000,20.85000000,18.54000000,18.84000000,1118776.29000000,21825046.04970000
1720152000000,18.83000000,19.29000000,18.33000000,18.91000000,456456.44000000,8612682.47990000
1720166400000,18.92000000,19.28000000,18.17000000,19.23000000,389268.86000000,7287068.41800000
1720180800000,19.21000000,19.94000000,19.03000000,19.89000000,238467.74000000,4635512.82910000
1720195200000,19.90000000,20.37000000,19.72000000,20.24000000,111742.99000000,2234733.76650000
1720209600000,20.25000000,20.64000000,20.10000000,20.22000000,154336.98000000,3142703.05370000
1720224000000,20.22000000,20.88000000,20.03000000,20.47000000,113529.76000000,2312083.15680000
1720238400000,20.47000000,20.70000000,20.14000000,20.70000000,77792.05000000,1586923.33910000
1720252800000,20.69000000,20.78000000,20.47000000,20.74000000,55846.53000000,1154265.52110000
1720267200000,20.73000000,20.90000000,20.48000000,20.77000000,89412.62000000,1846303.32560000
1720281600000,20.78000000,21.20000000,20.75000000,21.16000000,54846.43000000,1153931.85690000
1720296000000,21.17000000,21.29000000,21.05000000,21.18000000,35026.99000000,742025.42760000
1720310400000,21.18000000,21.24000000,20.95000000,21.03000000,94073.11000000,1981386.90810000
1720324800000,21.03000000,21.04000000,20.47000000,20.64000000,78750.98000000,1634908.76380000
1720339200000,20.63000000,20.77000000,20.51000000,20.60000000,102645.03000000,2114247.95980000
1720353600000,20.59000000,20.71000000,19.92000000,20.10000000,128596.09000000,2592377.23210000
1720368000000,20.09000000,20.45000000,20.04000000,20.14000000,35856.12000000,726036.93120000
1720382400000,20.15000000,20.22000000,19.64000000,19.76000000,72189.99000000,1434342.92850000
1720396800000,19.76000000,19.87000000,18.93000000,19.47000000,166904.72000000,3224827.04700000
1720411200000,19.46000000,19.93000000,19.40000000,19.88000000,60866.01000000,1199181.06870000
1720425600000,19.87000000,21.13000000,19.85000000,20.77000000,153297.80000000,3170945.29050000
1720440000000,20.78000000,20.88000000,19.69000000,20.13000000,254259.78000000,5155163.11110000
1720454400000,20.10000000,20.35000000,19.88000000,20.33000000,51927.20000000,1045615.16410000
1720468800000,20.33000000,20.52000000,20.22000000,20.40000000,38582.24000000,785742.50190000
1720483200000,20.40000000,20.91000000,20.28000000,20.74000000,118100.81000000,2432352.23050000
1720497600000,20.73000000,20.88000000,20.63000000,20.73000000,43301.34000000,898093.03900000
1720512000000,20.73000000,21.06000000,20.68000000,20.86000000,56468.73000000,1178888.34510000
1720526400000,20.85000000,21.02000000,20.63000000,20.82000000,69560.62000000,1447806.96970000
1720540800000,20.82000000,20.87000000,20.57000000,20.71000000,53608.17000000,1110108.69620000
1720555200000,20.70000000,20.79000000,20.53000000,20.64000000,22064.80000000,455569.65030000
1720569600000,20.64000000,20.81000000,20.43000000,20.80000000,37108.95000000,766003.18940000
1720584000000,20.82000000,21.22000000,20.82000000,21.02000000,91043.60000000,1917086.37890000
1720598400000,21.02000000,21.08000000,20.87000000,20.97000000,39882.69000000,836883.76910000
1720612800000,20.98000000,21.07000000,20.77000000,20.99000000,61682.94000000,1290126.53550000
1720627200000,21.01000000,21.15000000,20.85000000,20.99000000,40224.18000000,843984.38350000
1720641600000,20.99000000,21.07000000,20.81000000,20.99000000,30456.60000000,637352.77740000
1720656000000,20.99000000,21.22000000,20.68000000,20.85000000,39399.98000000,826596.27470000
1720670400000,20.85000000,21.14000000,20.83000000,21.08000000,20834.12000000,437672.57370000
1720684800000,21.08000000,21.24000000,21.02000000,21.21000000,44677.21000000,944378.94070000
1720699200000,21.21000000,21.72000000,20.90000000,21.03000000,174453.88000000,3733475.20040000
1720713600000,21.02000000,21.25000000,20.91000000,21.08000000,48835.67000000,1031991.65620000
1720728000000,21.07000000,21.09000000,20.57000000,20.66000000,40063.85000000,833165.36610000
1720742400000,20.65000000,20.90000000,20.49000000,20.75000000,44013.52000000,913596.95530000
1720756800000,20.74000000,20.97000000,20.62000000,20.88000000,45354.22000000,944674.45480000
1720771200000,20.87000000,20.99000000,20.69000000,20.95000000,70563.81000000,1473821.96650000
1720785600000,20.95000000,21.38000000,20.89000000,21.33000000,52411.37000000,1106674.69100000
1720800000000,21.35000000,21.78000000,21.27000000,21.35000000,69238.66000000,1490496.93770000
1720814400000,21.36000000,21.48000000,21.24000000,21.48000000,26380.55000000,563525.27220000
1720828800000,21.48000000,21.61000000,21.43000000,21.54000000,28982.13000000,623785.08430000
1720843200000,21.55000000,21.85000000,21.48000000,21.77000000,61922.87000000,1346351.72760000
1720857600000,21.77000000,22.07000000,21.67000000,21.94000000,123568.72000000,2706210.79370000
1720872000000,21.94000000,22.27000000,21.80000000,22.14000000,298166.12000000,6552744.27990000
1720886400000,22.13000000,22.43000000,22.03000000,22.41000000,244521.00000000,5422222.18970000
1720900800000,22.41000000,22.55000000,22.25000000,22.39000000,57521.22000000,1288977.81680000
1720915200000,22.38000000,22.56000000,22.20000000,22.27000000,47526.51000000,1062318.41630000
1720929600000,22.27000000,22.51000000,22.27000000,22.36000000,58124.59000000,1302789.63900000
1720944000000,22.36000000,22.51000000,22.29000000,22.33000000,37679.72000000,843523.43710000
1720958400000,22.33000000,22.39000000,22.15000000,22.39000000,199055.38000000,4425442.26760000
1720972800000,22.38000000,22.54000000,22.37000000,22.45000000,18148.81000000,407809.41780000
1720987200000,22.45000000,22.73000000,22.40000000,22.58000000,56746.21000000,1282460.12340000
1721001600000,22.57000000,23.03000000,22.51000000,22.96000000,73891.72000000,1686166.04180000
1721016000000,22.96000000,23.15000000,22.88000000,23.04000000,43203.19000000,993162.71000000
1721030400000,23.04000000,23.10000000,22.79000000,22.87000000,58610.99000000,1343162.13860000
1721044800000,22.87000000,23.19000000,22.87000000,23.04000000,48701.78000000,1120746.23940000
1721059200000,23.03000000,23.34000000,22.98000000,23.33000000,54637.55000000,1266327.84100000
1721073600000,23.32000000,23.97000000,23.30000000,23.88000000,101770.71000000,2409449.22600000
1721088000000,23.89000000,23.99000000,23.66000000,23.92000000,86498.13000000,2064191.46160000
1721102400000,23.92000000,23.98000000,22.84000000,22.93000000,130636.44000000,3050493.31480000
1721116800000,22.93000000,23.34000000,22.74000000,23.26000000,123677.61000000,2857442.64310000
1721131200000,23.27000000,23.82000000,23.09000000,23.77000000,94018.02000000,2203136.58870000
1721145600000,23.76000000,23.85000000,23.54000000,23.70000000,90887.84000000,2153584.46150000
1721160000000,23.69000000,23.73000000,23.40000000,23.59000000,39567.57000000,934084.15270000
1721174400000,23.59000000,23.89000000,23.53000000,23.67000000,158249.09000000,3764320.97980000
1721188800000,23.66000000,23.84000000,23.60000000,23.70000000,85327.44000000,2026735.36850000
1721203200000,23.70000000,23.80000000,23.41000000,23.57000000,77606.09000000,1834262.37640000
1721217600000,23.57000000,23.74000000,23.32000000,23.36000000,104629.73000000,2464972.65180000
1721232000000,23.35000000,23.46000000,22.88000000,23.07000000,124550.85000000,2876167.78360000
1721246400000,23.07000000,23.18000000,22.89000000,22.96000000,52260.77000000,1203649.83220000
1721260800000,22.97000000,23.37000000,22.97000000,23.29000000,49031.95000000,1138073.40470000
1721275200000,23.30000000,23.39000000,23.07000000,23.14000000,60197.24000000,1397306.15140000
1721289600000,23.15000000,23.29000000,23.03000000,23.28000000,73987.12000000,1713618.98850000
1721304000000,23.28000000,23.49000000,22.70000000,22.72000000,135746.11000000,3135546.39170000
1721318400000,22.71000000,23.03000000,22.51000000,22.89000000,58550.22000000,1333109.94050000
1721332800000,22.89000000,23.09000000,22.77000000,23.01000000,21825.36000000,500290.91730000
1721347200000,23.01000000,23.07000000,22.51000000,23.06000000,55456.71000000,1264558.92000000
1721361600000,23.07000000,23.10000000,22.75000000,22.82000000,33421.45000000,767170.17640000
1721376000000,22.82000000,22.87000000,22.60000000,22.80000000,43585.13000000,990199.29230000
1721390400000,22.80000000,23.40000000,22.74000000,23.25000000,108967.11000000,2520564.00220000
1721404800000,23.26000000,23.68000000,23.26000000,23.65000000,75044.20000000,1761869.20570000
1721419200000,23.63000000,23.69000000,23.50000000,23.61000000,45711.86000000,1078889.74300000
1721433600000,23.60000000,23.69000000,23.37000000,23.54000000,32637.20000000,767801.82010000
1721448000000,23.54000000,23.70000000,23.51000000,23.59000000,36364.48000000,858860.38630000
1721462400000,23.58000000,23.70000000,23.46000000,23.57000000,100870.83000000,2378512.31740000
1721476800000,23.55000000,23.90000000,23.47000000,23.86000000,112566.28000000,2673836.16080000
1721491200000,23.87000000,24.22000000,23.82000000,24.07000000,94701.95000000,2280371.94680000
1721505600000,24.07000000,24.19000000,23.84000000,23.92000000,37510.48000000,900563.24590000
1721520000000,23.92000000,24.06000000,23.83000000,23.87000000,35981.96000000,860290.21100000
1721534400000,23.87000000,23.91000000,23.46000000,23.62000000,45209.66000000,1069589.01040000
1721548800000,23.61000000,23.79000000,23.55000000,23.66000000,37648.43000000,890974.02720000
1721563200000,23.66000000,23.78000000,23.42000000,23.60000000,51674.93000000,1220638.64960000
1721577600000,23.60000000,23.82000000,22.81000000,23.64000000,162636.61000000,3789996.43000000
1721592000000,23.64000000,24.35000000,23.62000000,24.16000000,92044.44000000,2217493.02910000
1721606400000,24.16000000,24.31000000,23.91000000,23.93000000,57746.94000000,1390394.99650000
1721620800000,23.93000000,24.00000000,23.33000000,23.49000000,65034.78000000,1534792.01630000
1721635200000,23.48000000,23.64000000,23.37000000,23.61000000,60498.17000000,1421075.40250000
1721649600000,23.61000000,23.69000000,22.98000000,23.41000000,92889.73000000,2175140.48880000
1721664000000,23.41000000,23.70000000,23.37000000,23.67000000,40606.95000000,954980.80570000
1721678400000,23.68000000,23.69000000,23.09000000,23.43000000,112695.50000000,2630253.42030000
1721692800000,23.43000000,25.15000000,23.40000000,24.34000000,430866.07000000,10568634.09450000
1721707200000,24.34000000,24.40000000,23.57000000,24.08000000,152566.89000000,3659212.88990000
1721721600000,24.08000000,24.85000000,24.04000000,24.67000000,303371.77000000,7450677.55700000
1721736000000,24.67000000,24.75000000,23.98000000,24.35000000,196010.07000000,4773493.29650000
1721750400000,24.33000000,24.37000000,23.44000000,24.09000000,265674.14000000,6321415.25450000
1721764800000,24.09000000,24.22000000,23.72000000,24.05000000,92130.42000000,2210064.61250000
1721779200000,24.04000000,24.14000000,23.61000000,23.71000000,78903.14000000,1874964.43780000
1721793600000,23.71000000,23.72000000,23.49000000,23.64000000,39473.39000000,931675.64610000
1721808000000,23.63000000,23.78000000,23.59000000,23.68000000,42805.24000000,1014906.15550000
1721822400000,23.67000000,23.80000000,23.33000000,23.35000000,99140.16000000,2338369.95240000
1721836800000,23.34000000,23.48000000,22.95000000,22.99000000,114922.51000000,2664834.18690000
1721851200000,22.99000000,23.11000000,22.58000000,22.86000000,116538.52000000,2662567.72360000
1721865600000,22.85000000,22.96000000,21.87000000,22.02000000,178016.04000000,3957819.68700000
1721880000000,22.01000000,22.24000000,21.82000000,22.09000000,75185.33000000,1660610.16660000
1721894400000,22.09000000,22.14000000,21.84000000,21.93000000,45287.88000000,996147.30840000
1721908800000,21.93000000,22.08000000,21.62000000,21.93000000,89791.58000000,1962172.79280000
1721923200000,21.93000000,22.08000000,21.41000000,21.62000000,82368.21000000,1793764.75870000
1721937600000,21.62000000,22.19000000,21.28000000,22.09000000,102469.82000000,2238043.16620000
1721952000000,22.09000000,22.55000000,22.06000000,22.39000000,68769.90000000,1533389.25010000
1721966400000,22.39000000,22.72000000,22.38000000,22.60000000,48457.03000000,1092449.18570000
1721980800000,22.60000000,22.65000000,22.46000000,22.57000000,40753.05000000,919769.07960000
1721995200000,22.57000000,22.70000000,22.44000000,22.60000000,70901.06000000,1601413.64920000
1722009600000,22.60000000,22.85000000,22.58000000,22.76000000,30801.97000000,699427.14270000
1722024000000,22.76000000,22.99000000,22.67000000,22.91000000,44798.77000000,1023901.83360000
1722038400000,22.91000000,23.00000000,22.76000000,22.83000000,35819.45000000,819142.76560000
1722052800000,22.83000000,23.01000000,22.83000000,22.93000000,38823.44000000,889128.30150000
1722067200000,22.93000000,22.99000000,22.80000000,22.97000000,36192.36000000,829511.61300000
1722081600000,22.96000000,23.29000000,22.92000000,22.98000000,67725.20000000,1567482.78210000
1722096000000,22.99000000,23.05000000,22.73000000,23.05000000,53487.38000000,1225580.97950000
1722110400000,23.04000000,23.22000000,22.54000000,22.82000000,81265.27000000,1867280.04320000
1722124800000,22.82000000,22.94000000,22.62000000,22.69000000,40417.86000000,921523.16390000
1722139200000,22.70000000,22.74000000,22.38000000,22.63000000,27909.33000000,629863.06650000
1722153600000,22.63000000,22.73000000,22.50000000,22.65000000,16974.45000000,383973.97030000
1722168000000,22.66000000,22.75000000,22.52000000,22.60000000,21990.50000000,497552.99230000
1722182400000,22.60000000,22.80000000,22.59000000,22.72000000,23359.21000000,529785.91600000
1722196800000,22.73000000,22.74000000,22.46000000,22.64000000,17177.71000000,387867.52590000
1722211200000,22.64000000,23.22000000,22.64000000,23.01000000,72113.46000000,1656051.86370000
1722225600000,23.01000000,23.32000000,22.94000000,23.32000000,41356.48000000,957677.13790000
1722240000000,23.32000000,23.56000000,23.24000000,23.35000000,54521.47000000,1277742.20720000
1722254400000,23.35000000,23.45000000,22.74000000,22.89000000,83342.66000000,1928873.50740000
1722268800000,22.89000000,23.00000000,22.55000000,22.90000000,58756.65000000,1339083.01880000
1722283200000,22.89000000,23.05000000,22.78000000,22.83000000,23204.29000000,531804.34210000
1722297600000,22.83000000,23.06000000,22.56000000,22.88000000,44234.41000000,1007318.36660000
1722312000000,22.88000000,22.94000000,22.68000000,22.87000000,20543.28000000,469148.60770000
1722326400000,22.88000000,23.00000000,22.74000000,22.79000000,43463.24000000,992729.93890000
1722340800000,22.79000000,22.98000000,22.52000000,22.72000000,42707.42000000,972923.94990000
1722355200000,22.72000000,22.77000000,22.12000000,22.27000000,44906.51000000,1004457.01630000
1722369600000,22.27000000,22.34000000,21.97000000,22.24000000,38283.61000000,850349.84000000
1722384000000,22.24000000,22.44000000,22.14000000,22.38000000,23319.74000000,520360.96420000
1722398400000,22.38000000,22.50000000,22.08000000,22.35000000,28482.42000000,636098.56220000
1722412800000,22.35000000,22.43000000,22.27000000,22.39000000,24499.99000000,547684.80630000
1722427200000,22.38000000,22.57000000,22.27000000,22.33000000,29517.02000000,661742.21770000
1722441600000,22.33000000,22.46000000,21.87000000,22.01000000,52608.36000000,1169281.53410000
1722456000000,22.02000000,22.02000000,21.65000000,21.78000000,70970.97000000,1547371.81800000
1722470400000,21.78000000,22.18000000,21.77000000,21.94000000,90460.51000000,1986422.91020000
1722484800000,21.94000000,21.99000000,21.45000000,21.63000000,55954.93000000,1215954.76500000
1722499200000,21.63000000,21.84000000,21.60000000,21.82000000,26640.96000000,579066.58070000
1722513600000,21.82000000,21.93000000,21.18000000,21.23000000,76850.86000000,1648157.47040000
1722528000000,21.24000000,21.24000000,20.42000000,20.87000000,187195.91000000,3884228.66490000
1722542400000,20.86000000,21.70000000,20.79000000,21.54000000,67586.76000000,1434386.76500000
1722556800000,21.54000000,21.65000000,20.99000000,21.27000000,45893.94000000,977884.69790000
1722571200000,21.26000000,21.32000000,20.82000000,21.09000000,30385.35000000,641231.77250000
1722585600000,21.08000000,21.32000000,20.97000000,21.22000000,64310.88000000,1364074.77870000
1722600000000,21.23000000,21.53000000,20.04000000,20.46000000,205664.67000000,4245081.81020000
1722614400000,20.46000000,20.55000000,20.27000000,20.46000000,194287.73000000,3968402.75390000
1722628800000,20.47000000,20.65000000,20.13000000,20.23000000,51391.65000000,1047021.84190000
1722643200000,20.22000000,20.48000000,19.65000000,20.47000000,94239.26000000,1890051.23620000
1722657600000,20.46000000,20.57000000,20.32000000,20.53000000,53778.59000000,1102895.39900000
1722672000000,20.53000000,20.57000000,20.31000000,20.47000000,98933.35000000,2023924.35480000
1722686400000,20.47000000,20.59000000,20.00000000,20.02000000,85346.63000000,1741500.51550000
1722700800000,20.02000000,20.10000000,19.20000000,19.21000000,179517.22000000,3522900.08040000
1722715200000,19.20000000,19.78000000,19.12000000,19.65000000,72228.61000000,1405908.94270000
1722729600000,19.65000000,19.87000000,19.48000000,19.78000000,32174.77000000,634368.64680000
1722744000000,19.78000000,19.87000000,19.51000000,19.52000000,35870.63000000,707440.83340000
1722758400000,19.51000000,19.65000000,19.37000000,19.59000000,41744.97000000,815781.22730000
1722772800000,19.59000000,19.72000000,18.93000000,18.97000000,104138.36000000,2011398.22560000
1722787200000,18.98000000,19.29000000,18.27000000,19.24000000,239595.79000000,4497415.69610000
1722801600000,19.24000000,19.47000000,18.89000000,18.92000000,111259.46000000,2130657.03090000
1722816000000,18.92000000,19.01000000,16.09000000,16.82000000,768227.73000000,13267417.25330000
1722830400000,16.82000000,17.59000000,15.56000000,17.10000000,807944.36000000,13575309.26170000
1722844800000,17.10000000,17.13000000,15.83000000,16.37000000,281814.40000000,4640657.76800000
1722859200000,16.36000000,17.80000000,15.74000000,17.65000000,514211.96000000,8644860.90000000
1722873600000,17.66000000,18.04000000,17.22000000,17.48000000,203846.08000000,3601727.54480000
1722888000000,17.48000000,17.99000000,17.47000000,17.66000000,76354.13000000,1353973.26780000
1722902400000,17.66000000,18.51000000,17.63000000,18.07000000,162438.58000000,2954403.40290000
1722916800000,18.07000000,18.44000000,18.00000000,18.34000000,76579.46000000,1398262.10910000
1722931200000,18.34000000,18.35000000,17.79000000,17.88000000,136494.71000000,2451316.33410000
1722945600000,17.88000000,18.63000000,17.83000000,18.36000000,206827.25000000,3731089.44810000
1722960000000,18.36000000,18.46000000,18.12000000,18.17000000,71342.13000000,1305497.99050000
1722974400000,18.17000000,18.36000000,18.05000000,18.14000000,78449.56000000,1426868.13530000
1722988800000,18.14000000,18.49000000,17.93000000,18.40000000,48525.30000000,884385.83540000
1723003200000,18.39000000,18.56000000,18.10000000,18.27000000,104090.58000000,1907072.64370000
1723017600000,18.27000000,18.49000000,18.19000000,18.21000000,156260.21000000,2860104.45420000
1723032000000,18.22000000,18.34000000,17.72000000,18.00000000,520523.06000000,9326729.51900000
1723046400000,18.00000000,18.09000000,17.86000000,18.02000000,293696.14000000,5270283.51690000
1723060800000,18.01000000,18.25000000,17.86000000,18.16000000,293241.24000000,5308743.59720000
1723075200000,18.16000000,18.94000000,17.90000000,18.63000000,322391.68000000,5947470.10460000
1723089600000,18.63000000,18.71000000,18.47000000,18.48000000,31642.86000000,587621.96770000
1723104000000,18.47000000,18.75000000,18.44000000,18.66000000,238041.16000000,4435793.77160000
1723118400000,18.67000000,19.20000000,18.53000000,19.15000000,177821.05000000,3353477.55910000
1723132800000,19.14000000,19.57000000,19.13000000,19.26000000,166093.27000000,3229638.91390000
1723147200000,19.27000000,20.07000000,19.25000000,19.86000000,93100.65000000,1836060.41180000
1723161600000,19.86000000,19.91000000,19.63000000,19.66000000,72951.60000000,1443078.14370000
1723176000000,19.65000000,19.78000000,19.36000000,19.55000000,109627.82000000,2146017.57960000
1723190400000,19.55000000,19.61000000,19.27000000,19.36000000,72270.87000000,1407030.42670000
1723204800000,19.35000000,19.45000000,18.93000000,19.02000000,273889.65000000,5242832.66490000
1723219200000,19.02000000,19.36000000,19.01000000,19.30000000,29297.58000000,561602.08900000
1723233600000,19.30000000,19.46000000,19.18000000,19.42000000,25061.63000000,484260.02250000
1723248000000,19.42000000,19.61000000,19.31000000,19.41000000,65539.49000000,1272061.19440000
1723262400000,19.40000000,19.47000000,19.27000000,19.45000000,10979.03000000,212480.74070000
1723276800000,19.46000000,19.50000000,19.35000000,19.46000000,16654.05000000,323866.44090000
1723291200000,19.45000000,19.51000000,19.32000000,19.37000000,57397.00000000,1114943.18880000
1723305600000,19.38000000,19.46000000,19.27000000,19.32000000,31614.88000000,612925.08110000
1723320000000,19.33000000,19.43000000,19.29000000,19.39000000,60800.54000000,1176261.77930000
1723334400000,19.39000000,19.65000000,19.36000000,19.51000000,39556.90000000,772766.50320000
1723348800000,19.52000000,19.60000000,19.40000000,19.59000000,22606.25000000,440991.39480000
1723363200000,19.59000000,19.72000000,19.18000000,19.21000000,145106.10000000,2841306.07690000
1723377600000,19.21000000,19.25000000,18.77000000,18.85000000,53097.38000000,1010017.64270000
1723392000000,18.84000000,18.98000000,18.58000000,18.65000000,28321.35000000,533222.71520000
1723406400000,18.66000000,18.69000000,18.35000000,18.41000000,82023.56000000,1516243.11490000
1723420800000,18.41000000,18.58000000,18.33000000,18.48000000,55473.90000000,1024131.12470000
1723435200000,18.48000000,18.67000000,18.23000000,18.60000000,89633.00000000,1651811.87610000
1723449600000,18.60000000,19.25000000,18.56000000,19.13000000,83098.72000000,1577809.91750000
1723464000000,19.13000000,19.25000000,18.43000000,19.09000000,125093.96000000,2370966.66090000
1723478400000,19.09000000,19.16000000,18.66000000,18.85000000,28813.77000000,546533.67100000
1723492800000,18.86000000,19.25000000,18.70000000,19.18000000,55610.43000000,1057943.46260000
1723507200000,19.17000000,19.29000000,18.89000000,18.92000000,75448.34000000,1442363.28610000
1723521600000,18.92000000,19.04000000,18.80000000,18.93000000,27305.84000000,517653.81880000
1723536000000,18.93000000,18.99000000,18.69000000,18.83000000,61371.74000000,1153589.33780000
1723550400000,18.83000000,19.02000000,18.78000000,18.89000000,45227.91000000,854387.36270000
1723564800000,18.89000000,19.26000000,18.87000000,19.09000000,64093.61000000,1223283.75660000
1723579200000,19.08000000,19.21000000,19.01000000,19.16000000,20942.20000000,400290.64710000
1723593600000,19.16000000,19.28000000,19.02000000,19.11000000,102135.44000000,1956476.75830000
1723608000000,19.10000000,19.19000000,18.96000000,19.02000000,58376.11000000,1112124.10370000
1723622400000,19.01000000,19.22000000,18.93000000,19.09000000,86663.20000000,1652883.52980000
1723636800000,19.09000000,19.29000000,18.51000000,18.85000000,265012.57000000,5020319.15860000
1723651200000,18.84000000,18.87000000,18.69000000,18.81000000,32098.31000000,603257.24080000
1723665600000,18.81000000,18.90000000,18.69000000,18.83000000,23421.32000000,441196.89280000
1723680000000,18.83000000,18.96000000,18.74000000,18.85000000,27685.32000000,521821.32280000
1723694400000,18.85000000,18.86000000,18.55000000,18.67000000,25114.05000000,469340.74720000
1723708800000,18.66000000,18.84000000,18.61000000,18.81000000,20983.78000000,393116.95520000
1723723200000,18.82000000,19.16000000,18.76000000,19.01000000,71508.08000000,1357899.66320000
1723737600000,19.01000000,19.07000000,18.29000000,18.43000000,105818.02000000,1958395.02010000
1723752000000,18.43000000,18.64000000,18.32000000,18.54000000,57600.20000000,1062984.74820000
1723766400000,18.55000000,18.75000000,18.47000000,18.63000000,37076.91000000,688360.46550000
1723780800000,18.63000000,18.89000000,18.61000000,18.87000000,40842.31000000,765702.70590000
1723795200000,18.86000000,18.89000000,18.67000000,18.69000000,21891.30000000,411077.13910000
1723809600000,18.69000000,18.77000000,18.30000000,18.45000000,62532.04000000,1158384.73520000
1723824000000,18.45000000,18.86000000,18.42000000,18.76000000,50645.74000000,945954.37590000
1723838400000,18.77000000,18.84000000,18.69000000,18.74000000,20697.66000000,388251.19080000
1723852800000,18.74000000,18.79000000,18.58000000,18.66000000,18331.77000000,342480.66590000
1723867200000,18.65000000,18.72000000,18.62000000,18.70000000,13897.94000000,259375.94990000
1723881600000,18.70000000,18.74000000,18.63000000,18.69000000,15181.55000000,283748.40060000
1723896000000,18.68000000,18.84000000,18.64000000,18.77000000,18877.38000000,353925.63740000
1723910400000,18.77000000,18.94000000,18.72000000,18.75000000,14671.55000000,276475.07220000
1723924800000,18.75000000,18.79000000,18.65000000,18.79000000,14129.08000000,264360.44940000
1723939200000,18.78000000,19.02000000,18.76000000,18.80000000,36617.16000000,691060.53580000
1723953600000,18.79000000,18.83000000,18.73000000,18.79000000,11304.48000000,212330.44480000
1723968000000,18.78000000,19.00000000,18.72000000,18.99000000,35849.62000000,676802.11300000
1723982400000,18.99000000,19.19000000,18.92000000,18.99000000,45028.86000000,857148.78700000
1723996800000,19.00000000,19.03000000,18.81000000,18.90000000,23991.37000000,453364.57390000
1724011200000,18.91000000,18.92000000,18.56000000,18.57000000,28445.39000000,532879.16640000
1724025600000,18.57000000,18.77000000,18.51000000,18.72000000,31349.91000000,584552.13270000
1724040000000,18.72000000,18.91000000,18.67000000,18.81000000,29871.51000000,561315.38910000
1724054400000,18.81000000,18.95000000,18.59000000,18.87000000,78816.26000000,1479495.12350000
1724068800000,18.88000000,19.00000000,18.72000000,18.86000000,37771.46000000,712299.15970000
1724083200000,18.86000000,18.99000000,18.72000000,18.93000000,45988.99000000,867163.82570000
1724097600000,18.95000000,19.04000000,18.87000000,18.94000000,25506.10000000,483561.85770000
1724112000000,18.95000000,19.24000000,18.90000000,19.17000000,44136.20000000,843258.95650000
1724126400000,19.17000000,19.41000000,19.15000000,19.26000000,43516.18000000,838031.76200000
1724140800000,19.26000000,19.28000000,19.08000000,19.12000000,30878.09000000,591989.15040000
1724155200000,19.11000000,19.20000000,18.66000000,18.82000000,91182.58000000,1725431.34990000
1724169600000,18.82000000,19.08000000,18.77000000,19.05000000,39016.57000000,738692.56150000
1724184000000,19.06000000,19.08000000,18.88000000,18.88000000,24125.48000000,457310.69750000
1724198400000,18.88000000,18.93000000,18.73000000,18.91000000,27374.67000000,516194.09770000
1724212800000,18.91000000,19.12000000,18.90000000,19.09000000,14277.46000000,271616.24720000
1724227200000,19.10000000,19.16000000,18.92000000,19.02000000,23381.56000000,445151.65490000
1724241600000,19.01000000,19.45000000,18.81000000,19.30000000,124327.75000000,2378620.54370000
1724256000000,19.31000000,19.60000000,19.24000000,19.55000000,131743.60000000,2565063.66230000
1724270400000,19.56000000,19.58000000,19.43000000,19.49000000,57713.55000000,1125898.99630000
1724284800000,19.49000000,19.57000000,19.21000000,19.43000000,41464.28000000,805303.52560000
1724299200000,19.42000000,19.53000000,19.40000000,19.52000000,28402.37000000,552874.81010000
1724313600000,19.52000000,19.60000000,19.50000000,19.58000000,35052.99000000,685258.51930000
1724328000000,19.58000000,19.60000000,19.29000000,19.42000000,162771.91000000,3173645.76710000
1724342400000,19.41000000,19.47000000,19.37000000,19.37000000,17817.15000000,346031.17540000
1724356800000,19.38000000,19.51000000,19.38000000,19.49000000,19868.75000000,386523.07250000
1724371200000,19.50000000,19.66000000,19.48000000,19.59000000,60550.84000000,1185758.16320000
1724385600000,19.59000000,19.99000000,19.59000000,19.90000000,131227.37000000,2591908.98110000
1724400000000,19.90000000,20.01000000,19.81000000,19.85000000,36497.35000000,726778.35370000
1724414400000,19.85000000,20.30000000,19.78000000,20.17000000,121564.40000000,2439323.33980000
1724428800000,20.16000000,20.57000000,20.14000000,20.50000000,84889.51000000,1732874.38190000
1724443200000,20.50000000,20.84000000,20.49000000,20.57000000,99246.93000000,2049833.97030000
1724457600000,20.58000000,20.62000000,20.40000000,20.46000000,37847.81000000,776427.04120000
1724472000000,20.46000000,20.50000000,20.40000000,20.44000000,34489.79000000,704867.38240000
1724486400000,20.44000000,20.78000000,20.39000000,20.54000000,57314.51000000,1182063.32000000
1724500800000,20.54000000,20.71000000,20.52000000,20.63000000,35198.78000000,725793.77510000
1724515200000,20.63000000,20.98000000,20.61000000,20.86000000,113603.11000000,2364712.90890000
1724529600000,20.87000000,20.93000000,20.36000000,20.62000000,51121.65000000,1053062.50270000
1724544000000,20.63000000,20.68000000,20.18000000,20.36000000,82299.42000000,1680159.29830000
1724558400000,20.35000000,20.38000000,19.85000000,19.96000000,73643.66000000,1482822.54940000
1724572800000,19.95000000,20.18000000,19.89000000,20.11000000,38666.10000000,776081.10920000
1724587200000,20.11000000,20.29000000,20.11000000,20.17000000,48377.96000000,979035.31980000
1724601600000,20.18000000,20.24000000,20.07000000,20.20000000,16271.88000000,327947.92910000
1724616000000,20.20000000,20.31000000,20.06000000,20.12000000,32682.17000000,660659.15180000
1724630400000,20.11000000,20.25000000,19.86000000,20.04000000,38619.35000000,773139.76660000
1724644800000,20.04000000,20.18000000,19.93000000,19.99000000,34597.20000000,693893.20040000
1724659200000,19.99000000,20.18000000,19.84000000,20.01000000,42697.19000000,854475.52530000
1724673600000,20.01000000,20.05000000,19.65000000,19.82000000,51742.72000000,1025777.24070000
1724688000000,19.81000000,19.90000000,19.40000000,19.49000000,62270.59000000,1220745.17510000
1724702400000,19.49000000,19.60000000,19.37000000,19.44000000,37239.06000000,725056.09470000
1724716800000,19.44000000,19.60000000,19.43000000,19.50000000,20265.36000000,395251.68660000
1724731200000,19.51000000,19.59000000,19.42000000,19.48000000,22903.05000000,446640.16180000
1724745600000,19.46000000,19.48000000,19.08000000,19.21000000,51293.69000000,987088.65280000
1724760000000,19.20000000,19.30000000,19.06000000,19.13000000,64101.43000000,1230983.45520000
1724774400000,19.12000000,19.26000000,19.06000000,19.18000000,41007.89000000,785572.82450000
1724788800000,19.16000000,19.16000000,17.82000000,18.30000000,247602.99000000,4547788.94810000
1724803200000,18.29000000,18.40000000,18.12000000,18.37000000,81514.18000000,1489033.76690000
1724817600000,18.38000000,18.60000000,18.30000000,18.32000000,76597.47000000,1410692.36480000
1724832000000,18.31000000,19.09000000,18.22000000,18.88000000,98734.51000000,1858042.42100000
1724846400000,18.88000000,18.99000000,18.31000000,18.51000000,91695.67000000,1713536.54520000
1724860800000,18.50000000,18.64000000,18.11000000,18.42000000,63607.36000000,1168352.23110000
1724875200000,18.43000000,18.68000000,18.36000000,18.58000000,38455.56000000,712719.49840000
1724889600000,18.56000000,18.70000000,18.55000000,18.64000000,20557.95000000,383079.07200000
1724904000000,18.64000000,18.76000000,18.56000000,18.69000000,15981.20000000,298519.64620000
1724918400000,18.69000000,18.87000000,18.66000000,18.77000000,41781.80000000,782833.34530000
1724932800000,18.76000000,18.94000000,18.73000000,18.83000000,43994.63000000,828108.87380000
1724947200000,18.83000000,18.88000000,18.27000000,18.43000000,47830.48000000,887309.56950000
1724961600000,18.43000000,18.59000000,18.34000000,18.47000000,20574.76000000,380196.31630000
1724976000000,18.46000000,18.50000000,18.35000000,18.42000000,30203.58000000,556324.64310000
1724990400000,18.41000000,18.55000000,18.33000000,18.50000000,26247.60000000,484244.25180000
1725004800000,18.50000000,18.57000000,18.45000000,18.49000000,15104.55000000,279456.11680000
1725019200000,18.49000000,18.63000000,17.93000000,17.98000000,85636.77000000,1561576.22650000
1725033600000,17.98000000,18.50000000,17.91000000,18.39000000,66371.19000000,1209474.90420000
1725048000000,18.39000000,18.62000000,18.39000000,18.57000000,27909.08000000,517655.94450000
1725062400000,18.56000000,18.63000000,18.51000000,18.53000000,18167.75000000,337395.56940000
1725076800000,18.53000000,18.56000000,18.45000000,18.45000000,11512.11000000,212942.33680000
1725091200000,18.45000000,18.47000000,18.34000000,18.41000000,19844.68000000,365167.43580000
1725105600000,18.41000000,18.41000000,18.29000000,18.34000000,22338.50000000,409921.31300000
1725120000000,18.34000000,18.39000000,18.20000000,18.28000000,23495.83000000,429860.83060000
1725134400000,18.29000000,18.42000000,18.26000000,18.41000000,11071.37000000,203164.01130000
1725148800000,18.41000000,18.41000000,18.12000000,18.26000000,20975.33000000,382667.22870000
1725163200000,18.25000000,18.25000000,18.00000000,18.18000000,30813.51000000,558460.77360000
1725177600000,18.18000000,18.20000000,17.94000000,18.05000000,25020.39000000,451624.86500000
1725192000000,18.06000000,18.10000000,17.77000000,18.10000000,56394.53000000,1011995.59210000
1725206400000,18.10000000,18.21000000,17.85000000,18.13000000,33790.06000000,609745.43720000
1725220800000,18.12000000,18.17000000,17.46000000,17.62000000,63769.26000000,1128411.10470000
1725235200000,17.62000000,17.75000000,17.58000000,17.69000000,51605.94000000,912265.26220000
1725249600000,17.69000000,17.75000000,17.52000000,17.57000000,33907.38000000,597996.85940000
1725264000000,17.58000000,18.11000000,17.56000000,18.01000000,51117.63000000,915527.14560000
1725278400000,18.01000000,18.16000000,17.86000000,18.04000000,38865.85000000,700638.63220000
1725292800000,18.04000000,18.20000000,17.95000000,18.16000000,22454.90000000,406537.40100000
1725307200000,18.16000000,18.42000000,18.14000000,18.27000000,36972.45000000,676450.91880000
1725321600000,18.27000000,18.41000000,18.16000000,18.18000000,22436.42000000,409821.26050000
1725336000000,18.19000000,18.22000000,18.09000000,18.19000000,19752.54000000,358554.36610000
1725350400000,18.20000000,18.21000000,18.00000000,18.09000000,29404.79000000,531288.21850000
1725364800000,18.08000000,18.17000000,17.71000000,17.76000000,50870.85000000,908333.04480000
1725379200000,17.75000000,17.86000000,17.68000000,17.78000000,26909.48000000,478024.21910000
1725393600000,17.78000000,17.88000000,17.61000000,17.66000000,27533.46000000,488525.13680000
1725408000000,17.65000000,17.79000000,16.82000000,17.60000000,181952.35000000,3134878.17810000
1725422400000,17.60000000,17.82000000,17.53000000,17.73000000,55199.58000000,974428.29920000
1725436800000,17.74000000,17.85000000,17.66000000,17.73000000,28988.37000000,514560.97430000
1725451200000,17.73000000,18.21000000,17.69000000,18.16000000,73545.35000000,1321990.22610000
1725465600000,18.16000000,18.29000000,17.89000000,18.00000000,83248.36000000,1506209.80410000
1725480000000,18.01000000,18.15000000,17.97000000,18.07000000,18069.10000000,326073.00010000
1725494400000,18.07000000,18.16000000,17.84000000,17.89000000,39417.44000000,708344.35790000
1725508800000,17.88000000,17.98000000,17.76000000,17.96000000,25711.89000000,460099.87750000
1725523200000,17.96000000,17.98000000,17.73000000,17.76000000,39348.41000000,700854.53280000
1725537600000,17.76000000,17.98000000,17.50000000,17.58000000,152690.99000000,2712817.36110000
1725552000000,17.58000000,17.65000000,17.46000000,17.53000000,132809.99000000,2325924.16920000
1725566400000,17.53000000,17.64000000,17.50000000,17.61000000,36708.16000000,645143.35070000
1725580800000,17.61000000,17.79000000,17.53000000,17.70000000,22114.19000000,390822.89750000
1725595200000,17.69000000,17.72000000,17.37000000,17.59000000,222216.23000000,3884274.03060000
1725609600000,17.60000000,17.71000000,17.53000000,17.64000000,48822.25000000,860749.41270000
1725624000000,17.64000000,17.87000000,17.42000000,17.57000000,229466.21000000,4033526.96170000
1725638400000,17.56000000,17.57000000,17.23000000,17.32000000,121930.42000000,2120576.50870000
1725652800000,17.31000000,17.36000000,16.73000000,17.30000000,119203.37000000,2029175.85580000
1725667200000,17.29000000,17.40000000,17.24000000,17.27000000,27550.65000000,476921.13100000
1725681600000,17.28000000,17.51000000,17.26000000,17.49000000,21961.90000000,382154.29260000
1725696000000,17.49000000,17.70000000,17.47000000,17.60000000,41358.65000000,727046.07910000
1725710400000,17.61000000,17.74000000,17.55000000,17.69000000,23734.28000000,418567.53220000
1725724800000,17.69000000,17.75000000,17.45000000,17.73000000,35664.08000000,627222.22960000
1725739200000,17.73000000,17.74000000,17.52000000,17.63000000,16854.51000000,296973.34870000
1725753600000,17.64000000,17.75000000,17.55000000,17.72000000,15743.65000000,278395.07910000
1725768000000,17.73000000,17.82000000,17.70000000,17.78000000,11369.36000000,201832.35900000
1725782400000,17.79000000,17.92000000,17.74000000,17.77000000,28326.46000000,505685.83990000
1725796800000,17.78000000,17.79000000,17.62000000,17.64000000,41345.47000000,731488.77770000
1725811200000,17.64000000,17.83000000,17.59000000,17.76000000,33745.56000000,598165.52280000
1725825600000,17.75000000,18.01000000,17.71000000,17.94000000,40654.14000000,727773.09230000
1725840000000,17.96000000,18.08000000,17.87000000,17.94000000,20507.43000000,368477.39850000
1725854400000,17.94000000,18.02000000,17.84000000,18.02000000,29907.10000000,536249.36130000
1725868800000,18.02000000,18.17000000,18.00000000,18.03000000,59907.66000000,1083063.11360000
1725883200000,18.04000000,18.11000000,17.78000000,17.98000000,59559.77000000,1070461.51050000
1725897600000,17.97000000,18.48000000,17.96000000,18.45000000,78448.45000000,1433410.71750000
1725912000000,18.46000000,18.60000000,18.31000000,18.34000000,55156.12000000,1018034.44360000
1725926400000,18.35000000,18.36000000,18.16000000,18.16000000,31741.19000000,579451.37790000
1725940800000,18.17000000,18.37000000,18.13000000,18.35000000,26907.12000000,490883.00510000
1725955200000,18.34000000,18.41000000,18.20000000,18.38000000,121692.56000000,2232239.50560000
1725969600000,18.38000000,18.52000000,18.24000000,18.41000000,43809.42000000,805091.38100000
1725984000000,18.41000000,18.72000000,18.41000000,18.59000000,50892.67000000,945926.60720000
1725998400000,18.59000000,18.64000000,18.52000000,18.56000000,17020.07000000,316345.88210000
1726012800000,18.56000000,18.60000000,18.28000000,18.37000000,43706.78000000,806488.91720000
1726027200000,18.37000000,18.41000000,18.16000000,18.40000000,57556.66000000,1051497.96160000
1726041600000,18.39000000,18.40000000,18.20000000,18.27000000,32266.52000000,589826.76450000
1726056000000,18.26000000,18.44000000,17.94000000,18.26000000,105604.30000000,1924309.64870000
1726070400000,18.26000000,18.56000000,18.24000000,18.52000000,40100.39000000,740955.34140000
1726084800000,18.52000000,18.58000000,18.42000000,18.46000000,16801.84000000,310890.37750000
1726099200000,18.46000000,18.63000000,18.41000000,18.56000000,54417.53000000,1006368.32120000
1726113600000,18.56000000,18.63000000,18.52000000,18.56000000,17478.35000000,324546.72390000
1726128000000,18.56000000,18.59000000,18.40000000,18.43000000,31646.14000000,585044.39770000
1726142400000,18.44000000,18.62000000,18.32000000,18.37000000,43855.05000000,809496.38280000
1726156800000,18.37000000,18.54000000,18.31000000,18.47000000,37239.28000000,686229.59110000
1726171200000,18.46000000,18.57000000,18.40000000,18.56000000,34653.06000000,639899.81780000
1726185600000,18.56000000,18.58000000,18.35000000,18.38000000,25062.80000000,462282.26970000
1726200000000,18.38000000,18.41000000,18.27000000,18.35000000,22722.26000000,416421.80790000
1726214400000,18.35000000,18.48000000,18.28000000,18.30000000,43988.21000000,807968.28270000
1726228800000,18.30000000,18.76000000,18.25000000,18.74000000,91392.49000000,1694352.30540000
1726243200000,18.73000000,18.81000000,18.60000000,18.62000000,58906.30000000,1102136.66010000
1726257600000,18.62000000,18.92000000,18.60000000,18.85000000,46330.53000000,871656.59850000
1726272000000,18.85000000,18.88000000,18.74000000,18.79000000,25901.15000000,487119.76270000
1726286400000,18.78000000,18.78000000,18.63000000,18.64000000,21614.00000000,404019.18710000
1726300800000,18.65000000,18.68000000,18.55000000,18.61000000,23310.92000000,433585.32060000
1726315200000,18.60000000,18.72000000,18.59000000,18.72000000,14280.82000000,266360.50100000
1726329600000,18.71000000,18.72000000,18.46000000,18.57000000,25626.79000000,475736.69350000
1726344000000,18.57000000,18.64000000,18.53000000,18.61000000,12782.03000000,237439.53470000
1726358400000,18.60000000,18.65000000,18.55000000,18.58000000,19925.55000000,370719.21970000
1726372800000,18.58000000,18.59000000,18.50000000,18.53000000,16975.33000000,314648.95870000
1726387200000,18.53000000,18.54000000,18.34000000,18.39000000,26588.51000000,489771.24100000
1726401600000,18.39000000,18.47000000,18.30000000,18.35000000,24370.57000000,447880.53950000
1726416000000,18.34000000,18.35000000,18.09000000,18.11000000,67348.65000000,1224603.06710000
1726430400000,18.11000000,18.12000000,17.67000000,17.79000000,92480.46000000,1655800.71060000
1726444800000,17.78000000,17.83000000,17.55000000,17.75000000,68927.73000000,1218838.19570000
1726459200000,17.75000000,17.85000000,17.71000000,17.84000000,42527.26000000,755784.39450000
1726473600000,17.83000000,17.89000000,17.65000000,17.75000000,31919.85000000,567385.38050000
1726488000000,17.75000000,17.77000000,17.48000000,17.62000000,45164.00000000,796906.48780000
1726502400000,17.63000000,17.79000000,17.59000000,17.68000000,34922.85000000,617739.40740000
1726516800000,17.68000000,17.78000000,17.61000000,17.75000000,20029.47000000,354120.93430000
1726531200000,17.74000000,17.85000000,17.62000000,17.80000000,36445.50000000,646237.49620000
1726545600000,17.81000000,17.95000000,17.80000000,17.93000000,14209.94000000,254022.62940000
1726560000000,17.93000000,17.97000000,17.79000000,17.80000000,28281.27000000,505249.35100000
1726574400000,17.79000000,18.27000000,17.73000000,18.15000000,91430.99000000,1649764.71300000
1726588800000,18.15000000,18.22000000,17.86000000,18.00000000,60292.96000000,1090512.87540000
1726603200000,18.00000000,18.08000000,17.93000000,17.98000000,31252.54000000,563130.08790000
1726617600000,17.98000000,17.99000000,17.80000000,17.91000000,25731.60000000,460361.22440000
1726632000000,17.90000000,17.92000000,17.78000000,17.82000000,12439.18000000,221887.12070000
1726646400000,17.81000000,17.82000000,17.49000000,17.63000000,71580.86000000,1262384.99240000
1726660800000,17.62000000,17.69000000,17.50000000,17.58000000,50204.92000000,884051.57840000
1726675200000,17.57000000,18.07000000,17.51000000,17.91000000,83746.59000000,1496058.19590000
1726689600000,17.92000000,18.34000000,17.81000000,18.32000000,43210.22000000,781322.83230000
1726704000000,18.33000000,18.60000000,18.33000000,18.48000000,78565.76000000,1452254.74450000
1726718400000,18.48000000,18.61000000,18.44000000,18.57000000,39087.53000000,724398.82470000
1726732800000,18.57000000,18.63000000,18.50000000,18.62000000,51736.40000000,960980.48230000
1726747200000,18.64000000,18.76000000,18.53000000,18.71000000,79065.58000000,1476095.65560000
1726761600000,18.70000000,19.20000000,18.68000000,18.90000000,165311.07000000,3141981.23000000
1726776000000,18.90000000,18.98000000,18.70000000,18.79000000,48231.60000000,909362.09590000
1726790400000,18.79000000,19.07000000,18.42000000,19.06000000,117560.55000000,2204284.50300000
1726804800000,19.07000000,19.28000000,19.02000000,19.20000000,120494.07000000,2305746.02020000
1726819200000,19.21000000,19.26000000,18.97000000,18.99000000,110493.97000000,2108837.21180000
1726833600000,18.99000000,19.03000000,18.72000000,18.88000000,138558.56000000,2622132.11950000
1726848000000,18.88000000,19.01000000,18.72000000,18.93000000,61719.13000000,1164879.14260000
1726862400000,18.94000000,19.16000000,18.90000000,19.00000000,112197.20000000,2134360.11430000
1726876800000,19.00000000,19.19000000,18.85000000,19.06000000,77419.16000000,1472300.71870000
1726891200000,19.07000000,19.19000000,18.95000000,19.17000000,33589.60000000,640491.51610000
1726905600000,19.16000000,19.21000000,19.06000000,19.15000000,24728.47000000,472879.77200000
1726920000000,19.14000000,19.40000000,19.13000000,19.31000000,50836.02000000,980173.85100000
1726934400000,19.31000000,19.37000000,19.20000000,19.22000000,34047.35000000,655740.08150000
1726948800000,19.22000000,19.46000000,19.13000000,19.37000000,40899.39000000,788493.10830000
1726963200000,19.36000000,19.51000000,19.13000000,19.21000000,52559.77000000,1014187.47560000
1726977600000,19.22000000,19.23000000,18.94000000,19.04000000,46345.65000000,885581.94010000
1726992000000,19.05000000,19.08000000,18.79000000,18.91000000,38853.89000000,735659.61820000
1727006400000,18.90000000,18.97000000,18.70000000,18.79000000,46452.33000000,874464.70820000
1727020800000,18.79000000,18.94000000,18.66000000,18.85000000,31820.78000000,599190.62450000
1727035200000,18.86000000,18.98000000,18.44000000,18.90000000,72801.55000000,1366705.77320000
1727049600000,18.90000000,19.42000000,18.53000000,19.34000000,104344.01000000,1988001.84420000
1727064000000,19.34000000,19.39000000,19.06000000,19.09000000,60621.81000000,1163529.36920000
1727078400000,19.09000000,19.14000000,18.93000000,19.03000000,40012.74000000,761911.00260000
1727092800000,19.04000000,19.30000000,18.93000000,19.23000000,63528.44000000,1211454.53150000
1727107200000,19.23000000,19.38000000,19.16000000,19.19000000,52394.75000000,1009632.32150000
1727121600000,19.19000000,19.23000000,19.03000000,19.10000000,29528.45000000,564686.23450000
1727136000000,19.10000000,19.20000000,18.85000000,19.03000000,40729.42000000,773913.92160000
1727150400000,19.02000000,19.11000000,18.86000000,19.11000000,49521.25000000,939850.27370000
1727164800000,19.10000000,19.24000000,19.01000000,19.10000000,92599.56000000,1769277.99900000
1727179200000,19.10000000,19.22000000,18.82000000,18.86000000,124408.70000000,2366660.12840000
1727193600000,18.87000000,19.34000000,18.86000000,19.32000000,62296.75000000,1188142.42700000
1727208000000,19.31000000,19.53000000,19.26000000,19.42000000,88818.27000000,1721163.59840000
1727222400000,19.42000000,19.82000000,19.34000000,19.66000000,98642.39000000,1933549.86540000
1727236800000,19.66000000,19.68000000,19.26000000,19.32000000,59167.86000000,1152175.32370000
1727251200000,19.32000000,19.46000000,19.26000000,19.44000000,46801.95000000,905137.68860000
1727265600000,19.44000000,19.72000000,19.37000000,19.53000000,77825.74000000,1520778.79680000
1727280000000,19.51000000,19.72000000,19.39000000,19.46000000,51768.47000000,1012207.54470000
1727294400000,19.46000000,19.59000000,19.25000000,19.30000000,37382.19000000,724605.11460000
1727308800000,19.31000000,19.44000000,19.04000000,19.40000000,80526.35000000,1549912.30510000
1727323200000,19.40000000,19.88000000,19.29000000,19.87000000,99615.86000000,1957392.41650000
1727337600000,19.87000000,20.24000000,19.84000000,20.03000000,152161.79000000,3050658.19410000
1727352000000,20.03000000,20.29000000,19.98000000,20.22000000,128573.64000000,2590355.61610000
1727366400000,20.22000000,20.36000000,20.12000000,20.19000000,79495.13000000,1608467.35950000
1727380800000,20.19000000,20.35000000,20.01000000,20.31000000,44990.09000000,909263.24110000
1727395200000,20.31000000,20.64000000,20.23000000,20.62000000,126451.11000000,2580297.47980000
1727409600000,20.62000000,20.81000000,20.46000000,20.66000000,134916.52000000,2786791.98460000
1727424000000,20.65000000,20.79000000,20.54000000,20.67000000,83833.20000000,1734027.22480000
1727438400000,20.67000000,20.92000000,20.55000000,20.76000000,132626.81000000,2753906.88240000
1727452800000,20.77000000,21.07000000,20.67000000,20.72000000,115558.30000000,2407342.25840000
1727467200000,20.72000000,20.95000000,20.68000000,20.83000000,22375.80000000,466069.99490000
1727481600000,20.84000000,20.97000000,20.76000000,20.82000000,34378.64000000,716225.28510000
1727496000000,20.82000000,20.84000000,20.40000000,20.40000000,60403.06000000,1242434.03910000
1727510400000,20.40000000,20.48000000,20.15000000,20.46000000,112414.12000000,2291717.21240000
1727524800000,20.46000000,20.49000000,20.26000000,20.43000000,67648.35000000,1380619.13180000
1727539200000,20.43000000,20.75000000,20.36000000,20.59000000,53392.38000000,1097476.38360000
1727553600000,20.59000000,20.80000000,20.43000000,20.55000000,82144.04000000,1692346.11900000
1727568000000,20.56000000,20.72000000,20.44000000,20.66000000,48531.04000000,998542.12620000
1727582400000,20.66000000,20.66000000,20.16000000,20.19000000,108582.06000000,2220245.69200000
1727596800000,20.19000000,20.39000000,20.16000000,20.36000000,52322.46000000,1062142.26720000
1727611200000,20.36000000,20.56000000,20.14000000,20.56000000,45205.40000000,921020.21250000
1727625600000,20.55000000,20.67000000,20.41000000,20.66000000,61164.85000000,1260310.54480000
1727640000000,20.66000000,20.69000000,20.37000000,20.43000000,41807.49000000,860480.95670000
1727654400000,20.43000000,20.49000000,19.84000000,20.03000000,126605.95000000,2547415.82070000
1727668800000,20.04000000,20.16000000,19.89000000,20.10000000,69601.10000000,1395581.15090000
1727683200000,20.10000000,20.12000000,19.60000000,19.91000000,83230.32000000,1656604.31740000
1727697600000,19.90000000,19.98000000,19.52000000,19.55000000,60857.84000000,1204769.70150000
1727712000000,19.54000000,19.74000000,19.52000000,19.68000000,40549.67000000,796412.61730000
1727726400000,19.69000000,19.82000000,19.30000000,19.46000000,52955.15000000,1037319.84580000
1727740800000,19.47000000,19.76000000,19.37000000,19.74000000,52241.23000000,1022612.64920000
1727755200000,19.73000000,19.83000000,19.63000000,19.79000000,30153.03000000,594790.44500000
1727769600000,19.78000000,19.84000000,19.73000000,19.75000000,29534.59000000,584189.25620000
1727784000000,19.74000000,19.76000000,18.44000000,18.89000000,270216.87000000,5128956.25760000
1727798400000,18.88000000,18.96000000,18.00000000,18.40000000,220528.03000000,4063372.19400000
1727812800000,18.41000000,18.47000000,18.08000000,18.41000000,87622.25000000,1603726.61870000
1727827200000,18.41000000,18.64000000,18.32000000,18.61000000,51180.93000000,947290.80620000
1727841600000,18.60000000,18.73000000,18.51000000,18.64000000,59917.83000000,1114812.14920000
1727856000000,18.64000000,18.65000000,18.23000000,18.38000000,110915.96000000,2045802.70920000
1727870400000,18.37000000,18.38000000,18.05000000,18.24000000,152181.99000000,2771602.75640000
1727884800000,18.24000000,18.39000000,17.74000000,17.95000000,192101.83000000,3468938.07270000
1727899200000,17.95000000,18.17000000,17.83000000,17.94000000,69398.03000000,1247459.89270000
1727913600000,17.94000000,18.19000000,17.78000000,18.19000000,61864.42000000,1116921.02850000
1727928000000,18.17000000,18.21000000,18.03000000,18.10000000,135344.24000000,2449296.69850000
1727942400000,18.11000000,18.64000000,18.02000000,18.38000000,466449.08000000,8482045.99330000
1727956800000,18.38000000,18.44000000,17.99000000,18.42000000,154310.72000000,2807336.61370000
1727971200000,18.43000000,18.60000000,18.22000000,18.54000000,82778.28000000,1525316.20510000
1727985600000,18.55000000,18.57000000,18.35000000,18.51000000,39275.06000000,725542.86100000
1728000000000,18.52000000,18.64000000,18.36000000,18.50000000,41656.14000000,770157.77740000
1728014400000,18.51000000,18.69000000,18.42000000,18.54000000,58842.24000000,1091422.52070000
1728028800000,18.55000000,18.64000000,18.45000000,18.54000000,38766.36000000,718547.90610000
1728043200000,18.54000000,18.69000000,18.34000000,18.68000000,66136.88000000,1225363.58230000
1728057600000,18.67000000,18.92000000,18.66000000,18.88000000,66690.17000000,1252947.52080000
1728072000000,18.87000000,18.88000000,18.71000000,18.77000000,20440.34000000,383641.48920000
1728086400000,18.77000000,18.86000000,18.51000000,18.56000000,81213.64000000,1513892.91330000
1728100800000,18.57000000,18.75000000,18.57000000,18.64000000,20607.29000000,384704.91780000
1728115200000,18.63000000,18.75000000,18.62000000,18.64000000,10404.29000000,194364.23340000
1728129600000,18.64000000,18.72000000,18.59000000,18.68000000,19833.94000000,370073.68550000
1728144000000,18.68000000,18.69000000,18.44000000,18.44000000,46839.23000000,867957.82680000
1728158400000,18.45000000,18.56000000,18.34000000,18.55000000,44733.16000000,825453.81110000
1728172800000,18.55000000,18.62000000,18.45000000,18.45000000,16816.53000000,311962.17420000
1728187200000,18.45000000,18.90000000,18.44000000,18.80000000,53431.13000000,996286.06820000
1728201600000,18.80000000,18.83000000,18.58000000,18.69000000,29216.75000000,545727.65090000
1728216000000,18.69000000,18.87000000,18.64000000,18.84000000,43787.96000000,821418.29420000
1728230400000,18.85000000,18.90000000,18.74000000,18.77000000,22552.88000000,424190.04980000
1728244800000,18.76000000,18.80000000,18.63000000,18.76000000,15401.41000000,288269.66810000
1728259200000,18.75000000,19.14000000,18.70000000,18.97000000,77892.55000000,1477559.59400000
1728273600000,18.97000000,19.05000000,18.91000000,18.99000000,45332.70000000,860171.93460000
1728288000000,18.99000000,19.04000000,18.53000000,18.78000000,75527.90000000,1414641.46550000
1728302400000,18.78000000,19.14000000,18.69000000,18.82000000,72478.33000000,1370172.69800000
1728316800000,18.82000000,18.95000000,18.58000000,18.80000000,46054.22000000,864209.63040000
1728331200000,18.79000000,18.91000000,18.53000000,18.57000000,67958.68000000,1271818.14880000
1728345600000,18.57000000,18.85000000,18.56000000,18.79000000,39471.29000000,739257.28940000
1728360000000,18.80000000,18.84000000,18.42000000,18.48000000,63925.72000000,1192055.51530000
1728374400000,18.48000000,18.56000000,18.39000000,18.52000000,53002.48000000,978811.47550000
1728388800000,18.52000000,18.64000000,18.18000000,18.29000000,67452.20000000,1241706.94620000
1728403200000,18.30000000,18.46000000,18.19000000,18.33000000,47093.33000000,862737.89380000
1728417600000,18.33000000,18.43000000,18.25000000,18.34000000,32666.28000000,599219.70550000
1728432000000,18.34000000,18.54000000,18.30000000,18.39000000,35355.97000000,651290.26420000
1728446400000,18.39000000,18.49000000,18.35000000,18.39000000,19831.75000000,365364.16910000
1728460800000,18.39000000,18.44000000,18.34000000,18.41000000,20385.43000000,374807.24460000
1728475200000,18.41000000,18.43000000,18.18000000,18.34000000,50652.54000000,927654.18010000
1728489600000,18.34000000,18.39000000,18.14000000,18.25000000,61910.26000000,1131394.38910000
1728504000000,18.24000000,18.28000000,17.91000000,18.12000000,49762.49000000,901526.17250000
1728518400000,18.12000000,18.31000000,18.04000000,18.26000000,28807.27000000,524323.13210000
1728532800000,18.27000000,18.37000000,18.24000000,18.26000000,24408.21000000,446871.38120000
1728547200000,18.25000000,18.27000000,18.01000000,18.22000000,34517.95000000,627276.68830000
1728561600000,18.21000000,18.26000000,18.01000000,18.25000000,70531.38000000,1280114.71000000
1728576000000,18.26000000,18.32000000,17.88000000,18.12000000,68042.59000000,1229044.05060000
1728590400000,18.11000000,18.21000000,18.08000000,18.20000000,38002.55000000,689962.24010000
1728604800000,18.20000000,18.33000000,18.16000000,18.29000000,42636.73000000,778219.53050000
1728619200000,18.29000000,18.33000000,18.22000000,18.28000000,30421.44000000,555904.36160000
1728633600000,18.28000000,18.39000000,18.25000000,18.32000000,27161.45000000,497895.20090000
1728648000000,18.33000000,18.62000000,18.29000000,18.57000000,62468.58000000,1152085.09000000
1728662400000,18.58000000,18.72000000,18.49000000,18.67000000,50536.01000000,940053.91110000
1728676800000,18.68000000,18.74000000,18.54000000,18.59000000,50555.29000000,942902.42350000
1728691200000,18.59000000,18.68000000,18.47000000,18.53000000,54526.27000000,1014070.14340000
1728705600000,18.53000000,18.78000000,18.53000000,18.75000000,35750.08000000,666107.98940000
1728720000000,18.75000000,18.89000000,18.71000000,18.79000000,48074.07000000,903580.02950000
1728734400000,18.79000000,18.93000000,18.76000000,18.81000000,37631.89000000,709806.46440000
1728748800000,18.82000000,18.87000000,18.70000000,18.77000000,31329.01000000,588082.86490000
1728763200000,18.78000000,18.84000000,18.75000000,18.77000000,12094.43000000,227330.48740000
1728777600000,18.77000000,18.84000000,18.60000000,18.64000000,42612.14000000,796114.51400000
1728792000000,18.64000000,18.76000000,18.64000000,18.71000000,21014.92000000,393158.93580000
1728806400000,18.72000000,18.73000000,18.52000000,18.53000000,25633.54000000,478003.95920000
1728820800000,18.53000000,18.63000000,18.26000000,18.36000000,45654.24000000,842948.33440000
1728835200000,18.36000000,18.52000000,18.33000000,18.51000000,28344.71000000,522636.36490000
1728849600000,18.51000000,18.61000000,18.48000000,18.55000000,23544.16000000,436430.80190000
1728864000000,18.55000000,18.92000000,18.38000000,18.90000000,51909.80000000,966175.71140000
1728878400000,18.89000000,18.97000000,18.68000000,18.94000000,90572.51000000,1710464.09430000
1728892800000,18.94000000,19.07000000,18.87000000,18.94000000,85580.34000000,1622301.10700000
1728907200000,18.94000000,19.48000000,18.89000000,19.45000000,165663.03000000,3186929.97750000
1728921600000,19.46000000,19.55000000,19.31000000,19.46000000,122438.68000000,2380395.21610000
1728936000000,19.46000000,19.63000000,19.39000000,19.50000000,59754.80000000,1164734.63490000
1728950400000,19.50000000,19.70000000,19.26000000,19.28000000,100317.02000000,1953701.27040000
1728964800000,19.28000000,19.36000000,19.11000000,19.25000000,60128.13000000,1156182.79690000
1728979200000,19.26000000,19.34000000,18.88000000,18.96000000,67731.96000000,1296219.96420000
1728993600000,18.96000000,19.77000000,18.68000000,19.03000000,213055.13000000,4087546.35700000
1729008000000,19.05000000,19.45000000,19.03000000,19.23000000,72777.45000000,1402688.91610000
1729022400000,19.23000000,19.37000000,18.98000000,19.36000000,37259.21000000,714249.61850000
1729036800000,19.36000000,19.65000000,19.31000000,19.47000000,82250.19000000,1602723.83490000
1729051200000,19.47000000,19.53000000,19.17000000,19.26000000,65071.42000000,1257995.71280000
1729065600000,19.26000000,19.80000000,19.25000000,19.59000000,127458.40000000,2496750.75490000
1729080000000,19.59000000,19.64000000,19.30000000,19.35000000,74628.19000000,1454966.93250000
1729094400000,19.35000000,19.41000000,19.19000000,19.36000000,40112.58000000,774687.12760000
1729108800000,19.37000000,19.53000000,19.33000000,19.38000000,23819.34000000,463013.25700000
1729123200000,19.38000000,19.62000000,19.37000000,19.52000000,33168.32000000,646843.84330000
1729137600000,19.52000000,19.54000000,19.09000000,19.19000000,89529.04000000,1729518.24580000
1729152000000,19.19000000,19.19000000,18.85000000,18.89000000,63762.81000000,1215276.39700000
1729166400000,18.88000000,19.06000000,18.74000000,19.04000000,99803.99000000,1888016.18210000
1729180800000,19.04000000,19.07000000,18.76000000,18.95000000,57230.65000000,1081332.67780000
1729195200000,18.94000000,19.12000000,18.91000000,19.04000000,34156.83000000,649746.11390000
1729209600000,19.04000000,19.34000000,18.99000000,19.10000000,37729.18000000,721865.07860000
1729224000000,19.09000000,19.27000000,19.08000000,19.19000000,27056.53000000,518623.53900000
1729238400000,19.19000000,19.25000000,19.07000000,19.09000000,30639.43000000,587416.93740000
1729252800000,19.09000000,19.31000000,19.01000000,19.26000000,41313.25000000,790421.41040000
1729267200000,19.27000000,19.42000000,19.17000000,19.25000000,55700.47000000,1075353.17830000
1729281600000,19.24000000,19.37000000,19.20000000,19.36000000,12028.43000000,231773.87640000
1729296000000,19.37000000,19.63000000,19.35000000,19.48000000,42950.86000000,836468.89890000
1729310400000,19.48000000,19.53000000,19.35000000,19.37000000,40472.45000000,785374.18620000
1729324800000,19.37000000,19.39000000,19.21000000,19.22000000,24750.99000000,478047.12870000
1729339200000,19.22000000,19.45000000,19.21000000,19.42000000,23847.59000000,461329.42550000
1729353600000,19.42000000,19.88000000,19.32000000,19.61000000,74772.35000000,1464838.86160000
1729368000000,19.60000000,19.92000000,19.58000000,19.90000000,78126.29000000,1548204.82420000
1729382400000,19.90000000,19.92000000,19.61000000,19.70000000,52451.31000000,1035626.12040000
1729396800000,19.70000000,19.78000000,19.63000000,19.65000000,69729.39000000,1372719.02190000
1729411200000,19.64000000,19.71000000,19.58000000,19.67000000,22878.90000000,449514.18470000
1729425600000,19.66000000,20.36000000,19.54000000,20.13000000,190059.58000000,3805688.23150000
1729440000000,20.12000000,20.14000000,19.77000000,19.81000000,61283.07000000,1220853.17940000
1729454400000,19.81000000,20.26000000,19.81000000,20.20000000,85135.16000000,1709841.21680000
1729468800000,20.19000000,20.30000000,19.80000000,19.94000000,283118.81000000,5648200.61660000
1729483200000,19.94000000,20.15000000,19.88000000,19.91000000,157690.24000000,3154590.64240000
1729497600000,19.91000000,19.98000000,19.77000000,19.80000000,76985.56000000,1529377.40680000
1729512000000,19.80000000,19.89000000,19.36000000,19.50000000,102495.83000000,2008510.66370000
1729526400000,19.49000000,19.62000000,19.34000000,19.59000000,34623.86000000,674615.76680000
1729540800000,19.59000000,19.60000000,19.41000000,19.42000000,30155.34000000,588523.05100000
1729555200000,19.41000000,19.53000000,19.10000000,19.44000000,60795.93000000,1176396.78490000
1729569600000,19.44000000,19.50000000,19.27000000,19.27000000,44977.14000000,872036.87920000
1729584000000,19.27000000,19.31000000,19.04000000,19.19000000,72599.46000000,1392065.00540000
1729598400000,19.19000000,19.25000000,18.88000000,18.98000000,82068.11000000,1562334.90740000
1729612800000,18.98000000,19.08000000,18.87000000,19.01000000,40282.84000000,764731.85340000
1729627200000,19.02000000,19.12000000,18.95000000,19.07000000,32130.18000000,612303.85580000
1729641600000,19.08000000,19.09000000,18.82000000,18.93000000,44494.16000000,842803.22260000
1729656000000,18.93000000,18.96000000,18.79000000,18.82000000,56895.42000000,1076014.73450000
1729670400000,18.81000000,18.85000000,18.63000000,18.72000000,70942.70000000,1328474.43420000
1729684800000,18.71000000,18.82000000,18.57000000,18.67000000,55189.80000000,1033515.06300000
1729699200000,18.68000000,18.69000000,18.18000000,18.54000000,169927.80000000,3130256.25250000
1729713600000,18.54000000,18.66000000,18.51000000,18.64000000,31895.48000000,593261.87990000
1729728000000,18.64000000,18.87000000,18.59000000,18.78000000,58923.17000000,1102349.82430000
1729742400000,18.78000000,18.87000000,18.63000000,18.64000000,31909.19000000,599191.37110000
1729756800000,18.63000000,18.71000000,18.42000000,18.66000000,33519.07000000,622464.27600000
1729771200000,18.66000000,18.84000000,18.64000000,18.74000000,38783.42000000,727627.61480000
1729785600000,18.75000000,18.92000000,18.67000000,18.91000000,27122.47000000,510129.62460000
1729800000000,18.92000000,19.02000000,18.82000000,18.87000000,27960.50000000,528496.08370000
1729814400000,18.88000000,18.90000000,18.68000000,18.73000000,41544.32000000,780353.86110000
1729828800000,18.74000000,18.86000000,18.52000000,18.71000000,44175.25000000,824970.90080000
1729843200000,18.70000000,19.28000000,18.65000000,19.21000000,127455.94000000,2433576.35580000
1729857600000,19.21000000,19.40000000,19.09000000,19.24000000,111517.22000000,2148292.90500000
1729872000000,19.24000000,19.50000000,18.73000000,18.90000000,180579.50000000,3456134.97820000
1729886400000,18.91000000,19.27000000,17.55000000,18.25000000,259654.36000000,4751377.40570000
1729900800000,18.24000000,18.51000000,18.05000000,18.41000000,75800.26000000,1385135.91750000
1729915200000,18.41000000,18.51000000,18.35000000,18.36000000,36325.34000000,669889.55280000
1729929600000,18.36000000,18.43000000,18.29000000,18.36000000,31816.31000000,584358.18090000
1729944000000,18.35000000,18.36000000,17.95000000,18.07000000,63109.14000000,1146945.32070000
1729958400000,18.08000000,18.25000000,18.05000000,18.23000000,19551.10000000,355543.56330000
1729972800000,18.24000000,18.32000000,18.17000000,18.23000000,24902.74000000,454135.10040000
1729987200000,18.22000000,18.24000000,18.10000000,18.19000000,25058.98000000,455418.95500000
1730001600000,18.20000000,18.20000000,18.10000000,18.18000000,14129.26000000,256442.67680000
1730016000000,18.18000000,18.20000000,18.06000000,18.12000000,21460.73000000,388912.49760000
1730030400000,18.13000000,18.52000000,18.13000000,18.52000000,40490.64000000,741546.17990000
1730044800000,18.52000000,18.56000000,18.25000000,18.30000000,35181.17000000,647775.30640000
1730059200000,18.31000000,18.50000000,18.28000000,18.41000000,29769.45000000,548001.03490000
1730073600000,18.41000000,18.44000000,18.20000000,18.24000000,19649.51000000,360104.95400000
1730088000000,18.23000000,18.44000000,18.13000000,18.33000000,37612.12000000,686840.34260000
1730102400000,18.33000000,18.49000000,18.30000000,18.46000000,38953.81000000,716774.51380000
1730116800000,18.47000000,18.72000000,18.35000000,18.45000000,98873.26000000,1833282.10990000
1730131200000,18.45000000,18.88000000,18.40000000,18.76000000,87979.96000000,1639641.46210000
1730145600000,18.77000000,19.12000000,18.69000000,19.00000000,58060.23000000,1098718.31170000
1730160000000,19.00000000,19.36000000,18.96000000,19.17000000,76021.05000000,1457174.15700000
1730174400000,19.18000000,19.31000000,19.07000000,19.12000000,52377.31000000,1005231.97440000
1730188800000,19.13000000,19.29000000,19.12000000,19.26000000,36732.03000000,705562.28510000
1730203200000,19.26000000,19.35000000,19.12000000,19.34000000,73185.00000000,1408598.43080000
1730217600000,19.34000000,19.53000000,19.24000000,19.31000000,103811.10000000,2015031.24110000
1730232000000,19.30000000,19.48000000,19.12000000,19.43000000,42084.81000000,812514.65300000
1730246400000,19.44000000,19.44000000,19.11000000,19.37000000,40206.66000000,776108.27370000
1730260800000,19.38000000,19.69000000,19.29000000,19.56000000,59163.51000000,1154092.79230000
1730275200000,19.56000000,19.68000000,19.34000000,19.46000000,101298.56000000,1977648.75710000
1730289600000,19.47000000,19.82000000,19.30000000,19.67000000,112310.35000000,2197517.80910000
1730304000000,19.67000000,19.73000000,19.44000000,19.47000000,38535.68000000,754075.50120000
1730318400000,19.47000000,19.66000000,19.38000000,19.45000000,36391.17000000,710717.89230000
1730332800000,19.45000000,19.53000000,19.22000000,19.41000000,44357.20000000,860891.65850000
1730347200000,19.40000000,19.43000000,19.19000000,19.28000000,31207.61000000,602286.98630000
1730361600000,19.27000000,19.28000000,19.05000000,19.16000000,34207.17000000,655277.42190000
1730376000000,19.16000000,19.36000000,18.71000000,18.76000000,108608.10000000,2062749.79770000
1730390400000,18.77000000,18.81000000,18.42000000,18.46000000,57354.18000000,1066157.66790000
1730404800000,18.47000000,18.67000000,18.40000000,18.60000000,27523.61000000,510732.87760000
1730419200000,18.59000000,18.69000000,18.27000000,18.56000000,57071.45000000,1057468.52880000
1730433600000,18.55000000,18.62000000,18.15000000,18.32000000,53215.81000000,973869.11470000
1730448000000,18.32000000,18.51000000,18.28000000,18.44000000,44797.91000000,824345.54650000
1730462400000,18.45000000,19.05000000,18.35000000,18.49000000,193009.49000000,3627641.25250000
1730476800000,18.49000000,18.76000000,18.42000000,18.51000000,74703.58000000,1388351.18300000
1730491200000,18.52000000,18.62000000,18.26000000,18.46000000,44245.82000000,816015.91650000
1730505600000,18.45000000,18.62000000,18.44000000,18.48000000,20538.86000000,380799.41790000
1730520000000,18.48000000,18.52000000,18.40000000,18.50000000,20364.43000000,375965.90210000
1730534400000,18.50000000,18.53000000,18.29000000,18.31000000,17780.21000000,327055.06190000
1730548800000,18.30000000,18.34000000,17.97000000,18.11000000,83458.11000000,1510220.75280000
1730563200000,18.11000000,18.20000000,18.00000000,18.11000000,26076.67000000,471580.61370000
1730577600000,18.11000000,18.20000000,18.04000000,18.12000000,14034.74000000,254165.49280000
1730592000000,18.13000000,18.17000000,17.61000000,17.88000000,84730.94000000,1516122.63430000
1730606400000,17.88000000,18.01000000,17.83000000,17.90000000,31101.99000000,557407.30080000
1730620800000,17.89000000,17.94000000,17.79000000,17.81000000,36233.97000000,648049.03710000
1730635200000,17.82000000,17.87000000,17.37000000,17.64000000,126710.57000000,2224378.99270000
1730649600000,17.64000000,17.83000000,17.49000000,17.80000000,61089.82000000,1079040.75700000
1730664000000,17.80000000,17.96000000,17.63000000,17.80000000,128986.25000000,2293158.08500000
1730678400000,17.79000000,18.00000000,17.62000000,17.83000000,39846.09000000,709736.71780000
1730692800000,17.82000000,17.90000000,17.69000000,17.69000000,20534.51000000,365065.72640000
1730707200000,17.70000000,17.94000000,17.65000000,17.87000000,29669.50000000,527346.06530000
1730721600000,17.87000000,17.98000000,17.70000000,17.75000000,44146.01000000,787243.50810000
1730736000000,17.75000000,17.92000000,17.61000000,17.81000000,105552.51000000,1879676.78470000
1730750400000,17.81000000,17.84000000,17.29000000,17.60000000,100084.34000000,1758518.60660000
1730764800000,17.60000000,17.87000000,17.53000000,17.87000000,66488.13000000,1176090.43300000
1730779200000,17.87000000,18.00000000,17.85000000,17.97000000,48400.58000000,866645.41220000
1730793600000,17.97000000,18.05000000,17.92000000,18.03000000,29648.55000000,533284.70040000
1730808000000,18.03000000,18.30000000,17.94000000,18.09000000,66468.87000000,1203513.66800000
1730822400000,18.09000000,18.33000000,17.94000000,17.99000000,52912.45000000,963536.84940000
1730836800000,17.99000000,18.31000000,17.94000000,18.22000000,51121.34000000,929911.39160000
1730851200000,18.22000000,19.41000000,18.22000000,19.15000000,188587.68000000,3563602.71020000
1730865600000,19.16000000,19.40000000,19.02000000,19.12000000,179873.23000000,3455396.92100000
1730880000000,19.13000000,19.24000000,18.80000000,19.19000000,117886.19000000,2247664.33980000
1730894400000,19.19000000,19.28000000,18.89000000,19.05000000,82345.39000000,1574146.36860000
1730908800000,19.06000000,19.24000000,19.00000000,19.22000000,66267.66000000,1269114.17940000
1730923200000,19.23000000,19.77000000,19.17000000,19.69000000,114198.62000000,2225416.79590000
1730937600000,19.69000000,20.71000000,19.51000000,20.36000000,396441.15000000,8070622.46520000
1730952000000,20.37000000,20.42000000,19.86000000,20.06000000,148419.32000000,2990188.82250000
1730966400000,20.06000000,20.21000000,19.83000000,19.87000000,61837.90000000,1235961.92160000
1730980800000,19.86000000,20.04000000,19.61000000,20.00000000,90094.44000000,1790611.51390000
1730995200000,20.01000000,20.15000000,19.87000000,20.09000000,106085.86000000,2124864.40550000
1731009600000,20.10000000,20.32000000,20.02000000,20.27000000,79384.27000000,1602148.66500000
1731024000000,20.26000000,20.56000000,19.92000000,20.00000000,159537.42000000,3228225.28320000
1731038400000,20.01000000,20.28000000,19.98000000,20.21000000,53292.59000000,1074437.28160000
1731052800000,20.22000000,20.33000000,20.04000000,20.21000000,68653.38000000,1386142.36250000
1731067200000,20.22000000,20.44000000,20.02000000,20.16000000,151162.76000000,3062664.36200000
1731081600000,20.15000000,20.33000000,19.78000000,20.23000000,99398.49000000,1994193.86100000
1731096000000,20.23000000,20.46000000,20.03000000,20.45000000,70457.30000000,1429083.38770000
1731110400000,20.44000000,20.51000000,20.14000000,20.15000000,101209.48000000,2057808.22360000
1731124800000,20.15000000,21.37000000,20.14000000,20.78000000,251985.89000000,5252365.20840000
1731139200000,20.77000000,21.05000000,20.62000000,20.92000000,164094.46000000,3418546.21970000
1731153600000,20.91000000,20.95000000,20.44000000,20.56000000,106354.63000000,2195110.45410000
1731168000000,20.56000000,20.81000000,20.31000000,20.71000000,76780.30000000,1581003.41780000
1731182400000,20.70000000,22.17000000,20.65000000,21.76000000,303532.06000000,6551826.82180000
1731196800000,21.77000000,22.45000000,21.24000000,22.17000000,507064.44000000,11053740.43100000
1731211200000,22.17000000,23.09000000,22.15000000,22.93000000,541338.10000000,12296034.50650000
1731225600000,22.92000000,23.36000000,22.81000000,23.26000000,313287.08000000,7211376.01330000
1731240000000,23.26000000,23.56000000,22.72000000,23.25000000,455318.83000000,10561623.30720000
1731254400000,23.24000000,24.16000000,23.02000000,23.34000000,422636.08000000,9987474.11750000
1731268800000,23.35000000,23.45000000,21.97000000,23.02000000,371603.98000000,8468450.74810000
1731283200000,23.02000000,23.55000000,22.85000000,23.40000000,308055.79000000,7128436.68710000
1731297600000,23.41000000,23.42000000,22.22000000,22.55000000,270985.96000000,6139226.24100000
1731312000000,22.56000000,22.95000000,22.49000000,22.93000000,170353.92000000,3875509.83300000
1731326400000,22.92000000,23.42000000,22.35000000,23.15000000,286528.62000000,6552484.93390000
1731340800000,23.14000000,23.52000000,23.04000000,23.29000000,260211.44000000,6061159.66720000
1731355200000,23.29000000,24.46000000,23.09000000,24.37000000,357063.09000000,8478116.14630000
1731369600000,24.36000000,24.41000000,23.24000000,23.41000000,683416.42000000,16063105.81180000
1731384000000,23.41000000,23.59000000,22.62000000,23.52000000,729151.46000000,16914877.32640000
1731398400000,23.52000000,24.58000000,21.90000000,22.65000000,993134.10000000,23081748.41410000
1731412800000,22.64000000,22.91000000,21.84000000,22.30000000,446312.06000000,9978575.89960000
1731427200000,22.31000000,22.81000000,21.91000000,22.67000000,213595.05000000,4785326.77460000
1731441600000,22.67000000,23.32000000,22.43000000,22.75000000,253174.90000000,5785422.88450000
1731456000000,22.76000000,23.14000000,22.03000000,22.05000000,312746.47000000,7075157.89480000
1731470400000,22.04000000,22.35000000,21.17000000,21.81000000,334514.61000000,7246215.43230000
1731484800000,21.80000000,21.95000000,21.49000000,21.86000000,129044.82000000,2804672.09010000
1731499200000,21.86000000,23.01000000,21.65000000,22.79000000,579820.11000000,12988508.61140000
1731513600000,22.79000000,22.97000000,21.65000000,21.72000000,381086.59000000,8554248.66280000
1731528000000,21.72000000,22.11000000,21.33000000,22.09000000,248080.11000000,5388436.83110000
1731542400000,22.08000000,22.62000000,21.96000000,22.59000000,289385.03000000,6450475.00920000
1731556800000,22.59000000,22.76000000,22.14000000,22.61000000,286095.92000000,6433689.20150000
1731571200000,22.61000000,22.71000000,22.05000000,22.32000000,168996.24000000,3791823.78020000
1731585600000,22.31000000,22.46000000,21.36000000,21.47000000,225357.69000000,4933996.43980000
1731600000000,21.48000000,22.41000000,21.35000000,22.34000000,180606.27000000,3952973.11720000
1731614400000,22.33000000,22.70000000,21.50000000,21.80000000,283789.22000000,6294696.34240000
1731628800000,21.80000000,22.37000000,21.61000000,22.16000000,211212.58000000,4652009.02040000
1731643200000,22.15000000,22.34000000,21.55000000,21.94000000,235122.77000000,5157460.11620000
1731657600000,21.94000000,22.48000000,21.67000000,22.46000000,187358.90000000,4158461.02790000
1731672000000,22.47000000,23.54000000,22.09000000,22.25000000,623600.39000000,14245067.14860000
1731686400000,22.25000000,22.89000000,22.16000000,22.78000000,202378.98000000,4576051.53020000
1731700800000,22.78000000,23.10000000,22.76000000,22.99000000,126274.80000000,2900665.79670000
1731715200000,22.98000000,23.52000000,22.82000000,23.51000000,209071.98000000,4840312.28580000
1731729600000,23.51000000,23.89000000,23.36000000,23.66000000,291808.24000000,6900846.24510000
1731744000000,23.65000000,25.88000000,23.49000000,25.41000000,1021228.43000000,25313093.53860000
1731758400000,25.41000000,27.72000000,24.90000000,26.61000000,1969454.07000000,51754610.18220000
1731772800000,26.62000000,28.68000000,26.56000000,28.16000000,1340983.42000000,37047426.20590000
1731787200000,28.16000000,28.47000000,26.47000000,26.73000000,477827.07000000,13032057.47070000
1731801600000,26.73000000,30.42000000,26.72000000,27.77000000,2406735.20000000,68770396.93900000
1731816000000,27.77000000,27.99000000,26.90000000,27.31000000,810560.41000000,22230326.51700000
1731830400000,27.31000000,27.51000000,25.95000000,25.96000000,488988.04000000,13125768.02210000
1731844800000,25.95000000,26.60000000,25.59000000,25.71000000,375713.05000000,9799578.06690000
1731859200000,25.71000000,26.05000000,25.36000000,25.57000000,224854.25000000,5771998.81370000
1731873600000,25.58000000,25.87000000,25.13000000,25.84000000,245954.33000000,6273378.50750000
1731888000000,25.84000000,27.35000000,25.57000000,26.44000000,621957.57000000,16549016.29610000
1731902400000,26.45000000,27.18000000,26.38000000,26.99000000,287920.48000000,7735457.43200000
1731916800000,27.00000000,27.04000000,26.08000000,26.22000000,192296.84000000,5112289.22160000
1731931200000,26.23000000,26.82000000,25.69000000,26.66000000,214459.66000000,5619204.79350000
1731945600000,26.67000000,26.87000000,25.55000000,25.94000000,277296.43000000,7302708.81520000
1731960000000,25.94000000,27.44000000,25.88000000,27.04000000,258827.45000000,6894891.80010000
1731974400000,27.06000000,27.68000000,26.47000000,26.49000000,293469.52000000,7914930.68230000
1731988800000,26.48000000,26.60000000,26.13000000,26.31000000,85299.28000000,2250406.49690000
1732003200000,26.30000000,26.36000000,25.99000000,26.30000000,93165.98000000,2437801.83040000
1732017600000,26.32000000,26.76000000,25.88000000,26.21000000,212400.42000000,5572699.61700000
1732032000000,26.22000000,26.56000000,26.08000000,26.34000000,130286.70000000,3421036.72370000
1732046400000,26.35000000,26.40000000,25.51000000,26.16000000,192188.53000000,4978901.55700000
1732060800000,26.16000000,26.17000000,25.00000000,25.39000000,287802.74000000,7334518.81340000
1732075200000,25.39000000,25.93000000,25.22000000,25.67000000,118259.71000000,3030886.61790000
1732089600000,25.65000000,26.18000000,25.59000000,25.92000000,145732.46000000,3777779.85100000
1732104000000,25.91000000,26.69000000,25.53000000,26.09000000,435480.00000000,11398947.74460000
1732118400000,26.09000000,26.16000000,24.69000000,25.04000000,309063.12000000,7804227.92040000
1732132800000,25.04000000,25.66000000,24.87000000,25.37000000,127339.27000000,3225204.86320000
1732147200000,25.38000000,25.70000000,24.62000000,25.41000000,266333.48000000,6701822.23870000
1732161600000,25.43000000,27.42000000,25.30000000,26.64000000,828905.84000000,21963481.56730000
1732176000000,26.65000000,26.86000000,26.33000000,26.69000000,337979.92000000,8976993.34020000
1732190400000,26.69000000,28.85000000,26.68000000,27.11000000,1082759.61000000,30011127.72310000
1732204800000,27.12000000,27.51000000,26.93000000,27.22000000,368712.10000000,10051190.78840000
1732219200000,27.22000000,27.55000000,27.04000000,27.34000000,123331.63000000,3364355.96700000
1732233600000,27.34000000,27.98000000,26.79000000,27.81000000,347494.86000000,9553463.49030000
1732248000000,27.81000000,28.47000000,27.69000000,27.86000000,275719.52000000,7729945.09440000
1732262400000,27.87000000,28.54000000,27.48000000,28.49000000,245403.90000000,6872340.05280000
1732276800000,28.48000000,28.71000000,27.07000000,27.93000000,611128.36000000,16980555.39110000
1732291200000,27.94000000,28.14000000,27.54000000,28.03000000,197813.98000000,5520115.39510000
1732305600000,28.03000000,28.53000000,27.89000000,28.52000000,178401.92000000,5022833.63780000
1732320000000,28.51000000,30.39000000,28.33000000,29.28000000,986259.34000000,29119361.27610000
1732334400000,29.27000000,29.60000000,28.69000000,29.39000000,375756.25000000,10974013.92670000
1732348800000,29.39000000,30.41000000,29.25000000,29.63000000,348256.52000000,10366341.87030000
1732363200000,29.62000000,31.34000000,29.45000000,30.53000000,782598.42000000,23976138.10020000
1732377600000,30.54000000,30.80000000,29.23000000,29.95000000,537132.77000000,16050833.39310000
1732392000000,29.94000000,29.99000000,29.06000000,29.64000000,257881.61000000,7636598.93130000
1732406400000,29.64000000,30.45000000,29.49000000,30.40000000,312815.47000000,9425585.55470000
1732420800000,30.39000000,30.64000000,29.66000000,30.23000000,283739.93000000,8546007.05140000
1732435200000,30.24000000,30.30000000,28.35000000,28.41000000,432610.64000000,12580162.33620000
1732449600000,28.42000000,28.75000000,27.17000000,27.31000000,750908.15000000,20943611.34840000
1732464000000,27.31000000,28.12000000,27.19000000,27.85000000,318977.78000000,8871043.41840000
1732478400000,27.85000000,29.11000000,27.77000000,28.84000000,368318.72000000,10458656.11440000
1732492800000,28.85000000,28.86000000,27.68000000,28.54000000,208321.76000000,5900849.32080000
1732507200000,28.53000000,29.56000000,28.51000000,29.14000000,229275.21000000,6652316.71310000
1732521600000,29.14000000,31.80000000,29.13000000,30.92000000,833058.19000000,25625906.40340000
1732536000000,30.93000000,31.98000000,29.69000000,31.59000000,1165833.87000000,36035887.30030000
1732550400000,31.60000000,31.96000000,30.54000000,30.83000000,624082.54000000,19507951.93180000
1732564800000,30.82000000,31.29000000,29.16000000,29.77000000,402669.40000000,12164686.77170000
1732579200000,29.76000000,30.42000000,29.41000000,29.82000000,275998.39000000,8270836.80980000
1732593600000,29.81000000,30.04000000,28.99000000,29.16000000,246833.34000000,7301305.69830000
1732608000000,29.15000000,29.17000000,27.43000000,28.09000000,544418.72000000,15396901.18630000
1732622400000,28.07000000,28.56000000,27.63000000,27.96000000,362611.53000000,10189491.00500000
1732636800000,27.96000000,28.55000000,27.38000000,27.71000000,296124.46000000,8253428.33890000
1732651200000,27.71000000,28.43000000,27.63000000,28.33000000,193913.00000000,5449858.83030000
1732665600000,28.33000000,28.69000000,27.81000000,28.50000000,177030.79000000,5010719.91330000
1732680000000,28.49000000,30.48000000,28.44000000,29.81000000,562991.52000000,16681820.42720000
1732694400000,29.81000000,29.97000000,28.65000000,29.58000000,961698.94000000,28107955.95970000
1732708800000,29.59000000,30.46000000,29.09000000,30.18000000,432907.69000000,12914464.31080000
1732723200000,30.19000000,30.56000000,29.88000000,30.43000000,240724.78000000,7279595.81370000
1732737600000,30.43000000,33.31000000,30.40000000,32.90000000,992891.95000000,31998611.63300000
1732752000000,32.89000000,33.34000000,31.31000000,31.91000000,736017.49000000,23736636.29100000
1732766400000,31.92000000,32.30000000,31.61000000,31.79000000,297228.54000000,9498023.93130000
1732780800000,31.80000000,32.69000000,31.43000000,32.23000000,427364.62000000,13720769.14000000
1732795200000,32.22000000,33.54000000,31.32000000,31.42000000,805540.17000000,26219992.78960000
1732809600000,31.41000000,31.93000000,31.36000000,31.91000000,216308.03000000,6848240.72320000
1732824000000,31.91000000,32.44000000,31.55000000,31.91000000,221920.09000000,7090886.14380000
1732838400000,31.92000000,32.08000000,31.34000000,31.66000000,239461.61000000,7585639.10440000
1732852800000,31.66000000,31.80000000,31.03000000,31.04000000,207789.23000000,6533368.72050000
1732867200000,31.05000000,31.72000000,31.05000000,31.67000000,148308.66000000,4659842.48340000
1732881600000,31.68000000,32.40000000,31.44000000,31.94000000,338327.88000000,10781065.43760000
1732896000000,31.95000000,32.07000000,31.52000000,31.96000000,130230.00000000,4138825.29820000
1732910400000,31.96000000,32.17000000,31.73000000,31.94000000,140797.47000000,4499946.45150000
1732924800000,31.93000000,33.59000000,31.65000000,33.44000000,765510.19000000,25080554.66800000
1732939200000,33.45000000,34.00000000,32.90000000,33.19000000,572797.67000000,19142870.00240000
1732953600000,33.21000000,33.47000000,32.40000000,32.83000000,415056.61000000,13691935.66790000
1732968000000,32.84000000,33.24000000,32.21000000,32.54000000,260320.91000000,8520413.78560000
1732982400000,32.53000000,32.86000000,32.30000000,32.79000000,108318.36000000,3535233.61550000
1732996800000,32.77000000,33.15000000,32.51000000,32.70000000,139047.40000000,4575638.23410000
1733011200000,32.70000000,33.13000000,31.63000000,32.23000000,390536.86000000,12609030.64870000
1733025600000,32.22000000,32.39000000,31.91000000,32.24000000,90290.79000000,2903913.64820000
1733040000000,32.24000000,32.45000000,31.99000000,32.22000000,98263.67000000,3169290.26630000
1733054400000,32.23000000,33.68000000,31.98000000,32.88000000,372544.09000000,12244799.94180000
1733068800000,32.87000000,32.93000000,32.37000000,32.74000000,186583.23000000,6094590.80600000
1733083200000,32.75000000,33.44000000,32.33000000,33.32000000,274030.07000000,9057276.10240000
1733097600000,33.31000000,34.62000000,32.91000000,32.98000000,1131627.13000000,38359153.36200000
1733112000000,32.97000000,33.66000000,32.50000000,32.96000000,535264.26000000,17679294.08040000
1733126400000,32.96000000,33.21000000,31.11000000,31.44000000,642519.13000000,20413507.46170000
1733140800000,31.44000000,33.77000000,31.33000000,33.22000000,825603.10000000,27047771.92730000
1733155200000,33.22000000,33.38000000,31.88000000,33.09000000,502282.09000000,16425157.25280000
1733169600000,33.09000000,34.17000000,33.03000000,33.87000000,692574.23000000,23347728.86070000
1733184000000,33.86000000,34.44000000,33.27000000,34.02000000,484155.46000000,16391822.70290000
1733198400000,34.01000000,34.52000000,33.05000000,33.40000000,590056.09000000,19974636.02660000
1733212800000,33.41000000,34.32000000,33.25000000,34.13000000,478898.33000000,16183275.21410000
1733227200000,34.13000000,34.70000000,30.95000000,32.11000000,1887545.08000000,61164564.80430000
1733241600000,32.11000000,32.66000000,31.51000000,32.31000000,469793.00000000,15099687.25900000
1733256000000,32.32000000,35.35000000,32.24000000,34.72000000,939048.43000000,32257095.94790000
1733270400000,34.72000000,37.98000000,34.50000000,35.36000000,1509807.42000000,54264199.60080000
1733284800000,35.36000000,36.68000000,35.34000000,36.64000000,387416.33000000,13907458.61960000
1733299200000,36.65000000,37.18000000,36.11000000,36.29000000,511418.45000000,18728797.64070000
1733313600000,36.29000000,38.90000000,35.51000000,37.73000000,1335621.34000000,49872451.98140000
1733328000000,37.73000000,37.94000000,35.86000000,37.76000000,905836.42000000,33571963.20010000
1733342400000,37.76000000,38.68000000,37.16000000,37.70000000,858458.29000000,32657734.29760000
1733356800000,37.70000000,38.02000000,35.31000000,36.10000000,981002.71000000,35908258.57980000
1733371200000,36.10000000,36.98000000,35.58000000,36.58000000,869079.99000000,31456031.69340000
1733385600000,36.57000000,38.04000000,36.38000000,37.82000000,413892.24000000,15353911.68160000
1733400000000,37.81000000,37.82000000,36.21000000,36.71000000,497823.08000000,18472193.50830000
1733414400000,36.71000000,37.31000000,36.05000000,36.17000000,308125.69000000,11356210.38080000
1733428800000,36.17000000,36.61000000,34.75000000,35.61000000,574475.71000000,20547118.85370000
1733443200000,35.61000000,36.83000000,35.29000000,36.74000000,485747.45000000,17623246.54830000
1733457600000,36.73000000,36.88000000,36.26000000,36.38000000,207365.19000000,7582387.80470000
1733472000000,36.37000000,36.52000000,34.76000000,35.11000000,433478.45000000,15347626.98370000
1733486400000,35.11000000,37.54000000,34.20000000,36.57000000,952230.22000000,34379955.92350000
1733500800000,36.58000000,39.93000000,36.47000000,39.58000000,1494172.30000000,57320408.01540000
1733515200000,39.58000000,39.97000000,38.18000000,38.27000000,752757.25000000,29557488.95460000
1733529600000,38.28000000,38.69000000,37.41000000,37.46000000,363979.24000000,13829902.23820000
1733544000000,37.47000000,37.82000000,37.00000000,37.31000000,249070.15000000,9315009.48530000
1733558400000,37.30000000,37.59000000,36.86000000,37.42000000,273774.48000000,10207961.84260000
1733572800000,37.41000000,37.97000000,37.17000000,37.45000000,254099.60000000,9531355.83110000
1733587200000,37.45000000,37.54000000,36.78000000,37.34000000,232181.31000000,8640691.40080000
1733601600000,37.34000000,37.49000000,37.13000000,37.20000000,108196.78000000,4039373.38970000
1733616000000,37.20000000,37.60000000,37.00000000,37.12000000,162526.14000000,6051084.01550000
1733630400000,37.12000000,37.26000000,36.40000000,36.83000000,259226.33000000,9508261.85630000
1733644800000,36.82000000,36.83000000,35.78000000,36.62000000,232570.76000000,8438327.81440000
1733659200000,36.61000000,37.04000000,36.29000000,36.86000000,187593.14000000,6890228.75600000
1733673600000,36.86000000,36.92000000,36.43000000,36.76000000,90633.36000000,3324848.81720000
1733688000000,36.76000000,37.19000000,36.50000000,37.08000000,131411.85000000,4844271.96880000
1733702400000,37.09000000,37.10000000,35.17000000,35.59000000,375722.14000000,13507232.24760000
1733716800000,35.59000000,36.09000000,34.91000000,35.43000000,291344.65000000,10337710.92850000
1733731200000,35.42000000,35.43000000,33.97000000,34.11000000,468886.68000000,16188307.89540000
1733745600000,34.10000000,35.47000000,33.90000000,34.40000000,458421.38000000,15908686.36370000
1733760000000,34.40000000,34.74000000,33.92000000,34.05000000,214812.85000000,7379255.51950000
1733774400000,34.09000000,34.19000000,28.00000000,31.35000000,1903529.55000000,59525825.77120000
1733788800000,31.36000000,32.26000000,29.33000000,30.49000000,811622.42000000,25102252.28190000
1733803200000,30.49000000,31.74000000,29.72000000,31.26000000,485420.44000000,15037963.22090000
1733817600000,31.27000000,31.81000000,30.83000000,31.17000000,286079.59000000,8980447.04230000
1733832000000,31.16000000,31.25000000,28.67000000,28.71000000,867603.99000000,26035358.22390000
1733846400000,28.71000000,29.55000000,27.95000000,29.51000000,761812.74000000,21877144.08290000
1733860800000,29.48000000,30.51000000,29.29000000,30.19000000,265481.60000000,7979506.57750000
1733875200000,30.19000000,30.42000000,28.85000000,30.05000000,339089.46000000,10054310.01570000
1733889600000,30.07000000,30.26000000,29.60000000,29.62000000,145266.64000000,4358337.73060000
1733904000000,29.62000000,31.10000000,29.60000000,31.09000000,345389.85000000,10527793.32060000
1733918400000,31.08000000,33.84000000,31.05000000,33.25000000,1692749.75000000,55172754.44960000
1733932800000,33.26000000,33.96000000,33.09000000,33.70000000,383411.50000000,12867259.28880000
1733947200000,33.71000000,34.08000000,33.49000000,33.49000000,225253.42000000,7624602.00200000
1733961600000,33.50000000,35.17000000,33.30000000,34.99000000,711680.61000000,24360847.13740000
1733976000000,34.98000000,35.21000000,34.19000000,34.50000000,451853.63000000,15705160.05720000
1733990400000,34.50000000,34.80000000,33.69000000,33.85000000,369872.48000000,12656996.26280000
1734004800000,33.85000000,35.27000000,33.85000000,34.79000000,791943.83000000,27492264.26560000
1734019200000,34.79000000,35.15000000,33.56000000,33.67000000,391951.79000000,13451252.68120000
1734033600000,33.66000000,34.27000000,33.27000000,33.82000000,380853.94000000,12831250.06890000
1734048000000,33.83000000,34.63000000,33.05000000,34.43000000,452997.65000000,15344027.49150000
1734062400000,34.44000000,34.83000000,33.34000000,33.98000000,328987.39000000,11234392.07500000
1734076800000,33.99000000,34.40000000,33.44000000,33.91000000,300025.86000000,10191702.73630000
1734091200000,33.91000000,34.68000000,33.59000000,33.65000000,346669.65000000,11850148.29890000
1734105600000,33.64000000,34.24000000,33.56000000,33.98000000,213193.35000000,7226492.05210000
1734120000000,33.98000000,34.43000000,33.43000000,34.01000000,161898.20000000,5479722.61070000
1734134400000,34.01000000,34.29000000,33.63000000,33.81000000,160462.32000000,5452715.22820000
1734148800000,33.81000000,33.93000000,33.57000000,33.63000000,76329.69000000,2572368.58430000
1734163200000,33.63000000,33.91000000,33.22000000,33.26000000,153197.71000000,5139144.94820000
1734177600000,33.25000000,33.35000000,31.98000000,32.62000000,373174.74000000,12174047.79350000
1734192000000,32.62000000,32.80000000,31.98000000,32.32000000,143230.90000000,4627003.99680000
1734206400000,32.30000000,32.73000000,31.83000000,32.56000000,94792.02000000,3058659.86520000
1734220800000,32.57000000,33.44000000,32.35000000,32.82000000,204428.45000000,6741216.42240000
1734235200000,32.83000000,33.38000000,32.22000000,32.49000000,152492.75000000,5032778.24110000
1734249600000,32.50000000,32.97000000,32.45000000,32.63000000,167572.10000000,5477646.75030000
1734264000000,32.63000000,33.32000000,32.49000000,33.04000000,308355.55000000,10163526.76000000
1734278400000,33.04000000,33.28000000,32.73000000,32.96000000,100904.64000000,3329752.57990000
1734292800000,32.95000000,33.94000000,32.16000000,33.79000000,250477.36000000,8279202.20790000
1734307200000,33.79000000,35.16000000,33.42000000,33.79000000,637333.79000000,21924160.75390000
1734321600000,33.80000000,33.97000000,33.35000000,33.64000000,178524.01000000,6016748.18490000
1734336000000,33.64000000,33.67000000,32.25000000,32.35000000,302438.42000000,9957452.57620000
1734350400000,32.36000000,33.18000000,32.07000000,32.96000000,365885.41000000,11959018.34210000
1734364800000,32.95000000,34.60000000,32.93000000,33.86000000,537590.15000000,18198842.62910000
1734379200000,33.87000000,34.19000000,33.14000000,33.21000000,146771.50000000,4944313.01900000
1734393600000,33.21000000,33.38000000,32.58000000,33.32000000,195919.47000000,6466707.15390000
1734408000000,33.31000000,33.71000000,33.00000000,33.15000000,187356.54000000,6240110.22170000
1734422400000,33.14000000,34.02000000,33.13000000,33.75000000,235633.42000000,7922249.87840000
1734436800000,33.76000000,33.89000000,32.37000000,32.59000000,438350.96000000,14493336.57440000
1734451200000,32.59000000,33.77000000,32.34000000,33.13000000,272594.38000000,9006493.29370000
1734465600000,33.13000000,33.28000000,32.04000000,32.50000000,204504.41000000,6653437.49030000
1734480000000,32.51000000,32.66000000,31.92000000,31.97000000,457593.16000000,14742377.81790000
1734494400000,31.96000000,31.99000000,31.22000000,31.67000000,285856.19000000,9033222.01580000
1734508800000,31.66000000,32.16000000,31.51000000,32.04000000,128598.35000000,4097753.40990000
1734523200000,32.04000000,32.13000000,31.10000000,31.50000000,205303.73000000,6480134.39140000
1734537600000,31.52000000,32.12000000,30.74000000,30.74000000,189687.03000000,5980666.90410000
1734552000000,30.74000000,30.96000000,29.14000000,29.40000000,824780.83000000,24792835.45880000
1734566400000,29.39000000,29.73000000,27.75000000,29.53000000,527810.48000000,15184439.21590000
1734580800000,29.52000000,29.62000000,29.14000000,29.47000000,140928.34000000,4141804.63460000
1734595200000,29.46000000,29.98000000,29.22000000,29.67000000,339338.63000000,10022856.86400000
1734609600000,29.67000000,29.80000000,28.19000000,28.65000000,321990.00000000,9350247.66300000
1734624000000,28.64000000,28.97000000,26.23000000,26.71000000,974883.02000000,26596645.10520000
1734638400000,26.73000000,27.38000000,25.97000000,26.72000000,412223.93000000,11011498.84590000
1734652800000,26.72000000,27.60000000,26.33000000,27.21000000,324660.17000000,8777534.94780000
1734667200000,27.22000000,27.46000000,26.60000000,27.02000000,566178.57000000,15229092.05760000
1734681600000,27.02000000,27.05000000,23.49000000,23.57000000,1407609.81000000,35028823.55370000
1734696000000,23.58000000,26.51000000,23.55000000,26.31000000,581102.09000000,14642134.17090000
1734710400000,26.31000000,27.12000000,26.17000000,26.89000000,279593.68000000,7441744.15860000
1734724800000,26.90000000,27.61000000,26.40000000,27.44000000,222022.58000000,5999243.54810000
1734739200000,27.44000000,27.68000000,27.20000000,27.38000000,162087.70000000,4441052.19020000
1734753600000,27.39000000,28.56000000,27.33000000,28.23000000,230664.26000000,6473244.81410000
1734768000000,28.23000000,28.36000000,27.17000000,27.37000000,187210.60000000,5184024.03980000
1734782400000,27.38000000,27.39000000,25.77000000,26.45000000,320866.52000000,8501724.29140000
1734796800000,26.45000000,26.55000000,25.72000000,26.08000000,130839.36000000,3419488.64820000
1734811200000,26.08000000,26.35000000,25.67000000,26.03000000,141163.83000000,3673747.45020000
1734825600000,26.04000000,26.37000000,25.70000000,26.08000000,120751.82000000,3150132.19430000
1734840000000,26.09000000,26.14000000,25.36000000,25.92000000,130325.68000000,3356856.47770000
1734854400000,25.92000000,26.72000000,25.90000000,26.39000000,112523.46000000,2971024.88350000
1734868800000,26.39000000,26.65000000,25.65000000,25.94000000,179534.72000000,4686845.08900000
1734883200000,25.94000000,26.42000000,25.46000000,25.53000000,118705.74000000,3092299.56120000
1734897600000,25.54000000,26.28000000,25.27000000,25.98000000,128425.52000000,3318788.30820000
1734912000000,25.98000000,26.84000000,25.42000000,26.77000000,214103.69000000,5591332.60080000
1734926400000,26.77000000,26.89000000,25.89000000,26.15000000,132276.31000000,3488166.94860000
1734940800000,26.15000000,26.77000000,26.10000000,26.44000000,104681.20000000,2772542.83010000
1734955200000,26.43000000,26.71000000,25.84000000,25.94000000,193999.93000000,5094865.72530000
1734969600000,25.94000000,26.74000000,25.90000000,26.51000000,199016.39000000,5267034.23380000
1734984000000,26.51000000,27.98000000,26.50000000,27.55000000,253216.90000000,6946764.24320000
1734998400000,27.55000000,27.61000000,26.72000000,27.20000000,124146.36000000,3368431.92290000
1735012800000,27.20000000,27.43000000,26.88000000,27.08000000,138550.98000000,3767138.00910000
1735027200000,27.09000000,27.43000000,27.00000000,27.35000000,143360.37000000,3900003.41030000
1735041600000,27.35000000,28.37000000,27.12000000,28.23000000,308618.77000000,8582912.93670000
1735056000000,28.22000000,28.44000000,27.88000000,27.89000000,142640.42000000,4018953.41850000
1735070400000,27.89000000,28.13000000,27.61000000,27.94000000,144224.16000000,4019750.59800000
1735084800000,27.93000000,27.94000000,27.39000000,27.56000000,130109.74000000,3598505.95010000
1735099200000,27.55000000,27.81000000,27.38000000,27.47000000,132722.48000000,3658274.49430000
1735113600000,27.48000000,28.29000000,27.41000000,27.45000000,187615.42000000,5212179.77070000
1735128000000,27.46000000,27.71000000,27.22000000,27.24000000,142323.12000000,3913299.07600000
1735142400000,27.25000000,27.40000000,26.92000000,27.33000000,95662.94000000,2598881.47850000
1735156800000,27.31000000,27.40000000,26.92000000,27.32000000,58045.86000000,1578260.11650000
1735171200000,27.32000000,27.51000000,26.76000000,26.82000000,121578.40000000,3288830.18470000
1735185600000,26.81000000,26.81000000,26.50000000,26.58000000,165107.37000000,4401436.12660000
1735200000000,26.58000000,26.63000000,25.77000000,26.16000000,176753.68000000,4615704.20990000
1735214400000,26.16000000,26.24000000,25.81000000,25.88000000,124668.53000000,3238029.88450000
1735228800000,25.88000000,26.15000000,25.54000000,25.86000000,82006.52000000,2122399.37230000
1735243200000,25.85000000,26.05000000,25.51000000,25.87000000,70731.40000000,1822541.77900000
1735257600000,25.87000000,26.50000000,25.75000000,26.22000000,142334.78000000,3728323.20970000
1735272000000,26.22000000,26.54000000,25.89000000,26.16000000,113772.96000000,2984475.45060000
1735286400000,26.16000000,27.21000000,26.16000000,26.87000000,188642.13000000,5053992.25080000
1735300800000,26.88000000,26.91000000,25.84000000,26.01000000,153623.93000000,4048932.23800000
1735315200000,26.01000000,26.48000000,25.87000000,26.30000000,92046.65000000,2410227.64130000
1735329600000,26.31000000,26.33000000,25.78000000,25.99000000,83307.93000000,2169752.16110000
1735344000000,26.00000000,26.09000000,25.75000000,26.03000000,75000.44000000,1945513.64180000
1735358400000,26.04000000,26.14000000,25.83000000,25.87000000,36595.32000000,950565.04200000
1735372800000,25.86000000,26.20000000,25.86000000,26.17000000,43008.21000000,1120998.82570000
1735387200000,26.17000000,26.56000000,26.00000000,26.26000000,109017.54000000,2862067.39060000
1735401600000,26.26000000,26.70000000,26.23000000,26.40000000,74116.89000000,1965983.58950000
1735416000000,26.42000000,26.75000000,26.34000000,26.57000000,40219.59000000,1066276.31980000
1735430400000,26.58000000,26.62000000,26.32000000,26.54000000,37996.68000000,1005277.93340000
1735444800000,26.55000000,26.70000000,26.38000000,26.69000000,48859.27000000,1297339.22300000
1735459200000,26.69000000,26.71000000,26.35000000,26.37000000,50060.48000000,1325718.05670000
1735473600000,26.37000000,26.44000000,25.94000000,26.09000000,99912.33000000,2615193.02540000
1735488000000,26.08000000,26.09000000,25.78000000,25.83000000,75290.95000000,1949750.47390000
1735502400000,25.82000000,25.84000000,25.27000000,25.54000000,102757.02000000,2625024.09600000
1735516800000,25.54000000,26.34000000,25.40000000,25.85000000,110575.68000000,2865830.57320000
1735531200000,25.88000000,26.13000000,25.64000000,26.00000000,62221.99000000,1612170.53260000
1735545600000,26.00000000,26.16000000,25.59000000,25.86000000,78761.00000000,2035996.10100000
1735560000000,25.85000000,26.12000000,24.81000000,25.05000000,233704.87000000,5883489.48510000
1735574400000,25.05000000,25.87000000,24.93000000,25.84000000,118982.68000000,3032016.33710000
1735588800000,25.85000000,26.08000000,25.06000000,25.44000000,107216.50000000,2729235.88740000
1735603200000,25.43000000,25.43000000,24.92000000,24.93000000,69767.09000000,1752418.22750000
1735617600000,24.94000000,25.11000000,24.79000000,24.97000000,58486.37000000,1459439.20700000
1735632000000,24.97000000,25.63000000,24.97000000,25.52000000,116522.05000000,2960579.13000000
1735646400000,25.53000000,26.03000000,25.45000000,25.76000000,126071.66000000,3247533.48760000
1735660800000,25.77000000,25.82000000,25.04000000,25.29000000,92463.85000000,2350911.79250000
1735675200000,25.29000000,25.53000000,24.97000000,25.06000000,115085.25000000,2902158.35070000
1735689600000,25.05000000,25.44000000,25.01000000,25.19000000,92274.65000000,2326735.55960000
1735704000000,25.18000000,25.19000000,24.99000000,25.04000000,67035.39000000,1679975.25950000
1735718400000,25.04000000,25.08000000,24.64000000,24.93000000,117325.23000000,2914446.88330000
1735732800000,24.92000000,25.35000000,24.91000000,25.32000000,71663.15000000,1800973.22830000
1735747200000,25.32000000,25.74000000,24.95000000,25.63000000,180113.92000000,4567867.55540000
1735761600000,25.64000000,26.03000000,25.59000000,25.81000000,319318.66000000,8240604.00180000
1735776000000,25.81000000,26.39000000,25.81000000,26.19000000,168186.08000000,4394429.29470000
1735790400000,26.19000000,26.53000000,26.17000000,26.45000000,110459.48000000,2911695.05810000
1735804800000,26.45000000,27.07000000,26.36000000,26.97000000,153241.29000000,4098185.13290000
1735819200000,26.97000000,27.09000000,26.59000000,26.73000000,226722.20000000,6087879.73440000
1735833600000,26.73000000,26.99000000,26.51000000,26.77000000,106943.42000000,2862251.00410000
1735848000000,26.78000000,26.94000000,26.64000000,26.90000000,88427.14000000,2369542.91760000
1735862400000,26.91000000,27.19000000,26.65000000,27.01000000,89842.62000000,2417384.16440000
1735876800000,27.02000000,27.02000000,26.61000000,26.67000000,87028.90000000,2334005.06760000
1735891200000,26.68000000,27.51000000,26.64000000,27.48000000,151667.08000000,4127473.17310000
1735905600000,27.48000000,28.16000000,27.42000000,28.09000000,275890.09000000,7677546.76090000
1735920000000,28.09000000,28.50000000,28.08000000,28.26000000,158806.51000000,4498613.37050000
1735934400000,28.25000000,28.49000000,28.06000000,28.44000000,128315.37000000,3632531.36380000
1735948800000,28.45000000,28.65000000,28.10000000,28.46000000,147396.59000000,4180857.43260000
1735963200000,28.46000000,28.48000000,28.17000000,28.40000000,90920.66000000,2577576.78280000
1735977600000,28.40000000,28.46000000,27.94000000,28.21000000,139352.30000000,3921976.24280000
1735992000000,28.21000000,28.84000000,27.86000000,28.01000000,279583.57000000,7944951.88460000
1736006400000,28.01000000,28.35000000,27.99000000,28.16000000,64780.53000000,1825043.81070000
1736020800000,28.17000000,28.50000000,28.15000000,28.36000000,78314.84000000,2220775.52250000
1736035200000,28.36000000,28.60000000,28.04000000,28.19000000,88991.85000000,2515311.49260000
1736049600000,28.19000000,28.37000000,28.09000000,28.13000000,38890.48000000,1098079.66270000
1736064000000,28.13000000,28.16000000,27.65000000,27.77000000,122265.97000000,3406216.64510000
1736078400000,27.77000000,27.97000000,27.41000000,27.81000000,114757.90000000,3177087.07790000
1736092800000,27.81000000,28.11000000,27.69000000,28.00000000,51805.36000000,1444852.08890000
1736107200000,28.01000000,28.25000000,27.94000000,28.13000000,54509.00000000,1531229.74470000
1736121600000,28.14000000,28.70000000,27.72000000,28.42000000,168318.72000000,4764428.11990000
1736136000000,28.43000000,28.59000000,27.92000000,28.03000000,112516.67000000,3187714.40610000
1736150400000,28.02000000,28.39000000,27.89000000,28.32000000,81786.06000000,2300781.89440000
1736164800000,28.33000000,28.88000000,27.95000000,28.86000000,179215.58000000,5102103.82780000
1736179200000,28.87000000,29.24000000,28.46000000,28.69000000,137995.89000000,3983569.84820000
1736193600000,28.69000000,28.82000000,28.40000000,28.67000000,56097.89000000,1602240.75410000
1736208000000,28.67000000,28.80000000,28.35000000,28.53000000,69646.52000000,1991648.21810000
1736222400000,28.53000000,28.64000000,28.29000000,28.47000000,63240.39000000,1799480.86850000
1736236800000,28.48000000,28.69000000,27.96000000,28.26000000,141353.67000000,4014258.37350000
1736251200000,28.27000000,28.50000000,26.52000000,26.86000000,582515.63000000,16005547.05530000
1736265600000,26.86000000,27.10000000,26.04000000,26.19000000,266173.66000000,7072485.51140000
1736280000000,26.19000000,26.33000000,25.79000000,25.90000000,171428.88000000,4467665.36710000
1736294400000,25.90000000,26.30000000,25.59000000,25.77000000,174162.73000000,4513885.21450000
1736308800000,25.78000000,25.83000000,25.08000000,25.45000000,160946.75000000,4096239.28890000
1736323200000,25.45000000,25.71000000,25.03000000,25.31000000,140004.30000000,3556302.76450000
1736337600000,25.31000000,25.79000000,25.21000000,25.51000000,129664.17000000,3302080.14260000
1736352000000,25.51000000,25.59000000,24.23000000,24.99000000,347741.79000000,8646247.44750000
1736366400000,24.98000000,25.34000000,24.73000000,25.26000000,127348.38000000,3190922.77640000
1736380800000,25.27000000,25.60000000,25.11000000,25.21000000,167337.25000000,4244001.10240000
1736395200000,25.21000000,25.40000000,24.75000000,24.79000000,104745.94000000,2633653.86470000
1736409600000,24.79000000,25.27000000,24.69000000,25.11000000,130620.22000000,3263793.34950000
1736424000000,25.10000000,25.55000000,24.35000000,25.50000000,234702.72000000,5853962.61660000
1736438400000,25.51000000,25.58000000,24.61000000,24.64000000,151458.94000000,3797635.20020000
1736452800000,24.63000000,25.06000000,24.31000000,24.88000000,106543.34000000,2624539.79360000
1736467200000,24.87000000,25.20000000,24.81000000,25.16000000,51160.27000000,1277331.88440000
1736481600000,25.15000000,25.71000000,25.08000000,25.55000000,64747.40000000,1643572.33990000
1736496000000,25.54000000,25.61000000,25.36000000,25.52000000,50395.09000000,1285107.50130000
1736510400000,25.52000000,25.92000000,24.89000000,25.33000000,311235.15000000,7914845.58070000
1736524800000,25.34000000,25.90000000,25.09000000,25.85000000,154752.01000000,3952902.20850000
1736539200000,25.86000000,25.91000000,25.59000000,25.66000000,37787.09000000,972025.46080000
1736553600000,25.66000000,25.73000000,25.33000000,25.38000000,59796.68000000,1526380.36360000
1736568000000,25.38000000,25.53000000,25.21000000,25.30000000,52785.90000000,1337303.74180000
1736582400000,25.30000000,25.60000000,25.14000000,25.49000000,68200.39000000,1729829.42400000
1736596800000,25.50000000,25.53000000,25.21000000,25.25000000,64613.93000000,1637004.89450000
1736611200000,25.25000000,25.43000000,25.18000000,25.42000000,59887.19000000,1515780.70030000
1736625600000,25.42000000,25.95000000,25.39000000,25.55000000,73874.49000000,1899653.97270000
1736640000000,25.56000000,25.78000000,25.48000000,25.68000000,45959.37000000,1177463.00600000
1736654400000,25.68000000,25.73000000,25.30000000,25.45000000,28892.54000000,737286.13280000
1736668800000,25.46000000,25.51000000,25.16000000,25.33000000,30898.18000000,782080.34470000
1736683200000,25.34000000,25.58000000,25.23000000,25.50000000,48725.71000000,1237420.14390000
1736697600000,25.51000000,25.71000000,25.38000000,25.49000000,58159.56000000,1486516.87020000
1736712000000,25.50000000,25.59000000,24.99000000,25.26000000,57162.11000000,1441530.88300000
1736726400000,25.27000000,25.84000000,24.64000000,24.79000000,145762.60000000,3684578.66720000
1736740800000,24.78000000,25.12000000,24.31000000,24.44000000,119997.90000000,2949995.11840000
1736755200000,24.44000000,24.48000000,23.17000000,23.19000000,373607.11000000,8901575.71250000
1736769600000,23.20000000,24.17000000,22.88000000,23.97000000,339457.05000000,7983033.84920000
1736784000000,23.97000000,24.05000000,23.42000000,23.80000000,112842.83000000,2677433.85970000
1736798400000,23.81000000,24.74000000,23.70000000,24.59000000,91894.63000000,2243070.85030000
1736812800000,24.58000000,24.89000000,24.45000000,24.80000000,129561.93000000,3200943.62450000
1736827200000,24.79000000,24.95000000,24.67000000,24.68000000,57640.95000000,1430705.13640000
1736841600000,24.68000000,25.39000000,24.68000000,25.12000000,136748.18000000,3436431.18050000
1736856000000,25.12000000,25.37000000,24.91000000,25.13000000,111980.05000000,2815183.32380000
1736870400000,25.14000000,25.47000000,24.95000000,25.30000000,69758.91000000,1761862.50230000
1736884800000,25.30000000,25.51000000,25.13000000,25.40000000,40622.21000000,1031108.76980000
1736899200000,25.40000000,25.60000000,25.21000000,25.42000000,68497.30000000,1739703.26070000
1736913600000,25.43000000,25.62000000,25.22000000,25.46000000,62622.67000000,1590945.03470000
1736928000000,25.46000000,25.61000000,24.89000000,25.06000000,113791.10000000,2867484.81150000
1736942400000,25.08000000,26.44000000,24.92000000,26.23000000,347510.20000000,8971279.64740000
1736956800000,26.24000000,26.63000000,25.88000000,26.59000000,210322.46000000,5524987.99640000
1736971200000,26.60000000,27.18000000,26.44000000,27.13000000,166301.46000000,4445456.45370000
1736985600000,27.13000000,27.35000000,26.47000000,26.58000000,163115.15000000,4370229.60950000
1737000000000,26.59000000,26.79000000,26.49000000,26.68000000,67046.61000000,1787521.46790000
1737014400000,26.69000000,26.72000000,26.04000000,26.68000000,157388.38000000,4147481.39310000
1737028800000,26.67000000,27.28000000,26.17000000,26.92000000,261918.07000000,6996082.09130000
1737043200000,26.91000000,27.35000000,26.89000000,27.12000000,145127.35000000,3940420.89530000
1737057600000,27.13000000,27.16000000,26.44000000,26.70000000,80466.69000000,2155327.34210000
1737072000000,26.70000000,27.69000000,26.70000000,27.65000000,182772.23000000,5003738.29810000
1737086400000,27.65000000,28.20000000,27.63000000,27.74000000,240407.79000000,6702977.86290000
1737100800000,27.74000000,28.05000000,27.58000000,27.88000000,159592.67000000,4447114.88040000
1737115200000,27.88000000,28.04000000,27.55000000,27.78000000,119246.50000000,3312602.98390000
1737129600000,27.79000000,28.07000000,27.73000000,28.06000000,92269.67000000,2576019.11480000
1737144000000,28.05000000,28.67000000,28.01000000,28.26000000,185943.21000000,5282575.38460000
1737158400000,28.27000000,28.50000000,27.32000000,27.43000000,131459.42000000,3673734.65950000
1737172800000,27.43000000,27.54000000,26.39000000,26.75000000,217639.90000000,5860436.12340000
1737187200000,26.76000000,27.21000000,26.39000000,27.15000000,227558.09000000,6091411.08460000
1737201600000,27.15000000,27.30000000,26.77000000,26.87000000,160031.41000000,4332229.85190000
1737216000000,26.87000000,26.96000000,26.43000000,26.75000000,144766.39000000,3863118.12550000
1737230400000,26.76000000,26.99000000,26.37000000,26.93000000,57488.48000000,1533149.43840000
1737244800000,26.93000000,27.42000000,26.81000000,26.88000000,106669.81000000,2892501.56530000
1737259200000,26.88000000,26.95000000,26.10000000,26.22000000,208059.59000000,5517358.80050000
1737273600000,26.22000000,26.22000000,24.95000000,25.11000000,493297.49000000,12583227.46010000
1737288000000,25.11000000,27.86000000,25.07000000,27.38000000,536716.81000000,14391651.57060000
1737302400000,27.38000000,28.03000000,27.16000000,27.92000000,326285.59000000,9022893.23610000
1737316800000,27.92000000,28.12000000,24.99000000,25.43000000,745089.07000000,19581849.56550000
1737331200000,25.43000000,26.14000000,24.73000000,26.03000000,473611.79000000,11982603.35160000
1737345600000,26.03000000,28.02000000,25.74000000,27.09000000,632524.25000000,17063643.30570000
1737360000000,27.10000000,27.49000000,26.65000000,27.07000000,187934.87000000,5090537.55600000
1737374400000,27.07000000,27.11000000,26.13000000,26.33000000,227364.15000000,6026513.70260000
1737388800000,26.33000000,26.73000000,25.16000000,26.21000000,391352.80000000,10165902.18800000
1737403200000,26.21000000,26.22000000,25.47000000,25.80000000,108739.50000000,2817340.00510000
1737417600000,25.78000000,25.89000000,25.09000000,25.45000000,205728.86000000,5241379.76460000
1737432000000,25.45000000,25.64000000,24.95000000,25.48000000,181712.07000000,4598574.84440000
1737446400000,25.47000000,26.20000000,25.34000000,26.16000000,315719.33000000,8142116.71970000
1737460800000,26.16000000,26.77000000,25.96000000,26.58000000,409653.63000000,10817092.03970000
1737475200000,26.57000000,27.86000000,26.54000000,27.35000000,268369.46000000,7340118.02970000
1737489600000,27.35000000,27.49000000,26.91000000,27.12000000,131495.98000000,3580996.67090000
1737504000000,27.13000000,27.72000000,27.01000000,27.08000000,141332.77000000,3862692.13300000
1737518400000,27.07000000,27.17000000,26.61000000,26.66000000,134644.43000000,3626684.59170000
1737532800000,26.66000000,27.05000000,26.43000000,27.01000000,120122.72000000,3202888.07350000
1737547200000,27.01000000,27.07000000,26.59000000,26.78000000,369740.75000000,9888698.51030000
1737561600000,26.78000000,27.01000000,26.62000000,26.81000000,153008.38000000,4101659.28770000
1737576000000,26.82000000,26.96000000,26.70000000,26.83000000,181604.35000000,4865967.16120000
1737590400000,26.83000000,27.69000000,26.64000000,27.31000000,337116.97000000,9099425.64610000
1737604800000,27.32000000,27.40000000,26.71000000,27.00000000,205180.65000000,5520823.23620000
1737619200000,27.00000000,27.30000000,26.69000000,27.12000000,202836.14000000,5450677.50630000
1737633600000,27.12000000,28.53000000,26.86000000,28.23000000,597819.44000000,16618824.70740000
1737648000000,28.22000000,28.99000000,28.02000000,28.09000000,576458.62000000,16482495.86270000
1737662400000,28.09000000,29.22000000,27.76000000,29.02000000,618033.65000000,17565526.66940000
1737676800000,29.02000000,29.25000000,27.56000000,28.02000000,383130.79000000,10815330.52050000
1737691200000,28.01000000,29.16000000,27.75000000,28.47000000,269773.21000000,7726082.03370000
1737705600000,28.48000000,28.87000000,28.32000000,28.42000000,174768.17000000,4991154.10610000
1737720000000,28.42000000,28.61000000,27.82000000,28.11000000,237680.68000000,6701993.34970000
1737734400000,28.12000000,28.24000000,27.72000000,27.80000000,92109.33000000,2579568.31220000
1737748800000,27.80000000,27.87000000,27.30000000,27.39000000,153264.71000000,4213497.64410000
1737763200000,27.38000000,27.55000000,26.84000000,27.26000000,178147.65000000,4837603.47540000
1737777600000,27.26000000,27.26000000,26.76000000,26.84000000,148095.32000000,3988846.47110000
1737792000000,26.84000000,27.07000000,26.61000000,27.02000000,231709.28000000,6203522.91870000
1737806400000,27.02000000,27.23000000,26.76000000,27.08000000,99381.77000000,2683146.70290000
1737820800000,27.08000000,27.33000000,27.01000000,27.24000000,71178.99000000,1936447.82950000
1737835200000,27.25000000,27.36000000,27.01000000,27.04000000,46020.63000000,1252438.65790000
1737849600000,27.04000000,27.07000000,26.76000000,26.98000000,72239.85000000,1941835.89730000
1737864000000,26.98000000,27.16000000,26.90000000,27.01000000,50309.71000000,1360152.63100000
1737878400000,27.01000000,27.07000000,26.72000000,26.85000000,105081.49000000,2817128.82500000
1737892800000,26.84000000,26.94000000,26.76000000,26.84000000,74705.07000000,2005631.61290000
1737907200000,26.84000000,27.06000000,26.74000000,26.90000000,59301.38000000,1591469.63230000
1737921600000,26.90000000,26.92000000,26.04000000,26.19000000,359916.85000000,9496672.76210000
1737936000000,26.20000000,26.68000000,25.68000000,26.23000000,508943.03000000,13350133.05750000
1737950400000,26.23000000,26.23000000,24.74000000,25.27000000,419408.22000000,10658496.84810000
1737964800000,25.27000000,25.41000000,24.63000000,25.03000000,234428.08000000,5871753.97580000
1737979200000,25.03000000,25.83000000,24.86000000,25.51000000,262190.70000000,6671114.90150000
1737993600000,25.51000000,25.59000000,24.97000000,25.18000000,110908.38000000,2797495.13940000
1738008000000,25.19000000,26.21000000,25.19000000,26.00000000,100896.39000000,2605987.20990000
1738022400000,26.00000000,26.21000000,25.57000000,25.93000000,85128.13000000,2200594.23430000
1738036800000,25.94000000,26.27000000,25.88000000,25.93000000,54878.81000000,1431316.81750000
1738051200000,25.93000000,26.00000000,25.65000000,25.83000000,65044.00000000,1680311.53280000
1738065600000,25.84000000,26.11000000,25.45000000,25.86000000,96843.15000000,2494653.07020000
1738080000000,25.86000000,25.88000000,25.36000000,25.52000000,74506.87000000,1910357.31560000
1738094400000,25.52000000,25.57000000,24.63000000,24.98000000,129750.82000000,3238927.50910000
1738108800000,24.97000000,25.60000000,24.94000000,25.39000000,442841.00000000,11197837.14980000
1738123200000,25.40000000,25.86000000,25.33000000,25.73000000,69435.00000000,1777581.67350000
1738137600000,25.72000000,25.79000000,25.33000000,25.49000000,66303.01000000,1691703.31400000
1738152000000,25.50000000,25.55000000,25.07000000,25.26000000,89195.95000000,2252152.13240000
1738166400000,25.25000000,25.73000000,24.80000000,25.55000000,182775.55000000,4623835.97650000
1738180800000,25.54000000,26.03000000,25.29000000,25.54000000,129551.71000000,3336336.46090000
1738195200000,25.53000000,26.26000000,25.35000000,26.23000000,75338.39000000,1947880.78370000
1738209600000,26.23000000,26.31000000,26.01000000,26.13000000,84175.01000000,2202529.71730000
1738224000000,26.13000000,26.41000000,26.00000000,26.33000000,70488.51000000,1850163.93270000
1738238400000,26.33000000,26.67000000,26.14000000,26.48000000,113650.69000000,3005082.83350000
1738252800000,26.49000000,26.64000000,26.35000000,26.48000000,61791.79000000,1636393.55450000
1738267200000,26.48000000,26.50000000,26.26000000,26.28000000,62101.74000000,1637549.68300000
1738281600000,26.28000000,26.43000000,25.97000000,26.05000000,84917.06000000,2225205.03080000
1738296000000,26.04000000,26.46000000,25.93000000,26.18000000,82085.57000000,2150923.71950000
1738310400000,26.18000000,26.89000000,25.98000000,26.78000000,148636.58000000,3933742.84270000
1738324800000,26.79000000,27.52000000,26.74000000,27.50000000,252205.82000000,6834148.46880000
1738339200000,27.51000000,27.80000000,26.95000000,27.08000000,393638.74000000,10792521.12400000
1738353600000,27.07000000,27.08000000,26.66000000,26.83000000,156753.75000000,4214526.50530000
1738368000000,26.84000000,27.36000000,26.70000000,27.03000000,106176.42000000,2875162.81500000
1738382400000,27.04000000,27.25000000,26.81000000,26.83000000,98618.92000000,2669467.10290000
1738396800000,26.83000000,26.91000000,26.01000000,26.38000000,235140.76000000,6193716.54580000
1738411200000,26.37000000,26.44000000,25.72000000,25.97000000,118613.44000000,3087840.36510000
1738425600000,25.97000000,26.07000000,25.32000000,25.38000000,108577.20000000,2795606.99590000
1738440000000,25.37000000,25.37000000,24.80000000,24.96000000,149894.26000000,3756949.69280000
1738454400000,24.96000000,25.36000000,24.30000000,24.33000000,201456.22000000,4989592.43350000
1738468800000,24.33000000,24.87000000,24.30000000,24.55000000,127024.82000000,3130544.08030000
1738483200000,24.56000000,24.85000000,24.16000000,24.21000000,136126.33000000,3341089.80900000
1738497600000,24.22000000,24.53000000,24.00000000,24.25000000,132887.43000000,3225932.37960000
1738512000000,24.25000000,24.64000000,22.50000000,23.18000000,850278.97000000,19965824.39030000
1738526400000,23.17000000,23.40000000,21.45000000,22.50000000,497897.51000000,11129423.22800000
1738540800000,22.50000000,22.51000000,17.08000000,19.05000000,3004159.07000000,58003195.15480000
1738555200000,19.05000000,20.19000000,18.37000000,20.13000000,842749.55000000,16213995.24400000
1738569600000,20.13000000,20.13000000,19.41000000,19.71000000,441743.78000000,8722381.94870000
1738584000000,19.71000000,20.87000000,19.08000000,20.68000000,951463.16000000,18973433.35880000
1738598400000,20.68000000,21.51000000,20.51000000,21.48000000,431063.85000000,8989482.53770000
1738612800000,21.49000000,22.44000000,20.99000000,22.05000000,588865.90000000,12776764.80250000
1738627200000,22.05000000,22.29000000,21.40000000,21.51000000,165466.47000000,3616995.51130000
1738641600000,21.51000000,21.59000000,20.20000000,20.28000000,414734.67000000,8569430.58410000
1738656000000,20.29000000,20.97000000,20.18000000,20.70000000,213565.38000000,4380931.78420000
1738670400000,20.71000000,21.39000000,20.69000000,21.03000000,289123.10000000,6097919.97770000
1738684800000,21.03000000,21.65000000,20.92000000,20.99000000,156284.08000000,3317305.41260000
1738699200000,20.99000000,21.17000000,20.05000000,20.66000000,380340.55000000,7812882.75640000
1738713600000,20.66000000,20.89000000,20.43000000,20.71000000,142902.68000000,2951264.72570000
1738728000000,20.72000000,21.07000000,20.54000000,21.00000000,131737.32000000,2744767.14370000
1738742400000,20.99000000,21.48000000,20.80000000,21.29000000,123260.63000000,2608670.61010000
1738756800000,21.30000000,21.38000000,20.89000000,21.09000000,170978.08000000,3624953.67060000
1738771200000,21.08000000,21.16000000,20.44000000,20.90000000,147004.11000000,3051960.77060000
1738785600000,20.91000000,20.98000000,20.38000000,20.69000000,107079.92000000,2216096.20300000
1738800000000,20.70000000,20.87000000,20.41000000,20.80000000,82101.33000000,1700030.76310000
1738814400000,20.80000000,21.27000000,20.79000000,21.03000000,78009.59000000,1640567.51060000
1738828800000,21.03000000,21.12000000,20.67000000,20.77000000,101019.71000000,2113790.81050000
1738843200000,20.77000000,20.80000000,19.67000000,19.79000000,244131.23000000,4940553.07540000
1738857600000,19.79000000,20.05000000,19.56000000,19.71000000,240772.48000000,4765326.04180000
1738872000000,19.70000000,20.04000000,19.53000000,19.69000000,103321.98000000,2045110.09060000
1738886400000,19.69000000,20.17000000,19.65000000,20.01000000,99644.76000000,1988496.79940000
1738900800000,20.02000000,20.14000000,19.56000000,19.89000000,135756.90000000,2701080.57800000
1738915200000,19.90000000,20.35000000,19.82000000,20.35000000,98482.57000000,1982995.65990000
1738929600000,20.34000000,20.86000000,20.14000000,20.39000000,296778.76000000,6079251.62270000
1738944000000,20.40000000,20.49000000,19.97000000,20.05000000,152832.97000000,3087422.30140000
1738958400000,20.06000000,20.06000000,19.28000000,19.81000000,160556.85000000,3140697.18570000
1738972800000,19.80000000,20.06000000,19.73000000,19.81000000,58329.24000000,1159462.62270000
1738987200000,19.81000000,19.96000000,19.60000000,19.88000000,71605.42000000,1416330.03240000
1739001600000,19.87000000,19.92000000,19.68000000,19.81000000,57048.43000000,1128884.87140000
1739016000000,19.81000000,20.03000000,19.57000000,19.86000000,117962.06000000,2335452.19870000
1739030400000,19.86000000,20.25000000,19.73000000,20.15000000,75224.22000000,1508755.04890000
1739044800000,20.15000000,20.24000000,20.02000000,20.12000000,37694.79000000,758535.53140000
1739059200000,20.12000000,20.53000000,20.03000000,20.43000000,73708.79000000,1492643.97960000
1739073600000,20.43000000,20.43000000,20.18000000,20.37000000,90785.08000000,1842011.52490000
1739088000000,20.37000000,20.49000000,20.26000000,20.27000000,88138.53000000,1794865.30100000
1739102400000,20.26000000,20.35000000,19.90000000,20.25000000,127310.21000000,2566892.30700000
1739116800000,20.25000000,20.41000000,20.02000000,20.06000000,63573.75000000,1286453.69300000
1739131200000,20.06000000,20.27000000,19.35000000,20.15000000,185812.24000000,3677389.04380000
1739145600000,20.15000000,20.49000000,19.64000000,20.21000000,149464.23000000,2992643.11190000
1739160000000,20.21000000,20.49000000,20.14000000,20.42000000,76943.47000000,1563869.97760000
1739174400000,20.43000000,20.63000000,20.40000000,20.50000000,95819.43000000,1965833.94200000
1739188800000,20.49000000,20.85000000,20.31000000,20.50000000,140533.24000000,2893811.25020000
1739203200000,20.50000000,20.76000000,20.45000000,20.58000000,93146.63000000,1919388.98430000
1739217600000,20.58000000,20.72000000,20.52000000,20.68000000,75313.87000000,1553093.16310000
1739232000000,20.68000000,20.94000000,20.61000000,20.71000000,92723.69000000,1925277.13860000
1739246400000,20.71000000,21.37000000,20.70000000,21.13000000,168992.96000000,3558851.09040000
1739260800000,21.14000000,21.32000000,21.07000000,21.24000000,55603.04000000,1178271.23820000
1739275200000,21.24000000,21.26000000,20.66000000,20.77000000,136496.31000000,2852364.96060000
1739289600000,20.76000000,20.83000000,19.85000000,19.94000000,162568.62000000,3313420.17690000
1739304000000,19.94000000,20.35000000,19.90000000,20.22000000,107056.93000000,2152673.59840000
1739318400000,20.22000000,20.47000000,20.06000000,20.23000000,103802.34000000,2104370.31550000
1739332800000,20.23000000,20.42000000,20.08000000,20.38000000,117951.69000000,2387526.42620000
1739347200000,20.38000000,20.65000000,20.35000000,20.53000000,91256.98000000,1869718.96410000
1739361600000,20.53000000,20.74000000,19.81000000,20.39000000,429070.74000000,8682777.58960000
1739376000000,20.39000000,21.22000000,20.24000000,21.15000000,188118.52000000,3913216.85510000
1739390400000,21.15000000,21.71000000,21.07000000,21.38000000,128433.39000000,2743911.28770000
1739404800000,21.39000000,21.58000000,21.28000000,21.50000000,70903.57000000,1519042.44550000
1739419200000,21.51000000,21.52000000,21.02000000,21.05000000,88429.73000000,1880398.31590000
1739433600000,21.04000000,21.17000000,20.85000000,21.01000000,74814.56000000,1574298.45190000
1739448000000,21.02000000,21.25000000,20.79000000,21.10000000,145456.13000000,3059375.49870000
1739462400000,21.10000000,21.28000000,20.83000000,21.03000000,115821.48000000,2433198.25430000
1739476800000,21.04000000,21.24000000,20.95000000,21.14000000,87175.28000000,1838393.67670000
1739491200000,21.15000000,21.45000000,21.02000000,21.41000000,50350.81000000,1067911.31840000
1739505600000,21.42000000,21.43000000,21.08000000,21.16000000,41007.94000000,870180.08910000
1739520000000,21.16000000,21.52000000,21.13000000,21.32000000,132607.20000000,2833807.96340000
1739534400000,21.33000000,21.64000000,21.19000000,21.54000000,100952.83000000,2160704.53860000
1739548800000,21.55000000,21.94000000,21.34000000,21.58000000,159553.12000000,3453192.30740000
1739563200000,21.58000000,21.64000000,21.15000000,21.39000000,55370.66000000,1184740.49030000
1739577600000,21.39000000,21.51000000,21.21000000,21.38000000,43934.45000000,938872.12630000
1739592000000,21.39000000,21.45000000,21.04000000,21.15000000,60069.53000000,1276321.18220000
1739606400000,21.14000000,21.28000000,21.01000000,21.13000000,80554.06000000,1704994.43790000
1739620800000,21.13000000,21.19000000,20.83000000,20.92000000,86064.15000000,1806906.03460000
1739635200000,20.92000000,20.99000000,20.76000000,20.81000000,35343.99000000,737933.99520000
1739649600000,20.81000000,20.86000000,20.64000000,20.80000000,36643.82000000,761053.86430000
1739664000000,20.81000000,20.91000000,20.55000000,20.68000000,41501.19000000,859020.65180000
1739678400000,20.68000000,20.81000000,20.51000000,20.55000000,38284.34000000,791091.91530000
1739692800000,20.55000000,20.77000000,20.48000000,20.76000000,53863.84000000,1110786.06530000
1739707200000,20.76000000,20.78000000,20.35000000,20.55000000,54535.13000000,1120782.87220000
1739721600000,20.55000000,20.63000000,20.27000000,20.47000000,36622.39000000,748716.92960000
1739736000000,20.47000000,20.58000000,20.35000000,20.45000000,33601.74000000,687461.60440000
1739750400000,20.45000000,20.69000000,20.39000000,20.49000000,32052.67000000,658250.68690000
1739764800000,20.48000000,20.59000000,20.11000000,20.44000000,69765.78000000,1423756.63690000
1739779200000,20.42000000,21.17000000,20.35000000,20.97000000,132406.80000000,2765879.74310000
1739793600000,20.97000000,21.59000000,20.97000000,21.08000000,190672.60000000,4057598.12010000
1739808000000,21.09000000,21.20000000,20.41000000,20.82000000,115763.39000000,2412953.78980000
1739822400000,20.81000000,21.41000000,20.78000000,20.90000000,106121.16000000,2234327.23700000
1739836800000,20.90000000,20.95000000,20.65000000,20.70000000,47805.17000000,991834.92740000
1739851200000,20.70000000,20.77000000,19.81000000,20.02000000,200778.18000000,4041654.82870000
1739865600000,20.03000000,20.31000000,19.78000000,20.14000000,137224.00000000,2752026.48380000
1739880000000,20.14000000,20.47000000,19.71000000,19.83000000,164239.06000000,3304602.64700000
1739894400000,19.84000000,20.03000000,19.55000000,19.81000000,133913.83000000,2645203.62310000
1739908800000,19.82000000,20.22000000,19.66000000,20.18000000,50922.02000000,1016059.57520000
1739923200000,20.18000000,20.37000000,19.99000000,20.32000000,48907.32000000,987313.92990000
1739937600000,20.32000000,20.63000000,19.98000000,20.54000000,107027.32000000,2182516.79320000
1739952000000,20.54000000,21.06000000,20.54000000,21.02000000,128760.89000000,2684984.72770000
1739966400000,21.01000000,21.05000000,20.64000000,20.85000000,104049.32000000,2172921.20710000
1739980800000,20.84000000,21.15000000,20.83000000,21.07000000,65421.96000000,1373181.38210000
1739995200000,21.07000000,21.30000000,20.88000000,21.17000000,141357.41000000,2981902.70210000
1740009600000,21.18000000,21.59000000,21.12000000,21.44000000,91266.64000000,1943940.99050000
1740024000000,21.45000000,21.62000000,21.13000000,21.14000000,62877.82000000,1343249.86640000
1740038400000,21.14000000,21.19000000,20.81000000,21.06000000,221445.08000000,4648317.01420000
1740052800000,21.06000000,21.27000000,20.69000000,20.74000000,116389.71000000,2445105.04280000
1740067200000,20.74000000,21.04000000,20.72000000,20.90000000,57264.86000000,1195663.18210000
1740081600000,20.89000000,21.05000000,20.81000000,20.93000000,81669.90000000,1709331.16850000
1740096000000,20.93000000,21.05000000,20.76000000,20.81000000,55226.81000000,1153499.62250000
1740110400000,20.82000000,21.09000000,20.82000000,20.91000000,68470.37000000,1434772.04790000
1740124800000,20.92000000,21.51000000,20.85000000,21.24000000,194481.59000000,4131573.28280000
1740139200000,21.23000000,21.62000000,20.51000000,20.89000000,282503.09000000,5961894.52110000
1740153600000,20.90000000,21.20000000,19.92000000,20.01000000,291936.18000000,5993536.29870000
1740168000000,20.01000000,20.25000000,19.88000000,20.22000000,89329.60000000,1795183.73220000
1740182400000,20.22000000,20.38000000,20.05000000,20.15000000,70121.00000000,1418211.57450000
1740196800000,20.14000000,20.48000000,20.12000000,20.40000000,69279.26000000,1406836.18150000
1740211200000,20.40000000,20.54000000,20.23000000,20.34000000,96256.80000000,1961482.55540000
1740225600000,20.35000000,20.57000000,20.26000000,20.51000000,124556.73000000,2539056.13920000
1740240000000,20.51000000,20.79000000,20.51000000,20.61000000,120390.39000000,2487590.32430000
1740254400000,20.62000000,20.62000000,20.44000000,20.47000000,36892.07000000,756483.37070000
1740268800000,20.46000000,20.65000000,20.44000000,20.58000000,45820.51000000,940611.89570000
1740283200000,20.58000000,20.98000000,20.52000000,20.93000000,60131.65000000,1248252.11680000
1740297600000,20.94000000,21.05000000,20.71000000,20.75000000,67806.52000000,1416680.55520000
1740312000000,20.76000000,20.83000000,20.45000000,20.49000000,75368.64000000,1554877.47320000
1740326400000,20.49000000,20.74000000,20.46000000,20.67000000,59769.16000000,1233280.36350000
1740340800000,20.67000000,20.88000000,20.47000000,20.75000000,66682.51000000,1377881.52250000
1740355200000,20.76000000,20.89000000,19.84000000,19.92000000,115058.20000000,2333502.25440000
1740369600000,19.92000000,20.15000000,19.74000000,20.05000000,125648.79000000,2509330.65110000
1740384000000,20.04000000,20.04000000,19.54000000,19.88000000,172290.85000000,3400691.13530000
1740398400000,19.88000000,20.00000000,19.32000000,19.49000000,175713.32000000,3445077.47320000
1740412800000,19.50000000,19.72000000,19.16000000,19.34000000,132077.37000000,2565976.47290000
1740427200000,19.35000000,19.66000000,18.27000000,18.64000000,425973.75000000,8071732.97230000
1740441600000,18.63000000,18.86000000,18.17000000,18.43000000,255453.04000000,4724901.69680000
1740456000000,18.43000000,18.67000000,17.32000000,17.76000000,647922.45000000,11616263.91230000
1740470400000,17.76000000,18.51000000,17.68000000,18.46000000,611317.50000000,11021309.28960000
1740484800000,18.46000000,18.60000000,18.01000000,18.35000000,232234.27000000,4237486.07260000
1740499200000,18.36000000,18.80000000,18.20000000,18.79000000,118982.12000000,2198112.39920000
1740513600000,18.79000000,19.11000000,18.68000000,18.89000000,132560.93000000,2507559.87680000
1740528000000,18.88000000,19.19000000,18.74000000,19.06000000,76409.25000000,1449718.62920000
1740542400000,19.06000000,19.13000000,18.79000000,18.86000000,166668.34000000,3156429.29170000
1740556800000,18.85000000,19.05000000,18.73000000,18.91000000,75243.18000000,1422479.67460000
1740571200000,18.92000000,19.14000000,18.51000000,18.92000000,159893.12000000,3006499.27950000
1740585600000,18.92000000,18.97000000,18.09000000,18.25000000,243842.91000000,4495924.01520000
1740600000000,18.25000000,19.09000000,18.08000000,18.76000000,163398.37000000,3025915.98270000
1740614400000,18.77000000,19.03000000,18.63000000,18.93000000,69951.69000000,1318620.41410000
1740628800000,18.93000000,19.14000000,18.76000000,19.03000000,214449.19000000,4077961.33990000
1740643200000,19.02000000,19.17000000,18.92000000,19.05000000,92614.48000000,1765723.74020000
1740657600000,19.06000000,19.12000000,18.59000000,18.86000000,171158.31000000,3235873.25350000
1740672000000,18.86000000,18.93000000,18.52000000,18.57000000,64285.05000000,1206020.48390000
1740686400000,18.57000000,18.76000000,18.26000000,18.71000000,71965.68000000,1329167.53040000
1740700800000,18.72000000,18.74000000,17.72000000,17.85000000,769978.57000000,13869253.91970000
1740715200000,17.85000000,18.23000000,17.63000000,17.99000000,740564.37000000,13269289.60850000
1740729600000,17.99000000,18.49000000,17.82000000,18.29000000,257427.29000000,4683848.71690000
1740744000000,18.28000000,19.21000000,18.17000000,19.16000000,271375.37000000,5069468.42410000
1740758400000,19.16000000,19.64000000,19.08000000,19.48000000,167215.26000000,3233690.71070000
1740772800000,19.48000000,19.63000000,19.37000000,19.57000000,102788.75000000,2002480.12850000
1740787200000,19.56000000,19.80000000,19.36000000,19.59000000,105891.33000000,2072358.95870000
1740801600000,19.59000000,19.71000000,19.42000000,19.49000000,115405.66000000,2255212.53380000
1740816000000,19.49000000,19.56000000,19.08000000,19.14000000,197458.35000000,3814150.27640000
1740830400000,19.15000000,19.17000000,18.81000000,19.04000000,58354.67000000,1109323.42550000
1740844800000,19.04000000,19.13000000,18.81000000,19.05000000,129591.45000000,2453736.00510000
1740859200000,19.05000000,19.26000000,18.90000000,19.05000000,50740.49000000,966582.69830000
1740873600000,19.05000000,19.31000000,18.94000000,19.17000000,73741.04000000,1414772.98630000
1740888000000,19.17000000,19.31000000,19.14000000,19.21000000,62400.49000000,1200062.34470000
1740902400000,19.21000000,19.51000000,19.16000000,19.30000000,73407.32000000,1420371.86980000
1740916800000,19.30000000,19.92000000,18.85000000,19.52000000,285104.99000000,5536706.45340000
1740931200000,19.52000000,21.30000000,19.48000000,20.98000000,837576.92000000,17342075.53020000
1740945600000,20.98000000,21.11000000,20.79000000,21.00000000,150721.40000000,3157927.76130000
1740960000000,20.99000000,21.03000000,20.20000000,20.36000000,228219.52000000,4701803.62610000
1740974400000,20.36000000,20.51000000,19.81000000,20.15000000,214567.69000000,4331156.86540000
1740988800000,20.15000000,20.19000000,19.63000000,20.05000000,203335.25000000,4049612.89030000
1741003200000,20.05000000,20.29000000,19.52000000,19.88000000,238495.00000000,4744080.04460000
1741017600000,19.88000000,20.03000000,18.70000000,18.77000000,336270.28000000,6517024.29180000
1741032000000,18.78000000,18.98000000,18.44000000,18.70000000,188975.80000000,3542342.00240000
1741046400000,18.71000000,18.83000000,17.68000000,18.21000000,624167.67000000,11269954.50800000
1741060800000,18.21000000,18.73000000,18.17000000,18.37000000,141621.78000000,2610494.73330000
1741075200000,18.38000000,18.56000000,18.21000000,18.33000000,132370.42000000,2436142.81870000
1741089600000,18.32000000,18.94000000,17.85000000,18.48000000,400715.23000000,7337610.99050000
1741104000000,18.48000000,19.14000000,17.81000000,19.08000000,214637.52000000,3971775.72880000
1741118400000,19.07000000,19.21000000,18.77000000,18.96000000,93052.55000000,1768511.25470000
1741132800000,18.95000000,19.17000000,18.83000000,18.89000000,69015.68000000,1311643.75370000
1741147200000,18.90000000,19.27000000,18.89000000,19.24000000,93163.37000000,1782908.14520000
1741161600000,19.24000000,19.88000000,19.19000000,19.57000000,216626.72000000,4232371.97090000
1741176000000,19.57000000,20.17000000,19.54000000,20.05000000,272097.84000000,5391003.32970000
1741190400000,20.05000000,20.74000000,19.98000000,20.61000000,330247.26000000,6731734.04900000
1741204800000,20.61000000,20.88000000,20.49000000,20.50000000,156544.70000000,3235263.22400000
1741219200000,20.50000000,21.41000000,20.46000000,20.81000000,448135.78000000,9360760.23280000
1741233600000,20.80000000,21.08000000,20.59000000,20.64000000,184623.48000000,3836484.70670000
1741248000000,20.64000000,20.72000000,20.49000000,20.64000000,103921.82000000,2141165.46190000
1741262400000,20.64000000,20.68000000,20.12000000,20.39000000,198419.09000000,4038011.45520000
1741276800000,20.39000000,20.45000000,19.85000000,19.95000000,99610.55000000,1996806.58170000
1741291200000,19.95000000,20.27000000,19.91000000,19.96000000,94270.01000000,1891927.80990000
1741305600000,19.97000000,20.41000000,19.18000000,20.15000000,369471.26000000,7303422.18420000
1741320000000,20.16000000,20.95000000,20.13000000,20.89000000,216630.24000000,4450531.15340000
1741334400000,20.89000000,21.02000000,20.71000000,20.90000000,182893.09000000,3814733.41440000
1741348800000,20.90000000,21.25000000,20.63000000,20.99000000,443557.38000000,9298117.99430000
1741363200000,20.99000000,21.19000000,20.38000000,20.89000000,353580.33000000,7328163.26080000
1741377600000,20.90000000,20.95000000,20.15000000,20.41000000,213274.86000000,4370649.34260000
1741392000000,20.40000000,20.52000000,19.94000000,20.10000000,109341.65000000,2211613.61400000
1741406400000,20.09000000,20.26000000,19.75000000,19.77000000,67662.36000000,1353514.41790000
1741420800000,19.77000000,19.81000000,19.48000000,19.63000000,82519.02000000,1618160.23080000
1741435200000,19.64000000,20.11000000,19.59000000,19.68000000,149340.87000000,2964536.86200000
1741449600000,19.68000000,20.62000000,19.55000000,20.46000000,140051.81000000,2813311.97210000
1741464000000,20.46000000,20.52000000,20.11000000,20.23000000,54994.94000000,1117544.68110000
1741478400000,20.23000000,20.50000000,19.88000000,19.90000000,64635.84000000,1301414.88100000
1741492800000,19.90000000,19.98000000,19.79000000,19.87000000,27633.44000000,549304.18410000
1741507200000,19.86000000,19.86000000,19.11000000,19.18000000,118336.40000000,2300718.34150000
1741521600000,19.18000000,19.18000000,18.69000000,18.76000000,121562.10000000,2301470.13130000
1741536000000,18.76000000,18.89000000,17.75000000,18.06000000,343497.44000000,6225909.29140000
1741550400000,18.07000000,18.20000000,17.66000000,17.93000000,264387.47000000,4721801.21230000
1741564800000,17.94000000,18.24000000,17.67000000,18.00000000,318204.14000000,5739976.24690000
1741579200000,18.01000000,18.18000000,17.90000000,18.16000000,231590.96000000,4172418.90050000
1741593600000,18.17000000,18.78000000,17.93000000,18.65000000,228022.16000000,4199577.65400000
1741608000000,18.65000000,18.75000000,17.55000000,17.88000000,308010.29000000,5557997.52130000
1741622400000,17.88000000,17.93000000,16.71000000,17.18000000,355161.22000000,6114502.74160000
1741636800000,17.17000000,17.19000000,16.80000000,16.88000000,148757.16000000,2528622.35420000
1741651200000,16.88000000,17.09000000,15.87000000,16.89000000,518431.70000000,8549805.54650000
1741665600000,16.89000000,17.36000000,16.86000000,17.32000000,153400.64000000,2634973.86760000
1741680000000,17.32000000,17.47000000,17.27000000,17.39000000,132765.16000000,2304562.13760000
1741694400000,17.40000000,17.71000000,17.16000000,17.66000000,709109.39000000,12300335.68250000
1741708800000,17.65000000,18.18000000,17.52000000,18.12000000,189223.45000000,3385225.05820000
1741723200000,18.12000000,18.17000000,17.82000000,17.86000000,52590.56000000,947606.04820000
1741737600000,17.86000000,18.00000000,17.36000000,17.38000000,77153.83000000,1362101.19990000
1741752000000,17.38000000,17.71000000,17.28000000,17.67000000,86019.47000000,1502063.45440000
1741766400000,17.66000000,17.98000000,17.53000000,17.72000000,149702.19000000,2656953.43070000
1741780800000,17.72000000,18.02000000,17.30000000,17.67000000,250934.78000000,4421414.85140000
1741795200000,17.66000000,18.02000000,17.63000000,17.96000000,64810.61000000,1156605.28490000
1741809600000,17.96000000,18.37000000,17.93000000,17.98000000,79529.15000000,1441162.88240000
1741824000000,17.99000000,18.04000000,17.78000000,17.80000000,69518.43000000,1245650.11160000
1741838400000,17.80000000,17.88000000,17.64000000,17.68000000,47933.93000000,851379.45620000
1741852800000,17.68000000,17.94000000,17.54000000,17.93000000,122992.28000000,2190179.42420000
1741867200000,17.94000000,18.17000000,17.67000000,17.94000000,113242.86000000,2026612.48000000
1741881600000,17.94000000,17.95000000,17.39000000,17.67000000,68245.24000000,1203447.03930000
1741896000000,17.68000000,18.01000000,17.52000000,17.90000000,41950.19000000,745383.57540000
1741910400000,17.90000000,18.08000000,17.83000000,17.98000000,62775.08000000,1127870.55050000
1741924800000,17.99000000,18.33000000,17.85000000,18.29000000,136303.58000000,2468135.51460000
1741939200000,18.30000000,18.50000000,18.14000000,18.23000000,95889.42000000,1757827.85500000
1741953600000,18.23000000,18.44000000,18.01000000,18.27000000,150833.86000000,2743746.18670000
1741968000000,18.27000000,18.33000000,18.01000000,18.04000000,39059.81000000,709508.18990000
1741982400000,18.03000000,18.11000000,17.96000000,18.02000000,72363.72000000,1304915.36220000
1741996800000,18.03000000,18.15000000,17.94000000,18.13000000,182970.69000000,3297871.03240000
1742011200000,18.14000000,18.24000000,17.86000000,17.92000000,59905.63000000,1080621.27420000
1742025600000,17.92000000,18.00000000,17.87000000,17.97000000,46363.63000000,831607.92170000
1742040000000,17.98000000,18.10000000,17.88000000,18.00000000,61457.89000000,1105405.54070000
1742054400000,18.00000000,18.13000000,17.84000000,17.94000000,42273.80000000,760213.32460000
1742068800000,17.95000000,18.12000000,17.94000000,17.95000000,52412.62000000,945004.90170000
1742083200000,17.95000000,18.02000000,17.74000000,17.91000000,58960.82000000,1054562.56170000
1742097600000,17.90000000,18.08000000,17.89000000,17.94000000,59615.89000000,1071394.99750000
1742112000000,17.94000000,17.96000000,17.26000000,17.30000000,140471.30000000,2463313.35630000
1742126400000,17.30000000,17.49000000,17.18000000,17.43000000,182814.65000000,3167223.51920000
1742140800000,17.43000000,17.76000000,17.32000000,17.44000000,95744.98000000,1684108.73730000
1742155200000,17.44000000,17.58000000,17.35000000,17.48000000,29203.48000000,509805.74580000
1742169600000,17.48000000,17.86000000,17.46000000,17.75000000,79340.40000000,1404305.56170000
1742184000000,17.75000000,17.82000000,17.56000000,17.80000000,52292.61000000,925752.28110000
1742198400000,17.81000000,17.94000000,17.72000000,17.82000000,54122.92000000,965974.92600000
1742212800000,17.81000000,18.01000000,17.73000000,17.91000000,146097.84000000,2610487.76230000
1742227200000,17.91000000,18.09000000,17.84000000,18.02000000,54240.36000000,975502.15300000
1742241600000,18.02000000,18.18000000,17.83000000,17.83000000,126406.54000000,2279100.89420000
1742256000000,17.83000000,17.85000000,17.51000000,17.59000000,56983.56000000,1005549.60780000
1742270400000,17.59000000,17.68000000,17.39000000,17.60000000,105489.33000000,1848981.34890000
1742284800000,17.59000000,17.65000000,17.40000000,17.44000000,53011.97000000,929727.25650000
1742299200000,17.43000000,17.47000000,17.25000000,17.30000000,106405.15000000,1844593.87340000
1742313600000,17.30000000,17.51000000,17.26000000,17.49000000,72706.83000000,1259182.97110000
1742328000000,17.49000000,17.71000000,17.41000000,17.69000000,39553.50000000,694331.33080000
1742342400000,17.70000000,18.15000000,17.69000000,17.98000000,124125.31000000,2231296.84890000
1742356800000,17.98000000,18.05000000,17.80000000,17.81000000,65205.21000000,1168070.15760000
1742371200000,17.81000000,18.59000000,17.80000000,18.52000000,197843.58000000,3604787.41170000
1742385600000,18.53000000,18.60000000,18.06000000,18.26000000,214385.50000000,3918868.39720000
1742400000000,18.27000000,18.63000000,18.18000000,18.49000000,250018.24000000,4595366.38990000
1742414400000,18.50000000,18.61000000,18.39000000,18.55000000,48676.67000000,900764.43110000
1742428800000,18.55000000,18.64000000,18.29000000,18.31000000,57902.74000000,1066205.79760000
1742443200000,18.31000000,18.36000000,18.09000000,18.12000000,68646.92000000,1250078.19550000
1742457600000,18.12000000,18.24000000,17.83000000,17.94000000,113675.95000000,2048748.82180000
1742472000000,17.94000000,18.06000000,17.73000000,17.79000000,125670.16000000,2254007.39940000
1742486400000,17.78000000,17.94000000,17.59000000,17.92000000,83745.62000000,1489969.08420000
1742500800000,17.91000000,17.99000000,17.74000000,17.89000000,30364.03000000,542166.90620000
1742515200000,17.89000000,18.00000000,17.76000000,17.79000000,49521.46000000,885494.03240000
1742529600000,17.80000000,17.94000000,17.64000000,17.76000000,39846.61000000,708050.50230000
1742544000000,17.76000000,17.80000000,17.54000000,17.70000000,67277.17000000,1188345.08340000
1742558400000,17.69000000,17.78000000,17.51000000,17.64000000,118975.06000000,2096675.56740000
1742572800000,17.64000000,17.83000000,17.59000000,17.74000000,32024.89000000,567090.68740000
1742587200000,17.74000000,17.81000000,17.63000000,17.70000000,36300.27000000,643534.79280000
1742601600000,17.70000000,17.89000000,17.69000000,17.83000000,41702.10000000,742551.18320000
1742616000000,17.83000000,17.90000000,17.79000000,17.86000000,26849.61000000,479143.83130000
1742630400000,17.87000000,18.00000000,17.82000000,17.83000000,43280.42000000,774678.97680000
1742644800000,17.83000000,17.94000000,17.76000000,17.91000000,54688.31000000,976218.40480000
1742659200000,17.91000000,17.99000000,17.87000000,17.88000000,39201.56000000,702911.89480000
1742673600000,17.89000000,17.91000000,17.62000000,17.67000000,44789.51000000,794240.83640000
1742688000000,17.66000000,17.81000000,17.63000000,17.79000000,55480.87000000,983502.33000000
1742702400000,17.80000000,17.80000000,17.61000000,17.75000000,39106.35000000,692206.81540000
1742716800000,17.75000000,17.84000000,17.67000000,17.71000000,27382.26000000,485835.63560000
1742731200000,17.72000000,17.78000000,17.62000000,17.70000000,60126.50000000,1064691.05060000
1742745600000,17.70000000,17.71000000,17.51000000,17.66000000,24572.06000000,433088.53550000
1742760000000,17.67000000,17.82000000,17.66000000,17.81000000,16634.49000000,294953.60750000
1742774400000,17.81000000,17.94000000,17.65000000,17.93000000,67432.62000000,1200699.12780000
1742788800000,17.94000000,18.33000000,17.91000000,18.20000000,145167.21000000,2636653.71850000
1742803200000,18.20000000,18.41000000,18.20000000,18.24000000,110569.77000000,2024259.67110000
1742817600000,18.24000000,18.43000000,18.11000000,18.30000000,214229.74000000,3900951.95040000
1742832000000,18.30000000,18.39000000,18.20000000,18.28000000,80531.17000000,1473075.04490000
1742846400000,18.29000000,18.40000000,18.23000000,18.31000000,53394.50000000,977055.97570000
1742860800000,18.31000000,18.44000000,18.02000000,18.09000000,88279.11000000,1608867.38820000
1742875200000,18.09000000,18.32000000,18.03000000,18.26000000,90710.19000000,1647837.23130000
1742889600000,18.26000000,18.44000000,18.26000000,18.36000000,44292.06000000,812856.55340000
1742904000000,18.36000000,18.49000000,18.22000000,18.35000000,83379.74000000,1530652.81580000
1742918400000,18.35000000,18.68000000,18.32000000,18.46000000,53309.77000000,987416.94480000
1742932800000,18.46000000,18.55000000,18.34000000,18.42000000,31454.36000000,579973.32300000
1742947200000,18.42000000,18.54000000,18.22000000,18.27000000,44053.71000000,810712.79950000
1742961600000,18.28000000,18.63000000,18.26000000,18.61000000,52263.85000000,964967.55610000
1742976000000,18.61000000,18.68000000,18.50000000,18.62000000,68249.18000000,1267820.37750000
1742990400000,18.62000000,18.66000000,18.04000000,18.16000000,83610.33000000,1529433.15940000
1743004800000,18.16000000,18.26000000,17.78000000,18.00000000,70038.80000000,1261478.67790000
1743019200000,18.00000000,18.13000000,17.90000000,18.00000000,65926.03000000,1186721.31690000
1743033600000,18.01000000,18.32000000,17.97000000,18.26000000,35849.88000000,651105.92130000
1743048000000,18.27000000,18.28000000,18.15000000,18.18000000,29870.15000000,544250.13140000
1743062400000,18.17000000,18.25000000,18.03000000,18.05000000,53400.65000000,969649.49160000
1743076800000,18.05000000,18.14000000,17.70000000,17.93000000,75018.55000000,1344932.74470000
1743091200000,17.93000000,17.95000000,17.71000000,17.85000000,33676.97000000,600904.41930000
1743105600000,17.84000000,17.96000000,17.75000000,17.80000000,32684.19000000,583011.58370000
1743120000000,17.80000000,17.95000000,17.67000000,17.74000000,37531.63000000,667598.96260000
1743134400000,17.74000000,17.77000000,17.18000000,17.19000000,132150.37000000,2298861.69400000
1743148800000,17.19000000,17.34000000,17.02000000,17.21000000,94177.01000000,1618422.24520000
1743163200000,17.20000000,17.27000000,16.95000000,16.97000000,67806.09000000,1158863.03850000
1743177600000,16.97000000,17.07000000,16.90000000,16.95000000,45630.23000000,775536.13420000
1743192000000,16.94000000,17.17000000,16.86000000,17.14000000,38559.50000000,655777.73140000
1743206400000,17.14000000,17.26000000,16.86000000,17.14000000,37663.61000000,644524.23060000
1743220800000,17.14000000,17.17000000,16.82000000,16.86000000,55168.99000000,937480.18670000
1743235200000,16.87000000,16.99000000,16.59000000,16.69000000,68482.62000000,1148174.99600000
1743249600000,16.68000000,16.88000000,16.64000000,16.65000000,29562.52000000,495600.49400000
1743264000000,16.65000000,16.72000000,16.34000000,16.62000000,55242.56000000,912724.71540000
1743278400000,16.62000000,16.62000000,16.37000000,16.60000000,31373.06000000,516772.57530000
1743292800000,16.60000000,16.87000000,16.49000000,16.76000000,31248.64000000,522679.71390000
1743307200000,16.75000000,16.84000000,16.72000000,16.78000000,20596.75000000,345978.39860000
1743321600000,16.78000000,16.85000000,16.66000000,16.70000000,28623.70000000,479432.16420000
1743336000000,16.71000000,16.80000000,16.55000000,16.63000000,54935.93000000,915397.20480000
1743350400000,16.62000000,16.74000000,16.43000000,16.62000000,76076.70000000,1263305.68140000
1743364800000,16.62000000,16.64000000,16.23000000,16.50000000,53350.28000000,878792.65030000
1743379200000,16.50000000,16.62000000,16.24000000,16.42000000,127138.73000000,2094426.66830000
1743393600000,16.42000000,16.67000000,16.22000000,16.33000000,80433.38000000,1324042.54770000
1743408000000,16.34000000,16.72000000,16.23000000,16.67000000,108679.17000000,1790018.31790000
1743422400000,16.68000000,16.91000000,16.45000000,16.86000000,100731.95000000,1684427.83760000
1743436800000,16.86000000,16.96000000,16.67000000,16.84000000,33608.38000000,565470.74030000
1743451200000,16.84000000,16.93000000,16.68000000,16.78000000,35442.49000000,595327.19690000
1743465600000,16.78000000,16.88000000,16.66000000,16.67000000,89242.42000000,1495501.27130000
1743480000000,16.67000000,16.97000000,16.67000000,16.88000000,48779.45000000,821129.84960000
1743494400000,16.88000000,17.14000000,16.86000000,16.90000000,68884.73000000,1171061.12360000
1743508800000,16.91000000,17.28000000,16.70000000,17.18000000,121173.32000000,2058277.86260000
1743523200000,17.19000000,17.24000000,16.92000000,16.94000000,56256.87000000,963209.76630000
1743537600000,16.94000000,17.01000000,16.81000000,16.91000000,32994.15000000,558897.27880000
1743552000000,16.91000000,16.91000000,16.50000000,16.72000000,91097.25000000,1523463.22110000
1743566400000,16.71000000,17.15000000,16.42000000,16.44000000,187899.57000000,3134504.34830000
1743580800000,16.43000000,16.65000000,16.32000000,16.47000000,61188.19000000,1009245.76580000
1743595200000,16.46000000,16.90000000,16.16000000,16.78000000,131537.33000000,2175365.58650000
1743609600000,16.79000000,16.99000000,16.68000000,16.96000000,123728.45000000,2088672.73630000
1743624000000,16.96000000,17.34000000,15.81000000,16.09000000,231380.70000000,3817631.78370000
1743638400000,16.08000000,16.72000000,16.02000000,16.68000000,114880.19000000,1892859.23310000
1743652800000,16.68000000,16.92000000,16.30000000,16.41000000,73738.25000000,1226684.91830000
1743667200000,16.41000000,16.49000000,15.75000000,15.93000000,225579.85000000,3596966.50700000
1743681600000,15.93000000,15.95000000,15.56000000,15.77000000,143488.24000000,2260204.55880000
1743696000000,15.77000000,16.04000000,15.68000000,16.00000000,104306.50000000,1655171.18680000
1743710400000,16.01000000,16.28000000,15.95000000,16.23000000,30892.38000000,498761.23660000
1743724800000,16.24000000,16.28000000,16.00000000,16.15000000,42771.57000000,691412.25180000
1743739200000,16.15000000,16.43000000,16.10000000,16.39000000,57906.05000000,942246.85150000
1743753600000,16.39000000,16.48000000,15.75000000,15.92000000,83407.92000000,1345836.79870000
1743768000000,15.91000000,16.34000000,15.85000000,16.12000000,95917.45000000,1541225.57530000
1743782400000,16.11000000,16.35000000,16.04000000,16.19000000,46220.42000000,747333.29680000
1743796800000,16.19000000,16.35000000,16.15000000,16.25000000,24293.53000000,394653.04550000
1743811200000,16.25000000,16.32000000,16.14000000,16.14000000,30119.13000000,488471.21280000
1743825600000,16.14000000,16.22000000,16.12000000,16.21000000,12170.45000000,196739.30960000
1743840000000,16.21000000,16.39000000,16.20000000,16.28000000,30043.86000000,489773.24920000
1743854400000,16.27000000,16.28000000,15.89000000,15.92000000,42115.87000000,677017.64200000
1743868800000,15.93000000,15.95000000,15.75000000,15.76000000,17072.67000000,270867.77110000
1743883200000,15.77000000,15.90000000,15.70000000,15.88000000,28147.69000000,444464.90890000
1743897600000,15.89000000,15.94000000,15.75000000,15.80000000,23686.31000000,375121.50220000
1743912000000,15.81000000,15.98000000,15.75000000,15.80000000,85856.06000000,1362794.61190000
1743926400000,15.80000000,15.86000000,15.64000000,15.73000000,40477.49000000,637237.20500000
1743940800000,15.74000000,15.77000000,15.28000000,15.56000000,143889.62000000,2228232.90030000
1743955200000,15.56000000,15.57000000,14.24000000,14.41000000,578718.41000000,8517969.02610000
1743969600000,14.41000000,14.45000000,13.82000000,14.16000000,335869.50000000,4751729.63310000
1743984000000,14.16000000,14.40000000,13.51000000,13.69000000,202349.85000000,2818711.44810000
1743998400000,13.69000000,13.88000000,12.70000000,13.53000000,1021382.42000000,13557045.30020000
1744012800000,13.53000000,14.14000000,13.51000000,14.04000000,714593.25000000,9937142.23300000
1744027200000,14.04000000,14.89000000,13.99000000,14.49000000,505272.99000000,7273116.80660000
1744041600000,14.49000000,14.75000000,14.31000000,14.52000000,149978.23000000,2177173.99850000
1744056000000,14.53000000,14.76000000,14.49000000,14.49000000,60885.53000000,891057.55340000
1744070400000,14.50000000,14.98000000,14.42000000,14.65000000,115486.64000000,1715369.62590000
1744084800000,14.64000000,14.74000000,14.30000000,14.36000000,80430.13000000,1164432.36980000
1744099200000,14.36000000,14.71000000,14.27000000,14.69000000,43388.88000000,627541.62280000
1744113600000,14.70000000,14.74000000,14.28000000,14.37000000,160707.94000000,2323892.91000000
1744128000000,14.37000000,14.38000000,14.00000000,14.07000000,137957.96000000,1945263.46320000
1744142400000,14.07000000,14.21000000,14.01000000,14.07000000,66995.80000000,944222.75260000
1744156800000,14.07000000,14.17000000,13.57000000,13.76000000,481715.96000000,6684948.30720000
1744171200000,13.75000000,14.16000000,13.74000000,14.11000000,84482.86000000,1183481.43360000
1744185600000,14.12000000,14.22000000,13.84000000,13.93000000,89885.99000000,1262625.92690000
1744200000000,13.93000000,14.30000000,13.84000000,14.22000000,106337.74000000,1501597.10090000
1744214400000,14.22000000,15.38000000,14.21000000,15.22000000,403624.13000000,6055678.99580000
1744228800000,15.22000000,15.56000000,15.22000000,15.30000000,110068.80000000,1697077.11080000
1744243200000,15.30000000,15.30000000,14.88000000,14.98000000,91289.69000000,1378191.33280000
1744257600000,14.98000000,15.10000000,14.85000000,14.95000000,49367.05000000,740232.48910000
1744272000000,14.96000000,14.97000000,14.65000000,14.71000000,40458.60000000,598182.97400000
1744286400000,14.70000000,14.99000000,14.23000000,14.28000000,176790.13000000,2597586.84940000
1744300800000,14.28000000,14.67000000,14.20000000,14.61000000,98729.01000000,1425911.78630000
1744315200000,14.61000000,14.85000000,14.59000000,14.79000000,32525.80000000,479617.20700000
1744329600000,14.79000000,15.06000000,14.76000000,15.04000000,57063.86000000,850457.12820000
1744344000000,15.04000000,15.06000000,14.94000000,14.98000000,24952.61000000,374099.65600000
1744358400000,14.98000000,15.13000000,14.92000000,14.98000000,67705.54000000,1016555.27740000
1744372800000,14.98000000,15.10000000,14.88000000,15.07000000,94232.83000000,1413257.31640000
1744387200000,15.08000000,15.25000000,15.02000000,15.19000000,35776.41000000,542524.70060000
1744401600000,15.20000000,15.25000000,15.10000000,15.17000000,73380.09000000,1113096.42770000
1744416000000,15.16000000,15.20000000,15.10000000,15.12000000,23180.52000000,351153.90010000
1744430400000,15.13000000,15.27000000,15.07000000,15.22000000,62017.43000000,943357.02450000
1744444800000,15.22000000,15.33000000,15.13000000,15.18000000,43162.69000000,656792.95720000
1744459200000,15.19000000,15.80000000,15.17000000,15.68000000,152720.92000000,2375628.30790000
1744473600000,15.68000000,15.76000000,15.47000000,15.58000000,74320.10000000,1157304.92480000
1744488000000,15.59000000,15.69000000,15.51000000,15.54000000,106431.17000000,1660494.38690000
1744502400000,15.54000000,15.60000000,15.32000000,15.33000000,39124.37000000,604472.46500000
1744516800000,15.34000000,15.34000000,15.10000000,15.22000000,90740.45000000,1378997.86430000
1744531200000,15.21000000,15.43000000,15.16000000,15.26000000,68053.38000000,1042288.08440000
1744545600000,15.27000000,15.33000000,15.01000000,15.23000000,94549.26000000,1437342.03160000
1744560000000,15.23000000,15.73000000,15.06000000,15.30000000,105125.56000000,1615806.76000000
1744574400000,15.30000000,15.44000000,15.09000000,15.22000000,61926.57000000,943834.15540000
1744588800000,15.22000000,15.81000000,15.21000000,15.56000000,85535.09000000,1332513.43360000
1744603200000,15.57000000,15.67000000,15.20000000,15.36000000,76473.53000000,1180883.72070000
1744617600000,15.36000000,15.82000000,15.29000000,15.63000000,133151.06000000,2078694.68310000
1744632000000,15.63000000,15.75000000,15.35000000,15.41000000,85712.54000000,1331576.87710000
1744646400000,15.41000000,15.58000000,15.33000000,15.38000000,47263.50000000,730042.38260000
1744660800000,15.39000000,15.39000000,15.19000000,15.23000000,54656.62000000,835021.25950000
1744675200000,15.23000000,15.38000000,15.14000000,15.33000000,41950.92000000,640109.53640000
1744689600000,15.33000000,15.34000000,15.09000000,15.32000000,82568.30000000,1254246.88450000
1744704000000,15.31000000,15.39000000,15.18000000,15.27000000,45241.47000000,690683.53080000
1744718400000,15.28000000,15.38000000,14.89000000,15.07000000,121983.61000000,1842158.88550000
1744732800000,15.07000000,15.12000000,14.88000000,14.96000000,57521.65000000,862407.49390000
1744747200000,14.96000000,15.05000000,14.82000000,14.87000000,39896.92000000,595423.84520000
1744761600000,14.87000000,15.03000000,14.80000000,14.91000000,43470.45000000,648695.70840000
1744776000000,14.92000000,14.95000000,14.73000000,14.78000000,39186.71000000,580638.77060000
1744790400000,14.78000000,15.02000000,14.75000000,14.82000000,108310.16000000,1613444.31930000
1744804800000,14.82000000,15.04000000,14.64000000,14.86000000,61444.19000000,910053.72990000
1744819200000,14.87000000,15.09000000,14.54000000,15.03000000,183645.63000000,2728709.12250000
1744833600000,15.02000000,15.09000000,14.82000000,14.85000000,32575.74000000,487658.44710000
1744848000000,14.85000000,14.94000000,14.73000000,14.79000000,26499.33000000,393122.27370000
1744862400000,14.79000000,15.11000000,14.76000000,15.03000000,61413.33000000,921961.11700000
1744876800000,15.03000000,15.06000000,14.89000000,14.95000000,45485.16000000,681353.16130000
1744891200000,14.96000000,15.05000000,14.72000000,14.99000000,90485.36000000,1349702.24730000
1744905600000,14.99000000,15.21000000,14.93000000,15.01000000,74788.25000000,1126795.84720000
1744920000000,15.02000000,15.12000000,14.98000000,15.08000000,19400.27000000,292213.21400000
1744934400000,15.09000000,15.16000000,15.00000000,15.13000000,20950.78000000,315714.46040000
1744948800000,15.14000000,15.29000000,15.13000000,15.23000000,41116.90000000,625798.32340000
1744963200000,15.24000000,15.48000000,15.24000000,15.38000000,58052.88000000,893488.38700000
1744977600000,15.39000000,15.54000000,15.35000000,15.49000000,50521.36000000,781660.39490000
1744992000000,15.48000000,15.59000000,15.43000000,15.46000000,44402.18000000,688892.20230000
1745006400000,15.46000000,15.52000000,15.37000000,15.45000000,32436.29000000,500978.70750000
1745020800000,15.45000000,16.06000000,15.44000000,15.82000000,137347.03000000,2172091.37660000
1745035200000,15.83000000,15.91000000,15.75000000,15.82000000,57509.73000000,910558.99330000
1745049600000,15.83000000,15.88000000,15.68000000,15.72000000,42504.48000000,670329.56910000
1745064000000,15.72000000,15.86000000,15.68000000,15.82000000,21637.01000000,341220.09400000
1745078400000,15.81000000,16.05000000,15.81000000,16.03000000,62452.01000000,995780.24090000
1745092800000,16.03000000,16.05000000,15.94000000,15.95000000,22012.84000000,352279.33610000
1745107200000,15.95000000,15.97000000,15.79000000,15.82000000,61601.84000000,978561.57840000
1745121600000,15.82000000,15.91000000,15.75000000,15.88000000,36298.89000000,574958.48020000
1745136000000,15.88000000,16.04000000,15.77000000,15.81000000,70818.19000000,1126090.55250000
1745150400000,15.81000000,16.10000000,15.81000000,15.89000000,47167.18000000,752068.67920000
1745164800000,15.88000000,16.04000000,15.86000000,15.95000000,35658.24000000,569010.28380000
1745179200000,15.95000000,16.13000000,15.87000000,16.06000000,57687.71000000,923140.18150000
1745193600000,16.06000000,16.31000000,16.02000000,16.25000000,96333.85000000,1560726.27400000
1745208000000,16.24000000,16.33000000,16.15000000,16.26000000,63692.69000000,1034168.82340000
1745222400000,16.25000000,16.28000000,16.06000000,16.13000000,102194.69000000,1648371.23980000
1745236800000,16.13000000,16.19000000,15.99000000,16.05000000,58306.21000000,937925.25510000
1745251200000,16.05000000,16.08000000,15.65000000,15.74000000,74860.21000000,1182080.45360000
1745265600000,15.74000000,15.79000000,15.52000000,15.62000000,46181.68000000,722289.88950000
1745280000000,15.62000000,15.73000000,15.39000000,15.54000000,61450.49000000,955949.39290000
1745294400000,15.54000000,15.69000000,15.33000000,15.67000000,85946.31000000,1334306.05830000
1745308800000,15.67000000,15.74000000,15.51000000,15.69000000,70779.58000000,1106731.40990000
1745323200000,15.70000000,16.41000000,15.61000000,16.22000000,188366.15000000,3011636.69720000
1745337600000,16.23000000,16.31000000,16.12000000,16.26000000,71101.25000000,1153535.15560000
1745352000000,16.27000000,16.78000000,16.26000000,16.66000000,116101.86000000,1923745.23070000
1745366400000,16.67000000,17.00000000,16.60000000,16.93000000,207285.57000000,3480236.60960000
1745380800000,16.93000000,17.06000000,16.82000000,16.92000000,75353.06000000,1275186.89560000
1745395200000,16.91000000,17.02000000,16.79000000,16.93000000,69349.75000000,1173662.62250000
1745409600000,16.93000000,17.04000000,16.55000000,16.76000000,129401.00000000,2176433.58060000
1745424000000,16.77000000,16.99000000,16.64000000,16.73000000,69502.90000000,1167098.91230000
1745438400000,16.73000000,16.86000000,16.70000000,16.78000000,30052.07000000,504336.03170000
1745452800000,16.77000000,16.84000000,16.40000000,16.40000000,73851.02000000,1227113.63200000
1745467200000,16.40000000,16.58000000,16.34000000,16.38000000,48524.86000000,797751.81760000
1745481600000,16.39000000,16.45000000,16.15000000,16.28000000,70458.46000000,1145481.01940000
1745496000000,16.28000000,16.77000000,16.24000000,16.56000000,98544.78000000,1627727.14770000
1745510400000,16.56000000,16.74000000,16.47000000,16.67000000,37982.24000000,631608.16390000
1745524800000,16.67000000,16.78000000,16.55000000,16.76000000,37175.64000000,620103.92910000
1745539200000,16.75000000,17.01000000,16.55000000,16.80000000,64884.12000000,1091084.45060000
1745553600000,16.80000000,17.22000000,16.75000000,17.07000000,110023.50000000,1879045.73890000
1745568000000,17.08000000,17.23000000,17.02000000,17.18000000,55694.59000000,954174.10840000
1745582400000,17.19000000,17.30000000,16.94000000,17.23000000,159182.00000000,2730298.10870000
1745596800000,17.22000000,17.35000000,17.06000000,17.15000000,51821.50000000,891243.62430000
1745611200000,17.14000000,17.42000000,17.10000000,17.24000000,55566.22000000,959793.37480000
1745625600000,17.24000000,17.54000000,17.19000000,17.22000000,68416.17000000,1189025.39570000
1745640000000,17.22000000,17.41000000,17.14000000,17.26000000,35079.93000000,605776.57640000
1745654400000,17.26000000,17.41000000,16.89000000,16.95000000,162073.64000000,2765311.28750000
1745668800000,16.96000000,17.16000000,16.84000000,17.12000000,57988.96000000,987297.47540000
1745683200000,17.12000000,17.18000000,17.00000000,17.09000000,26499.83000000,452984.62400000
1745697600000,17.10000000,17.13000000,16.97000000,17.03000000,27173.56000000,463694.07500000
1745712000000,17.04000000,17.67000000,17.01000000,17.12000000,243420.11000000,4234339.92580000
1745726400000,17.11000000,17.19000000,16.76000000,16.96000000,130755.96000000,2216703.67000000
1745740800000,16.96000000,17.08000000,16.90000000,16.93000000,34969.19000000,593771.43740000
1745755200000,16.93000000,16.99000000,16.64000000,16.69000000,62162.12000000,1043358.17380000
1745769600000,16.68000000,16.84000000,16.57000000,16.81000000,30511.71000000,509363.96600000
1745784000000,16.82000000,16.82000000,16.55000000,16.56000000,34538.65000000,575546.52130000
1745798400000,16.57000000,16.61000000,16.24000000,16.53000000,96036.14000000,1577403.69110000
1745812800000,16.54000000,16.91000000,16.54000000,16.87000000,67827.01000000,1134346.45920000
1745827200000,16.87000000,16.99000000,16.71000000,16.90000000,65666.69000000,1108992.54330000
1745841600000,16.91000000,16.93000000,16.49000000,16.54000000,54328.81000000,909339.44310000
1745856000000,16.54000000,17.10000000,16.52000000,17.08000000,43770.07000000,737833.28600000
1745870400000,17.08000000,17.09000000,16.89000000,17.00000000,29211.52000000,495910.75060000
1745884800000,17.00000000,17.12000000,16.93000000,17.02000000,34416.56000000,585847.46330000
1745899200000,17.03000000,17.20000000,16.91000000,17.11000000,43159.18000000,736773.04880000
1745913600000,17.10000000,17.56000000,17.10000000,17.23000000,295572.71000000,5119495.95210000
1745928000000,17.22000000,17.23000000,16.96000000,17.09000000,89342.59000000,1528327.85250000
1745942400000,17.08000000,17.20000000,16.94000000,17.01000000,77064.48000000,1313542.82640000
1745956800000,17.02000000,17.03000000,16.63000000,16.73000000,84182.51000000,1412314.94050000
1745971200000,16.72000000,16.84000000,16.64000000,16.80000000,50740.80000000,850225.07090000
1745985600000,16.80000000,16.84000000,16.60000000,16.63000000,35428.60000000,593420.70490000
1746000000000,16.63000000,16.88000000,16.61000000,16.84000000,27672.53000000,464471.31170000
1746014400000,16.85000000,16.85000000,16.16000000,16.53000000,133478.76000000,2199862.65900000
1746028800000,16.54000000,16.63000000,16.36000000,16.53000000,40042.17000000,659944.27850000
1746043200000,16.52000000,16.75000000,16.49000000,16.51000000,35261.64000000,585354.53430000
1746057600000,16.52000000,16.77000000,16.51000000,16.64000000,27402.79000000,456414.49090000
1746072000000,16.64000000,16.70000000,16.47000000,16.60000000,33060.35000000,548915.88140000
1746086400000,16.60000000,16.99000000,16.59000000,16.91000000,101196.71000000,1704821.99820000
1746100800000,16.91000000,17.10000000,16.78000000,16.93000000,91328.60000000,1545919.75620000
1746115200000,16.93000000,17.02000000,16.85000000,16.90000000,33099.02000000,560143.88970000
1746129600000,16.91000000,17.03000000,16.84000000,16.89000000,26795.63000000,453937.91350000
1746144000000,16.88000000,17.24000000,16.87000000,17.18000000,69647.21000000,1192445.62330000
1746158400000,17.18000000,17.21000000,16.93000000,17.00000000,46068.44000000,786025.98740000
1746172800000,17.00000000,17.19000000,16.98000000,17.09000000,40557.88000000,693820.14030000
1746187200000,17.09000000,17.27000000,17.02000000,17.16000000,72653.19000000,1247651.79760000
1746201600000,17.16000000,17.34000000,16.97000000,17.03000000,44145.43000000,757431.66580000
1746216000000,17.03000000,17.23000000,16.99000000,17.23000000,21676.22000000,371702.45670000
1746230400000,17.24000000,17.25000000,17.00000000,17.02000000,26119.56000000,446307.64070000
1746244800000,17.01000000,17.05000000,16.78000000,16.80000000,19566.35000000,330576.43970000
1746259200000,16.80000000,16.90000000,16.64000000,16.73000000,74618.27000000,1251007.57290000
1746273600000,16.73000000,16.88000000,16.71000000,16.74000000,35964.80000000,605153.00950000
1746288000000,16.75000000,16.84000000,16.42000000,16.84000000,66457.50000000,1100963.24700000
1746302400000,16.84000000,16.87000000,16.59000000,16.60000000,25645.82000000,429421.18410000
1746316800000,16.60000000,16.78000000,16.45000000,16.52000000,61332.83000000,1018789.52540000
1746331200000,16.52000000,16.65000000,16.42000000,16.47000000,45884.88000000,757409.24380000
1746345600000,16.48000000,16.48000000,16.23000000,16.30000000,47340.56000000,772377.35580000
1746360000000,16.31000000,16.37000000,16.15000000,16.24000000,39005.92000000,634110.70740000
1746374400000,16.24000000,16.25000000,15.93000000,16.01000000,136344.49000000,2188691.09660000
1746388800000,16.01000000,16.14000000,15.89000000,16.01000000,50768.80000000,812597.70360000
1746403200000,16.01000000,16.22000000,15.85000000,16.07000000,106299.32000000,1709150.49430000
1746417600000,16.07000000,16.25000000,16.07000000,16.15000000,19189.34000000,309693.60630000
1746432000000,16.15000000,16.17000000,15.89000000,15.96000000,41383.93000000,662820.75450000
1746446400000,15.97000000,16.03000000,15.76000000,15.82000000,93659.31000000,1489418.25290000
1746460800000,15.82000000,16.16000000,15.78000000,16.00000000,42023.73000000,670582.53060000
1746475200000,16.00000000,16.16000000,15.85000000,16.00000000,61840.01000000,993192.11780000
1746489600000,16.01000000,16.07000000,15.79000000,16.04000000,57398.98000000,916400.38700000
1746504000000,16.03000000,16.12000000,15.89000000,15.93000000,97908.27000000,1563322.80920000
1746518400000,15.94000000,15.95000000,15.58000000,15.67000000,89626.47000000,1415797.95690000
1746532800000,15.67000000,15.90000000,15.58000000,15.78000000,65297.11000000,1027158.87960000
1746547200000,15.77000000,15.98000000,15.64000000,15.86000000,46657.25000000,737114.09700000
1746561600000,15.87000000,16.31000000,15.59000000,16.23000000,124244.22000000,1988023.67150000
1746576000000,16.24000000,16.37000000,16.14000000,16.24000000,109265.85000000,1777797.05450000
1746590400000,16.24000000,16.35000000,16.19000000,16.35000000,48460.09000000,788457.28180000
1746604800000,16.35000000,16.47000000,16.19000000,16.20000000,95285.21000000,1556430.21730000
1746619200000,16.20000000,16.24000000,15.98000000,16.00000000,77197.67000000,1242043.63420000
1746633600000,16.01000000,16.07000000,15.82000000,15.94000000,110464.10000000,1760069.52940000
1746648000000,15.93000000,16.30000000,15.89000000,16.19000000,60908.23000000,979702.36030000
1746662400000,16.19000000,16.97000000,16.18000000,16.96000000,201841.58000000,3346426.08940000
1746676800000,16.97000000,17.31000000,16.97000000,17.19000000,172323.57000000,2949089.24940000
1746691200000,17.19000000,17.44000000,17.19000000,17.29000000,110543.79000000,1912514.51230000
1746705600000,17.29000000,17.84000000,17.21000000,17.69000000,233828.41000000,4085060.98750000
1746720000000,17.69000000,18.14000000,17.60000000,18.06000000,178425.32000000,3182057.35220000
1746734400000,18.07000000,18.70000000,17.95000000,18.63000000,222139.10000000,4088864.74480000
1746748800000,18.63000000,18.78000000,18.40000000,18.46000000,152748.93000000,2834077.12670000
1746763200000,18.46000000,19.29000000,18.38000000,19.25000000,204035.58000000,3840642.92400000
1746777600000,19.25000000,19.81000000,18.85000000,19.17000000,482684.65000000,9283384.00050000
1746792000000,19.16000000,19.39000000,18.77000000,19.07000000,165671.08000000,3159928.85790000
1746806400000,19.07000000,19.28000000,18.92000000,19.09000000,85004.66000000,1624800.11720000
1746820800000,19.09000000,19.27000000,19.05000000,19.21000000,56486.40000000,1081928.80210000
1746835200000,19.22000000,19.47000000,18.92000000,19.31000000,151724.61000000,2918242.22590000
1746849600000,19.31000000,19.67000000,19.11000000,19.58000000,142843.53000000,2769568.38220000
1746864000000,19.58000000,19.74000000,19.25000000,19.33000000,140988.89000000,2753516.56720000
1746878400000,19.32000000,19.75000000,19.32000000,19.63000000,142472.66000000,2788864.15370000
1746892800000,19.62000000,20.03000000,19.59000000,19.90000000,162868.30000000,3231514.50880000
1746907200000,19.90000000,20.79000000,19.77000000,20.70000000,229478.99000000,4693863.01680000
1746921600000,20.69000000,20.80000000,20.07000000,20.30000000,210232.09000000,4296755.73870000
1746936000000,20.30000000,20.37000000,19.56000000,19.72000000,173001.53000000,3460345.93470000
1746950400000,19.72000000,20.03000000,19.59000000,19.99000000,97306.94000000,1926405.09560000
1746964800000,19.98000000,20.02000000,19.53000000,19.69000000,124426.75000000,2462586.57250000
1746979200000,19.69000000,20.01000000,19.50000000,19.87000000,81657.41000000,1618918.42540000
1746993600000,19.88000000,20.05000000,19.74000000,19.96000000,45540.39000000,905662.07110000
1747008000000,19.96000000,20.25000000,19.77000000,20.18000000,94049.46000000,1888455.33110000
1747022400000,20.19000000,20.86000000,19.88000000,20.37000000,177192.18000000,3612037.21520000
1747036800000,20.38000000,20.54000000,20.11000000,20.16000000,139331.83000000,2833549.01120000
1747051200000,20.15000000,20.68000000,19.68000000,19.80000000,282746.75000000,5700378.55520000
1747065600000,19.79000000,19.99000000,19.17000000,19.71000000,192061.69000000,3768917.05290000
1747080000000,19.70000000,19.88000000,19.52000000,19.79000000,52998.34000000,1044379.36450000
1747094400000,19.78000000,19.81000000,18.94000000,19.00000000,121169.73000000,2333991.74060000
1747108800000,19.00000000,19.51000000,18.96000000,19.36000000,77160.05000000,1489811.53760000
1747123200000,19.36000000,19.71000000,19.29000000,19.63000000,61999.33000000,1210350.79570000
1747137600000,19.64000000,19.99000000,19.52000000,19.96000000,133067.47000000,2629826.59120000
1747152000000,19.97000000,20.97000000,19.91000000,20.72000000,179374.12000000,3663661.39170000
1747166400000,20.72000000,21.01000000,20.56000000,20.67000000,179985.81000000,3746617.52050000
1747180800000,20.67000000,20.99000000,20.40000000,20.61000000,157255.89000000,3251671.87090000
1747195200000,20.61000000,20.75000000,20.30000000,20.36000000,69744.77000000,1432369.89010000
1747209600000,20.36000000,20.41000000,19.93000000,20.20000000,99162.01000000,1998243.69670000
1747224000000,20.20000000,20.25000000,19.75000000,19.93000000,122841.27000000,2450463.73930000
1747238400000,19.93000000,19.95000000,19.67000000,19.86000000,84036.34000000,1665600.43520000
1747252800000,19.87000000,19.95000000,19.70000000,19.87000000,48181.45000000,955649.94380000
1747267200000,19.88000000,20.08000000,19.58000000,19.64000000,65190.71000000,1291568.29630000
1747281600000,19.64000000,19.77000000,18.95000000,19.04000000,100462.84000000,1942870.59900000
1747296000000,19.04000000,19.33000000,18.87000000,19.08000000,82717.11000000,1582351.08620000
1747310400000,19.08000000,19.21000000,18.53000000,19.13000000,173677.24000000,3285096.99610000
1747324800000,19.12000000,19.51000000,18.70000000,18.90000000,78141.95000000,1495138.20980000
1747339200000,18.90000000,19.04000000,18.56000000,18.95000000,82397.40000000,1550310.24420000
1747353600000,18.95000000,19.31000000,18.87000000,19.28000000,119128.66000000,2280227.53380000
1747368000000,19.27000000,19.35000000,19.07000000,19.22000000,67611.63000000,1301509.72590000
1747382400000,19.22000000,19.42000000,18.93000000,19.26000000,106180.80000000,2037615.43890000
1747396800000,19.27000000,19.33000000,18.77000000,19.07000000,315985.20000000,6005002.74170000
1747411200000,19.07000000,19.14000000,18.82000000,19.01000000,42671.44000000,809323.35250000
1747425600000,19.01000000,19.04000000,18.55000000,18.70000000,74830.47000000,1405077.84910000
1747440000000,18.70000000,18.75000000,18.12000000,18.42000000,148459.70000000,2728063.24660000
1747454400000,18.41000000,18.50000000,18.20000000,18.28000000,48444.07000000,889392.67770000
1747468800000,18.28000000,18.41000000,18.11000000,18.28000000,62027.88000000,1133718.77630000
1747483200000,18.28000000,18.48000000,18.04000000,18.30000000,60508.11000000,1107182.44200000
1747497600000,18.30000000,18.36000000,18.01000000,18.04000000,94727.27000000,1723200.91070000
1747512000000,18.04000000,18.30000000,17.89000000,18.12000000,49767.92000000,899710.70110000
1747526400000,18.13000000,18.22000000,18.02000000,18.11000000,55001.42000000,996864.14190000
1747540800000,18.11000000,18.46000000,18.11000000,18.43000000,69518.38000000,1274921.19580000
1747555200000,18.44000000,18.60000000,18.35000000,18.36000000,96572.62000000,1785349.13220000
1747569600000,18.36000000,19.11000000,18.28000000,19.06000000,108566.15000000,2029237.80170000
1747584000000,19.06000000,19.11000000,18.01000000,18.04000000,163967.97000000,3035381.08000000
1747598400000,18.04000000,18.78000000,17.56000000,18.72000000,184006.23000000,3307054.79910000
1747612800000,18.73000000,18.78000000,17.77000000,17.78000000,165402.79000000,2999533.20540000
1747627200000,17.78000000,17.86000000,17.36000000,17.77000000,212131.86000000,3743304.02740000
1747641600000,17.77000000,17.83000000,17.58000000,17.80000000,104515.49000000,1850068.88630000
1747656000000,17.79000000,18.19000000,17.60000000,18.16000000,110196.59000000,1973286.20190000
1747670400000,18.16000000,18.57000000,18.04000000,18.44000000,108044.93000000,1981191.42880000
1747684800000,18.44000000,18.56000000,18.34000000,18.52000000,173219.21000000,3193574.12850000
1747699200000,18.53000000,18.82000000,18.36000000,18.63000000,126883.72000000,2360970.13430000
1747713600000,18.64000000,18.75000000,18.33000000,18.40000000,86691.85000000,1604880.57200000
1747728000000,18.40000000,18.46000000,18.03000000,18.19000000,84487.90000000,1542210.93760000
1747742400000,18.18000000,18.19000000,17.99000000,18.09000000,64490.01000000,1164796.07230000
1747756800000,18.10000000,18.36000000,17.88000000,18.30000000,50520.91000000,915212.49440000
1747771200000,18.30000000,18.53000000,18.24000000,18.42000000,55365.20000000,1017643.18880000
1747785600000,18.42000000,18.64000000,18.20000000,18.55000000,70336.12000000,1298585.27100000
1747800000000,18.56000000,18.78000000,18.42000000,18.49000000,139920.87000000,2607626.67840000
1747814400000,18.50000000,18.65000000,18.35000000,18.56000000,49675.40000000,917986.85110000
1747828800000,18.56000000,18.98000000,18.42000000,18.94000000,173564.36000000,3257128.54390000
1747843200000,18.95000000,19.30000000,18.40000000,18.90000000,224620.25000000,4222657.88380000
1747857600000,18.90000000,19.17000000,18.70000000,18.99000000,74156.34000000,1401356.88820000
1747872000000,19.00000000,19.59000000,18.97000000,19.49000000,175654.36000000,3383759.42100000
1747886400000,19.50000000,19.59000000,19.28000000,19.47000000,98428.16000000,1912290.02060000
1747900800000,19.47000000,19.90000000,19.44000000,19.56000000,97994.00000000,1925099.63020000
1747915200000,19.57000000,19.79000000,19.36000000,19.68000000,75669.92000000,1478533.01370000
1747929600000,19.68000000,19.80000000,19.61000000,19.68000000,97618.40000000,1925559.33960000
1747944000000,19.67000000,19.79000000,19.52000000,19.69000000,60309.28000000,1184465.66240000
1747958400000,19.70000000,20.16000000,19.57000000,20.02000000,116133.61000000,2309298.95490000
1747972800000,20.03000000,20.08000000,19.41000000,19.43000000,135762.09000000,2671525.48630000
1747987200000,19.44000000,19.75000000,18.80000000,18.91000000,171271.91000000,3299392.96850000
1748001600000,18.92000000,19.27000000,18.48000000,19.05000000,178215.35000000,3364166.35160000
1748016000000,19.06000000,19.21000000,18.89000000,19.04000000,92989.42000000,1773468.06690000
1748030400000,19.04000000,19.05000000,18.40000000,18.49000000,73115.85000000,1371504.13000000
1748044800000,18.48000000,18.69000000,18.39000000,18.65000000,58098.66000000,1078447.59690000
1748059200000,18.65000000,18.73000000,18.54000000,18.61000000,40830.03000000,760640.77770000
1748073600000,18.61000000,18.82000000,18.53000000,18.65000000,169365.06000000,3162779.62220000
1748088000000,18.66000000,18.69000000,18.54000000,18.62000000,46927.40000000,872668.68480000
1748102400000,18.62000000,18.69000000,18.52000000,18.59000000,14724.50000000,273752.66430000
1748116800000,18.59000000,18.59000000,18.31000000,18.40000000,46292.24000000,853001.10820000
1748131200000,18.41000000,18.46000000,18.07000000,18.31000000,79672.40000000,1452998.15840000
1748145600000,18.30000000,18.34000000,18.10000000,18.14000000,39131.23000000,713214.70030000
1748160000000,18.14000000,18.14000000,17.88000000,18.11000000,51910.34000000,935413.93110000
1748174400000,18.10000000,18.19000000,17.84000000,18.03000000,61271.37000000,1102789.31890000
1748188800000,18.03000000,18.14000000,17.86000000,18.09000000,29886.80000000,537608.99510000
1748203200000,18.09000000,18.37000000,17.93000000,18.34000000,57374.41000000,1043457.52160000
1748217600000,18.35000000,18.53000000,18.25000000,18.47000000,51761.25000000,953549.22920000
1748232000000,18.48000000,18.73000000,18.45000000,18.67000000,44053.13000000,819029.88410000
1748246400000,18.67000000,18.70000000,18.51000000,18.58000000,35134.69000000,653584.99280000
1748260800000,18.59000000,18.66000000,18.27000000,18.44000000,54561.64000000,1007765.20970000
1748275200000,18.45000000,18.51000000,18.08000000,18.18000000,39513.66000000,720750.31260000
1748289600000,18.17000000,18.35000000,18.12000000,18.24000000,37776.29000000,688830.89860000
1748304000000,18.24000000,18.34000000,17.93000000,18.22000000,56844.71000000,1028016.13810000
1748318400000,18.22000000,18.57000000,18.17000000,18.50000000,60621.61000000,1116148.93380000
1748332800000,18.51000000,18.83000000,18.51000000,18.74000000,134099.04000000,2510140.41960000
1748347200000,18.75000000,19.00000000,18.56000000,18.76000000,91084.66000000,1710853.07610000
1748361600000,18.76000000,18.97000000,18.71000000,18.79000000,60684.80000000,1142820.00610000
1748376000000,18.79000000,18.86000000,18.58000000,18.62000000,45374.31000000,849637.97090000
1748390400000,18.62000000,18.73000000,18.45000000,18.62000000,46660.99000000,866649.45570000
1748404800000,18.62000000,18.72000000,18.53000000,18.54000000,50337.63000000,936584.00080000
1748419200000,18.55000000,18.78000000,18.39000000,18.78000000,55953.20000000,1039739.36020000
1748433600000,18.78000000,18.85000000,18.14000000,18.15000000,174433.08000000,3228013.82940000
1748448000000,18.16000000,18.37000000,17.99000000,18.02000000,64212.38000000,1164516.99030000
1748462400000,18.01000000,18.48000000,18.00000000,18.46000000,53731.68000000,978579.18010000
1748476800000,18.47000000,19.18000000,18.40000000,18.99000000,215136.76000000,4062175.12220000
1748491200000,18.99000000,19.06000000,18.64000000,18.77000000,84397.66000000,1587131.66200000
1748505600000,18.77000000,18.85000000,18.67000000,18.73000000,52751.96000000,989009.26310000
1748520000000,18.73000000,18.73000000,18.20000000,18.36000000,108981.29000000,2012257.93680000
1748534400000,18.36000000,18.48000000,18.13000000,18.18000000,95777.98000000,1753501.18640000
1748548800000,18.19000000,18.33000000,18.04000000,18.12000000,61873.38000000,1125897.89480000
1748563200000,18.12000000,18.23000000,17.26000000,17.78000000,305118.33000000,5381168.71220000
1748577600000,17.77000000,17.81000000,17.50000000,17.53000000,74439.66000000,1312516.32990000
1748592000000,17.53000000,17.69000000,17.36000000,17.64000000,157479.67000000,2758027.31140000
1748606400000,17.64000000,17.67000000,17.35000000,17.44000000,70057.09000000,1225492.58370000
1748620800000,17.44000000,17.52000000,16.91000000,17.47000000,171528.82000000,2944094.66440000
1748635200000,17.47000000,17.55000000,16.86000000,16.94000000,131792.59000000,2261444.94250000
1748649600000,16.95000000,17.00000000,16.43000000,16.60000000,208067.57000000,3462782.20230000
1748664000000,16.61000000,16.80000000,16.42000000,16.70000000,57780.17000000,963518.05700000
1748678400000,16.70000000,16.90000000,16.64000000,16.77000000,36804.84000000,616288.04510000
1748692800000,16.77000000,17.10000000,16.75000000,16.93000000,94640.79000000,1604257.72110000
1748707200000,16.94000000,17.10000000,16.89000000,17.03000000,38535.01000000,655982.40290000
1748721600000,17.03000000,17.12000000,16.92000000,16.94000000,44087.71000000,751279.25400000
1748736000000,16.94000000,16.97000000,16.71000000,16.85000000,65498.52000000,1104048.26580000
1748750400000,16.85000000,17.01000000,16.82000000,16.86000000,37979.06000000,641526.16280000
1748764800000,16.87000000,16.87000000,16.58000000,16.78000000,42644.57000000,714428.27930000
1748779200000,16.79000000,17.00000000,16.67000000,16.95000000,53136.36000000,896828.17700000
1748793600000,16.95000000,17.11000000,16.78000000,17.01000000,45194.55000000,767599.59880000
1748808000000,17.01000000,17.18000000,16.97000000,17.10000000,23179.49000000,396163.28250000
1748822400000,17.09000000,17.13000000,16.84000000,16.88000000,30473.55000000,518387.47210000
1748836800000,16.88000000,17.07000000,16.84000000,17.01000000,18460.15000000,312621.39830000
1748851200000,17.01000000,17.09000000,16.77000000,16.82000000,69327.11000000,1169120.95710000
1748865600000,16.82000000,17.19000000,16.79000000,17.14000000,53227.89000000,905430.40160000
1748880000000,17.14000000,17.22000000,16.96000000,17.02000000,37719.13000000,643209.44950000
1748894400000,17.03000000,17.59000000,17.03000000,17.56000000,60336.57000000,1046903.21420000
1748908800000,17.56000000,17.74000000,17.47000000,17.49000000,52408.79000000,923765.97900000
1748923200000,17.49000000,17.63000000,17.39000000,17.53000000,23822.69000000,416951.84960000
1748937600000,17.53000000,17.61000000,17.41000000,17.50000000,28289.33000000,496075.43510000
1748952000000,17.49000000,17.75000000,17.47000000,17.64000000,64353.04000000,1132992.74920000
1748966400000,17.65000000,17.81000000,17.60000000,17.76000000,50820.95000000,900014.55340000
1748980800000,17.76000000,17.76000000,17.41000000,17.56000000,40587.60000000,713610.48730000
1748995200000,17.56000000,17.79000000,17.50000000,17.74000000,30423.29000000,538168.23130000
1749009600000,17.74000000,17.81000000,17.64000000,17.68000000,28087.84000000,497743.50160000
1749024000000,17.68000000,17.93000000,17.55000000,17.56000000,65396.25000000,1159632.06470000
1749038400000,17.56000000,17.70000000,17.25000000,17.69000000,125478.12000000,2190649.39480000
1749052800000,17.68000000,17.68000000,17.34000000,17.34000000,40514.56000000,709401.70370000
1749067200000,17.33000000,17.37000000,17.14000000,17.25000000,39171.70000000,675355.60100000
1749081600000,17.25000000,17.37000000,17.17000000,17.32000000,25046.30000000,432890.47530000
1749096000000,17.32000000,17.37000000,17.15000000,17.24000000,44823.48000000,773900.91780000
1749110400000,17.24000000,17.32000000,17.06000000,17.20000000,54321.19000000,933063.44840000
1749124800000,17.20000000,17.48000000,16.91000000,17.17000000,99721.13000000,1715206.28280000
1749139200000,17.16000000,17.17000000,16.47000000,16.69000000,155787.51000000,2602962.38350000
1749153600000,16.70000000,16.75000000,16.14000000,16.29000000,233124.87000000,3819846.13690000
1749168000000,16.29000000,16.58000000,16.22000000,16.58000000,88503.20000000,1446565.04590000
1749182400000,16.57000000,16.64000000,16.47000000,16.54000000,89649.36000000,1484528.99760000
1749196800000,16.55000000,16.66000000,16.36000000,16.56000000,105293.10000000,1739862.95690000
1749211200000,16.56000000,17.02000000,16.54000000,16.89000000,107530.94000000,1803787.78620000
1749225600000,16.89000000,17.00000000,16.72000000,16.76000000,65065.76000000,1096429.45840000
1749240000000,16.76000000,16.86000000,16.66000000,16.70000000,26022.96000000,436019.21700000
1749254400000,16.70000000,17.14000000,16.66000000,17.05000000,144847.04000000,2457657.42970000
1749268800000,17.05000000,17.19000000,17.02000000,17.18000000,41594.32000000,710782.54620000
1749283200000,17.18000000,17.20000000,17.09000000,17.15000000,33256.94000000,570488.12630000
1749297600000,17.15000000,17.39000000,17.14000000,17.30000000,67883.33000000,1171458.98770000
1749312000000,17.30000000,17.32000000,17.12000000,17.18000000,28118.35000000,483894.15230000
1749326400000,17.19000000,17.31000000,17.19000000,17.22000000,30890.14000000,532460.88950000
1749340800000,17.21000000,17.23000000,17.10000000,17.11000000,42276.31000000,725183.35540000
1749355200000,17.11000000,17.15000000,16.88000000,16.93000000,152256.21000000,2590762.44080000
1749369600000,16.94000000,17.01000000,16.83000000,16.99000000,86955.53000000,1471045.86590000
1749384000000,16.99000000,17.12000000,16.92000000,17.00000000,92150.97000000,1566462.58870000
1749398400000,17.00000000,17.16000000,17.00000000,17.12000000,32174.77000000,550561.27380000
1749412800000,17.12000000,17.15000000,16.92000000,16.95000000,36583.24000000,623287.94930000
1749427200000,16.95000000,16.96000000,16.70000000,16.81000000,48478.28000000,815760.47010000
1749441600000,16.82000000,16.83000000,16.62000000,16.70000000,51108.70000000,853435.68320000
1749456000000,16.70000000,17.10000000,16.64000000,17.06000000,67663.70000000,1147544.40400000
1749470400000,17.07000000,17.10000000,16.84000000,17.02000000,119080.71000000,2024342.96790000
1749484800000,17.02000000,17.34000000,17.02000000,17.24000000,62002.68000000,1067694.35130000
1749499200000,17.24000000,17.93000000,17.23000000,17.86000000,95693.90000000,1688675.01910000
1749513600000,17.87000000,18.19000000,17.85000000,17.88000000,109735.70000000,1976103.60000000
1749528000000,17.89000000,17.91000000,17.60000000,17.72000000,102330.96000000,1812693.98220000
1749542400000,17.72000000,18.41000000,17.64000000,18.38000000,107542.95000000,1939934.20770000
1749556800000,18.38000000,18.42000000,17.88000000,18.12000000,113050.35000000,2057544.17390000
1749571200000,18.12000000,18.41000000,18.04000000,18.29000000,51699.67000000,942954.51000000
1749585600000,18.29000000,18.61000000,18.15000000,18.56000000,92845.28000000,1707940.47160000
1749600000000,18.55000000,18.70000000,18.24000000,18.38000000,83164.48000000,1533762.44450000
1749614400000,18.38000000,18.65000000,18.28000000,18.35000000,112486.21000000,2072207.18820000
1749628800000,18.36000000,18.44000000,18.15000000,18.36000000,51415.11000000,940306.01810000
1749643200000,18.36000000,18.73000000,18.24000000,18.66000000,100171.84000000,1850350.18940000
1749657600000,18.66000000,18.69000000,18.18000000,18.19000000,60665.88000000,1119518.26380000
1749672000000,18.19000000,18.31000000,17.94000000,18.09000000,48048.41000000,869030.69930000
1749686400000,18.08000000,18.13000000,17.84000000,17.85000000,47697.54000000,856750.13500000
1749700800000,17.85000000,17.96000000,17.71000000,17.74000000,46337.25000000,826490.66680000
1749715200000,17.73000000,17.83000000,17.47000000,17.51000000,99134.99000000,1748669.23090000
1749729600000,17.51000000,17.75000000,17.44000000,17.51000000,102078.96000000,1800901.48200000
1749744000000,17.50000000,17.70000000,17.23000000,17.29000000,96797.93000000,1696170.39240000
1749758400000,17.28000000,17.32000000,17.01000000,17.11000000,92151.23000000,1579578.08110000
1749772800000,17.12000000,17.12000000,15.97000000,16.34000000,483981.16000000,7919981.81700000
1749787200000,16.34000000,16.42000000,16.12000000,16.34000000,120237.59000000,1955799.57980000
1749801600000,16.34000000,16.50000000,16.25000000,16.48000000,117534.15000000,1924794.81020000
1749816000000,16.48000000,16.67000000,16.22000000,16.59000000,105932.75000000,1740877.25160000
1749830400000,16.59000000,16.77000000,16.51000000,16.67000000,57513.39000000,957558.91240000
1749844800000,16.68000000,16.96000000,16.64000000,16.90000000,42820.69000000,720041.85210000
1749859200000,16.91000000,16.91000000,16.74000000,16.77000000,36125.85000000,607936.98680000
1749873600000,16.76000000,16.82000000,16.63000000,16.74000000,103891.90000000,1739086.68950000
1749888000000,16.74000000,16.81000000,16.62000000,16.76000000,61585.24000000,1030647.54170000
1749902400000,16.77000000,16.84000000,16.60000000,16.66000000,36587.01000000,612550.49450000
1749916800000,16.66000000,16.69000000,16.46000000,16.59000000,32814.72000000,544447.50100000
1749931200000,16.59000000,16.72000000,16.49000000,16.63000000,22240.21000000,369789.99440000
1749945600000,16.63000000,16.72000000,16.61000000,16.69000000,16759.95000000,279384.17100000
1749960000000,16.69000000,16.77000000,16.59000000,16.60000000,24142.04000000,402637.46780000
1749974400000,16.60000000,16.63000000,16.49000000,16.58000000,21906.67000000,362821.88270000
1749988800000,16.59000000,16.81000000,16.55000000,16.68000000,26727.77000000,445867.41410000
1750003200000,16.69000000,16.70000000,16.50000000,16.55000000,25830.09000000,428618.15050000
1750017600000,16.54000000,16.70000000,16.35000000,16.68000000,63014.44000000,1042014.76470000
1750032000000,16.68000000,16.86000000,16.48000000,16.78000000,48738.91000000,815539.89420000
1750046400000,16.78000000,17.17000000,16.76000000,17.13000000,51870.28000000,881531.41990000
1750060800000,17.14000000,17.15000000,16.96000000,17.09000000,64079.49000000,1092258.07450000
1750075200000,17.09000000,17.31000000,17.04000000,17.23000000,57086.00000000,982271.25330000
1750089600000,17.23000000,17.45000000,17.22000000,17.43000000,45625.79000000,792075.77120000
1750104000000,17.44000000,17.53000000,16.89000000,16.94000000,107824.70000000,1862430.69000000
1750118400000,16.93000000,17.18000000,16.64000000,17.12000000,60255.85000000,1020836.77510000
1750132800000,17.13000000,17.14000000,16.95000000,16.99000000,25114.14000000,427349.88340000
1750147200000,16.99000000,17.00000000,16.66000000,16.71000000,48017.24000000,807421.49670000
1750161600000,16.72000000,16.80000000,16.42000000,16.51000000,112079.75000000,1859394.35970000
1750176000000,16.50000000,16.80000000,16.19000000,16.70000000,85355.46000000,1402993.66780000
1750190400000,16.70000000,16.76000000,16.35000000,16.47000000,35834.46000000,593045.24700000
1750204800000,16.48000000,16.64000000,16.43000000,16.57000000,26851.41000000,443785.35610000
1750219200000,16.57000000,16.71000000,16.50000000,16.58000000,21879.02000000,363451.61150000
1750233600000,16.58000000,16.63000000,16.18000000,16.36000000,62612.80000000,1023438.80490000
1750248000000,16.36000000,16.43000000,16.04000000,16.27000000,93488.48000000,1516293.62030000
1750262400000,16.27000000,16.42000000,16.13000000,16.27000000,59927.72000000,975731.85010000
1750276800000,16.27000000,16.60000000,16.21000000,16.54000000,46453.73000000,765907.18100000
1750291200000,16.54000000,16.66000000,16.39000000,16.57000000,34179.93000000,564082.93570000
1750305600000,16.57000000,16.67000000,16.46000000,16.48000000,32147.30000000,532244.66020000
1750320000000,16.48000000,16.75000000,16.48000000,16.50000000,107241.96000000,1787792.64720000
1750334400000,16.50000000,16.57000000,16.43000000,16.47000000,49565.40000000,817868.44920000
1750348800000,16.48000000,16.68000000,16.39000000,16.67000000,30382.96000000,503362.88850000
1750363200000,16.67000000,16.79000000,16.62000000,16.71000000,55076.97000000,920918.46870000
1750377600000,16.72000000,16.78000000,16.58000000,16.59000000,28797.51000000,480567.24290000
1750392000000,16.60000000,16.84000000,16.41000000,16.82000000,47985.03000000,796316.67160000
1750406400000,16.83000000,16.92000000,16.74000000,16.80000000,33574.04000000,564845.22630000
1750420800000,16.80000000,16.84000000,16.40000000,16.49000000,42275.89000000,702453.34930000
1750435200000,16.49000000,16.49000000,15.83000000,16.15000000,149712.35000000,2406333.12190000
1750449600000,16.15000000,16.32000000,15.98000000,16.12000000,31974.37000000,515490.14950000
1750464000000,16.12000000,16.24000000,16.08000000,16.22000000,31852.95000000,514759.27930000
1750478400000,16.21000000,16.28000000,16.12000000,16.28000000,108447.86000000,1756286.60770000
1750492800000,16.28000000,16.30000000,16.08000000,16.15000000,98547.92000000,1593255.28630000
1750507200000,16.16000000,16.18000000,15.87000000,15.97000000,64689.21000000,1034229.34040000
1750521600000,15.97000000,16.02000000,15.58000000,15.62000000,158407.63000000,2487888.02790000
1750536000000,15.63000000,15.82000000,15.18000000,15.58000000,185065.42000000,2862443.79310000
1750550400000,15.58000000,15.77000000,15.39000000,15.48000000,85615.59000000,1332495.82030000
1750564800000,15.49000000,15.63000000,15.20000000,15.41000000,140133.93000000,2166142.41930000
1750579200000,15.42000000,15.46000000,15.15000000,15.39000000,70817.11000000,1084498.34360000
1750593600000,15.39000000,15.48000000,14.74000000,14.81000000,371861.07000000,5574669.43240000
1750608000000,14.81000000,15.10000000,14.77000000,14.84000000,98693.85000000,1470142.62970000
1750622400000,14.85000000,15.21000000,14.47000000,15.19000000,166435.60000000,2477203.60330000
1750636800000,15.19000000,15.33000000,15.14000000,15.19000000,63858.73000000,971294.92830000
1750651200000,15.20000000,15.42000000,15.18000000,15.32000000,34670.99000000,530300.62790000
1750665600000,15.32000000,15.39000000,15.28000000,15.37000000,35861.48000000,550167.34730000
1750680000000,15.37000000,15.69000000,15.30000000,15.45000000,82911.69000000,1286923.46540000
1750694400000,15.46000000,16.00000000,15.09000000,15.92000000,90026.91000000,1396975.98170000
1750708800000,15.93000000,16.51000000,15.92000000,16.38000000,116744.28000000,1900177.15580000
1750723200000,16.39000000,16.51000000,16.32000000,16.37000000,45355.18000000,744131.52800000
1750737600000,16.37000000,16.50000000,16.29000000,16.31000000,42438.32000000,696193.66010000
1750752000000,16.31000000,16.44000000,16.20000000,16.32000000,50635.31000000,825595.65600000
1750766400000,16.32000000,16.39000000,16.22000000,16.33000000,53630.27000000,875185.49770000
1750780800000,16.33000000,16.57000000,16.28000000,16.36000000,62147.74000000,1022005.35520000
1750795200000,16.37000000,16.45000000,16.33000000,16.43000000,15924.01000000,260851.74390000
1750809600000,16.44000000,16.56000000,16.35000000,16.46000000,43463.19000000,716334.92600000
1750824000000,16.46000000,16.46000000,16.31000000,16.38000000,38204.69000000,625730.07170000
1750838400000,16.38000000,16.43000000,16.19000000,16.42000000,54267.97000000,885362.83300000
1750852800000,16.42000000,16.50000000,16.21000000,16.24000000,57573.52000000,942050.72240000
1750867200000,16.24000000,16.49000000,16.22000000,16.37000000,40841.17000000,667837.72670000
1750881600000,16.37000000,16.49000000,16.14000000,16.22000000,35175.59000000,573650.99220000
1750896000000,16.23000000,16.61000000,16.19000000,16.49000000,51550.29000000,843964.41520000
1750910400000,16.49000000,16.58000000,16.40000000,16.52000000,39562.34000000,652887.25830000
1750924800000,16.52000000,16.59000000,16.30000000,16.31000000,32291.56000000,530037.76000000
1750939200000,16.31000000,16.32000000,16.01000000,16.22000000,71195.96000000,1152338.37640000
1750953600000,16.22000000,16.35000000,16.09000000,16.30000000,27678.20000000,448551.32910000
1750968000000,16.29000000,16.48000000,16.10000000,16.11000000,35279.40000000,573569.14210000
1750982400000,16.12000000,16.27000000,15.97000000,16.23000000,40103.69000000,646925.02290000
1750996800000,16.23000000,16.30000000,16.08000000,16.11000000,21596.78000000,349641.59670000
1751011200000,16.11000000,16.33000000,16.04000000,16.06000000,81348.42000000,1315583.78780000
1751025600000,16.06000000,16.16000000,15.93000000,16.14000000,60378.58000000,968812.39820000
1751040000000,16.15000000,16.26000000,15.88000000,16.03000000,42357.85000000,680797.97030000
1751054400000,16.03000000,16.20000000,16.02000000,16.19000000,20046.40000000,323199.67320000
1751068800000,16.19000000,16.22000000,16.05000000,16.14000000,18517.27000000,298848.91220000
1751083200000,16.14000000,16.20000000,16.08000000,16.18000000,13606.10000000,219461.09220000
1751097600000,16.18000000,16.19000000,16.08000000,16.13000000,11164.69000000,180150.30740000
1751112000000,16.14000000,16.21000000,16.09000000,16.19000000,12345.77000000,199220.67430000
1751126400000,16.20000000,16.28000000,16.13000000,16.23000000,20685.54000000,335442.52950000
1751140800000,16.22000000,16.33000000,16.18000000,16.27000000,14023.91000000,228046.28710000
1751155200000,16.28000000,16.30000000,16.17000000,16.21000000,22493.73000000,364938.86600000
1751169600000,16.21000000,16.43000000,16.21000000,16.43000000,18650.99000000,304551.49020000
1751184000000,16.43000000,16.58000000,16.40000000,16.53000000,30708.83000000,506456.38440000
1751198400000,16.53000000,16.56000000,16.39000000,16.41000000,16569.29000000,272887.57710000
1751212800000,16.41000000,16.55000000,16.40000000,16.53000000,12816.96000000,210993.15050000
1751227200000,16.54000000,17.16000000,16.44000000,16.96000000,88837.15000000,1503896.24060000
1751241600000,16.96000000,17.01000000,16.73000000,16.80000000,60627.79000000,1022597.40200000
1751256000000,16.80000000,16.82000000,16.53000000,16.75000000,28411.12000000,474485.39930000
1751270400000,16.76000000,16.80000000,16.53000000,16.58000000,43642.81000000,726132.29540000
1751284800000,16.58000000,16.66000000,16.40000000,16.56000000,56527.23000000,933895.89600000
1751299200000,16.57000000,16.77000000,16.51000000,16.77000000,19869.78000000,330455.33950000
1751313600000,16.77000000,16.79000000,16.57000000,16.59000000,19071.34000000,317198.85940000
1751328000000,16.60000000,16.65000000,16.48000000,16.55000000,31584.54000000,523097.83490000
1751342400000,16.54000000,16.54000000,16.19000000,16.35000000,41315.63000000,674457.96280000
1751356800000,16.34000000,16.34000000,16.12000000,16.16000000,43477.02000000,704964.87260000
1751371200000,16.16000000,16.24000000,16.04000000,16.13000000,36841.34000000,593842.35070000
1751385600000,16.13000000,16.16000000,15.94000000,15.94000000,32550.35000000,522380.71630000
1751400000000,15.93000000,16.05000000,15.85000000,15.95000000,32141.41000000,512138.21870000
1751414400000,15.95000000,16.10000000,15.83000000,16.03000000,39199.97000000,627169.32240000
1751428800000,16.03000000,16.27000000,16.00000000,16.21000000,46376.70000000,750579.21950000
1751443200000,16.22000000,16.35000000,16.19000000,16.26000000,34074.20000000,553991.34190000
1751457600000,16.25000000,16.60000000,16.20000000,16.58000000,36630.80000000,600803.84490000
1751472000000,16.58000000,17.12000000,16.58000000,17.09000000,159883.29000000,2716061.55750000
1751486400000,17.09000000,17.22000000,16.94000000,16.96000000,87312.61000000,1493725.64180000
1751500800000,16.96000000,17.08000000,16.90000000,16.93000000,43796.66000000,743658.13940000
1751515200000,16.93000000,17.26000000,16.92000000,17.20000000,41870.39000000,718189.91830000
1751529600000,17.21000000,17.25000000,17.05000000,17.15000000,51681.13000000,887164.93280000
1751544000000,17.14000000,17.33000000,16.94000000,16.96000000,109723.12000000,1882402.06330000
1751558400000,16.96000000,17.08000000,16.95000000,16.99000000,29550.04000000,502972.55990000
1751572800000,16.99000000,17.08000000,16.96000000,16.99000000,21659.49000000,368870.91050000
1751587200000,16.99000000,17.02000000,16.80000000,16.83000000,36890.96000000,623380.32910000
1751601600000,16.84000000,16.87000000,16.52000000,16.53000000,40521.12000000,675881.37400000
1751616000000,16.53000000,16.68000000,16.47000000,16.64000000,30881.42000000,512501.16630000
1751630400000,16.64000000,16.69000000,16.24000000,16.26000000,44019.30000000,722717.73730000
1751644800000,16.27000000,16.27000000,16.08000000,16.16000000,60631.23000000,980554.54750000
1751659200000,16.15000000,16.33000000,16.13000000,16.28000000,20500.33000000,332702.51510000
1751673600000,16.29000000,16.41000000,16.23000000,16.35000000,18423.64000000,300928.63190000
1751688000000,16.35000000,16.43000000,16.26000000,16.36000000,30399.21000000,497288.52590000
1751702400000,16.37000000,16.40000000,16.27000000,16.32000000,15568.78000000,254447.14080000
1751716800000,16.32000000,16.33000000,16.20000000,16.23000000,14909.40000000,242501.13650000
1751731200000,16.22000000,16.28000000,16.10000000,16.20000000,19036.15000000,308102.14090000
1751745600000,16.20000000,16.39000000,16.17000000,16.37000000,18202.76000000,296847.94820000
1751760000000,16.37000000,16.40000000,16.27000000,16.30000000,13223.54000000,215982.35570000
1751774400000,16.30000000,16.36000000,16.27000000,16.29000000,7644.73000000,124745.74350000
1751788800000,16.30000000,16.40000000,16.25000000,16.39000000,12063.37000000,196801.68910000
1751803200000,16.39000000,16.71000000,16.35000000,16.62000000,33795.25000000,560429.36360000
1751817600000,16.63000000,16.68000000,16.51000000,16.62000000,13936.55000000,231596.00000000
1751832000000,16.63000000,16.87000000,16.60000000,16.64000000,39732.39000000,665730.15460000
1751846400000,16.64000000,16.79000000,16.59000000,16.71000000,23106.05000000,385412.50810000
1751860800000,16.71000000,16.75000000,16.56000000,16.69000000,14008.46000000,233203.57420000
1751875200000,16.68000000,16.72000000,16.55000000,16.58000000,19299.14000000,321269.81820000
1751889600000,16.58000000,16.74000000,16.47000000,16.55000000,40276.03000000,668065.33750000
1751904000000,16.56000000,16.61000000,16.39000000,16.52000000,27919.18000000,460688.62410000
1751918400000,16.52000000,16.68000000,16.37000000,16.68000000,39301.94000000,651034.11160000
1751932800000,16.68000000,16.73000000,16.35000000,16.42000000,98116.69000000,1620522.60170000
1751947200000,16.42000000,16.57000000,16.38000000,16.47000000,60756.48000000,998409.00140000
1751961600000,16.47000000,16.70000000,16.39000000,16.63000000,36105.14000000,598724.14200000
1751976000000,16.63000000,16.81000000,16.54000000,16.60000000,35167.27000000,586747.50610000
1751990400000,16.60000000,17.27000000,16.58000000,16.94000000,156604.94000000,2659653.90630000
1752004800000,16.93000000,16.98000000,16.87000000,16.94000000,25899.59000000,438410.23750000
1752019200000,16.94000000,16.98000000,16.79000000,16.82000000,31196.95000000,526446.20230000
1752033600000,16.83000000,17.09000000,16.81000000,17.03000000,41726.94000000,708105.09900000
1752048000000,17.02000000,17.24000000,17.00000000,17.18000000,31567.89000000,539791.13850000
1752062400000,17.19000000,17.34000000,17.04000000,17.14000000,84606.99000000,1456444.65880000
1752076800000,17.15000000,17.65000000,17.15000000,17.60000000,76907.91000000,1336410.55600000
1752091200000,17.61000000,17.78000000,17.51000000,17.66000000,89727.07000000,1585452.27780000
1752105600000,17.66000000,17.73000000,17.51000000,17.63000000,72270.13000000,1274335.54580000
1752120000000,17.64000000,17.78000000,17.58000000,17.69000000,50298.55000000,889266.81000000
1752134400000,17.70000000,17.76000000,17.60000000,17.64000000,63821.30000000,1127585.63820000
1752148800000,17.64000000,17.69000000,17.47000000,17.51000000,61069.36000000,1073060.76640000
1752163200000,17.51000000,17.95000000,17.48000000,17.85000000,100602.60000000,1790527.97380000
1752177600000,17.85000000,18.56000000,17.85000000,18.49000000,382860.28000000,6954417.00330000
1752192000000,18.49000000,18.61000000,18.18000000,18.54000000,173534.20000000,3200541.81970000
1752206400000,18.54000000,18.81000000,18.39000000,18.43000000,187040.90000000,3482893.23490000
1752220800000,18.44000000,18.72000000,18.44000000,18.56000000,77009.62000000,1432987.10350000
1752235200000,18.56000000,18.92000000,18.48000000,18.55000000,169928.54000000,3176566.60520000
1752249600000,18.55000000,18.87000000,18.43000000,18.77000000,66814.13000000,1247336.61390000
1752264000000,18.76000000,18.76000000,17.99000000,18.26000000,124207.01000000,2272810.61800000
1752278400000,18.26000000,18.49000000,18.04000000,18.43000000,82585.34000000,1511254.56970000
1752292800000,18.44000000,18.50000000,18.13000000,18.44000000,74383.87000000,1363625.26490000
1752307200000,18.45000000,18.53000000,18.36000000,18.43000000,55784.76000000,1029794.57900000
1752321600000,18.44000000,18.48000000,17.75000000,17.84000000,141815.50000000,2566529.30550000
1752336000000,17.84000000,18.16000000,17.75000000,18.14000000,33765.01000000,608001.41060000
1752350400000,18.14000000,18.18000000,17.90000000,18.14000000,22631.50000000,408796.68760000
1752364800000,18.14000000,18.24000000,18.07000000,18.16000000,27230.00000000,494356.70770000
1752379200000,18.16000000,18.33000000,18.10000000,18.30000000,43888.75000000,800526.49240000
1752393600000,18.30000000,18.33000000,18.16000000,18.29000000,27853.05000000,508206.90690000
1752408000000,18.29000000,18.64000000,18.25000000,18.47000000,98443.70000000,1816776.87950000
1752422400000,18.48000000,18.68000000,18.33000000,18.56000000,22912.79000000,425066.46350000
1752436800000,18.57000000,18.62000000,18.24000000,18.45000000,35723.36000000,658109.75140000
1752451200000,18.46000000,19.02000000,18.39000000,18.96000000,95646.89000000,1796807.31120000
1752465600000,18.97000000,19.20000000,18.81000000,19.08000000,161706.77000000,3079722.74270000
1752480000000,19.09000000,19.16000000,18.81000000,18.95000000,87633.42000000,1665215.84120000
1752494400000,18.95000000,19.06000000,18.64000000,18.74000000,95865.53000000,1806861.28630000
1752508800000,18.73000000,18.90000000,18.44000000,18.48000000,82610.71000000,1539391.74010000
1752523200000,18.48000000,18.59000000,18.29000000,18.55000000,46981.22000000,869033.60160000
1752537600000,18.56000000,18.65000000,17.81000000,17.98000000,139907.00000000,2540789.81580000
1752552000000,17.98000000,18.14000000,17.85000000,18.00000000,42130.84000000,759921.95300000
1752566400000,18.01000000,18.10000000,17.86000000,18.03000000,31765.31000000,571489.24330000
1752580800000,18.03000000,18.39000000,17.87000000,18.25000000,125202.16000000,2272095.07560000
1752595200000,18.25000000,18.85000000,18.23000000,18.31000000,87733.46000000,1626653.22680000
1752609600000,18.32000000,19.08000000,18.25000000,19.06000000,80611.73000000,1510717.80640000
1752624000000,19.05000000,19.73000000,18.91000000,19.14000000,344883.64000000,6702277.88880000
1752638400000,19.14000000,19.64000000,19.05000000,19.59000000,169740.35000000,3298863.79710000
1752652800000,19.58000000,19.67000000,19.42000000,19.51000000,139729.84000000,2732121.54400000
1752667200000,19.51000000,19.89000000,19.43000000,19.63000000,164403.24000000,3227736.02480000
1752681600000,19.62000000,20.09000000,19.57000000,20.05000000,135313.09000000,2693955.18160000
1752696000000,20.06000000,20.34000000,19.81000000,19.88000000,151570.05000000,3049310.48550000
1752710400000,19.88000000,20.07000000,19.34000000,19.46000000,107876.00000000,2123810.57150000
1752724800000,19.45000000,20.10000000,19.40000000,20.00000000,304145.19000000,6038369.97150000
1752739200000,20.01000000,20.24000000,19.86000000,19.89000000,248637.19000000,4981894.98640000
1752753600000,19.90000000,20.04000000,19.57000000,19.90000000,145934.32000000,2895513.45000000
1752768000000,19.90000000,20.06000000,19.51000000,19.80000000,103592.99000000,2052033.69810000
1752782400000,19.80000000,20.44000000,19.56000000,20.26000000,196266.68000000,3952034.90540000
1752796800000,20.27000000,21.50000000,20.13000000,21.49000000,396474.23000000,8340829.38310000
1752811200000,21.49000000,23.43000000,21.35000000,22.85000000,1201848.99000000,27291195.79360000
1752825600000,22.85000000,24.99000000,22.85000000,24.38000000,1779903.20000000,42698120.39140000
1752840000000,24.38000000,24.98000000,22.89000000,23.17000000,837100.01000000,19950261.58440000
1752854400000,23.17000000,24.28000000,23.17000000,23.49000000,433892.18000000,10350192.21410000
1752868800000,23.49000000,23.54000000,22.75000000,23.18000000,286427.87000000,6613321.24390000
1752883200000,23.18000000,24.47000000,22.44000000,24.46000000,588100.35000000,13705818.31690000
1752897600000,24.46000000,25.93000000,24.35000000,24.71000000,1319132.30000000,33070510.47510000
1752912000000,24.71000000,24.86000000,23.68000000,23.76000000,521826.55000000,12694529.25740000
1752926400000,23.76000000,24.03000000,22.97000000,23.29000000,493194.07000000,11585502.84490000
1752940800000,23.29000000,23.75000000,23.17000000,23.73000000,209883.25000000,4928131.73330000
1752955200000,23.74000000,24.50000000,23.32000000,24.37000000,259101.11000000,6182395.98420000
1752969600000,24.36000000,25.12000000,23.96000000,24.81000000,661961.83000000,16185700.19960000
1752984000000,24.82000000,25.06000000,24.60000000,24.84000000,284555.71000000,7069859.39640000
1752998400000,24.84000000,25.28000000,24.61000000,25.28000000,347895.08000000,8676652.43500000
1753012800000,25.28000000,25.32000000,24.78000000,25.21000000,237255.23000000,5947239.53130000
1753027200000,25.21000000,25.59000000,24.70000000,24.78000000,758254.28000000,18986176.68130000
1753041600000,24.77000000,24.95000000,24.18000000,24.69000000,184354.54000000,4537606.02020000
1753056000000,24.70000000,24.70000000,24.09000000,24.62000000,274691.70000000,6700974.42120000
1753070400000,24.62000000,24.92000000,24.29000000,24.78000000,336595.93000000,8303453.91320000
1753084800000,24.78000000,24.84000000,24.30000000,24.50000000,163857.36000000,4026651.89260000
1753099200000,24.50000000,24.95000000,24.15000000,24.46000000,425407.67000000,10438482.08590000
1753113600000,24.46000000,24.54000000,23.65000000,23.72000000,268413.36000000,6460451.20150000
1753128000000,23.72000000,24.14000000,23.62000000,24.01000000,95178.94000000,2270340.23430000
1753142400000,24.02000000,24.06000000,23.27000000,23.47000000,263362.38000000,6225739.50910000
1753156800000,23.46000000,23.75000000,22.93000000,23.55000000,183396.38000000,4272275.54140000
1753171200000,23.54000000,23.59000000,23.13000000,23.44000000,172338.08000000,4028711.28590000
1753185600000,23.45000000,24.87000000,23.18000000,24.12000000,450000.98000000,10821518.36030000
1753200000000,24.12000000,24.29000000,23.55000000,23.64000000,131047.92000000,3129019.35860000
1753214400000,23.63000000,24.32000000,23.60000000,24.24000000,130166.70000000,3128736.19460000
1753228800000,24.24000000,24.50000000,24.05000000,24.09000000,188155.49000000,4567636.64690000
1753243200000,24.09000000,24.21000000,23.70000000,23.78000000,136318.41000000,3266986.56960000
1753257600000,23.78000000,23.86000000,23.16000000,23.45000000,118992.90000000,2789276.47760000
1753272000000,23.45000000,23.45000000,22.04000000,22.76000000,558039.79000000,12620935.79390000
1753286400000,22.75000000,22.83000000,22.05000000,22.44000000,270414.66000000,6063938.05650000
1753300800000,22.43000000,22.61000000,21.96000000,22.53000000,243826.02000000,5423880.67390000
1753315200000,22.54000000,23.36000000,22.37000000,22.71000000,209825.27000000,4827407.67760000
1753329600000,22.71000000,22.81000000,21.33000000,22.13000000,361054.36000000,7927239.73950000
1753344000000,22.13000000,23.01000000,22.05000000,22.89000000,164786.40000000,3729051.58350000
1753358400000,22.89000000,23.20000000,22.20000000,22.68000000,227499.64000000,5178097.29250000
1753372800000,22.69000000,22.94000000,22.26000000,22.71000000,98646.98000000,2230860.88170000
1753387200000,22.72000000,22.90000000,22.20000000,22.27000000,86499.07000000,1950425.91270000
1753401600000,22.27000000,22.32000000,21.52000000,21.71000000,149519.34000000,3276424.18560000
1753416000000,21.72000000,22.08000000,21.52000000,21.89000000,117554.16000000,2563383.50020000
1753430400000,21.88000000,22.71000000,21.86000000,22.65000000,179409.88000000,4020467.79220000
1753444800000,22.67000000,22.78000000,21.57000000,21.83000000,188625.87000000,4171211.66250000
1753459200000,21.83000000,22.27000000,21.77000000,22.08000000,66424.52000000,1462540.89200000
1753473600000,22.08000000,22.73000000,22.07000000,22.69000000,68363.39000000,1543784.02840000
1753488000000,22.69000000,23.27000000,22.48000000,23.15000000,133742.38000000,3057136.96630000
1753502400000,23.15000000,23.35000000,22.93000000,22.94000000,103808.27000000,2400586.09830000
1753516800000,22.94000000,23.15000000,22.83000000,22.84000000,125520.33000000,2885894.11890000
1753531200000,22.84000000,22.94000000,22.69000000,22.81000000,53878.01000000,1228945.66320000
1753545600000,22.80000000,22.95000000,22.67000000,22.92000000,37885.60000000,863926.20700000
1753560000000,22.91000000,23.09000000,22.79000000,22.81000000,37556.03000000,860549.39880000
1753574400000,22.81000000,23.18000000,22.75000000,23.14000000,53076.95000000,1221146.30620000
1753588800000,23.14000000,23.25000000,22.82000000,22.86000000,64126.85000000,1479153.82380000
1753603200000,22.87000000,23.03000000,22.46000000,22.81000000,117295.11000000,2664908.79090000
1753617600000,22.81000000,23.12000000,22.73000000,22.94000000,115283.46000000,2642146.47940000
1753632000000,22.94000000,23.23000000,22.87000000,23.04000000,87675.70000000,2023235.43650000
1753646400000,23.05000000,23.44000000,22.96000000,23.30000000,66447.84000000,1544770.78770000
1753660800000,23.30000000,23.51000000,22.97000000,23.36000000,90417.30000000,2104961.02700000
1753675200000,23.35000000,23.78000000,23.21000000,23.38000000,159088.35000000,3740838.42990000
1753689600000,23.38000000,23.45000000,22.85000000,23.01000000,184018.28000000,4259040.94110000
1753704000000,23.01000000,23.02000000,22.04000000,22.18000000,306218.76000000,6928920.32340000
1753718400000,22.18000000,22.24000000,21.78000000,21.98000000,91078.14000000,2003897.48770000
1753732800000,21.99000000,22.07000000,21.75000000,21.91000000,62569.59000000,1369608.27990000
1753747200000,21.91000000,22.07000000,21.60000000,21.94000000,91875.44000000,2004530.13780000
1753761600000,21.94000000,22.43000000,21.82000000,22.37000000,95892.54000000,2123057.77120000
1753776000000,22.36000000,22.40000000,22.00000000,22.19000000,60009.22000000,1334091.66810000
1753790400000,22.19000000,22.41000000,21.68000000,21.85000000,122153.19000000,2691809.91370000
1753804800000,21.86000000,22.08000000,21.54000000,21.66000000,85051.68000000,1853228.55110000
1753819200000,21.66000000,21.95000000,21.46000000,21.76000000,67144.85000000,1456416.81120000
1753833600000,21.75000000,21.94000000,21.42000000,21.79000000,58079.63000000,1262731.18880000
1753848000000,21.79000000,21.85000000,21.43000000,21.50000000,98468.48000000,2125188.83670000
1753862400000,21.50000000,21.66000000,20.97000000,21.09000000,118742.20000000,2526490.04480000
1753876800000,21.09000000,21.59000000,20.91000000,21.36000000,137546.94000000,2912063.46530000
1753891200000,21.37000000,21.56000000,20.37000000,21.24000000,203634.37000000,4260340.67830000
1753905600000,21.23000000,21.47000000,21.04000000,21.40000000,67623.67000000,1438044.79150000
1753920000000,21.40000000,21.80000000,21.32000000,21.77000000,51079.42000000,1103014.79150000
1753934400000,21.77000000,21.85000000,21.65000000,21.77000000,47176.01000000,1025384.90310000
1753948800000,21.77000000,21.87000000,21.63000000,21.68000000,43085.79000000,937596.75300000
1753963200000,21.69000000,21.71000000,21.11000000,21.37000000,119663.22000000,2555556.73920000
1753977600000,21.36000000,21.68000000,21.09000000,21.15000000,63400.25000000,1353030.42220000
1753992000000,21.15000000,21.22000000,20.51000000,20.56000000,109606.60000000,2287746.10400000
1754006400000,20.56000000,20.64000000,19.98000000,20.55000000,193501.73000000,3932556.41420000
1754020800000,20.54000000,20.54000000,20.02000000,20.18000000,92306.88000000,1865567.94270000
1754035200000,20.18000000,20.24000000,19.78000000,20.14000000,85608.16000000,1716505.83750000
1754049600000,20.14000000,20.36000000,19.67000000,20.15000000,194181.91000000,3899528.41570000
1754064000000,20.14000000,20.31000000,19.72000000,20.15000000,86894.21000000,1737275.54210000
1754078400000,20.14000000,20.20000000,19.31000000,19.78000000,138417.49000000,2724674.15180000
1754092800000,19.78000000,20.05000000,19.73000000,19.97000000,50090.13000000,997773.79900000
1754107200000,19.98000000,20.09000000,19.50000000,19.91000000,58330.35000000,1155143.64370000
1754121600000,19.91000000,19.96000000,19.57000000,19.79000000,69466.76000000,1368919.19240000
1754136000000,19.78000000,19.88000000,19.49000000,19.55000000,78883.25000000,1551950.79230000
1754150400000,19.56000000,19.67000000,19.00000000,19.23000000,143452.44000000,2766850.10330000
1754164800000,19.23000000,19.51000000,19.04000000,19.19000000,46175.57000000,890016.95580000
1754179200000,19.19000000,19.53000000,18.93000000,19.46000000,88810.58000000,1710000.36930000
1754193600000,19.46000000,19.87000000,19.29000000,19.35000000,681053.20000000,13322787.43210000
1754208000000,19.36000000,19.95000000,19.35000000,19.88000000,1113651.30000000,21895340.96530000
1754222400000,19.88000000,20.10000000,19.50000000,19.75000000,696944.73000000,13769922.07810000
1754236800000,19.75000000,19.89000000,19.70000000,19.78000000,28150.25000000,556789.28660000
1754251200000,19.79000000,20.00000000,19.73000000,19.86000000,41661.30000000,827073.41880000
1754265600000,19.87000000,20.23000000,19.86000000,20.01000000,69175.15000000,1386499.93370000
1754280000000,20.02000000,20.16000000,19.93000000,20.09000000,69892.45000000,1398503.05940000
1754294400000,20.10000000,20.18000000,20.01000000,20.10000000,38057.78000000,765099.94320000
1754308800000,20.10000000,20.66000000,20.08000000,20.55000000,127563.32000000,2604848.25790000
1754323200000,20.54000000,20.94000000,20.53000000,20.65000000,68064.81000000,1411230.57710000
1754337600000,20.65000000,21.06000000,20.63000000,20.99000000,51881.28000000,1085065.35430000
1754352000000,20.99000000,21.09000000,20.59000000,20.59000000,136039.42000000,2843435.28500000
1754366400000,20.59000000,20.70000000,20.25000000,20.29000000,115711.68000000,2375109.39420000
1754380800000,20.29000000,20.86000000,20.26000000,20.77000000,84785.51000000,1739479.01730000
1754395200000,20.78000000,20.80000000,19.92000000,20.02000000,131174.54000000,2666766.51840000
1754409600000,20.01000000,20.20000000,19.93000000,19.98000000,68442.50000000,1374788.07660000
1754424000000,19.99000000,20.23000000,19.80000000,20.18000000,51847.52000000,1039168.64100000
1754438400000,20.18000000,20.18000000,19.72000000,19.81000000,62284.21000000,1239964.52360000
1754452800000,19.80000000,20.28000000,19.73000000,20.20000000,61922.43000000,1244209.76070000
1754467200000,20.20000000,20.23000000,19.88000000,19.91000000,70796.31000000,1414753.66230000
1754481600000,19.91000000,20.35000000,19.74000000,20.30000000,72289.70000000,1443464.07620000
1754496000000,20.31000000,20.44000000,20.10000000,20.34000000,42396.98000000,859461.68370000
1754510400000,20.35000000,20.38000000,20.23000000,20.30000000,31086.58000000,631189.83660000
1754524800000,20.29000000,20.44000000,20.10000000,20.12000000,67838.95000000,1374946.24040000
1754539200000,20.11000000,20.42000000,20.11000000,20.29000000,106496.26000000,2159211.80630000
1754553600000,20.30000000,21.04000000,20.26000000,21.02000000,162633.47000000,3360200.26670000
1754568000000,21.02000000,21.20000000,20.82000000,20.95000000,177551.16000000,3737982.68780000
1754582400000,20.96000000,21.10000000,20.54000000,21.10000000,86790.35000000,1808181.47330000
1754596800000,21.10000000,21.56000000,21.06000000,21.55000000,88133.00000000,1880234.76010000
1754611200000,21.54000000,21.90000000,21.17000000,21.62000000,406297.22000000,8756405.17320000
1754625600000,21.63000000,21.84000000,21.33000000,21.70000000,123996.20000000,2674142.34340000
1754640000000,21.70000000,21.84000000,21.60000000,21.69000000,199297.16000000,4327603.37460000
1754654400000,21.68000000,22.58000000,21.50000000,21.84000000,629578.51000000,13972060.97540000
1754668800000,21.83000000,22.71000000,21.81000000,22.64000000,239763.23000000,5373190.09370000
1754683200000,22.65000000,22.69000000,22.38000000,22.38000000,135667.25000000,3051410.26780000
1754697600000,22.39000000,22.96000000,22.35000000,22.74000000,222728.75000000,5048712.06820000
1754712000000,22.74000000,23.64000000,22.65000000,23.24000000,367656.33000000,8546770.56800000
1754726400000,23.25000000,23.67000000,23.23000000,23.45000000,200781.23000000,4706178.16100000
1754740800000,23.45000000,23.59000000,22.94000000,23.15000000,237711.42000000,5517070.21560000
1754755200000,23.14000000,23.55000000,23.11000000,23.47000000,91647.25000000,2137893.47830000
1754769600000,23.47000000,23.89000000,23.45000000,23.60000000,214744.58000000,5081194.52760000
1754784000000,23.61000000,24.39000000,23.31000000,23.59000000,429393.11000000,10233300.88050000
1754798400000,23.59000000,23.80000000,22.76000000,22.79000000,253677.02000000,5884204.67850000
1754812800000,22.79000000,23.17000000,22.56000000,22.82000000,161443.23000000,3689973.85410000
1754827200000,22.81000000,23.37000000,22.69000000,23.21000000,184664.35000000,4261661.58360000
1754841600000,23.20000000,23.37000000,23.09000000,23.29000000,86031.97000000,1997594.74090000
1754856000000,23.28000000,23.30000000,22.91000000,23.17000000,127217.51000000,2942516.45720000
1754870400000,23.18000000,23.68000000,23.04000000,23.53000000,173285.15000000,4061839.54870000
1754884800000,23.53000000,23.71000000,22.93000000,22.96000000,150861.84000000,3528074.69480000
1754899200000,22.96000000,23.22000000,22.34000000,22.43000000,137923.51000000,3148502.64910000
1754913600000,22.43000000,22.89000000,22.19000000,22.88000000,219586.12000000,4937755.57670000
1754928000000,22.88000000,23.28000000,22.49000000,22.62000000,161178.72000000,3697198.97920000
1754942400000,22.61000000,22.64000000,22.06000000,22.21000000,86423.20000000,1929918.60460000
1754956800000,22.21000000,22.69000000,22.17000000,22.41000000,94094.72000000,2112807.81850000
1754971200000,22.40000000,22.58000000,22.10000000,22.48000000,120814.03000000,2704224.16560000
1754985600000,22.49000000,22.54000000,21.90000000,22.19000000,147715.60000000,3269198.50080000
1755000000000,22.18000000,23.52000000,22.07000000,23.46000000,376454.99000000,8598393.86850000
1755014400000,23.47000000,23.69000000,23.32000000,23.60000000,194928.16000000,4581426.73680000
1755028800000,23.59000000,23.95000000,23.54000000,23.68000000,178765.00000000,4240826.47800000
1755043200000,23.68000000,24.01000000,23.32000000,23.89000000,180707.73000000,4271559.60290000
1755057600000,23.88000000,24.07000000,23.54000000,23.94000000,223572.24000000,5319890.02220000
1755072000000,23.94000000,24.29000000,23.82000000,24.06000000,209381.77000000,5039350.53890000
1755086400000,24.05000000,24.30000000,23.56000000,23.94000000,354263.20000000,8470469.61390000
1755100800000,23.94000000,24.25000000,23.87000000,24.08000000,140485.24000000,3383118.64010000
1755115200000,24.08000000,24.46000000,23.88000000,24.26000000,96976.45000000,2348123.70740000
1755129600000,24.27000000,24.46000000,23.91000000,24.31000000,147355.38000000,3568858.81000000
1755144000000,24.32000000,24.37000000,23.51000000,23.62000000,205119.56000000,4896152.39380000
1755158400000,23.62000000,23.63000000,23.21000000,23.36000000,184122.96000000,4307138.67020000
1755172800000,23.36000000,23.46000000,21.88000000,22.52000000,838031.81000000,18925911.56910000
1755187200000,22.51000000,22.52000000,21.94000000,22.25000000,189455.83000000,4217025.30120000
1755201600000,22.24000000,22.30000000,21.78000000,22.18000000,199584.07000000,4395477.89300000
1755216000000,22.18000000,22.65000000,22.08000000,22.62000000,156889.35000000,3503646.38560000
1755230400000,22.61000000,22.69000000,22.38000000,22.46000000,74082.01000000,1668437.96520000
1755244800000,22.47000000,22.57000000,22.24000000,22.34000000,81941.36000000,1835834.02010000
1755259200000,22.34000000,22.56000000,21.58000000,21.75000000,234722.88000000,5185461.52400000
1755273600000,21.75000000,22.03000000,21.55000000,21.85000000,103218.93000000,2249071.33920000
1755288000000,21.86000000,22.40000000,21.77000000,22.23000000,55077.61000000,1215603.90690000
1755302400000,22.22000000,22.45000000,22.20000000,22.26000000,53702.83000000,1199067.93530000
1755316800000,22.27000000,22.37000000,22.12000000,22.28000000,36117.02000000,802597.45150000
1755331200000,22.28000000,22.38000000,22.05000000,22.06000000,78697.45000000,1746255.77960000
1755345600000,22.07000000,22.35000000,21.98000000,22.29000000,88598.54000000,1963544.92460000
1755360000000,22.28000000,22.36000000,22.13000000,22.26000000,28404.44000000,632012.51900000
1755374400000,22.26000000,22.45000000,22.24000000,22.38000000,33982.75000000,758669.69740000
1755388800000,22.38000000,22.49000000,22.23000000,22.46000000,33006.79000000,737888.19130000
1755403200000,22.46000000,22.67000000,22.41000000,22.50000000,88046.48000000,1983861.11540000
1755417600000,22.51000000,22.73000000,22.45000000,22.70000000,74132.19000000,1678097.16680000
1755432000000,22.71000000,22.86000000,22.52000000,22.86000000,75443.16000000,1711740.16410000
1755446400000,22.86000000,22.98000000,22.21000000,22.32000000,102475.74000000,2311504.13650000
1755460800000,22.33000000,22.51000000,22.21000000,22.24000000,40055.19000000,894510.17140000
1755475200000,22.25000000,22.31000000,21.29000000,21.50000000,225942.74000000,4907898.51770000
1755489600000,21.49000000,21.67000000,21.14000000,21.29000000,129080.89000000,2757505.61740000
1755504000000,21.29000000,21.52000000,21.21000000,21.37000000,143386.10000000,3061485.46040000
1755518400000,21.37000000,21.65000000,21.32000000,21.55000000,110917.79000000,2383833.66710000
1755532800000,21.55000000,21.73000000,21.33000000,21.61000000,58707.56000000,1265954.84880000
1755547200000,21.60000000,21.83000000,21.48000000,21.52000000,67224.56000000,1453801.79800000
1755561600000,21.53000000,21.74000000,21.05000000,21.11000000,109309.39000000,2335907.65550000
1755576000000,21.11000000,21.44000000,20.95000000,21.23000000,95820.17000000,2031113.94020000
1755590400000,21.23000000,21.49000000,21.09000000,21.47000000,45676.86000000,975126.55210000
1755604800000,21.47000000,21.54000000,20.90000000,21.03000000,165405.40000000,3494634.12820000
1755619200000,21.03000000,21.05000000,20.57000000,20.76000000,178911.46000000,3722896.93160000
1755633600000,20.76000000,20.94000000,20.48000000,20.53000000,102220.31000000,2121382.99140000
1755648000000,20.53000000,20.84000000,20.42000000,20.72000000,73841.36000000,1524200.45710000
1755662400000,20.72000000,20.92000000,20.72000000,20.76000000,53546.09000000,1115885.52300000
1755676800000,20.76000000,21.01000000,20.66000000,20.88000000,55329.48000000,1156789.10510000
1755691200000,20.88000000,21.28000000,20.46000000,21.13000000,147470.01000000,3085548.22720000
1755705600000,21.13000000,21.62000000,21.12000000,21.60000000,67350.62000000,1438654.69170000
1755720000000,21.61000000,21.67000000,21.50000000,21.56000000,45425.16000000,980357.00370000
1755734400000,21.55000000,21.72000000,21.41000000,21.45000000,55566.60000000,1197083.47410000
1755748800000,21.45000000,21.59000000,21.31000000,21.48000000,56566.14000000,1213868.42420000
1755763200000,21.48000000,21.52000000,21.15000000,21.23000000,56385.03000000,1199068.73490000
1755777600000,21.23000000,21.42000000,20.94000000,20.98000000,94930.36000000,2006538.68370000
1755792000000,20.97000000,21.23000000,20.87000000,21.01000000,32332.79000000,679809.47660000
1755806400000,21.02000000,21.24000000,20.92000000,21.01000000,29383.65000000,619383.66260000
1755820800000,21.02000000,21.31000000,20.84000000,20.89000000,111556.35000000,2350695.69040000
1755835200000,20.89000000,21.29000000,20.88000000,21.25000000,150640.95000000,3173308.14690000
1755849600000,21.25000000,21.42000000,20.89000000,20.89000000,126585.99000000,2692723.15500000
1755864000000,20.89000000,23.20000000,20.53000000,23.15000000,718670.10000000,15856028.96290000
1755878400000,23.15000000,25.52000000,23.15000000,24.79000000,1706332.07000000,42045803.50300000
1755892800000,24.80000000,25.07000000,24.34000000,24.50000000,356855.18000000,8826412.15400000
1755907200000,24.50000000,24.86000000,23.84000000,24.03000000,383889.59000000,9349999.05620000
1755921600000,24.04000000,24.40000000,23.93000000,23.99000000,137020.15000000,3309489.83160000
1755936000000,23.99000000,24.06000000,23.80000000,23.84000000,154247.03000000,3695980.11950000
1755950400000,23.85000000,24.22000000,23.76000000,24.12000000,146079.27000000,3510828.73860000
1755964800000,24.12000000,24.17000000,23.91000000,24.14000000,65006.23000000,1562491.58720000
1755979200000,24.14000000,24.29000000,23.98000000,24.21000000,52161.35000000,1258398.95710000
1755993600000,24.21000000,24.34000000,23.47000000,23.68000000,297100.67000000,7077152.22350000
1756008000000,23.68000000,23.74000000,23.36000000,23.42000000,108486.89000000,2555983.78330000
1756022400000,23.42000000,23.59000000,23.02000000,23.14000000,273476.77000000,6377967.94500000
1756036800000,23.13000000,23.57000000,23.10000000,23.34000000,108714.89000000,2535277.86260000
1756051200000,23.34000000,24.43000000,23.24000000,23.65000000,428718.37000000,10193470.37190000
1756065600000,23.66000000,23.66000000,22.92000000,23.23000000,213539.63000000,4983741.47330000
1756080000000,23.23000000,23.33000000,22.59000000,22.99000000,177889.81000000,4083340.01570000
1756094400000,23.00000000,23.02000000,22.00000000,22.07000000,191766.91000000,4312446.80070000
1756108800000,22.07000000,22.22000000,21.79000000,22.01000000,141312.69000000,3111055.22040000
1756123200000,22.01000000,22.06000000,21.74000000,21.78000000,185811.48000000,4072101.36830000
1756137600000,21.78000000,21.95000000,21.34000000,21.39000000,212433.17000000,4599646.04080000
1756152000000,21.40000000,21.46000000,20.90000000,21.07000000,329906.58000000,6963123.99480000
1756166400000,21.07000000,21.56000000,20.94000000,21.18000000,296732.40000000,6299744.86790000
1756180800000,21.18000000,21.40000000,21.05000000,21.20000000,239891.57000000,5091024.83650000
1756195200000,21.20000000,21.24000000,21.02000000,21.12000000,76651.84000000,1619461.66810000
1756209600000,21.13000000,21.61000000,21.04000000,21.39000000,178528.27000000,3814645.43050000
1756224000000,21.39000000,21.79000000,21.30000000,21.73000000,86974.49000000,1872165.46600000
1756238400000,21.73000000,21.83000000,21.55000000,21.67000000,85211.92000000,1849801.08470000
1756252800000,21.67000000,21.93000000,21.45000000,21.83000000,72607.81000000,1570772.83480000
1756267200000,21.83000000,22.00000000,21.50000000,21.57000000,103790.45000000,2264116.74700000
1756281600000,21.58000000,21.71000000,21.46000000,21.67000000,66018.89000000,1424626.41400000
1756296000000,21.67000000,21.97000000,21.57000000,21.95000000,99944.70000000,2177247.33940000
1756310400000,21.95000000,22.01000000,21.67000000,21.78000000,60001.42000000,1311789.81940000
1756324800000,21.78000000,21.99000000,21.36000000,21.51000000,240704.62000000,5193703.13500000
1756339200000,21.50000000,21.70000000,21.31000000,21.66000000,84247.19000000,1816105.00470000
1756353600000,21.65000000,21.89000000,21.61000000,21.81000000,86257.59000000,1876927.60420000
1756368000000,21.81000000,21.97000000,21.67000000,21.76000000,34603.54000000,754195.52110000
1756382400000,21.77000000,21.93000000,21.54000000,21.60000000,144202.99000000,3144157.42620000
1756396800000,21.60000000,21.79000000,21.37000000,21.41000000,54541.84000000,1177357.17250000
1756411200000,21.41000000,21.83000000,21.38000000,21.69000000,43821.24000000,949467.89480000
1756425600000,21.68000000,21.76000000,21.29000000,21.55000000,65791.20000000,1414988.68600000
1756440000000,21.54000000,21.60000000,20.90000000,20.95000000,111216.94000000,2359614.86240000
1756454400000,20.95000000,21.03000000,20.62000000,20.93000000,103518.35000000,2156043.37790000
1756468800000,20.94000000,21.40000000,20.58000000,20.73000000,222226.83000000,4654793.44000000
1756483200000,20.72000000,20.83000000,20.53000000,20.76000000,96692.97000000,1998999.59130000
1756497600000,20.76000000,20.97000000,20.64000000,20.92000000,38627.41000000,803711.75690000
1756512000000,20.93000000,21.12000000,20.56000000,21.00000000,119438.82000000,2493226.70070000
1756526400000,21.00000000,21.11000000,20.92000000,21.06000000,47923.83000000,1007423.46910000
1756540800000,21.07000000,21.08000000,20.97000000,21.03000000,31934.57000000,671242.13930000
1756555200000,21.04000000,21.05000000,20.73000000,20.93000000,40480.96000000,844831.58730000
1756569600000,20.94000000,20.94000000,20.75000000,20.86000000,19466.87000000,405334.31860000
1756584000000,20.87000000,20.96000000,20.79000000,20.94000000,24431.35000000,510055.41240000
1756598400000,20.94000000,21.24000000,20.94000000,21.21000000,62666.03000000,1323660.95390000
1756612800000,21.22000000,21.22000000,21.00000000,21.06000000,66965.65000000,1410507.33490000
1756627200000,21.07000000,21.21000000,20.92000000,21.08000000,36829.39000000,776364.71470000
1756641600000,21.07000000,21.15000000,20.90000000,21.10000000,94308.37000000,1986815.11020000
1756656000000,21.09000000,21.11000000,20.94000000,20.97000000,28258.82000000,593801.82930000
1756670400000,20.97000000,21.05000000,20.67000000,20.68000000,36876.21000000,768484.77960000
1756684800000,20.69000000,20.77000000,20.38000000,20.53000000,75834.23000000,1558116.29020000
1756699200000,20.53000000,21.04000000,20.30000000,21.03000000,130680.68000000,2685381.00270000
1756713600000,21.04000000,21.37000000,20.78000000,20.82000000,221817.12000000,4685563.27180000
1756728000000,20.83000000,20.93000000,20.53000000,20.55000000,141627.30000000,2928447.73230000
1756742400000,20.55000000,20.60000000,20.36000000,20.60000000,84025.50000000,1720949.84350000
1756756800000,20.59000000,20.61000000,20.06000000,20.51000000,155445.25000000,3150477.50580000
1756771200000,20.50000000,20.89000000,20.41000000,20.83000000,85697.58000000,1768570.26420000
1756785600000,20.83000000,20.93000000,20.69000000,20.71000000,62579.23000000,1305047.49350000
1756800000000,20.71000000,20.80000000,20.61000000,20.63000000,73320.79000000,1518259.45110000
1756814400000,20.63000000,20.92000000,20.28000000,20.50000000,152080.00000000,3141112.32350000
1756828800000,20.50000000,20.74000000,20.47000000,20.56000000,44249.35000000,910889.06930000
1756843200000,20.56000000,20.84000000,20.53000000,20.81000000,38307.53000000,794973.94170000
1756857600000,20.81000000,20.92000000,20.66000000,20.77000000,29521.97000000,613857.34180000
1756872000000,20.77000000,20.80000000,20.60000000,20.68000000,24276.98000000,502178.32900000
1756886400000,20.68000000,20.86000000,20.61000000,20.81000000,40632.68000000,843883.66790000
1756900800000,20.81000000,21.17000000,20.76000000,21.04000000,124222.24000000,2608229.69000000
1756915200000,21.05000000,21.07000000,20.88000000,20.98000000,37915.34000000,795184.34930000
1756929600000,20.99000000,21.00000000,20.81000000,20.83000000,26563.59000000,555448.23810000
1756944000000,20.84000000,20.93000000,20.52000000,20.53000000,49652.04000000,1028500.60050000
1756958400000,20.53000000,20.59000000,20.29000000,20.36000000,87928.46000000,1793224.06110000
1756972800000,20.36000000,20.57000000,20.34000000,20.44000000,49195.56000000,1006535.09570000
1756987200000,20.44000000,20.50000000,20.11000000,20.13000000,109062.11000000,2213018.73790000
1757001600000,20.13000000,20.23000000,20.00000000,20.07000000,53996.46000000,1085327.40510000
1757016000000,20.07000000,20.37000000,20.05000000,20.18000000,32895.14000000,665701.74760000
1757030400000,20.18000000,20.37000000,20.17000000,20.29000000,27129.00000000,549743.58670000
1757044800000,20.28000000,20.89000000,20.24000000,20.86000000,70613.40000000,1448596.16510000
1757059200000,20.86000000,20.92000000,20.53000000,20.65000000,119093.01000000,2466079.27220000
1757073600000,20.65000000,20.95000000,20.26000000,20.34000000,259874.20000000,5381245.40110000
1757088000000,20.34000000,20.44000000,20.23000000,20.43000000,37789.43000000,768432.67710000
1757102400000,20.43000000,20.52000000,20.32000000,20.36000000,46385.49000000,947447.70930000
1757116800000,20.35000000,20.44000000,20.31000000,20.40000000,23271.77000000,474249.77020000
1757131200000,20.40000000,20.41000000,20.27000000,20.39000000,19402.12000000,394462.54100000
1757145600000,20.40000000,20.40000000,20.19000000,20.22000000,22360.54000000,453237.12550000
1757160000000,20.22000000,20.27000000,20.12000000,20.13000000,29838.08000000,602323.31160000
1757174400000,20.13000000,20.26000000,20.05000000,20.07000000,41244.18000000,831115.21250000
1757188800000,20.07000000,20.25000000,20.06000000,20.20000000,21786.81000000,439148.00680000
1757203200000,20.21000000,20.41000000,20.19000000,20.37000000,26700.47000000,542153.99870000
1757217600000,20.37000000,20.46000000,20.34000000,20.39000000,37588.76000000,767348.13460000
1757232000000,20.40000000,20.46000000,20.31000000,20.42000000,22028.98000000,449114.66260000
1757246400000,20.41000000,20.52000000,20.39000000,20.43000000,65171.06000000,1331521.57130000
1757260800000,20.43000000,20.44000000,20.24000000,20.32000000,25469.02000000,518272.40630000
1757275200000,20.32000000,20.57000000,20.28000000,20.49000000,28063.68000000,573296.82370000
1757289600000,20.48000000,20.72000000,20.36000000,20.63000000,52631.25000000,1081844.32320000
1757304000000,20.64000000,20.64000000,20.47000000,20.51000000,29841.08000000,613026.54920000
1757318400000,20.52000000,20.84000000,20.51000000,20.69000000,80805.60000000,1673032.33170000
1757332800000,20.70000000,21.09000000,20.68000000,20.93000000,173358.89000000,3617101.71900000
1757347200000,20.93000000,20.99000000,20.69000000,20.72000000,76663.05000000,1596406.79080000
1757361600000,20.73000000,20.88000000,20.66000000,20.75000000,45342.37000000,941975.50920000
1757376000000,20.75000000,20.88000000,20.49000000,20.68000000,61727.76000000,1276711.54320000
1757390400000,20.67000000,21.06000000,20.60000000,20.97000000,120161.44000000,2510591.81160000
1757404800000,20.97000000,21.08000000,20.92000000,20.92000000,83455.71000000,1752984.10910000
1757419200000,20.93000000,21.16000000,20.41000000,20.49000000,180869.83000000,3753329.43450000
1757433600000,20.49000000,20.55000000,20.35000000,20.41000000,66197.13000000,1352764.04530000
1757448000000,20.40000000,20.53000000,20.33000000,20.47000000,65850.42000000,1345229.66840000
1757462400000,20.47000000,20.66000000,20.37000000,20.60000000,128953.44000000,2645984.17870000
1757476800000,20.59000000,20.75000000,20.48000000,20.68000000,79814.20000000,1642386.10570000
1757491200000,20.68000000,20.73000000,20.58000000,20.63000000,47164.37000000,973413.81830000
1757505600000,20.63000000,21.14000000,20.62000000,21.00000000,196111.48000000,4109335.62500000
1757520000000,21.01000000,21.14000000,20.67000000,20.72000000,72271.07000000,1510205.74740000
1757534400000,20.73000000,20.97000000,20.71000000,20.95000000,38459.64000000,803089.37520000
1757548800000,20.95000000,21.23000000,20.87000000,21.22000000,88670.89000000,1870650.71540000
1757563200000,21.22000000,21.53000000,21.18000000,21.52000000,121125.96000000,2586517.49760000
1757577600000,21.51000000,21.56000000,21.23000000,21.24000000,114179.08000000,2438007.31530000
1757592000000,21.25000000,21.54000000,21.04000000,21.10000000,200188.21000000,4247700.56590000
1757606400000,21.10000000,21.28000000,21.10000000,21.23000000,45711.19000000,969884.42070000
1757620800000,21.23000000,21.48000000,21.19000000,21.42000000,44314.51000000,945076.91770000
1757635200000,21.43000000,21.68000000,21.37000000,21.45000000,71094.13000000,1530296.54660000
1757649600000,21.45000000,21.71000000,21.35000000,21.49000000,87088.79000000,1876857.73460000
1757664000000,21.49000000,21.52000000,21.32000000,21.33000000,59873.11000000,1282658.99060000
1757678400000,21.33000000,21.51000000,21.25000000,21.40000000,72813.50000000,1555538.82920000
1757692800000,21.40000000,21.76000000,21.38000000,21.75000000,107740.57000000,2329864.13860000
1757707200000,21.75000000,22.03000000,21.67000000,21.98000000,130808.11000000,2858323.85740000
1757721600000,21.97000000,22.20000000,21.86000000,22.12000000,152351.76000000,3357447.92880000
1757736000000,22.12000000,22.16000000,21.96000000,22.01000000,88449.07000000,1950515.90810000
1757750400000,22.02000000,22.34000000,22.01000000,22.31000000,132898.24000000,2952686.28430000
1757764800000,22.31000000,22.52000000,21.93000000,22.08000000,386136.51000000,8599411.32670000
1757779200000,22.09000000,22.19000000,21.76000000,21.90000000,132135.29000000,2902596.82750000
1757793600000,21.90000000,22.09000000,21.89000000,22.06000000,54961.40000000,1209669.37470000
1757808000000,22.06000000,22.11000000,21.60000000,21.63000000,305138.01000000,6668785.94510000
1757822400000,21.62000000,21.76000000,21.48000000,21.58000000,96901.04000000,2093259.19630000
1757836800000,21.58000000,21.73000000,21.36000000,21.40000000,97883.84000000,2109510.19210000
1757851200000,21.39000000,21.48000000,20.90000000,20.98000000,185128.71000000,3915189.68980000
1757865600000,20.98000000,21.19000000,20.93000000,21.11000000,74072.67000000,1561294.27540000
1757880000000,21.11000000,21.37000000,21.07000000,21.13000000,51474.99000000,1090508.10710000
1757894400000,21.13000000,21.43000000,20.94000000,21.24000000,164901.00000000,3495516.80660000
1757908800000,21.24000000,21.43000000,20.81000000,20.86000000,200726.89000000,4235618.87250000
1757923200000,20.86000000,20.86000000,20.38000000,20.55000000,217742.15000000,4481190.00620000
1757937600000,20.54000000,20.58000000,20.16000000,20.31000000,178515.07000000,3641882.69350000
1757952000000,20.30000000,20.39000000,20.16000000,20.30000000,138750.43000000,2812456.34140000
1757966400000,20.29000000,20.41000000,20.27000000,20.36000000,107114.25000000,2178000.48210000
1757980800000,20.36000000,20.47000000,20.23000000,20.27000000,212343.14000000,4314716.19620000
1757995200000,20.27000000,20.52000000,20.10000000,20.48000000,161908.21000000,3284753.47910000
1758009600000,20.49000000,20.59000000,20.35000000,20.40000000,179142.14000000,3671545.50100000
1758024000000,20.40000000,20.48000000,20.10000000,20.41000000,166381.57000000,3374344.52510000
1758038400000,20.42000000,20.56000000,20.31000000,20.51000000,86860.91000000,1776091.16330000
1758052800000,20.51000000,20.59000000,20.48000000,20.52000000,71770.87000000,1474588.73170000
1758067200000,20.52000000,20.61000000,20.40000000,20.41000000,117413.64000000,2413807.53590000
1758081600000,20.41000000,20.56000000,20.25000000,20.49000000,73271.07000000,1493590.13360000
1758096000000,20.49000000,20.50000000,20.28000000,20.33000000,42512.44000000,865427.16460000
1758110400000,20.33000000,20.43000000,20.21000000,20.23000000,66082.70000000,1341072.35510000
1758124800000,20.22000000,20.53000000,20.10000000,20.50000000,252900.01000000,5134161.20850000
1758139200000,20.51000000,21.03000000,20.32000000,20.89000000,472136.63000000,9764220.17380000
1758153600000,20.90000000,21.07000000,20.82000000,21.03000000,105628.32000000,2212074.27350000
1758168000000,21.03000000,21.05000000,20.69000000,20.84000000,97189.58000000,2028115.50960000
1758182400000,20.85000000,20.97000000,20.77000000,20.83000000,119150.43000000,2485127.93170000
1758196800000,20.82000000,21.03000000,20.77000000,20.97000000,95001.32000000,1986614.00420000
1758211200000,20.97000000,21.19000000,20.96000000,21.13000000,102097.03000000,2152292.52200000
1758225600000,21.12000000,21.18000000,20.89000000,20.99000000,83686.22000000,1761946.78750000
1758240000000,20.98000000,21.18000000,20.73000000,20.76000000,190256.11000000,4007724.37840000
1758254400000,20.75000000,20.82000000,20.58000000,20.69000000,125198.74000000,2594228.88550000
1758268800000,20.69000000,20.75000000,20.37000000,20.43000000,92357.75000000,1895076.31200000
1758283200000,20.43000000,20.55000000,20.20000000,20.31000000,107045.57000000,2180387.75570000
1758297600000,20.30000000,20.41000000,20.14000000,20.19000000,53565.24000000,1085999.60850000
1758312000000,20.19000000,20.28000000,20.03000000,20.20000000,95923.66000000,1933115.02370000
1758326400000,20.20000000,20.27000000,20.09000000,20.23000000,88363.21000000,1784263.06160000
1758340800000,20.22000000,20.38000000,20.20000000,20.37000000,43306.51000000,878676.44780000
1758355200000,20.38000000,20.38000000,20.16000000,20.25000000,66134.19000000,1338718.38390000
1758369600000,20.25000000,20.46000000,20.16000000,20.36000000,74074.46000000,1504171.58690000
1758384000000,20.36000000,20.40000000,20.18000000,20.22000000,50307.43000000,1019897.44120000
1758398400000,20.21000000,20.33000000,20.15000000,20.19000000,43949.34000000,888664.26240000
1758412800000,20.18000000,20.29000000,20.14000000,20.23000000,72675.35000000,1467708.23010000
1758427200000,20.24000000,20.31000000,20.16000000,20.19000000,39119.20000000,790900.10270000
1758441600000,20.19000000,20.22000000,19.84000000,19.87000000,160761.22000000,3214179.88040000
1758456000000,19.88000000,20.02000000,19.87000000,19.95000000,92408.48000000,1844028.36860000
1758470400000,19.94000000,20.05000000,19.79000000,20.00000000,105347.55000000,2098219.11000000
1758484800000,19.99000000,20.05000000,19.88000000,19.88000000,37257.90000000,743312.44590000
1758499200000,19.88000000,19.95000000,19.10000000,19.34000000,330217.72000000,6412069.95360000
1758513600000,19.34000000,19.39000000,17.66000000,18.51000000,733651.85000000,13650372.01910000
1758528000000,18.51000000,18.70000000,18.42000000,18.50000000,285804.87000000,5304067.29220000
1758542400000,18.50000000,18.79000000,18.45000000,18.53000000,150944.97000000,2810889.90650000
1758556800000,18.53000000,18.61000000,18.32000000,18.40000000,123238.11000000,2274882.37650000
1758571200000,18.40000000,18.72000000,18.37000000,18.71000000,64452.18000000,1196687.46580000
1758585600000,18.71000000,18.78000000,18.41000000,18.74000000,111147.64000000,2069193.14840000
1758600000000,18.73000000,18.96000000,18.55000000,18.85000000,66552.11000000,1249463.79700000
1758614400000,18.85000000,18.95000000,18.78000000,18.93000000,54162.71000000,1022513.08330000
1758628800000,18.93000000,19.10000000,18.88000000,19.01000000,62938.35000000,1194538.43650000
1758643200000,19.01000000,19.05000000,18.77000000,18.85000000,64258.14000000,1213393.38200000
1758657600000,18.85000000,19.00000000,18.77000000,18.80000000,37150.26000000,701780.15910000
1758672000000,18.80000000,18.99000000,18.60000000,18.64000000,75396.85000000,1417462.85980000
1758686400000,18.63000000,19.14000000,18.44000000,18.97000000,278581.25000000,5263099.98190000
1758700800000,18.98000000,19.04000000,18.92000000,18.98000000,34574.47000000,655980.09610000
1758715200000,18.98000000,19.05000000,18.82000000,18.83000000,108445.27000000,2049762.95920000
1758729600000,18.84000000,18.95000000,18.76000000,18.79000000,31950.59000000,602158.10510000
1758744000000,18.80000000,18.82000000,18.52000000,18.60000000,98596.73000000,1838985.31310000
1758758400000,18.60000000,18.73000000,18.40000000,18.55000000,119005.34000000,2207473.44740000
1758772800000,18.54000000,18.60000000,18.21000000,18.28000000,135721.95000000,2490992.79010000
1758787200000,18.29000000,18.45000000,18.16000000,18.20000000,67824.06000000,1241080.52240000
1758801600000,18.20000000,18.46000000,17.85000000,18.30000000,155541.46000000,2828925.48400000
1758816000000,18.30000000,18.33000000,17.56000000,18.05000000,193747.29000000,3467370.01100000
1758830400000,18.05000000,18.12000000,17.76000000,17.89000000,89362.42000000,1601097.88050000
1758844800000,17.90000000,18.20000000,17.88000000,18.14000000,49660.83000000,897192.05420000
1758859200000,18.14000000,18.16000000,17.89000000,18.00000000,108360.21000000,1953225.48930000
1758873600000,18.01000000,18.07000000,17.73000000,17.89000000,95035.44000000,1699080.62460000
1758888000000,17.90000000,18.22000000,17.74000000,18.21000000,125491.48000000,2262479.52730000
1758902400000,18.20000000,18.55000000,18.20000000,18.43000000,71495.11000000,1316024.07640000
1758916800000,18.43000000,18.45000000,18.34000000,18.40000000,34146.59000000,628121.96460000
1758931200000,18.39000000,18.39000000,18.23000000,18.25000000,33374.14000000,610769.43700000
1758945600000,18.25000000,18.27000000,18.17000000,18.18000000,27018.62000000,492220.86990000
1758960000000,18.19000000,18.23000000,18.04000000,18.23000000,31592.92000000,572865.93380000
1758974400000,18.23000000,18.33000000,18.11000000,18.24000000,33443.96000000,609637.20840000
1758988800000,18.23000000,18.23000000,18.09000000,18.20000000,32286.21000000,586442.88020000
1759003200000,18.20000000,18.35000000,18.19000000,18.25000000,24266.21000000,443127.03040000
1759017600000,18.24000000,18.25000000,18.03000000,18.08000000,33264.94000000,602756.81590000
1759032000000,18.08000000,18.09000000,17.94000000,18.01000000,37945.26000000,683833.55500000
1759046400000,18.02000000,18.04000000,17.91000000,17.97000000,24598.55000000,441856.28080000
1759060800000,17.98000000,18.23000000,17.86000000,18.16000000,48955.12000000,885439.07090000
1759075200000,18.16000000,18.31000000,18.15000000,18.31000000,39418.95000000,717619.06620000
1759089600000,18.31000000,18.58000000,18.28000000,18.54000000,62142.30000000,1145800.25360000
1759104000000,18.54000000,18.54000000,18.36000000,18.47000000,33187.09000000,613089.10280000
1759118400000,18.47000000,18.47000000,18.33000000,18.40000000,16962.63000000,312324.49260000
1759132800000,18.40000000,18.46000000,18.22000000,18.27000000,62983.15000000,1157179.09830000
1759147200000,18.27000000,18.68000000,18.13000000,18.45000000,83485.47000000,1539196.99890000
1759161600000,18.45000000,18.56000000,18.29000000,18.54000000,32167.54000000,592444.91220000
1759176000000,18.54000000,18.73000000,18.54000000,18.63000000,48675.94000000,908364.40580000
1759190400000,18.62000000,18.72000000,18.43000000,18.45000000,43803.02000000,811584.06100000
1759204800000,18.44000000,18.52000000,18.29000000,18.32000000,45649.39000000,841345.40550000
1759219200000,18.32000000,18.35000000,18.22000000,18.35000000,36053.64000000,659290.61600000
1759233600000,18.35000000,18.49000000,18.07000000,18.20000000,91223.93000000,1671086.25440000
1759248000000,18.19000000,18.39000000,18.03000000,18.39000000,38783.17000000,704594.97510000
1759262400000,18.39000000,18.59000000,18.34000000,18.44000000,32553.91000000,601531.55890000
1759276800000,18.45000000,18.50000000,18.22000000,18.22000000,26882.32000000,493659.22330000
1759291200000,18.22000000,18.44000000,18.20000000,18.26000000,16816.67000000,307980.74620000
1759305600000,18.26000000,19.13000000,18.26000000,18.97000000,160535.48000000,3034649.93000000
1759320000000,18.97000000,19.16000000,18.90000000,19.10000000,117935.36000000,2244285.73250000
1759334400000,19.10000000,19.50000000,19.06000000,19.41000000,154118.54000000,2979948.15170000
1759348800000,19.41000000,19.69000000,19.24000000,19.57000000,125814.43000000,2445625.41020000
1759363200000,19.57000000,19.84000000,19.49000000,19.68000000,189481.90000000,3726757.01030000
1759377600000,19.67000000,19.97000000,19.55000000,19.91000000,151313.84000000,2988527.78680000
1759392000000,19.92000000,20.03000000,19.78000000,19.80000000,77788.44000000,1548456.49790000
1759406400000,19.79000000,19.84000000,19.39000000,19.71000000,143095.71000000,2809906.69390000
1759420800000,19.71000000,20.14000000,19.67000000,20.03000000,109405.14000000,2178496.55660000
1759435200000,20.03000000,20.08000000,19.90000000,20.07000000,78100.50000000,1561199.92320000
1759449600000,20.08000000,20.10000000,19.73000000,19.80000000,85263.76000000,1695573.96560000
1759464000000,19.80000000,19.98000000,19.62000000,19.70000000,51983.12000000,1028276.79930000
1759478400000,19.70000000,19.72000000,19.53000000,19.58000000,120395.66000000,2361849.87800000
1759492800000,19.58000000,19.99000000,19.46000000,19.97000000,124021.62000000,2438916.81330000
1759507200000,19.97000000,20.21000000,19.66000000,20.00000000,178769.83000000,3561875.66250000
1759521600000,20.00000000,20.02000000,19.89000000,19.94000000,40148.86000000,800407.49620000
1759536000000,19.95000000,20.00000000,19.65000000,19.72000000,56136.68000000,1111544.70620000
1759550400000,19.72000000,19.77000000,19.61000000,19.64000000,36914.02000000,726719.80940000
1759564800000,19.63000000,19.64000000,19.33000000,19.38000000,58161.32000000,1132845.74020000
1759579200000,19.37000000,19.54000000,19.24000000,19.29000000,55519.95000000,1076080.34250000
1759593600000,19.29000000,19.45000000,19.28000000,19.44000000,41766.72000000,807512.64210000
1759608000000,19.44000000,19.53000000,19.41000000,19.45000000,24306.98000000,473002.61310000
1759622400000,19.44000000,19.86000000,19.36000000,19.74000000,59660.78000000,1171975.99040000
1759636800000,19.73000000,20.19000000,19.69000000,20.17000000,134523.28000000,2677446.99290000
1759651200000,20.17000000,20.33000000,19.80000000,19.88000000,125846.96000000,2522220.07400000
1759665600000,19.87000000,19.87000000,19.67000000,19.76000000,50822.35000000,1004424.19900000
1759680000000,19.75000000,19.81000000,19.34000000,19.36000000,88329.36000000,1729100.78040000
1759694400000,19.35000000,19.50000000,19.29000000,19.41000000,48011.10000000,931915.77000000
1759708800000,19.41000000,19.68000000,19.31000000,19.53000000,80125.96000000,1563285.74440000
1759723200000,19.53000000,19.79000000,19.40000000,19.60000000,66811.25000000,1310156.46360000
1759737600000,19.59000000,19.81000000,19.59000000,19.72000000,56951.20000000,1120692.82260000
1759752000000,19.72000000,20.18000000,19.72000000,20.07000000,127126.33000000,2539474.75410000
1759766400000,20.07000000,20.22000000,19.95000000,20.13000000,73020.05000000,1467306.53710000
1759780800000,20.14000000,20.21000000,19.98000000,19.98000000,37417.91000000,751255.51110000
1759795200000,19.97000000,20.09000000,19.93000000,20.05000000,63544.48000000,1271209.14790000
1759809600000,20.05000000,20.13000000,19.68000000,19.75000000,58449.50000000,1161939.39970000
1759824000000,19.75000000,19.87000000,19.53000000,19.83000000,109518.36000000,2152803.04640000
1759838400000,19.83000000,19.99000000,19.00000000,19.09000000,209123.01000000,4060276.56420000
1759852800000,19.09000000,19.30000000,18.95000000,19.08000000,87515.29000000,1671910.13930000
1759867200000,19.08000000,19.24000000,18.99000000,19.03000000,32945.97000000,630445.63200000
1759881600000,19.03000000,19.24000000,18.88000000,19.00000000,44068.77000000,840596.68310000
1759896000000,19.00000000,19.15000000,18.91000000,19.13000000,58278.06000000,1110915.47580000
1759910400000,19.13000000,19.25000000,19.08000000,19.12000000,39857.16000000,762956.44140000
1759924800000,19.12000000,19.41000000,19.08000000,19.11000000,59075.80000000,1134468.09610000
1759939200000,19.12000000,19.84000000,19.08000000,19.67000000,101253.59000000,1980685.79250000
1759953600000,19.68000000,19.77000000,19.61000000,19.63000000,57570.16000000,1133814.79370000
1759968000000,19.64000000,19.66000000,19.03000000,19.29000000,82618.84000000,1598307.73790000
1759982400000,19.29000000,19.37000000,19.05000000,19.09000000,53996.76000000,1038045.90710000
1759996800000,19.09000000,19.10000000,18.78000000,18.97000000,80776.05000000,1527951.00300000
1760011200000,18.97000000,19.18000000,18.74000000,18.84000000,89623.66000000,1697787.68160000
1760025600000,18.83000000,19.02000000,18.63000000,19.01000000,80709.87000000,1522797.38950000
1760040000000,19.01000000,19.37000000,18.97000000,19.17000000,57268.54000000,1098272.23590000
1760054400000,19.18000000,20.62000000,19.15000000,20.34000000,553741.79000000,11001622.37380000
1760068800000,20.35000000,20.50000000,19.80000000,19.93000000,320917.38000000,6441968.35210000
1760083200000,19.93000000,20.11000000,19.78000000,19.98000000,232302.66000000,4628649.38210000
1760097600000,19.98000000,20.18000000,18.86000000,18.99000000,416604.51000000,8154984.15310000
1760112000000,18.99000000,19.10000000,18.11000000,18.32000000,243331.50000000,4544039.90910000
1760126400000,18.32000000,18.40000000,7.00000000,14.38000000,4434755.39000000,59915356.46124000
1760140800000,14.38000000,15.16000000,13.83000000,14.83000000,1725052.61000000,24918686.94530000
1760155200000,14.83000000,15.06000000,14.33000000,14.98000000,1074604.83000000,15790380.98180000
1760169600000,14.99000000,15.63000000,14.95000000,15.19000000,528692.68000000,8077068.44110000
1760184000000,15.19000000,15.38000000,14.86000000,15.33000000,391792.62000000,5930643.01490000
1760198400000,15.32000000,15.46000000,14.64000000,14.81000000,241681.29000000,3659608.53830000
1760212800000,14.81000000,15.13000000,14.39000000,15.04000000,357014.06000000,5288451.67790000
1760227200000,15.05000000,15.11000000,14.69000000,15.02000000,258307.65000000,3853906.64050000
1760241600000,15.02000000,15.40000000,15.01000000,15.32000000,142099.80000000,2167104.72810000
1760256000000,15.31000000,15.50000000,15.20000000,15.39000000,221218.37000000,3397724.98630000
1760270400000,15.39000000,16.59000000,15.36000000,16.35000000,590201.17000000,9396448.80780000
1760284800000,16.34000000,16.97000000,16.34000000,16.92000000,511049.98000000,8546157.56210000
1760299200000,16.92000000,17.01000000,16.50000000,16.70000000,194014.80000000,3248853.00830000
1760313600000,16.71000000,16.96000000,16.51000000,16.75000000,247530.43000000,4146232.13210000
1760328000000,16.76000000,17.07000000,16.64000000,16.91000000,222220.21000000,3753604.97350000
1760342400000,16.91000000,17.26000000,16.58000000,16.83000000,333331.90000000,5669590.25100000
1760356800000,16.83000000,17.26000000,16.71000000,17.03000000,208741.06000000,3542186.69760000
1760371200000,17.03000000,17.70000000,16.92000000,17.62000000,272691.95000000,4741006.62360000
1760385600000,17.62000000,17.83000000,17.45000000,17.47000000,155726.40000000,2746092.88060000
1760400000000,17.48000000,17.61000000,17.24000000,17.27000000,218950.98000000,3818372.54650000
1760414400000,17.28000000,17.32000000,16.03000000,16.34000000,443694.55000000,7362103.86180000
1760428800000,16.34000000,16.54000000,16.06000000,16.31000000,211438.64000000,3444364.27890000
1760443200000,16.31000000,16.98000000,15.95000000,16.97000000,284821.15000000,4678732.09890000
1760457600000,16.97000000,17.13000000,16.53000000,16.76000000,208397.42000000,3509454.64500000
1760472000000,16.76000000,17.02000000,16.68000000,16.88000000,68090.90000000,1148813.41210000
1760486400000,16.89000000,16.98000000,16.65000000,16.74000000,78791.23000000,1325573.80820000
1760500800000,16.74000000,16.96000000,16.70000000,16.93000000,69968.43000000,1177731.48550000
1760515200000,16.92000000,17.21000000,16.61000000,16.71000000,119489.65000000,2020085.49090000
1760529600000,16.71000000,16.76000000,16.25000000,16.35000000,116008.03000000,1919909.15260000
1760544000000,16.35000000,16.54000000,16.21000000,16.32000000,55490.02000000,909350.63470000
1760558400000,16.33000000,16.42000000,16.11000000,16.29000000,61926.29000000,1006944.02040000
1760572800000,16.28000000,16.46000000,16.19000000,16.25000000,43989.53000000,717674.76980000
1760587200000,16.25000000,16.51000000,16.21000000,16.41000000,51429.20000000,841531.62240000
1760601600000,16.40000000,16.59000000,15.87000000,16.54000000,158204.98000000,2577743.32090000
1760616000000,16.54000000,16.64000000,15.87000000,15.95000000,175183.44000000,2856199.00250000
1760630400000,15.94000000,16.34000000,15.69000000,15.86000000,142408.44000000,2276026.69470000
1760644800000,15.86000000,15.93000000,15.64000000,15.82000000,74230.10000000,1171190.59160000
1760659200000,15.82000000,16.00000000,15.65000000,15.89000000,127533.47000000,2011036.92950000
1760673600000,15.90000000,15.90000000,14.89000000,14.94000000,271599.87000000,4145415.05530000
1760688000000,14.94000000,15.46000000,14.66000000,15.33000000,226304.06000000,3384807.08070000
1760702400000,15.32000000,15.46000000,15.04000000,15.41000000,104523.41000000,1594713.95070000
1760716800000,15.40000000,15.58000000,15.28000000,15.37000000,81140.51000000,1251521.38500000
1760731200000,15.37000000,15.59000000,15.34000000,15.36000000,24479.13000000,378090.08300000
1760745600000,15.36000000,15.62000000,15.32000000,15.54000000,67075.08000000,1039218.90760000
1760760000000,15.54000000,15.70000000,15.38000000,15.49000000,56237.37000000,872357.32660000
1760774400000,15.49000000,15.66000000,15.45000000,15.57000000,62245.47000000,968968.11570000
1760788800000,15.57000000,15.60000000,15.29000000,15.39000000,135049.19000000,2078805.29820000
1760803200000,15.39000000,15.49000000,15.27000000,15.42000000,55329.41000000,851476.04870000
1760817600000,15.42000000,15.50000000,15.38000000,15.48000000,19463.90000000,300537.86300000
1760832000000,15.47000000,15.49000000,15.31000000,15.47000000,40180.85000000,617869.59930000
1760846400000,15.48000000,15.48000000,15.24000000,15.33000000,81514.74000000,1253028.93680000
1760860800000,15.33000000,15.74000000,15.16000000,15.57000000,108915.05000000,1681212.84740000
1760875200000,15.57000000,15.88000000,15.49000000,15.78000000,124406.41000000,1954073.55890000
1760889600000,15.77000000,15.95000000,15.71000000,15.87000000,53149.37000000,841655.39090000
1760904000000,15.87000000,15.96000000,15.73000000,15.75000000,52955.98000000,839756.94430000
1760918400000,15.76000000,16.07000000,15.44000000,16.02000000,124259.50000000,1945643.52040000
1760932800000,16.03000000,16.22000000,15.96000000,16.13000000,53672.61000000,862598.48310000
1760947200000,16.12000000,16.16000000,15.96000000,16.10000000,76467.05000000,1227152.20000000
1760961600000,16.09000000,16.24000000,15.96000000,15.97000000,104785.67000000,1690180.24530000
1760976000000,15.97000000,16.14000000,15.69000000,16.09000000,67959.94000000,1081468.60670000
1760990400000,16.08000000,16.20000000,15.99000000,16.00000000,38351.67000000,616769.46190000
1761004800000,15.99000000,16.03000000,15.71000000,15.75000000,53393.79000000,848577.49470000
1761019200000,15.74000000,15.76000000,15.48000000,15.66000000,56266.91000000,878024.77750000
1761033600000,15.65000000,15.92000000,15.50000000,15.87000000,100142.61000000,1581109.94720000
1761048000000,15.87000000,16.61000000,15.77000000,16.47000000,220782.44000000,3565460.05070000
1761062400000,16.48000000,16.63000000,16.18000000,16.25000000,141468.77000000,2326315.86560000
1761076800000,16.26000000,16.27000000,15.65000000,15.69000000,99641.06000000,1592439.53880000
1761091200000,15.69000000,15.79000000,15.59000000,15.67000000,58970.28000000,926658.25370000
1761105600000,15.67000000,15.74000000,15.46000000,15.61000000,85470.12000000,1331352.78940000
1761120000000,15.60000000,15.60000000,15.25000000,15.44000000,95327.42000000,1471130.90640000
1761134400000,15.44000000,15.74000000,15.41000000,15.57000000,204156.04000000,3170241.54500000
1761148800000,15.56000000,15.61000000,15.37000000,15.50000000,68526.90000000,1060815.12790000
1761163200000,15.49000000,15.52000000,15.00000000,15.43000000,113805.88000000,1733601.79980000
1761177600000,15.43000000,15.53000000,15.39000000,15.48000000,41846.30000000,646896.55770000
1761192000000,15.47000000,15.71000000,15.42000000,15.67000000,56391.56000000,877865.28890000
1761206400000,15.67000000,15.81000000,15.61000000,15.63000000,100690.63000000,1583077.88690000
1761220800000,15.62000000,15.79000000,15.52000000,15.70000000,76258.65000000,1192162.92260000
1761235200000,15.70000000,15.94000000,15.69000000,15.80000000,63614.48000000,1006934.39780000
1761249600000,15.80000000,15.81000000,15.61000000,15.67000000,41616.86000000,653417.70370000
1761264000000,15.68000000,15.74000000,15.61000000,15.65000000,22030.57000000,345179.08750000
1761278400000,15.66000000,15.93000000,15.62000000,15.81000000,43582.39000000,690731.52450000
1761292800000,15.81000000,15.91000000,15.74000000,15.86000000,29998.53000000,474586.67260000
1761307200000,15.87000000,16.15000000,15.69000000,15.73000000,107214.57000000,1704929.17270000
1761321600000,15.73000000,15.92000000,15.65000000,15.88000000,28500.57000000,449455.63280000
1761336000000,15.89000000,16.05000000,15.88000000,16.00000000,27553.06000000,440328.37290000
1761350400000,16.00000000,16.05000000,15.87000000,15.88000000,29278.76000000,467234.81070000
1761364800000,15.87000000,15.95000000,15.83000000,15.88000000,19076.96000000,302946.99360000
1761379200000,15.87000000,15.95000000,15.82000000,15.90000000,20836.75000000,330935.81400000
1761393600000,15.90000000,15.98000000,15.89000000,15.91000000,19910.01000000,317274.15590000
1761408000000,15.91000000,16.05000000,15.87000000,16.04000000,30185.05000000,481003.80650000
1761422400000,16.05000000,16.07000000,15.96000000,15.98000000,21509.68000000,344339.13100000
1761436800000,15.98000000,16.00000000,15.82000000,15.84000000,100179.32000000,1595261.81530000
1761451200000,15.84000000,16.00000000,15.84000000,15.99000000,15507.05000000,247067.35740000
1761465600000,16.00000000,16.34000000,16.00000000,16.32000000,69365.19000000,1119725.96170000
1761480000000,16.33000000,16.71000000,16.31000000,16.47000000,208447.79000000,3449930.57010000
1761494400000,16.46000000,16.49000000,16.40000000,16.44000000,30538.55000000,502097.77630000
1761508800000,16.43000000,16.79000000,16.34000000,16.64000000,94096.00000000,1563708.20770000
1761523200000,16.65000000,16.87000000,16.61000000,16.76000000,79495.14000000,1333419.16840000
1761537600000,16.76000000,16.92000000,16.66000000,16.76000000,73788.89000000,1237676.64830000
1761552000000,16.76000000,16.83000000,16.36000000,16.53000000,84415.10000000,1400871.31450000
1761566400000,16.54000000,16.61000000,16.32000000,16.58000000,58014.04000000,955998.07790000
1761580800000,16.59000000,16.85000000,16.58000000,16.69000000,40333.40000000,675206.12010000
1761595200000,16.69000000,16.69000000,16.41000000,16.52000000,37319.72000000,617604.22770000
1761609600000,16.52000000,16.58000000,16.24000000,16.35000000,75472.64000000,1236895.18850000
1761624000000,16.34000000,16.66000000,16.22000000,16.45000000,84118.72000000,1382208.62660000
1761638400000,16.45000000,16.57000000,16.38000000,16.39000000,25561.37000000,420445.29640000
1761652800000,16.40000000,16.62000000,16.12000000,16.33000000,90192.48000000,1477013.67180000
1761667200000,16.33000000,16.44000000,16.03000000,16.10000000,54202.86000000,880478.85950000
1761681600000,16.09000000,16.10000000,15.65000000,15.90000000,113164.25000000,1795467.32910000
1761696000000,15.89000000,16.00000000,15.84000000,15.90000000,37236.33000000,592294.69290000
1761710400000,15.90000000,16.08000000,15.89000000,16.04000000,78376.02000000,1252987.80500000
1761724800000,16.03000000,16.18000000,15.93000000,16.16000000,36680.54000000,588448.74500000
1761739200000,16.16000000,16.31000000,16.00000000,16.10000000,54994.49000000,890720.62360000
1761753600000,16.09000000,16.60000000,15.80000000,16.30000000,261580.31000000,4243138.85350000
1761768000000,16.30000000,16.47000000,15.91000000,15.97000000,74408.95000000,1207496.03470000
1761782400000,15.96000000,16.15000000,15.88000000,16.02000000,34214.57000000,548814.06520000
1761796800000,16.01000000,16.06000000,15.49000000,15.99000000,147209.89000000,2319594.70560000
1761811200000,15.99000000,15.99000000,15.70000000,15.72000000,48858.72000000,772880.54440000
1761825600000,15.72000000,15.73000000,15.19000000,15.29000000,271468.67000000,4168366.06000000
1761840000000,15.30000000,15.35000000,14.84000000,14.89000000,133916.86000000,2020559.20130000
1761854400000,14.89000000,15.42000000,14.84000000,15.42000000,254063.58000000,3835114.89770000
1761868800000,15.42000000,15.60000000,15.30000000,15.55000000,142491.28000000,2204278.53390000
1761883200000,15.56000000,15.68000000,15.54000000,15.68000000,61559.89000000,961092.74530000
1761897600000,15.67000000,15.75000000,15.58000000,15.75000000,42979.99000000,672813.55220000
1761912000000,15.74000000,16.19000000,15.68000000,16.06000000,111653.93000000,1780660.07470000
1761926400000,16.06000000,16.09000000,15.56000000,15.99000000,102991.91000000,1630698.84490000
1761940800000,15.98000000,16.00000000,15.81000000,15.86000000,29412.54000000,467383.54320000
1761955200000,15.86000000,16.05000000,15.82000000,16.00000000,47104.75000000,751365.26160000
1761969600000,16.00000000,16.25000000,15.93000000,16.21000000,89469.26000000,1438013.87900000
1761984000000,16.21000000,16.33000000,16.16000000,16.25000000,80243.66000000,1303432.18620000
1761998400000,16.26000000,16.37000000,16.15000000,16.34000000,90615.95000000,1475132.32380000
1762012800000,16.35000000,16.50000000,16.23000000,16.30000000,55441.81000000,907718.22130000
1762027200000,16.30000000,16.37000000,16.21000000,16.34000000,24850.40000000,404999.73990000
1762041600000,16.34000000,16.34000000,16.17000000,16.19000000,47841.40000000,777227.13460000
1762056000000,16.19000000,16.57000000,16.17000000,16.51000000,78832.35000000,1295768.99010000
1762070400000,16.51000000,16.69000000,16.26000000,16.40000000,97756.25000000,1609412.01870000
1762084800000,16.40000000,16.42000000,15.96000000,16.00000000,92992.26000000,1501786.54190000
1762099200000,15.99000000,16.11000000,15.88000000,16.01000000,51406.71000000,822738.62320000
1762113600000,16.01000000,16.40000000,15.97000000,16.37000000,41386.36000000,670549.26640000
1762128000000,16.37000000,16.37000000,15.52000000,15.56000000,105811.79000000,1683309.21660000
1762142400000,15.55000000,15.66000000,15.21000000,15.40000000,164133.93000000,2535894.50420000
1762156800000,15.39000000,15.50000000,15.12000000,15.34000000,119958.12000000,1836894.40230000
1762171200000,15.34000000,15.50000000,14.28000000,14.74000000,311485.01000000,4646275.07900000
1762185600000,14.75000000,15.28000000,14.63000000,14.85000000,180671.15000000,2711494.12350000
1762200000000,14.86000000,15.03000000,14.61000000,15.01000000,137542.96000000,2036043.82650000
1762214400000,15.02000000,15.24000000,14.90000000,15.22000000,141359.56000000,2132937.35800000
1762228800000,15.23000000,15.35000000,14.53000000,14.60000000,318445.61000000,4763799.68580000
1762243200000,14.60000000,15.03000000,14.50000000,14.97000000,153406.71000000,2271084.81640000
1762257600000,14.97000000,15.24000000,14.57000000,14.86000000,198199.60000000,2961060.47610000
1762272000000,14.87000000,14.98000000,13.92000000,13.95000000,389407.80000000,5570681.67290000
1762286400000,13.95000000,14.54000000,13.53000000,14.27000000,335103.43000000,4683781.46190000
1762300800000,14.27000000,14.64000000,13.58000000,14.57000000,273834.97000000,3864327.53490000
1762315200000,14.57000000,14.63000000,14.32000000,14.37000000,83853.54000000,1214496.59320000
1762329600000,14.36000000,14.43000000,14.13000000,14.40000000,68289.84000000,975270.59870000
1762344000000,14.39000000,14.60000000,14.33000000,14.59000000,95385.81000000,1380988.61610000
1762358400000,14.58000000,14.75000000,14.46000000,14.62000000,108602.65000000,1587878.00770000
1762372800000,14.62000000,14.73000000,14.52000000,14.63000000,72898.03000000,1066650.33880000
1762387200000,14.63000000,14.69000000,14.40000000,14.60000000,71488.39000000,1041297.97990000
1762401600000,14.60000000,14.67000000,14.29000000,14.35000000,163616.25000000,2359032.42320000
1762416000000,14.35000000,14.43000000,14.27000000,14.31000000,57972.58000000,831281.54800000
1762430400000,14.32000000,14.49000000,14.07000000,14.14000000,128342.95000000,1831638.68010000
1762444800000,14.15000000,14.65000000,13.95000000,14.63000000,139537.34000000,1995758.44530000
1762459200000,14.63000000,14.71000000,14.39000000,14.56000000,121304.32000000,1762456.99140000
1762473600000,14.57000000,15.69000000,14.55000000,15.16000000,899229.83000000,13671833.48800000
1762488000000,15.16000000,16.06000000,14.94000000,15.96000000,434381.57000000,6712670.28550000
1762502400000,15.96000000,16.52000000,15.44000000,16.19000000,903313.25000000,14480082.56510000
1762516800000,16.20000000,17.39000000,15.80000000,17.31000000,1192019.64000000,19768098.80000000
1762531200000,17.32000000,18.87000000,17.30000000,17.75000000,1666329.04000000,30164498.84650000
1762545600000,17.74000000,18.06000000,17.53000000,17.91000000,401271.21000000,7153992.32320000
1762560000000,17.92000000,18.47000000,17.07000000,17.15000000,1005834.19000000,17869689.79390000
1762574400000,17.15000000,17.37000000,16.64000000,16.87000000,473852.19000000,8017685.57070000
1762588800000,16.86000000,17.00000000,16.64000000,16.76000000,319706.43000000,5358998.43680000
1762603200000,16.75000000,16.87000000,16.23000000,16.29000000,362451.85000000,5975225.99330000
1762617600000,16.28000000,16.31000000,16.07000000,16.16000000,147772.10000000,2393232.43010000
1762632000000,16.15000000,16.47000000,16.11000000,16.38000000,126799.73000000,2067500.61890000
1762646400000,16.39000000,16.48000000,15.78000000,15.91000000,402567.95000000,6465920.53170000
1762660800000,15.92000000,16.12000000,15.84000000,16.09000000,184842.53000000,2952200.06160000
1762675200000,16.09000000,16.17000000,15.86000000,16.10000000,166262.24000000,2668095.15360000
1762689600000,16.10000000,16.36000000,15.94000000,16.15000000,381088.79000000,6154945.18970000
1762704000000,16.15000000,16.19000000,15.81000000,16.18000000,309744.61000000,4954551.74320000
1762718400000,16.18000000,16.32000000,16.07000000,16.16000000,202230.06000000,3275476.34710000
1762732800000,16.16000000,16.37000000,16.02000000,16.30000000,304539.54000000,4943004.06460000
1762747200000,16.29000000,16.39000000,16.15000000,16.28000000,255005.29000000,4154245.42660000
1762761600000,16.28000000,16.38000000,16.09000000,16.28000000,228057.15000000,3702476.89690000
1762776000000,16.28000000,16.75000000,15.94000000,16.22000000,653125.05000000,10676502.27500000
1762790400000,16.21000000,16.41000000,16.05000000,16.29000000,85588.48000000,1387862.96850000
1762804800000,16.29000000,16.61000000,16.19000000,16.49000000,191993.52000000,3139170.19190000
1762819200000,16.49000000,16.78000000,16.29000000,16.46000000,181103.81000000,2992926.06310000
1762833600000,16.46000000,16.48000000,15.81000000,15.86000000,192647.41000000,3100622.50670000
1762848000000,15.86000000,16.11000000,15.86000000,16.04000000,99754.27000000,1594054.71900000
1762862400000,16.04000000,16.11000000,15.71000000,15.94000000,148027.46000000,2353543.37410000
1762876800000,15.94000000,16.07000000,15.73000000,15.79000000,68014.97000000,1083288.10710000
1762891200000,15.79000000,15.83000000,15.57000000,15.62000000,99802.32000000,1565869.68070000
1762905600000,15.62000000,15.90000000,15.55000000,15.80000000,100410.37000000,1582051.32910000
1762920000000,15.79000000,15.86000000,15.65000000,15.68000000,49855.74000000,786357.49570000
1762934400000,15.68000000,16.08000000,15.68000000,16.02000000,79465.78000000,1266628.03770000
1762948800000,16.02000000,16.08000000,15.42000000,15.48000000,203645.42000000,3215997.84970000
1762963200000,15.49000000,15.50000000,15.08000000,15.21000000,190317.06000000,2901609.95060000
1762977600000,15.20000000,15.41000000,15.18000000,15.29000000,46230.96000000,708329.93610000
1762992000000,15.30000000,15.69000000,15.27000000,15.58000000,72298.81000000,1118455.36930000
1763006400000,15.59000000,15.80000000,15.51000000,15.68000000,84265.01000000,1322260.03180000
1763020800000,15.68000000,15.82000000,15.62000000,15.70000000,56627.69000000,889665.76660000
1763035200000,15.70000000,15.74000000,15.31000000,15.39000000,149027.21000000,2316862.43380000
1763049600000,15.38000000,15.43000000,14.74000000,14.80000000,184102.28000000,2765627.75560000
1763064000000,14.80000000,15.16000000,14.69000000,15.07000000,125981.90000000,1878446.14350000
1763078400000,15.06000000,15.16000000,14.93000000,15.02000000,116438.59000000,1751880.25410000
1763092800000,15.01000000,15.16000000,14.51000000,15.08000000,210274.52000000,3129662.98180000
1763107200000,15.08000000,15.09000000,14.72000000,14.77000000,105000.53000000,1560397.61650000
1763121600000,14.78000000,15.03000000,14.28000000,14.89000000,380834.52000000,5606663.41020000
1763136000000,14.89000000,15.10000000,14.81000000,15.01000000,83443.05000000,1247807.28910000
1763150400000,15.02000000,15.02000000,14.50000000,14.73000000,101498.24000000,1498797.28690000
1763164800000,14.72000000,15.29000000,14.72000000,15.26000000,89917.88000000,1349596.88720000
1763179200000,15.27000000,15.64000000,15.11000000,15.51000000,324294.99000000,4998525.45740000
1763193600000,15.52000000,15.53000000,15.20000000,15.32000000,182246.09000000,2794202.77480000
1763208000000,15.31000000,15.81000000,15.27000000,15.27000000,203469.32000000,3144159.96570000
1763222400000,15.27000000,15.51000000,15.17000000,15.50000000,163314.74000000,2508378.55320000
1763236800000,15.51000000,15.53000000,15.28000000,15.30000000,66263.34000000,1021197.54590000
1763251200000,15.30000000,15.36000000,15.01000000,15.29000000,98950.40000000,1503961.66620000
1763265600000,15.29000000,15.35000000,15.16000000,15.32000000,69852.98000000,1065881.85680000
1763280000000,15.33000000,15.35000000,15.04000000,15.07000000,127574.39000000,1944448.32600000
1763294400000,15.07000000,15.19000000,14.71000000,14.75000000,138418.16000000,2073649.22660000
1763308800000,14.75000000,14.83000000,14.27000000,14.63000000,292039.27000000,4244197.67250000
1763323200000,14.63000000,14.87000000,14.52000000,14.79000000,97828.67000000,1433001.82980000
1763337600000,14.79000000,14.99000000,14.69000000,14.92000000,85946.30000000,1279320.73300000
1763352000000,14.92000000,15.14000000,14.89000000,15.02000000,95397.21000000,1430977.79690000
1763366400000,15.02000000,15.14000000,14.94000000,15.04000000,124061.81000000,1865554.31490000
1763380800000,15.05000000,15.12000000,14.64000000,14.71000000,230101.98000000,3421067.11680000
1763395200000,14.72000000,14.84000000,14.16000000,14.21000000,180823.26000000,2619489.05670000
1763409600000,14.20000000,14.35000000,14.07000000,14.28000000,174585.12000000,2479817.59270000
1763424000000,14.28000000,14.56000000,14.05000000,14.45000000,206141.80000000,2952648.07350000
1763438400000,14.45000000,14.56000000,14.26000000,14.42000000,148581.57000000,2139915.08750000
1763452800000,14.42000000,14.59000000,14.40000000,14.49000000,64580.31000000,936666.53390000
1763467200000,14.49000000,14.71000000,14.35000000,14.67000000,127794.35000000,1855387.13680000
1763481600000,14.67000000,14.88000000,14.65000000,14.69000000,59540.45000000,878244.38470000
1763496000000,14.70000000,14.73000000,14.54000000,14.65000000,31534.65000000,461848.43760000
1763510400000,14.65000000,14.66000000,14.38000000,14.40000000,51675.09000000,752247.98910000
1763524800000,14.40000000,14.51000000,14.12000000,14.48000000,68950.31000000,987133.09160000
1763539200000,14.49000000,14.49000000,14.31000000,14.37000000,48138.98000000,693309.75020000
1763553600000,14.37000000,14.53000000,14.16000000,14.17000000,76253.52000000,1093012.91920000
1763568000000,14.17000000,14.25000000,13.60000000,13.80000000,260710.22000000,3623525.65980000
1763582400000,13.81000000,14.28000000,13.76000000,14.21000000,75670.23000000,1067460.61900000
1763596800000,14.21000000,14.36000000,14.08000000,14.27000000,85292.81000000,1213610.97150000
1763611200000,14.27000000,14.38000000,14.22000000,14.38000000,54551.55000000,779562.28600000
1763625600000,14.37000000,14.38000000,14.22000000,14.32000000,60612.44000000,865679.85910000
1763640000000,14.31000000,14.49000000,14.10000000,14.12000000,158175.70000000,2262454.15770000
1763654400000,14.11000000,14.13000000,13.34000000,13.61000000,288446.73000000,3938692.69010000
1763668800000,13.60000000,13.86000000,13.46000000,13.49000000,127646.37000000,1742623.39040000
1763683200000,13.49000000,13.69000000,13.39000000,13.56000000,96490.86000000,1307443.82850000
1763697600000,13.56000000,13.62000000,12.50000000,13.07000000,280051.74000000,3684376.80160000
1763712000000,13.06000000,13.28000000,12.87000000,13.05000000,141623.44000000,1851100.05700000
1763726400000,13.05000000,13.53000000,12.75000000,13.23000000,291079.32000000,3839111.88850000
1763740800000,13.23000000,13.66000000,13.11000000,13.60000000,164876.01000000,2214249.46480000
1763755200000,13.59000000,13.66000000,13.24000000,13.54000000,118651.68000000,1599525.16100000
1763769600000,13.53000000,13.81000000,13.46000000,13.66000000,114875.84000000,1565321.35110000
1763784000000,13.65000000,13.67000000,13.27000000,13.47000000,134167.44000000,1805413.11290000
1763798400000,13.47000000,13.69000000,13.20000000,13.62000000,168611.25000000,2257525.91250000
1763812800000,13.63000000,13.63000000,13.28000000,13.42000000,110890.72000000,1487265.71790000
1763827200000,13.42000000,13.54000000,13.40000000,13.46000000,62007.28000000,835421.09960000
1763841600000,13.45000000,13.63000000,13.38000000,13.51000000,52616.25000000,709697.41230000
1763856000000,13.51000000,13.68000000,13.46000000,13.63000000,51824.16000000,704007.27150000
1763870400000,13.63000000,13.76000000,13.60000000,13.71000000,82396.70000000,1126922.78900000
1763884800000,13.71000000,13.79000000,13.62000000,13.66000000,85664.62000000,1173716.02520000
1763899200000,13.66000000,13.78000000,13.64000000,13.76000000,86704.44000000,1187544.55660000
1763913600000,13.76000000,13.80000000,13.57000000,13.69000000,41299.03000000,564909.67760000
1763928000000,13.70000000,13.77000000,13.54000000,13.56000000,40789.57000000,557163.91650000
1763942400000,13.56000000,13.90000000,13.47000000,13.82000000,86634.34000000,1184815.60130000
1763956800000,13.82000000,13.99000000,13.65000000,13.70000000,85815.95000000,1182418.53320000
1763971200000,13.69000000,13.75000000,13.52000000,13.65000000,60189.57000000,819786.30160000
1763985600000,13.65000000,13.79000000,13.44000000,13.73000000,99897.54000000,1356278.47310000
1764000000000,13.73000000,14.35000000,13.73000000,14.19000000,157756.93000000,2231206.06860000
1764014400000,14.20000000,14.32000000,14.10000000,14.18000000,45575.74000000,647949.99640000
1764028800000,14.17000000,14.23000000,14.01000000,14.08000000,56769.58000000,802690.82200000
1764043200000,14.07000000,14.14000000,13.88000000,13.90000000,74570.84000000,1043199.03650000
1764057600000,13.91000000,13.98000000,13.82000000,13.88000000,60038.31000000,834277.35830000
1764072000000,13.87000000,13.99000000,13.69000000,13.87000000,77939.92000000,1080087.55650000
1764086400000,13.87000000,14.11000000,13.85000000,14.02000000,38963.94000000,545638.16590000
1764100800000,14.02000000,14.25000000,13.96000000,14.17000000,79208.28000000,1116140.51260000
1764115200000,14.17000000,14.18000000,13.99000000,14.03000000,41051.46000000,578652.29120000
1764129600000,14.03000000,14.09000000,13.94000000,14.06000000,38810.98000000,543997.15960000
1764144000000,14.06000000,14.07000000,13.84000000,13.86000000,48091.04000000,670127.88010000
1764158400000,13.85000000,13.95000000,13.76000000,13.85000000,60532.26000000,837445.51990000
1764172800000,13.86000000,14.14000000,13.64000000,14.07000000,511326.04000000,7081370.01390000
1764187200000,14.07000000,14.19000000,14.01000000,14.13000000,68552.63000000,966740.59450000
1764201600000,14.12000000,14.19000000,14.02000000,14.02000000,64988.87000000,917542.36970000
1764216000000,14.02000000,14.08000000,13.94000000,14.01000000,72231.02000000,1013098.72690000
1764230400000,14.00000000,14.07000000,13.90000000,13.92000000,39859.04000000,557133.20670000
1764244800000,13.91000000,14.00000000,13.83000000,13.99000000,54148.45000000,752030.02320000
1764259200000,14.00000000,14.05000000,13.92000000,13.97000000,47092.39000000,658269.13250000
1764273600000,13.97000000,14.02000000,13.83000000,13.88000000,40761.42000000,567686.64730000
1764288000000,13.87000000,13.90000000,13.67000000,13.75000000,50280.39000000,692363.58860000
1764302400000,13.75000000,13.83000000,13.69000000,13.79000000,38098.38000000,523752.72640000
1764316800000,13.79000000,14.10000000,13.79000000,13.91000000,69309.03000000,968056.48400000
1764331200000,13.91000000,14.04000000,13.82000000,13.97000000,63588.65000000,887635.07500000
1764345600000,13.96000000,13.96000000,13.60000000,13.78000000,70706.13000000,969663.88610000
1764360000000,13.77000000,13.82000000,13.70000000,13.81000000,28528.24000000,392465.30770000
1764374400000,13.80000000,13.90000000,13.76000000,13.81000000,24682.34000000,341384.45030000
1764388800000,13.80000000,13.87000000,13.68000000,13.69000000,34287.98000000,472312.29600000
1764403200000,13.68000000,13.74000000,13.63000000,13.72000000,28483.92000000,389488.26510000
1764417600000,13.72000000,13.76000000,13.63000000,13.75000000,29802.42000000,407930.39820000
1764432000000,13.75000000,13.78000000,13.55000000,13.63000000,37274.88000000,508851.00810000
1764446400000,13.62000000,13.75000000,13.58000000,13.72000000,34576.27000000,473376.05590000
1764460800000,13.72000000,13.78000000,13.62000000,13.74000000,34540.05000000,473916.15790000
1764475200000,13.74000000,13.84000000,13.67000000,13.82000000,25709.64000000,353895.05960000
1764489600000,13.82000000,13.90000000,13.75000000,13.79000000,34615.08000000,478755.48000000
1764504000000,13.80000000,14.01000000,13.73000000,13.92000000,56906.60000000,791537.04270000
1764518400000,13.92000000,14.04000000,13.90000000,13.94000000,24249.45000000,338431.16780000
1764532800000,13.94000000,13.99000000,13.70000000,13.73000000,26011.06000000,360607.39520000
1764547200000,13.73000000,13.74000000,12.89000000,12.94000000,361710.98000000,4766987.93000000
1764561600000,12.93000000,13.00000000,12.81000000,12.92000000,109384.71000000,1409024.72260000
1764576000000,12.92000000,12.95000000,12.84000000,12.90000000,78135.67000000,1007340.00780000
1764590400000,12.90000000,13.08000000,12.65000000,12.83000000,148527.28000000,1911654.31800000
1764604800000,12.83000000,12.92000000,12.71000000,12.78000000,76079.71000000,973494.20460000
1764619200000,12.77000000,13.04000000,12.77000000,12.97000000,49242.72000000,635852.18260000
1764633600000,12.97000000,13.11000000,12.88000000,12.99000000,50475.31000000,655354.89090000
1764648000000,12.99000000,13.02000000,12.88000000,12.97000000,30620.81000000,396853.14050000
1764662400000,12.97000000,13.06000000,12.84000000,13.03000000,48558.38000000,627668.90260000
1764676800000,13.03000000,13.87000000,13.01000000,13.83000000,136129.31000000,1827923.11800000
1764691200000,13.82000000,13.93000000,13.60000000,13.62000000,90257.64000000,1245835.85220000
1764705600000,13.61000000,13.65000000,13.52000000,13.59000000,41006.43000000,557226.71090000
1764720000000,13.59000000,13.72000000,13.54000000,13.66000000,52249.70000000,713033.70120000
1764734400000,13.65000000,13.93000000,13.63000000,13.82000000,64044.98000000,885335.61050000
1764748800000,13.82000000,13.92000000,13.81000000,13.91000000,34320.32000000,475634.74080000
1764763200000,13.91000000,14.02000000,13.67000000,13.95000000,101465.38000000,1408383.01850000
1764777600000,13.96000000,14.17000000,13.90000000,14.05000000,54538.36000000,766333.83180000
1764792000000,14.06000000,14.35000000,14.03000000,14.19000000,81133.09000000,1152136.12120000
1764806400000,14.18000000,14.31000000,14.11000000,14.17000000,63598.13000000,902895.57440000
1764820800000,14.17000000,14.17000000,14.00000000,14.09000000,54649.36000000,768692.01460000
1764835200000,14.09000000,14.09000000,13.98000000,13.98000000,39834.25000000,559043.07630000
1764849600000,13.99000000,14.01000000,13.81000000,13.91000000,73283.82000000,1020132.30650000
1764864000000,13.92000000,13.95000000,13.57000000,13.77000000,55252.39000000,761020.35760000
1764878400000,13.76000000,13.85000000,13.72000000,13.74000000,43033.36000000,593319.05450000
1764892800000,13.73000000,13.89000000,13.71000000,13.79000000,30217.33000000,416891.24460000
1764907200000,13.79000000,13.85000000,13.68000000,13.84000000,53790.59000000,739980.12980000
1764921600000,13.83000000,13.84000000,13.44000000,13.52000000,60181.56000000,818086.00660000
1764936000000,13.52000000,13.62000000,13.34000000,13.42000000,84629.72000000,1139669.51660000
1764950400000,13.42000000,13.43000000,12.94000000,13.11000000,134953.96000000,1768723.07380000
1764964800000,13.11000000,13.16000000,13.01000000,13.14000000,58804.10000000,768751.67970000
1764979200000,13.14000000,13.26000000,13.08000000,13.23000000,32583.58000000,429406.41890000
1764993600000,13.24000000,13.24000000,13.14000000,13.19000000,17691.60000000,233335.20610000
1765008000000,13.19000000,13.26000000,13.11000000,13.25000000,19130.36000000,252250.20530000
1765022400000,13.25000000,13.38000000,13.23000000,13.26000000,38926.89000000,517469.10020000
1765036800000,13.25000000,13.47000000,13.25000000,13.33000000,26095.26000000,348651.93470000
1765051200000,13.34000000,13.42000000,13.27000000,13.32000000,23905.04000000,318868.43650000
1765065600000,13.32000000,13.39000000,13.30000000,13.36000000,13495.65000000,180071.81040000
1765080000000,13.36000000,13.36000000,13.24000000,13.26000000,21145.22000000,281287.75180000
1765094400000,13.25000000,13.28000000,13.12000000,13.12000000,22287.15000000,293532.96210000
1765108800000,13.13000000,13.18000000,12.80000000,13.09000000,121642.06000000,1576694.29720000
1765123200000,13.09000000,13.47000000,12.99000000,13.39000000,74010.38000000,980070.52310000
1765137600000,13.40000000,13.43000000,12.92000000,13.12000000,53649.62000000,704669.15530000
1765152000000,13.12000000,13.36000000,13.06000000,13.29000000,33408.79000000,441494.83840000
1765166400000,13.30000000,13.49000000,13.29000000,13.45000000,33666.82000000,451797.57190000
1765180800000,13.44000000,13.60000000,13.42000000,13.45000000,49467.54000000,668642.43580000
1765195200000,13.45000000,13.56000000,13.31000000,13.40000000,67186.94000000,902790.88690000
1765209600000,13.39000000,13.54000000,13.31000000,13.39000000,35002.18000000,469960.29350000
1765224000000,13.40000000,13.54000000,13.40000000,13.44000000,31079.44000000,418346.01350000
1765238400000,13.44000000,13.54000000,13.26000000,13.39000000,47542.89000000,638031.06890000
1765252800000,13.40000000,13.41000000,13.23000000,13.39000000,24275.11000000,323184.83320000
1765267200000,13.39000000,13.39000000,13.26000000,13.35000000,19975.18000000,265945.68750000
1765281600000,13.34000000,13.89000000,13.33000000,13.87000000,99420.24000000,1347412.60050000
1765296000000,13.88000000,14.24000000,13.88000000,14.03000000,161579.69000000,2277507.69860000
1765310400000,14.02000000,14.07000000,13.76000000,13.87000000,39663.67000000,551699.60190000
1765324800000,13.87000000,13.91000000,13.69000000,13.71000000,34864.93000000,479757.44030000
1765339200000,13.71000000,13.78000000,13.62000000,13.68000000,40390.81000000,554057.55330000
1765353600000,13.69000000,13.76000000,13.55000000,13.59000000,41367.19000000,564171.91780000
1765368000000,13.59000000,13.70000000,13.56000000,13.66000000,44584.26000000,607430.23940000
1765382400000,13.65000000,14.04000000,13.63000000,13.98000000,153130.71000000,2123718.20360000
1765396800000,13.98000000,14.29000000,13.64000000,13.68000000,183765.18000000,2572145.17380000
1765411200000,13.67000000,13.69000000,13.00000000,13.08000000,90375.49000000,1201713.81870000
1765425600000,13.08000000,13.20000000,13.03000000,13.08000000,70251.81000000,921161.06650000
1765440000000,13.07000000,13.10000000,12.99000000,13.07000000,62859.61000000,819558.37050000
1765454400000,13.06000000,13.19000000,12.95000000,13.07000000,66168.93000000,864683.81010000
1765468800000,13.07000000,13.23000000,12.95000000,13.11000000,63586.59000000,832812.56890000
1765483200000,13.12000000,13.39000000,13.12000000,13.25000000,78512.93000000,1041316.11700000
1765497600000,13.25000000,13.28000000,13.08000000,13.18000000,51833.83000000,683406.63570000
1765512000000,13.18000000,13.34000000,13.14000000,13.26000000,27219.33000000,360523.86460000
1765526400000,13.25000000,13.28000000,13.13000000,13.18000000,58231.59000000,767766.41340000
1765540800000,13.18000000,13.26000000,12.70000000,12.77000000,131449.12000000,1705924.91640000
1765555200000,12.76000000,13.00000000,12.66000000,12.89000000,126031.35000000,1613391.68950000
1765569600000,12.88000000,12.98000000,12.85000000,12.93000000,28107.50000000,363164.55850000
1765584000000,12.94000000,13.09000000,12.93000000,13.07000000,24104.05000000,313346.46600000
1765598400000,13.07000000,13.18000000,13.05000000,13.16000000,36659.50000000,481231.04490000
1765612800000,13.16000000,13.25000000,13.16000000,13.20000000,23967.88000000,316387.45350000
1765627200000,13.19000000,13.22000000,13.10000000,13.18000000,29462.37000000,387902.14970000
1765641600000,13.18000000,13.21000000,13.13000000,13.18000000,13628.23000000,179448.43720000
1765656000000,13.17000000,13.20000000,13.09000000,13.19000000,15260.89000000,200709.30560000
1765670400000,13.18000000,13.23000000,13.16000000,13.19000000,17957.09000000,236938.41710000
1765684800000,13.19000000,13.19000000,13.06000000,13.10000000,14202.64000000,186266.09360000
1765699200000,13.10000000,13.12000000,12.84000000,12.96000000,45419.36000000,589268.51810000
1765713600000,12.96000000,13.00000000,12.81000000,12.86000000,37460.99000000,483492.89700000
1765728000000,12.85000000,12.91000000,12.74000000,12.79000000,27784.50000000,355723.75490000
1765742400000,12.79000000,12.86000000,12.66000000,12.79000000,72683.87000000,926664.33060000
1765756800000,12.79000000,13.17000000,12.79000000,13.04000000,42407.72000000,550225.26140000
1765771200000,13.05000000,13.20000000,13.03000000,13.07000000,31515.33000000,412808.55910000
1765785600000,13.07000000,13.20000000,13.02000000,13.12000000,29817.34000000,391091.21520000
1765800000000,13.12000000,13.24000000,12.43000000,12.49000000,183439.23000000,2348438.05820000
1765814400000,12.49000000,12.55000000,12.10000000,12.31000000,191983.89000000,2356229.55870000
1765828800000,12.31000000,12.38000000,12.18000000,12.34000000,73949.25000000,908846.83310000
1765843200000,12.35000000,12.36000000,12.14000000,12.21000000,55933.47000000,685431.70830000
1765857600000,12.22000000,12.27000000,12.03000000,12.13000000,72416.49000000,880599.45190000
1765872000000,12.14000000,12.55000000,12.13000000,12.49000000,58799.06000000,728198.12980000
1765886400000,12.50000000,12.64000000,12.23000000,12.60000000,117837.92000000,1466877.57230000
1765900800000,12.60000000,12.93000000,12.53000000,12.81000000,158829.40000000,2018447.13690000
1765915200000,12.81000000,12.85000000,12.62000000,12.68000000,40980.86000000,521003.52910000
1765929600000,12.68000000,12.76000000,12.63000000,12.66000000,35569.71000000,451312.63290000
1765944000000,12.66000000,12.68000000,12.41000000,12.44000000,145861.98000000,1825158.30000000
1765958400000,12.44000000,12.45000000,12.33000000,12.42000000,34177.35000000,423558.76820000
1765972800000,12.42000000,12.78000000,12.18000000,12.29000000,185135.99000000,2309660.94160000
1765987200000,12.28000000,12.37000000,11.93000000,12.11000000,180435.24000000,2179319.99500000
1766001600000,12.12000000,12.23000000,11.91000000,12.07000000,51440.72000000,620619.10060000
1766016000000,12.08000000,12.14000000,11.97000000,12.01000000,53197.68000000,640648.80420000
1766030400000,12.01000000,12.05000000,11.87000000,11.99000000,47283.42000000,565375.05150000
1766044800000,11.99000000,12.08000000,11.98000000,12.00000000,62173.44000000,748113.54200000
1766059200000,12.00000000,12.43000000,11.98000000,12.24000000,126542.67000000,1545677.62120000
1766073600000,12.24000000,12.25000000,11.47000000,11.49000000,206746.96000000,2434828.04100000
1766088000000,11.50000000,11.73000000,11.47000000,11.63000000,96538.71000000,1119932.64730000
1766102400000,11.63000000,12.00000000,11.53000000,11.90000000,115723.62000000,1358064.15170000
1766116800000,11.91000000,12.14000000,11.81000000,12.04000000,69675.55000000,831255.23990000
1766131200000,12.05000000,12.14000000,12.04000000,12.09000000,42432.73000000,513117.03120000
1766145600000,12.09000000,12.44000000,12.06000000,12.26000000,112442.17000000,1372397.01910000
1766160000000,12.26000000,12.47000000,12.17000000,12.43000000,88809.38000000,1095119.63900000
1766174400000,12.44000000,12.52000000,12.34000000,12.35000000,35307.38000000,438877.77770000
1766188800000,12.36000000,12.40000000,12.31000000,12.37000000,31528.73000000,389391.73190000
1766203200000,12.37000000,12.50000000,12.30000000,12.50000000,32765.21000000,406068.40690000
1766217600000,12.50000000,12.61000000,12.40000000,12.47000000,29231.84000000,364996.37840000
1766232000000,12.46000000,12.47000000,12.33000000,12.39000000,32974.24000000,408369.23860000
1766246400000,12.38000000,12.41000000,12.34000000,12.38000000,14795.54000000,183064.15210000
1766260800000,12.38000000,12.41000000,12.34000000,12.37000000,30122.59000000,372464.89140000
1766275200000,12.36000000,12.37000000,12.22000000,12.28000000,21014.77000000,258215.24520000
1766289600000,12.28000000,12.31000000,12.24000000,12.29000000,9280.54000000,113919.07500000
1766304000000,12.28000000,12.42000000,12.26000000,12.29000000,28528.66000000,352353.11330000
1766318400000,12.29000000,12.35000000,12.01000000,12.09000000,59360.16000000,721047.18170000
1766332800000,12.09000000,12.16000000,12.01000000,12.15000000,30012.81000000,363199.66540000
1766347200000,12.15000000,12.25000000,12.04000000,12.21000000,13586.66000000,164897.78340000
1766361600000,12.22000000,12.46000000,12.07000000,12.27000000,47935.26000000,587570.08830000
1766376000000,12.29000000,12.41000000,12.25000000,12.38000000,38648.00000000,476739.88260000
1766390400000,12.37000000,12.45000000,12.29000000,12.35000000,71684.10000000,886576.55320000
1766404800000,12.35000000,12.47000000,12.30000000,12.43000000,62974.51000000,779341.25840000
1766419200000,12.43000000,12.50000000,12.19000000,12.20000000,38199.44000000,472362.86350000
1766433600000,12.19000000,12.29000000,12.10000000,12.27000000,24812.83000000,302200.17690000
1766448000000,12.27000000,12.34000000,12.12000000,12.17000000,26645.80000000,325842.51240000
1766462400000,12.17000000,12.20000000,12.06000000,12.10000000,25153.95000000,304487.08010000
1766476800000,12.10000000,12.17000000,12.06000000,12.14000000,18733.44000000,226673.18340000
1766491200000,12.14000000,12.14000000,11.88000000,12.03000000,68576.21000000,824955.24500000
1766505600000,12.03000000,12.18000000,11.98000000,12.06000000,38819.24000000,469902.18170000
1766520000000,12.06000000,12.21000000,12.01000000,12.07000000,25015.96000000,302124.36840000
1766534400000,12.07000000,12.11000000,11.86000000,11.97000000,31365.14000000,376346.84740000
1766548800000,11.97000000,12.02000000,11.83000000,11.85000000,21914.22000000,260868.27720000
1766563200000,11.84000000,11.95000000,11.80000000,11.93000000,24727.00000000,293815.73890000
1766577600000,11.93000000,11.99000000,11.82000000,11.98000000,26808.33000000,320147.41020000
1766592000000,11.97000000,12.05000000,11.92000000,11.98000000,27779.67000000,333050.08550000
1766606400000,11.99000000,12.09000000,11.97000000,12.01000000,14881.44000000,178907.65800000
1766620800000,12.02000000,12.14000000,11.99000000,12.05000000,47338.82000000,571179.04280000
1766635200000,12.05000000,12.10000000,12.02000000,12.06000000,19688.27000000,237543.49770000
1766649600000,12.06000000,12.14000000,11.87000000,11.92000000,51968.59000000,622073.36620000
1766664000000,11.92000000,12.06000000,11.86000000,12.01000000,51375.02000000,613235.38920000
1766678400000,12.01000000,12.08000000,11.89000000,11.93000000,34189.06000000,409150.82490000
1766692800000,11.93000000,11.95000000,11.64000000,11.65000000,66992.22000000,790334.72790000
1766707200000,11.65000000,12.03000000,11.62000000,11.89000000,92777.11000000,1098408.21640000
1766721600000,11.89000000,11.93000000,11.76000000,11.79000000,36946.46000000,438292.96180000
1766736000000,11.78000000,11.88000000,11.74000000,11.83000000,29572.67000000,349113.57840000
1766750400000,11.84000000,11.94000000,11.59000000,11.66000000,76202.83000000,896387.76180000
1766764800000,11.65000000,11.76000000,11.55000000,11.74000000,50118.99000000,584604.54090000
1766779200000,11.74000000,11.82000000,11.69000000,11.72000000,23191.07000000,272460.19430000
1766793600000,11.72000000,11.78000000,11.65000000,11.76000000,37164.40000000,435193.93640000
1766808000000,11.77000000,11.78000000,11.68000000,11.70000000,20839.76000000,243914.18570000
1766822400000,11.70000000,11.87000000,11.65000000,11.87000000,34349.59000000,403293.08300000
1766836800000,11.88000000,11.89000000,11.76000000,11.83000000,25379.51000000,300207.74230000
1766851200000,11.84000000,11.98000000,11.83000000,11.88000000,75945.14000000,904367.54730000
1766865600000,11.89000000,12.28000000,11.88000000,12.23000000,87704.68000000,1060653.67800000
1766880000000,12.23000000,12.33000000,12.06000000,12.17000000,55930.09000000,681024.72680000
1766894400000,12.16000000,12.27000000,12.14000000,12.27000000,40190.18000000,490357.79590000
1766908800000,12.27000000,12.30000000,12.17000000,12.20000000,51696.64000000,632134.94130000
1766923200000,12.20000000,12.30000000,12.14000000,12.26000000,39385.62000000,480633.42210000
1766937600000,12.27000000,12.29000000,12.04000000,12.06000000,40069.86000000,487541.71720000
1766952000000,12.06000000,12.20000000,12.02000000,12.20000000,35384.97000000,428062.90810000
1766966400000,12.21000000,12.45000000,12.17000000,12.44000000,56484.65000000,697059.45040000
1766980800000,12.44000000,12.49000000,12.28000000,12.34000000,77302.34000000,957162.85530000
1766995200000,12.34000000,12.36000000,12.05000000,12.15000000,46514.29000000,567670.57360000
1767009600000,12.14000000,12.15000000,11.89000000,12.03000000,82210.39000000,985620.45270000
1767024000000,12.02000000,12.06000000,11.88000000,11.90000000,39462.62000000,471797.23450000
1767038400000,11.90000000,11.99000000,11.87000000,11.93000000,33801.94000000,403770.81440000
1767052800000,11.93000000,11.97000000,11.85000000,11.96000000,33165.36000000,394655.81120000
1767067200000,11.96000000,12.01000000,11.84000000,11.90000000,79636.36000000,948964.21750000
1767081600000,11.90000000,12.07000000,11.90000000,11.99000000,36646.06000000,439449.96230000
1767096000000,11.99000000,12.03000000,11.85000000,12.00000000,60052.86000000,717420.18660000
1767110400000,12.01000000,12.05000000,11.86000000,11.93000000,51418.81000000,614616.99580000
1767124800000,11.93000000,11.93000000,11.81000000,11.88000000,63843.09000000,757277.84580000
1767139200000,11.88000000,11.95000000,11.82000000,11.85000000,24728.86000000,293565.28530000
1767153600000,11.85000000,11.86000000,11.81000000,11.85000000,19021.79000000,225240.34820000
1767168000000,11.86000000,11.91000000,11.77000000,11.89000000,33056.17000000,391652.69010000
1767182400000,11.89000000,11.89000000,11.69000000,11.72000000,68255.11000000,804520.94330000
1767196800000,11.72000000,11.75000000,11.31000000,11.39000000,119499.38000000,1373429.40410000
1767211200000,11.38000000,11.53000000,11.33000000,11.48000000,53001.47000000,607687.91600000
1767225600000,11.47000000,11.57000000,11.47000000,11.48000000,46029.70000000,530644.13190000
1767240000000,11.49000000,11.61000000,11.46000000,11.55000000,188328.85000000,2177015.43520000
1767254400000,11.55000000,11.66000000,11.53000000,11.65000000,35113.16000000,406928.92730000
1767268800000,11.64000000,11.92000000,11.58000000,11.89000000,72759.00000000,855133.98170000
1767283200000,11.89000000,12.08000000,11.89000000,12.07000000,95402.07000000,1141519.42970000
1767297600000,12.08000000,12.16000000,12.00000000,12.06000000,51119.12000000,617177.96080000
1767312000000,12.07000000,12.20000000,11.91000000,12.19000000,87286.32000000,1051158.45810000
1767326400000,12.20000000,12.22000000,11.99000000,12.01000000,50181.79000000,606228.87170000
1767340800000,12.01000000,12.35000000,12.01000000,12.14000000,80841.07000000,987967.80840000
1767355200000,12.13000000,12.32000000,12.06000000,12.23000000,79967.54000000,978594.93830000
1767369600000,12.24000000,12.52000000,12.21000000,12.41000000,94907.04000000,1176583.47920000
1767384000000,12.42000000,12.60000000,12.38000000,12.52000000,68194.75000000,853583.88440000
1767398400000,12.53000000,12.70000000,12.51000000,12.69000000,56176.03000000,706448.58970000
1767412800000,12.68000000,12.69000000,12.26000000,12.33000000,70731.60000000,881274.98590000
1767427200000,12.33000000,12.47000000,12.31000000,12.40000000,28580.34000000,354325.45680000
1767441600000,12.40000000,12.49000000,12.37000000,12.41000000,30877.70000000,383894.75780000
1767456000000,12.41000000,12.64000000,12.41000000,12.49000000,45185.92000000,566350.62870000
1767470400000,12.49000000,12.63000000,12.44000000,12.56000000,25041.09000000,313723.78370000
1767484800000,12.56000000,12.83000000,12.56000000,12.71000000,84549.97000000,1072245.80660000
1767499200000,12.70000000,12.81000000,12.64000000,12.77000000,50073.88000000,637472.43270000
1767513600000,12.77000000,12.90000000,12.69000000,12.80000000,55921.67000000,716393.56280000
1767528000000,12.79000000,12.91000000,12.73000000,12.86000000,54391.46000000,697703.46640000
1767542400000,12.85000000,12.93000000,12.70000000,12.79000000,48451.80000000,622521.57200000
1767556800000,12.79000000,12.89000000,12.73000000,12.82000000,31089.69000000,398368.94620000
1767571200000,12.81000000,13.17000000,12.80000000,12.98000000,97890.45000000,1271898.60750000
1767585600000,12.98000000,13.05000000,12.83000000,13.01000000,90384.88000000,1170777.95260000
1767600000000,13.02000000,13.08000000,12.79000000,12.92000000,145229.41000000,1875731.56100000
1767614400000,12.93000000,13.17000000,12.85000000,13.13000000,67217.14000000,872040.43770000
1767628800000,13.14000000,13.21000000,12.93000000,13.12000000,76891.59000000,1009401.14580000
1767643200000,13.12000000,13.42000000,13.12000000,13.31000000,59005.08000000,783081.08530000
1767657600000,13.31000000,13.41000000,13.15000000,13.35000000,43074.76000000,571716.70800000
1767672000000,13.35000000,13.38000000,13.05000000,13.08000000,84620.78000000,1116176.08500000
1767686400000,13.09000000,13.22000000,13.03000000,13.20000000,29207.26000000,383198.78580000
1767700800000,13.21000000,13.55000000,13.20000000,13.28000000,88626.75000000,1185191.72130000
1767715200000,13.28000000,13.30000000,12.78000000,12.96000000,100623.46000000,1309297.94060000
1767729600000,12.97000000,13.39000000,12.97000000,13.37000000,39926.38000000,529427.33260000
1767744000000,13.37000000,13.37000000,12.98000000,13.07000000,37496.78000000,491636.60260000
1767758400000,13.08000000,13.21000000,13.01000000,13.20000000,34679.51000000,453365.41960000
1767772800000,13.20000000,13.31000000,12.95000000,13.07000000,58338.07000000,763976.82080000
1767787200000,13.07000000,13.08000000,12.70000000,12.76000000,59509.89000000,764310.10420000
1767801600000,12.75000000,12.89000000,12.71000000,12.84000000,35912.30000000,459531.48790000
1767816000000,12.84000000,12.93000000,12.75000000,12.88000000,28420.73000000,364778.40380000
1767830400000,12.87000000,12.97000000,12.76000000,12.78000000,42965.15000000,553991.91340000
1767844800000,12.78000000,12.93000000,12.48000000,12.69000000,56870.82000000,722323.61460000
1767859200000,12.70000000,12.75000000,12.45000000,12.54000000,50544.59000000,634450.18520000
1767873600000,12.54000000,12.66000000,12.33000000,12.66000000,64167.53000000,799855.14850000
1767888000000,12.65000000,12.69000000,12.49000000,12.55000000,32577.03000000,410210.08250000
1767902400000,12.54000000,12.72000000,12.46000000,12.61000000,22433.49000000,282907.87260000
1767916800000,12.61000000,12.74000000,12.54000000,12.72000000,37297.06000000,471244.10500000
1767931200000,12.72000000,12.76000000,12.64000000,12.71000000,23625.29000000,300224.88330000
1767945600000,12.70000000,12.72000000,12.48000000,12.59000000,26331.66000000,332277.39740000
1767960000000,12.59000000,12.88000000,12.50000000,12.76000000,71901.91000000,911667.71070000
1767974400000,12.76000000,12.96000000,12.51000000,12.53000000,51192.13000000,651807.97320000
1767988800000,12.52000000,12.66000000,12.51000000,12.61000000,21117.53000000,266102.15170000
1768003200000,12.60000000,12.62000000,12.51000000,12.57000000,14713.71000000,184937.49620000
1768017600000,12.56000000,12.60000000,12.46000000,12.60000000,21810.30000000,273109.68570000
1768032000000,12.59000000,12.66000000,12.56000000,12.65000000,21755.87000000,274184.11070000
1768046400000,12.66000000,12.72000000,12.62000000,12.64000000,25099.53000000,317923.94890000
1768060800000,12.63000000,12.68000000,12.53000000,12.68000000,13356.80000000,168273.94180000
1768075200000,12.68000000,12.69000000,12.49000000,12.54000000,21958.95000000,276138.09410000
1768089600000,12.54000000,12.58000000,12.51000000,12.57000000,26972.76000000,338457.97970000
1768104000000,12.56000000,12.57000000,12.50000000,12.55000000,18142.18000000,227528.38410000
1768118400000,12.55000000,12.58000000,12.51000000,12.56000000,23215.02000000,291162.02840000
1768132800000,12.56000000,12.63000000,12.40000000,12.45000000,45057.82000000,564600.61670000
1768147200000,12.44000000,12.58000000,12.42000000,12.47000000,22420.57000000,280552.40300000
1768161600000,12.47000000,12.47000000,12.21000000,12.37000000,46000.91000000,567256.15780000
1768176000000,12.37000000,12.71000000,12.25000000,12.54000000,71567.17000000,894129.04140000
1768190400000,12.55000000,12.64000000,12.33000000,12.36000000,28330.16000000,354735.49780000
1768204800000,12.35000000,12.41000000,12.22000000,12.32000000,40131.45000000,493783.30190000
1768219200000,12.32000000,12.39000000,12.10000000,12.38000000,61466.66000000,752650.57390000
1768233600000,12.38000000,12.48000000,12.26000000,12.35000000,35430.96000000,437930.67320000
1768248000000,12.35000000,12.40000000,12.17000000,12.26000000,20591.62000000,252284.30060000
1768262400000,12.26000000,12.36000000,12.24000000,12.34000000,20147.91000000,247737.83100000
1768276800000,12.34000000,12.53000000,12.33000000,12.43000000,44389.00000000,552346.38610000
1768291200000,12.43000000,12.62000000,12.42000000,12.58000000,56482.28000000,707606.93760000
1768305600000,12.58000000,13.08000000,12.56000000,13.08000000,196125.43000000,2512119.07610000
1768320000000,13.08000000,13.21000000,12.91000000,13.03000000,86232.03000000,1127367.26250000
1768334400000,13.04000000,13.50000000,12.94000000,13.29000000,173845.46000000,2316685.94050000
1768348800000,13.30000000,13.42000000,13.23000000,13.35000000,79476.32000000,1058761.95520000
1768363200000,13.34000000,13.37000000,13.15000000,13.24000000,106853.21000000,1414082.19400000
1768377600000,13.23000000,13.32000000,13.10000000,13.12000000,73347.87000000,968880.49270000
1768392000000,13.12000000,13.45000000,13.10000000,13.37000000,121508.69000000,1606450.30440000
1768406400000,13.36000000,13.52000000,13.07000000,13.26000000,103729.12000000,1381416.55470000
1768420800000,13.26000000,13.36000000,13.09000000,13.20000000,45598.52000000,602243.52780000
1768435200000,13.20000000,13.20000000,12.81000000,12.86000000,103465.83000000,1347670.95940000
1768449600000,12.85000000,13.07000000,12.84000000,13.04000000,34321.10000000,445215.73610000
1768464000000,13.03000000,13.07000000,12.91000000,12.97000000,56348.19000000,732259.03650000
1768478400000,12.97000000,13.09000000,12.64000000,12.84000000,72810.06000000,940062.75950000
1768492800000,12.84000000,12.86000000,12.47000000,12.54000000,80100.45000000,1015292.73050000
1768507200000,12.53000000,12.65000000,12.43000000,12.65000000,33826.40000000,424790.31700000
1768521600000,12.64000000,12.71000000,12.51000000,12.64000000,64628.39000000,815270.07180000
1768536000000,12.64000000,12.67000000,12.53000000,12.59000000,50560.54000000,637504.32120000
1768550400000,12.59000000,12.62000000,12.52000000,12.56000000,41988.98000000,527737.61380000
1768564800000,12.57000000,12.59000000,12.26000000,12.33000000,81505.26000000,1014397.51860000
1768579200000,12.32000000,12.49000000,12.30000000,12.45000000,60690.60000000,752533.15100000
1768593600000,12.45000000,12.88000000,12.41000000,12.76000000,79441.15000000,1012265.47340000
1768608000000,12.76000000,12.88000000,12.70000000,12.74000000,66474.87000000,849289.67620000
1768622400000,12.73000000,12.95000000,12.70000000,12.94000000,54860.06000000,705213.54520000
1768636800000,12.94000000,13.03000000,12.83000000,12.84000000,59215.85000000,766499.82140000
1768651200000,12.84000000,13.19000000,12.83000000,13.09000000,89003.10000000,1161003.24400000
1768665600000,13.09000000,13.09000000,12.93000000,13.01000000,52812.51000000,686380.11260000
1768680000000,13.01000000,13.05000000,12.82000000,12.85000000,42047.93000000,542703.90580000
1768694400000,12.85000000,12.94000000,12.75000000,12.80000000,63544.15000000,814601.21790000
1768708800000,12.80000000,12.80000000,12.67000000,12.74000000,38231.70000000,487218.39530000
1768723200000,12.73000000,12.79000000,12.71000000,12.73000000,52932.64000000,674799.41580000
1768737600000,12.73000000,12.78000000,12.60000000,12.73000000,75251.75000000,955863.68340000
1768752000000,12.73000000,12.82000000,12.66000000,12.74000000,27989.31000000,356603.40690000
1768766400000,12.74000000,12.82000000,12.22000000,12.24000000,258627.89000000,3275865.72860000
1768780800000,12.23000000,12.23000000,11.15000000,11.95000000,615625.41000000,7224878.38320000
1768795200000,11.94000000,11.94000000,11.83000000,11.87000000,89194.44000000,1059605.51420000
1768809600000,11.87000000,12.01000000,11.83000000,11.97000000,136927.98000000,1632153.79490000
1768824000000,11.97000000,11.99000000,11.87000000,11.93000000,42247.52000000,503999.82210000
1768838400000,11.92000000,12.12000000,11.91000000,12.07000000,24963.00000000,299495.78390000
1768852800000,12.07000000,12.09000000,11.94000000,12.03000000,35950.69000000,431536.34600000
1768867200000,12.02000000,12.08000000,11.95000000,11.99000000,31789.53000000,382230.26220000
1768881600000,11.98000000,12.02000000,11.81000000,11.82000000,83386.20000000,993255.16300000
1768896000000,11.81000000,11.89000000,11.70000000,11.77000000,84083.31000000,991124.33680000
1768910400000,11.77000000,11.86000000,11.62000000,11.67000000,88830.59000000,1042426.29580000
1768924800000,11.67000000,11.72000000,11.43000000,11.51000000,96907.05000000,1119852.24450000
1768939200000,11.52000000,11.59000000,11.34000000,11.54000000,60979.10000000,699822.90020000
1768953600000,11.54000000,11.84000000,11.51000000,11.75000000,77266.42000000,905652.36720000
1768968000000,11.75000000,11.84000000,11.72000000,11.79000000,41334.29000000,487080.96980000
1768982400000,11.80000000,11.82000000,11.56000000,11.59000000,41603.96000000,486571.29140000
1768996800000,11.58000000,11.79000000,11.48000000,11.77000000,106180.28000000,1235283.63860000
1769011200000,11.76000000,11.90000000,11.31000000,11.88000000,144685.29000000,1667185.94380000
1769025600000,11.89000000,11.90000000,11.62000000,11.66000000,65612.47000000,772983.99580000
1769040000000,11.66000000,11.81000000,11.65000000,11.71000000,60565.15000000,709149.71470000
1769054400000,11.72000000,11.76000000,11.63000000,11.65000000,54963.31000000,642251.17930000
1769068800000,11.65000000,11.76000000,11.57000000,11.58000000,174579.10000000,2036874.31080000
1769083200000,11.58000000,11.63000000,11.41000000,11.53000000,73321.96000000,844709.75790000
1769097600000,11.53000000,11.61000000,11.49000000,11.57000000,30641.12000000,354407.62950000
1769112000000,11.56000000,11.59000000,11.49000000,11.58000000,25494.06000000,294271.95770000
1769126400000,11.58000000,11.74000000,11.57000000,11.70000000,26658.61000000,310866.37290000
1769140800000,11.70000000,11.79000000,11.66000000,11.74000000,57576.77000000,675254.50520000
1769155200000,11.74000000,11.76000000,11.60000000,11.74000000,67384.33000000,787148.44860000
1769169600000,11.74000000,11.75000000,11.47000000,11.68000000,44681.13000000,518573.23130000
1769184000000,11.68000000,11.84000000,11.58000000,11.64000000,43919.10000000,514400.52690000
1769198400000,11.63000000,11.68000000,11.56000000,11.67000000,26027.97000000,302474.84660000
1769212800000,11.67000000,11.73000000,11.62000000,11.69000000,26425.68000000,308177.82630000
1769227200000,11.69000000,11.71000000,11.65000000,11.67000000,18648.02000000,217765.26950000
1769241600000,11.67000000,11.72000000,11.65000000,11.70000000,10570.69000000,123549.72770000
1769256000000,11.71000000,11.73000000,11.58000000,11.60000000,20636.33000000,240684.09700000
1769270400000,11.59000000,11.63000000,11.55000000,11.59000000,21170.07000000,245481.10380000
1769284800000,11.60000000,11.64000000,11.58000000,11.59000000,12924.37000000,150007.34710000
1769299200000,11.59000000,11.62000000,11.45000000,11.47000000,69816.00000000,804251.01940000
1769313600000,11.47000000,11.52000000,11.46000000,11.50000000,53897.58000000,619100.76280000
1769328000000,11.49000000,11.61000000,11.42000000,11.51000000,37284.23000000,429418.42990000
1769342400000,11.51000000,11.52000000,11.39000000,11.43000000,41137.27000000,471038.58020000
1769356800000,11.42000000,11.42000000,11.00000000,11.07000000,177462.57000000,1991635.46780000
1769371200000,11.08000000,11.19000000,11.00000000,11.14000000,59274.46000000,658149.78700000
1769385600000,11.13000000,11.38000000,11.11000000,11.28000000,67071.66000000,754876.52550000
1769400000000,11.29000000,11.43000000,11.28000000,11.37000000,53388.99000000,605573.61420000
1769414400000,11.38000000,11.46000000,11.28000000,11.33000000,115048.70000000,1307642.64640000
1769428800000,11.33000000,11.53000000,11.30000000,11.37000000,64893.82000000,739855.31980000
1769443200000,11.37000000,11.44000000,11.28000000,11.36000000,48207.04000000,548064.73370000
1769457600000,11.36000000,11.46000000,11.30000000,11.39000000,33894.89000000,386438.30980000
1769472000000,11.39000000,11.45000000,11.36000000,11.37000000,24922.46000000,284095.96880000
1769486400000,11.38000000,11.42000000,11.30000000,11.31000000,111644.03000000,1268781.10440000
1769500800000,11.31000000,11.34000000,11.25000000,11.26000000,48181.72000000,543778.10660000
1769515200000,11.26000000,11.32000000,11.21000000,11.32000000,35506.02000000,399763.20150000
1769529600000,11.32000000,11.50000000,11.24000000,11.48000000,47273.30000000,537948.53680000
1769544000000,11.48000000,11.63000000,11.48000000,11.58000000,40187.67000000,465387.62660000
1769558400000,11.59000000,11.61000000,11.50000000,11.52000000,31667.63000000,365928.03030000
1769572800000,11.53000000,11.61000000,11.48000000,11.54000000,39591.67000000,457059.31810000
1769587200000,11.54000000,11.62000000,11.48000000,11.62000000,68322.54000000,789566.01880000
1769601600000,11.61000000,11.62000000,11.44000000,11.47000000,31741.84000000,366015.23450000
1769616000000,11.47000000,11.55000000,11.40000000,11.52000000,36485.00000000,418449.69750000
1769630400000,11.52000000,11.62000000,11.43000000,11.55000000,45831.24000000,529146.22460000
1769644800000,11.54000000,11.58000000,11.27000000,11.29000000,50903.16000000,579055.55020000
1769659200000,11.29000000,11.32000000,11.24000000,11.26000000,43216.13000000,487427.60620000
1769673600000,11.26000000,11.31000000,11.15000000,11.20000000,85090.55000000,955591.56010000
1769688000000,11.19000000,11.22000000,10.64000000,10.77000000,223892.39000000,2447923.02680000
1769702400000,10.77000000,10.96000000,10.58000000,10.70000000,197993.73000000,2125607.11700000
1769716800000,10.69000000,10.87000000,10.67000000,10.81000000,66117.83000000,712869.03860000
1769731200000,10.80000000,10.87000000,10.42000000,10.60000000,233283.74000000,2475276.43580000
1769745600000,10.59000000,10.72000000,10.44000000,10.61000000,107539.37000000,1136671.70500000
1769760000000,10.61000000,10.78000000,10.51000000,10.74000000,63507.22000000,673804.94570000
1769774400000,10.74000000,10.78000000,10.58000000,10.71000000,111983.15000000,1196480.44480000
1769788800000,10.70000000,10.81000000,10.40000000,10.75000000,199375.51000000,2123377.19040000
1769803200000,10.74000000,10.74000000,10.54000000,10.60000000,84053.50000000,892201.03810000
1769817600000,10.60000000,10.65000000,10.52000000,10.54000000,52747.37000000,558413.27870000
1769832000000,10.54000000,10.58000000,10.31000000,10.38000000,114011.61000000,1191762.25040000
1769846400000,10.39000000,10.41000000,10.18000000,10.27000000,113291.30000000,1163314.41730000
1769860800000,10.26000000,10.28000000,9.75000000,10.00000000,286258.63000000,2854919.65190000
1769875200000,10.00000000,10.11000000,9.01000000,9.56000000,623570.45000000,5950412.20190000
1769889600000,9.55000000,9.83000000,9.40000000,9.76000000,151940.57000000,1456601.30260000
1769904000000,9.77000000,9.83000000,9.68000000,9.80000000,82281.66000000,803833.69240000
1769918400000,9.80000000,9.93000000,9.79000000,9.86000000,63203.98000000,621578.51170000
1769932800000,9.87000000,9.93000000,9.73000000,9.78000000,133731.50000000,1314235.37460000
1769947200000,9.78000000,9.82000000,9.46000000,9.57000000,107441.08000000,1038083.74850000
1769961600000,9.57000000,9.72000000,9.45000000,9.55000000,127086.89000000,1216188.64560000
1769976000000,9.56000000,9.65000000,9.29000000,9.50000000,124643.94000000,1184291.13020000
1769990400000,9.51000000,9.75000000,9.24000000,9.54000000,127502.56000000,1215406.58030000
1770004800000,9.55000000,9.67000000,9.20000000,9.47000000,164013.68000000,1542555.06190000
1770019200000,9.47000000,9.64000000,9.41000000,9.58000000,82591.66000000,789959.32790000
1770033600000,9.59000000,9.94000000,9.59000000,9.87000000,103550.42000000,1006278.68930000
1770048000000,9.87000000,9.90000000,9.78000000,9.80000000,34517.47000000,339690.24180000
1770062400000,9.80000000,9.88000000,9.74000000,9.81000000,21162.35000000,207704.52240000
1770076800000,9.81000000,9.83000000,9.59000000,9.75000000,72960.55000000,705520.98230000
1770091200000,9.75000000,9.82000000,9.68000000,9.75000000,57419.81000000,559896.07490000
1770105600000,9.76000000,9.80000000,9.63000000,9.67000000,57934.19000000,562077.89340000
1770120000000,9.68000000,9.82000000,9.55000000,9.81000000,120033.44000000,1163463.45530000
1770134400000,9.81000000,9.81000000,9.19000000,9.60000000,192794.87000000,1822100.75600000
1770148800000,9.59000000,9.94000000,9.49000000,9.57000000,148825.21000000,1448191.14910000
1770163200000,9.57000000,9.76000000,9.53000000,9.73000000,79834.11000000,771686.60380000
1770177600000,9.72000000,9.80000000,9.65000000,9.71000000,127800.97000000,1244489.55930000
1770192000000,9.71000000,9.79000000,9.57000000,9.65000000,197304.21000000,1914343.92760000
1770206400000,9.65000000,9.66000000,9.24000000,9.33000000,125683.35000000,1184223.36950000
1770220800000,9.33000000,9.52000000,9.16000000,9.50000000,211039.48000000,1963614.05520000
1770235200000,9.50000000,9.52000000,9.18000000,9.34000000,104755.11000000,979410.30830000
1770249600000,9.34000000,9.44000000,9.24000000,9.25000000,105056.63000000,981722.39910000
1770264000000,9.26000000,9.33000000,9.10000000,9.12000000,116155.94000000,1069995.44700000
1770278400000,9.13000000,9.27000000,8.86000000,8.97000000,171011.73000000,1547855.92640000
1770292800000,8.97000000,9.10000000,8.34000000,8.54000000,462676.45000000,4035913.62240000
1770307200000,8.53000000,8.76000000,8.30000000,8.36000000,455125.10000000,3879941.43730000
1770321600000,8.35000000,8.41000000,7.92000000,8.06000000,680087.69000000,5503652.52000000
1770336000000,8.06000000,8.23000000,7.15000000,8.02000000,982645.26000000,7583719.50990000
1770350400000,8.02000000,8.39000000,7.99000000,8.17000000,181865.45000000,1489842.21560000
1770364800000,8.17000000,8.46000000,8.08000000,8.43000000,208779.75000000,1725238.15670000
1770379200000,8.42000000,8.71000000,8.34000000,8.66000000,211863.82000000,1809786.34480000
1770393600000,8.66000000,9.01000000,8.63000000,8.86000000,178178.94000000,1575926.03960000
1770408000000,8.85000000,8.97000000,8.74000000,8.84000000,85224.68000000,754172.20740000
1770422400000,8.83000000,8.84000000,8.66000000,8.83000000,93414.95000000,817441.44310000
1770436800000,8.82000000,8.90000000,8.45000000,8.53000000,143765.55000000,1245731.53360000
1770451200000,8.54000000,8.62000000,8.49000000,8.56000000,66309.47000000,567191.58160000
1770465600000,8.56000000,8.80000000,8.54000000,8.68000000,123344.17000000,1068122.03190000
1770480000000,8.69000000,8.92000000,8.68000000,8.79000000,391159.91000000,3437374.98100000
1770494400000,8.79000000,8.87000000,8.74000000,8.78000000,69665.66000000,613702.70550000
1770508800000,8.78000000,8.78000000,8.67000000,8.70000000,53192.89000000,464419.14680000
1770523200000,8.70000000,8.72000000,8.62000000,8.66000000,42738.05000000,370537.45740000
1770537600000,8.66000000,8.79000000,8.60000000,8.73000000,83129.40000000,722972.23360000
1770552000000,8.74000000,8.75000000,8.63000000,8.66000000,70820.97000000,617112.56480000
1770566400000,8.66000000,8.69000000,8.48000000,8.67000000,58783.62000000,505015.36090000
1770580800000,8.67000000,8.74000000,8.50000000,8.57000000,61882.68000000,531724.51730000
1770595200000,8.57000000,8.69000000,8.53000000,8.68000000,63473.36000000,545404.85080000
1770609600000,8.67000000,8.67000000,8.50000000,8.51000000,38608.80000000,330855.56250000
1770624000000,8.51000000,8.51000000,8.21000000,8.30000000,78666.47000000,656423.50050000
1770638400000,8.30000000,8.53000000,8.30000000,8.52000000,100807.91000000,848922.92100000
1770652800000,8.52000000,8.72000000,8.48000000,8.66000000,102583.83000000,882323.96080000
1770667200000,8.66000000,8.69000000,8.55000000,8.59000000,50091.21000000,432079.30130000
1770681600000,8.60000000,8.63000000,8.44000000,8.48000000,68701.03000000,586984.46900000
1770696000000,8.48000000,8.54000000,8.34000000,8.39000000,70018.49000000,590879.94080000
1770710400000,8.38000000,8.43000000,8.32000000,8.33000000,49118.07000000,411519.77290000
1770724800000,8.33000000,8.44000000,8.30000000,8.38000000,87669.43000000,733334.71900000
1770739200000,8.38000000,8.43000000,8.25000000,8.30000000,79136.76000000,660242.17520000
1770753600000,8.30000000,8.36000000,8.26000000,8.33000000,53250.60000000,442281.78760000
1770768000000,8.34000000,8.38000000,8.26000000,8.31000000,37168.73000000,309817.12700000
1770782400000,8.31000000,8.32000000,8.05000000,8.07000000,112032.04000000,913237.94290000
1770796800000,8.07000000,8.09000000,8.01000000,8.08000000,70088.26000000,564504.66790000
1770811200000,8.08000000,8.44000000,7.95000000,8.05000000,223800.25000000,1822610.30090000
1770825600000,8.06000000,8.22000000,8.00000000,8.17000000,122870.88000000,997413.87930000
1770840000000,8.16000000,8.29000000,8.10000000,8.14000000,73949.07000000,604860.21460000
1770854400000,8.13000000,8.28000000,8.13000000,8.28000000,98943.70000000,813110.60540000
1770868800000,8.28000000,8.36000000,8.22000000,8.36000000,79959.19000000,662709.76680000
1770883200000,8.36000000,8.43000000,8.28000000,8.36000000,129628.72000000,1082243.76140000
1770897600000,8.37000000,8.38000000,8.16000000,8.17000000,165220.22000000,1371838.98990000
1770912000000,8.17000000,8.22000000,7.99000000,8.13000000,131503.42000000,1061018.63690000
1770926400000,8.13000000,8.27000000,8.07000000,8.25000000,50883.84000000,415293.37020000
1770940800000,8.25000000,8.28000000,8.16000000,8.19000000,44197.44000000,362680.12590000
1770955200000,8.19000000,8.21000000,8.10000000,8.19000000,42937.72000000,350506.98580000
1770969600000,8.18000000,8.31000000,8.17000000,8.31000000,44290.82000000,365981.73320000
1770984000000,8.30000000,8.51000000,8.24000000,8.41000000,130764.99000000,1091954.10480000
1770998400000,8.42000000,8.50000000,8.37000000,8.47000000,60642.50000000,512402.15840000
1771012800000,8.47000000,8.61000000,8.44000000,8.53000000,66930.44000000,571051.61080000
1771027200000,8.53000000,8.71000000,8.53000000,8.66000000,172193.22000000,1489747.16790000
1771041600000,8.65000000,8.68000000,8.58000000,8.64000000,63075.42000000,543705.03000000
1771056000000,8.64000000,8.83000000,8.64000000,8.82000000,89601.41000000,783899.38600000
1771070400000,8.82000000,8.92000000,8.72000000,8.91000000,78334.08000000,690046.45570000
1771084800000,8.92000000,9.03000000,8.85000000,9.00000000,58343.43000000,521523.58460000
1771099200000,9.01000000,9.07000000,8.94000000,9.00000000,81367.07000000,734617.07210000
1771113600000,9.00000000,9.03000000,8.87000000,9.03000000,109040.36000000,977046.94800000
1771128000000,9.03000000,9.16000000,9.03000000,9.13000000,61571.43000000,559580.10590000
1771142400000,9.13000000,9.15000000,8.97000000,9.00000000,44955.21000000,405995.00860000
1771156800000,9.01000000,9.01000000,8.70000000,8.80000000,96172.41000000,849145.35200000
1771171200000,8.79000000,8.83000000,8.60000000,8.64000000,94980.30000000,827031.59750000
1771185600000,8.63000000,8.75000000,8.61000000,8.74000000,30574.85000000,265776.41570000
1771200000000,8.74000000,8.79000000,8.68000000,8.72000000,43843.36000000,382411.93360000
1771214400000,8.72000000,8.81000000,8.65000000,8.71000000,83303.69000000,725375.79840000
1771228800000,8.71000000,8.80000000,8.61000000,8.71000000,30189.16000000,263228.66760000
1771243200000,8.71000000,8.90000000,8.60000000,8.66000000,74037.10000000,647989.94520000
1771257600000,8.66000000,8.78000000,8.66000000,8.76000000,32119.93000000,280257.25640000
1771272000000,8.75000000,8.89000000,8.74000000,8.84000000,20835.73000000,183781.15840000
1771286400000,8.85000000,8.86000000,8.75000000,8.80000000,24832.57000000,218963.83700000
1771300800000,8.80000000,8.84000000,8.71000000,8.76000000,44218.42000000,386694.99720000
1771315200000,8.76000000,8.78000000,8.64000000,8.68000000,34536.22000000,300428.02080000
1771329600000,8.68000000,8.76000000,8.58000000,8.69000000,52751.49000000,457278.05920000
1771344000000,8.69000000,8.83000000,8.63000000,8.72000000,47143.17000000,411930.82790000
1771358400000,8.71000000,8.72000000,8.66000000,8.68000000,24491.91000000,212876.56130000
1771372800000,8.69000000,8.73000000,8.61000000,8.72000000,30173.06000000,261700.94730000
1771387200000,8.71000000,8.77000000,8.69000000,8.75000000,9341.49000000,81531.90920000
1771401600000,8.75000000,8.79000000,8.61000000,8.66000000,18568.29000000,161644.07240000
1771416000000,8.66000000,8.76000000,8.54000000,8.68000000,43577.52000000,376257.33400000
1771430400000,8.69000000,8.69000000,8.42000000,8.46000000,51072.18000000,437035.82460000
1771444800000,8.45000000,8.50000000,8.38000000,8.44000000,29890.49000000,252012.39680000
1771459200000,8.44000000,8.48000000,8.39000000,8.46000000,33667.09000000,284133.94210000
1771473600000,8.46000000,8.49000000,8.38000000,8.45000000,31313.10000000,264229.70720000
1771488000000,8.44000000,8.45000000,8.32000000,8.33000000,37378.35000000,312604.39620000
1771502400000,8.33000000,8.35000000,8.19000000,8.22000000,57596.25000000,475804.17210000
1771516800000,8.21000000,8.29000000,8.16000000,8.26000000,65719.38000000,540824.83680000
1771531200000,8.26000000,8.29000000,8.21000000,8.27000000,36091.91000000,298101.51890000
1771545600000,8.27000000,8.34000000,8.27000000,8.28000000,34386.29000000,285838.63140000
1771560000000,8.28000000,8.33000000,8.21000000,8.30000000,43159.96000000,357734.42110000
1771574400000,8.30000000,8.37000000,8.29000000,8.31000000,40607.14000000,338248.11400000
1771588800000,8.31000000,8.61000000,8.19000000,8.61000000,149638.49000000,1253539.48990000
1771603200000,8.61000000,8.70000000,8.44000000,8.66000000,126714.68000000,1090469.02040000
1771617600000,8.66000000,8.78000000,8.61000000,8.76000000,44532.92000000,387053.60710000
1771632000000,8.75000000,8.88000000,8.69000000,8.83000000,61119.59000000,537068.79300000
1771646400000,8.82000000,9.06000000,8.78000000,9.02000000,115106.32000000,1032406.79010000
1771660800000,9.02000000,9.79000000,9.02000000,9.64000000,658966.75000000,6303660.21080000
1771675200000,9.65000000,9.71000000,9.23000000,9.33000000,258217.40000000,2436270.87310000
1771689600000,9.33000000,9.33000000,9.17000000,9.23000000,110802.36000000,1023748.41550000
1771704000000,9.24000000,9.25000000,9.02000000,9.05000000,89180.18000000,813487.65120000
1771718400000,9.04000000,9.04000000,8.75000000,8.80000000,122639.61000000,1088238.81440000
1771732800000,8.79000000,8.88000000,8.74000000,8.83000000,57932.76000000,509982.13860000
1771747200000,8.83000000,8.85000000,8.74000000,8.78000000,45348.90000000,399154.58820000
1771761600000,8.77000000,8.77000000,8.65000000,8.67000000,56263.14000000,489101.31510000
1771776000000,8.68000000,8.69000000,8.55000000,8.56000000,47453.22000000,409712.23320000
1771790400000,8.56000000,8.58000000,8.45000000,8.52000000,51189.32000000,436246.10390000
1771804800000,8.51000000,8.54000000,8.10000000,8.18000000,179641.59000000,1480848.46950000
1771819200000,8.19000000,8.33000000,8.13000000,8.28000000,185198.90000000,1523624.68430000
1771833600000,8.28000000,8.54000000,8.26000000,8.49000000,57563.42000000,484535.29890000
1771848000000,8.49000000,8.53000000,8.37000000,8.42000000,56227.01000000,475483.53770000
1771862400000,8.42000000,8.47000000,8.30000000,8.33000000,66413.50000000,557801.21140000
1771876800000,8.33000000,8.39000000,8.27000000,8.36000000,32456.36000000,270765.67050000
1771891200000,8.37000000,8.40000000,8.18000000,8.20000000,50927.50000000,421928.75830000
1771905600000,8.21000000,8.25000000,8.12000000,8.22000000,89052.09000000,729031.97990000
1771920000000,8.21000000,8.25000000,8.13000000,8.16000000,70229.86000000,574783.84000000
1771934400000,8.16000000,8.37000000,8.08000000,8.33000000,181834.19000000,1486965.45030000
1771948800000,8.34000000,8.45000000,8.33000000,8.43000000,32800.92000000,275452.22660000
1771963200000,8.43000000,8.44000000,8.28000000,8.30000000,24494.58000000,204312.06810000
1771977600000,8.30000000,8.63000000,8.27000000,8.40000000,74994.51000000,636714.13860000
1771992000000,8.39000000,8.47000000,8.27000000,8.37000000,147178.42000000,1232095.11280000
1772006400000,8.36000000,8.59000000,8.34000000,8.57000000,46205.97000000,390702.15510000
1772020800000,8.57000000,9.36000000,8.56000000,9.23000000,172505.45000000,1543092.81060000
1772035200000,9.23000000,9.48000000,9.23000000,9.46000000,182304.46000000,1704759.29540000
1772049600000,9.47000000,9.64000000,9.05000000,9.15000000,164123.75000000,1535660.63880000
1772064000000,9.16000000,9.26000000,9.08000000,9.14000000,111917.79000000,1024839.20070000
1772078400000,9.13000000,9.18000000,8.93000000,8.96000000,85748.79000000,774395.45090000
1772092800000,8.96000000,9.10000000,8.91000000,8.95000000,152544.66000000,1371524.63090000
1772107200000,8.94000000,9.02000000,8.82000000,8.87000000,71753.57000000,638811.95070000
1772121600000,8.86000000,8.89000000,8.66000000,8.85000000,105319.18000000,923664.82230000
1772136000000,8.86000000,8.89000000,8.80000000,8.86000000,28196.05000000,249462.63670000
1772150400000,8.86000000,8.93000000,8.80000000,8.90000000,57191.52000000,505796.01730000
1772164800000,8.90000000,9.04000000,8.90000000,9.03000000,176370.67000000,1581590.61660000
1772179200000,9.03000000,9.08000000,8.75000000,8.75000000,131315.28000000,1180505.51620000
1772193600000,8.75000000,8.81000000,8.67000000,8.67000000,65216.98000000,569043.04210000
1772208000000,8.67000000,8.71000000,8.55000000,8.60000000,53404.75000000,461017.31370000
1772222400000,8.60000000,8.65000000,8.47000000,8.65000000,29173.91000000,250511.78410000
1772236800000,8.64000000,8.70000000,8.62000000,8.64000000,22017.52000000,190598.69980000
1772251200000,8.64000000,8.64000000,8.12000000,8.29000000,179955.25000000,1499185.18550000
1772265600000,8.29000000,8.31000000,8.12000000,8.15000000,68482.85000000,561464.54640000
1772280000000,8.16000000,8.42000000,8.14000000,8.31000000,93218.92000000,773141.05050000
1772294400000,8.30000000,8.60000000,8.19000000,8.55000000,127670.58000000,1065476.35660000
1772308800000,8.54000000,8.75000000,8.53000000,8.68000000,60657.66000000,524440.42550000
1772323200000,8.68000000,8.92000000,8.53000000,8.77000000,95852.29000000,840321.94860000
1772337600000,8.78000000,8.80000000,8.68000000,8.76000000,41844.22000000,365777.02220000
1772352000000,8.77000000,8.78000000,8.58000000,8.60000000,34421.38000000,297786.27870000
1772366400000,8.59000000,8.76000000,8.50000000,8.63000000,59843.11000000,516353.38070000
1772380800000,8.63000000,8.68000000,8.43000000,8.45000000,57956.13000000,494945.67850000
1772395200000,8.45000000,8.56000000,8.31000000,8.47000000,63400.76000000,534112.08150000
1772409600000,8.48000000,8.69000000,8.48000000,8.66000000,46471.36000000,399767.13600000
1772424000000,8.67000000,8.70000000,8.46000000,8.51000000,36827.24000000,316123.46770000
1772438400000,8.51000000,8.60000000,8.44000000,8.53000000,47184.01000000,402121.58490000
1772452800000,8.53000000,8.95000000,8.47000000,8.87000000,109257.27000000,953218.13280000
1772467200000,8.87000000,8.97000000,8.73000000,8.82000000,65061.67000000,575257.41810000
1772481600000,8.81000000,8.88000000,8.68000000,8.72000000,48965.48000000,430359.20980000
1772496000000,8.72000000,8.74000000,8.57000000,8.63000000,46220.37000000,399928.61790000
1772510400000,8.63000000,8.65000000,8.45000000,8.48000000,50229.96000000,429064.43660000
1772524800000,8.48000000,8.51000000,8.34000000,8.40000000,81458.31000000,685145.56120000
1772539200000,8.40000000,8.51000000,8.32000000,8.46000000,66746.20000000,561235.69460000
1772553600000,8.45000000,8.62000000,8.42000000,8.55000000,58957.96000000,502061.74720000
1772568000000,8.55000000,8.56000000,8.38000000,8.49000000,34546.82000000,292741.30290000
1772582400000,8.50000000,8.55000000,8.37000000,8.44000000,69350.51000000,587631.16930000
1772596800000,8.44000000,8.50000000,8.37000000,8.48000000,32532.51000000,273686.23170000
1772611200000,8.48000000,8.81000000,8.46000000,8.59000000,128804.66000000,1118656.21270000
1772625600000,8.59000000,8.87000000,8.48000000,8.86000000,139049.13000000,1200524.07490000
1772640000000,8.87000000,9.02000000,8.72000000,8.97000000,84743.04000000,751282.00800000
1772654400000,8.97000000,8.97000000,8.77000000,8.85000000,70230.23000000,624444.42980000
1772668800000,8.85000000,8.92000000,8.70000000,8.74000000,93152.04000000,820016.52650000
1772683200000,8.74000000,8.84000000,8.67000000,8.73000000,170543.81000000,1491370.44900000
1772697600000,8.74000000,8.95000000,8.72000000,8.82000000,54551.82000000,482863.79040000
1772712000000,8.82000000,8.84000000,8.66000000,8.68000000,78654.03000000,689167.05350000
1772726400000,8.68000000,8.70000000,8.51000000,8.65000000,66818.14000000,574687.59300000
1772740800000,8.65000000,8.75000000,8.64000000,8.65000000,20494.55000000,178161.84010000
1772755200000,8.65000000,8.73000000,8.61000000,8.70000000,18492.64000000,160394.01610000
1772769600000,8.70000000,8.72000000,8.59000000,8.70000000,39218.75000000,339119.21350000
1772784000000,8.69000000,8.70000000,8.51000000,8.51000000,34180.81000000,293142.25600000
1772798400000,8.51000000,8.57000000,8.19000000,8.22000000,148936.76000000,1245856.54870000
1772812800000,8.22000000,8.26000000,8.12000000,8.20000000,98315.81000000,805659.17600000
1772827200000,8.20000000,8.27000000,8.18000000,8.25000000,21394.39000000,175957.11760000
1772841600000,8.25000000,8.27000000,8.20000000,8.20000000,32574.07000000,268339.33580000
1772856000000,8.20000000,8.22000000,8.14000000,8.18000000,27171.02000000,222262.63080000
1772870400000,8.18000000,8.29000000,8.16000000,8.23000000,26380.13000000,216858.32780000
1772884800000,8.22000000,8.23000000,8.11000000,8.15000000,47547.40000000,388724.97220000
1772899200000,8.15000000,8.19000000,8.08000000,8.11000000,53715.23000000,436250.04400000
1772913600000,8.11000000,8.14000000,8.04000000,8.12000000,58196.90000000,471501.68660000
1772928000000,8.12000000,8.14000000,8.01000000,8.05000000,62061.36000000,501569.26230000
1772942400000,8.06000000,8.12000000,7.98000000,8.10000000,69130.88000000,556214.94490000
1772956800000,8.10000000,8.19000000,8.04000000,8.13000000,51265.40000000,416665.53510000
1772971200000,8.13000000,8.18000000,7.99000000,8.02000000,43914.89000000,354235.51870000
1772985600000,8.02000000,8.12000000,7.96000000,8.09000000,60271.88000000,483431.13030000
1773000000000,8.08000000,8.12000000,7.87000000,7.99000000,84860.20000000,677069.70970000
1773014400000,7.99000000,8.19000000,7.98000000,8.10000000,60001.25000000,484496.10980000
1773028800000,8.11000000,8.25000000,8.06000000,8.11000000,40117.06000000,327657.80640000
1773043200000,8.11000000,8.21000000,8.08000000,8.13000000,26820.58000000,218164.91660000
1773057600000,8.14000000,8.28000000,8.12000000,8.21000000,75770.06000000,622606.58040000
1773072000000,8.20000000,8.36000000,8.17000000,8.25000000,44394.17000000,365795.17610000
1773086400000,8.25000000,8.27000000,8.14000000,8.16000000,17300.10000000,141849.88220000
1773100800000,8.16000000,8.35000000,8.15000000,8.21000000,75887.30000000,627434.13250000
1773115200000,8.21000000,8.30000000,8.20000000,8.27000000,26365.10000000,217596.87260000
1773129600000,8.28000000,8.42000000,8.28000000,8.34000000,63545.01000000,530580.46810000
1773144000000,8.34000000,8.54000000,8.26000000,8.50000000,116880.43000000,980680.87550000
1773158400000,8.50000000,8.53000000,8.23000000,8.27000000,63478.61000000,531482.14750000
1773172800000,8.27000000,8.30000000,8.18000000,8.23000000,43834.79000000,361454.14540000
1773187200000,8.24000000,8.26000000,8.17000000,8.21000000,24426.83000000,200834.48340000
1773201600000,8.20000000,8.25000000,8.13000000,8.22000000,142636.89000000,1169324.12650000
1773216000000,8.22000000,8.26000000,8.18000000,8.23000000,41624.58000000,342100.99770000
1773230400000,8.22000000,8.43000000,8.21000000,8.29000000,81607.84000000,679397.65040000
1773244800000,8.29000000,8.37000000,8.26000000,8.32000000,43830.47000000,364304.96070000
1773259200000,8.33000000,8.36000000,8.27000000,8.28000000,17220.17000000,143266.91040000
1773273600000,8.29000000,8.32000000,8.18000000,8.20000000,23313.78000000,192597.91960000
1773288000000,8.20000000,8.24000000,8.16000000,8.24000000,15275.81000000,125165.88670000
1773302400000,8.24000000,8.28000000,8.19000000,8.22000000,27547.81000000,226779.61990000
1773316800000,8.22000000,8.26000000,8.11000000,8.19000000,79768.05000000,652976.09150000
1773331200000,8.18000000,8.26000000,8.15000000,8.26000000,31162.74000000,255675.79440000
1773345600000,8.25000000,8.32000000,8.21000000,8.27000000,27721.12000000,229275.66540000
1773360000000,8.27000000,8.46000000,8.25000000,8.45000000,80926.90000000,678902.85850000
1773374400000,8.45000000,8.46000000,8.34000000,8.39000000,25006.57000000,209789.29020000
1773388800000,8.38000000,8.58000000,8.35000000,8.56000000,88701.18000000,753491.77470000
1773403200000,8.57000000,8.85000000,8.54000000,8.57000000,197427.03000000,1717309.92820000
1773417600000,8.57000000,8.64000000,8.48000000,8.52000000,73718.04000000,630860.19880000
1773432000000,8.51000000,8.59000000,8.42000000,8.49000000,35601.31000000,302773.27600000
1773446400000,8.48000000,8.52000000,8.40000000,8.48000000,47945.59000000,405953.91440000
1773460800000,8.48000000,8.52000000,8.27000000,8.29000000,46235.10000000,387307.30140000
1773475200000,8.28000000,8.30000000,8.21000000,8.26000000,39618.57000000,327487.15200000
1773489600000,8.25000000,8.27000000,8.20000000,8.22000000,33065.17000000,272456.79860000
1773504000000,8.23000000,8.25000000,8.20000000,8.21000000,27716.89000000,227904.58330000
1773518400000,8.21000000,8.28000000,8.18000000,8.26000000,53239.98000000,437993.89010000
1773532800000,8.26000000,8.32000000,8.19000000,8.26000000,48041.73000000,396267.92850000
1773547200000,8.26000000,8.29000000,8.22000000,8.27000000,37829.21000000,312234.24240000
1773561600000,8.28000000,8.43000000,8.27000000,8.41000000,46277.48000000,387086.95310000
1773576000000,8.41000000,8.41000000,8.27000000,8.28000000,50491.79000000,420612.56930000
1773590400000,8.28000000,8.36000000,8.26000000,8.32000000,31899.32000000,264607.65570000
1773604800000,8.32000000,8.52000000,8.30000000,8.48000000,67691.69000000,570188.97760000
1773619200000,8.48000000,8.74000000,8.44000000,8.65000000,85687.25000000,734603.07810000
1773633600000,8.66000000,9.08000000,8.66000000,9.05000000,270071.49000000,2405370.20910000
1773648000000,9.05000000,9.23000000,8.77000000,8.86000000,204875.45000000,1842887.65790000
1773662400000,8.86000000,9.00000000,8.82000000,8.82000000,118405.90000000,1053660.18720000
1773676800000,8.82000000,9.07000000,8.82000000,9.00000000,55415.33000000,497174.58460000
1773691200000,9.00000000,9.11000000,8.98000000,9.03000000,74745.53000000,675772.72510000
1773705600000,9.03000000,9.09000000,8.86000000,8.92000000,84586.51000000,761498.29910000
1773720000000,8.93000000,8.94000000,8.80000000,8.89000000,50300.26000000,445848.10710000
1773734400000,8.89000000,8.92000000,8.83000000,8.85000000,37741.69000000,334851.79430000
1773748800000,8.84000000,8.92000000,8.76000000,8.85000000,57266.86000000,505115.29020000
1773763200000,8.85000000,8.91000000,8.84000000,8.85000000,33835.13000000,300463.27430000
1773777600000,8.85000000,8.95000000,8.85000000,8.86000000,30216.53000000,269013.37460000
1773792000000,8.87000000,8.96000000,8.79000000,8.93000000,31728.65000000,281660.72520000
1773806400000,8.93000000,8.95000000,8.81000000,8.84000000,36669.61000000,324963.25540000
1773820800000,8.85000000,8.90000000,8.64000000,8.67000000,39141.57000000,343992.49220000
1773835200000,8.67000000,8.67000000,8.30000000,8.37000000,119026.00000000,1009538.00830000
1773849600000,8.37000000,8.50000000,8.32000000,8.44000000,41516.63000000,349188.98710000
1773864000000,8.43000000,8.52000000,8.37000000,8.51000000,29332.99000000,248553.35580000
1773878400000,8.51000000,8.66000000,8.46000000,8.57000000,58134.01000000,498757.04310000
1773892800000,8.56000000,8.57000000,8.33000000,8.38000000,42496.21000000,358331.48050000
1773907200000,8.38000000,8.45000000,8.36000000,8.38000000,27671.08000000,232300.51170000
1773921600000,8.39000000,8.39000000,8.24000000,8.30000000,61361.82000000,509050.06180000
1773936000000,8.30000000,8.37000000,8.24000000,8.34000000,28593.04000000,237206.41930000
1773950400000,8.34000000,8.38000000,8.29000000,8.34000000,18031.39000000,150411.63390000
1773964800000,8.35000000,8.47000000,8.34000000,8.42000000,19655.80000000,165270.55730000
1773979200000,8.42000000,8.52000000,8.37000000,8.41000000,32508.87000000,274343.70720000
1773993600000,8.41000000,8.46000000,8.33000000,8.38000000,19564.97000000,164133.20540000
1774008000000,8.38000000,8.42000000,8.30000000,8.40000000,28622.18000000,239399.44760000
1774022400000,8.40000000,8.47000000,8.32000000,8.40000000,23792.57000000,199618.83340000
1774036800000,8.40000000,8.49000000,8.33000000,8.41000000,15696.04000000,132105.70780000
1774051200000,8.41000000,8.44000000,8.39000000,8.41000000,13691.67000000,115140.98350000
1774065600000,8.41000000,8.46000000,8.40000000,8.41000000,13942.70000000,117490.68680000
1774080000000,8.41000000,8.47000000,8.40000000,8.42000000,14076.83000000,118579.94170000
1774094400000,8.42000000,8.46000000,8.37000000,8.44000000,17047.17000000,143272.14440000
1774108800000,8.45000000,8.46000000,8.37000000,8.38000000,12253.85000000,102936.34250000
1774123200000,8.38000000,8.41000000,8.10000000,8.18000000,57866.71000000,474784.48490000
1774137600000,8.17000000,8.28000000,8.03000000,8.23000000,71455.57000000,582371.59970000
1774152000000,8.23000000,8.26000000,8.16000000,8.16000000,15305.35000000,125710.87550000
1774166400000,8.16000000,8.18000000,8.09000000,8.11000000,30305.63000000,246434.94460000
1774180800000,8.11000000,8.17000000,8.10000000,8.13000000,27023.66000000,219569.14750000
1774195200000,8.13000000,8.14000000,8.03000000,8.07000000,19862.22000000,160558.48320000
1774209600000,8.07000000,8.11000000,7.94000000,8.03000000,75512.73000000,605878.14020000
1774224000000,8.04000000,8.23000000,8.04000000,8.18000000,30602.62000000,249083.42680000
1774238400000,8.18000000,8.21000000,8.01000000,8.04000000,28245.69000000,228903.00660000
1774252800000,8.04000000,8.44000000,7.98000000,8.33000000,135522.11000000,1117023.72710000
1774267200000,8.32000000,8.62000000,8.30000000,8.40000000,111651.88000000,945166.92190000
1774281600000,8.41000000,8.53000000,8.36000000,8.48000000,37804.79000000,319087.94150000
1774296000000,8.49000000,8.73000000,8.48000000,8.59000000,81801.77000000,705039.81850000
1774310400000,8.59000000,8.63000000,8.41000000,8.44000000,36769.56000000,311801.48710000
1774324800000,8.44000000,8.54000000,8.39000000,8.52000000,45652.15000000,385712.60240000
1774339200000,8.52000000,8.57000000,8.42000000,8.43000000,27598.85000000,234553.27020000
1774353600000,8.43000000,8.51000000,8.35000000,8.49000000,38663.33000000,325765.74570000
1774368000000,8.49000000,8.55000000,8.39000000,8.50000000,37928.74000000,321446.38540000
1774382400000,8.51000000,8.73000000,8.51000000,8.67000000,63877.59000000,551757.56670000
1774396800000,8.67000000,8.82000000,8.63000000,8.66000000,75102.48000000,655178.80500000
1774411200000,8.66000000,8.71000000,8.62000000,8.68000000,18871.87000000,163414.64700000
1774425600000,8.69000000,8.79000000,8.67000000,8.73000000,41388.90000000,360925.53000000
1774440000000,8.74000000,8.79000000,8.65000000,8.68000000,81722.39000000,712260.74660000
1774454400000,8.67000000,8.78000000,8.65000000,8.67000000,35198.94000000,306424.76260000
1774468800000,8.68000000,8.72000000,8.61000000,8.68000000,17538.73000000,151855.65660000
1774483200000,8.67000000,8.70000000,8.55000000,8.57000000,28090.97000000,242254.99570000
1774497600000,8.57000000,8.57000000,8.43000000,8.47000000,36218.18000000,307073.18010000
1774512000000,8.47000000,8.47000000,8.30000000,8.30000000,51562.31000000,431801.43590000
1774526400000,8.30000000,8.37000000,8.25000000,8.27000000,70276.94000000,583282.40330000
1774540800000,8.27000000,8.29000000,8.15000000,8.17000000,36869.89000000,303324.05000000
1774555200000,8.16000000,8.28000000,8.14000000,8.21000000,47241.41000000,388699.22360000
1774569600000,8.21000000,8.25000000,8.18000000,8.18000000,24259.22000000,199285.42200000
1774584000000,8.18000000,8.23000000,8.14000000,8.21000000,20869.26000000,171019.70660000
1774598400000,8.21000000,8.23000000,7.97000000,8.06000000,96776.24000000,781164.82650000
1774612800000,8.05000000,8.15000000,8.02000000,8.09000000,76360.65000000,616945.64570000
1774627200000,8.08000000,8.12000000,8.03000000,8.09000000,25571.50000000,206502.12780000
1774641600000,8.10000000,8.11000000,8.05000000,8.09000000,19518.58000000,157729.22880000
1774656000000,8.09000000,8.12000000,8.03000000,8.08000000,18222.80000000,147233.26440000
1774670400000,8.08000000,8.18000000,8.06000000,8.18000000,21891.43000000,177622.19270000
1774684800000,8.19000000,8.20000000,8.12000000,8.15000000,13953.66000000,113825.88260000
1774699200000,8.15000000,8.25000000,8.13000000,8.20000000,44757.68000000,366514.43850000
1774713600000,8.20000000,8.21000000,8.15000000,8.16000000,6322.91000000,51716.03990000
1774728000000,8.17000000,8.19000000,8.02000000,8.04000000,22172.36000000,179300.45870000
1774742400000,8.03000000,8.10000000,8.00000000,8.08000000,27443.01000000,220446.05530000
1774756800000,8.08000000,8.08000000,8.01000000,8.03000000,17672.59000000,141973.06380000
1774771200000,8.03000000,8.03000000,7.98000000,8.01000000,26527.41000000,212488.38100000
1774785600000,8.02000000,8.02000000,7.93000000,7.96000000,61051.86000000,486531.26580000
1774800000000,7.96000000,7.98000000,7.89000000,7.95000000,28076.92000000,222854.76350000
1774814400000,7.95000000,8.03000000,7.76000000,7.95000000,73868.24000000,582889.01990000
1774828800000,7.95000000,8.22000000,7.93000000,8.17000000,41556.89000000,336608.62080000
1774843200000,8.18000000,8.33000000,8.17000000,8.32000000,147047.60000000,1214839.69540000
1774857600000,8.32000000,8.40000000,8.18000000,8.29000000,61570.93000000,509550.97380000
1774872000000,8.28000000,8.31000000,8.18000000,8.20000000,37830.79000000,311897.22260000
1774886400000,8.21000000,8.23000000,8.04000000,8.08000000,18737.72000000,152160.19350000
1774900800000,8.08000000,8.15000000,8.05000000,8.07000000,29085.12000000,235654.49700000
1774915200000,8.07000000,8.24000000,8.06000000,8.15000000,27495.80000000,223819.12440000
1774929600000,8.16000000,8.18000000,8.11000000,8.13000000,19317.78000000,157267.30130000
1774944000000,8.13000000,8.18000000,8.00000000,8.08000000,48961.48000000,394939.81080000
1774958400000,8.08000000,8.18000000,8.04000000,8.08000000,43792.74000000,355070.08950000
1774972800000,8.07000000,8.25000000,8.07000000,8.19000000,37738.02000000,308584.30730000
1774987200000,8.20000000,8.22000000,8.13000000,8.19000000,17978.78000000,147010.34980000
1775001600000,8.19000000,8.22000000,8.13000000,8.16000000,26445.27000000,215914.39970000
1775016000000,8.17000000,8.37000000,8.16000000,8.32000000,52853.00000000,437707.51160000
1775030400000,8.32000000,8.34000000,8.21000000,8.29000000,43548.51000000,360138.88470000
1775044800000,8.29000000,8.37000000,8.22000000,8.27000000,45589.87000000,377570.57470000
1775059200000,8.26000000,8.35000000,8.22000000,8.25000000,18276.58000000,151144.34420000
1775073600000,8.24000000,8.31000000,8.18000000,8.19000000,35291.41000000,291236.27760000
1775088000000,8.20000000,8.26000000,7.91000000,7.95000000,69399.83000000,557899.17730000
1775102400000,7.94000000,8.00000000,7.89000000,7.99000000,39784.09000000,316074.72860000
1775116800000,7.99000000,7.99000000,7.85000000,7.90000000,48668.27000000,385749.17320000
1775131200000,7.89000000,7.94000000,7.80000000,7.88000000,66962.06000000,526513.93090000
1775145600000,7.88000000,7.93000000,7.82000000,7.87000000,21832.61000000,171658.22320000
1775160000000,7.87000000,7.89000000,7.83000000,7.88000000,33841.03000000,265861.62260000
1775174400000,7.88000000,7.91000000,7.83000000,7.91000000,23354.03000000,183721.49920000
1775188800000,7.91000000,8.06000000,7.90000000,8.00000000,47983.60000000,383431.93500000
1775203200000,8.01000000,8.04000000,7.97000000,8.03000000,26870.57000000,215247.68240000
1775217600000,8.03000000,8.12000000,8.00000000,8.06000000,38499.27000000,309867.70060000
1775232000000,8.06000000,8.14000000,8.05000000,8.12000000,28800.58000000,233038.74520000
1775246400000,8.13000000,8.19000000,8.06000000,8.08000000,41778.64000000,340095.31790000
1775260800000,8.08000000,8.19000000,8.07000000,8.18000000,39566.26000000,321672.64620000
1775275200000,8.19000000,8.26000000,8.15000000,8.24000000,65632.80000000,538910.79580000
1775289600000,8.25000000,8.45000000,8.24000000,8.41000000,143767.45000000,1201320.12650000
1775304000000,8.40000000,8.55000000,8.31000000,8.44000000,173466.45000000,1463202.62870000
1775318400000,8.44000000,9.01000000,8.43000000,8.88000000,549909.69000000,4824179.80110000
1775332800000,8.88000000,8.91000000,8.60000000,8.62000000,203503.77000000,1771802.75700000
1775347200000,8.63000000,8.65000000,8.47000000,8.48000000,119474.33000000,1022275.87460000
1775361600000,8.48000000,8.50000000,8.41000000,8.46000000,97410.61000000,823547.41330000
1775376000000,8.45000000,8.54000000,8.44000000,8.50000000,109305.20000000,927589.88800000
1775390400000,8.50000000,8.66000000,8.40000000,8.54000000,132500.20000000,1123744.31500000
1775404800000,8.53000000,8.62000000,8.48000000,8.60000000,44385.32000000,378970.04970000
1775419200000,8.60000000,8.83000000,8.59000000,8.73000000,91889.98000000,799560.22170000
1775433600000,8.74000000,8.82000000,8.66000000,8.73000000,98296.80000000,859838.01100000
1775448000000,8.73000000,8.74000000,8.67000000,8.69000000,41676.17000000,363007.01290000
1775462400000,8.70000000,8.78000000,8.68000000,8.70000000,79041.96000000,689569.03090000
1775476800000,8.70000000,8.72000000,8.54000000,8.60000000,55866.45000000,482039.26520000
1775491200000,8.60000000,8.65000000,8.58000000,8.59000000,35068.46000000,302077.35200000
1775505600000,8.59000000,8.60000000,8.37000000,8.42000000,57743.48000000,489740.56690000
1775520000000,8.43000000,8.45000000,8.32000000,8.39000000,35880.23000000,301073.85130000
1775534400000,8.39000000,8.39000000,8.13000000,8.19000000,140257.59000000,1151736.07110000
1775548800000,8.19000000,8.21000000,8.10000000,8.17000000,91149.65000000,743469.84060000
1775563200000,8.17000000,8.32000000,8.13000000,8.31000000,101898.29000000,837951.76670000
1775577600000,8.31000000,8.48000000,8.31000000,8.42000000,86901.00000000,729849.11340000
1775592000000,8.43000000,8.95000000,8.39000000,8.86000000,186776.22000000,1634515.47370000
1775606400000,8.85000000,8.88000000,8.67000000,8.69000000,116934.95000000,1024622.96990000
1775620800000,8.69000000,8.79000000,8.69000000,8.78000000,41363.04000000,361535.34040000
1775635200000,8.78000000,8.78000000,8.64000000,8.67000000,48539.13000000,423106.74320000
1775649600000,8.68000000,8.72000000,8.49000000,8.52000000,114679.35000000,983976.88850000
1775664000000,8.52000000,8.60000000,8.47000000,8.50000000,67223.86000000,572868.46680000
1775678400000,8.50000000,8.51000000,8.37000000,8.42000000,55969.78000000,473118.27230000
1775692800000,8.41000000,8.42000000,8.32000000,8.40000000,60627.74000000,508113.03370000
1775707200000,8.39000000,8.47000000,8.37000000,8.41000000,18381.29000000,154757.37270000
1775721600000,8.41000000,8.42000000,8.35000000,8.36000000,31280.15000000,262483.85150000
1775736000000,8.37000000,8.43000000,8.31000000,8.38000000,89570.95000000,750994.54410000
1775750400000,8.39000000,8.45000000,8.36000000,8.41000000,50170.53000000,421862.67310000
1775764800000,8.42000000,8.62000000,8.40000000,8.43000000,71717.95000000,608312.68110000
1775779200000,8.44000000,8.49000000,8.37000000,8.44000000,65200.47000000,549883.91460000
1775793600000,8.44000000,8.58000000,8.43000000,8.46000000,36458.43000000,309992.24310000
1775808000000,8.47000000,8.54000000,8.45000000,8.46000000,34557.86000000,293222.65060000
1775822400000,8.46000000,8.65000000,8.43000000,8.46000000,85942.92000000,733848.09320000
1775836800000,8.46000000,8.56000000,8.43000000,8.56000000,55168.50000000,467857.21500000
1775851200000,8.56000000,8.57000000,8.47000000,8.49000000,29821.63000000,254104.33890000
1775865600000,8.49000000,8.50000000,8.43000000,8.45000000,41310.01000000,349795.33820000
1775880000000,8.45000000,8.46000000,8.33000000,8.37000000,69983.69000000,586290.63830000
1775894400000,8.37000000,8.39000000,8.34000000,8.36000000,34142.55000000,285415.24220000
1775908800000,8.36000000,8.37000000,8.26000000,8.34000000,94885.65000000,789023.57480000
1775923200000,8.33000000,8.57000000,8.31000000,8.54000000,70954.01000000,598676.89460000
1775937600000,8.55000000,8.57000000,8.39000000,8.44000000,55196.21000000,468643.03580000
1775952000000,8.43000000,8.46000000,8.16000000,8.24000000,121082.84000000,1003871.77270000
1775966400000,8.23000000,8.25000000,8.20000000,8.21000000,30260.08000000,248894.08280000
1775980800000,8.21000000,8.22000000,8.16000000,8.19000000,36983.40000000,302960.36930000
1775995200000,8.19000000,8.21000000,8.10000000,8.12000000,84498.87000000,689837.64610000
1776009600000,8.12000000,8.21000000,8.11000000,8.14000000,44691.63000000,364504.22230000
1776024000000,8.15000000,8.18000000,8.10000000,8.13000000,65054.48000000,529787.08960000
1776038400000,8.13000000,8.29000000,8.11000000,8.23000000,89118.82000000,733046.03270000
1776052800000,8.23000000,8.25000000,8.18000000,8.20000000,23736.05000000,194981.41360000
1776067200000,8.20000000,8.22000000,8.14000000,8.16000000,58440.64000000,477068.46130000
1776081600000,8.16000000,8.28000000,8.14000000,8.16000000,64862.93000000,532767.31910000
1776096000000,8.16000000,8.37000000,8.12000000,8.35000000,57764.64000000,473937.09020000
1776110400000,8.36000000,8.62000000,8.27000000,8.60000000,92127.69000000,778681.28040000
1776124800000,8.60000000,8.63000000,8.48000000,8.51000000,80261.40000000,685372.78170000
1776139200000,8.51000000,8.57000000,8.41000000,8.44000000,62996.15000000,535016.69060000
1776153600000,8.44000000,8.53000000,8.43000000,8.45000000,51097.76000000,433702.80740000
1776168000000,8.45000000,8.58000000,8.36000000,8.38000000,205142.31000000,1737613.98450000
1776182400000,8.38000000,8.45000000,8.26000000,8.30000000,58852.46000000,491336.80770000
1776196800000,8.31000000,8.35000000,8.27000000,8.31000000,33052.77000000,274526.43030000
1776211200000,8.32000000,8.39000000,8.29000000,8.31000000,34932.71000000,291147.52830000
1776225600000,8.31000000,8.37000000,8.26000000,8.28000000,30683.68000000,254958.54110000
1776240000000,8.28000000,8.42000000,8.27000000,8.40000000,32490.66000000,271038.37980000
1776254400000,8.40000000,8.46000000,8.36000000,8.40000000,45510.70000000,382320.14170000
1776268800000,8.40000000,8.54000000,8.39000000,8.51000000,39984.96000000,338228.11910000
1776283200000,8.52000000,8.53000000,8.42000000,8.45000000,42257.29000000,357904.92000000
1776297600000,8.45000000,8.56000000,8.39000000,8.54000000,58765.45000000,497221.54790000
1776312000000,8.54000000,8.59000000,8.52000000,8.55000000,70327.24000000,601595.06590000
1776326400000,8.55000000,8.56000000,8.44000000,8.49000000,41522.64000000,353200.58900000
1776340800000,8.49000000,8.68000000,8.36000000,8.62000000,172698.75000000,1472999.44670000
1776355200000,8.62000000,8.85000000,8.49000000,8.83000000,127822.85000000,1112162.62380000
1776369600000,8.82000000,8.90000000,8.62000000,8.75000000,83868.36000000,734166.48500000
1776384000000,8.75000000,8.78000000,8.59000000,8.62000000,100491.27000000,873401.98540000
1776398400000,8.62000000,8.69000000,8.51000000,8.68000000,53566.52000000,460437.41020000
1776412800000,8.69000000,8.75000000,8.57000000,8.66000000,96400.78000000,836686.79450000
1776427200000,8.66000000,8.92000000,8.63000000,8.77000000,143015.01000000,1259290.91240000
1776441600000,8.77000000,8.94000000,8.76000000,8.83000000,70364.82000000,622259.65730000
1776456000000,8.83000000,8.87000000,8.73000000,8.78000000,32688.78000000,288075.30830000
1776470400000,8.78000000,8.83000000,8.65000000,8.67000000,54367.70000000,475422.30740000
1776484800000,8.67000000,8.74000000,8.62000000,8.73000000,44476.05000000,386359.47240000
1776499200000,8.73000000,8.74000000,8.51000000,8.56000000,72726.46000000,626354.74090000
1776513600000,8.56000000,8.60000000,8.52000000,8.56000000,34634.11000000,296521.68530000
1776528000000,8.56000000,8.58000000,8.43000000,8.46000000,58480.14000000,497068.09750000
1776542400000,8.46000000,8.55000000,8.45000000,8.50000000,17801.21000000,151343.63940000
1776556800000,8.51000000,8.51000000,8.35000000,8.39000000,66367.61000000,558264.92230000
1776571200000,8.39000000,8.43000000,8.31000000,8.36000000,43038.11000000,360669.59910000
1776585600000,8.35000000,8.42000000,8.31000000,8.41000000,44478.92000000,372649.76200000
1776600000000,8.41000000,8.53000000,8.39000000,8.46000000,47942.15000000,405972.61680000
1776614400000,8.47000000,8.48000000,8.30000000,8.38000000,44416.24000000,371932.54120000
1776628800000,8.38000000,8.38000000,8.18000000,8.23000000,85736.46000000,707511.13360000
1776643200000,8.23000000,8.38000000,8.22000000,8.36000000,24540.48000000,204017.85930000
1776657600000,8.37000000,8.48000000,8.30000000,8.40000000,39461.57000000,330566.12520000
1776672000000,8.41000000,8.46000000,8.36000000,8.41000000,33636.89000000,283167.37050000
1776686400000,8.41000000,8.48000000,8.31000000,8.39000000,50763.68000000,427027.45640000
1776700800000,8.39000000,8.48000000,8.36000000,8.43000000,35312.70000000,297742.75310000
1776715200000,8.43000000,8.49000000,8.38000000,8.40000000,15863.27000000,133653.22730000
1776729600000,8.40000000,8.44000000,8.34000000,8.39000000,12764.36000000,107135.01720000
1776744000000,8.39000000,8.46000000,8.38000000,8.45000000,24740.66000000,208276.23480000
1776758400000,8.44000000,8.54000000,8.44000000,8.49000000,80280.94000000,681814.20850000
1776772800000,8.49000000,8.51000000,8.40000000,8.47000000,64447.05000000,544875.28010000
1776787200000,8.48000000,8.50000000,8.28000000,8.30000000,61067.13000000,511255.44030000
1776801600000,8.29000000,8.44000000,8.29000000,8.44000000,27278.07000000,228159.97270000
1776816000000,8.44000000,8.59000000,8.41000000,8.53000000,47006.53000000,400337.48950000
1776830400000,8.54000000,8.67000000,8.54000000,8.66000000,46069.39000000,397065.38630000
1776844800000,8.65000000,8.75000000,8.64000000,8.72000000,49644.25000000,431704.70860000
1776859200000,8.73000000,8.74000000,8.63000000,8.66000000,68171.90000000,591452.90510000
1776873600000,8.66000000,8.68000000,8.53000000,8.56000000,45400.47000000,390343.03210000
1776888000000,8.56000000,8.58000000,8.44000000,8.44000000,26537.52000000,226219.08690000
1776902400000,8.44000000,8.47000000,8.34000000,8.39000000,42175.69000000,354593.08810000
1776916800000,8.38000000,8.49000000,8.37000000,8.45000000,27717.58000000,233987.13080000
1776931200000,8.45000000,8.50000000,8.37000000,8.48000000,36038.43000000,303490.87390000
1776945600000,8.48000000,8.56000000,8.43000000,8.54000000,50436.64000000,428220.05510000
1776960000000,8.54000000,8.54000000,8.35000000,8.44000000,56980.70000000,480371.23310000
1776974400000,8.44000000,8.54000000,8.44000000,8.52000000,30716.01000000,261001.94580000
1776988800000,8.52000000,8.55000000,8.43000000,8.46000000,35633.84000000,303230.32080000
1777003200000,8.46000000,8.49000000,8.43000000,8.46000000,21948.12000000,185657.35800000
1777017600000,8.47000000,8.59000000,8.46000000,8.55000000,35998.58000000,306789.71970000
1777032000000,8.56000000,8.61000000,8.49000000,8.60000000,31679.56000000,270718.54000000
1777046400000,8.60000000,8.61000000,8.55000000,8.57000000,20606.06000000,176590.64280000
1777060800000,8.58000000,8.61000000,8.50000000,8.53000000,27025.24000000,231135.47130000
1777075200000,8.53000000,8.56000000,8.48000000,8.55000000,18083.20000000,154084.71150000
1777089600000,8.55000000,8.58000000,8.51000000,8.54000000,32715.30000000,279553.41930000
1777104000000,8.54000000,8.58000000,8.49000000,8.52000000,17321.22000000,148004.47790000
1777118400000,8.52000000,8.53000000,8.45000000,8.47000000,22168.74000000,188347.45000000
1777132800000,8.47000000,8.48000000,8.40000000,8.41000000,24066.60000000,202881.07660000
1777147200000,8.42000000,8.46000000,8.40000000,8.44000000,10331.43000000,87159.55220000
1777161600000,8.44000000,8.44000000,8.39000000,8.40000000,20242.73000000,170310.30470000
1777176000000,8.40000000,8.50000000,8.39000000,8.46000000,64762.76000000,547390.40460000
1777190400000,8.46000000,8.52000000,8.42000000,8.49000000,18931.86000000,160129.96450000
1777204800000,8.50000000,8.51000000,8.41000000,8.47000000,19998.96000000,169019.38070000
1777219200000,8.47000000,8.55000000,8.44000000,8.51000000,30667.62000000,260553.21350000
1777233600000,8.51000000,8.55000000,8.46000000,8.53000000,41957.10000000,357070.96670000
1777248000000,8.53000000,8.63000000,8.49000000,8.60000000,33262.09000000,285377.91430000
1777262400000,8.60000000,8.61000000,8.33000000,8.36000000,96554.44000000,813434.34500000
1777276800000,8.36000000,8.41000000,8.34000000,8.38000000,41163.52000000,344852.83980000
1777291200000,8.39000000,8.44000000,8.25000000,8.29000000,47080.63000000,392812.44230000
1777305600000,8.29000000,8.33000000,8.24000000,8.31000000,33166.73000000,274894.27790000
1777320000000,8.31000000,8.40000000,8.31000000,8.40000000,57717.25000000,481816.78550000
1777334400000,8.39000000,8.42000000,8.36000000,8.40000000,51636.28000000,433263.30210000
1777348800000,8.40000000,8.48000000,8.36000000,8.41000000,44736.69000000,376517.02860000
1777363200000,8.40000000,8.44000000,8.34000000,8.36000000,28332.93000000,237733.62850000
1777377600000,8.36000000,8.42000000,8.33000000,8.39000000,57962.24000000,485399.91960000
1777392000000,8.39000000,8.43000000,8.34000000,8.42000000,26470.00000000,221986.94450000
1777406400000,8.43000000,8.44000000,8.37000000,8.40000000,22965.92000000,193317.65170000
1777420800000,8.40000000,8.48000000,8.39000000,8.46000000,38272.50000000,322715.51820000
1777435200000,8.47000000,8.52000000,8.45000000,8.48000000,46555.69000000,394941.48090000
1777449600000,8.49000000,8.61000000,8.46000000,8.52000000,133007.99000000,1136812.43630000
1777464000000,8.53000000,8.53000000,8.29000000,8.30000000,99865.38000000,840748.27850000
1777478400000,8.30000000,8.36000000,8.13000000,8.24000000,113543.61000000,934381.30450000
1777492800000,8.24000000,8.36000000,8.24000000,8.34000000,34984.32000000,290633.16290000
1777507200000,8.34000000,8.41000000,8.30000000,8.35000000,30876.30000000,258213.72510000
1777521600000,8.35000000,8.36000000,8.27000000,8.35000000,30133.31000000,250564.79870000
1777536000000,8.36000000,8.43000000,8.34000000,8.39000000,37817.86000000,316935.36030000
1777550400000,8.39000000,8.47000000,8.36000000,8.42000000,41131.34000000,346302.89800000
1777564800000,8.42000000,8.43000000,8.34000000,8.36000000,28537.52000000,239040.11420000
1777579200000,8.36000000,8.37000000,8.31000000,8.35000000,18702.57000000,155984.21270000
1777593600000,8.34000000,8.46000000,8.34000000,8.41000000,34797.47000000,291976.92590000
1777608000000,8.41000000,8.43000000,8.36000000,8.38000000,13608.09000000,114185.26420000
1777622400000,8.38000000,8.45000000,8.34000000,8.45000000,113868.28000000,957652.14330000
1777636800000,8.45000000,8.52000000,8.41000000,8.48000000,105429.09000000,891409.99930000
1777651200000,8.49000000,8.50000000,8.44000000,8.46000000,25802.97000000,218552.39560000
1777665600000,8.46000000,8.47000000,8.38000000,8.41000000,31336.20000000,263791.36040000
1777680000000,8.41000000,8.47000000,8.40000000,8.45000000,20832.40000000,175935.59720000
1777694400000,8.45000000,8.46000000,8.40000000,8.44000000,16764.97000000,141328.49320000
1777708800000,8.44000000,8.54000000,8.44000000,8.47000000,41739.14000000,354589.98650000
1777723200000,8.48000000,8.52000000,8.46000000,8.52000000,48397.37000000,411224.70150000
1777737600000,8.52000000,8.57000000,8.50000000,8.56000000,20905.43000000,178349.54860000
1777752000000,8.57000000,8.59000000,8.52000000,8.53000000,47192.78000000,404161.40630000
1777766400000,8.53000000,8.53000000,8.42000000,8.44000000,26859.80000000,227145.25690000
1777780800000,8.45000000,8.48000000,8.43000000,8.45000000,21336.77000000,180492.55230000
1777795200000,8.45000000,8.50000000,8.43000000,8.48000000,27408.46000000,231863.64040000
1777809600000,8.48000000,8.50000000,8.44000000,8.47000000,26332.82000000,222944.70000000
1777824000000,8.47000000,8.53000000,8.46000000,8.50000000,26837.79000000,227715.76700000
1777838400000,8.50000000,8.56000000,8.46000000,8.48000000,30436.20000000,259175.49750000
1777852800000,8.48000000,8.71000000,8.43000000,8.71000000,105013.24000000,903696.08660000
1777867200000,8.71000000,8.73000000,8.62000000,8.67000000,100161.20000000,869821.16640000
1777881600000,8.66000000,8.73000000,8.49000000,8.63000000,117730.04000000,1014869.99950000
1777896000000,8.64000000,8.87000000,8.60000000,8.68000000,205792.97000000,1795349.77290000
1777910400000,8.68000000,8.77000000,8.61000000,8.71000000,48084.94000000,417508.73410000
1777924800000,8.71000000,8.76000000,8.66000000,8.68000000,34100.76000000,297089.36510000
1777939200000,8.68000000,8.87000000,8.68000000,8.84000000,90770.56000000,795769.76590000
1777953600000,8.84000000,8.87000000,8.75000000,8.82000000,81957.47000000,722796.34580000
1777968000000,8.82000000,9.05000000,8.82000000,8.95000000,137076.22000000,1220973.13270000
1777982400000,8.95000000,8.98000000,8.84000000,8.91000000,87063.92000000,775739.19820000
1777996800000,8.92000000,8.95000000,8.87000000,8.93000000,22125.89000000,197088.75280000
1778011200000,8.93000000,9.09000000,8.93000000,9.02000000,106357.44000000,958029.09610000
1778025600000,9.02000000,9.35000000,9.00000000,9.26000000,149728.55000000,1374065.77640000
1778040000000,9.27000000,9.37000000,9.20000000,9.25000000,208555.09000000,1935345.31580000
1778054400000,9.26000000,9.42000000,9.25000000,9.32000000,146325.21000000,1368907.32340000
1778068800000,9.33000000,9.50000000,9.16000000,9.45000000,284385.21000000,2654570.39710000
1778083200000,9.45000000,9.53000000,9.23000000,9.27000000,149725.87000000,1399733.59650000
1778097600000,9.27000000,9.40000000,9.25000000,9.40000000,44388.81000000,414122.33140000
1778112000000,9.39000000,9.40000000,9.13000000,9.13000000,152519.33000000,1406807.63270000
1778126400000,9.14000000,9.38000000,9.13000000,9.30000000,78261.52000000,725026.81300000
1778140800000,9.31000000,9.36000000,9.21000000,9.26000000,77816.46000000,723405.16480000
1778155200000,9.26000000,9.35000000,9.07000000,9.21000000,74686.44000000,685674.66720000
1778169600000,9.21000000,9.35000000,9.19000000,9.20000000,89133.73000000,825945.59330000
1778184000000,9.20000000,9.27000000,9.16000000,9.22000000,35550.07000000,327356.74250000
1778198400000,9.23000000,9.31000000,9.21000000,9.26000000,73796.48000000,683606.38250000
1778212800000,9.26000000,9.39000000,9.26000000,9.37000000,88352.33000000,824937.43380000
1778227200000,9.37000000,9.56000000,9.35000000,9.44000000,174311.12000000,1646616.24020000
1778241600000,9.45000000,9.65000000,9.32000000,9.63000000,177551.38000000,1677525.14820000
1778256000000,9.63000000,9.89000000,9.61000000,9.83000000,357658.88000000,3488181.93020000
1778270400000,9.83000000,9.87000000,9.75000000,9.77000000,79502.80000000,778804.91760000
1778284800000,9.78000000,9.83000000,9.71000000,9.75000000,47733.75000000,466169.25160000
1778299200000,9.75000000,9.93000000,9.71000000,9.73000000,68646.79000000,673590.78510000
1778313600000,9.74000000,9.76000000,9.55000000,9.59000000,77323.55000000,744311.93420000
1778328000000,9.59000000,9.61000000,9.45000000,9.48000000,95560.72000000,909107.40910000
1778342400000,9.48000000,9.57000000,9.42000000,9.57000000,37849.07000000,359380.75860000
1778356800000,9.56000000,9.64000000,9.53000000,9.59000000,45286.74000000,434269.65550000
1778371200000,9.59000000,9.69000000,9.54000000,9.63000000,45641.27000000,439209.18580000
1778385600000,9.63000000,9.72000000,9.60000000,9.67000000,53195.10000000,514350.32960000
1778400000000,9.67000000,9.72000000,9.56000000,9.58000000,56133.40000000,541838.59750000
1778414400000,9.58000000,9.72000000,9.56000000,9.71000000,65539.63000000,631566.62240000
1778428800000,9.71000000,9.98000000,9.68000000,9.91000000,140273.70000000,1380991.66490000
1778443200000,9.92000000,10.05000000,9.65000000,9.98000000,198601.87000000,1957509.60680000
1778457600000,9.97000000,10.08000000,9.68000000,9.79000000,103364.56000000,1021218.52780000
1778472000000,9.79000000,9.86000000,9.71000000,9.74000000,49689.20000000,485437.55760000
1778486400000,9.74000000,9.81000000,9.69000000,9.72000000,55736.14000000,541801.22850000
1778500800000,9.73000000,9.77000000,9.63000000,9.75000000,68026.15000000,660559.75020000
1778515200000,9.75000000,9.87000000,9.68000000,9.86000000,71566.79000000,700674.62470000
1778529600000,9.87000000,9.88000000,9.75000000,9.78000000,18678.02000000,183225.73950000
1778544000000,9.78000000,9.80000000,9.58000000,9.61000000,73271.27000000,707755.19420000
1778558400000,9.61000000,9.66000000,9.52000000,9.58000000,54329.01000000,521897.98000000
1778572800000,9.58000000,9.60000000,9.42000000,9.46000000,47073.30000000,447826.74450000
1778587200000,9.46000000,9.49000000,9.27000000,9.28000000,78840.22000000,739625.04270000
1778601600000,9.27000000,9.44000000,9.21000000,9.41000000,46167.46000000,430386.72690000
1778616000000,9.40000000,9.46000000,9.39000000,9.40000000,46736.65000000,440096.27540000
1778630400000,9.40000000,9.52000000,9.38000000,9.51000000,63086.93000000,596663.99530000
1778644800000,9.51000000,9.56000000,9.42000000,9.45000000,32417.49000000,307698.56080000
1778659200000,9.45000000,9.60000000,9.44000000,9.46000000,94308.58000000,897784.29420000
1778673600000,9.46000000,9.48000000,9.12000000,9.13000000,115884.50000000,1074093.56030000
1778688000000,9.14000000,9.31000000,9.13000000,9.22000000,30540.60000000,282438.81520000
1778702400000,9.23000000,9.27000000,9.17000000,9.25000000,23563.80000000,217278.03280000
1778716800000,9.26000000,9.29000000,9.14000000,9.14000000,52543.24000000,485003.83630000
1778731200000,9.15000000,9.31000000,9.14000000,9.25000000,57791.01000000,534450.30290000
1778745600000,9.25000000,9.28000000,9.20000000,9.22000000,22683.40000000,209262.68720000
1778760000000,9.22000000,9.47000000,9.22000000,9.46000000,53752.28000000,503374.67880000
1778774400000,9.46000000,9.69000000,9.42000000,9.52000000,92798.36000000,885795.00490000
1778788800000,9.53000000,9.58000000,9.46000000,9.47000000,102918.92000000,979359.77460000
1778803200000,9.47000000,9.53000000,9.37000000,9.47000000,71662.11000000,677172.55200000
1778817600000,9.46000000,9.47000000,9.27000000,9.40000000,44028.54000000,412014.66720000
1778832000000,9.40000000,9.40000000,9.30000000,9.30000000,22474.16000000,209834.88220000
1778846400000,9.30000000,9.31000000,8.90000000,9.02000000,134033.22000000,1214521.27460000
1778860800000,9.03000000,9.28000000,9.02000000,9.24000000,100334.14000000,920670.22820000
1778875200000,9.24000000,9.28000000,9.21000000,9.24000000,42886.66000000,396458.14710000
1778889600000,9.24000000,9.31000000,9.16000000,9.22000000,50067.60000000,462014.56560000
1778904000000,9.22000000,9.23000000,8.83000000,8.93000000,113327.45000000,1018651.35960000
1778918400000,8.93000000,8.98000000,8.76000000,8.87000000,161505.47000000,1428879.27910000
1778932800000,8.87000000,9.02000000,8.85000000,9.00000000,63683.06000000,568325.43640000
1778947200000,9.00000000,9.12000000,9.00000000,9.07000000,44258.97000000,401643.65100000
1778961600000,9.08000000,9.09000000,9.01000000,9.04000000,15356.79000000,139037.82800000
1778976000000,9.04000000,9.06000000,8.94000000,9.05000000,28817.48000000,259260.07890000
1778990400000,9.04000000,9.15000000,9.04000000,9.10000000,27078.24000000,246163.59180000
1779004800000,9.10000000,9.15000000,9.07000000,9.10000000,35725.68000000,324954.89420000
1779019200000,9.10000000,9.19000000,8.98000000,9.01000000,37133.37000000,337581.32880000
1779033600000,9.02000000,9.03000000,8.95000000,9.01000000,15904.85000000,142971.53940000
1779048000000,9.01000000,9.04000000,8.63000000,8.87000000,88234.13000000,775434.70130000
1779062400000,8.86000000,8.95000000,8.79000000,8.86000000,72103.90000000,639152.55730000
1779076800000,8.87000000,8.90000000,8.78000000,8.80000000,55567.27000000,491045.97840000
1779091200000,8.81000000,8.84000000,8.69000000,8.77000000,83324.40000000,729035.38760000
1779105600000,8.77000000,8.86000000,8.62000000,8.68000000,56313.46000000,492636.49630000
1779120000000,8.68000000,8.96000000,8.65000000,8.94000000,55096.93000000,483299.89490000
1779134400000,8.94000000,9.03000000,8.89000000,8.93000000,51713.59000000,463276.34850000
1779148800000,8.93000000,9.00000000,8.87000000,8.90000000,26212.79000000,234250.53570000
1779163200000,8.90000000,9.00000000,8.88000000,8.98000000,19518.57000000,174682.11090000
1779177600000,8.97000000,9.01000000,8.82000000,8.82000000,25176.64000000,224277.60130000
1779192000000,8.83000000,8.91000000,8.79000000,8.84000000,43887.30000000,388226.22740000
1779206400000,8.85000000,9.16000000,8.84000000,9.02000000,131261.94000000,1191193.65120000
1779220800000,9.02000000,9.04000000,8.91000000,8.97000000,27715.33000000,249260.83030000
1779235200000,8.97000000,8.98000000,8.85000000,8.91000000,17173.03000000,152838.58480000
1779249600000,8.91000000,9.05000000,8.88000000,9.03000000,23944.92000000,215064.02410000
1779264000000,9.03000000,9.09000000,8.95000000,8.96000000,29034.49000000,262218.77000000
1779278400000,8.96000000,9.12000000,8.91000000,9.08000000,37151.37000000,335025.41630000
1779292800000,9.08000000,9.12000000,8.96000000,9.05000000,59435.49000000,538042.40650000
1779307200000,9.04000000,9.08000000,8.93000000,9.00000000,31282.43000000,281630.01640000
1779321600000,9.01000000,9.08000000,8.99000000,9.07000000,19009.65000000,171853.21890000
1779336000000,9.07000000,9.09000000,8.95000000,9.04000000,24645.15000000,222164.30530000
1779350400000,9.04000000,9.07000000,8.86000000,8.86000000,40768.87000000,364446.28370000
1779364800000,8.87000000,8.96000000,8.84000000,8.91000000,43623.73000000,388197.03900000
1779379200000,8.92000000,9.05000000,8.86000000,9.03000000,37132.30000000,333171.49490000
1779393600000,9.03000000,9.05000000,8.96000000,8.98000000,30043.44000000,270908.04960000
1779408000000,8.97000000,9.14000000,8.95000000,9.14000000,40013.53000000,362660.89430000
1779422400000,9.15000000,9.20000000,9.05000000,9.15000000,114525.13000000,1045244.02290000
1779436800000,9.15000000,9.36000000,9.14000000,9.31000000,148633.28000000,1374747.31560000
1779451200000,9.32000000,9.51000000,9.11000000,9.13000000,214473.36000000,1994698.12870000
1779465600000,9.13000000,9.18000000,8.75000000,8.82000000,123777.16000000,1111624.62530000
1779480000000,8.83000000,8.91000000,8.71000000,8.79000000,42512.10000000,375747.33580000
1779494400000,8.78000000,8.95000000,8.72000000,8.90000000,66274.87000000,584783.56090000
1779508800000,8.90000000,8.91000000,8.60000000,8.68000000,78359.70000000,684556.10320000
1779523200000,8.67000000,8.71000000,8.60000000,8.67000000,59549.59000000,515623.41190000
1779537600000,8.66000000,8.90000000,8.64000000,8.86000000,53920.21000000,474201.67960000
1779552000000,8.86000000,9.00000000,8.85000000,8.94000000,36171.23000000,323066.18740000
1779566400000,8.94000000,9.19000000,8.92000000,9.00000000,87413.61000000,791366.35470000
1779580800000,9.01000000,9.06000000,8.97000000,8.98000000,39794.31000000,358754.54690000
1779595200000,8.99000000,9.05000000,8.94000000,8.99000000,17565.42000000,157933.62190000
1779609600000,8.99000000,9.16000000,8.97000000,9.09000000,121142.91000000,1100400.29260000
1779624000000,9.09000000,9.09000000,8.84000000,8.94000000,62321.38000000,558563.41710000
1779638400000,8.94000000,8.98000000,8.90000000,8.93000000,19650.97000000,175802.55420000
1779652800000,8.93000000,8.94000000,8.78000000,8.92000000,37790.26000000,335409.57670000
1779667200000,8.92000000,8.94000000,8.85000000,8.89000000,23979.57000000,213578.11530000
1779681600000,8.88000000,9.04000000,8.86000000,9.02000000,25847.11000000,232226.88720000
1779696000000,9.02000000,9.08000000,9.00000000,9.03000000,16565.72000000,149752.74190000
1779710400000,9.03000000,9.11000000,9.00000000,9.04000000,39279.57000000,355001.05000000
1779724800000,9.04000000,9.13000000,9.00000000,9.03000000,26307.03000000,238723.15190000
1779739200000,9.04000000,9.05000000,8.90000000,8.95000000,21708.21000000,194691.53050000
1779753600000,8.95000000,8.95000000,8.78000000,8.84000000,32328.12000000,285841.15450000
1779768000000,8.83000000,8.91000000,8.82000000,8.86000000,30290.98000000,268457.13770000
1779782400000,8.85000000,9.01000000,8.83000000,8.92000000,34660.23000000,309243.24940000
1779796800000,8.92000000,9.01000000,8.73000000,8.81000000,137760.59000000,1220544.34310000
1779811200000,8.80000000,8.81000000,8.58000000,8.65000000,113156.59000000,984398.74140000
1779825600000,8.65000000,8.68000000,8.61000000,8.63000000,37692.46000000,325983.22480000
1779840000000,8.63000000,8.72000000,8.61000000,8.64000000,37653.48000000,325989.70270000
1779854400000,8.64000000,8.67000000,8.51000000,8.65000000,47754.66000000,410863.83780000
1779868800000,8.66000000,8.68000000,8.56000000,8.56000000,38233.17000000,329772.39210000
1779883200000,8.56000000,8.72000000,8.51000000,8.68000000,76195.75000000,655532.84290000
1779897600000,8.68000000,8.70000000,8.51000000,8.60000000,22795.76000000,195780.48530000
1779912000000,8.60000000,8.63000000,8.40000000,8.45000000,67271.42000000,569639.06630000
1779926400000,8.45000000,8.48000000,8.21000000,8.24000000,93782.39000000,781877.25580000
1779940800000,8.24000000,8.25000000,8.12000000,8.22000000,72107.30000000,590776.91250000
1779955200000,8.22000000,8.23000000,8.12000000,8.14000000,83065.79000000,678469.37380000
1779969600000,8.14000000,8.20000000,8.06000000,8.15000000,119439.29000000,970525.07990000
1779984000000,8.15000000,8.38000000,8.12000000,8.27000000,146095.61000000,1212720.10150000
1779998400000,8.28000000,8.35000000,8.23000000,8.25000000,42617.57000000,353162.44300000
1780012800000,8.26000000,8.28000000,8.16000000,8.16000000,43831.30000000,361071.02850000
1780027200000,8.17000000,8.27000000,8.13000000,8.23000000,43225.90000000,355618.49540000
1780041600000,8.23000000,8.25000000,8.13000000,8.16000000,37381.00000000,306517.57250000
1780056000000,8.16000000,8.31000000,8.01000000,8.24000000,192197.85000000,1561808.72540000
1780070400000,8.25000000,8.31000000,8.12000000,8.17000000,48587.26000000,399689.41920000
1780084800000,8.17000000,8.25000000,8.16000000,8.21000000,26139.72000000,214217.52620000
1780099200000,8.20000000,8.39000000,8.20000000,8.31000000,82321.90000000,685231.81580000
1780113600000,8.32000000,8.32000000,8.21000000,8.26000000,43669.69000000,360735.85270000
1780128000000,8.26000000,8.28000000,8.23000000,8.25000000,14442.08000000,119218.32720000
1780142400000,8.25000000,8.28000000,8.22000000,8.25000000,14433.80000000,119087.46550000
1780156800000,8.24000000,8.29000000,8.22000000,8.25000000,16771.76000000,138441.73960000
1780171200000,8.26000000,8.27000000,8.18000000,8.21000000,15882.00000000,130662.14040000
1780185600000,8.22000000,8.28000000,8.21000000,8.25000000,13260.10000000,109262.98570000
1780200000000,8.26000000,8.28000000,8.19000000,8.20000000,9902.68000000,81602.38250000
1780214400000,8.21000000,8.24000000,8.17000000,8.21000000,12935.90000000,106208.34470000
1780228800000,8.21000000,8.22000000,8.09000000,8.11000000,53893.96000000,438579.31050000
1780243200000,8.11000000,8.13000000,8.05000000,8.12000000,26453.66000000,213934.41590000
1780257600000,8.13000000,8.23000000,8.12000000,8.18000000,25726.29000000,210067.85530000
1780272000000,8.18000000,8.24000000,8.06000000,8.18000000,37680.57000000,308011.41470000
1780286400000,8.19000000,8.20000000,8.01000000,8.03000000,53315.47000000,430797.09470000
1780300800000,8.04000000,8.09000000,7.99000000,8.06000000,62818.12000000,505792.43780000
1780315200000,8.07000000,8.10000000,7.95000000,8.00000000,94455.13000000,758141.74480000
1780329600000,8.00000000,8.15000000,7.96000000,8.12000000,45935.36000000,371391.04670000
1780344000000,8.12000000,8.12000000,8.01000000,8.09000000,28802.11000000,232441.33860000
1780358400000,8.09000000,8.10000000,7.92000000,8.07000000,36614.53000000,293279.36460000
1780372800000,8.08000000,8.08000000,7.94000000,8.00000000,27203.96000000,217551.93650000
1780387200000,8.00000000,8.02000000,7.93000000,7.96000000,27777.29000000,221340.51590000
1780401600000,7.95000000,8.00000000,7.62000000,7.73000000,172560.41000000,1343798.82950000
1780416000000,7.72000000,7.83000000,7.62000000,7.73000000,97799.49000000,755647.45200000
1780430400000,7.72000000,7.83000000,7.45000000,7.61000000,120644.62000000,921104.43230000
1780444800000,7.61000000,7.81000000,7.60000000,7.64000000,251216.66000000,1941537.57490000
1780459200000,7.64000000,7.95000000,7.63000000,7.89000000,78188.00000000,613749.92500000
1780473600000,7.90000000,7.92000000,7.82000000,7.86000000,39342.31000000,309598.46230000
1780488000000,7.86000000,7.91000000,7.80000000,7.82000000,72518.93000000,569920.74120000
1780502400000,7.82000000,7.84000000,7.70000000,7.74000000,43036.93000000,334262.62730000
1780516800000,7.73000000,7.86000000,7.61000000,7.72000000,51685.15000000,399701.21710000
1780531200000,7.72000000,7.79000000,7.21000000,7.63000000,230653.72000000,1725189.06750000
1780545600000,7.63000000,7.65000000,7.38000000,7.38000000,54773.91000000,409835.75620000
1780560000000,7.38000000,7.45000000,7.20000000,7.32000000,108618.11000000,792377.61470000
1780574400000,7.33000000,7.54000000,7.30000000,7.46000000,71053.78000000,528160.77040000
1780588800000,7.46000000,7.50000000,7.36000000,7.43000000,36785.30000000,273215.21920000
1780603200000,7.43000000,7.43000000,7.21000000,7.26000000,114279.92000000,830211.18430000
1780617600000,7.27000000,7.30000000,7.00000000,7.03000000,161570.94000000,1151250.58410000
1780632000000,7.04000000,7.19000000,6.70000000,6.99000000,220254.69000000,1523457.76960000
1780646400000,6.99000000,7.04000000,6.86000000,6.95000000,65107.15000000,452433.58190000
1780660800000,6.95000000,7.02000000,6.66000000,6.74000000,121478.14000000,830350.89270000
1780675200000,6.73000000,6.89000000,6.51000000,6.73000000,148073.60000000,992950.85690000
1780689600000,6.73000000,6.92000000,6.66000000,6.81000000,78180.97000000,532517.00290000
1780704000000,6.81000000,6.88000000,6.71000000,6.73000000,35138.97000000,239292.72130000
1780718400000,6.73000000,6.80000000,6.42000000,6.77000000,158381.31000000,1043597.21900000
1780732800000,6.78000000,6.86000000,6.66000000,6.76000000,41889.28000000,283692.67300000
1780747200000,6.76000000,6.86000000,6.73000000,6.79000000,40591.07000000,275882.74370000
1780761600000,6.78000000,6.81000000,6.71000000,6.72000000,23248.62000000,157132.20030000
1780776000000,6.72000000,6.80000000,6.70000000,6.79000000,15527.50000000,104808.98490000
1780790400000,6.79000000,6.95000000,6.78000000,6.93000000,30937.39000000,213274.78690000
1780804800000,6.93000000,7.08000000,6.90000000,7.06000000,39732.43000000,278904.91320000
1780819200000,7.06000000,7.17000000,7.01000000,7.06000000,22902.87000000,162004.75820000
1780833600000,7.06000000,7.06000000,6.92000000,7.02000000,38312.96000000,267638.71020000
1780848000000,7.02000000,7.06000000,6.87000000,6.91000000,25796.17000000,180222.69340000
1780862400000,6.90000000,7.23000000,6.90000000,7.11000000,45651.10000000,324049.82830000
1780876800000,7.12000000,7.14000000,7.00000000,7.07000000,26558.53000000,187693.64590000
1780891200000,7.07000000,7.09000000,6.97000000,7.08000000,15037.81000000,105722.04810000
1780905600000,7.07000000,7.22000000,7.03000000,7.17000000,63090.24000000,447994.42670000
1780920000000,7.17000000,7.23000000,7.13000000,7.16000000,27477.53000000,197077.81140000
1780934400000,7.16000000,7.21000000,7.11000000,7.15000000,15175.37000000,108522.16660000
1780948800000,7.14000000,7.19000000,7.09000000,7.10000000,16996.67000000,121209.37490000
1780963200000,7.11000000,7.11000000,6.90000000,6.97000000,42491.30000000,296382.46090000
1780977600000,6.97000000,7.11000000,6.95000000,7.06000000,31593.80000000,222710.60950000
1780992000000,7.06000000,7.06000000,6.99000000,7.04000000,29301.98000000,205519.46520000
1781006400000,7.03000000,7.07000000,6.90000000,6.91000000,32791.16000000,228759.18910000
1781020800000,6.92000000,7.05000000,6.83000000,7.04000000,37900.93000000,262501.00980000
1781035200000,7.05000000,7.08000000,6.98000000,7.00000000,11505.15000000,80771.05580000
1781049600000,7.00000000,7.04000000,6.92000000,6.95000000,16504.10000000,115239.47460000
1781064000000,6.95000000,6.98000000,6.90000000,6.96000000,15669.24000000,108628.05560000
1781078400000,6.96000000,6.97000000,6.87000000,6.90000000,22837.71000000,158148.38150000
1781092800000,6.89000000,7.09000000,6.88000000,7.05000000,48792.41000000,341695.14570000
1781107200000,7.05000000,7.06000000,6.88000000,6.90000000,29791.51000000,208481.31640000
1781121600000,6.90000000,6.97000000,6.80000000,6.96000000,22181.03000000,152799.78220000
1781136000000,6.96000000,7.12000000,6.96000000,7.10000000,17740.12000000,124582.48730000
1781150400000,7.10000000,7.17000000,7.05000000,7.09000000,26556.52000000,188422.92400000
1781164800000,7.09000000,7.17000000,7.08000000,7.15000000,24122.30000000,171766.40940000
1781179200000,7.14000000,7.18000000,7.06000000,7.13000000,32389.03000000,230680.29570000
1781193600000,7.13000000,7.39000000,7.12000000,7.27000000,102389.25000000,743323.11980000
1781208000000,7.27000000,7.31000000,7.24000000,7.25000000,15082.16000000,109717.48440000
1781222400000,7.25000000,7.31000000,7.22000000,7.31000000,15858.07000000,115135.27070000
1781236800000,7.31000000,7.34000000,7.19000000,7.22000000,29439.78000000,213406.88020000
1781251200000,7.22000000,7.38000000,7.21000000,7.25000000,102380.70000000,746859.36290000
1781265600000,7.25000000,7.33000000,7.19000000,7.21000000,42660.80000000,309729.33960000
1781280000000,7.22000000,7.28000000,7.14000000,7.15000000,26783.67000000,193099.59700000
1781294400000,7.15000000,7.18000000,7.11000000,7.15000000,16211.07000000,115790.60100000
1781308800000,7.16000000,7.21000000,7.13000000,7.15000000,15789.51000000,113261.83320000
1781323200000,7.15000000,7.20000000,7.10000000,7.19000000,30792.64000000,220292.92210000
1781337600000,7.19000000,7.21000000,7.17000000,7.20000000,14832.65000000,106635.04770000
1781352000000,7.20000000,7.24000000,7.16000000,7.22000000,32773.77000000,235807.31290000
1781366400000,7.22000000,7.23000000,7.17000000,7.19000000,16328.71000000,117498.14200000
1781380800000,7.19000000,7.24000000,7.17000000,7.19000000,13280.92000000,95637.11880000
1781395200000,7.19000000,7.19000000,7.14000000,7.16000000,31736.22000000,227641.93400000
1781409600000,7.16000000,7.17000000,7.10000000,7.11000000,21511.91000000,153377.78870000
1781424000000,7.10000000,7.17000000,7.10000000,7.11000000,43404.57000000,309909.19870000
1781438400000,7.11000000,7.12000000,6.98000000,7.00000000,30460.82000000,214511.61280000
1781452800000,7.00000000,7.02000000,6.91000000,6.95000000,40784.65000000,284019.95200000
1781467200000,6.95000000,7.23000000,6.95000000,7.22000000,44309.24000000,316037.51670000
1781481600000,7.22000000,7.32000000,7.15000000,7.28000000,45390.48000000,328669.54520000
1781496000000,7.28000000,7.30000000,7.23000000,7.26000000,32275.42000000,234212.03320000
1781510400000,7.26000000,7.43000000,7.23000000,7.41000000,48046.61000000,351777.27320000
1781524800000,7.42000000,7.56000000,7.38000000,7.54000000,127857.03000000,955824.70750000
1781539200000,7.54000000,7.68000000,7.40000000,7.43000000,75961.11000000,571849.29340000
1781553600000,7.43000000,7.50000000,7.37000000,7.41000000,43513.21000000,323537.89380000
1781568000000,7.41000000,7.45000000,7.26000000,7.40000000,52580.43000000,385922.17400000
1781582400000,7.40000000,7.42000000,7.33000000,7.39000000,48353.97000000,356979.78740000
1781596800000,7.40000000,7.48000000,7.35000000,7.38000000,26796.77000000,198799.16540000
1781611200000,7.38000000,7.47000000,7.24000000,7.32000000,34327.06000000,252145.95470000
1781625600000,7.33000000,7.43000000,7.29000000,7.38000000,20771.90000000,153015.56740000
1781640000000,7.39000000,7.46000000,7.36000000,7.38000000,16067.57000000,119045.52200000
1781654400000,7.39000000,7.54000000,7.38000000,7.44000000,32072.36000000,239139.04350000
1781668800000,7.45000000,7.49000000,7.35000000,7.39000000,24572.79000000,182323.90610000
1781683200000,7.40000000,7.40000000,7.28000000,7.29000000,39524.65000000,290100.69200000
1781697600000,7.30000000,7.45000000,7.27000000,7.45000000,23225.66000000,170575.57880000
1781712000000,7.46000000,7.48000000,7.24000000,7.26000000,83362.92000000,611283.65860000
1781726400000,7.26000000,7.33000000,7.20000000,7.32000000,16485.09000000,120041.87420000
1781740800000,7.33000000,7.40000000,7.25000000,7.26000000,16154.62000000,118685.50490000
1781755200000,7.27000000,7.27000000,7.13000000,7.19000000,28201.32000000,202803.48780000
1781769600000,7.20000000,7.21000000,7.13000000,7.15000000,28906.33000000,207376.73080000
1781784000000,7.16000000,7.23000000,6.94000000,6.99000000,74198.29000000,525819.72970000
1781798400000,6.99000000,7.16000000,6.98000000,7.16000000,60367.30000000,426019.55790000
1781812800000,7.16000000,7.22000000,7.16000000,7.22000000,8750.25000000,62926.89580000
1781827200000,7.22000000,7.30000000,7.16000000,7.19000000,30103.72000000,217280.09450000
1781841600000,7.20000000,7.22000000,7.08000000,7.11000000,17252.80000000,123180.09300000
1781856000000,7.11000000,7.25000000,7.10000000,7.23000000,25471.01000000,182402.05930000
1781870400000,7.24000000,7.45000000,7.24000000,7.40000000,146048.25000000,1076550.72540000
1781884800000,7.40000000,7.77000000,7.39000000,7.47000000,223647.69000000,1697639.62320000
1781899200000,7.48000000,7.71000000,7.48000000,7.60000000,161427.15000000,1228536.29410000
1781913600000,7.61000000,7.68000000,7.53000000,7.64000000,72176.73000000,548317.80510000
1781928000000,7.64000000,7.67000000,7.51000000,7.53000000,41559.73000000,315547.66970000
1781942400000,7.53000000,7.70000000,7.49000000,7.68000000,38714.78000000,295156.75090000
1781956800000,7.68000000,7.69000000,7.48000000,7.58000000,91946.21000000,694788.91660000
1781971200000,7.57000000,7.57000000,7.40000000,7.41000000,22981.10000000,171761.07030000
1781985600000,7.40000000,7.50000000,7.36000000,7.46000000,24655.76000000,182810.96990000
1782000000000,7.46000000,7.46000000,7.40000000,7.43000000,15711.42000000,116676.83130000
1782014400000,7.43000000,7.45000000,7.39000000,7.40000000,14065.06000000,104336.53760000
1782028800000,7.41000000,7.45000000,7.31000000,7.36000000,34347.98000000,253491.91860000
1782043200000,7.36000000,7.39000000,7.32000000,7.38000000,17422.95000000,128207.08440000
1782057600000,7.39000000,7.42000000,7.33000000,7.39000000,10851.01000000,80146.67070000
1782072000000,7.39000000,7.40000000,7.23000000,7.30000000,25050.59000000,183028.84730000
1782086400000,7.30000000,7.44000000,7.27000000,7.30000000,23595.39000000,173242.61270000
1782100800000,7.31000000,7.34000000,7.27000000,7.32000000,13318.75000000,97303.13350000
1782115200000,7.32000000,7.36000000,7.28000000,7.35000000,15154.19000000,110865.00940000
1782129600000,7.35000000,7.45000000,7.29000000,7.30000000,36424.63000000,268859.43850000
1782144000000,7.30000000,7.35000000,7.21000000,7.24000000,21620.36000000,157372.37570000
1782158400000,7.24000000,7.26000000,7.12000000,7.18000000,23091.07000000,165594.35700000
1782172800000,7.18000000,7.22000000,7.12000000,7.16000000,17162.04000000,122785.43700000
1782187200000,7.17000000,7.17000000,6.98000000,7.01000000,91952.44000000,649188.54040000
1782201600000,7.02000000,7.05000000,6.92000000,7.01000000,64018.16000000,447310.74160000
1782216000000,7.01000000,7.02000000,6.87000000,6.92000000,55554.58000000,385644.81720000
1782230400000,6.92000000,6.98000000,6.84000000,6.96000000,76165.25000000,526335.27090000
1782244800000,6.97000000,7.08000000,6.97000000,7.07000000,60724.73000000,427212.48100000
1782259200000,7.07000000,7.16000000,7.06000000,7.08000000,41647.83000000,295808.52520000
1782273600000,7.08000000,7.18000000,7.06000000,7.08000000,49925.40000000,354786.20080000
1782288000000,7.08000000,7.09000000,6.98000000,7.03000000,33321.00000000,234542.33510000
1782302400000,7.02000000,7.05000000,6.79000000,6.82000000,109479.70000000,754645.23130000
1782316800000,6.81000000,6.89000000,6.60000000,6.85000000,206025.13000000,1390904.36120000
1782331200000,6.85000000,7.03000000,6.84000000,7.00000000,104618.34000000,727494.88310000
1782345600000,7.00000000,7.14000000,7.00000000,7.05000000,100550.15000000,709592.89160000
1782360000000,7.05000000,7.18000000,7.03000000,7.15000000,51956.57000000,369846.99510000
1782374400000,7.14000000,7.15000000,7.06000000,7.07000000,16957.65000000,120649.44920000
1782388800000,7.07000000,7.11000000,6.70000000,6.93000000,157638.53000000,1092897.69520000
1782403200000,6.94000000,7.17000000,6.93000000,7.12000000,149768.42000000,1057531.62910000
1782417600000,7.13000000,7.17000000,7.02000000,7.04000000,29916.61000000,212063.46170000
1782432000000,7.04000000,7.05000000,6.83000000,6.97000000,50543.80000000,349994.89950000
1782446400000,6.97000000,7.09000000,6.91000000,7.03000000,41095.37000000,287353.37300000
1782460800000,7.03000000,7.08000000,6.94000000,6.95000000,39437.41000000,275747.61010000
1782475200000,6.95000000,7.16000000,6.88000000,7.12000000,91836.19000000,642436.05160000
1782489600000,7.13000000,7.35000000,7.08000000,7.31000000,43666.81000000,314712.63670000
1782504000000,7.32000000,7.40000000,7.22000000,7.26000000,53204.83000000,388777.69620000
1782518400000,7.25000000,7.30000000,7.21000000,7.24000000,17594.15000000,127623.78880000
1782532800000,7.24000000,7.34000000,7.23000000,7.30000000,24865.49000000,180988.20190000
1782547200000,7.30000000,7.34000000,7.23000000,7.27000000,26453.66000000,192545.40990000
1782561600000,7.27000000,7.28000000,7.22000000,7.27000000,20094.10000000,145655.33000000
1782576000000,7.28000000,7.29000000,7.13000000,7.15000000,37472.97000000,269176.98360000
1782590400000,7.15000000,7.19000000,7.10000000,7.11000000,30947.10000000,220699.76160000
1782604800000,7.11000000,7.17000000,7.06000000,7.13000000,19152.32000000,136386.47210000
1782619200000,7.13000000,7.14000000,7.07000000,7.11000000,11844.79000000,84215.74540000
1782633600000,7.11000000,7.14000000,7.03000000,7.06000000,21298.59000000,150948.80270000
1782648000000,7.06000000,7.09000000,7.01000000,7.03000000,20371.66000000,143492.66020000
1782662400000,7.03000000,7.10000000,6.99000000,7.02000000,22377.54000000,157245.76070000
1782676800000,7.02000000,7.08000000,6.97000000,7.05000000,19147.65000000,134331.69920000
1782691200000,7.05000000,7.09000000,6.97000000,7.06000000,28659.59000000,201582.49210000
1782705600000,7.06000000,7.11000000,7.01000000,7.05000000,32546.81000000,229536.02580000
1782720000000,7.05000000,7.07000000,7.00000000,7.03000000,35669.05000000,250668.61570000
1782734400000,7.04000000,7.13000000,6.93000000,7.04000000,48334.30000000,340308.52570000
1782748800000,7.04000000,7.16000000,7.01000000,7.14000000,26243.98000000,186794.10870000
1782763200000,7.14000000,7.16000000,7.11000000,7.14000000,9613.22000000,68625.78660000
1782777600000,7.14000000,7.16000000,7.02000000,7.06000000,13435.22000000,95046.89290000
1782792000000,7.06000000,7.08000000,7.01000000,7.02000000,44890.73000000,315939.60760000
1782806400000,7.02000000,7.11000000,6.96000000,6.99000000,56237.71000000,393043.47940000
1782820800000,6.98000000,7.03000000,6.90000000,6.97000000,36736.26000000,255760.49120000
1782835200000,6.97000000,7.00000000,6.93000000,6.95000000,24286.19000000,169218.50360000
1782849600000,6.94000000,6.95000000,6.87000000,6.89000000,21805.05000000,150568.96170000
1782864000000,6.89000000,6.97000000,6.76000000,6.95000000,40651.41000000,279198.95020000
1782878400000,6.95000000,6.97000000,6.83000000,6.87000000,16208.46000000,111931.02170000
1782892800000,6.86000000,6.90000000,6.82000000,6.84000000,21687.47000000,148623.12720000
1782907200000,6.84000000,7.06000000,6.79000000,7.02000000,100887.10000000,699747.64940000
1782921600000,7.02000000,7.03000000,6.95000000,6.95000000,35729.27000000,249921.19930000
1782936000000,6.95000000,7.11000000,6.94000000,7.01000000,43181.09000000,303974.24480000
1782950400000,7.02000000,7.11000000,6.97000000,7.09000000,28555.11000000,201057.88520000
1782964800000,7.09000000,7.09000000,6.99000000,7.03000000,28418.08000000,199684.91780000
1782979200000,7.02000000,7.16000000,7.01000000,7.13000000,46796.46000000,332774.36420000
1782993600000,7.13000000,7.24000000,7.10000000,7.12000000,54866.79000000,393019.51490000
1783008000000,7.13000000,7.13000000,7.07000000,7.08000000,17193.97000000,122110.31940000
1783022400000,7.09000000,7.10000000,7.06000000,7.07000000,9517.72000000,67373.55970000
1783036800000,7.08000000,7.12000000,7.04000000,7.07000000,21612.45000000,152903.64740000
1783051200000,7.08000000,7.16000000,7.06000000,7.11000000,23293.11000000,165465.70690000
1783065600000,7.12000000,7.29000000,7.10000000,7.28000000,46898.76000000,336866.76520000
1783080000000,7.28000000,7.30000000,7.15000000,7.18000000,48327.98000000,348628.77260000
1783094400000,7.19000000,7.26000000,7.18000000,7.22000000,16167.67000000,116918.85150000
1783108800000,7.21000000,7.31000000,7.21000000,7.23000000,25296.25000000,183838.57290000
1783123200000,7.23000000,7.25000000,7.12000000,7.17000000,30139.34000000,216354.76740000
1783137600000,7.17000000,7.22000000,7.12000000,7.16000000,16754.31000000,120156.99200000
1783152000000,7.16000000,7.36000000,7.14000000,7.33000000,108053.47000000,785716.95940000
1783166400000,7.34000000,7.38000000,7.27000000,7.36000000,47314.95000000,346791.11390000
1783180800000,7.35000000,7.39000000,7.30000000,7.31000000,32201.60000000,236617.46730000
1783195200000,7.31000000,7.33000000,7.23000000,7.26000000,17963.47000000,130950.23030000
1783209600000,7.26000000,7.27000000,7.14000000,7.14000000,30998.49000000,223725.41830000
1783224000000,7.14000000,7.17000000,7.04000000,7.10000000,34672.58000000,245893.77470000
1783238400000,7.11000000,7.12000000,7.03000000,7.10000000,22452.67000000,158968.29770000
1783252800000,7.10000000,7.18000000,7.08000000,7.18000000,57971.84000000,413653.68080000
1783267200000,7.17000000,7.17000000,7.12000000,7.14000000,27857.17000000,199070.77510000
1783281600000,7.14000000,7.28000000,7.11000000,7.24000000,66229.21000000,478164.69630000
1783296000000,7.24000000,7.25000000,7.08000000,7.11000000,41099.17000000,293940.72730000
1783310400000,7.11000000,7.13000000,7.04000000,7.10000000,51673.60000000,366566.90710000
1783324800000,7.10000000,7.16000000,7.08000000,7.09000000,32229.86000000,229430.85760000
1783339200000,7.08000000,7.18000000,6.97000000,7.16000000,69289.61000000,488856.04910000
1783353600000,7.16000000,7.20000000,7.10000000,7.13000000,43634.54000000,311805.19450000
1783368000000,7.13000000,7.20000000,7.09000000,7.11000000,32837.21000000,234722.07520000
1783382400000,7.11000000,7.17000000,7.01000000,7.03000000,35245.99000000,249529.78440000
1783396800000,7.03000000,7.05000000,6.99000000,7.03000000,47159.01000000,331653.67950000
1783411200000,7.03000000,7.05000000,6.99000000,7.00000000,49183.20000000,345184.18350000
1783425600000,7.00000000,7.06000000,6.91000000,7.05000000,44579.09000000,311287.94060000
1783440000000,7.05000000,7.08000000,6.95000000,6.98000000,26529.70000000,186355.86530000
1783454400000,6.98000000,7.00000000,6.88000000,6.96000000,29913.22000000,207816.64890000
1783468800000,6.97000000,7.00000000,6.83000000,6.87000000,43788.83000000,302738.42630000
1783483200000,6.87000000,6.96000000,6.86000000,6.92000000,33765.64000000,233143.97780000
1783497600000,6.93000000,6.97000000,6.82000000,6.94000000,60265.48000000,415843.53730000
1783512000000,6.93000000,6.95000000,6.85000000,6.85000000,31313.94000000,216583.41940000
1783526400000,6.85000000,6.95000000,6.85000000,6.87000000,12733.69000000,87752.22960000
1783540800000,6.87000000,6.91000000,6.86000000,6.90000000,12125.28000000,83587.50340000
1783555200000,6.90000000,7.00000000,6.88000000,6.95000000,34209.87000000,237028.83620000
1783569600000,6.95000000,7.04000000,6.95000000,7.02000000,53136.16000000,372157.37220000
1783584000000,7.02000000,7.04000000,6.98000000,7.00000000,22720.93000000,159386.05500000
1783598400000,7.00000000,7.04000000,6.96000000,7.00000000,28645.63000000,200746.59680000
1783612800000,7.00000000,7.05000000,6.97000000,7.03000000,18922.93000000,132664.71280000
1783627200000,7.03000000,7.06000000,7.01000000,7.04000000,14191.41000000,99781.69040000
1783641600000,7.03000000,7.11000000,7.01000000,7.05000000,40778.23000000,287869.03370000
1783656000000,7.05000000,7.09000000,7.04000000,7.05000000,22510.10000000,159060.23900000
1783670400000,7.05000000,7.14000000,7.04000000,7.09000000,67809.60000000,481594.44730000
1783684800000,7.09000000,7.12000000,7.03000000,7.08000000,30699.96000000,217344.91130000
1783699200000,7.09000000,7.12000000,7.05000000,7.08000000,19334.85000000,137084.77690000
1783713600000,7.08000000,7.09000000,7.06000000,7.06000000,5605.64000000,39667.32150000
1783728000000,7.06000000,7.11000000,7.05000000,7.10000000,15754.82000000,111569.06590000
1783742400000,7.11000000,7.13000000,7.09000000,7.09000000,10170.63000000,72313.96660000
1783756800000,7.09000000,7.12000000,7.06000000,7.07000000,13582.44000000,96308.47330000
1783771200000,7.07000000,7.13000000,7.06000000,7.10000000,39529.54000000,280386.19190000
1783785600000,7.10000000,7.13000000,7.08000000,7.08000000,8151.59000000,57869.71160000
1783800000000,7.08000000,7.10000000,6.96000000,6.96000000,30140.88000000,211917.84460000
1783814400000,6.96000000,6.96000000,6.81000000,6.92000000,52860.53000000,364472.56980000
1783828800000,6.92000000,6.93000000,6.83000000,6.86000000,38814.82000000,267127.91850000
1783843200000,6.86000000,6.90000000,6.85000000,6.90000000,14942.46000000,102535.75600000
1783857600000,6.89000000,6.97000000,6.89000000,6.94000000,28942.90000000,200489.74230000
1783872000000,6.94000000,6.94000000,6.90000000,6.91000000,32041.39000000,221613.10490000
1783886400000,6.91000000,6.93000000,6.83000000,6.85000000,35710.81000000,245992.15600000
1783900800000,6.85000000,6.95000000,6.82000000,6.88000000,47910.98000000,329548.92540000
1783915200000,6.88000000,6.99000000,6.85000000,6.97000000,31447.88000000,217397.56070000
1783929600000,6.96000000,7.09000000,6.93000000,6.96000000,56956.85000000,399739.25210000
1783944000000,6.96000000,6.97000000,6.90000000,6.94000000,49096.45000000,340928.03600000
1783958400000,6.93000000,6.98000000,6.86000000,6.91000000,58255.83000000,403392.03520000
1783972800000,6.91000000,6.91000000,6.81000000,6.88000000,27092.46000000,186009.76850000
1783987200000,6.89000000,6.93000000,6.83000000,6.86000000,15684.43000000,107931.04840000
1784001600000,6.86000000,7.00000000,6.85000000,6.91000000,173394.39000000,1203271.55040000
1784016000000,6.90000000,6.93000000,6.86000000,6.86000000,19460.03000000,133897.60560000
1784030400000,6.87000000,7.12000000,6.86000000,7.06000000,111451.36000000,779807.40430000
1784044800000,7.07000000,7.09000000,7.02000000,7.07000000,26017.15000000,183846.43800000
1784059200000,7.08000000,7.12000000,7.06000000,7.09000000,19294.32000000,136918.99540000
1784073600000,7.10000000,7.12000000,7.02000000,7.04000000,14434.13000000,102063.96590000
1784088000000,7.04000000,7.08000000,6.99000000,7.00000000,20804.50000000,146331.14790000
1784102400000,7.00000000,7.08000000,6.99000000,7.04000000,29452.15000000,207457.11060000
1784116800000,7.04000000,7.23000000,7.04000000,7.13000000,103412.24000000,739266.34500000
1784131200000,7.13000000,7.14000000,7.05000000,7.08000000,43161.81000000,305772.72380000
1784145600000,7.08000000,7.11000000,7.07000000,7.08000000,22842.50000000,162054.33190000
1784160000000,7.08000000,7.10000000,7.02000000,7.07000000,19488.74000000,137427.50170000
1784174400000,7.07000000,7.09000000,7.02000000,7.04000000,19629.41000000,138471.45750000
1784188800000,7.04000000,7.04000000,6.95000000,6.96000000,47414.38000000,331003.36150000
1784203200000,6.96000000,7.07000000,6.94000000,7.03000000,34398.42000000,241021.05990000
1784217600000,7.03000000,7.06000000,6.99000000,7.00000000,35741.37000000,251031.03900000
1784232000000,7.00000000,7.02000000,6.91000000,6.94000000,12613.56000000,87860.48520000
1784246400000,6.94000000,7.00000000,6.88000000,6.95000000,34826.34000000,241438.06890000
1784260800000,6.95000000,6.95000000,6.86000000,6.90000000,27749.41000000,191666.60210000
1784275200000,6.89000000,6.97000000,6.88000000,6.94000000,32703.19000000,226621.48050000
1784289600000,6.95000000,7.03000000,6.87000000,7.03000000,41682.97000000,289991.88730000
1784304000000,7.04000000,7.10000000,6.99000000,7.02000000,36541.30000000,257827.77610000
1784318400000,7.02000000,7.05000000,7.01000000,7.04000000,5601.75000000,39378.83970000
1784332800000,7.04000000,7.07000000,7.01000000,7.07000000,42033.11000000,296037.07980000
1784347200000,7.07000000,7.08000000,7.02000000,7.07000000,16621.88000000,117236.52550000
1784361600000,7.06000000,7.08000000,7.00000000,7.01000000,23385.50000000,164618.00720000
1784376000000,7.01000000,7.07000000,7.00000000,7.00000000,20797.10000000,146095.09640000
1784390400000,7.00000000,7.03000000,6.96000000,6.98000000,48557.89000000,338840.07280000
1784404800000,6.97000000,7.01000000,6.96000000,7.01000000,12744.15000000,89030.41620000
1784419200000,7.01000000,7.05000000,7.00000000,7.01000000,10378.78000000,72956.36910000
1784433600000,7.01000000,7.02000000,6.95000000,6.97000000,18356.71000000,128209.44160000
1784448000000,6.97000000,6.99000000,6.92000000,6.92000000,16577.77000000,115441.77710000
1784462400000,6.92000000,6.95000000,6.90000000,6.91000000,36231.84000000,250901.59800000
1784476800000,6.91000000,6.97000000,6.81000000,6.96000000,85194.53000000,586368.18930000
1784491200000,6.96000000,7.02000000,6.92000000,6.95000000,71897.50000000,500402.59370000
1784505600000,6.95000000,6.99000000,6.86000000,6.92000000,58507.91000000,404115.44660000
1784520000000,6.92000000,6.92000000,6.75000000,6.80000000,106544.35000000,725213.65390000
1784534400000,6.80000000,6.86000000,6.73000000,6.83000000,112548.58000000,765091.37920000
1784548800000,6.84000000,6.94000000,6.78000000,6.94000000,48045.64000000,328603.27500000
1784563200000,6.95000000,7.04000000,6.88000000,6.95000000,54936.21000000,382047.58230000
1784577600000,6.96000000,6.99000000,6.89000000,6.92000000,22938.53000000,159168.83580000
1784592000000,6.92000000,6.98000000,6.88000000,6.97000000,67465.44000000,467275.08690000
1784606400000,6.98000000,7.04000000,6.94000000,7.04000000,37635.91000000,263112.60190000
1784620800000,7.03000000,7.10000000,7.01000000,7.06000000,55679.92000000,392875.01000000
1784635200000,7.06000000,7.08000000,6.99000000,7.00000000,36837.49000000,258893.24700000
1784649600000,7.00000000,7.03000000,6.96000000,7.01000000,26248.37000000,183876.30380000
1784664000000,7.01000000,7.02000000,6.98000000,7.00000000,16193.07000000,113161.07080000
1784678400000,7.00000000,7.04000000,6.98000000,6.98000000,40653.92000000,285067.68370000
1784692800000,6.98000000,7.01000000,6.91000000,6.94000000,15495.03000000,107656.65820000
1784707200000,6.93000000,6.98000000,6.93000000,6.94000000,16412.38000000,114202.24170000
1784721600000,6.94000000,7.03000000,6.93000000,7.01000000,19854.15000000,138330.57030000
1784736000000,7.01000000,7.04000000,6.94000000,6.94000000,30703.82000000,214367.47390000
1784750400000,6.94000000,6.96000000,6.90000000,6.94000000,14992.73000000,104025.26230000
1784764800000,6.94000000,6.97000000,6.90000000,6.92000000,13884.79000000,96207.84200000
1784779200000,6.91000000,6.95000000,6.90000000,6.91000000,21200.87000000,146904.50330000
1784793600000,6.91000000,6.99000000,6.91000000,6.98000000,20439.68000000,142254.18600000
1784808000000,6.97000000,7.00000000,6.80000000,6.85000000,78015.38000000,538705.07950000
1784822400000,6.85000000,6.87000000,6.80000000,6.83000000,22165.72000000,151579.87380000
1784836800000,6.83000000,6.88000000,6.82000000,6.83000000,34618.65000000,236699.35610000
1784851200000,6.84000000,6.85000000,6.64000000,6.76000000,206234.76000000,1392165.40940000
1784865600000,6.75000000,6.79000000,6.72000000,6.77000000,49423.58000000,333853.15820000
1784880000000,6.78000000,6.79000000,6.70000000,6.72000000,37480.16000000,252656.54030000
1784894400000,6.71000000,6.74000000,6.60000000,6.66000000,93372.21000000,621045.17870000
1784908800000,6.66000000,6.67000000,6.60000000,6.62000000,53702.65000000,355860.36340000
1784923200000,6.62000000,6.63000000,6.50000000,6.56000000,52182.49000000,342118.26540000
1784937600000,6.57000000,6.61000000,6.54000000,6.60000000,34229.05000000,224828.08450000
1784952000000,6.60000000,6.63000000,6.58000000,6.60000000,60546.85000000,399929.12970000
1784966400000,6.60000000,6.63000000,6.57000000,6.58000000,33830.89000000,223126.34440000
1784980800000,6.58000000,6.64000000,6.58000000,6.63000000,23477.73000000,155142.36260000
1784995200000,6.63000000,6.74000000,6.63000000,6.69000000,36844.40000000,246805.73310000
1785009600000,6.69000000,6.73000000,6.68000000,6.70000000,13542.07000000,90795.74360000
1785024000000,6.71000000,6.91000000,6.70000000,6.90000000,99320.89000000,677506.21930000
1785038400000,6.91000000,7.04000000,6.84000000,7.04000000,83538.17000000,579328.58750000
1785052800000,7.03000000,7.08000000,6.93000000,6.99000000,65308.44000000,457291.00560000
1785067200000,7.00000000,7.02000000,6.89000000,6.97000000,40749.80000000,282626.11340000
1785081600000,6.97000000,7.20000000,6.97000000,7.07000000,234874.32000000,1672514.41720000
1785096000000,7.08000000,7.13000000,7.05000000,7.10000000,38720.13000000,274544.51710000
1785110400000,7.10000000,7.12000000,7.01000000,7.02000000,44042.36000000,310816.55660000
1785124800000,7.02000000,7.06000000,7.00000000,7.00000000,63091.07000000,443439.52560000
1785139200000,7.00000000,7.04000000,6.97000000,7.02000000,22080.07000000,154612.42080000
1785153600000,7.01000000,7.04000000,6.87000000,6.90000000,73392.99000000,510694.20060000
1785168000000,6.90000000,6.98000000,6.89000000,6.93000000,28487.40000000,197613.71250000
1785182400000,6.93000000,6.96000000,6.75000000,6.79000000,58800.61000000,401718.87050000
1785196800000,6.79000000,6.81000000,6.69000000,6.79000000,34384.92000000,232367.23370000
1785211200000,6.79000000,6.79000000,6.71000000,6.73000000,18472.56000000,124740.11590000
1785225600000,6.73000000,6.75000000,6.71000000,6.72000000,20251.16000000,136310.61970000
1785240000000,6.71000000,6.78000000,6.64000000,6.78000000,51839.34000000,348121.32330000
1785254400000,6.78000000,6.80000000,6.70000000,6.75000000,56476.32000000,380847.73400000
1785268800000,6.75000000,6.78000000,6.71000000,6.76000000,17159.67000000,115747.84190000
1785283200000,6.76000000,6.78000000,6.66000000,6.67000000,25651.26000000,171988.29410000
1785297600000,6.67000000,6.73000000,6.63000000,6.72000000,26972.11000000,180092.34480000
1785312000000,6.72000000,6.73000000,6.68000000,6.70000000,14895.29000000,99881.97800000
1785326400000,6.70000000,6.71000000,6.64000000,6.66000000,21604.45000000,144283.10600000
1785340800000,6.65000000,6.78000000,6.63000000,6.66000000,32991.49000000,220879.63580000
1785355200000,6.65000000,6.69000000,6.58000000,6.68000000,26050.68000000,172669.09300000
1785369600000,6.69000000,6.77000000,6.67000000,6.75000000,25976.55000000,174868.86160000
1785384000000,6.75000000,6.77000000,6.72000000,6.74000000,7388.40000000,49885.79350000
1785398400000,6.75000000,6.81000000,6.75000000,6.80000000,21439.26000000,145627.28610000
1785412800000,6.81000000,6.83000000,6.75000000,6.78000000,29178.01000000,198072.80640000
1785427200000,6.78000000,6.81000000,6.76000000,6.80000000,20096.84000000,136398.44320000
1785441600000,6.80000000,6.81000000,6.77000000,6.77000000,19308.04000000,131082.65780000
1785456000000,6.77000000,6.81000000,6.64000000,6.67000000,36900.40000000,247764.82340000
1785470400000,6.67000000,6.70000000,6.64000000,6.67000000,21232.76000000,141524.34630000
1785484800000,6.67000000,6.68000000,6.62000000,6.65000000,18906.09000000,125779.21570000
1785499200000,6.65000000,6.67000000,6.56000000,6.63000000,41827.40000000,277001.25200000
1785513600000,6.63000000,6.65000000,6.60000000,6.62000000,9998.62000000,66308.99670000
1785528000000,6.62000000,6.63000000,6.59000000,6.61000000,8193.24000000,54175.67010000
1785542400000,6.62000000,6.73000000,6.61000000,6.69000000,19588.61000000,130665.83990000
1785556800000,6.70000000,6.73000000,6.64000000,6.66000000,29482.14000000,197023.52690000
1785571200000,6.66000000,6.68000000,6.61000000,6.61000000,13748.38000000,91345.65290000
1785585600000,6.62000000,6.64000000,6.56000000,6.58000000,58899.06000000,388659.62140000
1785600000000,6.58000000,6.62000000,6.41000000,6.48000000,62369.07000000,405714.77770000
1785614400000,6.48000000,6.54000000,6.45000000,6.51000000,20630.76000000,134045.33730000
1785628800000,6.51000000,6.65000000,6.51000000,6.59000000,35353.96000000,233378.56660000
1785643200000,6.60000000,6.67000000,6.59000000,6.67000000,38632.43000000,256347.42800000
1785657600000,6.67000000,6.67000000,6.61000000,6.63000000,23784.97000000,157966.65500000
1785672000000,6.64000000,6.68000000,6.61000000,6.63000000,18862.43000000,125304.19350000
1785686400000,6.62000000,6.65000000,6.60000000,6.62000000,13488.39000000,89300.06090000
1785700800000,6.63000000,6.68000000,6.60000000,6.62000000,19130.40000000,126939.24910000
1785715200000,6.63000000,6.64000000,6.54000000,6.56000000,35805.21000000,235793.34810000
1785729600000,6.56000000,6.60000000,6.55000000,6.55000000,17703.71000000,116298.20510000
1785744000000,6.55000000,6.59000000,6.48000000,6.57000000,57261.77000000,373873.82810000
1785758400000,6.57000000,6.66000000,6.55000000,6.62000000,26650.49000000,176472.06840000
1785772800000,6.62000000,6.65000000,6.60000000,6.62000000,19213.52000000,127398.89600000
1785787200000,6.62000000,6.65000000,6.58000000,6.59000000,16444.60000000,108778.61300000
1785801600000,6.59000000,6.63000000,6.56000000,6.60000000,13678.27000000,90174.02600000
1785816000000,6.60000000,6.63000000,6.56000000,6.61000000,12413.08000000,81893.47090000
1785830400000,6.61000000,6.61000000,6.57000000,6.61000000,18346.23000000,120874.84450000
1785844800000,6.61000000,6.64000000,6.56000000,6.58000000,39522.14000000,261094.32880000
1785859200000,6.58000000,6.64000000,6.56000000,6.62000000,14838.41000000,98056.26370000
1785873600000,6.62000000,6.65000000,6.58000000,6.59000000,12378.55000000,81826.80060000
1785888000000,6.58000000,6.59000000,6.51000000,6.53000000,26397.93000000,173043.68170000
1785902400000,6.52000000,6.56000000,6.47000000,6.49000000,29319.18000000,190789.86160000
1785916800000,6.49000000,6.51000000,6.47000000,6.49000000,35060.63000000,227561.74820000
1785931200000,6.50000000,6.54000000,6.43000000,6.44000000,60629.19000000,392956.31420000
1785945600000,6.44000000,6.54000000,6.42000000,6.52000000,31548.01000000,205011.82420000
1785960000000,6.52000000,6.57000000,6.50000000,6.52000000,20069.89000000,131143.34110000
1785974400000,6.52000000,6.57000000,6.48000000,6.50000000,33867.97000000,220851.95270000
1785988800000,6.50000000,6.57000000,6.50000000,6.51000000,27507.47000000,179548.05050000
1786003200000,6.51000000,6.54000000,6.31000000,6.39000000,97929.01000000,626247.56650000
1786017600000,6.39000000,6.43000000,6.35000000,6.41000000,36920.10000000,235674.35180000
1786032000000,6.41000000,6.50000000,6.40000000,6.50000000,42809.74000000,276687.89220000
1786046400000,6.50000000,6.60000000,6.47000000,6.50000000,37824.20000000,246888.01620000
1786060800000,6.50000000,6.53000000,6.47000000,6.49000000,22227.54000000,144412.52080000
1786075200000,6.48000000,6.55000000,6.48000000,6.53000000,31780.98000000,207177.37870000
1786089600000,6.53000000,6.54000000,6.50000000,6.52000000,15429.21000000,100548.01340000
1786104000000,6.52000000,6.55000000,6.48000000,6.49000000,31900.75000000,207894.35520000
1786118400000,6.50000000,6.52000000,6.45000000,6.50000000,16987.54000000,110112.74340000
1786132800000,6.49000000,6.51000000,6.45000000,6.48000000,19905.77000000,129007.61560000
1786147200000,6.49000000,6.54000000,6.46000000,6.53000000,5897.72000000,38332.48800000
1786161600000,6.52000000,6.54000000,6.50000000,6.52000000,7728.66000000,50367.31550000
1786176000000,6.52000000,6.56000000,6.50000000,6.51000000,33003.42000000,215560.66960000
1786190400000,6.50000000,6.55000000,6.50000000,6.55000000,14957.32000000,97532.20640000
1786204800000,6.55000000,6.59000000,6.52000000,6.52000000,23008.22000000,150793.75760000
1786219200000,6.52000000,6.55000000,6.51000000,6.51000000,14749.25000000,96289.14230000
1786233600000,6.51000000,6.53000000,6.47000000,6.49000000,26291.33000000,170909.72270000
1786248000000,6.49000000,6.52000000,6.47000000,6.50000000,24297.08000000,157817.16970000
1786262400000,6.50000000,6.51000000,6.48000000,6.49000000,10788.32000000,70040.63500000
1786276800000,6.49000000,6.54000000,6.48000000,6.53000000,24012.99000000,156478.28510000
1786291200000,6.52000000,6.53000000,6.48000000,6.49000000,21113.71000000,137423.64170000
1786305600000,6.49000000,6.54000000,6.41000000,6.42000000,27052.70000000,174885.05160000
1786320000000,6.43000000,6.53000000,6.40000000,6.50000000,37253.75000000,241012.99000000
1786334400000,6.50000000,6.55000000,6.49000000,6.52000000,26888.31000000,175262.36070000
1786348800000,6.53000000,6.54000000,6.48000000,6.51000000,11590.00000000,75420.20230000
1786363200000,6.51000000,6.53000000,6.45000000,6.46000000,24136.15000000,156909.71540000
1786377600000,6.46000000,6.46000000,6.38000000,6.40000000,24033.20000000,154440.30850000
1786392000000,6.40000000,6.42000000,6.38000000,6.40000000,14034.27000000,89768.34500000
1786406400000,6.40000000,6.45000000,6.38000000,6.39000000,71633.01000000,459739.45510000
1786420800000,6.39000000,6.42000000,6.38000000,6.40000000,26495.20000000,169626.93710000
1786435200000,6.40000000,6.41000000,6.38000000,6.40000000,23605.64000000,151032.75170000
1786449600000,6.41000000,6.45000000,6.28000000,6.31000000,50428.44000000,320774.99690000
1786464000000,6.31000000,6.35000000,6.28000000,6.34000000,24449.71000000,154715.82620000
1786478400000,6.35000000,6.41000000,6.34000000,6.38000000,9921.45000000,63298.27690000
1786492800000,6.38000000,6.41000000,6.37000000,6.37000000,16808.73000000,107352.40110000
1786507200000,6.36000000,6.39000000,6.31000000,6.33000000,21426.83000000,135871.62480000
1786521600000,6.33000000,6.49000000,6.31000000,6.47000000,41817.92000000,267932.02340000
1786536000000,6.46000000,6.50000000,6.33000000,6.34000000,46670.52000000,299431.42900000
1786550400000,6.34000000,6.36000000,6.30000000,6.31000000,16103.97000000,101934.38310000
1786564800000,6.31000000,6.34000000,6.13000000,6.24000000,63878.56000000,397462.69980000
1786579200000,6.25000000,6.31000000,6.19000000,6.30000000,32121.30000000,200238.58410000
1786593600000,6.30000000,6.32000000,6.27000000,6.28000000,11821.89000000,74394.58930000
1786608000000,6.29000000,6.30000000,6.25000000,6.25000000,19630.68000000,123197.47740000
1786622400000,6.25000000,6.30000000,6.23000000,6.23000000,24955.77000000,156616.38270000
1786636800000,6.23000000,6.25000000,6.18000000,6.24000000,23120.44000000,143739.95890000
1786651200000,6.24000000,6.28000000,6.23000000,6.25000000,13995.01000000,87512.34220000
1786665600000,6.24000000,6.25000000,6.16000000,6.16000000,16665.85000000,103563.07480000
1786680000000,6.16000000,6.20000000,6.11000000,6.14000000,55858.19000000,343628.69640000
1786694400000,6.14000000,6.16000000,6.11000000,6.13000000,30008.89000000,184120.63760000
1786708800000,6.14000000,6.18000000,6.11000000,6.16000000,24405.84000000,149874.19960000
1786723200000,6.17000000,6.20000000,6.14000000,6.17000000,15022.02000000,92714.53130000
1786737600000,6.17000000,6.22000000,6.14000000,6.22000000,15986.41000000,98558.31020000
1786752000000,6.22000000,6.25000000,6.20000000,6.24000000,17480.70000000,108767.71460000
1786766400000,6.24000000,6.26000000,6.23000000,6.24000000,11727.48000000,73206.23090000
1786780800000,6.23000000,6.30000000,6.23000000,6.27000000,16247.27000000,101738.83320000
1786795200000,6.27000000,6.29000000,6.26000000,6.26000000,7921.73000000,49695.65800000
1786809600000,6.27000000,6.27000000,6.24000000,6.26000000,5450.74000000,34103.17100000
1786824000000,6.26000000,6.27000000,6.21000000,6.22000000,9025.45000000,56318.84570000
1786838400000,6.21000000,6.23000000,6.16000000,6.17000000,20403.58000000,126516.37330000
1786852800000,6.17000000,6.19000000,6.15000000,6.17000000,18398.69000000,113455.28310000
1786867200000,6.17000000,6.19000000,6.16000000,6.19000000,7383.94000000,45609.95450000
1786881600000,6.18000000,6.21000000,6.17000000,6.20000000,6763.98000000,41876.31770000
1786896000000,6.21000000,6.21000000,6.16000000,6.17000000,10784.20000000,66758.83120000
1786910400000,6.18000000,6.18000000,6.04000000,6.11000000,32167.64000000,196024.19290000
1786924800000,6.11000000,6.24000000,6.11000000,6.21000000,39841.06000000,246261.66770000
1786939200000,6.22000000,6.23000000,6.19000000,6.19000000,7889.87000000,49000.13010000
1786953600000,6.19000000,6.21000000,6.19000000,6.19000000,16548.75000000,102529.89340000
1786968000000,6.19000000,6.21000000,6.16000000,6.19000000,11681.04000000,72261.93610000
1786982400000,6.19000000,6.20000000,6.16000000,6.18000000,15230.20000000,94101.30150000
1786996800000,6.18000000,6.20000000,6.17000000,6.19000000,10278.48000000,63596.12590000
1787011200000,6.19000000,6.20000000,6.04000000,6.05000000,29103.21000000,177078.89430000
1787025600000,6.05000000,6.09000000,6.02000000,6.04000000,56304.71000000,340736.12950000
1787040000000,6.04000000,6.09000000,6.03000000,6.07000000,18662.50000000,113308.15250000
1787054400000,6.07000000,6.11000000,6.03000000,6.08000000,30556.49000000,185383.49200000
1787068800000,6.09000000,6.11000000,6.04000000,6.08000000,13401.63000000,81375.96620000
1787083200000,6.08000000,6.09000000,6.06000000,6.08000000,5415.93000000,32872.63400000
1787097600000,6.08000000,6.12000000,6.05000000,6.11000000,13421.51000000,81763.64800000
1787112000000,6.11000000,6.14000000,6.07000000,6.11000000,14367.66000000,87720.32270000
1787126400000,6.11000000,6.13000000,6.08000000,6.10000000,9485.52000000,57860.52390000
1787140800000,6.10000000,6.39000000,6.08000000,6.27000000,118024.74000000,736516.17370000
1787155200000,6.27000000,6.37000000,6.24000000,6.35000000,45771.89000000,288344.08550000
1787169600000,6.36000000,6.69000000,6.35000000,6.53000000,87151.67000000,571025.97630000
1787184000000,6.53000000,6.66000000,6.49000000,6.51000000,80170.95000000,528313.55600000
1787198400000,6.51000000,6.62000000,6.51000000,6.60000000,35059.44000000,230547.27410000
1787212800000,6.59000000,6.79000000,6.59000000,6.75000000,92686.27000000,623563.97170000
1787227200000,6.74000000,6.87000000,6.68000000,6.85000000,61488.17000000,416007.29460000
1787241600000,6.86000000,6.96000000,6.80000000,6.81000000,70282.01000000,483917.28140000
1787256000000,6.81000000,6.98000000,6.81000000,6.96000000,72606.04000000,502290.86750000
1787270400000,6.96000000,7.11000000,6.94000000,7.04000000,53183.72000000,373208.67050000
1787284800000,7.05000000,7.32000000,7.03000000,7.27000000,84029.62000000,599016.39770000
1787299200000,7.28000000,7.52000000,7.24000000,7.30000000,190006.39000000,1401429.42540000
1787313600000,7.31000000,7.50000000,7.29000000,7.48000000,66795.30000000,494961.83050000
1787328000000,7.49000000,7.66000000,7.42000000,7.56000000,81476.76000000,614317.24320000
1787342400000,7.57000000,8.37000000,7.54000000,8.35000000,280412.11000000,2270699.97460000
1787356800000,8.35000000,9.10000000,8.33000000,8.86000000,532210.60000000,4648243.23570000
1787371200000,8.85000000,8.93000000,7.30000000,8.23000000,793048.02000000,6531186.57760000
1787385600000,8.23000000,8.27000000,7.80000000,7.94000000,291159.29000000,2331363.34650000
1787400000000,7.93000000,8.03000000,7.77000000,7.81000000,115150.78000000,909712.07920000
1787414400000,7.81000000,8.03000000,7.80000000,7.95000000,38146.26000000,302662.56200000
1787428800000,7.94000000,8.00000000,7.78000000,7.90000000,37356.18000000,294222.69620000
1787443200000,7.90000000,8.03000000,7.69000000,7.71000000,100842.34000000,791142.57960000
1787457600000,7.71000000,7.80000000,7.62000000,7.75000000,62035.59000000,479034.13950000
1787472000000,7.75000000,7.91000000,7.74000000,7.88000000,135807.79000000,1065526.96990000
1787486400000,7.88000000,7.99000000,7.74000000,7.92000000,331505.84000000,2602359.86100000
1787500800000,7.93000000,7.95000000,7.83000000,7.89000000,29325.26000000,231220.28140000
1787515200000,7.89000000,8.04000000,7.86000000,7.95000000,63210.88000000,504261.54910000
1787529600000,7.95000000,7.97000000,7.64000000,7.70000000,78211.70000000,608186.03570000
1787544000000,7.70000000,7.79000000,7.66000000,7.72000000,50429.85000000,389849.77760000
1787558400000,7.72000000,7.89000000,7.64000000,7.84000000,51611.64000000,400768.46810000
1787572800000,7.83000000,7.93000000,7.68000000,7.76000000,139546.36000000,1091843.87210000
1787587200000,7.76000000,7.90000000,7.69000000,7.74000000,63889.97000000,497577.58180000
1787601600000,7.75000000,7.83000000,7.70000000,7.76000000,23320.23000000,181006.69390000
1787616000000,7.76000000,8.06000000,7.71000000,7.96000000,135788.17000000,1076776.38080000
1787630400000,7.97000000,8.10000000,7.79000000,7.87000000,126775.88000000,1013150.44470000
1787644800000,7.87000000,7.97000000,7.83000000,7.92000000,54808.02000000,433300.06570000
1787659200000,7.92000000,8.07000000,7.73000000,7.92000000,114000.09000000,900763.37570000
1787673600000,7.93000000,8.03000000,7.75000000,7.77000000,44114.06000000,349152.05250000
1787688000000,7.77000000,7.77000000,7.51000000,7.67000000,77175.68000000,590676.48960000
1787702400000,7.68000000,7.91000000,7.64000000,7.78000000,89482.89000000,696784.54030000
1787716800000,7.78000000,7.84000000,7.71000000,7.73000000,30015.95000000,233072.44330000
1787731200000,7.73000000,7.78000000,7.65000000,7.70000000,30444.06000000,235522.77420000
1787745600000,7.71000000,7.76000000,7.49000000,7.55000000,73403.57000000,558806.69030000
1787760000000,7.56000000,7.72000000,7.54000000,7.67000000,24606.60000000,187742.28860000
1787774400000,7.66000000,7.90000000,7.60000000,7.88000000,46650.64000000,363372.44950000
1787788800000,7.88000000,7.88000000,7.79000000,7.82000000,30735.31000000,241087.38830000
1787803200000,7.82000000,7.93000000,7.79000000,7.86000000,46675.53000000,366252.13400000
1787817600000,7.87000000,7.99000000,7.78000000,7.82000000,75270.02000000,594240.60160000
1787832000000,7.83000000,7.89000000,7.77000000,7.88000000,72426.29000000,566798.02800000
1787846400000,7.88000000,7.94000000,7.75000000,7.80000000,53077.27000000,417520.39060000
1787860800000,7.80000000,7.89000000,7.78000000,7.84000000,11180.19000000,87532.23540000
1787875200000,7.84000000,7.93000000,7.66000000,7.70000000,44534.04000000,345385.92450000
1787889600000,7.70000000,7.79000000,7.68000000,7.72000000,32438.09000000,250871.58490000
1787904000000,7.73000000,7.76000000,7.67000000,7.71000000,38931.23000000,300596.40540000
1787918400000,7.70000000,7.74000000,7.54000000,7.56000000,52814.20000000,403749.61730000
1787932800000,7.55000000,7.57000000,7.36000000,7.50000000,79265.24000000,592762.95390000
1787947200000,7.49000000,7.53000000,7.44000000,7.51000000,18491.87000000,138681.28250000
1787961600000,7.51000000,7.57000000,7.46000000,7.50000000,28839.08000000,216743.00640000
1787976000000,7.50000000,7.55000000,7.49000000,7.49000000,16188.98000000,121687.81540000
1787990400000,7.50000000,7.50000000,7.44000000,7.46000000,21442.85000000,160052.05840000
1788004800000,7.46000000,7.58000000,7.46000000,7.55000000,20271.25000000,152536.14520000
1788019200000,7.55000000,7.59000000,7.49000000,7.53000000,14831.33000000,111983.76820000
1788033600000,7.53000000,7.54000000,7.51000000,7.53000000,6279.44000000,47270.76690000
1788048000000,7.52000000,7.52000000,7.46000000,7.46000000,16354.00000000,122406.09830000
1788062400000,7.46000000,7.47000000,7.40000000,7.40000000,18719.22000000,139161.92750000
1788076800000,7.40000000,7.43000000,7.37000000,7.41000000,13586.73000000,100495.14900000
1788091200000,7.41000000,7.49000000,7.40000000,7.43000000,24525.58000000,182698.57440000
1788105600000,7.43000000,7.52000000,7.43000000,7.44000000,23243.71000000,174010.92960000
1788120000000,7.45000000,7.46000000,7.08000000,7.19000000,98186.38000000,714148.84590000
1788134400000,7.18000000,7.27000000,7.11000000,7.20000000,37601.51000000,270271.85120000
1788148800000,7.19000000,7.26000000,7.15000000,7.23000000,15551.45000000,112240.24510000
1788163200000,7.23000000,7.29000000,7.19000000,7.25000000,27577.86000000,199756.18130000
1788177600000,7.25000000,7.31000000,7.20000000,7.27000000,51032.62000000,370385.98400000
1788192000000,7.27000000,7.38000000,7.25000000,7.29000000,46817.56000000,342661.55690000
1788206400000,7.29000000,7.33000000,7.27000000,7.28000000,28917.95000000,210941.42430000
1788220800000,7.28000000,7.34000000,7.26000000,7.30000000,18755.93000000,137023.95560000
1788235200000,7.30000000,7.40000000,7.30000000,7.35000000,17402.39000000,127982.71000000
1788249600000,7.35000000,7.35000000,7.23000000,7.32000000,24604.19000000,179063.44350000
1788264000000,7.32000000,7.34000000,7.20000000,7.30000000,41790.19000000,304191.06320000
1788278400000,7.29000000,7.33000000,7.19000000,7.29000000,31467.05000000,228497.02230000
1788292800000,7.29000000,7.30000000,7.19000000,7.24000000,17086.27000000,123721.28260000
1788307200000,7.25000000,7.30000000,7.12000000,7.25000000,37513.19000000,270477.98880000
1788321600000,7.25000000,7.33000000,7.23000000,7.29000000,14311.74000000,104358.09620000
1788336000000,7.28000000,7.29000000,7.14000000,7.22000000,30819.49000000,222312.31790000
1788350400000,7.23000000,7.28000000,7.18000000,7.24000000,16682.42000000,120534.56700000
1788364800000,7.24000000,7.26000000,7.18000000,7.21000000,22259.39000000,160900.82240000
1788379200000,7.22000000,7.28000000,7.22000000,7.28000000,14348.11000000,104056.70410000
1788393600000,7.28000000,7.40000000,7.23000000,7.35000000,34760.20000000,254670.22540000
1788408000000,7.36000000,7.40000000,7.28000000,7.35000000,28784.18000000,211719.45010000
1788422400000,7.35000000,7.42000000,7.35000000,7.41000000,40239.09000000,297341.41690000
1788436800000,7.41000000,7.70000000,7.38000000,7.68000000,77117.20000000,580292.36920000
1788451200000,7.69000000,7.70000000,7.59000000,7.64000000,41342.51000000,315463.10580000
1788465600000,7.63000000,7.68000000,7.53000000,7.59000000,35598.41000000,270887.95190000
1788480000000,7.59000000,7.61000000,7.51000000,7.54000000,29044.19000000,219282.10560000
1788494400000,7.53000000,7.64000000,7.53000000,7.58000000,38532.85000000,292946.62580000
1788508800000,7.58000000,7.70000000,7.56000000,7.65000000,45697.52000000,349558.02660000
1788523200000,7.65000000,7.65000000,7.29000000,7.36000000,118835.44000000,882716.23300000
1788537600000,7.37000000,7.42000000,7.33000000,7.38000000,21704.10000000,160303.81220000
1788552000000,7.38000000,7.46000000,7.35000000,7.45000000,42763.17000000,316715.19190000
1788566400000,7.45000000,7.61000000,7.42000000,7.59000000,49232.96000000,370439.49610000
1788580800000,7.58000000,7.79000000,7.52000000,7.70000000,94943.23000000,727273.79830000
1788595200000,7.71000000,7.73000000,7.64000000,7.65000000,28537.76000000,219140.17120000
1788609600000,7.65000000,7.80000000,7.64000000,7.70000000,66898.24000000,516514.18400000
1788624000000,7.70000000,7.84000000,7.67000000,7.78000000,65742.11000000,510046.26090000
1788638400000,7.79000000,7.85000000,7.72000000,7.73000000,34378.52000000,268120.67730000
1788652800000,7.73000000,7.87000000,7.71000000,7.79000000,69226.94000000,540309.32850000
1788667200000,7.79000000,7.86000000,7.69000000,7.73000000,56854.57000000,441846.93220000
1788681600000,7.73000000,7.76000000,7.70000000,7.73000000,25415.10000000,196417.46670000
1788696000000,7.73000000,7.76000000,7.61000000,7.72000000,65929.66000000,507507.20110000
1788710400000,7.72000000,7.76000000,7.69000000,7.69000000,17722.16000000,136976.10360000
1788724800000,7.69000000,7.88000000,7.69000000,7.86000000,28289.48000000,220647.13960000
1788739200000,7.85000000,7.94000000,7.75000000,7.79000000,63612.16000000,498850.31390000
1788753600000,7.79000000,7.90000000,7.64000000,7.72000000,33621.57000000,261235.43220000
1788768000000,7.72000000,7.83000000,7.71000000,7.75000000,29184.32000000,226918.17350000
1788782400000,7.75000000,8.07000000,7.75000000,7.79000000,151165.36000000,1199855.81330000
1788796800000,7.79000000,7.96000000,7.79000000,7.85000000,45304.09000000,356628.51550000
1788811200000,7.86000000,7.99000000,7.79000000,7.90000000,44801.32000000,353410.22590000
1788825600000,7.90000000,8.20000000,7.88000000,8.07000000,81860.57000000,659056.07340000
1788840000000,8.08000000,8.16000000,7.93000000,8.10000000,109771.37000000,882263.16560000
1788854400000,8.09000000,8.30000000,8.05000000,8.06000000,138603.64000000,1132572.10310000
1788868800000,8.05000000,8.79000000,8.03000000,8.75000000,394844.95000000,3364585.01610000
1788883200000,8.75000000,8.88000000,8.40000000,8.48000000,295917.23000000,2560952.96590000
1788897600000,8.48000000,8.73000000,8.46000000,8.62000000,164045.79000000,1412187.77130000
1788912000000,8.61000000,9.04000000,8.54000000,8.68000000,383054.61000000,3371033.47620000
1788926400000,8.68000000,8.80000000,8.36000000,8.40000000,145572.26000000,1244948.87010000
1788940800000,8.41000000,8.52000000,8.24000000,8.36000000,141756.78000000,1185416.84770000
1788955200000,8.36000000,8.40000000,8.12000000,8.19000000,132200.06000000,1092360.16880000
1788969600000,8.18000000,8.25000000,8.03000000,8.05000000,119230.65000000,974424.58810000
1788984000000,8.06000000,8.11000000,7.90000000,8.02000000,103856.49000000,830824.30020000
1788998400000,8.02000000,8.04000000,7.85000000,7.92000000,109133.80000000,866912.10970000
1789012800000,7.93000000,7.98000000,7.82000000,7.85000000,41619.32000000,328943.04390000
1789027200000,7.85000000,7.91000000,7.78000000,7.87000000,46767.83000000,366877.03180000
1789041600000,7.87000000,7.89000000,7.62000000,7.71000000,170818.05000000,1320280.10420000
1789056000000,7.71000000,7.78000000,7.60000000,7.70000000,49653.39000000,382019.34050000
1789070400000,7.71000000,7.77000000,7.56000000,7.58000000,55230.96000000,423319.54580000
1789084800000,7.57000000,7.66000000,7.52000000,7.57000000,46294.96000000,350787.72770000
1789099200000,7.56000000,7.79000000,7.56000000,7.65000000,55406.68000000,425089.33360000
1789113600000,7.65000000,7.71000000,7.44000000,7.51000000,75702.37000000,572644.39030000
1789128000000,7.52000000,8.06000000,7.38000000,7.74000000,223348.91000000,1737780.57120000
1789142400000,7.73000000,7.85000000,7.56000000,7.68000000,61301.25000000,472130.23500000
1789156800000,7.68000000,7.72000000,7.55000000,7.62000000,30002.66000000,229099.65050000
1789171200000,7.62000000,7.66000000,7.61000000,7.65000000,19884.56000000,151912.53960000
1789185600000,7.66000000,7.78000000,7.63000000,7.74000000,33027.43000000,254135.62280000
1789200000000,7.75000000,7.78000000,7.68000000,7.77000000,28600.82000000,220609.21970000
1789214400000,7.78000000,7.82000000,7.72000000,7.77000000,39005.40000000,303140.72920000
1789228800000,7.76000000,7.76000000,7.62000000,7.65000000,25110.46000000,192874.80360000
1789243200000,7.64000000,7.65000000,7.59000000,7.62000000,16136.81000000,123017.88170000
1789257600000,7.62000000,7.66000000,7.55000000,7.58000000,40443.49000000,307761.55930000
1789272000000,7.57000000,7.66000000,7.57000000,7.59000000,31707.23000000,241803.38270000
1789286400000,7.58000000,7.60000000,7.48000000,7.55000000,71243.11000000,536473.19190000
1789300800000,7.54000000,7.66000000,7.50000000,7.63000000,45772.48000000,347331.70450000
1789315200000,7.64000000,7.71000000,7.58000000,7.58000000,34379.82000000,262543.76780000
1789329600000,7.58000000,7.62000000,7.38000000,7.43000000,65059.56000000,484717.33940000
1789344000000,7.43000000,7.68000000,7.41000000,7.61000000,60942.14000000,461209.54770000
1789358400000,7.62000000,7.67000000,7.58000000,7.63000000,53966.92000000,411789.93980000
1789372800000,7.63000000,7.70000000,7.60000000,7.63000000,31005.58000000,237007.08580000
1789387200000,7.63000000,7.66000000,7.54000000,7.61000000,34860.29000000,265309.81240000
1789401600000,7.60000000,7.70000000,7.58000000,7.65000000,29704.83000000,227220.06650000
1789416000000,7.66000000,7.77000000,7.55000000,7.57000000,39264.50000000,300841.11280000
1789430400000,7.56000000,7.59000000,7.45000000,7.47000000,43731.33000000,329275.80900000
1789444800000,7.47000000,7.48000000,7.38000000,7.39000000,32740.65000000,243283.51660000
1789459200000,7.39000000,7.45000000,7.36000000,7.39000000,53984.44000000,399696.32660000
1789473600000,7.39000000,7.47000000,7.23000000,7.35000000,76808.12000000,564701.89920000
1789488000000,7.35000000,7.46000000,7.08000000,7.27000000,107348.63000000,779373.86680000
1789502400000,7.28000000,7.29000000,7.14000000,7.19000000,42953.54000000,309222.34380000
1789516800000,7.19000000,7.24000000,7.11000000,7.23000000,28391.22000000,204123.66750000
1789531200000,7.23000000,7.28000000,7.16000000,7.17000000,22744.62000000,164291.49020000
1789545600000,7.16000000,7.25000000,7.12000000,7.21000000,22146.05000000,158668.84070000
1789560000000,7.21000000,7.23000000,7.11000000,7.14000000,37496.06000000,268955.82310000
1789574400000,7.13000000,7.30000000,7.09000000,7.25000000,79144.89000000,568145.41400000
1789588800000,7.25000000,7.39000000,7.22000000,7.37000000,57478.32000000,419373.78700000
1789603200000,7.38000000,7.44000000,7.33000000,7.41000000,62769.30000000,463794.24860000
1789617600000,7.42000000,7.48000000,7.36000000,7.41000000,51611.63000000,383168.69580000
1789632000000,7.41000000,7.44000000,7.32000000,7.35000000,56394.41000000,415819.48380000
1789646400000,7.36000000,7.48000000,7.31000000,7.45000000,54286.45000000,401975.24170000
1789660800000,7.45000000,7.47000000,7.38000000,7.42000000,26285.34000000,195245.92510000
1789675200000,7.42000000,7.53000000,7.40000000,7.52000000,39575.32000000,295903.39960000
1789689600000,7.52000000,7.91000000,7.46000000,7.87000000,112072.25000000,858132.06790000
1789704000000,7.87000000,7.88000000,7.75000000,7.82000000,73255.99000000,571350.08670000
1789718400000,7.83000000,7.97000000,7.79000000,7.89000000,112805.22000000,889456.87350000
1789732800000,7.90000000,8.14000000,7.86000000,8.08000000,135727.32000000,1087677.87140000
1789747200000,8.09000000,8.24000000,8.08000000,8.23000000,77637.05000000,632470.52440000
1789761600000,8.24000000,8.25000000,8.11000000,8.15000000,64627.17000000,527728.61970000
1789776000000,8.16000000,8.35000000,8.14000000,8.31000000,106943.34000000,883194.79160000
1789790400000,8.31000000,8.35000000,8.13000000,8.17000000,70313.29000000,577762.08000000
1789804800000,8.19000000,8.61000000,8.16000000,8.51000000,144403.50000000,1221648.69190000
1789819200000,8.51000000,8.54000000,8.36000000,8.40000000,74498.68000000,629139.64020000
1789833600000,8.40000000,8.62000000,8.38000000,8.54000000,62473.92000000,531519.32160000
1789848000000,8.54000000,8.59000000,8.40000000,8.58000000,55576.70000000,472854.22920000
1789862400000,8.59000000,8.79000000,8.21000000,8.31000000,154419.20000000,1310146.49720000
1789876800000,8.32000000,8.36000000,8.25000000,8.28000000,49316.52000000,409185.97090000
1789891200000,8.29000000,8.40000000,8.25000000,8.33000000,56856.92000000,472037.68310000
1789905600000,8.34000000,8.45000000,8.22000000,8.44000000,51310.50000000,426769.25320000
1789920000000,8.44000000,8.65000000,8.41000000,8.50000000,70834.24000000,603920.41130000
1789934400000,8.51000000,8.57000000,8.31000000,8.52000000,60941.28000000,515406.37350000
