open_time,open,high,low,close,volume,quote_volume
1704067200000,0.18400000,0.19010000,0.18400000,0.18530000,11915861.00000000,2236846.38430000
1704081600000,0.18530000,0.19270000,0.18410000,0.19150000,17223769.00000000,3255298.77280000
1704096000000,0.19160000,0.19760000,0.19080000,0.19490000,38870297.00000000,7544142.45790000
1704110400000,0.19490000,0.20500000,0.19290000,0.20440000,41673138.00000000,8275396.16340000
1704124800000,0.20440000,0.21970000,0.20020000,0.21240000,104218262.00000000,21804201.92630000
1704139200000,0.21240000,0.22080000,0.21110000,0.21750000,49851063.00000000,10772296.82150000
1704153600000,0.21740000,0.22470000,0.21240000,0.21710000,41875014.00000000,9163290.85450000
1704168000000,0.21700000,0.22520000,0.21470000,0.21720000,42173330.00000000,9294676.75180000
1704182400000,0.21720000,0.22170000,0.21150000,0.21290000,27319757.00000000,5929052.16080000
1704196800000,0.21290000,0.21490000,0.20500000,0.20730000,28767760.00000000,6048809.87610000
1704211200000,0.20730000,0.21080000,0.20590000,0.20960000,15540057.00000000,3246209.88170000
1704225600000,0.20950000,0.21090000,0.20640000,0.20730000,10716088.00000000,2237049.54980000
1704240000000,0.20730000,0.21520000,0.20660000,0.21150000,14024448.00000000,2961044.14400000
1704254400000,0.21150000,0.21390000,0.20700000,0.20770000,10686884.00000000,2250811.76630000
1704268800000,0.20770000,0.21340000,0.20070000,0.20220000,27338839.00000000,5664210.08620000
1704283200000,0.20210000,0.20230000,0.15610000,0.19110000,122857890.00000000,22711075.29830000
1704297600000,0.19100000,0.19390000,0.18510000,0.18800000,28156167.00000000,5357591.97250000
1704312000000,0.18790000,0.19330000,0.18770000,0.18940000,11528284.00000000,2199199.02150000
1704326400000,0.18930000,0.19170000,0.18390000,0.18950000,10684614.00000000,2002423.70460000
1704340800000,0.18960000,0.19120000,0.18580000,0.18590000,10636840.00000000,2012003.33430000
1704355200000,0.18590000,0.18700000,0.18230000,0.18370000,15689591.00000000,2899674.14610000
1704369600000,0.18380000,0.19410000,0.18370000,0.19400000,23864495.00000000,4512231.49450000
1704384000000,0.19390000,0.19620000,0.18980000,0.19570000,19059518.00000000,3678692.82870000
1704398400000,0.19570000,0.20050000,0.19350000,0.19870000,19308609.00000000,3816811.90740000
1704412800000,0.19880000,0.19940000,0.18600000,0.19020000,17342327.00000000,3339655.26500000
1704427200000,0.19020000,0.19080000,0.18710000,0.18790000,13864181.00000000,2619268.25710000
1704441600000,0.18800000,0.19380000,0.18440000,0.18450000,20075701.00000000,3791269.05000000
1704456000000,0.18450000,0.18680000,0.17820000,0.18060000,22684541.00000000,4141492.74330000
1704470400000,0.18050000,0.18310000,0.17620000,0.18110000,23154894.00000000,4161472.67860000
1704484800000,0.18120000,0.18470000,0.18000000,0.18460000,11177273.00000000,2035962.41790000
1704499200000,0.18470000,0.18470000,0.17680000,0.17790000,11906213.00000000,2137151.94590000
1704513600000,0.17790000,0.17870000,0.16560000,0.16980000,30875244.00000000,5265591.86610000
1704528000000,0.16970000,0.17270000,0.16840000,0.17060000,13008948.00000000,2216767.95600000
1704542400000,0.17060000,0.17430000,0.16840000,0.17210000,11348871.00000000,1945491.17450000
1704556800000,0.17210000,0.17570000,0.17050000,0.17180000,10727983.00000000,1852244.49940000
1704571200000,0.17190000,0.17310000,0.16910000,0.17190000,7403434.00000000,1267248.83050000
1704585600000,0.17200000,0.17590000,0.17070000,0.17340000,9585547.00000000,1661150.49250000
1704600000000,0.17340000,0.17560000,0.17290000,0.17400000,6540400.00000000,1138542.10660000
1704614400000,0.17400000,0.17490000,0.16990000,0.17020000,8914105.00000000,1532736.26000000
1704628800000,0.17020000,0.17230000,0.16040000,0.16310000,25784921.00000000,4282041.63220000
1704643200000,0.16310000,0.17010000,0.16260000,0.16940000,14645329.00000000,2428094.44300000
1704657600000,0.16960000,0.16960000,0.16160000,0.16350000,14340103.00000000,2367289.11910000
1704672000000,0.16350000,0.16470000,0.14870000,0.15310000,38345160.00000000,5966023.04720000
1704686400000,0.15310000,0.15970000,0.15250000,0.15770000,12694930.00000000,1988485.50980000
1704700800000,0.15770000,0.16090000,0.15510000,0.16060000,12257136.00000000,1936559.50260000
1704715200000,0.16060000,0.16520000,0.15900000,0.16340000,31767974.00000000,5155253.87310000
1704729600000,0.16350000,0.17190000,0.16230000,0.17110000,23382981.00000000,3905793.09520000
1704744000000,0.17130000,0.17200000,0.16820000,0.17170000,13205756.00000000,2249579.92980000
1704758400000,0.17170000,0.17220000,0.16630000,0.16760000,12795893.00000000,2156038.90890000
1704772800000,0.16760000,0.17050000,0.16690000,0.16880000,9325216.00000000,1571791.88310000
1704787200000,0.16880000,0.16960000,0.16310000,0.16480000,11318305.00000000,1870266.37530000
1704801600000,0.16470000,0.16540000,0.15710000,0.15930000,21257032.00000000,3421240.27090000
1704816000000,0.15930000,0.15950000,0.15490000,0.15680000,21485338.00000000,3380606.34250000
1704830400000,0.15700000,0.16180000,0.15320000,0.16040000,31437186.00000000,4949951.99480000
1704844800000,0.16030000,0.16320000,0.15900000,0.16130000,9702801.00000000,1564487.41140000
1704859200000,0.16130000,0.16370000,0.16040000,0.16140000,6392973.00000000,1034818.59250000
1704873600000,0.16150000,0.16750000,0.15810000,0.16560000,16625622.00000000,2721789.40470000
1704888000000,0.16560000,0.16650000,0.15650000,0.16300000,23328772.00000000,3734744.07360000
1704902400000,0.16290000,0.16580000,0.16010000,0.16490000,14871661.00000000,2426989.61530000
1704916800000,0.16490000,0.18220000,0.16000000,0.17780000,49331725.00000000,8490892.28280000
1704931200000,0.17780000,0.18270000,0.17590000,0.18150000,21648200.00000000,3894377.65300000
1704945600000,0.18140000,0.18180000,0.17510000,0.17990000,11904145.00000000,2123320.26190000
1704960000000,0.17980000,0.18680000,0.17900000,0.18660000,15110208.00000000,2771958.03100000
1704974400000,0.18670000,0.19080000,0.18290000,0.18470000,46568820.00000000,8732731.15180000
1704988800000,0.18480000,0.18750000,0.17960000,0.18730000,24134471.00000000,4428307.77520000
1705003200000,0.18740000,0.18810000,0.18270000,0.18720000,10120448.00000000,1877018.76070000
1705017600000,0.18720000,0.19100000,0.18270000,0.18950000,15924588.00000000,2992773.03540000
1705032000000,0.18940000,0.19290000,0.18660000,0.18810000,13315344.00000000,2527596.65450000
1705046400000,0.18800000,0.19080000,0.18450000,0.19000000,15728574.00000000,2957082.89290000
1705060800000,0.18990000,0.19620000,0.18400000,0.18460000,29768666.00000000,5681198.16960000
1705075200000,0.18460000,0.18740000,0.17740000,0.18120000,35394870.00000000,6459226.07320000
1705089600000,0.18120000,0.18450000,0.16920000,0.17470000,27984816.00000000,4939702.67800000
1705104000000,0.17470000,0.17620000,0.16880000,0.17110000,16090896.00000000,2767331.60650000
1705118400000,0.17120000,0.17550000,0.17060000,0.17370000,14703953.00000000,2552594.54320000
1705132800000,0.17360000,0.17450000,0.16990000,0.17110000,16465461.00000000,2827790.28980000
1705147200000,0.17110000,0.17440000,0.17020000,0.17340000,17857244.00000000,3073326.85720000
1705161600000,0.17340000,0.17400000,0.17110000,0.17290000,10222496.00000000,1762556.17880000
1705176000000,0.17300000,0.17320000,0.17070000,0.17090000,13801670.00000000,2373505.12260000
1705190400000,0.17090000,0.17120000,0.16760000,0.16790000,14230188.00000000,2410946.49540000
1705204800000,0.16790000,0.17080000,0.16670000,0.17080000,18447067.00000000,3117412.83910000
1705219200000,0.17070000,0.17230000,0.16860000,0.16900000,14696023.00000000,2504857.09650000
1705233600000,0.16900000,0.16970000,0.16720000,0.16870000,14395139.00000000,2424185.71290000
1705248000000,0.16870000,0.16930000,0.16400000,0.16410000,20287560.00000000,3386196.66220000
1705262400000,0.16410000,0.16720000,0.16100000,0.16140000,21531599.00000000,3536965.71270000
1705276800000,0.16150000,0.16560000,0.16140000,0.16380000,15051005.00000000,2467708.86690000
1705291200000,0.16380000,0.16630000,0.16240000,0.16320000,15086777.00000000,2480474.13340000
1705305600000,0.16310000,0.16710000,0.16230000,0.16510000,16487765.00000000,2714605.52700000
1705320000000,0.16510000,0.16580000,0.16050000,0.16110000,23285603.00000000,3801343.54760000
1705334400000,0.16120000,0.16600000,0.16090000,0.16340000,19242519.00000000,3141776.84600000
1705348800000,0.16340000,0.16430000,0.16060000,0.16270000,10434761.00000000,1696494.94010000
1705363200000,0.16270000,0.17000000,0.16270000,0.16860000,38504778.00000000,6444923.67200000
1705377600000,0.16870000,0.16950000,0.16480000,0.16630000,9511587.00000000,1588864.94280000
1705392000000,0.16640000,0.16870000,0.16520000,0.16710000,9511539.00000000,1589898.16500000
1705406400000,0.16710000,0.16820000,0.16260000,0.16800000,14827554.00000000,2459010.62480000
1705420800000,0.16800000,0.16960000,0.16630000,0.16760000,10443066.00000000,1753436.47030000
1705435200000,0.16760000,0.17000000,0.16740000,0.16930000,9104995.00000000,1539678.14600000
1705449600000,0.16940000,0.17230000,0.16930000,0.16940000,9143018.00000000,1559987.66230000
1705464000000,0.16950000,0.17010000,0.16530000,0.16560000,7319776.00000000,1226913.49070000
1705478400000,0.16550000,0.16870000,0.16490000,0.16790000,8680556.00000000,1450366.61470000
1705492800000,0.16800000,0.16850000,0.16520000,0.16660000,12514278.00000000,2088647.28690000
1705507200000,0.16660000,0.16790000,0.16440000,0.16660000,8859720.00000000,1474526.09110000
1705521600000,0.16670000,0.16760000,0.16400000,0.16760000,8756386.00000000,1453759.79250000
1705536000000,0.16750000,0.16850000,0.16230000,0.16320000,11148534.00000000,1833510.42880000
1705550400000,0.16320000,0.16550000,0.16250000,0.16500000,8434103.00000000,1381094.22130000
1705564800000,0.16490000,0.16530000,0.16130000,0.16240000,7470258.00000000,1218517.51920000
1705579200000,0.16240000,0.16240000,0.15970000,0.16060000,12015587.00000000,1935218.91330000
1705593600000,0.16050000,0.16060000,0.15170000,0.15290000,25320762.00000000,3948408.97610000
1705608000000,0.15290000,0.15610000,0.15140000,0.15480000,20991537.00000000,3228978.46000000
1705622400000,0.15490000,0.15530000,0.14930000,0.15220000,12469978.00000000,1893919.60040000
1705636800000,0.15230000,0.15500000,0.15210000,0.15360000,6188008.00000000,950603.25420000
1705651200000,0.15370000,0.15650000,0.15260000,0.15540000,9282206.00000000,1434966.78050000
1705665600000,0.15530000,0.15570000,0.14980000,0.15090000,17761385.00000000,2711236.61340000
1705680000000,0.15090000,0.15330000,0.14550000,0.15220000,34175318.00000000,5117226.97970000
1705694400000,0.15210000,0.15400000,0.15180000,0.15350000,9082032.00000000,1387539.36810000
1705708800000,0.15350000,0.15710000,0.15150000,0.15580000,7641582.00000000,1182334.42910000
1705723200000,0.15590000,0.15880000,0.15530000,0.15810000,7634893.00000000,1197144.82600000
1705737600000,0.15800000,0.16200000,0.15610000,0.15800000,22421922.00000000,3572280.37240000
1705752000000,0.15800000,0.16190000,0.15750000,0.16070000,12107576.00000000,1937951.12630000
1705766400000,0.16070000,0.16220000,0.15880000,0.15940000,12114827.00000000,1940785.04870000
1705780800000,0.15940000,0.16070000,0.15900000,0.16030000,7230725.00000000,1155550.14370000
1705795200000,0.16030000,0.16490000,0.15800000,0.16390000,12772171.00000000,2068408.64300000
1705809600000,0.16390000,0.16400000,0.16070000,0.16130000,5237843.00000000,850044.59920000
1705824000000,0.16140000,0.16310000,0.16110000,0.16190000,3943318.00000000,639375.64060000
1705838400000,0.16190000,0.16360000,0.16140000,0.16290000,6668300.00000000,1083286.54700000
1705852800000,0.16290000,0.16370000,0.16130000,0.16300000,5104789.00000000,831391.83430000
1705867200000,0.16300000,0.16340000,0.15950000,0.15990000,5821548.00000000,939172.51590000
1705881600000,0.15990000,0.16290000,0.15680000,0.15740000,16391104.00000000,2613429.76810000
1705896000000,0.15750000,0.15880000,0.15530000,0.15670000,12879190.00000000,2021280.74270000
1705910400000,0.15670000,0.15680000,0.15140000,0.15340000,12850583.00000000,1979858.26700000
1705924800000,0.15330000,0.15530000,0.14960000,0.15230000,13918396.00000000,2117130.11310000
1705939200000,0.15230000,0.15310000,0.14720000,0.14990000,14691851.00000000,2212151.59450000
1705953600000,0.14980000,0.15280000,0.14810000,0.14890000,11084819.00000000,1668100.03410000
1705968000000,0.14880000,0.15170000,0.14770000,0.15050000,5914933.00000000,886855.42210000
1705982400000,0.15060000,0.15200000,0.14700000,0.14790000,6020101.00000000,905238.09320000
1705996800000,0.14790000,0.14900000,0.14000000,0.14140000,42355894.00000000,6034006.54310000
1706011200000,0.14130000,0.14480000,0.13850000,0.14350000,16617536.00000000,2344400.77170000
1706025600000,0.14350000,0.14570000,0.14210000,0.14260000,10038921.00000000,1441745.45880000
1706040000000,0.14250000,0.14780000,0.14200000,0.14750000,8202525.00000000,1185265.66510000
1706054400000,0.14750000,0.14880000,0.14530000,0.14570000,4692229.00000000,687957.08400000
1706068800000,0.14580000,0.15060000,0.14540000,0.15010000,4965422.00000000,733737.91140000
1706083200000,0.15020000,0.15270000,0.14950000,0.15130000,7245744.00000000,1094254.58510000
1706097600000,0.15130000,0.15250000,0.14930000,0.15100000,7561901.00000000,1140360.18370000
1706112000000,0.15110000,0.15250000,0.14960000,0.15100000,6767047.00000000,1022834.77290000
1706126400000,0.15100000,0.15390000,0.14920000,0.15320000,5257653.00000000,794079.62840000
1706140800000,0.15310000,0.15320000,0.14930000,0.15000000,3858215.00000000,584453.72430000
1706155200000,0.15000000,0.15080000,0.14790000,0.15050000,5000503.00000000,747728.67550000
1706169600000,0.15050000,0.15110000,0.14820000,0.14960000,6325687.00000000,949020.74620000
1706184000000,0.14960000,0.15030000,0.14640000,0.14700000,9814022.00000000,1453551.09790000
1706198400000,0.14700000,0.15000000,0.14620000,0.14930000,6868490.00000000,1019462.23950000
1706212800000,0.14920000,0.15010000,0.14830000,0.14940000,5144280.00000000,767937.69950000
1706227200000,0.14940000,0.15150000,0.14780000,0.15060000,3716014.00000000,557215.99890000
1706241600000,0.15060000,0.15130000,0.14870000,0.14930000,2695415.00000000,404353.90880000
1706256000000,0.14940000,0.15470000,0.14930000,0.15410000,7777164.00000000,1182719.97310000
1706270400000,0.15420000,0.15610000,0.15250000,0.15590000,10048298.00000000,1549691.24690000
1706284800000,0.15580000,0.15780000,0.15570000,0.15630000,8325911.00000000,1304580.05620000
1706299200000,0.15630000,0.15740000,0.15510000,0.15620000,7068943.00000000,1103636.32400000
1706313600000,0.15630000,0.16210000,0.15580000,0.16020000,14403634.00000000,2302428.86470000
1706328000000,0.16030000,0.16140000,0.15640000,0.15730000,7412069.00000000,1181248.08680000
1706342400000,0.15730000,0.15970000,0.15650000,0.15870000,5368455.00000000,849469.54400000
1706356800000,0.15880000,0.16250000,0.15860000,0.16040000,8892036.00000000,1431522.09300000
1706371200000,0.16050000,0.16090000,0.15900000,0.16040000,7046173.00000000,1126464.18600000
1706385600000,0.16040000,0.16160000,0.15950000,0.15990000,7238346.00000000,1161588.29560000
1706400000000,0.15990000,0.16180000,0.15920000,0.16180000,4501937.00000000,723152.42700000
1706414400000,0.16170000,0.16290000,0.15950000,0.16000000,6631813.00000000,1068846.28620000
1706428800000,0.16010000,0.16170000,0.15910000,0.15970000,8434981.00000000,1355357.77800000
1706443200000,0.15980000,0.15990000,0.15710000,0.15870000,8973489.00000000,1422068.86060000
1706457600000,0.15870000,0.16080000,0.15580000,0.15680000,5996374.00000000,949683.10140000
1706472000000,0.15680000,0.15860000,0.15500000,0.15700000,6127381.00000000,961226.20360000
1706486400000,0.15710000,0.16050000,0.15600000,0.15940000,4203955.00000000,665151.67730000
1706500800000,0.15940000,0.16050000,0.15800000,0.15820000,5098731.00000000,811559.32300000
1706515200000,0.15820000,0.15970000,0.15750000,0.15850000,6356432.00000000,1009550.41210000
1706529600000,0.15850000,0.15950000,0.15520000,0.15930000,8818862.00000000,1388078.48050000
1706544000000,0.15940000,0.16320000,0.15860000,0.16160000,16012810.00000000,2581756.90530000
1706558400000,0.16160000,0.16360000,0.16120000,0.16240000,6254691.00000000,1015582.27640000
1706572800000,0.16240000,0.16370000,0.16110000,0.16140000,7073676.00000000,1148302.02680000
1706587200000,0.16130000,0.16200000,0.16030000,0.16140000,4924473.00000000,793603.95940000
1706601600000,0.16140000,0.16430000,0.16090000,0.16350000,8442384.00000000,1375898.07800000
1706616000000,0.16350000,0.16380000,0.15890000,0.16220000,15135208.00000000,2437350.97570000
1706630400000,0.16230000,0.16380000,0.16110000,0.16300000,10529615.00000000,1714082.67400000
1706644800000,0.16290000,0.16320000,0.15750000,0.15840000,9062800.00000000,1454028.33570000
1706659200000,0.15850000,0.15920000,0.15610000,0.15840000,7724974.00000000,1218499.17220000
1706673600000,0.15830000,0.15890000,0.15670000,0.15820000,4821713.00000000,761133.55260000
1706688000000,0.15820000,0.15840000,0.15340000,0.15590000,12130677.00000000,1885056.37770000
1706702400000,0.15580000,0.15730000,0.15270000,0.15650000,11925105.00000000,1856828.03330000
1706716800000,0.15650000,0.15860000,0.15580000,0.15750000,7929802.00000000,1247084.11510000
1706731200000,0.15750000,0.15770000,0.15260000,0.15460000,8302423.00000000,1286010.70750000
1706745600000,0.15470000,0.15640000,0.15120000,0.15310000,10602059.00000000,1630583.67770000
1706760000000,0.15310000,0.15380000,0.15160000,0.15290000,5809057.00000000,887112.16980000
1706774400000,0.15300000,0.15420000,0.15160000,0.15210000,5213559.00000000,796886.08700000
1706788800000,0.15210000,0.15530000,0.15180000,0.15360000,5774378.00000000,885367.99330000
1706803200000,0.15360000,0.15500000,0.15190000,0.15410000,8117869.00000000,1244761.90890000
1706817600000,0.15410000,0.15510000,0.15350000,0.15430000,4213413.00000000,649654.96330000
1706832000000,0.15430000,0.15670000,0.15410000,0.15590000,5814195.00000000,904956.58730000
1706846400000,0.15590000,0.15660000,0.15550000,0.15610000,3430119.00000000,535112.92040000
1706860800000,0.15620000,0.15640000,0.15480000,0.15590000,5531491.00000000,861187.12780000
1706875200000,0.15590000,0.15680000,0.15330000,0.15670000,7767818.00000000,1203788.80680000
1706889600000,0.15670000,0.15730000,0.15510000,0.15580000,5805713.00000000,906676.28300000
1706904000000,0.15590000,0.15690000,0.15500000,0.15600000,2603647.00000000,406043.07090000
1706918400000,0.15610000,0.16000000,0.15570000,0.15770000,7204987.00000000,1141971.99820000
1706932800000,0.15770000,0.15960000,0.15640000,0.15670000,7209272.00000000,1136830.65340000
1706947200000,0.15680000,0.15780000,0.15600000,0.15740000,3524223.00000000,552828.79430000
1706961600000,0.15750000,0.15990000,0.15720000,0.15930000,5794105.00000000,917021.38800000
1706976000000,0.15930000,0.16000000,0.15770000,0.15800000,7849223.00000000,1244138.10520000
1706990400000,0.15800000,0.15850000,0.15600000,0.15630000,5826784.00000000,915327.68480000
1707004800000,0.15630000,0.15730000,0.15480000,0.15710000,3807738.00000000,594069.70060000
1707019200000,0.15700000,0.15700000,0.15280000,0.15360000,6018807.00000000,928922.25800000
1707033600000,0.15370000,0.15620000,0.15350000,0.15560000,3641471.00000000,563188.30500000
1707048000000,0.15550000,0.15610000,0.15490000,0.15560000,3219473.00000000,500718.13320000
1707062400000,0.15550000,0.15570000,0.15330000,0.15460000,4349112.00000000,672576.44770000
1707076800000,0.15460000,0.15550000,0.15210000,0.15230000,5217388.00000000,802665.44380000
1707091200000,0.15220000,0.15320000,0.14970000,0.15310000,6770131.00000000,1024813.40370000
1707105600000,0.15310000,0.15490000,0.15250000,0.15450000,3708548.00000000,570178.06090000
1707120000000,0.15460000,0.15510000,0.15310000,0.15390000,4081579.00000000,628403.39120000
1707134400000,0.15400000,0.15530000,0.15330000,0.15380000,11930892.00000000,1841212.29500000
1707148800000,0.15370000,0.15410000,0.15280000,0.15350000,6292106.00000000,965747.88480000
1707163200000,0.15350000,0.15360000,0.15030000,0.15240000,4066325.00000000,617987.79350000
1707177600000,0.15240000,0.15360000,0.15160000,0.15340000,3338172.00000000,509455.36630000
1707192000000,0.15330000,0.15500000,0.15330000,0.15490000,4148147.00000000,639114.00820000
1707206400000,0.15490000,0.15630000,0.15450000,0.15480000,8547973.00000000,1328601.86030000
1707220800000,0.15490000,0.15620000,0.15390000,0.15610000,4479885.00000000,694150.15850000
1707235200000,0.15620000,0.15990000,0.15610000,0.15950000,7017364.00000000,1107035.43020000
1707249600000,0.15960000,0.16150000,0.15870000,0.15900000,10043684.00000000,1602744.45990000
1707264000000,0.15910000,0.15980000,0.15740000,0.15750000,5269383.00000000,838348.48340000
1707278400000,0.15750000,0.15810000,0.15520000,0.15730000,4842636.00000000,760768.21150000
1707292800000,0.15730000,0.15800000,0.15590000,0.15620000,3990400.00000000,626581.36660000
1707307200000,0.15620000,0.15710000,0.15540000,0.15600000,5018241.00000000,784246.02340000
1707321600000,0.15600000,0.16130000,0.15590000,0.15870000,12192973.00000000,1938717.00100000
1707336000000,0.15870000,0.16220000,0.15870000,0.16080000,12648529.00000000,2037394.66900000
1707350400000,0.16090000,0.16320000,0.16080000,0.16190000,7483931.00000000,1213840.14820000
1707364800000,0.16180000,0.16340000,0.16040000,0.16270000,7506871.00000000,1214878.29670000
1707379200000,0.16270000,0.16310000,0.16180000,0.16230000,4968706.00000000,807655.99300000
1707393600000,0.16230000,0.16400000,0.16170000,0.16400000,6447058.00000000,1049510.47690000
1707408000000,0.16390000,0.16400000,0.16070000,0.16070000,7593899.00000000,1230979.67630000
1707422400000,0.16070000,0.16480000,0.16070000,0.16440000,13625135.00000000,2222767.37300000
1707436800000,0.16440000,0.16720000,0.16360000,0.16580000,8192877.00000000,1356248.35290000
1707451200000,0.16580000,0.16910000,0.16520000,0.16650000,8653096.00000000,1447326.64560000
1707465600000,0.16640000,0.16810000,0.16590000,0.16740000,8632783.00000000,1439999.30320000
1707480000000,0.16740000,0.16840000,0.16440000,0.16610000,16897638.00000000,2819078.70480000
1707494400000,0.16610000,0.16760000,0.16510000,0.16610000,16250332.00000000,2700186.09000000
1707508800000,0.16610000,0.16860000,0.16580000,0.16700000,7937140.00000000,1326916.73420000
1707523200000,0.16700000,0.17180000,0.16630000,0.17000000,12207321.00000000,2058967.21610000
1707537600000,0.17000000,0.17110000,0.16860000,0.16990000,5698609.00000000,967486.59620000
1707552000000,0.16990000,0.17260000,0.16610000,0.16890000,15431298.00000000,2614022.88150000
1707566400000,0.16890000,0.17170000,0.16760000,0.17150000,6593633.00000000,1115753.30880000
1707580800000,0.17150000,0.17210000,0.17020000,0.17100000,8845394.00000000,1514926.76450000
1707595200000,0.17100000,0.17200000,0.17000000,0.17060000,6437152.00000000,1101637.99190000
1707609600000,0.17050000,0.17140000,0.16980000,0.17120000,3963576.00000000,675813.06050000
1707624000000,0.17120000,0.17140000,0.16980000,0.17070000,3556654.00000000,606352.90380000
1707638400000,0.17070000,0.17170000,0.16940000,0.17090000,5806532.00000000,991286.88040000
1707652800000,0.17090000,0.17210000,0.16790000,0.16900000,7415914.00000000,1258742.65930000
1707667200000,0.16900000,0.16960000,0.16760000,0.16790000,5886810.00000000,992431.81110000
1707681600000,0.16790000,0.16810000,0.16550000,0.16730000,9614855.00000000,1604838.63660000
1707696000000,0.16730000,0.17000000,0.16580000,0.16730000,6755047.00000000,1136233.71450000
1707710400000,0.16720000,0.16770000,0.16470000,0.16570000,7407877.00000000,1230098.80780000
1707724800000,0.16570000,0.16680000,0.16300000,0.16410000,5702097.00000000,938349.81280000
1707739200000,0.16400000,0.17020000,0.16370000,0.17010000,8159859.00000000,1362224.57400000
1707753600000,0.17010000,0.17670000,0.16920000,0.17490000,28801267.00000000,5010760.73980000
1707768000000,0.17490000,0.17610000,0.17450000,0.17500000,9003518.00000000,1578208.10710000
1707782400000,0.17490000,0.17600000,0.17270000,0.17340000,9681319.00000000,1689436.55080000
1707796800000,0.17330000,0.17470000,0.17280000,0.17420000,6985669.00000000,1214973.03350000
1707811200000,0.17420000,0.17510000,0.17250000,0.17410000,5932220.00000000,1031592.99250000
1707825600000,0.17410000,0.17520000,0.16810000,0.17110000,20908892.00000000,3574254.95070000
1707840000000,0.17120000,0.17370000,0.16970000,0.17200000,8054253.00000000,1382821.42380000
1707854400000,0.17210000,0.17400000,0.17180000,0.17210000,5060761.00000000,874688.53120000
1707868800000,0.17220000,0.17300000,0.17000000,0.17280000,6704854.00000000,1148151.14480000
1707883200000,0.17290000,0.17610000,0.17240000,0.17600000,5553290.00000000,967664.61750000
1707897600000,0.17600000,0.18020000,0.17560000,0.17980000,15222930.00000000,2715610.41840000
1707912000000,0.17990000,0.18080000,0.17750000,0.17930000,14010545.00000000,2514815.04470000
1707926400000,0.17930000,0.18010000,0.17740000,0.17960000,8015049.00000000,1432429.58530000
1707940800000,0.17970000,0.18110000,0.17950000,0.18010000,6473607.00000000,1166956.86250000
1707955200000,0.18010000,0.18720000,0.17950000,0.18420000,17069392.00000000,3122096.19680000
1707969600000,0.18420000,0.18430000,0.17910000,0.18170000,8341209.00000000,1517017.13030000
1707984000000,0.18170000,0.18260000,0.18020000,0.18200000,9885960.00000000,1796469.29200000
1707998400000,0.18200000,0.18470000,0.18020000,0.18160000,17998191.00000000,3282600.10600000
1708012800000,0.18170000,0.18440000,0.17960000,0.18350000,12578863.00000000,2297052.31680000
1708027200000,0.18340000,0.18430000,0.17930000,0.18420000,10180367.00000000,1849662.57680000
1708041600000,0.18420000,0.18490000,0.18090000,0.18470000,7794123.00000000,1429474.27250000
1708056000000,0.18470000,0.18790000,0.18440000,0.18600000,14085695.00000000,2620613.80850000
1708070400000,0.18610000,0.19490000,0.18610000,0.19420000,47137803.00000000,9037582.00280000
1708084800000,0.19410000,0.19950000,0.18740000,0.19190000,52493725.00000000,10189771.72840000
1708099200000,0.19190000,0.19530000,0.18980000,0.19040000,29488841.00000000,5700925.44630000
1708113600000,0.19040000,0.19540000,0.18970000,0.19400000,13654196.00000000,2640634.46490000
1708128000000,0.19410000,0.19410000,0.18870000,0.19060000,8552244.00000000,1631861.04380000
1708142400000,0.19070000,0.19120000,0.18900000,0.18990000,5214098.00000000,991293.09500000
1708156800000,0.18990000,0.18990000,0.18540000,0.18760000,12490512.00000000,2336915.05230000
1708171200000,0.18760000,0.18910000,0.18330000,0.18840000,16462291.00000000,3068131.14820000
1708185600000,0.18850000,0.20180000,0.18720000,0.20150000,32158963.00000000,6297869.75250000
1708200000000,0.20150000,0.21690000,0.19810000,0.21600000,75043454.00000000,15593648.31000000
1708214400000,0.21610000,0.22870000,0.21200000,0.22520000,103726194.00000000,23122139.06500000
1708228800000,0.22520000,0.22620000,0.21000000,0.21300000,42713760.00000000,9299273.05080000
1708243200000,0.21300000,0.21860000,0.21050000,0.21640000,25387360.00000000,5438581.11920000
1708257600000,0.21640000,0.22340000,0.21440000,0.22030000,30788708.00000000,6714191.12230000
1708272000000,0.22040000,0.25200000,0.21850000,0.24260000,110086474.00000000,26045884.06230000
1708286400000,0.24260000,0.25130000,0.23670000,0.23860000,94341463.00000000,23148783.40730000
1708300800000,0.23860000,0.27500000,0.23850000,0.26630000,125115132.00000000,32317532.48520000
1708315200000,0.26620000,0.27500000,0.26030000,0.26360000,74434719.00000000,19936009.96340000
1708329600000,0.26360000,0.26910000,0.25800000,0.26050000,69503290.00000000,18336452.45100000
1708344000000,0.26060000,0.26630000,0.25400000,0.25520000,51434909.00000000,13453982.60510000
1708358400000,0.25520000,0.25610000,0.24590000,0.24830000,56679087.00000000,14150373.61060000
1708372800000,0.24830000,0.24900000,0.24270000,0.24510000,31281755.00000000,7678237.02320000
1708387200000,0.24510000,0.25200000,0.24230000,0.24450000,61644185.00000000,15281516.03900000
1708401600000,0.24450000,0.25320000,0.24380000,0.24970000,22604193.00000000,5627678.44200000
1708416000000,0.24970000,0.25480000,0.24550000,0.25110000,25207146.00000000,6316616.70660000
1708430400000,0.25110000,0.25110000,0.23050000,0.23700000,46566199.00000000,11247625.40260000
1708444800000,0.23700000,0.24020000,0.23350000,0.23930000,28826010.00000000,6836476.74110000
1708459200000,0.23940000,0.25070000,0.23690000,0.24970000,48135080.00000000,11784837.13560000
1708473600000,0.24970000,0.24970000,0.24140000,0.24460000,19419989.00000000,4749574.02900000
1708488000000,0.24460000,0.24710000,0.23440000,0.23700000,15233485.00000000,3656322.71210000
1708502400000,0.23710000,0.24060000,0.23160000,0.23270000,19301400.00000000,4554515.32220000
1708516800000,0.23270000,0.24220000,0.22970000,0.23950000,29033303.00000000,6855316.84280000
1708531200000,0.23950000,0.24810000,0.23140000,0.23660000,33676202.00000000,8064417.79170000
1708545600000,0.23670000,0.28360000,0.23300000,0.28160000,91791865.00000000,23847258.76660000
1708560000000,0.28170000,0.28860000,0.26490000,0.27200000,89586167.00000000,24701154.41290000
1708574400000,0.27200000,0.28610000,0.26770000,0.28380000,57490955.00000000,15931752.46480000
1708588800000,0.28380000,0.29250000,0.27340000,0.28370000,60188729.00000000,16948227.28870000
1708603200000,0.28380000,0.29400000,0.27650000,0.28990000,75523747.00000000,21652514.87160000
1708617600000,0.29000000,0.29400000,0.27830000,0.27990000,39701434.00000000,11335520.89040000
1708632000000,0.27980000,0.28380000,0.26960000,0.27000000,33870705.00000000,9371795.03280000
1708646400000,0.27000000,0.27890000,0.27000000,0.27420000,31630836.00000000,8667943.44160000
1708660800000,0.27440000,0.27560000,0.26760000,0.26950000,23761465.00000000,6468210.81950000
1708675200000,0.26950000,0.27590000,0.26710000,0.27270000,24591083.00000000,6681386.08100000
1708689600000,0.27270000,0.29830000,0.27040000,0.27230000,97441924.00000000,27639039.44910000
1708704000000,0.27240000,0.27720000,0.26540000,0.27400000,30336362.00000000,8226700.89170000
1708718400000,0.27400000,0.27450000,0.26010000,0.26520000,18837307.00000000,5041617.64780000
1708732800000,0.26520000,0.26600000,0.25330000,0.25860000,22165007.00000000,5734731.10320000
1708747200000,0.25870000,0.26250000,0.25740000,0.25820000,12609467.00000000,3272723.81540000
1708761600000,0.25830000,0.28040000,0.25400000,0.27120000,42866167.00000000,11457377.05610000
1708776000000,0.27120000,0.27440000,0.26520000,0.26630000,25670745.00000000,6933560.35250000
1708790400000,0.26630000,0.27430000,0.26580000,0.27220000,11478026.00000000,3106055.48200000
1708804800000,0.27220000,0.27410000,0.26860000,0.27050000,10942267.00000000,2970166.64100000
1708819200000,0.27060000,0.28970000,0.26900000,0.28750000,34112178.00000000,9547027.20010000
1708833600000,0.28760000,0.29960000,0.28330000,0.29840000,36340474.00000000,10584236.96510000
1708848000000,0.29840000,0.30290000,0.28630000,0.29430000,56860517.00000000,16846333.62230000
1708862400000,0.29430000,0.29520000,0.28220000,0.28850000,24451349.00000000,7040195.95180000
1708876800000,0.28860000,0.29730000,0.28590000,0.29660000,19858699.00000000,5803524.96180000
1708891200000,0.29650000,0.29980000,0.28620000,0.28920000,22210979.00000000,6506151.93210000
1708905600000,0.28920000,0.31190000,0.28650000,0.29960000,58566808.00000000,17640366.09120000
1708920000000,0.29970000,0.29970000,0.28840000,0.29020000,23709723.00000000,6925570.79880000
1708934400000,0.29010000,0.29730000,0.28380000,0.29180000,32446379.00000000,9426589.79670000
1708948800000,0.29170000,0.29480000,0.28630000,0.29240000,21425275.00000000,6234041.80330000
1708963200000,0.29240000,0.29490000,0.28590000,0.29260000,30325989.00000000,8837223.18150000
1708977600000,0.29260000,0.29430000,0.28870000,0.29410000,11432891.00000000,3335124.51120000
1708992000000,0.29410000,0.29420000,0.27980000,0.28090000,32547832.00000000,9348583.61080000
1709006400000,0.28080000,0.28780000,0.28070000,0.28550000,24365124.00000000,6934929.04200000
1709020800000,0.28560000,0.28710000,0.28220000,0.28520000,18425615.00000000,5245120.06760000
1709035200000,0.28520000,0.28730000,0.27850000,0.28490000,23256293.00000000,6565600.81420000
1709049600000,0.28500000,0.28670000,0.27900000,0.28050000,13861112.00000000,3902681.95520000
1709064000000,0.28060000,0.28280000,0.27700000,0.27970000,9226358.00000000,2581199.44370000
1709078400000,0.27960000,0.28460000,0.27360000,0.28160000,14093446.00000000,3920722.41410000
1709092800000,0.28150000,0.28740000,0.28060000,0.28300000,14050657.00000000,3993064.72710000
1709107200000,0.28290000,0.28700000,0.27350000,0.28050000,33314398.00000000,9321666.31980000
1709121600000,0.28050000,0.30790000,0.27880000,0.29260000,73170580.00000000,21527922.20840000
1709136000000,0.29260000,0.29660000,0.25550000,0.28680000,65607551.00000000,18451666.30130000
1709150400000,0.28680000,0.29700000,0.28250000,0.28700000,27037230.00000000,7832026.85590000
1709164800000,0.28700000,0.29060000,0.28070000,0.28160000,20246074.00000000,5769227.72270000
1709179200000,0.28170000,0.28930000,0.28050000,0.28910000,19636875.00000000,5572374.93360000
1709193600000,0.28900000,0.29240000,0.28440000,0.28810000,26924097.00000000,7771626.06620000
1709208000000,0.28800000,0.28990000,0.28360000,0.28790000,21141032.00000000,6074836.20770000
1709222400000,0.28790000,0.28940000,0.28000000,0.28630000,22103379.00000000,6290324.96910000
1709236800000,0.28640000,0.28760000,0.27020000,0.28140000,22418917.00000000,6264047.55090000
1709251200000,0.28150000,0.29680000,0.28140000,0.29150000,31419132.00000000,9110343.58710000
1709265600000,0.29160000,0.30120000,0.28970000,0.29090000,41419775.00000000,12267671.79680000
1709280000000,0.29080000,0.30800000,0.29050000,0.30550000,38694134.00000000,11553678.36780000
1709294400000,0.30550000,0.33170000,0.30380000,0.31750000,122452231.00000000,39270232.00630000
1709308800000,0.31750000,0.32400000,0.31050000,0.32190000,35079503.00000000,11101458.16920000
1709323200000,0.32200000,0.32630000,0.31800000,0.32170000,29650678.00000000,9542795.64440000
1709337600000,0.32170000,0.32560000,0.30900000,0.31340000,32753824.00000000,10339475.30620000
1709352000000,0.31350000,0.31680000,0.31200000,0.31400000,14077988.00000000,4427225.81350000
1709366400000,0.31390000,0.31550000,0.30660000,0.31490000,18856465.00000000,5865691.10430000
1709380800000,0.31490000,0.31880000,0.31030000,0.31120000,18495863.00000000,5810439.14860000
1709395200000,0.31110000,0.32490000,0.30830000,0.31970000,24747968.00000000,7888844.67890000
1709409600000,0.31960000,0.32220000,0.31570000,0.31820000,11928078.00000000,3803390.38500000
1709424000000,0.31810000,0.33370000,0.31570000,0.31960000,31350329.00000000,10151823.80720000
1709438400000,0.31960000,0.33210000,0.29030000,0.31720000,34639664.00000000,11030326.08660000
1709452800000,0.31730000,0.33310000,0.31690000,0.32710000,42119273.00000000,13688488.91470000
1709467200000,0.32710000,0.33000000,0.32050000,0.32260000,18661229.00000000,6060238.79450000
1709481600000,0.32240000,0.32650000,0.31900000,0.32110000,15063967.00000000,4863091.30800000
1709496000000,0.32100000,0.32550000,0.31810000,0.31990000,13878336.00000000,4464137.98330000
1709510400000,0.32000000,0.32190000,0.31250000,0.31450000,15578249.00000000,4931345.44440000
1709524800000,0.31440000,0.32080000,0.31300000,0.31900000,10749790.00000000,3414061.56470000
1709539200000,0.31900000,0.32290000,0.31190000,0.31340000,29518734.00000000,9352932.93650000
1709553600000,0.31340000,0.31520000,0.30680000,0.31100000,23771788.00000000,7402832.15020000
1709568000000,0.31090000,0.31830000,0.30000000,0.31710000,41218313.00000000,12673292.57160000
1709582400000,0.31700000,0.31980000,0.30720000,0.30770000,18172454.00000000,5676339.75090000
1709596800000,0.30780000,0.30910000,0.29890000,0.30040000,24802541.00000000,7516262.33080000
1709611200000,0.30040000,0.31180000,0.29840000,0.30290000,30073344.00000000,9189899.85760000
1709625600000,0.30280000,0.31120000,0.29990000,0.30520000,15392871.00000000,4714632.11270000
1709640000000,0.30510000,0.31110000,0.29480000,0.29790000,34021415.00000000,10325239.10630000
1709654400000,0.29790000,0.29990000,0.23550000,0.25790000,65203697.00000000,18284763.22090000
1709668800000,0.25790000,0.27970000,0.25550000,0.27790000,50128066.00000000,13499246.44060000
1709683200000,0.27780000,0.28590000,0.26790000,0.27490000,23144627.00000000,6428190.75140000
1709697600000,0.27480000,0.29900000,0.27340000,0.29830000,18966934.00000000,5485896.62540000
1709712000000,0.29820000,0.30170000,0.29000000,0.29100000,20772108.00000000,6143505.95650000
1709726400000,0.29090000,0.29580000,0.28050000,0.29190000,39737789.00000000,11464976.94350000
1709740800000,0.29190000,0.32000000,0.29080000,0.31090000,74719360.00000000,23175938.41370000
1709755200000,0.31100000,0.32950000,0.31060000,0.32470000,34730091.00000000,11096192.95990000
1709769600000,0.32470000,0.33250000,0.31510000,0.31680000,41077109.00000000,13334965.45820000
1709784000000,0.31680000,0.33250000,0.31410000,0.32790000,31494364.00000000,10172550.21190000
1709798400000,0.32790000,0.33850000,0.31910000,0.32830000,39103854.00000000,12861590.85750000
1709812800000,0.32830000,0.35080000,0.32630000,0.34090000,73627491.00000000,25034766.39110000
1709827200000,0.34090000,0.36000000,0.33880000,0.35170000,54263629.00000000,19137386.67860000
1709841600000,0.35170000,0.35420000,0.34290000,0.34550000,35800973.00000000,12423364.50150000
1709856000000,0.34550000,0.35140000,0.33270000,0.33390000,18455073.00000000,6278405.82300000
1709870400000,0.33400000,0.33940000,0.33360000,0.33790000,12749063.00000000,4288983.70760000
1709884800000,0.33790000,0.34130000,0.33400000,0.33690000,16874207.00000000,5675465.70220000
1709899200000,0.33690000,0.34590000,0.32100000,0.33730000,41928183.00000000,14064732.99370000
1709913600000,0.33730000,0.35000000,0.32920000,0.34020000,37994573.00000000,12937172.77890000
1709928000000,0.34020000,0.34310000,0.33620000,0.33970000,14436026.00000000,4900269.32330000
1709942400000,0.33980000,0.37200000,0.33700000,0.36930000,46916570.00000000,16847219.55490000
1709956800000,0.36930000,0.40780000,0.36860000,0.39750000,86698807.00000000,33958274.58110000
1709971200000,0.39740000,0.42270000,0.39400000,0.39630000,77044302.00000000,31403196.40940000
1709985600000,0.39630000,0.40610000,0.38760000,0.40120000,33479920.00000000,13241003.09840000
1710000000000,0.40130000,0.40250000,0.39000000,0.39950000,25369589.00000000,10056199.19820000
1710014400000,0.39960000,0.45590000,0.39600000,0.45220000,60091410.00000000,25467740.45290000
1710028800000,0.45230000,0.49400000,0.43650000,0.48040000,138081818.00000000,64656234.24840000
1710043200000,0.48050000,0.48090000,0.45020000,0.45400000,46485101.00000000,21682448.02200000
1710057600000,0.45410000,0.47000000,0.43850000,0.46580000,60578208.00000000,27331706.90040000
1710072000000,0.46580000,0.47510000,0.43150000,0.43180000,50294005.00000000,22686715.23930000
1710086400000,0.43180000,0.44610000,0.42970000,0.43370000,23107566.00000000,10105693.63110000
1710100800000,0.43380000,0.43910000,0.42610000,0.43680000,25686665.00000000,11105506.15790000
1710115200000,0.43670000,0.45920000,0.40820000,0.44820000,56201147.00000000,24375431.80400000
1710129600000,0.44820000,0.45530000,0.43520000,0.44290000,25677376.00000000,11416049.50950000
1710144000000,0.44280000,0.45420000,0.43690000,0.44080000,26278408.00000000,11696786.34460000
1710158400000,0.44070000,0.45650000,0.43290000,0.43710000,27945264.00000000,12347495.37690000
1710172800000,0.43720000,0.43830000,0.42640000,0.42690000,24837908.00000000,10689157.09110000
1710187200000,0.42700000,0.43580000,0.42370000,0.43450000,22151425.00000000,9522178.63980000
1710201600000,0.43460000,0.44460000,0.42870000,0.42950000,19166093.00000000,8355156.81780000
1710216000000,0.42950000,0.44110000,0.42170000,0.42410000,18677531.00000000,8036829.39920000
1710230400000,0.42400000,0.45400000,0.41440000,0.43810000,34077727.00000000,14852948.39040000
1710244800000,0.43810000,0.45300000,0.43390000,0.44040000,40129189.00000000,17807520.65020000
1710259200000,0.44040000,0.44220000,0.40720000,0.44140000,43881201.00000000,18757634.60020000
1710273600000,0.44150000,0.44730000,0.43270000,0.44570000,12374472.00000000,5443129.73580000
1710288000000,0.44570000,0.47110000,0.44090000,0.46120000,42201658.00000000,19419173.68710000
1710302400000,0.46120000,0.46130000,0.44850000,0.44940000,13217455.00000000,5995674.73280000
1710316800000,0.44940000,0.45090000,0.44580000,0.44920000,13101660.00000000,5866592.22870000
1710331200000,0.44930000,0.45140000,0.43180000,0.43460000,19734409.00000000,8687100.75460000
1710345600000,0.43450000,0.44370000,0.43170000,0.43740000,12486597.00000000,5457933.68900000
1710360000000,0.43730000,0.44240000,0.43400000,0.44090000,9725137.00000000,4256380.49620000
1710374400000,0.44090000,0.44710000,0.43030000,0.43750000,17118580.00000000,7497899.81280000
1710388800000,0.43740000,0.43740000,0.42660000,0.42930000,13908923.00000000,5981860.74700000
1710403200000,0.42920000,0.43810000,0.42430000,0.42910000,16111121.00000000,6947346.50180000
1710417600000,0.42910000,0.43170000,0.41200000,0.41640000,24891565.00000000,10486286.60490000
1710432000000,0.41630000,0.43280000,0.40580000,0.41660000,23130246.00000000,9690994.98170000
1710446400000,0.41660000,0.44400000,0.41610000,0.43720000,20367018.00000000,8847903.84860000
1710460800000,0.43730000,0.43960000,0.38880000,0.40780000,35793381.00000000,14774470.66150000
1710475200000,0.40780000,0.40990000,0.39530000,0.40690000,41042907.00000000,16558341.58640000
1710489600000,0.40680000,0.40720000,0.37000000,0.39490000,41455376.00000000,16082334.08320000
1710504000000,0.39510000,0.40650000,0.39030000,0.39930000,20888851.00000000,8314303.33510000
1710518400000,0.39930000,0.41570000,0.39380000,0.40190000,20420705.00000000,8238497.00490000
1710532800000,0.40180000,0.41420000,0.38980000,0.41200000,18007795.00000000,7202337.82160000
1710547200000,0.41210000,0.41520000,0.40230000,0.41290000,14642372.00000000,5974408.69740000
1710561600000,0.41290000,0.42290000,0.40600000,0.41890000,21039997.00000000,8731331.63720000
1710576000000,0.41880000,0.42040000,0.40440000,0.40840000,16692892.00000000,6905225.00340000
1710590400000,0.40830000,0.40940000,0.38810000,0.39800000,26970441.00000000,10677687.62630000
1710604800000,0.39800000,0.39800000,0.36320000,0.37080000,35076031.00000000,13265731.73640000
1710619200000,0.37080000,0.37670000,0.35970000,0.36790000,22975830.00000000,8452104.42960000
1710633600000,0.36790000,0.40680000,0.35900000,0.40540000,45248329.00000000,17479685.31600000
1710648000000,0.40550000,0.40620000,0.37790000,0.39230000,31800707.00000000,12438502.91470000
1710662400000,0.39190000,0.40670000,0.38800000,0.40000000,22038148.00000000,8806914.40840000
1710676800000,0.40000000,0.42880000,0.39380000,0.42100000,38457717.00000000,15915887.51500000
1710691200000,0.42100000,0.42560000,0.41350000,0.42440000,22652927.00000000,9511969.89500000
1710705600000,0.42450000,0.43530000,0.42030000,0.42240000,22301766.00000000,9545485.05350000
1710720000000,0.42250000,0.44050000,0.41670000,0.42360000,45408251.00000000,19562910.87410000
1710734400000,0.42360000,0.42720000,0.41400000,0.41520000,17085153.00000000,7192023.61230000
1710748800000,0.41530000,0.42830000,0.40470000,0.42450000,25837230.00000000,10669751.98630000
1710763200000,0.42450000,0.42860000,0.40100000,0.41090000,35381555.00000000,14685298.71030000
1710777600000,0.41080000,0.41780000,0.39120000,0.39180000,21632770.00000000,8644733.80470000
1710792000000,0.39190000,0.40200000,0.38910000,0.39050000,18306519.00000000,7228807.71030000
1710806400000,0.39050000,0.40480000,0.37030000,0.39040000,56118172.00000000,21841215.03430000
1710820800000,0.39030000,0.39090000,0.35380000,0.38050000,29721131.00000000,11146322.45980000
1710835200000,0.38060000,0.38760000,0.35720000,0.38760000,34565414.00000000,12787643.70140000
1710849600000,0.38750000,0.40590000,0.38300000,0.40300000,37626507.00000000,14822390.89520000
1710864000000,0.40290000,0.40460000,0.39200000,0.39420000,25287206.00000000,10044624.75870000
1710878400000,0.39410000,0.39530000,0.36380000,0.37330000,23541340.00000000,8893251.33890000
1710892800000,0.37320000,0.37860000,0.36370000,0.36560000,16789940.00000000,6242022.35260000
1710907200000,0.36560000,0.37960000,0.35430000,0.37860000,22143076.00000000,8087230.99150000
1710921600000,0.37860000,0.38580000,0.37110000,0.38370000,15004964.00000000,5668756.79770000
1710936000000,0.38370000,0.39030000,0.37120000,0.37310000,18253686.00000000,6947585.68660000
1710950400000,0.37310000,0.40020000,0.35730000,0.39730000,39942854.00000000,15110143.21350000
1710964800000,0.39740000,0.40790000,0.39530000,0.40440000,22076100.00000000,8902009.22790000
1710979200000,0.40430000,0.40460000,0.39160000,0.39360000,14663986.00000000,5851720.72370000
1710993600000,0.39360000,0.39540000,0.38270000,0.38900000,13905776.00000000,5417373.94490000
1711008000000,0.38890000,0.39420000,0.38750000,0.38940000,9642223.00000000,3775744.83590000
1711022400000,0.38940000,0.39280000,0.38230000,0.38620000,16919866.00000000,6560754.29770000
1711036800000,0.38620000,0.39140000,0.37250000,0.37950000,19035286.00000000,7253408.27440000
1711051200000,0.37930000,0.38530000,0.37510000,0.38080000,11583467.00000000,4406754.04450000
1711065600000,0.38080000,0.38310000,0.37270000,0.38030000,10452024.00000000,3941842.15100000
1711080000000,0.38030000,0.38820000,0.37860000,0.38590000,9679914.00000000,3713948.94110000
1711094400000,0.38600000,0.38780000,0.37110000,0.37200000,9860769.00000000,3739058.33100000
1711108800000,0.37200000,0.37520000,0.35910000,0.36820000,18325870.00000000,6718668.73940000
1711123200000,0.36830000,0.36860000,0.36140000,0.36650000,8116275.00000000,2964930.14710000
1711137600000,0.36640000,0.36720000,0.35670000,0.36650000,10918549.00000000,3943369.47230000
1711152000000,0.36640000,0.37010000,0.35810000,0.36210000,8818695.00000000,3215191.25850000
1711166400000,0.36200000,0.37050000,0.36100000,0.36790000,6995457.00000000,2554233.87730000
1711180800000,0.36790000,0.37980000,0.36450000,0.37360000,15983562.00000000,5960115.57450000
1711195200000,0.37350000,0.37700000,0.36940000,0.37430000,14667344.00000000,5473376.89010000
1711209600000,0.37430000,0.37740000,0.37020000,0.37070000,8220460.00000000,3073130.66220000
1711224000000,0.37060000,0.37160000,0.36400000,0.36470000,6724400.00000000,2479158.07890000
1711238400000,0.36470000,0.37920000,0.36370000,0.36470000,20079058.00000000,7484830.79100000
1711252800000,0.36460000,0.36760000,0.36210000,0.36710000,5048942.00000000,1840961.88030000
1711267200000,0.36720000,0.37510000,0.36660000,0.37150000,7335378.00000000,2722945.56500000
1711281600000,0.37150000,0.37670000,0.37080000,0.37460000,6435254.00000000,2407376.62310000
1711296000000,0.37460000,0.37950000,0.36730000,0.37870000,10793767.00000000,4034526.22440000
1711310400000,0.37880000,0.39260000,0.37650000,0.38820000,15612394.00000000,6038820.54060000
1711324800000,0.38840000,0.39310000,0.38250000,0.38550000,10576107.00000000,4088725.23560000
1711339200000,0.38550000,0.38950000,0.38090000,0.38150000,6316620.00000000,2438603.37630000
1711353600000,0.38140000,0.39410000,0.38120000,0.38670000,9622136.00000000,3740627.96520000
1711368000000,0.38670000,0.39910000,0.38320000,0.39750000,18961232.00000000,7444482.25250000
1711382400000,0.39740000,0.40890000,0.39620000,0.40750000,17756584.00000000,7151325.14680000
1711396800000,0.40750000,0.41760000,0.40000000,0.40290000,19834685.00000000,8109651.20080000
1711411200000,0.40290000,0.41660000,0.40010000,0.41520000,12177340.00000000,4952722.09750000
1711425600000,0.41520000,0.41730000,0.41040000,0.41180000,12536953.00000000,5191745.83220000
1711440000000,0.41170000,0.41540000,0.40910000,0.41090000,10574222.00000000,4357796.83370000
1711454400000,0.41090000,0.41310000,0.39530000,0.40160000,21041892.00000000,8496198.19230000
1711468800000,0.40150000,0.40410000,0.39080000,0.39190000,19209151.00000000,7590682.38060000
1711483200000,0.39190000,0.39900000,0.39190000,0.39830000,9596792.00000000,3801201.38650000
1711497600000,0.39840000,0.40520000,0.39760000,0.40050000,13454702.00000000,5394844.14570000
1711512000000,0.40060000,0.40150000,0.38880000,0.39010000,10937452.00000000,4320765.57050000
1711526400000,0.39020000,0.42790000,0.38660000,0.40690000,49533095.00000000,20274430.35650000
1711540800000,0.40700000,0.41930000,0.39200000,0.39580000,35056925.00000000,14229086.95150000
1711555200000,0.39580000,0.40200000,0.39060000,0.39470000,16286436.00000000,6465062.53020000
1711569600000,0.39460000,0.40830000,0.39370000,0.40070000,11242590.00000000,4511692.20790000
1711584000000,0.40060000,0.42070000,0.39730000,0.40530000,41836647.00000000,17153731.87440000
1711598400000,0.40540000,0.41980000,0.40380000,0.41930000,15712811.00000000,6485951.81000000
1711612800000,0.41920000,0.42640000,0.41390000,0.41680000,22768305.00000000,9545637.28550000
1711627200000,0.41690000,0.42400000,0.40750000,0.42290000,19170368.00000000,7951154.66980000
1711641600000,0.42290000,0.42350000,0.41050000,0.41450000,12570862.00000000,5230229.69510000
1711656000000,0.41450000,0.41500000,0.40940000,0.41230000,6303226.00000000,2595843.22200000
1711670400000,0.41230000,0.41920000,0.40340000,0.40690000,19888625.00000000,8204687.25000000
1711684800000,0.40680000,0.40910000,0.39730000,0.39900000,8420584.00000000,3401601.59870000
1711699200000,0.39890000,0.40370000,0.39760000,0.40200000,9829575.00000000,3939228.83530000
1711713600000,0.40200000,0.40410000,0.39130000,0.39440000,14653593.00000000,5850795.79580000
1711728000000,0.39430000,0.39970000,0.39350000,0.39560000,11470046.00000000,4545023.95910000
1711742400000,0.39560000,0.39560000,0.38960000,0.39310000,8487312.00000000,3337704.25480000
1711756800000,0.39320000,0.39380000,0.38910000,0.38970000,6378819.00000000,2493880.59830000
1711771200000,0.38970000,0.39440000,0.38880000,0.38940000,7059560.00000000,2762659.53320000
1711785600000,0.38930000,0.39720000,0.38860000,0.39690000,6318826.00000000,2480096.34580000
1711800000000,0.39700000,0.39720000,0.39130000,0.39210000,6209395.00000000,2447730.71790000
1711814400000,0.39220000,0.39480000,0.38760000,0.39150000,8866456.00000000,3475182.19600000
1711828800000,0.39150000,0.39340000,0.38530000,0.38870000,6906544.00000000,2684901.19240000
1711843200000,0.38870000,0.39240000,0.38680000,0.38880000,5498368.00000000,2142431.81720000
1711857600000,0.38880000,0.39500000,0.38820000,0.39280000,4241773.00000000,1665285.06380000
1711872000000,0.39280000,0.39410000,0.38880000,0.39150000,3650922.00000000,1427711.82720000
1711886400000,0.39140000,0.39240000,0.38800000,0.38930000,4980640.00000000,1942460.96810000
1711900800000,0.38930000,0.39170000,0.38740000,0.38920000,6117380.00000000,2380422.85350000
1711915200000,0.38920000,0.39320000,0.38640000,0.39260000,8758159.00000000,3411298.02570000
1711929600000,0.39250000,0.39420000,0.38340000,0.38420000,14303161.00000000,5535831.93740000
1711944000000,0.38420000,0.38580000,0.36500000,0.37480000,21299712.00000000,7965300.00880000
1711958400000,0.37480000,0.37530000,0.36900000,0.36930000,8643444.00000000,3211444.39380000
1711972800000,0.36930000,0.37560000,0.35980000,0.36430000,18613336.00000000,6834020.90270000
1711987200000,0.36440000,0.37390000,0.36150000,0.37310000,10351409.00000000,3793714.95430000
1712001600000,0.37310000,0.37630000,0.37180000,0.37430000,5597320.00000000,2093034.74160000
1712016000000,0.37420000,0.37620000,0.34740000,0.35280000,19641581.00000000,7037646.24710000
1712030400000,0.35290000,0.35480000,0.34640000,0.34930000,10592649.00000000,3720439.20190000
1712044800000,0.34930000,0.35050000,0.33230000,0.33770000,21604202.00000000,7334436.69980000
1712059200000,0.33760000,0.34570000,0.33080000,0.33550000,16937724.00000000,5727780.18150000
1712073600000,0.33550000,0.33980000,0.32890000,0.33840000,21144558.00000000,7072362.57170000
1712088000000,0.33830000,0.33990000,0.33170000,0.33360000,7587895.00000000,2550753.53490000
1712102400000,0.33360000,0.33710000,0.31910000,0.33500000,14207639.00000000,4666062.61130000
1712116800000,0.33500000,0.34400000,0.33420000,0.34080000,10959748.00000000,3716774.22420000
1712131200000,0.34080000,0.34920000,0.33870000,0.34060000,11548149.00000000,3971825.53110000
1712145600000,0.34070000,0.34480000,0.33380000,0.33750000,10795750.00000000,3666356.81250000
1712160000000,0.33740000,0.34300000,0.32970000,0.33140000,10065832.00000000,3373642.64640000
1712174400000,0.33140000,0.33300000,0.32510000,0.32900000,7900854.00000000,2605629.16750000
1712188800000,0.32890000,0.34070000,0.32680000,0.32710000,18190050.00000000,6085216.79420000
1712203200000,0.32720000,0.33640000,0.32300000,0.33460000,6502097.00000000,2145362.71670000
1712217600000,0.33470000,0.34470000,0.33380000,0.34030000,10918064.00000000,3690599.91520000
1712232000000,0.34030000,0.34860000,0.33920000,0.34210000,11729556.00000000,4032521.38770000
1712246400000,0.34220000,0.34900000,0.34100000,0.34200000,6433955.00000000,2219139.02670000
1712260800000,0.34200000,0.34240000,0.33350000,0.33810000,7901756.00000000,2663345.71960000
1712275200000,0.33810000,0.33990000,0.32710000,0.33240000,6799113.00000000,2263609.00700000
1712289600000,0.33230000,0.33260000,0.32180000,0.32470000,7473607.00000000,2436954.23350000
1712304000000,0.32480000,0.32960000,0.31770000,0.31830000,8946703.00000000,2887090.82960000
1712318400000,0.31840000,0.33300000,0.31600000,0.33290000,12897440.00000000,4170242.42350000
1712332800000,0.33280000,0.33470000,0.32900000,0.33200000,5705599.00000000,1894926.84980000
1712347200000,0.33210000,0.33580000,0.33090000,0.33110000,2676921.00000000,890872.32040000
1712361600000,0.33100000,0.33770000,0.32900000,0.33620000,4917321.00000000,1643211.02820000
1712376000000,0.33620000,0.33810000,0.33340000,0.33680000,3028940.00000000,1018193.67730000
1712390400000,0.33680000,0.33980000,0.33330000,0.33380000,4309468.00000000,1449239.79840000
1712404800000,0.33390000,0.33610000,0.33140000,0.33440000,5570549.00000000,1859463.43630000
1712419200000,0.33440000,0.33740000,0.33350000,0.33500000,4940281.00000000,1655883.54050000
1712433600000,0.33490000,0.34250000,0.33310000,0.33750000,14725862.00000000,4977532.84870000
1712448000000,0.33750000,0.34140000,0.33410000,0.34020000,6969247.00000000,2357976.61530000
1712462400000,0.34010000,0.34080000,0.33660000,0.33790000,3712024.00000000,1255843.50030000
1712476800000,0.33790000,0.34130000,0.33790000,0.34050000,4984395.00000000,1692874.87050000
1712491200000,0.34060000,0.34160000,0.33710000,0.33780000,8653389.00000000,2937977.85420000
1712505600000,0.33770000,0.34150000,0.33300000,0.33380000,8573549.00000000,2890380.65160000
1712520000000,0.33370000,0.33800000,0.33150000,0.33700000,6048994.00000000,2025659.54920000
1712534400000,0.33700000,0.33940000,0.32920000,0.33150000,8119246.00000000,2719783.30010000
1712548800000,0.33150000,0.34260000,0.32950000,0.34130000,6345293.00000000,2124486.11300000
1712563200000,0.34140000,0.35420000,0.34090000,0.35250000,15965621.00000000,5562406.88410000
1712577600000,0.35250000,0.35430000,0.34440000,0.34570000,10746030.00000000,3747468.32610000
1712592000000,0.34570000,0.35150000,0.34450000,0.35090000,6052994.00000000,2105319.53380000
1712606400000,0.35100000,0.35450000,0.35040000,0.35210000,5254374.00000000,1854818.40260000
1712620800000,0.35220000,0.35440000,0.34650000,0.34840000,7609798.00000000,2659720.27140000
1712635200000,0.34840000,0.35410000,0.34130000,0.34340000,9693304.00000000,3365954.97320000
1712649600000,0.34330000,0.34650000,0.33650000,0.34590000,9606623.00000000,3291744.84810000
1712664000000,0.34580000,0.34910000,0.33330000,0.33950000,17706376.00000000,6049172.33780000
1712678400000,0.33950000,0.33990000,0.33200000,0.33880000,9824162.00000000,3302035.96970000
1712692800000,0.33870000,0.34080000,0.33190000,0.33290000,4762861.00000000,1603115.09260000
1712707200000,0.33290000,0.33530000,0.32210000,0.32700000,9115900.00000000,2994267.16910000
1712721600000,0.32690000,0.33230000,0.32590000,0.32870000,4443113.00000000,1460446.89130000
1712736000000,0.32870000,0.32930000,0.32240000,0.32600000,7636768.00000000,2490249.98110000
1712750400000,0.32600000,0.32690000,0.31280000,0.32230000,18770143.00000000,5997171.58970000
1712764800000,0.32230000,0.32880000,0.32020000,0.32740000,7501205.00000000,2436235.20080000
1712779200000,0.32750000,0.33230000,0.32380000,0.32840000,6786769.00000000,2225751.47540000
1712793600000,0.32850000,0.32870000,0.31950000,0.32070000,9274550.00000000,2993791.04210000
1712808000000,0.32070000,0.32780000,0.31840000,0.32590000,8693266.00000000,2802435.52700000
1712822400000,0.32600000,0.32930000,0.31490000,0.31580000,9379057.00000000,3030258.64260000
1712836800000,0.31580000,0.32000000,0.30890000,0.31080000,19021479.00000000,5970145.04990000
1712851200000,0.31080000,0.31200000,0.30560000,0.30850000,10792277.00000000,3328326.74340000
1712865600000,0.30850000,0.31160000,0.30780000,0.31050000,6326571.00000000,1961305.15200000
1712880000000,0.31060000,0.31450000,0.30890000,0.31360000,5287069.00000000,1646591.20030000
1712894400000,0.31360000,0.31600000,0.31010000,0.31220000,7931614.00000000,2477612.64160000
1712908800000,0.31220000,0.31320000,0.30800000,0.31090000,6030458.00000000,1875266.58190000
1712923200000,0.31100000,0.31120000,0.29330000,0.29490000,21142637.00000000,6308516.16460000
1712937600000,0.29480000,0.29550000,0.23600000,0.25840000,85894965.00000000,22466878.52620000
1712952000000,0.25830000,0.27030000,0.25720000,0.26850000,24039185.00000000,6350155.96130000
1712966400000,0.26840000,0.26860000,0.25210000,0.26080000,16505772.00000000,4286082.41750000
1712980800000,0.26080000,0.26480000,0.25820000,0.26140000,9257906.00000000,2428057.34230000
1712995200000,0.26140000,0.27470000,0.25870000,0.26890000,21642582.00000000,5781303.72650000
1713009600000,0.26890000,0.27250000,0.26380000,0.26590000,17862433.00000000,4789808.90920000
1713024000000,0.26590000,0.26700000,0.22000000,0.23130000,56801611.00000000,14124945.88480000
1713038400000,0.23130000,0.23910000,0.20000000,0.23460000,93560009.00000000,20407304.66000000
1713052800000,0.23460000,0.23580000,0.22190000,0.22900000,22732289.00000000,5194473.32100000
1713067200000,0.22900000,0.25150000,0.22740000,0.25020000,21077266.00000000,5103429.37110000
1713081600000,0.25020000,0.25260000,0.23790000,0.23970000,12772503.00000000,3146434.98740000
1713096000000,0.23960000,0.24690000,0.23560000,0.24060000,21141612.00000000,5087825.56050000
1713110400000,0.24060000,0.24860000,0.23270000,0.24370000,29690649.00000000,7168816.07460000
1713124800000,0.24360000,0.26310000,0.23810000,0.25930000,17983189.00000000,4526536.86920000
1713139200000,0.25930000,0.26120000,0.25280000,0.25710000,11350152.00000000,2909911.02750000
1713153600000,0.25710000,0.27750000,0.25300000,0.27450000,16131935.00000000,4338988.38410000
1713168000000,0.27450000,0.28530000,0.27210000,0.28040000,15978746.00000000,4464250.28020000
1713182400000,0.28030000,0.28870000,0.26240000,0.26530000,31701845.00000000,8689342.02460000
1713196800000,0.26520000,0.26850000,0.24400000,0.25710000,34803069.00000000,8868656.97060000
1713211200000,0.25710000,0.26020000,0.24970000,0.25320000,12576410.00000000,3200127.90850000
1713225600000,0.25320000,0.26090000,0.24750000,0.25070000,20750305.00000000,5273536.07550000
1713240000000,0.25090000,0.26200000,0.24340000,0.26080000,17330640.00000000,4375229.32720000
1713254400000,0.26090000,0.26220000,0.24460000,0.25600000,20653112.00000000,5246870.97700000
1713268800000,0.25600000,0.25600000,0.24070000,0.24090000,18068397.00000000,4464515.72060000
1713283200000,0.24090000,0.25560000,0.23950000,0.24950000,21267024.00000000,5302067.64330000
1713297600000,0.24950000,0.26200000,0.24930000,0.25830000,8874813.00000000,2284602.95960000
1713312000000,0.25830000,0.25980000,0.25260000,0.25460000,7980403.00000000,2040621.06780000
1713326400000,0.25450000,0.26060000,0.25100000,0.25420000,9051267.00000000,2309313.96950000
1713340800000,0.25410000,0.25660000,0.24650000,0.24670000,8743219.00000000,2199648.50130000
1713355200000,0.24670000,0.24990000,0.23810000,0.24000000,21949804.00000000,5332765.23890000
1713369600000,0.23990000,0.25390000,0.23610000,0.24660000,19806482.00000000,4832205.26150000
1713384000000,0.24650000,0.24860000,0.24030000,0.24180000,9692978.00000000,2364679.15780000
1713398400000,0.24190000,0.24690000,0.23600000,0.24520000,10418729.00000000,2523687.09580000
1713412800000,0.24520000,0.24720000,0.23570000,0.23690000,7335454.00000000,1765903.84480000
1713427200000,0.23680000,0.25000000,0.23430000,0.24590000,10483693.00000000,2542134.98170000
1713441600000,0.24590000,0.25540000,0.24040000,0.25220000,11673125.00000000,2904798.07780000
1713456000000,0.25220000,0.25580000,0.24600000,0.25480000,8056157.00000000,2028668.98900000
1713470400000,0.25470000,0.25800000,0.25320000,0.25550000,5731119.00000000,1464848.58540000
1713484800000,0.25550000,0.25580000,0.23320000,0.24420000,18820790.00000000,4555135.88720000
1713499200000,0.24410000,0.26560000,0.24340000,0.25720000,18220027.00000000,4640774.89500000
1713513600000,0.25720000,0.26340000,0.25590000,0.25820000,18871886.00000000,4897405.75840000
1713528000000,0.25810000,0.26300000,0.25490000,0.26040000,11214434.00000000,2910102.53340000
1713542400000,0.26030000,0.26590000,0.25610000,0.26380000,8540291.00000000,2233191.40080000
1713556800000,0.26380000,0.26380000,0.25350000,0.25710000,6844690.00000000,1768516.64830000
1713571200000,0.25730000,0.26310000,0.25220000,0.26030000,7385622.00000000,1907330.51010000
1713585600000,0.26020000,0.27020000,0.25960000,0.26810000,7563274.00000000,2007385.24960000
1713600000000,0.26810000,0.27190000,0.26540000,0.27190000,10466026.00000000,2811760.20610000
1713614400000,0.27180000,0.28400000,0.27010000,0.28300000,15419899.00000000,4258758.79100000
1713628800000,0.28300000,0.29340000,0.28070000,0.29290000,22392899.00000000,6445701.68620000
1713643200000,0.29300000,0.29960000,0.29070000,0.29120000,11414164.00000000,3364246.04530000
1713657600000,0.29120000,0.29440000,0.28710000,0.29030000,8340725.00000000,2420028.59220000
1713672000000,0.29020000,0.29070000,0.28510000,0.28660000,3990888.00000000,1150097.27130000
1713686400000,0.28660000,0.28830000,0.28200000,0.28540000,8010130.00000000,2283951.03900000
1713700800000,0.28540000,0.28630000,0.27930000,0.28350000,8071368.00000000,2278993.43860000
1713715200000,0.28350000,0.28410000,0.27690000,0.27930000,8611250.00000000,2414324.18390000
1713729600000,0.27920000,0.28550000,0.27850000,0.28150000,7191439.00000000,2028823.98980000
1713744000000,0.28150000,0.29170000,0.27840000,0.28930000,12174085.00000000,3446205.75970000
1713758400000,0.28920000,0.29900000,0.28710000,0.29650000,13127997.00000000,3859456.52490000
1713772800000,0.29650000,0.30670000,0.29340000,0.30000000,19646049.00000000,5909474.54340000
1713787200000,0.30000000,0.30300000,0.29370000,0.30180000,13360606.00000000,3985447.71990000
1713801600000,0.30180000,0.30580000,0.29540000,0.30330000,13314628.00000000,4007058.28860000
1713816000000,0.30320000,0.30500000,0.30020000,0.30170000,5509049.00000000,1665802.98760000
1713830400000,0.30160000,0.31180000,0.30120000,0.30290000,15943452.00000000,4890629.07760000
1713844800000,0.30280000,0.30440000,0.29310000,0.29380000,12116657.00000000,3621450.48390000
1713859200000,0.29370000,0.29930000,0.29230000,0.29670000,6846673.00000000,2025795.68860000
1713873600000,0.29660000,0.30550000,0.29590000,0.29830000,10589738.00000000,3181790.73910000
1713888000000,0.29840000,0.30150000,0.29580000,0.29950000,8411700.00000000,2508274.58070000
1713902400000,0.29940000,0.29980000,0.29190000,0.29310000,5939291.00000000,1754661.13010000
1713916800000,0.29300000,0.29770000,0.29060000,0.29180000,7733163.00000000,2270286.62420000
1713931200000,0.29180000,0.29980000,0.29110000,0.29350000,7959264.00000000,2347421.82480000
1713945600000,0.29350000,0.29750000,0.29100000,0.29520000,7499429.00000000,2201671.12570000
1713960000000,0.29520000,0.29600000,0.27540000,0.27610000,25021513.00000000,7100631.55220000
1713974400000,0.27600000,0.28040000,0.27140000,0.27550000,14566232.00000000,4018505.95590000
1713988800000,0.27540000,0.27620000,0.26660000,0.27000000,10887286.00000000,2951873.89400000
1714003200000,0.27010000,0.27330000,0.26570000,0.26700000,8656301.00000000,2335732.44680000
1714017600000,0.26700000,0.26920000,0.26160000,0.26440000,8003064.00000000,2126137.69820000
1714032000000,0.26440000,0.26760000,0.26070000,0.26550000,10410545.00000000,2749552.45400000
1714046400000,0.26550000,0.27060000,0.25990000,0.27020000,15218191.00000000,4033914.80800000
1714060800000,0.27020000,0.27160000,0.26750000,0.26860000,9117302.00000000,2458008.95040000
1714075200000,0.26870000,0.27320000,0.26540000,0.26620000,7449787.00000000,2007490.74730000
1714089600000,0.26610000,0.27100000,0.25930000,0.26660000,12073582.00000000,3204046.33400000
1714104000000,0.26660000,0.26740000,0.26050000,0.26150000,8120120.00000000,2139968.40960000
1714118400000,0.26150000,0.26440000,0.25840000,0.25960000,7419825.00000000,1936355.19800000
1714132800000,0.25960000,0.26660000,0.25440000,0.25820000,16600555.00000000,4317160.65940000
1714147200000,0.25810000,0.26130000,0.25750000,0.26020000,4363753.00000000,1131792.00710000
1714161600000,0.26010000,0.26240000,0.25600000,0.25900000,4324901.00000000,1122657.51130000
1714176000000,0.25910000,0.26280000,0.24880000,0.25960000,13962132.00000000,3567878.16480000
1714190400000,0.25950000,0.26880000,0.25940000,0.26110000,12789122.00000000,3379667.47240000
1714204800000,0.26110000,0.26840000,0.25430000,0.25700000,18797600.00000000,4910042.97270000
1714219200000,0.25690000,0.26640000,0.25600000,0.25690000,15774528.00000000,4100688.66970000
1714233600000,0.25680000,0.27120000,0.25600000,0.26760000,17203986.00000000,4541745.59730000
1714248000000,0.26750000,0.26890000,0.26380000,0.26450000,4776234.00000000,1271348.57390000
1714262400000,0.26450000,0.27580000,0.26380000,0.27110000,11144086.00000000,3016968.90650000
1714276800000,0.27100000,0.27170000,0.26740000,0.26800000,4969649.00000000,1338099.64670000
1714291200000,0.26790000,0.26870000,0.26220000,0.26300000,6482067.00000000,1720027.73490000
1714305600000,0.26290000,0.26690000,0.26250000,0.26380000,5358934.00000000,1414708.95590000
1714320000000,0.26380000,0.26970000,0.26200000,0.26790000,7165829.00000000,1910124.82330000
1714334400000,0.26780000,0.26820000,0.25570000,0.25690000,9288222.00000000,2429619.29090000
1714348800000,0.25700000,0.26110000,0.25250000,0.25290000,10912869.00000000,2806255.89100000
1714363200000,0.25290000,0.25580000,0.24690000,0.25020000,13604003.00000000,3416430.57750000
1714377600000,0.25000000,0.25100000,0.24740000,0.24800000,8501598.00000000,2116000.33690000
1714392000000,0.24790000,0.25470000,0.24570000,0.25300000,11336570.00000000,2839476.56510000
1714406400000,0.25300000,0.25360000,0.24900000,0.25210000,5891925.00000000,1479865.90100000
1714420800000,0.25200000,0.25900000,0.24930000,0.25660000,5951254.00000000,1516893.29170000
1714435200000,0.25660000,0.26040000,0.25000000,0.25330000,6998655.00000000,1787982.81090000
1714449600000,0.25320000,0.25390000,0.24860000,0.24880000,4663885.00000000,1168781.16440000
1714464000000,0.24880000,0.24960000,0.23540000,0.23660000,17809252.00000000,4284093.57390000
1714478400000,0.23660000,0.23880000,0.23260000,0.23410000,12032587.00000000,2833474.76910000
1714492800000,0.23400000,0.23510000,0.22920000,0.23240000,12950544.00000000,3012685.23200000
1714507200000,0.23250000,0.23960000,0.23250000,0.23610000,8000258.00000000,1887368.79830000
1714521600000,0.23610000,0.23710000,0.23130000,0.23530000,5537953.00000000,1297245.09240000
1714536000000,0.23530000,0.23630000,0.22270000,0.22600000,15801432.00000000,3601882.64610000
1714550400000,0.22600000,0.22970000,0.22050000,0.22970000,12355017.00000000,2787434.63280000
1714564800000,0.22970000,0.23370000,0.22620000,0.22760000,12068566.00000000,2776562.65990000
1714579200000,0.22760000,0.24810000,0.22520000,0.23750000,25959564.00000000,6157708.89480000
1714593600000,0.23760000,0.24490000,0.23570000,0.24300000,9179815.00000000,2217304.60260000
1714608000000,0.24310000,0.24360000,0.23380000,0.23810000,9018987.00000000,2147690.32010000
1714622400000,0.23810000,0.23840000,0.23380000,0.23430000,5060854.00000000,1192766.16050000
1714636800000,0.23420000,0.24820000,0.23390000,0.24680000,20150839.00000000,4872021.16600000
1714651200000,0.24690000,0.25280000,0.24010000,0.25120000,23572167.00000000,5828731.36350000
1714665600000,0.25120000,0.25490000,0.24890000,0.25240000,8479790.00000000,2135510.32750000
1714680000000,0.25240000,0.25520000,0.24890000,0.25060000,5844218.00000000,1473297.13810000
1714694400000,0.25060000,0.25810000,0.24990000,0.25440000,7148998.00000000,1819687.87130000
1714708800000,0.25440000,0.25510000,0.24840000,0.24920000,9514379.00000000,2395340.00680000
1714723200000,0.24900000,0.25220000,0.24730000,0.24910000,6256522.00000000,1562428.99880000
1714737600000,0.24910000,0.26950000,0.24830000,0.26810000,26059684.00000000,6799103.82690000
1714752000000,0.26820000,0.27740000,0.26690000,0.27700000,14844586.00000000,4053069.41100000
1714766400000,0.27690000,0.28390000,0.27420000,0.27500000,19648246.00000000,5496413.46050000
1714780800000,0.27500000,0.28240000,0.27410000,0.27810000,8189455.00000000,2276849.41630000
1714795200000,0.27810000,0.28040000,0.27760000,0.28010000,5601600.00000000,1562620.07600000
1714809600000,0.28000000,0.28600000,0.27820000,0.28230000,10947101.00000000,3086276.59960000
1714824000000,0.28220000,0.28550000,0.27580000,0.27890000,9689488.00000000,2711962.04750000
1714838400000,0.27890000,0.28200000,0.27570000,0.27970000,13514827.00000000,3767017.23580000
1714852800000,0.27980000,0.28060000,0.27460000,0.27530000,6107679.00000000,1694251.84940000
1714867200000,0.27530000,0.27660000,0.26580000,0.26900000,22143455.00000000,5999157.16280000
1714881600000,0.26900000,0.27810000,0.26790000,0.27360000,7518043.00000000,2049538.37760000
1714896000000,0.27350000,0.28200000,0.27220000,0.27830000,11357480.00000000,3144826.05390000
1714910400000,0.27830000,0.29610000,0.27770000,0.29390000,38575022.00000000,11156598.14840000
1714924800000,0.29380000,0.30170000,0.29060000,0.29470000,17677397.00000000,5236738.73670000
1714939200000,0.29470000,0.29550000,0.29080000,0.29400000,5350587.00000000,1566549.18640000
1714953600000,0.29390000,0.30270000,0.29080000,0.29200000,13297903.00000000,3941032.74740000
1714968000000,0.29180000,0.30490000,0.28910000,0.30410000,11537334.00000000,3415881.67640000
1714982400000,0.30420000,0.30610000,0.29620000,0.30230000,19983766.00000000,6033788.20280000
1714996800000,0.30240000,0.30300000,0.28360000,0.28730000,22497663.00000000,6538278.05060000
1715011200000,0.28730000,0.28840000,0.28240000,0.28580000,8283720.00000000,2360427.06810000
1715025600000,0.28580000,0.28670000,0.28150000,0.28170000,5079818.00000000,1445283.84220000
1715040000000,0.28180000,0.29230000,0.28180000,0.28580000,13745020.00000000,3938618.41290000
1715054400000,0.28590000,0.29120000,0.28220000,0.28950000,10828651.00000000,3105428.14180000
1715068800000,0.28940000,0.29460000,0.28720000,0.28850000,17961972.00000000,5223389.44740000
1715083200000,0.28850000,0.29440000,0.28500000,0.29030000,13852729.00000000,4020286.99620000
1715097600000,0.29030000,0.29340000,0.28540000,0.28760000,6669321.00000000,1930555.76200000
1715112000000,0.28750000,0.29060000,0.27850000,0.28000000,11480457.00000000,3254223.30290000
1715126400000,0.28000000,0.28370000,0.27510000,0.28170000,8567152.00000000,2398768.86250000
1715140800000,0.28170000,0.28210000,0.27290000,0.27540000,7582386.00000000,2094311.80830000
1715155200000,0.27540000,0.28020000,0.27070000,0.27170000,18936113.00000000,5183845.08650000
1715169600000,0.27180000,0.27950000,0.26850000,0.27070000,19138348.00000000,5215453.23530000
1715184000000,0.27060000,0.27210000,0.26460000,0.26600000,12285116.00000000,3302722.53520000
1715198400000,0.26610000,0.26730000,0.26000000,0.26270000,14504723.00000000,3806591.70340000
1715212800000,0.26260000,0.26840000,0.26180000,0.26820000,7630581.00000000,2027346.09250000
1715227200000,0.26820000,0.27420000,0.26750000,0.26870000,7127366.00000000,1929751.76480000
1715241600000,0.26870000,0.26990000,0.26230000,0.26730000,6212488.00000000,1652009.83780000
1715256000000,0.26730000,0.27480000,0.26450000,0.27460000,12051789.00000000,3257198.49610000
1715270400000,0.27470000,0.28840000,0.27400000,0.28490000,18942338.00000000,5316533.40400000
1715284800000,0.28480000,0.29960000,0.28220000,0.29310000,26914867.00000000,7872951.86300000
1715299200000,0.29310000,0.31460000,0.29140000,0.30590000,34501434.00000000,10539519.59140000
1715313600000,0.30590000,0.30950000,0.29880000,0.30560000,21558393.00000000,6543577.26460000
1715328000000,0.30560000,0.31300000,0.30320000,0.31290000,19977557.00000000,6167189.68930000
1715342400000,0.31290000,0.31770000,0.28900000,0.28910000,39543957.00000000,11917958.95460000
1715356800000,0.28900000,0.29420000,0.28510000,0.29140000,19811701.00000000,5714625.65730000
1715371200000,0.29160000,0.29470000,0.28690000,0.29190000,11409231.00000000,3313102.30320000
1715385600000,0.29200000,0.30290000,0.28700000,0.29390000,19354832.00000000,5728032.57910000
1715400000000,0.29390000,0.30070000,0.29020000,0.29830000,10566670.00000000,3119938.27930000
1715414400000,0.29840000,0.30030000,0.29070000,0.29150000,10621804.00000000,3137408.81130000
1715428800000,0.29150000,0.29580000,0.28710000,0.28920000,14928584.00000000,4341286.80220000
1715443200000,0.28910000,0.29280000,0.28580000,0.28740000,8875338.00000000,2559700.99050000
1715457600000,0.28750000,0.29060000,0.28440000,0.28500000,8531537.00000000,2445604.31420000
1715472000000,0.28500000,0.29210000,0.28130000,0.28210000,10518242.00000000,3014973.44900000
1715486400000,0.28210000,0.28460000,0.28040000,0.28100000,5016571.00000000,1416155.80410000
1715500800000,0.28110000,0.29060000,0.27910000,0.28550000,11502333.00000000,3290801.40500000
1715515200000,0.28550000,0.28580000,0.28110000,0.28380000,6767483.00000000,1918892.69170000
1715529600000,0.28390000,0.28750000,0.28000000,0.28050000,4193912.00000000,1188989.21940000
1715544000000,0.28050000,0.28060000,0.27650000,0.27850000,3952532.00000000,1101402.74250000
1715558400000,0.27850000,0.28100000,0.26080000,0.26410000,25753111.00000000,6908933.91990000
1715572800000,0.26420000,0.27980000,0.26180000,0.27970000,10221117.00000000,2748081.55210000
1715587200000,0.27980000,0.28920000,0.27950000,0.28310000,23787870.00000000,6746676.67500000
1715601600000,0.28310000,0.28550000,0.27960000,0.28360000,11131561.00000000,3141919.14790000
1715616000000,0.28360000,0.28900000,0.27730000,0.28240000,12256870.00000000,3464770.55150000
1715630400000,0.28240000,0.28270000,0.27710000,0.27930000,4984279.00000000,1392713.19010000
1715644800000,0.27930000,0.28110000,0.27210000,0.27390000,10310406.00000000,2840261.32200000
1715659200000,0.27370000,0.28010000,0.26870000,0.27440000,12633708.00000000,3450309.19500000
1715673600000,0.27450000,0.27470000,0.27050000,0.27120000,5205013.00000000,1417416.89590000
1715688000000,0.27110000,0.27420000,0.26530000,0.26920000,13786651.00000000,3720261.88740000
1715702400000,0.26930000,0.26930000,0.26430000,0.26610000,7237162.00000000,1931147.59110000
1715716800000,0.26600000,0.26810000,0.26320000,0.26490000,4475336.00000000,1188719.97470000
1715731200000,0.26500000,0.27030000,0.26460000,0.26910000,7876592.00000000,2109356.34480000
1715745600000,0.26910000,0.26940000,0.26550000,0.26710000,5069955.00000000,1355324.27170000
1715760000000,0.26710000,0.27090000,0.26280000,0.26600000,7971966.00000000,2128452.58340000
1715774400000,0.26600000,0.29740000,0.26540000,0.29330000,47881620.00000000,13730846.49760000
1715788800000,0.29330000,0.30450000,0.29110000,0.30360000,22716140.00000000,6791833.74990000
1715803200000,0.30350000,0.30440000,0.29890000,0.30290000,13906753.00000000,4199625.75140000
1715817600000,0.30290000,0.31060000,0.29970000,0.30980000,11772167.00000000,3586924.80820000
1715832000000,0.30970000,0.31300000,0.30710000,0.30920000,11705338.00000000,3631521.68150000
1715846400000,0.30920000,0.31220000,0.30660000,0.30840000,10493827.00000000,3246211.19480000
1715860800000,0.30840000,0.30850000,0.29540000,0.30230000,30661884.00000000,9201201.05610000
1715875200000,0.30220000,0.30280000,0.29360000,0.29780000,13687448.00000000,4077474.35230000
1715889600000,0.29780000,0.30480000,0.29580000,0.30340000,11156844.00000000,3355578.63340000
1715904000000,0.30350000,0.30410000,0.29950000,0.30190000,8122640.00000000,2453610.76860000
1715918400000,0.30190000,0.31560000,0.30030000,0.31270000,15854463.00000000,4888384.51200000
1715932800000,0.31290000,0.31670000,0.30770000,0.31590000,11983473.00000000,3733118.12620000
1715947200000,0.31580000,0.32250000,0.30890000,0.31590000,19740942.00000000,6229961.31010000
1715961600000,0.31600000,0.32180000,0.31350000,0.31940000,12294440.00000000,3912197.50800000
1715976000000,0.31940000,0.32050000,0.31620000,0.31680000,6431253.00000000,2046612.19890000
1715990400000,0.31680000,0.32000000,0.31440000,0.31960000,6594225.00000000,2088695.45380000
1716004800000,0.31970000,0.32040000,0.31410000,0.31440000,4932492.00000000,1561483.93350000
1716019200000,0.31440000,0.31690000,0.31160000,0.31180000,6769894.00000000,2128155.41400000
1716033600000,0.31180000,0.31270000,0.30710000,0.30910000,7146801.00000000,2213223.42000000
1716048000000,0.30920000,0.31210000,0.30890000,0.31150000,4809595.00000000,1493717.39710000
1716062400000,0.31150000,0.31410000,0.30950000,0.31240000,5526604.00000000,1725799.12790000
1716076800000,0.31250000,0.31460000,0.31070000,0.31230000,3689975.00000000,1153785.84020000
1716091200000,0.31220000,0.31230000,0.30760000,0.31040000,3019512.00000000,935150.38830000
1716105600000,0.31030000,0.31030000,0.30310000,0.30590000,6721450.00000000,2058418.78540000
1716120000000,0.30580000,0.30600000,0.29870000,0.30270000,12748240.00000000,3845719.04170000
1716134400000,0.30260000,0.30270000,0.29820000,0.29900000,5606507.00000000,1683536.93590000
1716148800000,0.29900000,0.30220000,0.29630000,0.30010000,3602384.00000000,1079912.95480000
1716163200000,0.30010000,0.31070000,0.29900000,0.30840000,15411053.00000000,4695570.63290000
1716177600000,0.30840000,0.31370000,0.30490000,0.31080000,7784623.00000000,2415398.29260000
1716192000000,0.31080000,0.31500000,0.31070000,0.31220000,5986545.00000000,1871821.31090000
1716206400000,0.31230000,0.32180000,0.30820000,0.32160000,13181651.00000000,4141162.55840000
1716220800000,0.32150000,0.33150000,0.31990000,0.32990000,23194276.00000000,7558795.02830000
1716235200000,0.32980000,0.33880000,0.32730000,0.33850000,18853386.00000000,6265123.44020000
1716249600000,0.33850000,0.35420000,0.33730000,0.34070000,27102884.00000000,9350010.96400000
1716264000000,0.34070000,0.34830000,0.34060000,0.34770000,13245247.00000000,4576163.56830000
1716278400000,0.34760000,0.35390000,0.34240000,0.34420000,17493120.00000000,6089539.86970000
1716292800000,0.34410000,0.34630000,0.33870000,0.33990000,16314724.00000000,5589459.27270000
1716307200000,0.33980000,0.34530000,0.33490000,0.33610000,9693224.00000000,3302207.17700000
1716321600000,0.33600000,0.34250000,0.33570000,0.33950000,7017287.00000000,2380292.34880000
1716336000000,0.33950000,0.34000000,0.33090000,0.33370000,9057724.00000000,3031628.53940000
1716350400000,0.33370000,0.34000000,0.32900000,0.33590000,8909421.00000000,2985867.92920000
1716364800000,0.33580000,0.34230000,0.33280000,0.33700000,8935268.00000000,3014557.94710000
1716379200000,0.33690000,0.35680000,0.33060000,0.35390000,21348449.00000000,7349411.26960000
1716393600000,0.35380000,0.35760000,0.34500000,0.35470000,15904091.00000000,5600596.80180000
1716408000000,0.35470000,0.35840000,0.34350000,0.34750000,16022303.00000000,5605757.33360000
1716422400000,0.34760000,0.34910000,0.33810000,0.34160000,8471133.00000000,2902277.37480000
1716436800000,0.34150000,0.34200000,0.33820000,0.33980000,5823309.00000000,1980513.40720000
1716451200000,0.33980000,0.34000000,0.33330000,0.33750000,10229110.00000000,3441952.78170000
1716465600000,0.33740000,0.33800000,0.31950000,0.32460000,23835338.00000000,7804859.09530000
1716480000000,0.32450000,0.32760000,0.31830000,0.32160000,9923364.00000000,3204876.94270000
1716494400000,0.32160000,0.33390000,0.30990000,0.32870000,25812356.00000000,8363651.36770000
1716508800000,0.32850000,0.33320000,0.32600000,0.33180000,6298888.00000000,2074980.81000000
1716523200000,0.33170000,0.33250000,0.31720000,0.32230000,8313578.00000000,2689361.76260000
1716537600000,0.32230000,0.32360000,0.31660000,0.32300000,5846091.00000000,1876784.30910000
1716552000000,0.32260000,0.32640000,0.31860000,0.32240000,6399894.00000000,2064200.98640000
1716566400000,0.32240000,0.32690000,0.31880000,0.32500000,4634604.00000000,1496683.21180000
1716580800000,0.32500000,0.32680000,0.32360000,0.32500000,3288264.00000000,1068947.52340000
1716595200000,0.32510000,0.32660000,0.32220000,0.32590000,3648166.00000000,1184375.04400000
1716609600000,0.32590000,0.32810000,0.32250000,0.32400000,3478899.00000000,1130959.23340000
1716624000000,0.32390000,0.32750000,0.32300000,0.32450000,4969057.00000000,1614501.98000000
1716638400000,0.32450000,0.32590000,0.32130000,0.32500000,6158822.00000000,1993088.15190000
1716652800000,0.32520000,0.32820000,0.32330000,0.32680000,4225121.00000000,1375239.78930000
1716667200000,0.32670000,0.32840000,0.32480000,0.32730000,2777427.00000000,906326.88330000
1716681600000,0.32730000,0.32870000,0.32250000,0.32770000,3877244.00000000,1264051.25530000
1716696000000,0.32770000,0.33000000,0.32270000,0.32530000,9039690.00000000,2945292.19890000
1716710400000,0.32510000,0.32670000,0.31930000,0.31990000,7097376.00000000,2283980.74400000
1716724800000,0.31980000,0.32180000,0.31650000,0.31840000,7018614.00000000,2239036.31480000
1716739200000,0.31850000,0.32030000,0.31660000,0.31900000,3544658.00000000,1129074.67850000
1716753600000,0.31900000,0.31930000,0.31440000,0.31710000,3047006.00000000,966917.71690000
1716768000000,0.31720000,0.32380000,0.31670000,0.32260000,6111540.00000000,1960555.10050000
1716782400000,0.32270000,0.32340000,0.31520000,0.31700000,5684914.00000000,1810398.95240000
1716796800000,0.31700000,0.31920000,0.31320000,0.31580000,12645754.00000000,3997678.11530000
1716811200000,0.31590000,0.32850000,0.31450000,0.32830000,10200436.00000000,3280081.72010000
1716825600000,0.32840000,0.33230000,0.32370000,0.32530000,9437742.00000000,3110112.60400000
1716840000000,0.32540000,0.32980000,0.32430000,0.32550000,4524457.00000000,1480843.87260000
1716854400000,0.32560000,0.32600000,0.31120000,0.31400000,13317175.00000000,4225148.90210000
1716868800000,0.31410000,0.31410000,0.30860000,0.31040000,11210632.00000000,3481984.33970000
1716883200000,0.31030000,0.31680000,0.31000000,0.31390000,6611910.00000000,2074108.73320000
1716897600000,0.31380000,0.31560000,0.30880000,0.31440000,7609248.00000000,2377435.59370000
1716912000000,0.31440000,0.31780000,0.30970000,0.31550000,12041206.00000000,3772941.80330000
1716926400000,0.31560000,0.31710000,0.31270000,0.31410000,3904623.00000000,1230009.09870000
1716940800000,0.31410000,0.31900000,0.31220000,0.31830000,6549425.00000000,2068634.77190000
1716955200000,0.31830000,0.32420000,0.31660000,0.31680000,7357250.00000000,2362026.89320000
1716969600000,0.31680000,0.32070000,0.31220000,0.31740000,12075753.00000000,3829164.12010000
1716984000000,0.31740000,0.32060000,0.31310000,0.31350000,12590807.00000000,3994657.68640000
1716998400000,0.31340000,0.31670000,0.30960000,0.31020000,10801424.00000000,3381500.08220000
1717012800000,0.31020000,0.31250000,0.30930000,0.30980000,4617185.00000000,1435351.74220000
1717027200000,0.30990000,0.31580000,0.30930000,0.31430000,2909459.00000000,909223.52750000
1717041600000,0.31440000,0.31540000,0.30160000,0.30220000,9660757.00000000,2969860.18730000
1717056000000,0.30210000,0.30900000,0.29930000,0.30630000,10696895.00000000,3238691.92270000
1717070400000,0.30620000,0.31260000,0.30590000,0.30940000,7182751.00000000,2218654.21840000
1717084800000,0.30940000,0.31270000,0.30700000,0.30810000,4933599.00000000,1529680.29040000
1717099200000,0.30800000,0.30800000,0.30290000,0.30350000,4108234.00000000,1250789.00490000
1717113600000,0.30350000,0.30390000,0.29980000,0.30280000,3827535.00000000,1156872.31150000
1717128000000,0.30280000,0.30360000,0.29720000,0.29910000,5340350.00000000,1601935.58420000
1717142400000,0.29910000,0.30220000,0.29740000,0.30130000,5136298.00000000,1540240.49930000
1717156800000,0.30130000,0.30640000,0.29530000,0.29560000,9423142.00000000,2834638.57850000
1717171200000,0.29560000,0.29860000,0.29240000,0.29760000,6636036.00000000,1962454.59390000
1717185600000,0.29760000,0.29990000,0.29670000,0.29820000,3780508.00000000,1129220.22530000
1717200000000,0.29810000,0.29940000,0.29720000,0.29830000,2563766.00000000,764878.68060000
1717214400000,0.29820000,0.29960000,0.29760000,0.29770000,2730485.00000000,815417.17820000
1717228800000,0.29760000,0.29930000,0.29620000,0.29660000,2899367.00000000,862966.45490000
1717243200000,0.29660000,0.30080000,0.29620000,0.29930000,3673576.00000000,1097887.19310000
1717257600000,0.29930000,0.30400000,0.29930000,0.30040000,5278417.00000000,1592129.78880000
1717272000000,0.30030000,0.30180000,0.29880000,0.29940000,3067335.00000000,922638.55620000
1717286400000,0.29940000,0.30290000,0.29880000,0.30040000,3792339.00000000,1140827.59500000
1717300800000,0.30040000,0.30170000,0.29670000,0.29680000,3174230.00000000,950227.27880000
1717315200000,0.29680000,0.30020000,0.29480000,0.29990000,4667938.00000000,1386166.29230000
1717329600000,0.29980000,0.30170000,0.29740000,0.29980000,4180887.00000000,1253868.12040000
1717344000000,0.29980000,0.30050000,0.29030000,0.29460000,7090527.00000000,2088259.54660000
1717358400000,0.29450000,0.29520000,0.29170000,0.29330000,3499960.00000000,1027221.45170000
1717372800000,0.29310000,0.29890000,0.28860000,0.29710000,5798734.00000000,1704858.20900000
1717387200000,0.29710000,0.30230000,0.29400000,0.30050000,5853581.00000000,1750273.67070000
1717401600000,0.30050000,0.30140000,0.29780000,0.29890000,5054220.00000000,1514884.33090000
1717416000000,0.29900000,0.30360000,0.29450000,0.30170000,9629868.00000000,2893722.95350000
1717430400000,0.30160000,0.30210000,0.29690000,0.29770000,4821191.00000000,1440389.00720000
1717444800000,0.29770000,0.29940000,0.29310000,0.29370000,3886421.00000000,1151144.24720000
1717459200000,0.29360000,0.29660000,0.29230000,0.29620000,2929415.00000000,863960.70680000
1717473600000,0.29600000,0.29680000,0.29210000,0.29260000,3334776.00000000,979737.30410000
1717488000000,0.29270000,0.29580000,0.29010000,0.29480000,4962058.00000000,1453327.93720000
1717502400000,0.29490000,0.30180000,0.29370000,0.30110000,13101255.00000000,3913930.58760000
1717516800000,0.30120000,0.30240000,0.29740000,0.30010000,7438484.00000000,2236063.62580000
1717531200000,0.30010000,0.30150000,0.29890000,0.29970000,6677001.00000000,2003339.04780000
1717545600000,0.29970000,0.30280000,0.29790000,0.29940000,8028788.00000000,2409741.94420000
1717560000000,0.29930000,0.30310000,0.29830000,0.30160000,9262517.00000000,2783711.61490000
1717574400000,0.30160000,0.30370000,0.29920000,0.30220000,6420843.00000000,1935514.66590000
1717588800000,0.30230000,0.30440000,0.29810000,0.30330000,7237911.00000000,2177778.53030000
1717603200000,0.30330000,0.30530000,0.30180000,0.30400000,4612781.00000000,1398796.57910000
1717617600000,0.30400000,0.30480000,0.30200000,0.30440000,2492835.00000000,755736.82360000
1717632000000,0.30450000,0.30490000,0.30150000,0.30180000,2307952.00000000,700354.59050000
1717646400000,0.30180000,0.30200000,0.29810000,0.29950000,3971082.00000000,1190335.72990000
1717660800000,0.29950000,0.30010000,0.29770000,0.29860000,3208840.00000000,958538.59450000
1717675200000,0.29860000,0.29990000,0.29510000,0.29820000,8264713.00000000,2460275.64800000
1717689600000,0.29820000,0.29920000,0.29200000,0.29250000,7216546.00000000,2133157.30820000
1717704000000,0.29260000,0.29520000,0.28980000,0.29380000,5382618.00000000,1576853.12370000
1717718400000,0.29370000,0.29440000,0.29070000,0.29260000,3553924.00000000,1039491.44710000
1717732800000,0.29260000,0.29620000,0.29220000,0.29400000,4216288.00000000,1242530.88800000
1717747200000,0.29410000,0.29610000,0.29160000,0.29550000,4327506.00000000,1270697.92170000
1717761600000,0.29560000,0.29740000,0.28880000,0.29600000,9506340.00000000,2790669.30530000
1717776000000,0.29580000,0.29590000,0.24230000,0.27170000,44365195.00000000,11857215.95580000
1717790400000,0.27170000,0.27520000,0.27040000,0.27240000,8201895.00000000,2240613.57920000
1717804800000,0.27240000,0.27330000,0.26960000,0.27200000,4247762.00000000,1152946.11200000
1717819200000,0.27200000,0.27230000,0.26960000,0.27100000,2989790.00000000,810218.50400000
1717833600000,0.27090000,0.27090000,0.26110000,0.26200000,6148232.00000000,1636555.81680000
1717848000000,0.26200000,0.26530000,0.25930000,0.26190000,8990667.00000000,2360538.66870000
1717862400000,0.26190000,0.26330000,0.25880000,0.26150000,5129965.00000000,1340596.38130000
1717876800000,0.26150000,0.26710000,0.26120000,0.26650000,12968463.00000000,3429504.33510000
1717891200000,0.26650000,0.26820000,0.26310000,0.26430000,4964852.00000000,1322135.02220000
1717905600000,0.26430000,0.26790000,0.26210000,0.26610000,3296087.00000000,876405.16680000
1717920000000,0.26600000,0.26750000,0.26450000,0.26480000,2993924.00000000,795684.22660000
1717934400000,0.26480000,0.26670000,0.26340000,0.26440000,7960311.00000000,2112544.26700000
1717948800000,0.26440000,0.26890000,0.26430000,0.26820000,3059248.00000000,816792.20360000
1717963200000,0.26810000,0.26910000,0.26630000,0.26850000,2748421.00000000,736346.75490000
1717977600000,0.26840000,0.26840000,0.26280000,0.26380000,2535181.00000000,673561.25900000
1717992000000,0.26380000,0.26440000,0.25610000,0.25630000,7227133.00000000,1882697.89330000
1718006400000,0.25630000,0.26500000,0.25610000,0.26390000,6457304.00000000,1677721.23620000
1718020800000,0.26390000,0.26860000,0.25990000,0.26740000,5886591.00000000,1551603.58950000
1718035200000,0.26750000,0.26780000,0.26100000,0.26140000,4256988.00000000,1124277.50070000
1718049600000,0.26150000,0.26270000,0.25860000,0.25950000,5442412.00000000,1417445.07230000
1718064000000,0.25950000,0.26060000,0.25100000,0.25500000,11505474.00000000,2930910.61200000
1718078400000,0.25500000,0.25570000,0.24720000,0.25090000,16448123.00000000,4130598.27010000
1718092800000,0.25100000,0.25420000,0.25030000,0.25090000,5803249.00000000,1463203.31560000
1718107200000,0.25100000,0.25190000,0.24060000,0.24350000,14283272.00000000,3513919.64390000
1718121600000,0.24340000,0.24690000,0.23950000,0.24410000,12631752.00000000,3075701.19470000
1718136000000,0.24410000,0.24510000,0.24260000,0.24380000,4091560.00000000,997437.43730000
1718150400000,0.24380000,0.24600000,0.23750000,0.24580000,8777004.00000000,2120683.65270000
1718164800000,0.24580000,0.24840000,0.24530000,0.24810000,3739818.00000000,923323.52420000
1718179200000,0.24810000,0.25400000,0.24760000,0.25200000,7499731.00000000,1885786.13380000
1718193600000,0.25200000,0.27260000,0.25080000,0.26860000,22472316.00000000,5988776.45170000
1718208000000,0.26870000,0.27160000,0.25420000,0.25650000,19340216.00000000,5077580.66530000
1718222400000,0.25640000,0.26510000,0.25520000,0.26260000,8462743.00000000,2217756.35950000
1718236800000,0.26250000,0.26450000,0.25010000,0.25320000,8164888.00000000,2089888.57980000
1718251200000,0.25330000,0.25530000,0.25100000,0.25330000,4998948.00000000,1265115.27650000
1718265600000,0.25330000,0.25400000,0.24990000,0.25040000,3416989.00000000,859924.83030000
1718280000000,0.25040000,0.25590000,0.24230000,0.24310000,14760694.00000000,3680156.60460000
1718294400000,0.24300000,0.24870000,0.24190000,0.24600000,6250211.00000000,1536187.52040000
1718308800000,0.24590000,0.24720000,0.24240000,0.24330000,5260614.00000000,1285508.70400000
1718323200000,0.24330000,0.24790000,0.24060000,0.24580000,8517178.00000000,2078099.53110000
1718337600000,0.24580000,0.24820000,0.24480000,0.24650000,7676484.00000000,1888681.95610000
1718352000000,0.24650000,0.25080000,0.24550000,0.24780000,10812511.00000000,2686203.50780000
1718366400000,0.24790000,0.24910000,0.24020000,0.24100000,5129021.00000000,1252420.11520000
1718380800000,0.24100000,0.24160000,0.22800000,0.23090000,19289696.00000000,4495781.16060000
1718395200000,0.23090000,0.23780000,0.23030000,0.23620000,6132331.00000000,1440630.92110000
1718409600000,0.23620000,0.23880000,0.23490000,0.23860000,2218774.00000000,525172.04600000
1718424000000,0.23870000,0.24150000,0.23750000,0.23960000,3784058.00000000,907252.62540000
1718438400000,0.23970000,0.24050000,0.23790000,0.23870000,3641116.00000000,870458.51510000
1718452800000,0.23860000,0.24150000,0.23780000,0.24000000,2379321.00000000,569585.01460000
1718467200000,0.23990000,0.24100000,0.23710000,0.23810000,3089353.00000000,739145.06320000
1718481600000,0.23820000,0.23860000,0.23610000,0.23790000,1766065.00000000,419613.05210000
1718496000000,0.23790000,0.23800000,0.23390000,0.23490000,3741064.00000000,882344.44720000
1718510400000,0.23480000,0.23720000,0.23290000,0.23590000,2434730.00000000,572152.18970000
1718524800000,0.23590000,0.23660000,0.23300000,0.23500000,4836170.00000000,1133616.90810000
1718539200000,0.23500000,0.23790000,0.23450000,0.23740000,2892440.00000000,682363.66130000
1718553600000,0.23740000,0.23770000,0.23470000,0.23600000,2390663.00000000,564397.01170000
1718568000000,0.23610000,0.23960000,0.23530000,0.23550000,4832475.00000000,1145366.46570000
1718582400000,0.23550000,0.23780000,0.22640000,0.22680000,9450725.00000000,2177077.83090000
1718596800000,0.22710000,0.22880000,0.22160000,0.22240000,5743280.00000000,1292493.10420000
1718611200000,0.22250000,0.22350000,0.21300000,0.21690000,11300592.00000000,2457570.42720000
1718625600000,0.21680000,0.21750000,0.21280000,0.21430000,7152383.00000000,1541612.68840000
1718640000000,0.21430000,0.22340000,0.20880000,0.22140000,13312490.00000000,2875898.24120000
1718654400000,0.22150000,0.22170000,0.21330000,0.21390000,6594636.00000000,1427323.22960000
1718668800000,0.21400000,0.21480000,0.18800000,0.20000000,36613002.00000000,7308189.93280000
1718683200000,0.20000000,0.20600000,0.19840000,0.20510000,18881907.00000000,3835031.21770000
1718697600000,0.20510000,0.20510000,0.19730000,0.20000000,10704788.00000000,2155302.92100000
1718712000000,0.20000000,0.20100000,0.19100000,0.20090000,18407846.00000000,3626274.62300000
1718726400000,0.20080000,0.20190000,0.19510000,0.19840000,9012879.00000000,1781973.37670000
1718740800000,0.19830000,0.20320000,0.19700000,0.20160000,5639216.00000000,1131546.80760000
1718755200000,0.20160000,0.21630000,0.19860000,0.21440000,14095481.00000000,2940748.58440000
1718769600000,0.21450000,0.22130000,0.21400000,0.21940000,12502761.00000000,2734832.58880000
1718784000000,0.21950000,0.21980000,0.21380000,0.21680000,6621234.00000000,1431996.91910000
1718798400000,0.21670000,0.22100000,0.21330000,0.21500000,7840553.00000000,1703757.87020000
1718812800000,0.21490000,0.22310000,0.21390000,0.21930000,8479675.00000000,1862719.23950000
1718827200000,0.21930000,0.22240000,0.21700000,0.21850000,4493176.00000000,985526.47200000
1718841600000,0.21840000,0.22450000,0.21660000,0.21980000,9684418.00000000,2138330.01170000
1718856000000,0.21980000,0.23320000,0.21840000,0.23320000,10999088.00000000,2506572.70380000
1718870400000,0.23330000,0.23330000,0.22650000,0.23140000,7473568.00000000,1722997.34100000
1718884800000,0.23150000,0.23380000,0.22260000,0.22260000,8981207.00000000,2041210.32520000
1718899200000,0.22260000,0.22810000,0.22000000,0.22690000,6340582.00000000,1419238.46980000
1718913600000,0.22690000,0.22770000,0.22070000,0.22110000,2971493.00000000,665472.61490000
1718928000000,0.22120000,0.22670000,0.21790000,0.22210000,7223415.00000000,1607885.84370000
1718942400000,0.22220000,0.22520000,0.21810000,0.21950000,7958647.00000000,1760409.95150000
1718956800000,0.21950000,0.22540000,0.21660000,0.22230000,8272236.00000000,1832210.43300000
1718971200000,0.22220000,0.22360000,0.21550000,0.21980000,7072974.00000000,1552679.83420000
1718985600000,0.21990000,0.22130000,0.21270000,0.21920000,7298166.00000000,1582800.33060000
1719000000000,0.21910000,0.22040000,0.21740000,0.21790000,2157225.00000000,472129.48730000
1719014400000,0.21800000,0.21900000,0.21310000,0.21770000,6438700.00000000,1397719.97400000
1719028800000,0.21780000,0.21920000,0.21550000,0.21610000,2757004.00000000,599792.45800000
1719043200000,0.21610000,0.21690000,0.21430000,0.21490000,1986755.00000000,428383.64400000
1719057600000,0.21480000,0.21940000,0.21260000,0.21860000,3406735.00000000,732542.78010000
1719072000000,0.21840000,0.21910000,0.21490000,0.21600000,2156720.00000000,467792.49750000
1719086400000,0.21610000,0.21610000,0.21180000,0.21280000,3052167.00000000,651515.27260000
1719100800000,0.21290000,0.22100000,0.21260000,0.21920000,5348499.00000000,1170679.24350000
1719115200000,0.21920000,0.21930000,0.21520000,0.21570000,1556968.00000000,337744.86200000
1719129600000,0.21570000,0.21650000,0.21330000,0.21430000,2880428.00000000,618862.44970000
1719144000000,0.21430000,0.21770000,0.21040000,0.21130000,3767519.00000000,803439.57990000
1719158400000,0.21130000,0.21200000,0.20830000,0.20890000,4126744.00000000,864425.43720000
1719172800000,0.20900000,0.20940000,0.20430000,0.20560000,5626526.00000000,1164180.66490000
1719187200000,0.20560000,0.20710000,0.20310000,0.20500000,4787867.00000000,983914.92420000
1719201600000,0.20510000,0.20560000,0.19830000,0.20090000,10136546.00000000,2034855.04750000
1719216000000,0.20090000,0.21040000,0.19510000,0.20600000,15146676.00000000,3088964.03270000
1719230400000,0.20600000,0.21340000,0.20510000,0.20650000,6443101.00000000,1345252.96210000
1719244800000,0.20650000,0.21320000,0.20580000,0.20820000,9119027.00000000,1909784.89650000
1719259200000,0.20830000,0.21920000,0.20460000,0.21660000,10396963.00000000,2219664.75080000
1719273600000,0.21660000,0.22570000,0.21460000,0.22430000,7908476.00000000,1742975.46930000
1719288000000,0.22430000,0.22570000,0.21920000,0.22030000,4082018.00000000,907008.67160000
1719302400000,0.22030000,0.22190000,0.21750000,0.21890000,5214813.00000000,1144455.03080000
1719316800000,0.21880000,0.22290000,0.21820000,0.22080000,7854833.00000000,1729898.01170000
1719331200000,0.22090000,0.22310000,0.21830000,0.22250000,5997153.00000000,1324393.39150000
1719345600000,0.22260000,0.22320000,0.22030000,0.22040000,3063871.00000000,679633.83920000
1719360000000,0.22040000,0.22480000,0.21890000,0.22100000,3556764.00000000,788597.78260000
1719374400000,0.22090000,0.22160000,0.21860000,0.22080000,3629751.00000000,797718.72400000
1719388800000,0.22080000,0.22110000,0.21730000,0.21880000,3347526.00000000,732964.18880000
1719403200000,0.21870000,0.22320000,0.21680000,0.21780000,5550569.00000000,1218733.37940000
1719417600000,0.21780000,0.22030000,0.21430000,0.22030000,5269237.00000000,1142847.97800000
1719432000000,0.22020000,0.22210000,0.21830000,0.21870000,2700341.00000000,594687.05920000
1719446400000,0.21880000,0.21880000,0.21510000,0.21570000,3206480.00000000,694326.41530000
1719460800000,0.21580000,0.21650000,0.21120000,0.21250000,3953101.00000000,842292.66490000
1719475200000,0.21240000,0.21900000,0.21190000,0.21850000,3782165.00000000,816863.96770000
1719489600000,0.21850000,0.22530000,0.21810000,0.22040000,7339326.00000000,1631677.75130000
1719504000000,0.22050000,0.22150000,0.21860000,0.21940000,3353818.00000000,737500.21190000
1719518400000,0.21940000,0.22040000,0.21710000,0.21780000,1632096.00000000,357595.88360000
1719532800000,0.21780000,0.22020000,0.21540000,0.21640000,3495529.00000000,759942.58260000
1719547200000,0.21640000,0.21670000,0.21440000,0.21620000,3946697.00000000,850817.23500000
1719561600000,0.21610000,0.21760000,0.21490000,0.21560000,3470120.00000000,749327.52560000
1719576000000,0.21560000,0.21760000,0.21180000,0.21300000,5979273.00000000,1280874.67170000
1719590400000,0.21300000,0.21340000,0.20860000,0.21020000,5780490.00000000,1219618.81220000
1719604800000,0.21030000,0.21120000,0.20640000,0.20730000,3059142.00000000,637411.39670000
1719619200000,0.20720000,0.20950000,0.20640000,0.20910000,3122168.00000000,649836.43070000
1719633600000,0.20910000,0.21050000,0.20700000,0.20990000,2780687.00000000,579488.72200000
1719648000000,0.21000000,0.21140000,0.20910000,0.21080000,1798852.00000000,378102.01440000
1719662400000,0.21070000,0.21090000,0.20790000,0.20880000,1855690.00000000,388428.32130000
1719676800000,0.20880000,0.20880000,0.20470000,0.20600000,2576681.00000000,532799.05410000
1719691200000,0.20600000,0.20640000,0.20280000,0.20330000,2736512.00000000,559830.07880000
1719705600000,0.20340000,0.20420000,0.20040000,0.20120000,2866688.00000000,578909.33730000
1719720000000,0.20120000,0.20720000,0.20020000,0.20630000,3030142.00000000,615567.47950000
1719734400000,0.20630000,0.20790000,0.20530000,0.20620000,2709509.00000000,559774.64420000
1719748800000,0.20620000,0.20790000,0.20530000,0.20630000,2782245.00000000,574984.23780000
1719763200000,0.20630000,0.20720000,0.20450000,0.20570000,2883547.00000000,593653.58490000
1719777600000,0.20570000,0.21190000,0.20420000,0.21060000,4869103.00000000,1012788.84930000
1719792000000,0.21070000,0.21840000,0.20970000,0.21480000,6296222.00000000,1351447.05200000
1719806400000,0.21480000,0.21610000,0.21310000,0.21340000,2519093.00000000,540070.74820000
1719820800000,0.21340000,0.21410000,0.20960000,0.21020000,4092090.00000000,866023.07060000
1719835200000,0.21030000,0.21230000,0.20760000,0.21090000,6374225.00000000,1337402.08270000
1719849600000,0.21090000,0.21470000,0.20990000,0.21360000,4198360.00000000,892324.00570000
1719864000000,0.21350000,0.21370000,0.20680000,0.20740000,2723043.00000000,571484.53290000
1719878400000,0.20730000,0.21080000,0.20600000,0.20910000,2779662.00000000,577669.36090000
1719892800000,0.20920000,0.21090000,0.20690000,0.20760000,2795198.00000000,584570.47920000
1719907200000,0.20760000,0.20940000,0.20680000,0.20850000,2347107.00000000,489197.05890000
1719921600000,0.20850000,0.21420000,0.20780000,0.20920000,4132366.00000000,869682.71130000
1719936000000,0.20920000,0.21240000,0.20690000,0.21210000,2344355.00000000,491652.29760000
1719950400000,0.21210000,0.21380000,0.21110000,0.21230000,1707301.00000000,362306.12720000
1719964800000,0.21240000,0.21360000,0.20380000,0.20580000,3737383.00000000,776947.42520000
1719979200000,0.20580000,0.20870000,0.20390000,0.20710000,2696460.00000000,555891.30530000
1719993600000,0.20700000,0.20720000,0.20090000,0.20230000,8124236.00000000,1653257.03730000
1720008000000,0.20220000,0.20450000,0.19790000,0.20060000,6207366.00000000,1247114.91860000
1720022400000,0.20050000,0.20190000,0.19590000,0.19740000,4552516.00000000,904153.17430000
1720036800000,0.19740000,0.19880000,0.19610000,0.19710000,3351538.00000000,660800.39900000
1720051200000,0.19720000,0.19840000,0.18640000,0.19060000,13696597.00000000,2619738.21110000
1720065600000,0.19070000,0.19080000,0.18590000,0.18700000,4215147.00000000,793202.98080000
1720080000000,0.18700000,0.18860000,0.18360000,0.18430000,23169198.00000000,4318105.24340000
1720094400000,0.18420000,0.18450000,0.17820000,0.18370000,12596754.00000000,2284528.44510000
1720108800000,0.18360000,0.18460000,0.17970000,0.18130000,10561798.00000000,1926598.15670000
1720123200000,0.18140000,0.18490000,0.17470000,0.17600000,6713448.00000000,1210085.06630000
1720137600000,0.17610000,0.17620000,0.15300000,0.15790000,36165772.00000000,5918919.91580000
1720152000000,0.15780000,0.16380000,0.15340000,0.16000000,20548270.00000000,3258667.21750000
1720166400000,0.16000000,0.16780000,0.15410000,0.16750000,15103207.00000000,2421608.25390000
1720180800000,0.16750000,0.17430000,0.16550000,0.17240000,15380694.00000000,2612289.46170000
1720195200000,0.17240000,0.17560000,0.17020000,0.17370000,5645625.00000000,977579.62630000
1720209600000,0.17360000,0.17380000,0.17100000,0.17280000,3321346.00000000,573994.35560000
1720224000000,0.17280000,0.17990000,0.17170000,0.17550000,4182489.00000000,732793.54520000
1720238400000,0.17550000,0.17860000,0.17320000,0.17780000,3376055.00000000,595691.84470000
1720252800000,0.17780000,0.18030000,0.17690000,0.17910000,3598748.00000000,642543.20670000
1720267200000,0.17900000,0.18180000,0.17790000,0.18100000,3729987.00000000,671429.02100000
1720281600000,0.18090000,0.18880000,0.18010000,0.18620000,5331713.00000000,992872.56530000
1720296000000,0.18610000,0.18890000,0.18610000,0.18750000,3745034.00000000,703137.96360000
1720310400000,0.18740000,0.18750000,0.18300000,0.18480000,3744782.00000000,693620.35550000
1720324800000,0.18490000,0.18500000,0.18080000,0.18280000,4523045.00000000,827481.01910000
1720339200000,0.18280000,0.18590000,0.18210000,0.18450000,2275071.00000000,418537.15300000
1720353600000,0.18440000,0.18600000,0.17750000,0.17910000,4687841.00000000,846479.63140000
1720368000000,0.17910000,0.18230000,0.17880000,0.18000000,1936076.00000000,349805.95250000
1720382400000,0.17990000,0.18060000,0.17260000,0.17360000,7287501.00000000,1277580.22060000
1720396800000,0.17370000,0.17410000,0.16390000,0.16990000,12094416.00000000,2038507.29740000
1720411200000,0.16980000,0.17420000,0.16940000,0.17270000,3853856.00000000,661790.83050000
1720425600000,0.17260000,0.18720000,0.17220000,0.18430000,11046180.00000000,2013453.50580000
1720440000000,0.18430000,0.18490000,0.17330000,0.17640000,8272291.00000000,1478378.38510000
1720454400000,0.17640000,0.17800000,0.17410000,0.17640000,3140924.00000000,551913.94030000
1720468800000,0.17640000,0.17780000,0.17460000,0.17640000,2277574.00000000,401213.50110000
1720483200000,0.17630000,0.18160000,0.17540000,0.18050000,4527134.00000000,806598.58270000
1720497600000,0.18050000,0.18220000,0.17860000,0.18000000,3054169.00000000,551748.59010000
1720512000000,0.18000000,0.18330000,0.17830000,0.17940000,2676866.00000000,483185.68710000
1720526400000,0.17930000,0.18360000,0.17760000,0.18090000,5457446.00000000,981637.44600000
1720540800000,0.18080000,0.18240000,0.17910000,0.18130000,3257042.00000000,589272.06420000
1720555200000,0.18130000,0.18370000,0.18070000,0.18300000,1982074.00000000,361164.86190000
1720569600000,0.18300000,0.18510000,0.18050000,0.18500000,1729877.00000000,315874.95050000
1720584000000,0.18500000,0.19210000,0.18500000,0.18930000,7408314.00000000,1399885.43060000
1720598400000,0.18930000,0.18940000,0.18540000,0.18720000,3836087.00000000,718019.40680000
1720612800000,0.18720000,0.18900000,0.18420000,0.18760000,4396247.00000000,818060.59510000
1720627200000,0.18750000,0.18940000,0.18540000,0.18610000,2312667.00000000,432341.74860000
1720641600000,0.18600000,0.18650000,0.18440000,0.18600000,1864680.00000000,345805.13370000
1720656000000,0.18600000,0.18950000,0.18330000,0.18540000,4223324.00000000,790000.23560000
1720670400000,0.18530000,0.18700000,0.18480000,0.18670000,4904614.00000000,911830.97030000
1720684800000,0.18670000,0.19190000,0.18610000,0.19130000,5729594.00000000,1083059.52110000
1720699200000,0.19120000,0.19600000,0.18510000,0.18570000,10589464.00000000,2025197.71710000
1720713600000,0.18570000,0.18900000,0.18380000,0.18480000,4362388.00000000,813702.74960000
1720728000000,0.18480000,0.18510000,0.18070000,0.18120000,3910902.00000000,713998.69890000
1720742400000,0.18130000,0.18460000,0.17940000,0.18140000,2329128.00000000,424063.22300000
1720756800000,0.18130000,0.18300000,0.18000000,0.18130000,2143244.00000000,388936.85230000
1720771200000,0.18120000,0.18210000,0.17820000,0.17990000,2430197.00000000,437813.27140000
1720785600000,0.17980000,0.18600000,0.17970000,0.18500000,5122406.00000000,939844.19270000
1720800000000,0.18510000,0.18620000,0.18350000,0.18420000,2488652.00000000,459494.07260000
1720814400000,0.18420000,0.18630000,0.18230000,0.18550000,3546169.00000000,655176.57280000
1720828800000,0.18560000,0.18610000,0.18380000,0.18470000,2074617.00000000,383392.27010000
1720843200000,0.18470000,0.18720000,0.18370000,0.18670000,2655857.00000000,492620.10100000
1720857600000,0.18670000,0.18980000,0.18570000,0.18820000,4622766.00000000,868330.38250000
1720872000000,0.18820000,0.18990000,0.18620000,0.18960000,1857015.00000000,348917.36720000
1720886400000,0.18960000,0.19250000,0.18940000,0.19110000,3966182.00000000,757864.40840000
1720900800000,0.19110000,0.19470000,0.18890000,0.19220000,3963121.00000000,758586.17860000
1720915200000,0.19220000,0.19490000,0.19160000,0.19180000,2545772.00000000,491972.21160000
1720929600000,0.19160000,0.19500000,0.19160000,0.19190000,3756365.00000000,726059.06550000
1720944000000,0.19200000,0.19320000,0.19000000,0.19020000,3398413.00000000,651987.05870000
1720958400000,0.19030000,0.19110000,0.18790000,0.19100000,3468791.00000000,656149.85210000
1720972800000,0.19110000,0.19230000,0.19020000,0.19070000,2182029.00000000,417176.41980000
1720987200000,0.19070000,0.20030000,0.19040000,0.19800000,6852342.00000000,1348464.66320000
1721001600000,0.19800000,0.20260000,0.19600000,0.20220000,6602468.00000000,1321821.25560000
1721016000000,0.20240000,0.20620000,0.20090000,0.20500000,8679030.00000000,1766391.21210000
1721030400000,0.20510000,0.20630000,0.20280000,0.20290000,3878648.00000000,793222.02740000
1721044800000,0.20280000,0.20750000,0.20260000,0.20420000,9104981.00000000,1867160.75530000
1721059200000,0.20410000,0.21370000,0.20300000,0.21320000,10858830.00000000,2271575.55250000
1721073600000,0.21320000,0.22110000,0.21290000,0.21970000,8552383.00000000,1864329.43710000
1721088000000,0.21970000,0.22180000,0.21520000,0.21590000,7326259.00000000,1598560.67620000
1721102400000,0.21580000,0.21650000,0.20670000,0.20860000,23764014.00000000,5015587.21480000
1721116800000,0.20850000,0.21100000,0.20460000,0.20990000,10796559.00000000,2234979.26410000
1721131200000,0.21000000,0.21590000,0.20750000,0.21510000,7882876.00000000,1664959.70290000
1721145600000,0.21500000,0.21660000,0.21240000,0.21620000,8211348.00000000,1762468.29340000
1721160000000,0.21610000,0.21630000,0.21140000,0.21390000,4591401.00000000,980188.58120000
1721174400000,0.21410000,0.21910000,0.21350000,0.21540000,3745864.00000000,811100.86780000
1721188800000,0.21540000,0.21750000,0.21460000,0.21640000,3741929.00000000,808965.35050000
1721203200000,0.21640000,0.22060000,0.21250000,0.21510000,6736767.00000000,1461240.44320000
1721217600000,0.21510000,0.21810000,0.21310000,0.21330000,9029308.00000000,1949330.52480000
1721232000000,0.21320000,0.21600000,0.20970000,0.21500000,6568275.00000000,1398107.17010000
1721246400000,0.21510000,0.21570000,0.20800000,0.20810000,7160413.00000000,1514450.05330000
1721260800000,0.20810000,0.21310000,0.20810000,0.21240000,3151139.00000000,665442.76850000
1721275200000,0.21250000,0.21290000,0.20940000,0.20970000,3455459.00000000,729132.93930000
1721289600000,0.20960000,0.21090000,0.20570000,0.20800000,8524975.00000000,1770953.35840000
1721304000000,0.20800000,0.20940000,0.20120000,0.20140000,8715915.00000000,1792364.15110000
1721318400000,0.20140000,0.20340000,0.19810000,0.19930000,5614681.00000000,1126480.24140000
1721332800000,0.19930000,0.20360000,0.19880000,0.20270000,3125006.00000000,628393.08730000
1721347200000,0.20280000,0.20630000,0.19780000,0.20510000,6977248.00000000,1417144.58950000
1721361600000,0.20530000,0.20670000,0.20100000,0.20160000,3550223.00000000,725427.49970000
1721376000000,0.20150000,0.20290000,0.19890000,0.20080000,4006254.00000000,803994.53090000
1721390400000,0.20080000,0.20920000,0.19960000,0.20870000,6618243.00000000,1358406.50180000
1721404800000,0.20860000,0.21540000,0.20840000,0.21430000,8830636.00000000,1871829.39820000
1721419200000,0.21430000,0.21470000,0.21270000,0.21420000,3970482.00000000,847840.61670000
1721433600000,0.21430000,0.21800000,0.21120000,0.21610000,9035472.00000000,1935497.24800000
1721448000000,0.21610000,0.21880000,0.21480000,0.21760000,3231284.00000000,701799.47760000
1721462400000,0.21760000,0.21770000,0.21400000,0.21410000,2407530.00000000,519375.38520000
1721476800000,0.21420000,0.21880000,0.21300000,0.21720000,6411043.00000000,1389289.70400000
1721491200000,0.21730000,0.21800000,0.21380000,0.21520000,7132589.00000000,1535610.39600000
1721505600000,0.21530000,0.21620000,0.21310000,0.21360000,2542885.00000000,544805.87400000
1721520000000,0.21370000,0.22400000,0.21370000,0.22150000,7752463.00000000,1707853.33340000
1721534400000,0.22150000,0.22160000,0.21510000,0.21570000,3152344.00000000,687187.85520000
1721548800000,0.21580000,0.21690000,0.21390000,0.21500000,3086746.00000000,665061.04790000
1721563200000,0.21500000,0.21820000,0.21240000,0.21570000,3229646.00000000,694065.05540000
1721577600000,0.21570000,0.21890000,0.20910000,0.21530000,7297256.00000000,1562928.84300000
1721592000000,0.21530000,0.22130000,0.21440000,0.21910000,5945118.00000000,1299190.48660000
1721606400000,0.21910000,0.22190000,0.21640000,0.21660000,4711786.00000000,1033288.48030000
1721620800000,0.21650000,0.21660000,0.21040000,0.21150000,3460826.00000000,738063.94750000
1721635200000,0.21130000,0.21270000,0.21020000,0.21250000,3674689.00000000,776339.21540000
1721649600000,0.21250000,0.21350000,0.20740000,0.20930000,6432105.00000000,1353129.59930000
1721664000000,0.20940000,0.21090000,0.20880000,0.21030000,3849965.00000000,807372.96020000
1721678400000,0.21030000,0.21080000,0.20440000,0.20650000,3734239.00000000,775078.89410000
1721692800000,0.20660000,0.20990000,0.20630000,0.20810000,1927852.00000000,401524.24240000
1721707200000,0.20800000,0.20870000,0.19930000,0.20190000,6144311.00000000,1241359.64690000
1721721600000,0.20200000,0.20870000,0.20170000,0.20610000,5220370.00000000,1078312.18490000
1721736000000,0.20620000,0.20640000,0.20090000,0.20200000,6004264.00000000,1222013.79350000
1721750400000,0.20190000,0.20210000,0.19560000,0.19920000,4833089.00000000,958564.57870000
1721764800000,0.19920000,0.19990000,0.19680000,0.19850000,3114561.00000000,617810.11990000
1721779200000,0.19850000,0.19930000,0.19590000,0.19840000,3179634.00000000,628047.46280000
1721793600000,0.19860000,0.19950000,0.19620000,0.19940000,1689773.00000000,334877.07850000
1721808000000,0.19950000,0.20200000,0.19930000,0.20110000,2775840.00000000,557273.73530000
1721822400000,0.20110000,0.20380000,0.19960000,0.19970000,4353572.00000000,877101.64620000
1721836800000,0.19960000,0.20200000,0.19630000,0.19660000,2996037.00000000,596322.55420000
1721851200000,0.19670000,0.19770000,0.19100000,0.19280000,6103292.00000000,1181789.17820000
1721865600000,0.19270000,0.19340000,0.18320000,0.18550000,10412931.00000000,1943688.32690000
1721880000000,0.18550000,0.18810000,0.18430000,0.18620000,2758897.00000000,515187.10350000
1721894400000,0.18610000,0.18740000,0.18480000,0.18580000,3931430.00000000,732043.06330000
1721908800000,0.18580000,0.18890000,0.18360000,0.18740000,5559926.00000000,1033411.66920000
1721923200000,0.18750000,0.18940000,0.18360000,0.18590000,4756543.00000000,890711.43880000
1721937600000,0.18600000,0.19050000,0.18270000,0.18950000,5363105.00000000,1005913.30380000
1721952000000,0.18940000,0.19550000,0.18900000,0.19440000,5544938.00000000,1068097.34060000
1721966400000,0.19440000,0.19980000,0.19310000,0.19530000,11102149.00000000,2186437.65370000
1721980800000,0.19530000,0.19800000,0.19440000,0.19500000,3602223.00000000,706916.46010000
1721995200000,0.19510000,0.19700000,0.19240000,0.19490000,6436942.00000000,1252383.37780000
1722009600000,0.19500000,0.20050000,0.19490000,0.19950000,5748720.00000000,1134204.53470000
1722024000000,0.19940000,0.20140000,0.19740000,0.20070000,2454923.00000000,490223.49200000
1722038400000,0.20080000,0.20130000,0.19840000,0.19860000,2340198.00000000,467848.18130000
1722052800000,0.19860000,0.20070000,0.19820000,0.19970000,2767418.00000000,551273.02200000
1722067200000,0.19970000,0.20170000,0.19900000,0.20100000,2326496.00000000,466380.77240000
1722081600000,0.20100000,0.20460000,0.19780000,0.19930000,5664407.00000000,1144238.67880000
1722096000000,0.19940000,0.20070000,0.19620000,0.19880000,3547191.00000000,704203.65770000
1722110400000,0.19870000,0.20180000,0.19440000,0.19810000,5485313.00000000,1088467.94240000
1722124800000,0.19810000,0.19860000,0.19580000,0.19590000,1786557.00000000,351965.33790000
1722139200000,0.19580000,0.19590000,0.19240000,0.19440000,3269783.00000000,635148.70040000
1722153600000,0.19440000,0.19570000,0.19330000,0.19470000,2521973.00000000,491108.57780000
1722168000000,0.19470000,0.19570000,0.19300000,0.19370000,2408079.00000000,468029.90640000
1722182400000,0.19360000,0.19440000,0.19210000,0.19320000,3556998.00000000,687446.68830000
1722196800000,0.19320000,0.19320000,0.19080000,0.19270000,2559874.00000000,491393.79400000
1722211200000,0.19270000,0.20010000,0.19270000,0.19830000,3594668.00000000,705305.03700000
1722225600000,0.19840000,0.20240000,0.19780000,0.20210000,4257455.00000000,853716.70870000
1722240000000,0.20210000,0.20350000,0.20080000,0.20120000,3517041.00000000,710013.96920000
1722254400000,0.20120000,0.20260000,0.19440000,0.19560000,5956203.00000000,1185751.53370000
1722268800000,0.19560000,0.19560000,0.19210000,0.19400000,4248096.00000000,823385.69550000
1722283200000,0.19400000,0.19450000,0.19160000,0.19200000,3115629.00000000,600127.22200000
1722297600000,0.19200000,0.19390000,0.18960000,0.19270000,2459652.00000000,471740.37430000
1722312000000,0.19270000,0.19510000,0.19160000,0.19460000,2357564.00000000,455639.41940000
1722326400000,0.19460000,0.19540000,0.19150000,0.19150000,2604257.00000000,502536.20890000
1722340800000,0.19150000,0.19370000,0.18910000,0.19050000,6319584.00000000,1210292.62560000
1722355200000,0.19050000,0.19090000,0.18490000,0.18620000,4348899.00000000,813869.38340000
1722369600000,0.18620000,0.18840000,0.18360000,0.18800000,4936369.00000000,920544.55990000
1722384000000,0.18800000,0.18900000,0.18610000,0.18660000,1724435.00000000,323365.61700000
1722398400000,0.18660000,0.19030000,0.18460000,0.18720000,5101120.00000000,958262.38730000
1722412800000,0.18730000,0.18740000,0.18470000,0.18580000,3599719.00000000,670800.75290000
1722427200000,0.18590000,0.18830000,0.18420000,0.18450000,8695689.00000000,1623084.49130000
1722441600000,0.18450000,0.18700000,0.18050000,0.18190000,4493041.00000000,827309.17680000
1722456000000,0.18190000,0.18210000,0.17830000,0.17970000,5534574.00000000,995859.59920000
1722470400000,0.17960000,0.18110000,0.17770000,0.17810000,2650337.00000000,475422.64100000
1722484800000,0.17810000,0.17890000,0.17440000,0.17660000,4320400.00000000,762482.02220000
1722499200000,0.17660000,0.17850000,0.17650000,0.17820000,2006169.00000000,356435.17420000
1722513600000,0.17820000,0.17990000,0.17250000,0.17300000,6529856.00000000,1147715.20760000
1722528000000,0.17300000,0.17310000,0.16690000,0.17200000,11018536.00000000,1872602.82710000
1722542400000,0.17190000,0.17880000,0.17060000,0.17810000,5933063.00000000,1042216.47390000
1722556800000,0.17820000,0.17890000,0.17270000,0.17600000,3580264.00000000,628725.24870000
1722571200000,0.17590000,0.17640000,0.16940000,0.16950000,9389288.00000000,1610838.94460000
1722585600000,0.16950000,0.17220000,0.16730000,0.17140000,7982059.00000000,1353821.14720000
1722600000000,0.17130000,0.17530000,0.16290000,0.16860000,14272758.00000000,2413921.02800000
1722614400000,0.16850000,0.16900000,0.16390000,0.16550000,7682993.00000000,1278874.98710000
1722628800000,0.16560000,0.16700000,0.16190000,0.16250000,6498935.00000000,1066211.55760000
1722643200000,0.16240000,0.16320000,0.15700000,0.16280000,6781123.00000000,1087067.80950000
1722657600000,0.16280000,0.16410000,0.16170000,0.16280000,3502249.00000000,570636.44020000
1722672000000,0.16280000,0.16310000,0.16150000,0.16250000,2831762.00000000,459712.38640000
1722686400000,0.16250000,0.16430000,0.15710000,0.15730000,6917270.00000000,1113045.98050000
1722700800000,0.15730000,0.15840000,0.15120000,0.15130000,15037209.00000000,2326650.42470000
1722715200000,0.15130000,0.15530000,0.15030000,0.15400000,5634840.00000000,861719.89700000
1722729600000,0.15410000,0.15690000,0.15320000,0.15630000,4309675.00000000,668523.29050000
1722744000000,0.15620000,0.15650000,0.15390000,0.15400000,2269991.00000000,353186.19520000
1722758400000,0.15400000,0.15550000,0.15300000,0.15430000,2504653.00000000,386787.60070000
1722772800000,0.15430000,0.15560000,0.14610000,0.14620000,10898891.00000000,1630213.51900000
1722787200000,0.14620000,0.14890000,0.13940000,0.14790000,20442930.00000000,2939825.24880000
1722801600000,0.14780000,0.14970000,0.14370000,0.14400000,5721273.00000000,839241.48920000
1722816000000,0.14390000,0.14500000,0.11890000,0.12480000,53897842.00000000,6978798.04440000
1722830400000,0.12480000,0.12740000,0.11260000,0.12630000,52955144.00000000,6411178.62690000
1722844800000,0.12630000,0.12660000,0.11560000,0.12000000,24998416.00000000,3038248.76150000
1722859200000,0.11990000,0.13510000,0.11520000,0.13450000,36858701.00000000,4601852.29480000
1722873600000,0.13450000,0.13890000,0.13020000,0.13190000,16368620.00000000,2198255.89290000
1722888000000,0.13180000,0.13520000,0.13120000,0.13130000,10623704.00000000,1412906.61430000
1722902400000,0.13130000,0.14060000,0.13120000,0.13700000,11369327.00000000,1562847.95990000
1722916800000,0.13700000,0.14070000,0.13590000,0.14070000,9248806.00000000,1282557.10460000
1722931200000,0.14060000,0.14060000,0.13480000,0.13540000,10430131.00000000,1424510.10890000
1722945600000,0.13540000,0.14200000,0.13310000,0.13920000,18652211.00000000,2567358.68890000
1722960000000,0.13920000,0.14140000,0.13830000,0.13880000,8596814.00000000,1200761.07170000
1722974400000,0.13870000,0.14110000,0.13660000,0.13750000,6794906.00000000,941590.30940000
1722988800000,0.13740000,0.14200000,0.13600000,0.14050000,7009488.00000000,972996.93870000
1723003200000,0.14040000,0.14200000,0.13900000,0.14010000,4720856.00000000,663919.60120000
1723017600000,0.14000000,0.14270000,0.13870000,0.13890000,5008038.00000000,704350.74810000
1723032000000,0.13890000,0.14180000,0.13340000,0.13600000,13201420.00000000,1814468.52590000
1723046400000,0.13600000,0.13650000,0.12990000,0.13040000,10211521.00000000,1356432.04880000
1723060800000,0.13040000,0.13160000,0.12730000,0.12870000,7179555.00000000,928958.90970000
1723075200000,0.12870000,0.13740000,0.12690000,0.13490000,6647300.00000000,884113.49700000
1723089600000,0.13480000,0.13590000,0.13370000,0.13400000,3901882.00000000,525384.40440000
1723104000000,0.13400000,0.13510000,0.13360000,0.13400000,2967830.00000000,398598.71650000
1723118400000,0.13400000,0.14030000,0.13280000,0.14010000,8811707.00000000,1201368.24580000
1723132800000,0.14000000,0.14230000,0.13870000,0.13900000,7387621.00000000,1038588.54850000
1723147200000,0.13900000,0.14720000,0.13860000,0.14640000,12706636.00000000,1837185.37120000
1723161600000,0.14640000,0.14690000,0.14410000,0.14460000,5864792.00000000,851582.82840000
1723176000000,0.14450000,0.14470000,0.14160000,0.14290000,5042427.00000000,721390.28950000
1723190400000,0.14280000,0.14410000,0.14100000,0.14190000,6995277.00000000,997600.32360000
1723204800000,0.14200000,0.14380000,0.13930000,0.13980000,5863394.00000000,827404.11110000
1723219200000,0.13970000,0.14210000,0.13950000,0.14170000,3121297.00000000,440269.14790000
1723233600000,0.14170000,0.14350000,0.14080000,0.14280000,5975284.00000000,849862.99140000
1723248000000,0.14280000,0.14490000,0.14070000,0.14140000,4661807.00000000,663275.88990000
1723262400000,0.14140000,0.14260000,0.14040000,0.14230000,1642552.00000000,232395.46010000
1723276800000,0.14220000,0.14390000,0.14120000,0.14380000,2797952.00000000,398536.01810000
1723291200000,0.14380000,0.14390000,0.14140000,0.14290000,3727286.00000000,531132.41910000
1723305600000,0.14290000,0.14660000,0.14250000,0.14540000,4179126.00000000,604765.13660000
1723320000000,0.14540000,0.14730000,0.14440000,0.14620000,2865405.00000000,418497.15430000
1723334400000,0.14620000,0.14770000,0.14540000,0.14650000,2571916.00000000,376489.04680000
1723348800000,0.14650000,0.14930000,0.14590000,0.14900000,2345998.00000000,346445.20950000
1723363200000,0.14890000,0.15300000,0.14740000,0.14890000,11412878.00000000,1713740.56730000
1723377600000,0.14890000,0.14910000,0.14260000,0.14380000,10383903.00000000,1507471.45250000
1723392000000,0.14380000,0.14440000,0.14010000,0.14030000,5008034.00000000,714869.39590000
1723406400000,0.14020000,0.14040000,0.13590000,0.13650000,8835466.00000000,1220415.79730000
1723420800000,0.13660000,0.13870000,0.13630000,0.13750000,3508890.00000000,482834.21980000
1723435200000,0.13750000,0.14000000,0.13510000,0.13940000,4736538.00000000,649977.46980000
1723449600000,0.13940000,0.14680000,0.13910000,0.14620000,6866369.00000000,978607.13860000
1723464000000,0.14620000,0.14640000,0.13900000,0.14440000,12546796.00000000,1800832.68180000
1723478400000,0.14450000,0.14500000,0.14020000,0.14140000,4247604.00000000,606832.19440000
1723492800000,0.14150000,0.14470000,0.13980000,0.14340000,4299788.00000000,611209.96820000
1723507200000,0.14340000,0.14460000,0.13980000,0.14030000,5108847.00000000,729290.93380000
1723521600000,0.14030000,0.14230000,0.13970000,0.14130000,1398455.00000000,197475.88940000
1723536000000,0.14130000,0.14140000,0.13820000,0.14000000,3304137.00000000,461217.50260000
1723550400000,0.14010000,0.14310000,0.13950000,0.14200000,3642923.00000000,515268.20100000
1723564800000,0.14200000,0.14860000,0.14180000,0.14740000,4594340.00000000,673965.42450000
1723579200000,0.14740000,0.14770000,0.14580000,0.14620000,2420880.00000000,354958.98950000
1723593600000,0.14620000,0.14670000,0.14450000,0.14540000,1568387.00000000,228278.74340000
1723608000000,0.14530000,0.14560000,0.14380000,0.14430000,1548894.00000000,223916.10080000
1723622400000,0.14440000,0.14560000,0.14360000,0.14530000,3767600.00000000,544689.24360000
1723636800000,0.14530000,0.14780000,0.13960000,0.14380000,9519011.00000000,1367616.53860000
1723651200000,0.14390000,0.14390000,0.14100000,0.14180000,3987695.00000000,566833.01320000
1723665600000,0.14180000,0.14350000,0.14060000,0.14230000,3101545.00000000,441485.67070000
1723680000000,0.14240000,0.14380000,0.14150000,0.14280000,1220375.00000000,174063.83690000
1723694400000,0.14280000,0.14310000,0.13950000,0.14050000,2198307.00000000,309961.50860000
1723708800000,0.14060000,0.14250000,0.13980000,0.14200000,3234419.00000000,456246.62580000
1723723200000,0.14200000,0.14510000,0.14190000,0.14310000,5510602.00000000,790663.76780000
1723737600000,0.14310000,0.14380000,0.13490000,0.13590000,8682644.00000000,1198285.10920000
1723752000000,0.13580000,0.13730000,0.13430000,0.13630000,3787420.00000000,512649.70090000
1723766400000,0.13630000,0.13820000,0.13520000,0.13570000,2208242.00000000,301394.25220000
1723780800000,0.13580000,0.13890000,0.13550000,0.13860000,1607463.00000000,221234.04420000
1723795200000,0.13860000,0.13890000,0.13640000,0.13680000,1816818.00000000,250399.79450000
1723809600000,0.13680000,0.13740000,0.13210000,0.13360000,5705506.00000000,766995.87410000
1723824000000,0.13350000,0.13820000,0.13330000,0.13750000,3924893.00000000,534512.89530000
1723838400000,0.13760000,0.13860000,0.13650000,0.13680000,2030936.00000000,279623.71140000
1723852800000,0.13670000,0.13740000,0.13550000,0.13610000,1018077.00000000,138891.93960000
1723867200000,0.13610000,0.13690000,0.13560000,0.13650000,945617.00000000,128921.63310000
1723881600000,0.13650000,0.13740000,0.13520000,0.13550000,2017760.00000000,274950.87320000
1723896000000,0.13560000,0.13810000,0.13540000,0.13690000,2138201.00000000,292587.18570000
1723910400000,0.13690000,0.13870000,0.13660000,0.13710000,2001275.00000000,275204.47360000
1723924800000,0.13720000,0.13850000,0.13710000,0.13840000,1462082.00000000,201222.88980000
1723939200000,0.13840000,0.13920000,0.13660000,0.13660000,1723614.00000000,238103.93170000
1723953600000,0.13660000,0.13800000,0.13630000,0.13760000,1349115.00000000,185219.36120000
1723968000000,0.13760000,0.14100000,0.13720000,0.14060000,3039371.00000000,423566.08930000
1723982400000,0.14070000,0.14330000,0.14030000,0.14300000,2744904.00000000,390092.73460000
1723996800000,0.14310000,0.14400000,0.14160000,0.14350000,2588228.00000000,369518.18420000
1724011200000,0.14350000,0.14390000,0.13970000,0.13980000,3627964.00000000,517947.06570000
1724025600000,0.13980000,0.14070000,0.13840000,0.14020000,3550942.00000000,495469.66010000
1724040000000,0.14010000,0.14030000,0.13740000,0.13820000,2910002.00000000,403096.98770000
1724054400000,0.13810000,0.14020000,0.13660000,0.13960000,5010327.00000000,693713.84090000
1724068800000,0.13970000,0.14190000,0.13860000,0.13990000,4861904.00000000,680805.88850000
1724083200000,0.13990000,0.14200000,0.13810000,0.14180000,3257027.00000000,456572.36440000
1724097600000,0.14180000,0.14490000,0.14170000,0.14470000,3912434.00000000,560792.54280000
1724112000000,0.14460000,0.14740000,0.14410000,0.14620000,4401095.00000000,642481.10830000
1724126400000,0.14630000,0.14850000,0.14620000,0.14720000,2943759.00000000,434127.54620000
1724140800000,0.14720000,0.14760000,0.14570000,0.14620000,4037821.00000000,592274.88100000
1724155200000,0.14630000,0.14700000,0.14080000,0.14210000,4951571.00000000,712411.48590000
1724169600000,0.14220000,0.14480000,0.14170000,0.14440000,2135114.00000000,305551.94840000
1724184000000,0.14450000,0.14560000,0.14270000,0.14280000,1933929.00000000,278609.20320000
1724198400000,0.14280000,0.14490000,0.14260000,0.14390000,2118457.00000000,304517.70420000
1724212800000,0.14390000,0.14700000,0.14370000,0.14640000,3901194.00000000,568482.53970000
1724227200000,0.14640000,0.14690000,0.14350000,0.14360000,4840243.00000000,700379.69560000
1724241600000,0.14360000,0.14610000,0.14100000,0.14360000,6444008.00000000,924442.27360000
1724256000000,0.14360000,0.14990000,0.14280000,0.14970000,7287251.00000000,1068981.06710000
1724270400000,0.14980000,0.15170000,0.14920000,0.14990000,5074299.00000000,762851.76310000
1724284800000,0.14990000,0.15090000,0.14720000,0.14950000,2624342.00000000,392106.97850000
1724299200000,0.14950000,0.15150000,0.14930000,0.15140000,1887538.00000000,283706.85180000
1724313600000,0.15140000,0.15600000,0.15100000,0.15510000,7673059.00000000,1177041.06630000
1724328000000,0.15500000,0.15510000,0.15190000,0.15310000,5857217.00000000,898071.30360000
1724342400000,0.15310000,0.15430000,0.15240000,0.15270000,5447551.00000000,835817.55710000
1724356800000,0.15280000,0.15530000,0.15270000,0.15500000,3059130.00000000,471234.10920000
1724371200000,0.15490000,0.16160000,0.15480000,0.16150000,7899784.00000000,1253865.04560000
1724385600000,0.16140000,0.16420000,0.16030000,0.16390000,8040256.00000000,1302705.44620000
1724400000000,0.16390000,0.16440000,0.16110000,0.16120000,5656330.00000000,919965.52920000
1724414400000,0.16120000,0.16830000,0.16120000,0.16740000,11888770.00000000,1967924.73810000
1724428800000,0.16750000,0.17210000,0.16640000,0.17030000,10048232.00000000,1701551.98780000
1724443200000,0.17030000,0.17220000,0.16940000,0.17050000,5709678.00000000,974220.85520000
1724457600000,0.17060000,0.17130000,0.16750000,0.16760000,3708473.00000000,628269.54380000
1724472000000,0.16770000,0.16950000,0.16690000,0.16940000,3156455.00000000,530316.95630000
1724486400000,0.16930000,0.17440000,0.16840000,0.17330000,7254313.00000000,1249510.92100000
1724500800000,0.17340000,0.17780000,0.17270000,0.17490000,7827178.00000000,1376824.55060000
1724515200000,0.17490000,0.18040000,0.17480000,0.17960000,7840438.00000000,1400543.74660000
1724529600000,0.17960000,0.18010000,0.17440000,0.17670000,8246458.00000000,1461763.08530000
1724544000000,0.17660000,0.17680000,0.17110000,0.17370000,6497456.00000000,1129157.85550000
1724558400000,0.17370000,0.17390000,0.16730000,0.16800000,5944086.00000000,1013720.40520000
1724572800000,0.16800000,0.17280000,0.16690000,0.17150000,5713332.00000000,974658.09870000
1724587200000,0.17150000,0.17490000,0.17130000,0.17320000,3596492.00000000,621349.38750000
1724601600000,0.17320000,0.17490000,0.17080000,0.17270000,4794788.00000000,825044.49470000
1724616000000,0.17270000,0.17580000,0.17170000,0.17200000,3999831.00000000,694944.32740000
1724630400000,0.17210000,0.17400000,0.16880000,0.17160000,4186752.00000000,717033.87730000
1724644800000,0.17160000,0.17200000,0.16810000,0.16880000,3340574.00000000,566970.97110000
1724659200000,0.16900000,0.17420000,0.16800000,0.17250000,6059699.00000000,1037590.84530000
1724673600000,0.17260000,0.17320000,0.16620000,0.16700000,8169277.00000000,1377955.93070000
1724688000000,0.16690000,0.16880000,0.16230000,0.16320000,7613080.00000000,1254695.85060000
1724702400000,0.16310000,0.16430000,0.16100000,0.16110000,4269173.00000000,694451.33580000
1724716800000,0.16130000,0.16310000,0.16090000,0.16190000,3035373.00000000,491794.82290000
1724731200000,0.16200000,0.16650000,0.16130000,0.16270000,4537132.00000000,745871.12710000
1724745600000,0.16280000,0.16360000,0.15850000,0.15950000,6522109.00000000,1049021.33180000
1724760000000,0.15960000,0.16010000,0.15700000,0.15830000,6695044.00000000,1060700.51090000
1724774400000,0.15820000,0.16140000,0.15710000,0.15990000,5064511.00000000,806386.92170000
1724788800000,0.15990000,0.16000000,0.14820000,0.15090000,12813667.00000000,1949493.93800000
1724803200000,0.15090000,0.15290000,0.14890000,0.15270000,5843224.00000000,878887.14770000
1724817600000,0.15270000,0.15280000,0.14780000,0.14790000,4224152.00000000,637661.54490000
1724832000000,0.14790000,0.15500000,0.14690000,0.15370000,7431569.00000000,1124719.12150000
1724846400000,0.15360000,0.15520000,0.14810000,0.14940000,5807329.00000000,881659.09240000
1724860800000,0.14930000,0.15040000,0.14350000,0.14780000,12307408.00000000,1806209.79900000
1724875200000,0.14790000,0.15080000,0.14500000,0.14640000,6155189.00000000,906391.85750000
1724889600000,0.14640000,0.14780000,0.14550000,0.14740000,3792218.00000000,556429.37370000
1724904000000,0.14740000,0.15060000,0.14640000,0.14990000,5362418.00000000,798192.81150000
1724918400000,0.14980000,0.15160000,0.14820000,0.15000000,4079582.00000000,610905.53360000
1724932800000,0.15000000,0.15270000,0.14980000,0.15120000,6556148.00000000,990915.33980000
1724947200000,0.15110000,0.15180000,0.14370000,0.14570000,5859772.00000000,863158.33030000
1724961600000,0.14580000,0.14740000,0.14420000,0.14660000,3254636.00000000,475578.98200000
1724976000000,0.14650000,0.14820000,0.14560000,0.14600000,1986948.00000000,291394.78640000
1724990400000,0.14600000,0.14810000,0.14460000,0.14670000,2587021.00000000,379280.38340000
1725004800000,0.14680000,0.14800000,0.14620000,0.14640000,2017899.00000000,296802.88680000
1725019200000,0.14630000,0.14820000,0.13920000,0.14000000,6859995.00000000,983909.76950000
1725033600000,0.14000000,0.14730000,0.13920000,0.14540000,5952115.00000000,853394.31150000
1725048000000,0.14550000,0.14790000,0.14540000,0.14740000,2099370.00000000,307851.02990000
1725062400000,0.14740000,0.14900000,0.14740000,0.14820000,1744261.00000000,258298.05360000
1725076800000,0.14820000,0.14870000,0.14720000,0.14740000,1260152.00000000,186472.45190000
1725091200000,0.14740000,0.14790000,0.14560000,0.14700000,1994775.00000000,292506.05850000
1725105600000,0.14710000,0.14780000,0.14560000,0.14670000,1486868.00000000,218017.13400000
1725120000000,0.14680000,0.14700000,0.14380000,0.14470000,1189639.00000000,172594.69750000
1725134400000,0.14470000,0.14630000,0.14420000,0.14580000,840666.00000000,122160.67170000
1725148800000,0.14580000,0.14620000,0.14290000,0.14460000,2271342.00000000,328229.61120000
1725163200000,0.14450000,0.14500000,0.14220000,0.14500000,2060461.00000000,296257.43660000
1725177600000,0.14500000,0.14530000,0.14200000,0.14320000,2056158.00000000,294218.05290000
1725192000000,0.14310000,0.14370000,0.13940000,0.14300000,3964428.00000000,561097.21450000
1725206400000,0.14300000,0.14480000,0.13970000,0.14350000,5025864.00000000,713536.37800000
1725220800000,0.14350000,0.14510000,0.13660000,0.13830000,4653886.00000000,652640.96260000
1725235200000,0.13820000,0.14060000,0.13720000,0.13950000,4830779.00000000,669982.67870000
1725249600000,0.13950000,0.14010000,0.13760000,0.13800000,2368728.00000000,328528.56100000
1725264000000,0.13800000,0.14530000,0.13790000,0.14430000,5032939.00000000,719004.04570000
1725278400000,0.14430000,0.14480000,0.14100000,0.14370000,4266492.00000000,611699.31480000
1725292800000,0.14380000,0.14430000,0.14250000,0.14320000,1908551.00000000,273678.67090000
1725307200000,0.14330000,0.14690000,0.14280000,0.14580000,2608742.00000000,379819.19800000
1725321600000,0.14570000,0.14800000,0.14500000,0.14520000,2392500.00000000,349912.27400000
1725336000000,0.14520000,0.14570000,0.14390000,0.14550000,2401371.00000000,347809.07800000
1725350400000,0.14550000,0.14560000,0.14300000,0.14420000,2489182.00000000,358199.92020000
1725364800000,0.14430000,0.14510000,0.13720000,0.13740000,5863542.00000000,824967.99130000
1725379200000,0.13730000,0.13900000,0.13690000,0.13840000,2899432.00000000,400120.19410000
1725393600000,0.13850000,0.13910000,0.13520000,0.13550000,3028141.00000000,415694.65540000
1725408000000,0.13560000,0.13760000,0.12930000,0.13510000,12209078.00000000,1627925.63100000
1725422400000,0.13510000,0.13760000,0.13460000,0.13700000,2739151.00000000,371349.69740000
1725436800000,0.13700000,0.13760000,0.13540000,0.13570000,2450721.00000000,334284.36240000
1725451200000,0.13560000,0.14100000,0.13510000,0.14050000,6019886.00000000,830028.61400000
1725465600000,0.14040000,0.14310000,0.13920000,0.14020000,2945082.00000000,415324.38990000
1725480000000,0.14030000,0.14130000,0.13950000,0.13960000,2990008.00000000,419355.10390000
1725494400000,0.13960000,0.14130000,0.13770000,0.13830000,2480151.00000000,346171.20940000
1725508800000,0.13830000,0.13960000,0.13730000,0.13910000,2725728.00000000,378113.46370000
1725523200000,0.13900000,0.13960000,0.13720000,0.13740000,1580096.00000000,218245.60170000
1725537600000,0.13750000,0.13970000,0.13500000,0.13580000,6105776.00000000,839995.56180000
1725552000000,0.13580000,0.13660000,0.13320000,0.13390000,3757999.00000000,508488.73750000
1725566400000,0.13380000,0.13470000,0.13330000,0.13410000,1896161.00000000,254266.43020000
1725580800000,0.13400000,0.13650000,0.13360000,0.13540000,1424529.00000000,192609.90710000
1725595200000,0.13530000,0.13590000,0.13200000,0.13340000,1923620.00000000,257789.64600000
1725609600000,0.13340000,0.13540000,0.13290000,0.13450000,3365419.00000000,451463.83630000
1725624000000,0.13450000,0.13840000,0.13090000,0.13310000,12076046.00000000,1627017.62970000
1725638400000,0.13310000,0.13320000,0.12870000,0.12980000,8923681.00000000,1166237.23650000
1725652800000,0.12970000,0.13120000,0.12590000,0.12990000,10323642.00000000,1331786.58770000
1725667200000,0.12980000,0.13060000,0.12890000,0.12900000,2156445.00000000,279601.43150000
1725681600000,0.12890000,0.13160000,0.12870000,0.13150000,2943443.00000000,383165.31460000
1725696000000,0.13150000,0.13260000,0.13120000,0.13200000,2193863.00000000,289713.36340000
1725710400000,0.13200000,0.13460000,0.13200000,0.13320000,3067252.00000000,408752.07850000
1725724800000,0.13320000,0.13410000,0.13160000,0.13360000,2768749.00000000,368315.93050000
1725739200000,0.13360000,0.13370000,0.13030000,0.13180000,2929889.00000000,386799.71310000
1725753600000,0.13180000,0.13400000,0.13150000,0.13390000,1190164.00000000,157865.67390000
1725768000000,0.13370000,0.13580000,0.13370000,0.13550000,2138176.00000000,288380.42950000
1725782400000,0.13560000,0.13710000,0.13480000,0.13490000,2841250.00000000,385695.18580000
1725796800000,0.13500000,0.13530000,0.13180000,0.13200000,3411617.00000000,454466.25240000
1725811200000,0.13200000,0.13440000,0.13140000,0.13330000,2178057.00000000,289657.97100000
1725825600000,0.13330000,0.13830000,0.13290000,0.13640000,4004856.00000000,543900.33730000
1725840000000,0.13640000,0.13800000,0.13600000,0.13720000,2810619.00000000,385331.27970000
1725854400000,0.13730000,0.13800000,0.13600000,0.13790000,2201664.00000000,301401.05060000
1725868800000,0.13780000,0.14030000,0.13780000,0.13890000,5923325.00000000,823690.79330000
1725883200000,0.13890000,0.13990000,0.13660000,0.13880000,5627341.00000000,778968.00250000
1725897600000,0.13900000,0.14310000,0.13890000,0.14290000,7200543.00000000,1020240.46840000
1725912000000,0.14300000,0.14510000,0.14190000,0.14320000,3985128.00000000,571682.77350000
1725926400000,0.14310000,0.14310000,0.13980000,0.13980000,2033463.00000000,286997.95740000
1725940800000,0.13980000,0.14230000,0.13950000,0.14200000,3248033.00000000,457596.93870000
1725955200000,0.14200000,0.14380000,0.14090000,0.14350000,3925925.00000000,558808.36430000
1725969600000,0.14350000,0.14360000,0.14050000,0.14120000,3076563.00000000,436619.28930000
1725984000000,0.14120000,0.14480000,0.14100000,0.14310000,6538458.00000000,934635.20460000
1725998400000,0.14320000,0.14340000,0.14140000,0.14150000,3171012.00000000,451180.60590000
1726012800000,0.14150000,0.14180000,0.13800000,0.13860000,4546717.00000000,634702.07840000
1726027200000,0.13860000,0.13870000,0.13580000,0.13840000,3669140.00000000,502708.66560000
1726041600000,0.13830000,0.13830000,0.13540000,0.13640000,3558518.00000000,485898.51440000
1726056000000,0.13640000,0.13910000,0.13290000,0.13610000,10428307.00000000,1418019.34920000
1726070400000,0.13610000,0.13850000,0.13580000,0.13750000,6830724.00000000,937030.58990000
1726084800000,0.13760000,0.13810000,0.13700000,0.13740000,2319496.00000000,318887.72820000
1726099200000,0.13750000,0.14200000,0.13720000,0.14140000,5419967.00000000,759409.39990000
1726113600000,0.14140000,0.14230000,0.14010000,0.14080000,3603278.00000000,508694.32200000
1726128000000,0.14070000,0.14190000,0.14030000,0.14090000,2352282.00000000,331762.81980000
1726142400000,0.14100000,0.14250000,0.13840000,0.13880000,6685591.00000000,935787.11800000
1726156800000,0.13880000,0.14350000,0.13860000,0.14330000,4813748.00000000,683245.03830000
1726171200000,0.14340000,0.14410000,0.14200000,0.14400000,3533202.00000000,505456.70880000
1726185600000,0.14400000,0.14570000,0.14400000,0.14410000,3681770.00000000,533371.60530000
1726200000000,0.14410000,0.14500000,0.14350000,0.14490000,2827851.00000000,407852.61840000
1726214400000,0.14480000,0.14650000,0.14450000,0.14470000,4456572.00000000,648779.72490000
1726228800000,0.14460000,0.15000000,0.14290000,0.14920000,9412918.00000000,1376470.27470000
1726243200000,0.14920000,0.14990000,0.14640000,0.14770000,7314983.00000000,1085351.19960000
1726257600000,0.14780000,0.15060000,0.14750000,0.15020000,4788799.00000000,713807.72470000
1726272000000,0.15030000,0.15150000,0.14890000,0.15120000,3410535.00000000,513646.74200000
1726286400000,0.15120000,0.15210000,0.14900000,0.14930000,4073909.00000000,611933.74080000
1726300800000,0.14920000,0.15060000,0.14820000,0.14870000,3962989.00000000,591319.97120000
1726315200000,0.14880000,0.15060000,0.14850000,0.14990000,2762549.00000000,413715.94420000
1726329600000,0.14980000,0.15040000,0.14740000,0.14840000,3628700.00000000,539271.66780000
1726344000000,0.14840000,0.14960000,0.14820000,0.14940000,2037426.00000000,303292.92950000
1726358400000,0.14940000,0.15040000,0.14860000,0.14880000,2654548.00000000,395812.35860000
1726372800000,0.14890000,0.14970000,0.14810000,0.14930000,2101578.00000000,312707.55300000
1726387200000,0.14920000,0.14930000,0.14640000,0.14740000,2772145.00000000,409344.91020000
1726401600000,0.14730000,0.14870000,0.14680000,0.14800000,2331959.00000000,344610.06170000
1726416000000,0.14810000,0.14820000,0.14530000,0.14580000,4605085.00000000,673943.05960000
1726430400000,0.14580000,0.14600000,0.14110000,0.14260000,4554209.00000000,653613.92500000
1726444800000,0.14250000,0.14270000,0.13850000,0.14090000,4253580.00000000,597889.16870000
1726459200000,0.14090000,0.14260000,0.14000000,0.14230000,2756738.00000000,389276.35730000
1726473600000,0.14240000,0.14370000,0.13970000,0.14070000,3668543.00000000,517908.24560000
1726488000000,0.14060000,0.14080000,0.13690000,0.13890000,5052609.00000000,702158.14430000
1726502400000,0.13890000,0.14000000,0.13760000,0.13850000,4931482.00000000,683303.35820000
1726516800000,0.13840000,0.13900000,0.13690000,0.13840000,1709241.00000000,235693.63940000
1726531200000,0.13830000,0.13910000,0.13680000,0.13880000,2107680.00000000,291222.79820000
1726545600000,0.13880000,0.14290000,0.13840000,0.14160000,5233532.00000000,738367.30260000
1726560000000,0.14170000,0.14230000,0.13990000,0.14100000,3789532.00000000,534777.12270000
1726574400000,0.14090000,0.14460000,0.14000000,0.14340000,9178734.00000000,1310785.76110000
1726588800000,0.14350000,0.14390000,0.13980000,0.14100000,5770275.00000000,819474.77280000
1726603200000,0.14100000,0.14280000,0.14040000,0.14190000,3369896.00000000,478055.89800000
1726617600000,0.14180000,0.14360000,0.14010000,0.14230000,2640819.00000000,374433.03040000
1726632000000,0.14240000,0.14250000,0.14000000,0.14060000,2695138.00000000,379498.65330000
1726646400000,0.14050000,0.14070000,0.13500000,0.13700000,11269160.00000000,1543767.13690000
1726660800000,0.13690000,0.13800000,0.13480000,0.13510000,5213525.00000000,710002.33530000
1726675200000,0.13500000,0.14320000,0.13440000,0.14010000,13038043.00000000,1822737.66950000
1726689600000,0.14010000,0.14730000,0.13860000,0.14710000,6115849.00000000,873991.54500000
1726704000000,0.14710000,0.15130000,0.14710000,0.15000000,6903302.00000000,1031425.76400000
1726718400000,0.15010000,0.15170000,0.14930000,0.15160000,5202414.00000000,781736.26040000
1726732800000,0.15150000,0.15550000,0.14950000,0.15540000,10249988.00000000,1560135.62770000
1726747200000,0.15530000,0.15660000,0.15330000,0.15610000,11274381.00000000,1748161.16470000
1726761600000,0.15610000,0.15840000,0.15400000,0.15440000,9009211.00000000,1410215.26330000
1726776000000,0.15440000,0.15530000,0.15200000,0.15390000,6902112.00000000,1060338.91300000
1726790400000,0.15390000,0.15670000,0.15050000,0.15670000,7845659.00000000,1199366.59510000
1726804800000,0.15660000,0.16360000,0.15620000,0.16300000,17755419.00000000,2846517.34620000
1726819200000,0.16280000,0.16300000,0.15780000,0.15920000,11560309.00000000,1860016.75800000
1726833600000,0.15910000,0.16140000,0.15750000,0.15950000,9301813.00000000,1482332.64490000
1726848000000,0.15960000,0.16000000,0.15620000,0.15780000,3536113.00000000,558749.12700000
1726862400000,0.15780000,0.16190000,0.15780000,0.16110000,4045874.00000000,647874.50330000
1726876800000,0.16100000,0.16590000,0.16050000,0.16180000,9484838.00000000,1547562.98850000
1726891200000,0.16180000,0.16380000,0.15960000,0.16370000,4955851.00000000,800971.20670000
1726905600000,0.16360000,0.16600000,0.16200000,0.16380000,5444738.00000000,892838.68200000
1726920000000,0.16380000,0.16680000,0.16320000,0.16420000,4558825.00000000,752513.52520000
1726934400000,0.16420000,0.16560000,0.16390000,0.16450000,2845884.00000000,468434.85850000
1726948800000,0.16450000,0.16710000,0.16270000,0.16630000,3725735.00000000,613464.08260000
1726963200000,0.16620000,0.16630000,0.16080000,0.16230000,5315962.00000000,870379.93310000
1726977600000,0.16230000,0.16300000,0.15960000,0.16080000,3770200.00000000,605852.15720000
1726992000000,0.16090000,0.16240000,0.15830000,0.15990000,4219072.00000000,676387.33450000
1727006400000,0.15980000,0.16010000,0.15700000,0.15800000,3874538.00000000,613299.88030000
1727020800000,0.15790000,0.16050000,0.15660000,0.15990000,3476047.00000000,551226.99940000
1727035200000,0.16010000,0.16170000,0.15490000,0.16040000,7259678.00000000,1152458.80020000
1727049600000,0.16040000,0.17290000,0.15610000,0.17100000,21161985.00000000,3529678.11000000
1727064000000,0.17100000,0.17810000,0.16900000,0.17300000,23419541.00000000,4083954.03960000
1727078400000,0.17300000,0.17630000,0.17160000,0.17420000,10203839.00000000,1771093.12510000
1727092800000,0.17440000,0.17940000,0.17170000,0.17690000,15951478.00000000,2798191.96260000
1727107200000,0.17680000,0.17780000,0.17290000,0.17320000,7355089.00000000,1284787.90980000
1727121600000,0.17330000,0.17520000,0.17210000,0.17470000,6200472.00000000,1077407.92100000
1727136000000,0.17470000,0.17500000,0.16990000,0.17240000,7951678.00000000,1368829.66340000
1727150400000,0.17240000,0.17620000,0.17000000,0.17590000,7899879.00000000,1372501.50940000
1727164800000,0.17580000,0.17890000,0.17520000,0.17840000,11296024.00000000,2000530.10740000
1727179200000,0.17840000,0.18560000,0.17640000,0.17900000,26391059.00000000,4772951.39840000
1727193600000,0.17910000,0.18470000,0.17770000,0.18450000,11216620.00000000,2028474.71760000
1727208000000,0.18450000,0.18780000,0.18310000,0.18730000,10381733.00000000,1922673.25170000
1727222400000,0.18740000,0.19050000,0.18540000,0.18610000,12406228.00000000,2332920.59430000
1727236800000,0.18600000,0.18610000,0.18030000,0.18190000,7697391.00000000,1409537.01940000
1727251200000,0.18180000,0.18270000,0.18050000,0.18250000,5107183.00000000,927419.11890000
1727265600000,0.18240000,0.18460000,0.17960000,0.18180000,8599628.00000000,1565110.15770000
1727280000000,0.18180000,0.18370000,0.17940000,0.17960000,7728707.00000000,1402310.47830000
1727294400000,0.17970000,0.18190000,0.17730000,0.17890000,5508074.00000000,988014.36040000
1727308800000,0.17890000,0.18060000,0.17460000,0.17860000,8163341.00000000,1448256.76680000
1727323200000,0.17860000,0.18710000,0.17710000,0.18580000,11569202.00000000,2119214.87870000
1727337600000,0.18580000,0.18810000,0.18330000,0.18610000,9666956.00000000,1796857.90120000
1727352000000,0.18630000,0.18990000,0.18460000,0.18870000,15671308.00000000,2934875.27770000
1727366400000,0.18870000,0.19100000,0.18580000,0.18590000,9718611.00000000,1831468.36480000
1727380800000,0.18590000,0.18770000,0.18340000,0.18700000,5586418.00000000,1037271.42250000
1727395200000,0.18700000,0.18740000,0.18290000,0.18690000,9377265.00000000,1740831.95100000
1727409600000,0.18690000,0.19060000,0.18550000,0.18780000,8704711.00000000,1636642.24680000
1727424000000,0.18770000,0.19080000,0.18590000,0.18710000,7235807.00000000,1361363.00360000
1727438400000,0.18710000,0.19320000,0.18570000,0.19030000,10962401.00000000,2081964.81490000
1727452800000,0.19030000,0.19410000,0.18840000,0.18870000,7034871.00000000,1342652.01430000
1727467200000,0.18870000,0.19050000,0.18750000,0.18850000,3573996.00000000,674673.99160000
1727481600000,0.18850000,0.19040000,0.18720000,0.18890000,4051226.00000000,764953.86160000
1727496000000,0.18890000,0.19050000,0.18460000,0.18460000,5134318.00000000,961364.84230000
1727510400000,0.18450000,0.18610000,0.18140000,0.18470000,7575878.00000000,1394512.72710000
1727524800000,0.18460000,0.18590000,0.18150000,0.18470000,4431211.00000000,813661.62240000
1727539200000,0.18460000,0.18860000,0.18320000,0.18820000,3170846.00000000,590963.43050000
1727553600000,0.18840000,0.18860000,0.18310000,0.18660000,3335806.00000000,619599.48930000
1727568000000,0.18660000,0.18830000,0.18480000,0.18770000,3231161.00000000,604078.53870000
1727582400000,0.18770000,0.18790000,0.18070000,0.18140000,4668461.00000000,858886.99130000
1727596800000,0.18140000,0.18450000,0.18130000,0.18300000,3378654.00000000,618238.83070000
1727611200000,0.18320000,0.18530000,0.17990000,0.18520000,5651284.00000000,1032962.79080000
1727625600000,0.18530000,0.19140000,0.18390000,0.19130000,7786218.00000000,1469072.56770000
1727640000000,0.19140000,0.19400000,0.18750000,0.18840000,6563323.00000000,1251830.73590000
1727654400000,0.18850000,0.19070000,0.18190000,0.18540000,7628395.00000000,1423727.73620000
1727668800000,0.18550000,0.19140000,0.18300000,0.18970000,5681048.00000000,1069436.28530000
1727683200000,0.18970000,0.18990000,0.18110000,0.18430000,10303784.00000000,1898564.54050000
1727697600000,0.18440000,0.18520000,0.17850000,0.17870000,6669060.00000000,1217867.39890000
1727712000000,0.17880000,0.18020000,0.17700000,0.17930000,5408202.00000000,967888.16570000
1727726400000,0.17940000,0.18160000,0.17360000,0.17540000,6583305.00000000,1166711.56860000
1727740800000,0.17540000,0.17920000,0.17390000,0.17910000,8254138.00000000,1460302.24300000
1727755200000,0.17920000,0.18010000,0.17600000,0.17910000,13208173.00000000,2355191.89210000
1727769600000,0.17910000,0.18160000,0.17820000,0.17930000,5637635.00000000,1014653.38020000
1727784000000,0.17930000,0.18010000,0.16150000,0.16620000,23755944.00000000,4022796.22780000
1727798400000,0.16630000,0.16720000,0.15390000,0.16020000,25503218.00000000,4093691.49830000
1727812800000,0.16020000,0.16140000,0.15690000,0.15940000,10966182.00000000,1747679.14260000
1727827200000,0.15930000,0.16290000,0.15810000,0.16210000,15120997.00000000,2426976.20860000
1727841600000,0.16200000,0.16410000,0.15910000,0.16280000,7420664.00000000,1195977.93980000
1727856000000,0.16270000,0.16390000,0.15620000,0.15800000,11303782.00000000,1804342.62680000
1727870400000,0.15800000,0.16050000,0.15500000,0.15940000,11767670.00000000,1859418.89300000
1727884800000,0.15940000,0.16270000,0.15030000,0.15230000,16934445.00000000,2635625.19160000
1727899200000,0.15230000,0.15500000,0.15070000,0.15360000,11169064.00000000,1705494.75660000
1727913600000,0.15360000,0.15730000,0.15180000,0.15730000,5732775.00000000,887876.19670000
1727928000000,0.15720000,0.15850000,0.15510000,0.15510000,5481518.00000000,859628.83910000
1727942400000,0.15500000,0.15540000,0.15000000,0.15310000,7800900.00000000,1194482.81600000
1727956800000,0.15320000,0.15510000,0.14790000,0.15140000,9795517.00000000,1481302.05990000
1727971200000,0.15130000,0.15210000,0.14770000,0.15210000,7567419.00000000,1136240.63520000
1727985600000,0.15210000,0.15510000,0.14990000,0.15410000,7490185.00000000,1143803.26060000
1728000000000,0.15420000,0.15610000,0.15140000,0.15290000,7419342.00000000,1141034.13340000
1728014400000,0.15300000,0.15560000,0.15290000,0.15540000,2946130.00000000,456310.66570000
1728028800000,0.15530000,0.15740000,0.15420000,0.15650000,5087005.00000000,793308.54880000
1728043200000,0.15640000,0.15920000,0.15390000,0.15910000,11051128.00000000,1733660.97580000
1728057600000,0.15910000,0.16120000,0.15750000,0.15880000,8025675.00000000,1276416.96540000
1728072000000,0.15880000,0.15980000,0.15800000,0.15970000,4033770.00000000,640288.23290000
1728086400000,0.15980000,0.16060000,0.15600000,0.15660000,3435496.00000000,546305.31690000
1728100800000,0.15670000,0.16110000,0.15630000,0.16010000,3182886.00000000,507815.03520000
1728115200000,0.16010000,0.16250000,0.15940000,0.16140000,3795932.00000000,611510.51550000
1728129600000,0.16150000,0.16230000,0.15830000,0.15970000,4725799.00000000,755254.68160000
1728144000000,0.15960000,0.15960000,0.15580000,0.15600000,4411191.00000000,694117.19720000
1728158400000,0.15600000,0.15840000,0.15430000,0.15800000,3069012.00000000,480415.63300000
1728172800000,0.15810000,0.15960000,0.15700000,0.15710000,1859791.00000000,294433.25950000
1728187200000,0.15710000,0.15950000,0.15600000,0.15860000,2200467.00000000,347467.79780000
1728201600000,0.15870000,0.16130000,0.15820000,0.16060000,2953557.00000000,471563.00140000
1728216000000,0.16070000,0.16440000,0.16010000,0.16420000,6363382.00000000,1033525.58010000
1728230400000,0.16430000,0.16560000,0.16200000,0.16230000,7460354.00000000,1217257.08630000
1728244800000,0.16230000,0.16470000,0.16090000,0.16430000,3054171.00000000,496840.06050000
1728259200000,0.16440000,0.17370000,0.16310000,0.17310000,11385990.00000000,1935188.47580000
1728273600000,0.17320000,0.17360000,0.16960000,0.17140000,9204484.00000000,1577849.86920000
1728288000000,0.17140000,0.17150000,0.16570000,0.16850000,7700791.00000000,1293469.22920000
1728302400000,0.16840000,0.17550000,0.16690000,0.17310000,12197582.00000000,2098232.26680000
1728316800000,0.17310000,0.17460000,0.16670000,0.16920000,9007648.00000000,1534556.33750000
1728331200000,0.16920000,0.17020000,0.16390000,0.16440000,6996568.00000000,1167412.67140000
1728345600000,0.16450000,0.16760000,0.16450000,0.16730000,5406497.00000000,897027.42060000
1728360000000,0.16740000,0.16840000,0.16160000,0.16410000,5796141.00000000,951346.93060000
1728374400000,0.16400000,0.16500000,0.16220000,0.16460000,4971764.00000000,811344.88430000
1728388800000,0.16470000,0.16550000,0.15930000,0.16080000,8653589.00000000,1406677.56950000
1728403200000,0.16070000,0.16270000,0.15910000,0.16100000,5818291.00000000,934847.95580000
1728417600000,0.16110000,0.16190000,0.15770000,0.15910000,3613867.00000000,578240.55080000
1728432000000,0.15900000,0.16070000,0.15740000,0.15910000,5332391.00000000,847127.32300000
1728446400000,0.15900000,0.16060000,0.15760000,0.15860000,3013902.00000000,480008.73910000
1728460800000,0.15850000,0.16040000,0.15780000,0.16020000,3678147.00000000,584717.38410000
1728475200000,0.16020000,0.16060000,0.15510000,0.15910000,9233393.00000000,1452684.70580000
1728489600000,0.15910000,0.15930000,0.15480000,0.15620000,7091370.00000000,1108584.06240000
1728504000000,0.15620000,0.15640000,0.15350000,0.15540000,5129276.00000000,795498.95510000
1728518400000,0.15530000,0.15710000,0.15400000,0.15640000,2964436.00000000,461711.28990000
1728532800000,0.15640000,0.15880000,0.15580000,0.15620000,3423529.00000000,538293.54770000
1728547200000,0.15620000,0.15690000,0.15340000,0.15650000,3755655.00000000,584795.71210000
1728561600000,0.15640000,0.15700000,0.15140000,0.15330000,7952846.00000000,1223975.54770000
1728576000000,0.15330000,0.15460000,0.14850000,0.15190000,10473446.00000000,1579233.96250000
1728590400000,0.15190000,0.15440000,0.15150000,0.15420000,4079638.00000000,624104.60170000
1728604800000,0.15420000,0.15580000,0.15310000,0.15510000,2338774.00000000,361520.75280000
1728619200000,0.15520000,0.15690000,0.15380000,0.15620000,4625668.00000000,718556.22090000
1728633600000,0.15610000,0.15910000,0.15610000,0.15840000,4282371.00000000,676803.32990000
1728648000000,0.15850000,0.16210000,0.15790000,0.16130000,8540373.00000000,1366557.69190000
1728662400000,0.16130000,0.16450000,0.16020000,0.16290000,8258016.00000000,1338690.57650000
1728676800000,0.16280000,0.16420000,0.16180000,0.16270000,4951593.00000000,807662.34660000
1728691200000,0.16280000,0.16410000,0.16070000,0.16150000,3227040.00000000,524310.45360000
1728705600000,0.16160000,0.16480000,0.16160000,0.16460000,5511451.00000000,900026.04180000
1728720000000,0.16440000,0.16650000,0.16360000,0.16480000,5227952.00000000,862256.43230000
1728734400000,0.16480000,0.16910000,0.16370000,0.16700000,6408270.00000000,1068828.94890000
1728748800000,0.16710000,0.16840000,0.16510000,0.16550000,4589055.00000000,764272.76130000
1728763200000,0.16550000,0.16750000,0.16550000,0.16650000,1888323.00000000,314593.79860000
1728777600000,0.16640000,0.16700000,0.16230000,0.16250000,6829097.00000000,1121347.98790000
1728792000000,0.16250000,0.16540000,0.16250000,0.16370000,4303154.00000000,705209.87700000
1728806400000,0.16370000,0.16450000,0.16070000,0.16090000,4094324.00000000,665697.02020000
1728820800000,0.16080000,0.16270000,0.15810000,0.15880000,4969464.00000000,798201.39350000
1728835200000,0.15880000,0.16140000,0.15820000,0.16070000,4262454.00000000,680542.68780000
1728849600000,0.16070000,0.16780000,0.16030000,0.16590000,8030479.00000000,1319647.65000000
1728864000000,0.16600000,0.17490000,0.16290000,0.17470000,11033153.00000000,1858010.51220000
1728878400000,0.17470000,0.17840000,0.17240000,0.17650000,24293652.00000000,4276707.89970000
1728892800000,0.17640000,0.17850000,0.17500000,0.17570000,12700404.00000000,2244521.32680000
1728907200000,0.17570000,0.17780000,0.17400000,0.17660000,12048824.00000000,2117998.27690000
1728921600000,0.17650000,0.17790000,0.17410000,0.17690000,12676017.00000000,2233481.12520000
1728936000000,0.17690000,0.17890000,0.17530000,0.17780000,8036908.00000000,1425174.42660000
1728950400000,0.17780000,0.17980000,0.17490000,0.17540000,10780526.00000000,1913382.02450000
1728964800000,0.17540000,0.17880000,0.17430000,0.17740000,8427841.00000000,1488317.70000000
1728979200000,0.17750000,0.17810000,0.17100000,0.17180000,10808788.00000000,1893183.40260000
1728993600000,0.17180000,0.17990000,0.16790000,0.17220000,27183054.00000000,4716405.57890000
1729008000000,0.17220000,0.17620000,0.17110000,0.17180000,10157633.00000000,1762669.86820000
1729022400000,0.17180000,0.17390000,0.16910000,0.17380000,5905431.00000000,1009244.86210000
1729036800000,0.17380000,0.17470000,0.17110000,0.17290000,4855506.00000000,841302.59200000
1729051200000,0.17280000,0.17410000,0.17000000,0.17040000,6957480.00000000,1196993.29310000
1729065600000,0.17030000,0.17560000,0.16980000,0.17370000,9592314.00000000,1656150.61980000
1729080000000,0.17360000,0.17440000,0.16900000,0.17010000,9614914.00000000,1646899.73490000
1729094400000,0.17020000,0.17100000,0.16810000,0.16880000,6647254.00000000,1126237.80800000
1729108800000,0.16880000,0.16970000,0.16750000,0.16770000,9609010.00000000,1620908.55400000
1729123200000,0.16770000,0.17000000,0.16710000,0.16840000,7234529.00000000,1218944.70750000
1729137600000,0.16850000,0.16880000,0.16450000,0.16600000,5998089.00000000,997127.51680000
1729152000000,0.16590000,0.16700000,0.16300000,0.16330000,5748221.00000000,946854.15500000
1729166400000,0.16340000,0.16710000,0.16300000,0.16570000,6707461.00000000,1105569.55660000
1729180800000,0.16580000,0.16580000,0.16170000,0.16360000,5781863.00000000,947893.06100000
1729195200000,0.16350000,0.16460000,0.16330000,0.16390000,3990822.00000000,654198.49770000
1729209600000,0.16390000,0.16640000,0.16250000,0.16450000,5751878.00000000,948056.76880000
1729224000000,0.16460000,0.16650000,0.16450000,0.16570000,3119133.00000000,516871.91440000
1729238400000,0.16570000,0.16650000,0.16430000,0.16440000,5458772.00000000,902582.65370000
1729252800000,0.16440000,0.16670000,0.16270000,0.16650000,8756383.00000000,1446095.95670000
1729267200000,0.16650000,0.16890000,0.16510000,0.16750000,6733123.00000000,1125797.17780000
1729281600000,0.16750000,0.16920000,0.16660000,0.16920000,2884524.00000000,484011.99330000
1729296000000,0.16930000,0.17230000,0.16890000,0.17040000,4635462.00000000,789857.09230000
1729310400000,0.17050000,0.17160000,0.16920000,0.16970000,2632385.00000000,448200.20420000
1729324800000,0.16980000,0.17050000,0.16670000,0.16670000,4448643.00000000,750026.75170000
1729339200000,0.16680000,0.16900000,0.16680000,0.16790000,1884210.00000000,316432.20330000
1729353600000,0.16790000,0.16790000,0.16570000,0.16600000,3880688.00000000,646425.17960000
1729368000000,0.16590000,0.16750000,0.16590000,0.16710000,2059923.00000000,343449.80900000
1729382400000,0.16710000,0.16800000,0.16460000,0.16560000,2743498.00000000,454637.38700000
1729396800000,0.16550000,0.16720000,0.16520000,0.16670000,2944021.00000000,489136.13290000
1729411200000,0.16660000,0.17120000,0.16650000,0.17110000,7778562.00000000,1313988.60900000
1729425600000,0.17110000,0.17640000,0.16950000,0.17580000,21431419.00000000,3722614.74230000
1729440000000,0.17590000,0.17700000,0.17380000,0.17430000,7142526.00000000,1251675.49110000
1729454400000,0.17430000,0.17970000,0.17420000,0.17920000,9972638.00000000,1767406.46290000
1729468800000,0.17920000,0.18000000,0.17510000,0.17590000,7258010.00000000,1294567.34860000
1729483200000,0.17580000,0.17730000,0.17440000,0.17460000,4237484.00000000,745554.00840000
1729497600000,0.17460000,0.17580000,0.17120000,0.17250000,14889515.00000000,2574933.19140000
1729512000000,0.17260000,0.17350000,0.16860000,0.17070000,8838587.00000000,1511657.14340000
1729526400000,0.17050000,0.17160000,0.16820000,0.17080000,7947909.00000000,1350391.88570000
1729540800000,0.17070000,0.17200000,0.16930000,0.16940000,3030623.00000000,517380.80350000
1729555200000,0.16930000,0.17230000,0.16680000,0.17120000,9490647.00000000,1609073.14380000
1729569600000,0.17110000,0.17290000,0.17010000,0.17030000,3479467.00000000,597263.50960000
1729584000000,0.17020000,0.17030000,0.16600000,0.16830000,9059380.00000000,1520058.92630000
1729598400000,0.16820000,0.16910000,0.16540000,0.16800000,8249240.00000000,1380927.55200000
1729612800000,0.16790000,0.16790000,0.16580000,0.16710000,4681819.00000000,781541.44060000
1729627200000,0.16700000,0.16860000,0.16650000,0.16750000,2755086.00000000,461467.47050000
1729641600000,0.16760000,0.16800000,0.16460000,0.16550000,2024766.00000000,336568.73920000
1729656000000,0.16550000,0.16590000,0.16340000,0.16370000,2890030.00000000,476172.47740000
1729670400000,0.16380000,0.16500000,0.16090000,0.16130000,5508791.00000000,894957.48910000
1729684800000,0.16120000,0.16270000,0.15880000,0.16070000,9565543.00000000,1537520.80720000
1729699200000,0.16070000,0.16090000,0.15640000,0.16010000,7442978.00000000,1182656.88240000
1729713600000,0.16010000,0.16130000,0.15950000,0.16110000,5075519.00000000,813678.10360000
1729728000000,0.16110000,0.16420000,0.16010000,0.16330000,3444588.00000000,560306.63840000
1729742400000,0.16330000,0.16480000,0.16180000,0.16200000,3920391.00000000,640995.01940000
1729756800000,0.16200000,0.16290000,0.15930000,0.16260000,4623981.00000000,746115.33860000
1729771200000,0.16270000,0.16380000,0.16180000,0.16280000,4458567.00000000,726033.20470000
1729785600000,0.16290000,0.16410000,0.16200000,0.16380000,3241849.00000000,528513.65660000
1729800000000,0.16370000,0.16530000,0.16280000,0.16390000,4146526.00000000,681548.36830000
1729814400000,0.16390000,0.16470000,0.16160000,0.16190000,1909310.00000000,311106.85340000
1729828800000,0.16200000,0.16210000,0.15840000,0.15980000,5169373.00000000,825435.65850000
1729843200000,0.15980000,0.16270000,0.15870000,0.16260000,2747681.00000000,443051.70200000
1729857600000,0.16260000,0.16430000,0.16060000,0.16140000,4958463.00000000,806310.36230000
1729872000000,0.16150000,0.16260000,0.15590000,0.15880000,9604074.00000000,1531086.00230000
1729886400000,0.15880000,0.16080000,0.14520000,0.15210000,21563746.00000000,3286593.37280000
1729900800000,0.15200000,0.15400000,0.14970000,0.15360000,8032782.00000000,1217730.75290000
1729915200000,0.15360000,0.15430000,0.15290000,0.15310000,4296825.00000000,659428.74990000
1729929600000,0.15320000,0.15430000,0.15230000,0.15300000,3509397.00000000,537597.11160000
1729944000000,0.15290000,0.15300000,0.14770000,0.14890000,8981774.00000000,1343730.74970000
1729958400000,0.14900000,0.15160000,0.14840000,0.15130000,3503637.00000000,526799.51640000
1729972800000,0.15140000,0.15320000,0.15120000,0.15210000,2802821.00000000,426632.93920000
1729987200000,0.15210000,0.15230000,0.15040000,0.15220000,4725197.00000000,714679.84010000
1730001600000,0.15230000,0.15260000,0.15130000,0.15140000,1323110.00000000,200930.21420000
1730016000000,0.15140000,0.15300000,0.15050000,0.15190000,6742052.00000000,1023426.79220000
1730030400000,0.15190000,0.15490000,0.15190000,0.15450000,4340129.00000000,667633.80410000
1730044800000,0.15460000,0.15550000,0.15360000,0.15420000,2675938.00000000,413553.56430000
1730059200000,0.15430000,0.15670000,0.15390000,0.15530000,2687761.00000000,417743.06430000
1730073600000,0.15530000,0.15570000,0.15050000,0.15090000,3871678.00000000,592910.75190000
1730088000000,0.15080000,0.15500000,0.14960000,0.15410000,4712284.00000000,715148.44160000
1730102400000,0.15410000,0.15500000,0.15270000,0.15320000,3301881.00000000,507764.51780000
1730116800000,0.15320000,0.15390000,0.14950000,0.14950000,6123261.00000000,932060.09130000
1730131200000,0.14940000,0.15270000,0.14810000,0.15170000,7662752.00000000,1153971.00420000
1730145600000,0.15170000,0.15740000,0.15150000,0.15620000,8115526.00000000,1259394.67500000
1730160000000,0.15630000,0.15960000,0.15520000,0.15900000,5348098.00000000,841205.80320000
1730174400000,0.15910000,0.15950000,0.15660000,0.15730000,4122172.00000000,651209.57360000
1730188800000,0.15730000,0.16090000,0.15730000,0.15970000,9695207.00000000,1547470.30660000
1730203200000,0.15970000,0.16040000,0.15690000,0.15870000,17087375.00000000,2706535.04100000
1730217600000,0.15870000,0.16140000,0.15790000,0.15830000,14558986.00000000,2329524.99340000
1730232000000,0.15830000,0.16070000,0.15680000,0.16050000,5699165.00000000,904863.08920000
1730246400000,0.16060000,0.16070000,0.15790000,0.16000000,4274859.00000000,682107.53970000
1730260800000,0.15990000,0.16120000,0.15850000,0.15880000,4075451.00000000,651176.30500000
1730275200000,0.15890000,0.15980000,0.15610000,0.15630000,5693565.00000000,899737.73730000
1730289600000,0.15630000,0.16010000,0.15550000,0.15710000,8615070.00000000,1356445.71230000
1730304000000,0.15700000,0.15850000,0.15640000,0.15710000,3548242.00000000,557969.44320000
1730318400000,0.15710000,0.15940000,0.15610000,0.15700000,5542196.00000000,874647.41900000
1730332800000,0.15700000,0.15760000,0.15430000,0.15510000,3844861.00000000,599037.50570000
1730347200000,0.15510000,0.15510000,0.15270000,0.15380000,5218997.00000000,803697.64410000
1730361600000,0.15380000,0.15420000,0.15210000,0.15290000,4107611.00000000,628347.63190000
1730376000000,0.15290000,0.15320000,0.14890000,0.14940000,13347723.00000000,2008936.59310000
1730390400000,0.14930000,0.14980000,0.14620000,0.14630000,8953638.00000000,1323761.07070000
1730404800000,0.14630000,0.14810000,0.14580000,0.14720000,4653740.00000000,685213.08740000
1730419200000,0.14710000,0.14770000,0.14350000,0.14630000,5107997.00000000,744283.72400000
1730433600000,0.14630000,0.14750000,0.14350000,0.14450000,3893230.00000000,566937.73620000
1730448000000,0.14460000,0.14860000,0.14430000,0.14820000,5097848.00000000,748513.45170000
1730462400000,0.14820000,0.15270000,0.14510000,0.14670000,10524940.00000000,1574115.48000000
1730476800000,0.14670000,0.15000000,0.14640000,0.14730000,9388980.00000000,1392503.29460000
1730491200000,0.14730000,0.14800000,0.14320000,0.14520000,5643164.00000000,820590.01420000
1730505600000,0.14520000,0.14700000,0.14510000,0.14530000,1593711.00000000,232800.15060000
1730520000000,0.14530000,0.14640000,0.14440000,0.14630000,3776073.00000000,549638.31150000
1730534400000,0.14620000,0.14660000,0.14430000,0.14460000,3571995.00000000,518110.44870000
1730548800000,0.14460000,0.14490000,0.14140000,0.14290000,6586230.00000000,941194.03910000
1730563200000,0.14290000,0.14420000,0.14150000,0.14280000,4063638.00000000,579606.33780000
1730577600000,0.14290000,0.14390000,0.14190000,0.14320000,3371082.00000000,482334.39740000
1730592000000,0.14330000,0.14420000,0.13770000,0.13960000,8785026.00000000,1230961.93330000
1730606400000,0.13960000,0.14190000,0.13960000,0.14040000,2778858.00000000,390283.86890000
1730620800000,0.14030000,0.14040000,0.13660000,0.13670000,6884844.00000000,953005.51910000
1730635200000,0.13680000,0.13760000,0.13170000,0.13490000,15506925.00000000,2079934.98220000
1730649600000,0.13490000,0.13630000,0.13160000,0.13510000,9028392.00000000,1211884.06370000
1730664000000,0.13510000,0.13790000,0.13450000,0.13650000,6206241.00000000,847141.70700000
1730678400000,0.13650000,0.13980000,0.13470000,0.13790000,5608699.00000000,767694.81060000
1730692800000,0.13780000,0.13850000,0.13510000,0.13520000,2896248.00000000,395654.65940000
1730707200000,0.13530000,0.13720000,0.13480000,0.13630000,6101210.00000000,831059.63180000
1730721600000,0.13630000,0.13760000,0.13350000,0.13390000,7169479.00000000,970339.34030000
1730736000000,0.13400000,0.13400000,0.13120000,0.13190000,6731147.00000000,889842.19030000
1730750400000,0.13180000,0.13240000,0.12850000,0.13090000,11212862.00000000,1465700.94880000
1730764800000,0.13090000,0.13300000,0.13060000,0.13300000,4682571.00000000,618931.26320000
1730779200000,0.13290000,0.13510000,0.13290000,0.13490000,3222631.00000000,432052.37320000
1730793600000,0.13490000,0.13610000,0.13420000,0.13580000,4361914.00000000,589442.18190000
1730808000000,0.13580000,0.14140000,0.13500000,0.13800000,16314705.00000000,2260819.83740000
1730822400000,0.13790000,0.14080000,0.13660000,0.13730000,9649722.00000000,1340935.94880000
1730836800000,0.13730000,0.13980000,0.13670000,0.13870000,5351724.00000000,741701.35850000
1730851200000,0.13880000,0.14990000,0.13870000,0.14850000,23560648.00000000,3426564.43250000
1730865600000,0.14850000,0.15140000,0.14720000,0.14890000,20785207.00000000,3105440.23940000
1730880000000,0.14890000,0.15050000,0.14560000,0.15010000,12445982.00000000,1845819.73570000
1730894400000,0.15000000,0.15080000,0.14780000,0.14950000,9383652.00000000,1402976.10750000
1730908800000,0.14940000,0.15150000,0.14900000,0.15130000,8428977.00000000,1266955.61100000
1730923200000,0.15130000,0.15500000,0.15090000,0.15410000,8713594.00000000,1331636.37440000
1730937600000,0.15410000,0.15890000,0.15270000,0.15740000,12706582.00000000,1992270.21190000
1730952000000,0.15740000,0.15770000,0.15310000,0.15430000,8979878.00000000,1394581.82240000
1730966400000,0.15420000,0.15570000,0.15250000,0.15260000,5358352.00000000,826277.76410000
1730980800000,0.15270000,0.15700000,0.15160000,0.15700000,9579821.00000000,1472540.44220000
1730995200000,0.15700000,0.15780000,0.15520000,0.15700000,9401051.00000000,1472123.35510000
1731009600000,0.15700000,0.16020000,0.15530000,0.15700000,11663189.00000000,1841212.91120000
1731024000000,0.15710000,0.16000000,0.15410000,0.15540000,13105293.00000000,2063735.58910000
1731038400000,0.15540000,0.15680000,0.15380000,0.15550000,7747060.00000000,1205552.62210000
1731052800000,0.15550000,0.15620000,0.15290000,0.15470000,9442995.00000000,1459144.62650000
1731067200000,0.15470000,0.15780000,0.15450000,0.15610000,13680918.00000000,2134919.55210000
1731081600000,0.15610000,0.15800000,0.15240000,0.15720000,13929005.00000000,2166475.03710000
1731096000000,0.15720000,0.16390000,0.15480000,0.16350000,17526365.00000000,2803064.15880000
1731110400000,0.16350000,0.16390000,0.15790000,0.15800000,14604430.00000000,2341700.70680000
1731124800000,0.15810000,0.16630000,0.15810000,0.16570000,15204895.00000000,2486145.69470000
1731139200000,0.16560000,0.17100000,0.16490000,0.16910000,18943553.00000000,3182475.73080000
1731153600000,0.16920000,0.16940000,0.16360000,0.16550000,21418722.00000000,3549154.92010000
1731168000000,0.16540000,0.16620000,0.16210000,0.16500000,11849295.00000000,1953910.22240000
1731182400000,0.16490000,0.17360000,0.16420000,0.17130000,12661222.00000000,2143366.16430000
1731196800000,0.17130000,0.17350000,0.16990000,0.17280000,13239424.00000000,2276758.49960000
1731211200000,0.17280000,0.17690000,0.17220000,0.17660000,17378920.00000000,3043868.22850000
1731225600000,0.17670000,0.17970000,0.17610000,0.17860000,16347299.00000000,2913609.79120000
1731240000000,0.17870000,0.18470000,0.17490000,0.18300000,27547277.00000000,4961728.62620000
1731254400000,0.18310000,0.18530000,0.17640000,0.17820000,19944264.00000000,3618004.42480000
1731268800000,0.17820000,0.17930000,0.16770000,0.17830000,22544090.00000000,3933025.44150000
1731283200000,0.17830000,0.18950000,0.17750000,0.18640000,17295180.00000000,3180794.24020000
1731297600000,0.18640000,0.18900000,0.17720000,0.18160000,17721376.00000000,3228858.50380000
1731312000000,0.18150000,0.18660000,0.18080000,0.18590000,12623684.00000000,2312960.27490000
1731326400000,0.18600000,0.18620000,0.17960000,0.18400000,15466695.00000000,2830216.17450000
1731340800000,0.18400000,0.18990000,0.18320000,0.18670000,25031077.00000000,4678567.46150000
1731355200000,0.18660000,0.20000000,0.18520000,0.19960000,34898920.00000000,6693757.22940000
1731369600000,0.19960000,0.20760000,0.19010000,0.20650000,48248220.00000000,9658947.23640000
1731384000000,0.20640000,0.20760000,0.19830000,0.20440000,26440251.00000000,5377474.77810000
1731398400000,0.20440000,0.21050000,0.18460000,0.19390000,69351158.00000000,13645285.95670000
1731412800000,0.19380000,0.19500000,0.18510000,0.18650000,44316394.00000000,8387015.47470000
1731427200000,0.18650000,0.19150000,0.18200000,0.18950000,26583005.00000000,4978151.32280000
1731441600000,0.18940000,0.19510000,0.18700000,0.19110000,17057396.00000000,3253394.21410000
1731456000000,0.19110000,0.19510000,0.18160000,0.18190000,24428478.00000000,4584168.07730000
1731470400000,0.18180000,0.18410000,0.17310000,0.17720000,25637857.00000000,4552226.57060000
1731484800000,0.17720000,0.17940000,0.17380000,0.17800000,11205075.00000000,1976134.04690000
1731499200000,0.17790000,0.19040000,0.17570000,0.19020000,32742116.00000000,6055010.26690000
1731513600000,0.19020000,0.19280000,0.17790000,0.17830000,27940751.00000000,5185678.70980000
1731528000000,0.17840000,0.18080000,0.17460000,0.18040000,18918108.00000000,3363957.36760000
1731542400000,0.18050000,0.18110000,0.17570000,0.17930000,14244854.00000000,2540841.81050000
1731556800000,0.17930000,0.18780000,0.17850000,0.18450000,11385249.00000000,2087666.56400000
1731571200000,0.18430000,0.18590000,0.17600000,0.17870000,15388115.00000000,2795377.40060000
1731585600000,0.17870000,0.17980000,0.17050000,0.17210000,19937441.00000000,3492027.99130000
1731600000000,0.17220000,0.17820000,0.17070000,0.17580000,11929545.00000000,2087891.87510000
1731614400000,0.17570000,0.17740000,0.16970000,0.17210000,15933598.00000000,2768117.03050000
1731628800000,0.17200000,0.17450000,0.16900000,0.17230000,9848723.00000000,1691445.97060000
1731643200000,0.17220000,0.17310000,0.16660000,0.17060000,7947508.00000000,1350989.54530000
1731657600000,0.17070000,0.17690000,0.16870000,0.17680000,7377768.00000000,1286411.27470000
1731672000000,0.17680000,0.17840000,0.16960000,0.17090000,14414063.00000000,2520999.01740000
1731686400000,0.17090000,0.17890000,0.16990000,0.17740000,10702001.00000000,1871154.10920000
1731700800000,0.17740000,0.18490000,0.17740000,0.18450000,12548262.00000000,2290365.77300000
1731715200000,0.18440000,0.19590000,0.18400000,0.19480000,13971502.00000000,2652452.26680000
1731729600000,0.19500000,0.19530000,0.18880000,0.19360000,18530723.00000000,3551298.67190000
1731744000000,0.19370000,0.20590000,0.19360000,0.20160000,45406249.00000000,9090908.29880000
1731758400000,0.20160000,0.20540000,0.19640000,0.19910000,30345736.00000000,6125268.30470000
1731772800000,0.19910000,0.20960000,0.19700000,0.20800000,26623973.00000000,5439055.45380000
1731787200000,0.20800000,0.20980000,0.20450000,0.20940000,21589181.00000000,4470893.31010000
1731801600000,0.20940000,0.20950000,0.19300000,0.20050000,22120024.00000000,4426689.30890000
1731816000000,0.20050000,0.20340000,0.19840000,0.20100000,13145962.00000000,2644903.02850000
1731830400000,0.20100000,0.20380000,0.19720000,0.19740000,14227841.00000000,2855789.28530000
1731844800000,0.19730000,0.20170000,0.19710000,0.19820000,13808825.00000000,2751784.09540000
1731859200000,0.19810000,0.19930000,0.19150000,0.19350000,10812758.00000000,2114786.54390000
1731873600000,0.19360000,0.19460000,0.18790000,0.19210000,13501424.00000000,2575851.41730000
1731888000000,0.19220000,0.20220000,0.18990000,0.20180000,11233447.00000000,2201113.35770000
1731902400000,0.20180000,0.20420000,0.19700000,0.20400000,12711108.00000000,2559978.50280000
1731916800000,0.20410000,0.20880000,0.20070000,0.20260000,28076827.00000000,5755112.87520000
1731931200000,0.20260000,0.22000000,0.20150000,0.21680000,42280034.00000000,8896388.93170000
1731945600000,0.21680000,0.22310000,0.20860000,0.21290000,35601869.00000000,7719096.03990000
1731960000000,0.21280000,0.21990000,0.21160000,0.21860000,19348957.00000000,4192558.21550000
1731974400000,0.21860000,0.22240000,0.21450000,0.21470000,14137046.00000000,3082471.39630000
1731988800000,0.21480000,0.21550000,0.21200000,0.21300000,12671254.00000000,2710822.08850000
1732003200000,0.21300000,0.22810000,0.20870000,0.22420000,35996769.00000000,7945493.84510000
1732017600000,0.22410000,0.24540000,0.22270000,0.23640000,99745614.00000000,23194838.19430000
1732032000000,0.23650000,0.24750000,0.23370000,0.23690000,69098262.00000000,16625450.82790000
1732046400000,0.23700000,0.24020000,0.22620000,0.23330000,31633590.00000000,7348192.04890000
1732060800000,0.23310000,0.23350000,0.21770000,0.22280000,19859474.00000000,4460027.09540000
1732075200000,0.22280000,0.22300000,0.21860000,0.22230000,18424141.00000000,4072017.43300000
1732089600000,0.22220000,0.23610000,0.22180000,0.22830000,36761232.00000000,8423303.43340000
1732104000000,0.22820000,0.24060000,0.22460000,0.23520000,33702237.00000000,7821601.40600000
1732118400000,0.23520000,0.23940000,0.22020000,0.22240000,30267361.00000000,6874463.35940000
1732132800000,0.22240000,0.22810000,0.21960000,0.22080000,17954548.00000000,4019541.62450000
1732147200000,0.22080000,0.22370000,0.21080000,0.21420000,18022203.00000000,3924429.14340000
1732161600000,0.21410000,0.22180000,0.21290000,0.21690000,17533283.00000000,3813666.95580000
1732176000000,0.21690000,0.21740000,0.20970000,0.21410000,17909716.00000000,3819020.67350000
1732190400000,0.21410000,0.22780000,0.21340000,0.21630000,34884632.00000000,7723367.42620000
1732204800000,0.21630000,0.22590000,0.21590000,0.21940000,24977855.00000000,5501424.34090000
1732219200000,0.21930000,0.22190000,0.21790000,0.22170000,11880168.00000000,2609442.41270000
1732233600000,0.22180000,0.22260000,0.21490000,0.22120000,16338162.00000000,3589746.41010000
1732248000000,0.22110000,0.22480000,0.21830000,0.21880000,17750302.00000000,3932268.74260000
1732262400000,0.21880000,0.22240000,0.21550000,0.21950000,13477038.00000000,2954518.03730000
1732276800000,0.21950000,0.22240000,0.21070000,0.21720000,28224652.00000000,6084156.96250000
1732291200000,0.21730000,0.22500000,0.21370000,0.22120000,24000112.00000000,5264618.59190000
1732305600000,0.22120000,0.24010000,0.22070000,0.23730000,37365997.00000000,8662411.12170000
1732320000000,0.23750000,0.24500000,0.23350000,0.23900000,28458392.00000000,6803994.47200000
1732334400000,0.23900000,0.24710000,0.23580000,0.24630000,22047604.00000000,5334400.00130000
1732348800000,0.24640000,0.25740000,0.24450000,0.25140000,36297880.00000000,9069008.22620000
1732363200000,0.25140000,0.25540000,0.24580000,0.25240000,27488829.00000000,6901748.53890000
1732377600000,0.25260000,0.25480000,0.23760000,0.24010000,41563307.00000000,10108776.90990000
1732392000000,0.24020000,0.24290000,0.23110000,0.23940000,21793962.00000000,5171505.83740000
1732406400000,0.23940000,0.25730000,0.23750000,0.25640000,25251582.00000000,6325911.67840000
1732420800000,0.25650000,0.26370000,0.24980000,0.26230000,31417088.00000000,8105311.80240000
1732435200000,0.26230000,0.26420000,0.24110000,0.24120000,30437092.00000000,7685459.44550000
1732449600000,0.24120000,0.24490000,0.22880000,0.22890000,44765298.00000000,10511657.47170000
1732464000000,0.22890000,0.23950000,0.22770000,0.23680000,22011127.00000000,5184453.08070000
1732478400000,0.23670000,0.26150000,0.23570000,0.25980000,29053941.00000000,7276329.82120000
1732492800000,0.25980000,0.26990000,0.25200000,0.25590000,50236164.00000000,13140675.38460000
1732507200000,0.25600000,0.25970000,0.25220000,0.25520000,25121283.00000000,6420956.28000000
1732521600000,0.25520000,0.26710000,0.25360000,0.25900000,27903506.00000000,7283534.20030000
1732536000000,0.25890000,0.26310000,0.24360000,0.25540000,29823036.00000000,7568714.54190000
1732550400000,0.25550000,0.25720000,0.24510000,0.24990000,21568244.00000000,5417110.64820000
1732564800000,0.24980000,0.25410000,0.23950000,0.24380000,20713478.00000000,5116574.89500000
1732579200000,0.24370000,0.25240000,0.24140000,0.24930000,12934911.00000000,3217282.13230000
1732593600000,0.24910000,0.25570000,0.24350000,0.24530000,10666822.00000000,2662322.84980000
1732608000000,0.24530000,0.24540000,0.22820000,0.23400000,31466751.00000000,7432637.90290000
1732622400000,0.23390000,0.23940000,0.22940000,0.23310000,21729343.00000000,5085076.72180000
1732636800000,0.23320000,0.24080000,0.23010000,0.23390000,18887247.00000000,4435382.01070000
1732651200000,0.23390000,0.24320000,0.23280000,0.24250000,12296474.00000000,2926618.59160000
1732665600000,0.24250000,0.24380000,0.23570000,0.23970000,10511311.00000000,2526331.64900000
1732680000000,0.23970000,0.24630000,0.23800000,0.24540000,11972521.00000000,2896185.92770000
1732694400000,0.24540000,0.24920000,0.24030000,0.24530000,14636596.00000000,3575495.21330000
1732708800000,0.24530000,0.25500000,0.24150000,0.25160000,20656965.00000000,5110191.85720000
1732723200000,0.25160000,0.26000000,0.25050000,0.25740000,18734495.00000000,4799843.02250000
1732737600000,0.25750000,0.26120000,0.25410000,0.25680000,15277307.00000000,3932096.55720000
1732752000000,0.25680000,0.25880000,0.24910000,0.25130000,9984355.00000000,2535263.51160000
1732766400000,0.25150000,0.25770000,0.25030000,0.25120000,9535088.00000000,2414032.90320000
1732780800000,0.25130000,0.25310000,0.24690000,0.25050000,13494780.00000000,3368556.64150000
1732795200000,0.25040000,0.25470000,0.24630000,0.24700000,18000465.00000000,4500514.95580000
1732809600000,0.24700000,0.27290000,0.24700000,0.27120000,48967094.00000000,12922023.75800000
1732824000000,0.27120000,0.27920000,0.26450000,0.27450000,34490052.00000000,9388947.31080000
1732838400000,0.27450000,0.27490000,0.26560000,0.26560000,14865498.00000000,4000574.71480000
1732852800000,0.26570000,0.26790000,0.26120000,0.26130000,11362006.00000000,3007361.18370000
1732867200000,0.26140000,0.26930000,0.26140000,0.26900000,11738178.00000000,3122366.51000000
1732881600000,0.26900000,0.27600000,0.26830000,0.27190000,22811715.00000000,6218540.05230000
1732896000000,0.27190000,0.27820000,0.27130000,0.27770000,16519601.00000000,4540682.39290000
1732910400000,0.27780000,0.29340000,0.27720000,0.28660000,30446919.00000000,8700404.92780000
1732924800000,0.28660000,0.28810000,0.27830000,0.27960000,16955199.00000000,4790853.44350000
1732939200000,0.27970000,0.28500000,0.27920000,0.28300000,17696535.00000000,4994537.19650000
1732953600000,0.28310000,0.28950000,0.27710000,0.28220000,24054199.00000000,6807158.33830000
1732968000000,0.28200000,0.29440000,0.28100000,0.29280000,25231141.00000000,7288493.43590000
1732982400000,0.29290000,0.29560000,0.28980000,0.29400000,20046324.00000000,5869965.20980000
1732996800000,0.29400000,0.29630000,0.28600000,0.28950000,14628735.00000000,4247058.73330000
1733011200000,0.28960000,0.29000000,0.27710000,0.28300000,16692568.00000000,4726268.69040000
1733025600000,0.28300000,0.29490000,0.28190000,0.28650000,18063696.00000000,5195970.51440000
1733040000000,0.28650000,0.29510000,0.28490000,0.29210000,13976263.00000000,4050596.06010000
1733054400000,0.29200000,0.29480000,0.28850000,0.29100000,14642767.00000000,4270131.82990000
1733068800000,0.29090000,0.29170000,0.28420000,0.28730000,14287264.00000000,4107958.28280000
1733083200000,0.28720000,0.29140000,0.28240000,0.28860000,16060105.00000000,4608110.87140000
1733097600000,0.28860000,0.29260000,0.28050000,0.28150000,26136679.00000000,7500608.85280000
1733112000000,0.28130000,0.29670000,0.27720000,0.28930000,35598892.00000000,10237141.82460000
1733126400000,0.28930000,0.29040000,0.26990000,0.27180000,41251544.00000000,11429524.06800000
1733140800000,0.27190000,0.28770000,0.27080000,0.28550000,28258799.00000000,7934993.19660000
1733155200000,0.28540000,0.28570000,0.27090000,0.28000000,28516488.00000000,7962086.75870000
1733169600000,0.28010000,0.30000000,0.27930000,0.29810000,31747874.00000000,9229617.13390000
1733184000000,0.29810000,0.30850000,0.29580000,0.30610000,33674827.00000000,10205969.63610000
1733198400000,0.30610000,0.31570000,0.29810000,0.30300000,42318438.00000000,12973802.02170000
1733212800000,0.30310000,0.31300000,0.30120000,0.30550000,28956620.00000000,8882585.58590000
1733227200000,0.30530000,0.30730000,0.27420000,0.29040000,67056930.00000000,19476956.11730000
1733241600000,0.29050000,0.29680000,0.28250000,0.29390000,28562003.00000000,8302387.59230000
1733256000000,0.29390000,0.32830000,0.29330000,0.31800000,47978788.00000000,14965597.03100000
1733270400000,0.31820000,0.32290000,0.30810000,0.31880000,26019276.00000000,8172749.22380000
1733284800000,0.31880000,0.32420000,0.31700000,0.31930000,18445957.00000000,5909888.58690000
1733299200000,0.31940000,0.33030000,0.31830000,0.32810000,24163424.00000000,7831527.03730000
1733313600000,0.32810000,0.33510000,0.31990000,0.32960000,31459568.00000000,10306189.95320000
1733328000000,0.32960000,0.33110000,0.31210000,0.32900000,29502485.00000000,9468973.46890000
1733342400000,0.32910000,0.33380000,0.31750000,0.32250000,26496971.00000000,8672068.68600000
1733356800000,0.32230000,0.32890000,0.30580000,0.32020000,33941431.00000000,10767325.47930000
1733371200000,0.32040000,0.32750000,0.31680000,0.32660000,18949103.00000000,6109628.43880000
1733385600000,0.32660000,0.32770000,0.32130000,0.32710000,16374778.00000000,5312221.81210000
1733400000000,0.32720000,0.33330000,0.32460000,0.33280000,23847509.00000000,7848309.03940000
1733414400000,0.33280000,0.34850000,0.33160000,0.33610000,45662969.00000000,15573873.17720000
1733428800000,0.33620000,0.34340000,0.32260000,0.32650000,40430838.00000000,13421199.47140000
1733443200000,0.32660000,0.34660000,0.32090000,0.33680000,33428765.00000000,11196548.06920000
1733457600000,0.33670000,0.34490000,0.33590000,0.33970000,15664558.00000000,5333885.36600000
1733472000000,0.33980000,0.34300000,0.32670000,0.33210000,21425321.00000000,7157789.69300000
1733486400000,0.33210000,0.33780000,0.31920000,0.33180000,27660705.00000000,9102819.67620000
1733500800000,0.33170000,0.34880000,0.32890000,0.34010000,30762557.00000000,10428496.64030000
1733515200000,0.34020000,0.34610000,0.33540000,0.33660000,15979139.00000000,5451048.05100000
1733529600000,0.33680000,0.34080000,0.32930000,0.33010000,8791254.00000000,2937913.16150000
1733544000000,0.33000000,0.33360000,0.32700000,0.32820000,8800302.00000000,2910328.88880000
1733558400000,0.32850000,0.33390000,0.32600000,0.33270000,11664488.00000000,3848442.15000000
1733572800000,0.33280000,0.33430000,0.32800000,0.33000000,11206686.00000000,3712002.74080000
1733587200000,0.33000000,0.33070000,0.32290000,0.32550000,12212045.00000000,3993086.50350000
1733601600000,0.32550000,0.32900000,0.32380000,0.32600000,8212655.00000000,2678265.66550000
1733616000000,0.32600000,0.32820000,0.32290000,0.32350000,7088023.00000000,2305056.75210000
1733630400000,0.32350000,0.32540000,0.31630000,0.32430000,11202229.00000000,3590579.04000000
1733644800000,0.32430000,0.32490000,0.31510000,0.32050000,11917605.00000000,3804513.81920000
1733659200000,0.32050000,0.32340000,0.31630000,0.32080000,10144447.00000000,3248970.86590000
1733673600000,0.32080000,0.32230000,0.31640000,0.32020000,9304736.00000000,2966175.91550000
1733688000000,0.32020000,0.32390000,0.31260000,0.32300000,16322076.00000000,5188510.21990000
1733702400000,0.32300000,0.32350000,0.30290000,0.30660000,21244966.00000000,6640792.76160000
1733716800000,0.30650000,0.31030000,0.29750000,0.30160000,19063393.00000000,5785044.22200000
1733731200000,0.30160000,0.30160000,0.28570000,0.28690000,28983596.00000000,8461852.31080000
1733745600000,0.28690000,0.30130000,0.28400000,0.29210000,28836583.00000000,8413419.19110000
1733760000000,0.29220000,0.29390000,0.28760000,0.28790000,11735280.00000000,3414375.07780000
1733774400000,0.28790000,0.28850000,0.22660000,0.26550000,100963573.00000000,26397588.68060000
1733788800000,0.26550000,0.27310000,0.24930000,0.25940000,32669653.00000000,8597542.32920000
1733803200000,0.25970000,0.26990000,0.25340000,0.26810000,16539910.00000000,4357310.57780000
1733817600000,0.26810000,0.27490000,0.26370000,0.26980000,14315722.00000000,3875454.63390000
1733832000000,0.26980000,0.27070000,0.24800000,0.24810000,28449669.00000000,7385349.48870000
1733846400000,0.24840000,0.25480000,0.23870000,0.25450000,44297283.00000000,10916205.62150000
1733860800000,0.25430000,0.26770000,0.25180000,0.26260000,19542181.00000000,5103389.29220000
1733875200000,0.26260000,0.26420000,0.24990000,0.25940000,12477999.00000000,3206354.58670000
1733889600000,0.25940000,0.26150000,0.25360000,0.25380000,7325525.00000000,1889626.67030000
1733904000000,0.25390000,0.26960000,0.25370000,0.26760000,14339724.00000000,3780167.83000000
1733918400000,0.26750000,0.28730000,0.26720000,0.28580000,30814773.00000000,8565042.07550000
1733932800000,0.28570000,0.28790000,0.27720000,0.28260000,14900590.00000000,4202164.91030000
1733947200000,0.28260000,0.28500000,0.27940000,0.28190000,12788054.00000000,3611570.45660000
1733961600000,0.28200000,0.29720000,0.28100000,0.29330000,15511307.00000000,4491185.59370000
1733976000000,0.29350000,0.30020000,0.29150000,0.29390000,11213592.00000000,3321634.03650000
1733990400000,0.29390000,0.29920000,0.28500000,0.28750000,13442281.00000000,3926940.82920000
1734004800000,0.28760000,0.29790000,0.28760000,0.29120000,21937138.00000000,6408030.46040000
1734019200000,0.29130000,0.29550000,0.28210000,0.28320000,15484187.00000000,4485758.89490000
1734033600000,0.28310000,0.28800000,0.28140000,0.28520000,13679400.00000000,3896747.20660000
1734048000000,0.28520000,0.28990000,0.27750000,0.28450000,12021562.00000000,3409813.17750000
1734062400000,0.28460000,0.28570000,0.27440000,0.27850000,10795431.00000000,3011730.55910000
1734076800000,0.27850000,0.28440000,0.27650000,0.28050000,6359218.00000000,1782488.55850000
1734091200000,0.28040000,0.28760000,0.27720000,0.27810000,12788690.00000000,3614356.90020000
1734105600000,0.27800000,0.28460000,0.27760000,0.28260000,8493501.00000000,2392122.75420000
1734120000000,0.28270000,0.28700000,0.28030000,0.28620000,5324935.00000000,1512974.37650000
1734134400000,0.28620000,0.29020000,0.28350000,0.28410000,6180503.00000000,1771865.06620000
1734148800000,0.28390000,0.28730000,0.28220000,0.28280000,3764504.00000000,1069751.64900000
1734163200000,0.28290000,0.28590000,0.27790000,0.27840000,8219688.00000000,2312017.79700000
1734177600000,0.27830000,0.27900000,0.26810000,0.27200000,13007667.00000000,3548080.26180000
1734192000000,0.27200000,0.27320000,0.26580000,0.26920000,8652017.00000000,2331889.58120000
1734206400000,0.26910000,0.27460000,0.26640000,0.27260000,5819441.00000000,1572281.73140000
1734220800000,0.27270000,0.27570000,0.26910000,0.27020000,6465487.00000000,1761803.87340000
1734235200000,0.27020000,0.27550000,0.26530000,0.26770000,5477999.00000000,1488544.35970000
1734249600000,0.26770000,0.27470000,0.26750000,0.27290000,5538413.00000000,1507896.57280000
1734264000000,0.27280000,0.28900000,0.27220000,0.28470000,16727304.00000000,4727026.05690000
1734278400000,0.28470000,0.28600000,0.27880000,0.28140000,6955665.00000000,1967173.58250000
1734292800000,0.28140000,0.28850000,0.27230000,0.28730000,11491009.00000000,3220644.74360000
1734307200000,0.28730000,0.29300000,0.27940000,0.28090000,12122215.00000000,3482859.61770000
1734321600000,0.28100000,0.28420000,0.27830000,0.28150000,7891402.00000000,2220099.11740000
1734336000000,0.28150000,0.28220000,0.26850000,0.26910000,14344380.00000000,3939361.72650000
1734350400000,0.26930000,0.27770000,0.26770000,0.27530000,9508360.00000000,2590720.52500000
1734364800000,0.27540000,0.28500000,0.27540000,0.28060000,11952995.00000000,3352796.11730000
1734379200000,0.28070000,0.28330000,0.27420000,0.27500000,7691847.00000000,2147735.14000000
1734393600000,0.27500000,0.27610000,0.27050000,0.27450000,7148317.00000000,1954144.11260000
1734408000000,0.27440000,0.27450000,0.26790000,0.26880000,5873862.00000000,1587420.76430000
1734422400000,0.26870000,0.27760000,0.26870000,0.27470000,11805813.00000000,3219205.56970000
1734436800000,0.27490000,0.27750000,0.26350000,0.26580000,13499775.00000000,3648337.15140000
1734451200000,0.26550000,0.27080000,0.26250000,0.26640000,9338788.00000000,2497529.24270000
1734465600000,0.26640000,0.26860000,0.25780000,0.26000000,12869827.00000000,3366172.60080000
1734480000000,0.26020000,0.26090000,0.25440000,0.25450000,11757399.00000000,3028054.32180000
1734494400000,0.25450000,0.25510000,0.24960000,0.25180000,13775476.00000000,3474213.81110000
1734508800000,0.25190000,0.25580000,0.24930000,0.25520000,6741997.00000000,1706925.11520000
1734523200000,0.25520000,0.25570000,0.24610000,0.24900000,11099119.00000000,2774202.73790000
1734537600000,0.24900000,0.25710000,0.24560000,0.24560000,13598270.00000000,3421951.56960000
1734552000000,0.24560000,0.24800000,0.23000000,0.23400000,46415142.00000000,11067598.09580000
1734566400000,0.23400000,0.23560000,0.21890000,0.23500000,28924131.00000000,6589238.36780000
1734580800000,0.23490000,0.23580000,0.23130000,0.23450000,8181135.00000000,1913634.91130000
1734595200000,0.23450000,0.23790000,0.23030000,0.23420000,10294810.00000000,2404437.35610000
1734609600000,0.23420000,0.23450000,0.22120000,0.22530000,16536563.00000000,3777236.47940000
1734624000000,0.22500000,0.22770000,0.20570000,0.21010000,52561157.00000000,11263099.39200000
1734638400000,0.21030000,0.21770000,0.20330000,0.21070000,26727052.00000000,5634413.60130000
1734652800000,0.21070000,0.21990000,0.20680000,0.21480000,12508831.00000000,2674404.83010000
1734667200000,0.21480000,0.21630000,0.20540000,0.21050000,14965865.00000000,3160824.24630000
1734681600000,0.21040000,0.21110000,0.18390000,0.18400000,51356685.00000000,9990001.67890000
1734696000000,0.18400000,0.21000000,0.18390000,0.20830000,38360769.00000000,7560510.06690000
1734710400000,0.20830000,0.22040000,0.20640000,0.21820000,19007752.00000000,4060083.46670000
1734724800000,0.21840000,0.21980000,0.21190000,0.21800000,10931861.00000000,2366374.92560000
1734739200000,0.21810000,0.22120000,0.21590000,0.21710000,7501998.00000000,1634542.01930000
1734753600000,0.21720000,0.23300000,0.21700000,0.23010000,13764896.00000000,3121914.00610000
1734768000000,0.23010000,0.23080000,0.22060000,0.22270000,10392029.00000000,2332743.57390000
1734782400000,0.22270000,0.22280000,0.20730000,0.21170000,19449666.00000000,4143640.55850000
1734796800000,0.21180000,0.21190000,0.20240000,0.20520000,14457500.00000000,2985330.86690000
1734811200000,0.20520000,0.20830000,0.20200000,0.20490000,9368072.00000000,1919056.38130000
1734825600000,0.20500000,0.20800000,0.20130000,0.20630000,5824219.00000000,1194596.77240000
1734840000000,0.20610000,0.20670000,0.19980000,0.20580000,5695943.00000000,1159573.13220000
1734854400000,0.20580000,0.21360000,0.20580000,0.21130000,8410793.00000000,1774656.57740000
1734868800000,0.21130000,0.21440000,0.20440000,0.20620000,11628376.00000000,2426033.04630000
1734883200000,0.20620000,0.21020000,0.20130000,0.20200000,7988810.00000000,1651135.50010000
1734897600000,0.20210000,0.20910000,0.20000000,0.20570000,9927617.00000000,2031411.43450000
1734912000000,0.20570000,0.21410000,0.20000000,0.21360000,12044868.00000000,2478752.09100000
1734926400000,0.21360000,0.21410000,0.20390000,0.20690000,7587693.00000000,1586774.17770000
1734940800000,0.20680000,0.21220000,0.20640000,0.20900000,7915866.00000000,1656799.15830000
1734955200000,0.20900000,0.21160000,0.20250000,0.20280000,11236310.00000000,2324370.96320000
1734969600000,0.20290000,0.21110000,0.20270000,0.20940000,9667943.00000000,2012523.81090000
1734984000000,0.20910000,0.22900000,0.20900000,0.22350000,25327569.00000000,5627671.88110000
1734998400000,0.22340000,0.22370000,0.21630000,0.21990000,7486330.00000000,1641937.53690000
1735012800000,0.22000000,0.22190000,0.21680000,0.21930000,10043256.00000000,2213684.10510000
1735027200000,0.21930000,0.22480000,0.21840000,0.22460000,7319235.00000000,1622367.95330000
1735041600000,0.22450000,0.23440000,0.22130000,0.23310000,18653759.00000000,4285904.45980000
1735056000000,0.23310000,0.23450000,0.22590000,0.22600000,11197841.00000000,2576100.05340000
1735070400000,0.22600000,0.23060000,0.22330000,0.22980000,10960124.00000000,2489628.04830000
1735084800000,0.22970000,0.23020000,0.22560000,0.22760000,6865724.00000000,1564602.86920000
1735099200000,0.22760000,0.22870000,0.22500000,0.22540000,4375400.00000000,993105.58650000
1735113600000,0.22550000,0.23100000,0.22290000,0.22330000,7843060.00000000,1779965.44460000
1735128000000,0.22340000,0.22560000,0.22150000,0.22230000,7937568.00000000,1775339.05890000
1735142400000,0.22240000,0.22480000,0.21950000,0.22430000,6197578.00000000,1375213.95730000
1735156800000,0.22430000,0.22550000,0.21980000,0.22330000,5564462.00000000,1235854.75960000
1735171200000,0.22330000,0.22590000,0.21730000,0.21830000,8035160.00000000,1772913.05720000
1735185600000,0.21820000,0.21820000,0.21280000,0.21400000,7595546.00000000,1631063.58320000
1735200000000,0.21410000,0.21440000,0.20800000,0.21120000,7700217.00000000,1620595.54890000
1735214400000,0.21120000,0.21140000,0.20730000,0.20800000,7437740.00000000,1555592.42380000
1735228800000,0.20800000,0.21060000,0.20530000,0.20900000,5558201.00000000,1157368.46160000
1735243200000,0.20890000,0.20950000,0.20550000,0.20770000,4364097.00000000,906695.95800000
1735257600000,0.20770000,0.21210000,0.20590000,0.21070000,3925355.00000000,821358.65410000
1735272000000,0.21060000,0.21210000,0.20500000,0.20690000,5065278.00000000,1057444.83620000
1735286400000,0.20710000,0.21840000,0.20710000,0.21600000,11617637.00000000,2488854.90050000
1735300800000,0.21600000,0.21690000,0.20580000,0.20710000,7835235.00000000,1648135.38520000
1735315200000,0.20700000,0.21200000,0.20460000,0.21090000,7328838.00000000,1524604.45070000
1735329600000,0.21090000,0.21120000,0.20540000,0.20730000,4744131.00000000,987025.77180000
1735344000000,0.20730000,0.20890000,0.20580000,0.20840000,3886863.00000000,807059.30760000
1735358400000,0.20830000,0.20870000,0.20520000,0.20540000,4600015.00000000,952228.62520000
1735372800000,0.20560000,0.20790000,0.20470000,0.20660000,4739370.00000000,977849.00230000
1735387200000,0.20670000,0.21470000,0.20450000,0.20980000,11324582.00000000,2383463.60130000
1735401600000,0.20970000,0.21580000,0.20870000,0.21370000,6995731.00000000,1490977.63870000
1735416000000,0.21370000,0.21760000,0.21220000,0.21580000,6205347.00000000,1335199.64680000
1735430400000,0.21580000,0.21860000,0.21250000,0.21850000,5180608.00000000,1116750.62450000
1735444800000,0.21870000,0.21930000,0.21380000,0.21730000,3036804.00000000,656639.24970000
1735459200000,0.21740000,0.21780000,0.21270000,0.21280000,3155082.00000000,676596.92780000
1735473600000,0.21270000,0.21560000,0.21000000,0.21130000,5619090.00000000,1191386.99420000
1735488000000,0.21130000,0.21130000,0.20660000,0.20740000,5922559.00000000,1231317.33740000
1735502400000,0.20740000,0.20820000,0.20370000,0.20700000,7509201.00000000,1548656.23610000
1735516800000,0.20690000,0.21590000,0.20570000,0.21170000,5299515.00000000,1122893.13270000
1735531200000,0.21160000,0.21380000,0.20920000,0.21040000,5184506.00000000,1095079.79680000
1735545600000,0.21040000,0.21240000,0.20650000,0.20880000,6276974.00000000,1314913.48810000
1735560000000,0.20880000,0.21070000,0.19890000,0.20050000,12072348.00000000,2444511.84240000
1735574400000,0.20030000,0.20950000,0.19840000,0.20920000,6764144.00000000,1381283.41160000
1735588800000,0.20930000,0.21190000,0.20160000,0.20400000,7201664.00000000,1479496.22770000
1735603200000,0.20400000,0.20400000,0.19850000,0.19880000,4111448.00000000,823558.05780000
1735617600000,0.19870000,0.20040000,0.19780000,0.20000000,4917031.00000000,979935.79000000
1735632000000,0.20010000,0.20670000,0.19990000,0.20460000,6128627.00000000,1248748.51590000
1735646400000,0.20460000,0.21090000,0.20350000,0.20820000,6356851.00000000,1320521.92840000
1735660800000,0.20840000,0.20910000,0.20170000,0.20300000,5750505.00000000,1180345.40190000
1735675200000,0.20300000,0.20370000,0.19860000,0.19970000,4874701.00000000,978993.06620000
1735689600000,0.19960000,0.20410000,0.19930000,0.20010000,10232978.00000000,2055977.82340000
1735704000000,0.20000000,0.20010000,0.19820000,0.19930000,2932175.00000000,584322.71100000
1735718400000,0.19930000,0.20050000,0.19560000,0.19900000,4527585.00000000,895750.04490000
1735732800000,0.19900000,0.20370000,0.19860000,0.20360000,7602404.00000000,1527471.47610000
1735747200000,0.20360000,0.21000000,0.20120000,0.20900000,9625172.00000000,1976503.12390000
1735761600000,0.20930000,0.21120000,0.20820000,0.20840000,7773526.00000000,1629303.43370000
1735776000000,0.20850000,0.21420000,0.20830000,0.21370000,7268820.00000000,1541511.19790000
1735790400000,0.21390000,0.21700000,0.21330000,0.21590000,7108705.00000000,1531192.86520000
1735804800000,0.21620000,0.22440000,0.21510000,0.22290000,16938452.00000000,3743699.25750000
1735819200000,0.22290000,0.22640000,0.21930000,0.22140000,11824319.00000000,2628094.45320000
1735833600000,0.22140000,0.22370000,0.21870000,0.22110000,7977955.00000000,1762914.01580000
1735848000000,0.22110000,0.22260000,0.21750000,0.21970000,4867109.00000000,1069573.84560000
1735862400000,0.22000000,0.22210000,0.21710000,0.22130000,4405567.00000000,967966.22280000
1735876800000,0.22130000,0.22130000,0.21600000,0.21630000,5348968.00000000,1164885.07220000
1735891200000,0.21630000,0.22890000,0.21580000,0.22840000,10672580.00000000,2373653.50590000
1735905600000,0.22830000,0.24100000,0.22790000,0.24000000,27710889.00000000,6484451.47960000
1735920000000,0.23990000,0.24400000,0.23870000,0.24230000,15443014.00000000,3726963.62120000
1735934400000,0.24230000,0.24250000,0.23940000,0.24180000,7034222.00000000,1693347.45060000
1735948800000,0.24190000,0.24420000,0.23780000,0.24350000,6844299.00000000,1648697.88220000
1735963200000,0.24350000,0.24450000,0.23940000,0.24340000,5948264.00000000,1441276.17990000
1735977600000,0.24340000,0.24370000,0.23690000,0.24050000,8246548.00000000,1978427.74240000
1735992000000,0.24050000,0.24630000,0.23770000,0.23920000,10287532.00000000,2497233.81540000
1736006400000,0.23920000,0.24240000,0.23880000,0.24140000,5673706.00000000,1365310.00270000
1736020800000,0.24130000,0.24270000,0.23990000,0.24040000,4150659.00000000,1001384.68420000
1736035200000,0.24050000,0.24110000,0.23780000,0.23900000,4525489.00000000,1082474.49440000
1736049600000,0.23900000,0.24200000,0.23880000,0.24040000,3905750.00000000,938660.85870000
1736064000000,0.24040000,0.24080000,0.23440000,0.23650000,7562871.00000000,1792040.60970000
1736078400000,0.23660000,0.23860000,0.23180000,0.23740000,9067063.00000000,2134162.26060000
1736092800000,0.23730000,0.24160000,0.23630000,0.24100000,6935049.00000000,1654584.72010000
1736107200000,0.24110000,0.24630000,0.23910000,0.24290000,6947027.00000000,1689506.12390000
1736121600000,0.24300000,0.24660000,0.23680000,0.24420000,6782172.00000000,1645847.55760000
1736136000000,0.24430000,0.24690000,0.24080000,0.24280000,6668585.00000000,1624526.42290000
1736150400000,0.24270000,0.24390000,0.23890000,0.24250000,5787334.00000000,1394216.58980000
1736164800000,0.24260000,0.25150000,0.23940000,0.25090000,11738655.00000000,2886103.64720000
1736179200000,0.25100000,0.25540000,0.24560000,0.24800000,11391321.00000000,2849323.94540000
1736193600000,0.24810000,0.25010000,0.24430000,0.24800000,6085804.00000000,1499907.63180000
1736208000000,0.24800000,0.24940000,0.24230000,0.24620000,6382352.00000000,1567664.92870000
1736222400000,0.24620000,0.24740000,0.24230000,0.24470000,5691245.00000000,1389160.59780000
1736236800000,0.24480000,0.24810000,0.23930000,0.24070000,7130651.00000000,1736158.60730000
1736251200000,0.24090000,0.24650000,0.22810000,0.23140000,28162383.00000000,6659138.21870000
1736265600000,0.23140000,0.23320000,0.22230000,0.22320000,13079483.00000000,2988166.70850000
1736280000000,0.22330000,0.22640000,0.22060000,0.22070000,8856368.00000000,1978427.68090000
1736294400000,0.22070000,0.22310000,0.21480000,0.21640000,9061848.00000000,1984798.50780000
1736308800000,0.21630000,0.21700000,0.20740000,0.21210000,11762911.00000000,2490706.86260000
1736323200000,0.21200000,0.21580000,0.20880000,0.21030000,6865415.00000000,1461604.57290000
1736337600000,0.21030000,0.21380000,0.20820000,0.21120000,7697634.00000000,1624035.71130000
1736352000000,0.21120000,0.21200000,0.19770000,0.20660000,21066338.00000000,4323622.52390000
1736366400000,0.20660000,0.21280000,0.20500000,0.21160000,9060115.00000000,1894758.05290000
1736380800000,0.21160000,0.21360000,0.20790000,0.21060000,6995999.00000000,1477376.14350000
1736395200000,0.21060000,0.21170000,0.20340000,0.20410000,6660190.00000000,1380874.38620000
1736409600000,0.20420000,0.20890000,0.20400000,0.20630000,7436174.00000000,1537413.19460000
1736424000000,0.20630000,0.21030000,0.19850000,0.20890000,13548640.00000000,2759025.76220000
1736438400000,0.20880000,0.21030000,0.20080000,0.20120000,10577683.00000000,2177537.15990000
1736452800000,0.20130000,0.20500000,0.19880000,0.20330000,7154279.00000000,1445015.51480000
1736467200000,0.20330000,0.20660000,0.20160000,0.20590000,4764208.00000000,972393.93350000
1736481600000,0.20590000,0.21150000,0.20420000,0.20860000,9338833.00000000,1945523.30950000
1736496000000,0.20860000,0.20890000,0.20440000,0.20720000,9178749.00000000,1901671.02650000
1736510400000,0.20730000,0.20770000,0.19800000,0.20280000,21478480.00000000,4360321.79980000
1736524800000,0.20280000,0.20840000,0.19990000,0.20750000,10329756.00000000,2118045.20080000
1736539200000,0.20760000,0.20770000,0.20430000,0.20580000,3676367.00000000,756999.99360000
1736553600000,0.20590000,0.20690000,0.20150000,0.20220000,4270719.00000000,870575.87060000
1736568000000,0.20220000,0.20440000,0.20110000,0.20240000,3025924.00000000,613179.33300000
1736582400000,0.20250000,0.20540000,0.20080000,0.20490000,4857373.00000000,985338.50600000
1736596800000,0.20470000,0.20520000,0.20210000,0.20290000,3815135.00000000,776503.50860000
1736611200000,0.20290000,0.20440000,0.20110000,0.20220000,4259971.00000000,862376.68590000
1736625600000,0.20220000,0.21030000,0.20170000,0.20590000,8285924.00000000,1710585.70400000
1736640000000,0.20590000,0.20690000,0.20440000,0.20590000,2814760.00000000,578885.79640000
1736654400000,0.20600000,0.20650000,0.20190000,0.20340000,5742551.00000000,1173282.47810000
1736668800000,0.20350000,0.20370000,0.20030000,0.20240000,4258326.00000000,858920.58880000
1736683200000,0.20240000,0.20560000,0.20180000,0.20490000,4376376.00000000,890502.06520000
1736697600000,0.20480000,0.20560000,0.20250000,0.20290000,4405882.00000000,898782.68470000
1736712000000,0.20300000,0.20330000,0.19860000,0.20160000,4066048.00000000,815933.16680000
1736726400000,0.20170000,0.20610000,0.19530000,0.19620000,7394324.00000000,1483555.98480000
1736740800000,0.19600000,0.19930000,0.19160000,0.19320000,8251394.00000000,1608563.23940000
1736755200000,0.19320000,0.19360000,0.18150000,0.18180000,16568753.00000000,3103365.19660000
1736769600000,0.18170000,0.19340000,0.18060000,0.19050000,24198174.00000000,4504119.51350000
1736784000000,0.19060000,0.19100000,0.18250000,0.18660000,12113186.00000000,2260634.05120000
1736798400000,0.18650000,0.19560000,0.18480000,0.19300000,7575664.00000000,1450674.15540000
1736812800000,0.19310000,0.19630000,0.19200000,0.19500000,3874375.00000000,752907.83220000
1736827200000,0.19500000,0.19920000,0.19500000,0.19540000,3904923.00000000,768522.06430000
1736841600000,0.19550000,0.20210000,0.19550000,0.19950000,8711854.00000000,1736879.88840000
1736856000000,0.19960000,0.20260000,0.19680000,0.19980000,10043061.00000000,2006076.86980000
1736870400000,0.19980000,0.20370000,0.19750000,0.20200000,7021054.00000000,1410414.03710000
1736884800000,0.20200000,0.20480000,0.20070000,0.20390000,3782460.00000000,767386.80230000
1736899200000,0.20400000,0.20530000,0.20040000,0.20230000,4819816.00000000,976582.24300000
1736913600000,0.20240000,0.20490000,0.20100000,0.20390000,5445743.00000000,1104500.97630000
1736928000000,0.20400000,0.20540000,0.19640000,0.19820000,9437595.00000000,1889744.60360000
1736942400000,0.19830000,0.21590000,0.19650000,0.21420000,26041664.00000000,5416341.01590000
1736956800000,0.21420000,0.21670000,0.21030000,0.21400000,13978268.00000000,2978954.21820000
1736971200000,0.21400000,0.21620000,0.21170000,0.21610000,9483627.00000000,2028087.46240000
1736985600000,0.21610000,0.21690000,0.21110000,0.21270000,6665250.00000000,1423921.90250000
1737000000000,0.21270000,0.21380000,0.21110000,0.21290000,3040083.00000000,646209.57560000
1737014400000,0.21290000,0.21340000,0.20700000,0.21290000,11111914.00000000,2332959.02270000
1737028800000,0.21280000,0.21830000,0.20800000,0.21410000,23269770.00000000,4966045.22580000
1737043200000,0.21400000,0.21900000,0.21390000,0.21790000,10764733.00000000,2333763.16070000
1737057600000,0.21790000,0.21890000,0.21060000,0.21260000,6613015.00000000,1415703.13570000
1737072000000,0.21270000,0.22250000,0.21260000,0.21910000,12302789.00000000,2694152.49980000
1737086400000,0.21920000,0.23040000,0.21780000,0.22890000,19073142.00000000,4301143.73690000
1737100800000,0.22880000,0.23300000,0.22610000,0.23150000,23950997.00000000,5517808.06890000
1737115200000,0.23150000,0.23560000,0.22940000,0.23460000,21781996.00000000,5073277.48370000
1737129600000,0.23470000,0.23690000,0.23090000,0.23320000,9870718.00000000,2306446.86810000
1737144000000,0.23320000,0.23810000,0.23250000,0.23490000,10119162.00000000,2386990.85300000
1737158400000,0.23510000,0.23870000,0.22810000,0.22900000,15449247.00000000,3628462.27640000
1737172800000,0.22900000,0.23020000,0.21910000,0.21950000,16582142.00000000,3717542.54640000
1737187200000,0.21950000,0.22390000,0.21660000,0.22320000,12539819.00000000,2752313.46490000
1737201600000,0.22320000,0.22570000,0.21970000,0.21990000,12698249.00000000,2828305.86850000
1737216000000,0.22000000,0.22100000,0.21450000,0.21730000,16471289.00000000,3580418.70850000
1737230400000,0.21740000,0.21960000,0.21330000,0.21850000,7602285.00000000,1640662.73750000
1737244800000,0.21860000,0.22550000,0.21760000,0.22010000,7107457.00000000,1579974.61360000
1737259200000,0.22000000,0.22010000,0.21040000,0.21050000,10657934.00000000,2288786.99060000
1737273600000,0.21050000,0.21050000,0.19930000,0.20100000,29723862.00000000,6074221.72360000
1737288000000,0.20090000,0.21790000,0.20040000,0.21420000,28246887.00000000,5961864.56740000
1737302400000,0.21410000,0.21760000,0.20960000,0.21680000,18047826.00000000,3850040.08090000
1737316800000,0.21680000,0.21820000,0.19340000,0.19730000,60769598.00000000,12327131.39130000
1737331200000,0.19730000,0.19980000,0.18970000,0.19870000,40726982.00000000,7901212.49210000
1737345600000,0.19840000,0.21910000,0.19610000,0.21250000,45936320.00000000,9734754.65250000
1737360000000,0.21260000,0.21590000,0.20750000,0.21180000,17360014.00000000,3677618.32590000
1737374400000,0.21190000,0.21250000,0.20280000,0.20730000,24193895.00000000,5031730.89160000
1737388800000,0.20740000,0.21130000,0.19580000,0.20670000,45751252.00000000,9294263.19250000
1737403200000,0.20660000,0.20790000,0.19940000,0.20240000,10790733.00000000,2197045.74230000
1737417600000,0.20230000,0.20280000,0.19390000,0.19650000,18036233.00000000,3559561.68510000
1737432000000,0.19650000,0.19850000,0.19250000,0.19740000,7839699.00000000,1534138.34300000
1737446400000,0.19740000,0.20450000,0.19550000,0.20400000,11713731.00000000,2349163.63180000
1737460800000,0.20400000,0.20700000,0.20100000,0.20330000,11119311.00000000,2269795.76620000
1737475200000,0.20330000,0.21340000,0.20260000,0.20940000,13353516.00000000,2790142.34950000
1737489600000,0.20950000,0.21220000,0.20630000,0.20970000,15560390.00000000,3252784.65990000
1737504000000,0.20970000,0.21160000,0.20580000,0.20620000,7559880.00000000,1569531.02460000
1737518400000,0.20660000,0.20690000,0.20130000,0.20130000,11953796.00000000,2438857.33270000
1737532800000,0.20140000,0.20360000,0.19930000,0.20260000,16180913.00000000,3251399.17120000
1737547200000,0.20270000,0.20350000,0.19850000,0.20020000,14572022.00000000,2928087.28720000
1737561600000,0.20020000,0.20060000,0.19630000,0.19770000,17492742.00000000,3479160.65860000
1737576000000,0.19770000,0.19910000,0.19380000,0.19520000,14265813.00000000,2799481.29300000
1737590400000,0.19510000,0.19520000,0.19010000,0.19080000,13609914.00000000,2619854.46450000
1737604800000,0.19080000,0.19110000,0.18830000,0.19050000,13308906.00000000,2523728.87520000
1737619200000,0.19050000,0.19060000,0.18660000,0.18730000,13071899.00000000,2459721.35720000
1737633600000,0.18740000,0.19360000,0.18420000,0.18910000,23339868.00000000,4388350.62150000
1737648000000,0.18920000,0.19360000,0.18420000,0.18500000,13048241.00000000,2466196.47630000
1737662400000,0.18490000,0.19110000,0.18350000,0.18930000,19665449.00000000,3686633.26950000
1737676800000,0.18930000,0.19000000,0.18300000,0.18560000,9326908.00000000,1730180.00680000
1737691200000,0.18550000,0.19410000,0.18510000,0.19140000,10846014.00000000,2075899.74630000
1737705600000,0.19140000,0.19480000,0.19060000,0.19410000,15232276.00000000,2942255.78220000
1737720000000,0.19410000,0.19560000,0.19030000,0.19210000,13291858.00000000,2569501.05460000
1737734400000,0.19210000,0.19330000,0.18680000,0.18780000,16347988.00000000,3117377.97720000
1737748800000,0.18780000,0.18820000,0.18230000,0.18310000,10433824.00000000,1925997.27960000
1737763200000,0.18310000,0.18610000,0.17960000,0.18590000,11989134.00000000,2176442.64320000
1737777600000,0.18570000,0.18570000,0.18170000,0.18210000,6777675.00000000,1240483.77810000
1737792000000,0.18200000,0.18320000,0.18050000,0.18230000,8391308.00000000,1524574.05590000
1737806400000,0.18230000,0.18620000,0.18110000,0.18530000,8099097.00000000,1482737.24840000
1737820800000,0.18530000,0.18660000,0.18330000,0.18450000,7479026.00000000,1379209.57400000
1737835200000,0.18460000,0.18560000,0.18190000,0.18220000,8541476.00000000,1567788.44480000
1737849600000,0.18220000,0.18760000,0.18160000,0.18700000,6706831.00000000,1230828.40090000
1737864000000,0.18690000,0.19020000,0.18510000,0.19010000,9596278.00000000,1799086.48510000
1737878400000,0.19010000,0.19210000,0.18610000,0.18870000,11557554.00000000,2179581.05940000
1737892800000,0.18860000,0.18960000,0.18680000,0.18920000,5862671.00000000,1103895.67850000
1737907200000,0.18920000,0.19150000,0.18740000,0.19130000,5980430.00000000,1134518.52790000
1737921600000,0.19120000,0.19190000,0.18050000,0.18080000,10849181.00000000,2011082.24580000
1737936000000,0.18080000,0.18180000,0.17360000,0.17560000,17232666.00000000,3047515.26930000
1737950400000,0.17560000,0.17560000,0.16340000,0.16790000,21635462.00000000,3644184.06460000
1737964800000,0.16790000,0.17050000,0.16480000,0.16710000,12846747.00000000,2152496.76970000
1737979200000,0.16710000,0.17740000,0.16580000,0.17530000,14911001.00000000,2573764.68930000
1737993600000,0.17530000,0.17540000,0.16890000,0.17110000,8395902.00000000,1443265.83110000
1738008000000,0.17120000,0.18050000,0.17110000,0.17750000,7262834.00000000,1284310.46110000
1738022400000,0.17750000,0.17940000,0.17450000,0.17690000,3495117.00000000,617961.29260000
1738036800000,0.17690000,0.17880000,0.17250000,0.17350000,4155057.00000000,729783.26060000
1738051200000,0.17350000,0.17420000,0.17170000,0.17280000,5377978.00000000,930264.96650000
1738065600000,0.17280000,0.17590000,0.17010000,0.17370000,9593934.00000000,1656785.70910000
1738080000000,0.17370000,0.17380000,0.16860000,0.17010000,5517794.00000000,943823.04060000
1738094400000,0.17010000,0.17090000,0.16360000,0.16470000,11320091.00000000,1884124.82790000
1738108800000,0.16480000,0.17070000,0.16420000,0.16900000,5989028.00000000,1001758.18360000
1738123200000,0.16930000,0.17160000,0.16860000,0.17130000,3930839.00000000,668739.11220000
1738137600000,0.17140000,0.17210000,0.16770000,0.16990000,5120319.00000000,868330.96210000
1738152000000,0.17010000,0.17030000,0.16520000,0.16760000,6194472.00000000,1035136.46170000
1738166400000,0.16760000,0.17430000,0.16400000,0.17130000,16641983.00000000,2817395.65270000
1738180800000,0.17140000,0.17680000,0.16900000,0.16950000,13156108.00000000,2277691.12350000
1738195200000,0.16950000,0.17490000,0.16780000,0.17460000,3857319.00000000,662463.65930000
1738209600000,0.17450000,0.17700000,0.17390000,0.17580000,5127871.00000000,900327.69880000
1738224000000,0.17580000,0.17940000,0.17480000,0.17910000,8182071.00000000,1451438.87620000
1738238400000,0.17910000,0.18200000,0.17630000,0.18000000,9087106.00000000,1632511.04500000
1738252800000,0.17990000,0.18590000,0.17990000,0.18590000,13511215.00000000,2470981.34870000
1738267200000,0.18590000,0.18620000,0.18130000,0.18170000,5778351.00000000,1057232.82230000
1738281600000,0.18180000,0.18490000,0.17860000,0.18010000,5618003.00000000,1021694.03850000
1738296000000,0.18020000,0.18630000,0.17820000,0.18290000,4556878.00000000,828550.38860000
1738310400000,0.18300000,0.18720000,0.17980000,0.18690000,6043631.00000000,1105647.72350000
1738324800000,0.18700000,0.19050000,0.18540000,0.19050000,9341904.00000000,1751272.97080000
1738339200000,0.19050000,0.19150000,0.18180000,0.18270000,10244533.00000000,1917025.69300000
1738353600000,0.18260000,0.18280000,0.17880000,0.18020000,4530797.00000000,818308.69830000
1738368000000,0.18040000,0.18460000,0.17940000,0.18180000,3639415.00000000,664081.06740000
1738382400000,0.18200000,0.18320000,0.18010000,0.18050000,3486158.00000000,633231.77510000
1738396800000,0.18050000,0.18100000,0.17480000,0.17740000,5211386.00000000,923618.57280000
1738411200000,0.17740000,0.17890000,0.17360000,0.17620000,3834982.00000000,676980.80800000
1738425600000,0.17620000,0.17710000,0.17000000,0.17070000,7680781.00000000,1328682.16390000
1738440000000,0.17060000,0.17170000,0.16450000,0.16620000,9508998.00000000,1600403.53430000
1738454400000,0.16620000,0.16990000,0.16140000,0.16140000,8346736.00000000,1380191.99170000
1738468800000,0.16140000,0.16590000,0.16090000,0.16330000,5127006.00000000,838551.32100000
1738483200000,0.16330000,0.16570000,0.15880000,0.15920000,12436537.00000000,2020329.38600000
1738497600000,0.15920000,0.16140000,0.15740000,0.15940000,8756908.00000000,1396471.66170000
1738512000000,0.15940000,0.15940000,0.14370000,0.14970000,38958325.00000000,5837635.11360000
1738526400000,0.14970000,0.15110000,0.13710000,0.14450000,30166202.00000000,4341338.40380000
1738540800000,0.14450000,0.14450000,0.10230000,0.12270000,107063409.00000000,13211443.51160000
1738555200000,0.12280000,0.13500000,0.11930000,0.13360000,33691117.00000000,4249129.70550000
1738569600000,0.13350000,0.13520000,0.12960000,0.13330000,18951517.00000000,2511081.39820000
1738584000000,0.13340000,0.14100000,0.12790000,0.14000000,59918152.00000000,8010513.72260000
1738598400000,0.14000000,0.14660000,0.13870000,0.14630000,22861627.00000000,3244431.55840000
1738612800000,0.14630000,0.15080000,0.14210000,0.14880000,13913388.00000000,2040372.51280000
1738627200000,0.14890000,0.15030000,0.14160000,0.14310000,8493933.00000000,1229291.57230000
1738641600000,0.14300000,0.14500000,0.13260000,0.13320000,15926687.00000000,2210796.27660000
1738656000000,0.13310000,0.14020000,0.13230000,0.13840000,8932205.00000000,1215639.47070000
1738670400000,0.13840000,0.14430000,0.13810000,0.14050000,15835867.00000000,2235257.51220000
1738684800000,0.14050000,0.14540000,0.13920000,0.13930000,15486021.00000000,2200121.21540000
1738699200000,0.13920000,0.14150000,0.13390000,0.13960000,21695188.00000000,2971357.58280000
1738713600000,0.13970000,0.14090000,0.13680000,0.13850000,6194134.00000000,861028.33350000
1738728000000,0.13850000,0.13950000,0.13600000,0.13800000,6482694.00000000,891779.00990000
1738742400000,0.13790000,0.14050000,0.13690000,0.14020000,5408420.00000000,749443.04490000
1738756800000,0.14040000,0.14170000,0.13670000,0.13820000,8736022.00000000,1218933.32590000
1738771200000,0.13840000,0.13890000,0.13320000,0.13660000,7958256.00000000,1077514.04170000
1738785600000,0.13670000,0.13730000,0.13320000,0.13480000,6935562.00000000,935328.48910000
1738800000000,0.13470000,0.13660000,0.13350000,0.13550000,5213638.00000000,704362.05310000
1738814400000,0.13560000,0.13860000,0.13510000,0.13720000,6707169.00000000,916719.78350000
1738828800000,0.13720000,0.13840000,0.13500000,0.13620000,5295237.00000000,725000.48160000
1738843200000,0.13630000,0.13650000,0.12970000,0.13060000,15531619.00000000,2064419.48110000
1738857600000,0.13060000,0.13300000,0.12830000,0.12870000,10191985.00000000,1329777.03180000
1738872000000,0.12870000,0.13160000,0.12740000,0.12860000,7294164.00000000,942272.61100000
1738886400000,0.12860000,0.13230000,0.12840000,0.13070000,5803311.00000000,757463.69020000
1738900800000,0.13080000,0.13140000,0.12740000,0.12920000,7151549.00000000,925780.83740000
1738915200000,0.12920000,0.13280000,0.12870000,0.13240000,6830228.00000000,896923.79400000
1738929600000,0.13230000,0.13790000,0.13080000,0.13420000,14092351.00000000,1892125.99820000
1738944000000,0.13430000,0.13440000,0.12990000,0.13000000,9889753.00000000,1306709.67850000
1738958400000,0.13000000,0.13020000,0.12410000,0.12800000,12285778.00000000,1550601.92250000
1738972800000,0.12790000,0.12930000,0.12660000,0.12750000,3306669.00000000,422622.50070000
1738987200000,0.12740000,0.12850000,0.12560000,0.12790000,3806428.00000000,482955.72690000
1739001600000,0.12790000,0.12820000,0.12580000,0.12680000,3321013.00000000,421349.36180000
1739016000000,0.12680000,0.12910000,0.12580000,0.12710000,7162022.00000000,911096.05780000
1739030400000,0.12710000,0.13070000,0.12600000,0.13000000,5599463.00000000,722298.62780000
1739044800000,0.13000000,0.13140000,0.12910000,0.13020000,3659563.00000000,475940.75690000
1739059200000,0.13010000,0.13380000,0.12950000,0.13340000,4487800.00000000,589397.35040000
1739073600000,0.13350000,0.13520000,0.13240000,0.13420000,5432929.00000000,726276.40270000
1739088000000,0.13420000,0.13630000,0.13420000,0.13450000,4074731.00000000,551525.43790000
1739102400000,0.13450000,0.13500000,0.13050000,0.13280000,4655296.00000000,615858.78290000
1739116800000,0.13280000,0.13360000,0.12900000,0.12930000,3609677.00000000,473389.62120000
1739131200000,0.12930000,0.13280000,0.12490000,0.13240000,8855285.00000000,1136651.74640000
1739145600000,0.13250000,0.13470000,0.12750000,0.13140000,6008388.00000000,786904.96840000
1739160000000,0.13130000,0.13560000,0.13060000,0.13440000,5728816.00000000,764984.15550000
1739174400000,0.13440000,0.13750000,0.13420000,0.13640000,6611941.00000000,900443.90880000
1739188800000,0.13640000,0.13950000,0.13450000,0.13820000,7831666.00000000,1078131.57620000
1739203200000,0.13830000,0.14480000,0.13780000,0.14030000,15047185.00000000,2128653.49350000
1739217600000,0.14030000,0.14190000,0.13860000,0.13970000,5605537.00000000,785364.20650000
1739232000000,0.13970000,0.14270000,0.13910000,0.14160000,5014062.00000000,707268.60090000
1739246400000,0.14160000,0.14760000,0.14160000,0.14620000,7905023.00000000,1149569.51490000
1739260800000,0.14620000,0.14810000,0.14460000,0.14650000,7729666.00000000,1132136.52030000
1739275200000,0.14650000,0.14650000,0.14080000,0.14200000,7792973.00000000,1112597.89810000
1739289600000,0.14220000,0.14260000,0.13660000,0.13730000,6962823.00000000,968232.44180000
1739304000000,0.13720000,0.14050000,0.13710000,0.13800000,4478672.00000000,622065.44530000
1739318400000,0.13800000,0.13950000,0.13570000,0.13700000,3502572.00000000,482503.41960000
1739332800000,0.13700000,0.13900000,0.13590000,0.13830000,2910335.00000000,400568.37240000
1739347200000,0.13830000,0.14020000,0.13710000,0.13870000,4238651.00000000,587694.10410000
1739361600000,0.13870000,0.14100000,0.13260000,0.13780000,19702942.00000000,2686804.75030000
1739376000000,0.13780000,0.14380000,0.13600000,0.14320000,8499859.00000000,1198236.55590000
1739390400000,0.14320000,0.14780000,0.14260000,0.14540000,7866527.00000000,1140413.27690000
1739404800000,0.14550000,0.14760000,0.14490000,0.14620000,4370575.00000000,638046.08120000
1739419200000,0.14640000,0.14640000,0.14090000,0.14130000,3891038.00000000,558066.99360000
1739433600000,0.14130000,0.14260000,0.13970000,0.14040000,6231684.00000000,879755.46940000
1739448000000,0.14040000,0.14270000,0.13890000,0.14130000,7280774.00000000,1026039.60840000
1739462400000,0.14130000,0.14280000,0.13890000,0.13970000,5361219.00000000,753666.19780000
1739476800000,0.13980000,0.14150000,0.13950000,0.14020000,4804437.00000000,674896.34170000
1739491200000,0.14020000,0.14270000,0.13920000,0.14240000,2934710.00000000,412642.49880000
1739505600000,0.14240000,0.14280000,0.13970000,0.14020000,3241062.00000000,456188.52670000
1739520000000,0.14040000,0.14390000,0.13970000,0.14260000,4949630.00000000,704641.24890000
1739534400000,0.14270000,0.14480000,0.14130000,0.14370000,6192053.00000000,885186.17360000
1739548800000,0.14380000,0.14660000,0.14220000,0.14460000,7951448.00000000,1153017.89250000
1739563200000,0.14460000,0.14530000,0.14090000,0.14280000,4771173.00000000,683485.02110000
1739577600000,0.14280000,0.14500000,0.14120000,0.14450000,3573006.00000000,512988.91220000
1739592000000,0.14450000,0.14510000,0.14140000,0.14150000,3023232.00000000,432598.80580000
1739606400000,0.14170000,0.14240000,0.13970000,0.14020000,4147517.00000000,584290.81520000
1739620800000,0.14030000,0.14140000,0.13820000,0.13920000,3527241.00000000,493107.21210000
1739635200000,0.13920000,0.13980000,0.13780000,0.13780000,2539373.00000000,352686.43720000
1739649600000,0.13780000,0.13900000,0.13680000,0.13840000,3645631.00000000,502796.44610000
1739664000000,0.13830000,0.13920000,0.13640000,0.13740000,2027302.00000000,278875.80940000
1739678400000,0.13730000,0.13840000,0.13670000,0.13770000,1790734.00000000,246408.46010000
1739692800000,0.13770000,0.14300000,0.13750000,0.14290000,5022738.00000000,705735.02770000
1739707200000,0.14290000,0.14290000,0.13860000,0.14070000,4845486.00000000,683575.95300000
1739721600000,0.14070000,0.14170000,0.13750000,0.13920000,4151688.00000000,580114.93590000
1739736000000,0.13910000,0.13970000,0.13710000,0.13810000,4755908.00000000,658022.44630000
1739750400000,0.13810000,0.14260000,0.13790000,0.14230000,7757186.00000000,1095027.22140000
1739764800000,0.14230000,0.14400000,0.13970000,0.14330000,14614568.00000000,2078763.90570000
1739779200000,0.14330000,0.14640000,0.14220000,0.14510000,7678296.00000000,1110216.58360000
1739793600000,0.14500000,0.14910000,0.14300000,0.14350000,9298844.00000000,1362363.91980000
1739808000000,0.14350000,0.14440000,0.13910000,0.14130000,6150743.00000000,870019.79490000
1739822400000,0.14120000,0.14360000,0.14090000,0.14200000,4316544.00000000,613568.22150000
1739836800000,0.14190000,0.14250000,0.13940000,0.14100000,5858740.00000000,825228.49130000
1739851200000,0.14110000,0.14180000,0.13490000,0.13510000,6783558.00000000,929781.52560000
1739865600000,0.13510000,0.13570000,0.13250000,0.13280000,14263362.00000000,1911475.99350000
1739880000000,0.13270000,0.13610000,0.12950000,0.13040000,10192120.00000000,1359949.64370000
1739894400000,0.13050000,0.13120000,0.12650000,0.13000000,15441658.00000000,1989350.04290000
1739908800000,0.13000000,0.13290000,0.12870000,0.13290000,6903811.00000000,902639.27420000
1739923200000,0.13290000,0.13330000,0.13090000,0.13220000,3318673.00000000,437989.18140000
1739937600000,0.13220000,0.13390000,0.13000000,0.13320000,4151991.00000000,546796.45160000
1739952000000,0.13310000,0.13470000,0.13240000,0.13430000,4181653.00000000,558508.44130000
1739966400000,0.13440000,0.13480000,0.13160000,0.13160000,6638155.00000000,885563.38670000
1739980800000,0.13160000,0.13410000,0.13140000,0.13320000,3573979.00000000,475286.13860000
1739995200000,0.13320000,0.13500000,0.13150000,0.13370000,9169357.00000000,1225741.71340000
1740009600000,0.13380000,0.13640000,0.13330000,0.13600000,4431635.00000000,597734.40230000
1740024000000,0.13600000,0.13730000,0.13390000,0.13390000,5281247.00000000,713605.72040000
1740038400000,0.13380000,0.13560000,0.13280000,0.13510000,6494835.00000000,869209.51000000
1740052800000,0.13510000,0.13710000,0.13330000,0.13340000,5653115.00000000,762791.82340000
1740067200000,0.13350000,0.13840000,0.13330000,0.13810000,6024657.00000000,825285.80220000
1740081600000,0.13820000,0.14000000,0.13760000,0.13900000,4845310.00000000,671969.56460000
1740096000000,0.13900000,0.13960000,0.13760000,0.13810000,3101126.00000000,429510.39890000
1740110400000,0.13820000,0.14370000,0.13820000,0.14270000,5851177.00000000,828786.79520000
1740124800000,0.14270000,0.14730000,0.14270000,0.14540000,8583339.00000000,1247112.33870000
1740139200000,0.14540000,0.14810000,0.14010000,0.14240000,17794789.00000000,2567164.23840000
1740153600000,0.14240000,0.14480000,0.13350000,0.13420000,15067614.00000000,2102772.83570000
1740168000000,0.13420000,0.13580000,0.13170000,0.13390000,9247382.00000000,1236536.98730000
1740182400000,0.13390000,0.13560000,0.13300000,0.13550000,4104575.00000000,552745.05840000
1740196800000,0.13550000,0.13730000,0.13520000,0.13590000,3496258.00000000,477323.77440000
1740211200000,0.13600000,0.13890000,0.13530000,0.13860000,4363550.00000000,599191.55680000
1740225600000,0.13880000,0.14030000,0.13800000,0.13980000,4055206.00000000,563552.25720000
1740240000000,0.13990000,0.14200000,0.13980000,0.14080000,4503528.00000000,634634.18850000
1740254400000,0.14080000,0.14080000,0.13830000,0.13870000,5074770.00000000,708433.83910000
1740268800000,0.13870000,0.13880000,0.13640000,0.13760000,3031810.00000000,417501.29410000
1740283200000,0.13750000,0.14010000,0.13670000,0.13980000,2814405.00000000,388839.51250000
1740297600000,0.13980000,0.14050000,0.13700000,0.13730000,4836166.00000000,673470.09030000
1740312000000,0.13730000,0.13780000,0.13490000,0.13510000,3826407.00000000,521458.64020000
1740326400000,0.13510000,0.13720000,0.13490000,0.13560000,2658896.00000000,361839.91550000
1740340800000,0.13560000,0.13810000,0.13520000,0.13720000,3503742.00000000,477612.06100000
1740355200000,0.13710000,0.13780000,0.13190000,0.13220000,4349048.00000000,586428.24570000
1740369600000,0.13220000,0.13380000,0.13060000,0.13320000,4847497.00000000,640560.17010000
1740384000000,0.13320000,0.13340000,0.13030000,0.13200000,7521784.00000000,988044.83150000
1740398400000,0.13190000,0.13280000,0.12770000,0.12930000,8603338.00000000,1117571.18520000
1740412800000,0.12930000,0.13090000,0.12650000,0.12750000,6196602.00000000,798711.30440000
1740427200000,0.12750000,0.13010000,0.12030000,0.12120000,23911580.00000000,2969566.39910000
1740441600000,0.12110000,0.12270000,0.11740000,0.12010000,11978215.00000000,1445489.23410000
1740456000000,0.12010000,0.12090000,0.11150000,0.11530000,26270620.00000000,3031282.48230000
1740470400000,0.11520000,0.11710000,0.11070000,0.11660000,22715795.00000000,2594420.49800000
1740484800000,0.11660000,0.11840000,0.11330000,0.11590000,16784089.00000000,1939536.24430000
1740499200000,0.11600000,0.12010000,0.11450000,0.12010000,13235897.00000000,1549906.49480000
1740513600000,0.12010000,0.12270000,0.11890000,0.12120000,8703029.00000000,1051905.11110000
1740528000000,0.12130000,0.12390000,0.11980000,0.12280000,4505858.00000000,548059.88840000
1740542400000,0.12280000,0.12420000,0.12100000,0.12250000,6214530.00000000,761323.51170000
1740556800000,0.12220000,0.12450000,0.12100000,0.12190000,7019515.00000000,861893.10280000
1740571200000,0.12190000,0.12350000,0.11770000,0.12220000,14606770.00000000,1757562.22230000
1740585600000,0.12220000,0.12280000,0.11580000,0.11740000,16989025.00000000,2010523.93500000
1740600000000,0.11750000,0.12240000,0.11570000,0.12010000,12703546.00000000,1517490.34710000
1740614400000,0.12020000,0.12330000,0.11920000,0.12270000,6003245.00000000,728082.17450000
1740628800000,0.12250000,0.12530000,0.12150000,0.12450000,5353389.00000000,661051.03830000
1740643200000,0.12460000,0.12630000,0.12350000,0.12510000,8974502.00000000,1122519.97300000
1740657600000,0.12520000,0.12620000,0.12200000,0.12380000,9164959.00000000,1139676.38760000
1740672000000,0.12370000,0.12470000,0.12160000,0.12220000,7384771.00000000,908903.68200000
1740686400000,0.12220000,0.12360000,0.12000000,0.12310000,7261218.00000000,881556.58260000
1740700800000,0.12320000,0.12400000,0.11320000,0.11340000,23094180.00000000,2724435.00500000
1740715200000,0.11350000,0.11400000,0.11110000,0.11260000,15872291.00000000,1787756.49950000
1740729600000,0.11260000,0.11560000,0.11070000,0.11390000,11347317.00000000,1287265.65260000
1740744000000,0.11400000,0.12060000,0.11370000,0.11960000,39082824.00000000,4583211.20900000
1740758400000,0.11970000,0.12180000,0.11860000,0.12060000,12304209.00000000,1478314.79850000
1740772800000,0.12070000,0.12090000,0.11920000,0.12050000,6809390.00000000,818106.67020000
1740787200000,0.12040000,0.12210000,0.11890000,0.12070000,7863654.00000000,950134.86960000
1740801600000,0.12060000,0.12170000,0.11780000,0.11810000,4416998.00000000,529673.37790000
1740816000000,0.11810000,0.11960000,0.11650000,0.11710000,5683601.00000000,670812.24340000
1740830400000,0.11710000,0.11760000,0.11540000,0.11630000,4520651.00000000,526221.82240000
1740844800000,0.11620000,0.11800000,0.11570000,0.11740000,4503997.00000000,525070.99560000
1740859200000,0.11740000,0.11970000,0.11660000,0.11920000,3791127.00000000,448252.20850000
1740873600000,0.11930000,0.12010000,0.11800000,0.11920000,4106974.00000000,489841.14730000
1740888000000,0.11920000,0.12010000,0.11810000,0.11830000,4917308.00000000,586465.51610000
1740902400000,0.11830000,0.11990000,0.11760000,0.11880000,3811104.00000000,452249.16810000
1740916800000,0.11890000,0.12300000,0.11610000,0.12000000,15849183.00000000,1897947.06080000
1740931200000,0.12020000,0.13000000,0.12000000,0.12980000,44944247.00000000,5697859.70510000
1740945600000,0.12980000,0.13080000,0.12880000,0.12900000,11381418.00000000,1478686.44370000
1740960000000,0.12910000,0.13020000,0.12480000,0.12560000,10653141.00000000,1356837.41400000
1740974400000,0.12570000,0.12730000,0.12070000,0.12240000,9184684.00000000,1135434.74700000
1740988800000,0.12250000,0.12250000,0.11890000,0.12150000,7886489.00000000,952720.39930000
1741003200000,0.12150000,0.12350000,0.11830000,0.11890000,14199823.00000000,1716645.12150000
1741017600000,0.11900000,0.12060000,0.11010000,0.11040000,27237267.00000000,3122883.88290000
1741032000000,0.11040000,0.11140000,0.10770000,0.10910000,19101140.00000000,2098860.52050000
1741046400000,0.10910000,0.10980000,0.10060000,0.10360000,29460873.00000000,3064261.73500000
1741060800000,0.10360000,0.10630000,0.10340000,0.10420000,7301592.00000000,764106.08670000
1741075200000,0.10430000,0.10540000,0.10260000,0.10390000,15939134.00000000,1659259.20390000
1741089600000,0.10390000,0.10680000,0.10050000,0.10270000,24614904.00000000,2541998.50440000
1741104000000,0.10270000,0.10640000,0.09710000,0.10620000,22954165.00000000,2337093.71520000
1741118400000,0.10630000,0.10820000,0.10400000,0.10650000,7440570.00000000,791135.99930000
1741132800000,0.10650000,0.10750000,0.10450000,0.10460000,5535523.00000000,588175.14700000
1741147200000,0.10450000,0.10670000,0.10430000,0.10630000,5676420.00000000,596541.11650000
1741161600000,0.10640000,0.10990000,0.10620000,0.10750000,9318230.00000000,1008662.57800000
1741176000000,0.10760000,0.10940000,0.10550000,0.10620000,13596909.00000000,1460930.09760000
1741190400000,0.10620000,0.10980000,0.10500000,0.10960000,8932343.00000000,958233.17600000
1741204800000,0.10960000,0.11140000,0.10960000,0.11010000,4896111.00000000,540819.40550000
1741219200000,0.11010000,0.11120000,0.10810000,0.11100000,6368152.00000000,700788.30810000
1741233600000,0.11120000,0.11350000,0.11020000,0.11080000,5999637.00000000,671222.00790000
1741248000000,0.11080000,0.11280000,0.11040000,0.11240000,5066441.00000000,564781.97660000
1741262400000,0.11250000,0.11260000,0.10780000,0.11110000,14067273.00000000,1547601.84170000
1741276800000,0.11120000,0.11180000,0.10630000,0.10730000,10085495.00000000,1096221.18230000
1741291200000,0.10720000,0.10950000,0.10720000,0.10740000,5524885.00000000,598208.08390000
1741305600000,0.10750000,0.10850000,0.10130000,0.10500000,20757710.00000000,2175637.19830000
1741320000000,0.10510000,0.10730000,0.10460000,0.10700000,5214074.00000000,553378.58240000
1741334400000,0.10700000,0.10820000,0.10590000,0.10720000,5702572.00000000,610306.12070000
1741348800000,0.10730000,0.10930000,0.10560000,0.10680000,13690944.00000000,1470973.25470000
1741363200000,0.10680000,0.10860000,0.10360000,0.10660000,10849133.00000000,1149359.55500000
1741377600000,0.10670000,0.10740000,0.10210000,0.10300000,9717708.00000000,1017990.18930000
1741392000000,0.10300000,0.10440000,0.10190000,0.10320000,6416282.00000000,661446.51430000
1741406400000,0.10320000,0.10410000,0.10190000,0.10220000,4578258.00000000,471102.63980000
1741420800000,0.10200000,0.10270000,0.10040000,0.10100000,5328175.00000000,542077.64100000
1741435200000,0.10100000,0.10250000,0.10060000,0.10140000,5329988.00000000,542585.15410000
1741449600000,0.10140000,0.10260000,0.10010000,0.10230000,4954974.00000000,502989.48440000
1741464000000,0.10240000,0.10270000,0.10070000,0.10130000,2636278.00000000,268374.35670000
1741478400000,0.10130000,0.10190000,0.09990000,0.10060000,3208942.00000000,323646.65080000
1741492800000,0.10050000,0.10130000,0.09970000,0.10020000,3010579.00000000,302113.43640000
1741507200000,0.10020000,0.10040000,0.09540000,0.09660000,12585836.00000000,1233760.23030000
1741521600000,0.09670000,0.09690000,0.09330000,0.09380000,12102428.00000000,1149980.44730000
1741536000000,0.09390000,0.09410000,0.08910000,0.09140000,20612076.00000000,1879812.11120000
1741550400000,0.09140000,0.09230000,0.08950000,0.09100000,11707700.00000000,1062336.22970000
1741564800000,0.09110000,0.09440000,0.08950000,0.09290000,11025795.00000000,1017472.46370000
1741579200000,0.09300000,0.09510000,0.09290000,0.09460000,5461678.00000000,514024.39610000
1741593600000,0.09460000,0.09740000,0.09290000,0.09490000,13215926.00000000,1250966.44920000
1741608000000,0.09490000,0.09560000,0.08870000,0.09070000,15509328.00000000,1421504.08850000
1741622400000,0.09080000,0.09100000,0.08330000,0.08670000,26337620.00000000,2287957.40000000
1741636800000,0.08660000,0.08720000,0.08430000,0.08460000,11156856.00000000,960602.69100000
1741651200000,0.08460000,0.08570000,0.07970000,0.08440000,24044411.00000000,1979810.19570000
1741665600000,0.08440000,0.08780000,0.08420000,0.08660000,9024936.00000000,781077.41270000
1741680000000,0.08660000,0.08960000,0.08640000,0.08880000,8661395.00000000,763552.68720000
1741694400000,0.08880000,0.09070000,0.08560000,0.08920000,23944127.00000000,2117569.31550000
1741708800000,0.08920000,0.09330000,0.08800000,0.09300000,15796039.00000000,1438048.66210000
1741723200000,0.09300000,0.09340000,0.09000000,0.09030000,4896264.00000000,448864.95640000
1741737600000,0.09030000,0.09240000,0.08880000,0.08890000,6426211.00000000,580640.36490000
1741752000000,0.08890000,0.09030000,0.08750000,0.09010000,7627926.00000000,676910.66140000
1741766400000,0.09010000,0.09270000,0.08950000,0.09210000,12600583.00000000,1146579.80060000
1741780800000,0.09210000,0.09490000,0.08770000,0.08980000,30862673.00000000,2845758.94920000
1741795200000,0.08970000,0.09210000,0.08930000,0.09160000,8318149.00000000,755122.16710000
1741809600000,0.09170000,0.09310000,0.09130000,0.09230000,4746795.00000000,437397.34420000
1741824000000,0.09240000,0.09280000,0.09110000,0.09130000,4664980.00000000,428978.89580000
1741838400000,0.09130000,0.09160000,0.08940000,0.09090000,5931420.00000000,537594.43180000
1741852800000,0.09090000,0.09320000,0.09010000,0.09160000,11862459.00000000,1092462.84890000
1741867200000,0.09160000,0.09310000,0.08870000,0.08900000,13703095.00000000,1242354.12630000
1741881600000,0.08900000,0.08940000,0.08660000,0.08750000,8992609.00000000,791874.50650000
1741896000000,0.08740000,0.09020000,0.08710000,0.08910000,4132268.00000000,365052.33190000
1741910400000,0.08910000,0.09050000,0.08880000,0.08970000,3751367.00000000,336247.70250000
1741924800000,0.08970000,0.09070000,0.08950000,0.09020000,6234850.00000000,560730.50590000
1741939200000,0.09020000,0.09280000,0.09010000,0.09250000,5990904.00000000,549792.03330000
1741953600000,0.09250000,0.09600000,0.09210000,0.09450000,15985786.00000000,1498283.33220000
1741968000000,0.09450000,0.09540000,0.09390000,0.09470000,6445481.00000000,609901.09550000
1741982400000,0.09460000,0.09580000,0.09360000,0.09430000,5341308.00000000,506349.10480000
1741996800000,0.09430000,0.09580000,0.09370000,0.09560000,5804276.00000000,550214.43800000
1742011200000,0.09560000,0.09710000,0.09420000,0.09490000,4251804.00000000,407642.61000000
1742025600000,0.09500000,0.09710000,0.09450000,0.09640000,7327219.00000000,704388.33680000
1742040000000,0.09640000,0.09720000,0.09520000,0.09580000,4108759.00000000,394548.23460000
1742054400000,0.09580000,0.09720000,0.09550000,0.09600000,2899056.00000000,279280.08600000
1742068800000,0.09610000,0.09680000,0.09560000,0.09580000,3662905.00000000,352266.07020000
1742083200000,0.09600000,0.09620000,0.09440000,0.09560000,2315186.00000000,220566.82170000
1742097600000,0.09560000,0.09590000,0.09450000,0.09520000,4219495.00000000,402232.85030000
1742112000000,0.09510000,0.09530000,0.09120000,0.09160000,7050893.00000000,654897.89570000
1742126400000,0.09150000,0.09240000,0.09070000,0.09210000,5009635.00000000,459326.51430000
1742140800000,0.09190000,0.09470000,0.09080000,0.09120000,7024568.00000000,653194.53230000
1742155200000,0.09130000,0.09200000,0.09060000,0.09140000,3618614.00000000,330853.82230000
1742169600000,0.09150000,0.09400000,0.09140000,0.09380000,4062731.00000000,377008.89140000
1742184000000,0.09370000,0.09420000,0.09190000,0.09390000,4782265.00000000,446160.17800000
1742198400000,0.09390000,0.09500000,0.09330000,0.09470000,2801094.00000000,264211.34970000
1742212800000,0.09460000,0.09630000,0.09290000,0.09460000,15347381.00000000,1449886.79810000
1742227200000,0.09460000,0.09680000,0.09400000,0.09630000,6070427.00000000,581880.79450000
1742241600000,0.09640000,0.09740000,0.09580000,0.09620000,4759111.00000000,458897.60280000
1742256000000,0.09610000,0.09660000,0.09410000,0.09480000,8921868.00000000,849677.79270000
1742270400000,0.09480000,0.09540000,0.09330000,0.09470000,6042641.00000000,571695.39600000
1742284800000,0.09470000,0.09700000,0.09430000,0.09620000,12598954.00000000,1212293.68860000
1742299200000,0.09610000,0.09780000,0.09480000,0.09520000,10181003.00000000,979648.02940000
1742313600000,0.09520000,0.09560000,0.09150000,0.09310000,11342938.00000000,1057359.88200000
1742328000000,0.09320000,0.09580000,0.09240000,0.09550000,5014075.00000000,471824.52100000
1742342400000,0.09560000,0.09650000,0.09480000,0.09620000,3433028.00000000,328516.20690000
1742356800000,0.09620000,0.09640000,0.09420000,0.09430000,3642653.00000000,347280.28240000
1742371200000,0.09440000,0.09780000,0.09430000,0.09780000,9901699.00000000,949942.74170000
1742385600000,0.09790000,0.09990000,0.09640000,0.09970000,21924160.00000000,2158502.97090000
1742400000000,0.09970000,0.10070000,0.09670000,0.09870000,26302060.00000000,2593517.89210000
1742414400000,0.09880000,0.09990000,0.09830000,0.09930000,6719206.00000000,665216.99410000
1742428800000,0.09930000,0.10000000,0.09670000,0.09720000,5511491.00000000,540887.27320000
1742443200000,0.09730000,0.09740000,0.09650000,0.09720000,2714403.00000000,263275.86600000
1742457600000,0.09730000,0.09840000,0.09530000,0.09620000,5302005.00000000,512865.48500000
1742472000000,0.09630000,0.09780000,0.09560000,0.09570000,8019220.00000000,773983.74570000
1742486400000,0.09570000,0.09630000,0.09440000,0.09560000,3645314.00000000,347790.76430000
1742500800000,0.09560000,0.09630000,0.09480000,0.09560000,2789077.00000000,266462.92530000
1742515200000,0.09550000,0.09620000,0.09450000,0.09450000,3778010.00000000,360663.62470000
1742529600000,0.09460000,0.09530000,0.09360000,0.09390000,2638846.00000000,249437.75220000
1742544000000,0.09390000,0.09430000,0.09160000,0.09230000,6456139.00000000,598910.63280000
1742558400000,0.09230000,0.09370000,0.09180000,0.09260000,7402732.00000000,684399.98290000
1742572800000,0.09270000,0.09570000,0.09200000,0.09430000,6709343.00000000,631822.70670000
1742587200000,0.09440000,0.09520000,0.09350000,0.09390000,3316957.00000000,312996.71070000
1742601600000,0.09400000,0.09540000,0.09390000,0.09480000,3657552.00000000,346424.25250000
1742616000000,0.09490000,0.09650000,0.09490000,0.09610000,2495506.00000000,239408.47640000
1742630400000,0.09610000,0.09670000,0.09530000,0.09540000,2662205.00000000,256062.99650000
1742644800000,0.09550000,0.09560000,0.09440000,0.09550000,3627415.00000000,344414.89070000
1742659200000,0.09550000,0.09730000,0.09540000,0.09630000,3206592.00000000,309724.18950000
1742673600000,0.09640000,0.09640000,0.09480000,0.09550000,4318041.00000000,412630.64960000
1742688000000,0.09540000,0.09790000,0.09510000,0.09780000,4534030.00000000,435699.37210000
1742702400000,0.09790000,0.09810000,0.09710000,0.09770000,2425009.00000000,236819.46820000
1742716800000,0.09780000,0.09830000,0.09710000,0.09740000,3101597.00000000,303035.37990000
1742731200000,0.09750000,0.09780000,0.09600000,0.09640000,4094385.00000000,396695.39460000
1742745600000,0.09630000,0.09630000,0.09440000,0.09560000,4388961.00000000,418097.04520000
1742760000000,0.09560000,0.09670000,0.09500000,0.09660000,3109367.00000000,297887.68390000
1742774400000,0.09660000,0.09790000,0.09530000,0.09710000,4691271.00000000,453716.44930000
1742788800000,0.09720000,0.10090000,0.09720000,0.09970000,7932838.00000000,789371.58400000
1742803200000,0.09970000,0.10280000,0.09970000,0.10150000,7967551.00000000,809592.44700000
1742817600000,0.10170000,0.10380000,0.10080000,0.10240000,8043717.00000000,820783.99970000
1742832000000,0.10250000,0.10280000,0.10120000,0.10220000,6658542.00000000,680724.33070000
1742846400000,0.10220000,0.10300000,0.10100000,0.10220000,6360129.00000000,648235.44030000
1742860800000,0.10230000,0.10240000,0.10060000,0.10100000,6675620.00000000,678530.39830000
1742875200000,0.10110000,0.10240000,0.10060000,0.10160000,2861407.00000000,290672.67640000
1742889600000,0.10160000,0.10400000,0.10150000,0.10350000,5420353.00000000,558380.38210000
1742904000000,0.10350000,0.10520000,0.10300000,0.10420000,7285977.00000000,759165.61620000
1742918400000,0.10410000,0.10560000,0.10310000,0.10520000,4930830.00000000,516212.58900000
1742932800000,0.10530000,0.10640000,0.10430000,0.10460000,5671134.00000000,598684.82520000
1742947200000,0.10460000,0.10600000,0.10330000,0.10390000,3826797.00000000,400336.58050000
1742961600000,0.10380000,0.10750000,0.10370000,0.10710000,5264868.00000000,555661.90440000
1742976000000,0.10710000,0.10850000,0.10630000,0.10780000,5963208.00000000,640300.86530000
1742990400000,0.10790000,0.10800000,0.10450000,0.10560000,9192180.00000000,976129.54120000
1743004800000,0.10560000,0.10630000,0.10270000,0.10400000,5537418.00000000,578198.58000000
1743019200000,0.10390000,0.10500000,0.10320000,0.10400000,4947200.00000000,515837.67950000
1743033600000,0.10410000,0.10730000,0.10400000,0.10720000,3320170.00000000,351859.06860000
1743048000000,0.10720000,0.10750000,0.10600000,0.10680000,5898132.00000000,630046.43010000
1743062400000,0.10690000,0.10790000,0.10480000,0.10500000,5231256.00000000,556444.94490000
1743076800000,0.10510000,0.10660000,0.10330000,0.10560000,5413813.00000000,568873.10210000
1743091200000,0.10560000,0.10630000,0.10400000,0.10510000,4899712.00000000,515586.94560000
1743105600000,0.10520000,0.10610000,0.10410000,0.10440000,3031763.00000000,318748.57120000
1743120000000,0.10440000,0.10440000,0.10160000,0.10190000,5397726.00000000,556220.09700000
1743134400000,0.10190000,0.10190000,0.09700000,0.09710000,7794069.00000000,772931.94700000
1743148800000,0.09710000,0.09760000,0.09590000,0.09730000,6022006.00000000,582717.17570000
1743163200000,0.09730000,0.09770000,0.09510000,0.09520000,5935142.00000000,571395.53820000
1743177600000,0.09520000,0.09540000,0.09370000,0.09400000,4015415.00000000,379526.34460000
1743192000000,0.09400000,0.09570000,0.09370000,0.09500000,4713108.00000000,445992.63510000
1743206400000,0.09500000,0.09560000,0.09250000,0.09460000,5434916.00000000,512893.97410000
1743220800000,0.09450000,0.09510000,0.09200000,0.09220000,5179235.00000000,483023.68590000
1743235200000,0.09230000,0.09280000,0.08970000,0.09050000,8893421.00000000,810620.00940000
1743249600000,0.09040000,0.09130000,0.08970000,0.09000000,4501208.00000000,406777.56310000
1743264000000,0.09000000,0.09040000,0.08750000,0.08850000,9246575.00000000,821276.20720000
1743278400000,0.08850000,0.08870000,0.08750000,0.08860000,3819864.00000000,336570.90280000
1743292800000,0.08860000,0.09080000,0.08780000,0.09000000,3655667.00000000,326889.96750000
1743307200000,0.09010000,0.09120000,0.09010000,0.09080000,2024890.00000000,183808.92880000
1743321600000,0.09080000,0.09170000,0.09010000,0.09040000,3043123.00000000,276413.61090000
1743336000000,0.09050000,0.09120000,0.08910000,0.08950000,5806360.00000000,521142.40540000
1743350400000,0.08950000,0.09060000,0.08820000,0.08990000,2297959.00000000,205246.19490000
1743364800000,0.08990000,0.09010000,0.08770000,0.08910000,2570451.00000000,228574.88350000
1743379200000,0.08920000,0.08950000,0.08670000,0.08710000,6065198.00000000,534440.24930000
1743393600000,0.08710000,0.08880000,0.08580000,0.08640000,4332090.00000000,378594.54370000
1743408000000,0.08650000,0.08740000,0.08460000,0.08700000,5430048.00000000,466028.09810000
1743422400000,0.08700000,0.08980000,0.08610000,0.08880000,7902481.00000000,697757.99900000
1743436800000,0.08880000,0.08980000,0.08780000,0.08820000,4473134.00000000,397454.63620000
1743451200000,0.08810000,0.08860000,0.08730000,0.08790000,2490583.00000000,219020.69280000
1743465600000,0.08790000,0.09040000,0.08780000,0.09040000,2685849.00000000,238907.93270000
1743480000000,0.09050000,0.09180000,0.09000000,0.09110000,3825539.00000000,348367.30090000
1743494400000,0.09110000,0.09350000,0.09050000,0.09080000,8704882.00000000,802093.16390000
1743508800000,0.09080000,0.09350000,0.08980000,0.09300000,7816661.00000000,716663.81380000
1743523200000,0.09310000,0.09340000,0.09000000,0.09050000,5058588.00000000,462962.85450000
1743537600000,0.09050000,0.09070000,0.08930000,0.08980000,6788381.00000000,611347.39230000
1743552000000,0.08980000,0.08980000,0.08680000,0.08790000,7818642.00000000,688624.72030000
1743566400000,0.08800000,0.08820000,0.08610000,0.08670000,6397295.00000000,555597.26490000
1743580800000,0.08670000,0.08830000,0.08620000,0.08710000,6336340.00000000,553582.49130000
1743595200000,0.08700000,0.09000000,0.08620000,0.08950000,9478279.00000000,834890.86480000
1743609600000,0.08960000,0.09000000,0.08700000,0.08860000,4421781.00000000,391062.34790000
1743624000000,0.08850000,0.09050000,0.08120000,0.08280000,25180911.00000000,2161428.35690000
1743638400000,0.08260000,0.08510000,0.08180000,0.08430000,7447604.00000000,622863.15750000
1743652800000,0.08430000,0.08510000,0.08210000,0.08300000,7540972.00000000,631232.73260000
1743667200000,0.08300000,0.08360000,0.08040000,0.08120000,7828068.00000000,641948.98900000
1743681600000,0.08110000,0.08180000,0.07940000,0.08120000,11518613.00000000,930030.69120000
1743696000000,0.08120000,0.08260000,0.08100000,0.08210000,6763883.00000000,552122.09840000
1743710400000,0.08210000,0.08340000,0.08180000,0.08300000,5472181.00000000,452367.93030000
1743724800000,0.08310000,0.08330000,0.08150000,0.08260000,3115327.00000000,257429.20560000
1743739200000,0.08270000,0.08430000,0.08210000,0.08400000,4182075.00000000,349402.66900000
1743753600000,0.08410000,0.08500000,0.08030000,0.08150000,9621892.00000000,791250.17600000
1743768000000,0.08140000,0.08390000,0.08070000,0.08230000,14083266.00000000,1161230.93120000
1743782400000,0.08240000,0.08420000,0.08190000,0.08320000,8529776.00000000,707759.88040000
1743796800000,0.08320000,0.08400000,0.08280000,0.08310000,6697321.00000000,558971.29210000
1743811200000,0.08320000,0.08400000,0.08260000,0.08270000,3318244.00000000,276014.58750000
1743825600000,0.08280000,0.08320000,0.08220000,0.08290000,3725206.00000000,307850.38950000
1743840000000,0.08290000,0.08330000,0.08180000,0.08190000,5734036.00000000,473996.62600000
1743854400000,0.08190000,0.08210000,0.08030000,0.08040000,6685815.00000000,542377.03910000
1743868800000,0.08040000,0.08160000,0.08030000,0.08080000,4196591.00000000,339248.66480000
1743883200000,0.08090000,0.08210000,0.08050000,0.08190000,2688948.00000000,218018.77150000
1743897600000,0.08190000,0.08210000,0.08100000,0.08140000,1859520.00000000,151699.95440000
1743912000000,0.08150000,0.08250000,0.08080000,0.08100000,2950909.00000000,241121.40680000
1743926400000,0.08110000,0.08170000,0.08060000,0.08110000,2400548.00000000,194634.43340000
1743940800000,0.08110000,0.08120000,0.07850000,0.07970000,7922369.00000000,630760.60130000
1743955200000,0.07960000,0.07960000,0.07330000,0.07450000,18395726.00000000,1394573.61280000
1743969600000,0.07440000,0.07460000,0.07150000,0.07320000,13744525.00000000,1004098.72730000
1743984000000,0.07310000,0.07530000,0.07060000,0.07190000,9314619.00000000,679525.52960000
1743998400000,0.07190000,0.07270000,0.06630000,0.06820000,26967700.00000000,1860145.83140000
1744012800000,0.06820000,0.07230000,0.06790000,0.07080000,15773119.00000000,1113490.94620000
1744027200000,0.07090000,0.07790000,0.07070000,0.07410000,46001845.00000000,3423749.79940000
1744041600000,0.07400000,0.07520000,0.07260000,0.07380000,11526428.00000000,853800.54400000
1744056000000,0.07390000,0.07610000,0.07390000,0.07480000,5326814.00000000,400364.15300000
1744070400000,0.07480000,0.07710000,0.07440000,0.07580000,5995736.00000000,454531.27660000
1744084800000,0.07590000,0.07640000,0.07450000,0.07480000,4360826.00000000,328884.30840000
1744099200000,0.07470000,0.07650000,0.07390000,0.07650000,8475139.00000000,637839.37350000
1744113600000,0.07650000,0.07710000,0.07450000,0.07500000,10439306.00000000,794456.30890000
1744128000000,0.07490000,0.07500000,0.07150000,0.07220000,12018416.00000000,877445.54900000
1744142400000,0.07220000,0.07310000,0.07140000,0.07180000,5851618.00000000,422418.44150000
1744156800000,0.07190000,0.07280000,0.06920000,0.07220000,9472741.00000000,676392.62660000
1744171200000,0.07210000,0.07420000,0.07200000,0.07370000,8121438.00000000,596058.62880000
1744185600000,0.07380000,0.07390000,0.07150000,0.07200000,7420025.00000000,541488.53160000
1744200000000,0.07190000,0.07400000,0.07130000,0.07310000,8661474.00000000,630557.32000000
1744214400000,0.07300000,0.07970000,0.07230000,0.07930000,34735317.00000000,2638157.56140000
1744228800000,0.07930000,0.08110000,0.07930000,0.08020000,8145124.00000000,653230.19050000
1744243200000,0.08020000,0.08020000,0.07750000,0.07820000,7463918.00000000,588895.43370000
1744257600000,0.07820000,0.07920000,0.07750000,0.07830000,4852885.00000000,381457.39020000
1744272000000,0.07830000,0.07840000,0.07710000,0.07770000,2841240.00000000,221077.95540000
1744286400000,0.07760000,0.07940000,0.07480000,0.07510000,16282927.00000000,1263370.07180000
1744300800000,0.07510000,0.07650000,0.07460000,0.07580000,10984129.00000000,831597.31970000
1744315200000,0.07580000,0.07680000,0.07580000,0.07620000,4233745.00000000,323040.78140000
1744329600000,0.07630000,0.07860000,0.07610000,0.07810000,5675621.00000000,439705.86700000
1744344000000,0.07820000,0.07920000,0.07800000,0.07860000,4471118.00000000,351285.01070000
1744358400000,0.07860000,0.08000000,0.07820000,0.07870000,8736030.00000000,691642.75590000
1744372800000,0.07880000,0.08000000,0.07800000,0.07900000,18249450.00000000,1439420.87870000
1744387200000,0.07910000,0.08010000,0.07860000,0.07920000,6276786.00000000,498285.10010000
1744401600000,0.07930000,0.08060000,0.07910000,0.07930000,4142380.00000000,330357.05620000
1744416000000,0.07930000,0.07960000,0.07860000,0.07930000,3807845.00000000,301218.65740000
1744430400000,0.07920000,0.08050000,0.07890000,0.07990000,4078483.00000000,325795.13820000
1744444800000,0.07980000,0.08070000,0.07950000,0.08030000,4958654.00000000,397546.02170000
1744459200000,0.08030000,0.08400000,0.08020000,0.08320000,17253264.00000000,1420601.06120000
1744473600000,0.08320000,0.08360000,0.08230000,0.08260000,4941936.00000000,409007.51390000
1744488000000,0.08270000,0.08340000,0.08220000,0.08230000,3842499.00000000,318031.57880000
1744502400000,0.08240000,0.08270000,0.08130000,0.08160000,3583981.00000000,293739.86570000
1744516800000,0.08160000,0.08160000,0.08050000,0.08120000,3495615.00000000,283375.42200000
1744531200000,0.08110000,0.08280000,0.08090000,0.08180000,6153703.00000000,504884.11220000
1744545600000,0.08190000,0.08200000,0.08020000,0.08060000,7471539.00000000,602960.02840000
1744560000000,0.08070000,0.08300000,0.07890000,0.07990000,8187074.00000000,662136.40730000
1744574400000,0.07990000,0.08090000,0.07780000,0.07870000,7816752.00000000,617914.77350000
1744588800000,0.07870000,0.08140000,0.07840000,0.07920000,7707733.00000000,616669.77930000
1744603200000,0.07920000,0.08010000,0.07810000,0.07890000,7448858.00000000,587416.67930000
1744617600000,0.07910000,0.08100000,0.07850000,0.08080000,7536186.00000000,600616.35460000
1744632000000,0.08080000,0.08140000,0.07820000,0.07840000,12201116.00000000,975707.45050000
1744646400000,0.07840000,0.07940000,0.07770000,0.07880000,11570050.00000000,911398.32570000
1744660800000,0.07880000,0.07910000,0.07750000,0.07820000,4970482.00000000,389510.88230000
1744675200000,0.07820000,0.07960000,0.07770000,0.07940000,5094169.00000000,399893.73780000
1744689600000,0.07940000,0.08030000,0.07930000,0.08010000,4353844.00000000,347217.40810000
1744704000000,0.08010000,0.08060000,0.07890000,0.07910000,5424544.00000000,433300.59100000
1744718400000,0.07920000,0.08060000,0.07820000,0.07880000,8921436.00000000,707163.74250000
1744732800000,0.07880000,0.07900000,0.07730000,0.07790000,7506914.00000000,585916.01890000
1744747200000,0.07800000,0.07850000,0.07710000,0.07750000,7199575.00000000,559672.60130000
1744761600000,0.07760000,0.07870000,0.07720000,0.07820000,4828314.00000000,376151.92910000
1744776000000,0.07810000,0.07860000,0.07680000,0.07680000,4678206.00000000,363557.27590000
1744790400000,0.07680000,0.07780000,0.07620000,0.07740000,3981344.00000000,307372.43950000
1744804800000,0.07750000,0.07880000,0.07660000,0.07750000,9010998.00000000,698697.45680000
1744819200000,0.07750000,0.07780000,0.07500000,0.07730000,22295948.00000000,1704079.71950000
1744833600000,0.07730000,0.07790000,0.07600000,0.07630000,5582937.00000000,429032.08270000
1744848000000,0.07630000,0.07690000,0.07560000,0.07600000,5741132.00000000,437217.24960000
1744862400000,0.07600000,0.07790000,0.07560000,0.07740000,5312289.00000000,409170.55040000
1744876800000,0.07750000,0.07760000,0.07640000,0.07670000,4625677.00000000,356005.48620000
1744891200000,0.07680000,0.07740000,0.07520000,0.07670000,10910100.00000000,834575.57370000
1744905600000,0.07670000,0.07820000,0.07640000,0.07680000,12490953.00000000,965760.12940000
1744920000000,0.07690000,0.07740000,0.07500000,0.07570000,7761188.00000000,592323.09640000
1744934400000,0.07570000,0.07700000,0.07510000,0.07680000,6951015.00000000,527398.63320000
1744948800000,0.07680000,0.07800000,0.07650000,0.07760000,3983822.00000000,308012.64270000
1744963200000,0.07770000,0.07810000,0.07710000,0.07750000,4297059.00000000,333522.04510000
1744977600000,0.07760000,0.07820000,0.07710000,0.07720000,6200279.00000000,480953.91990000
1744992000000,0.07730000,0.07850000,0.07710000,0.07820000,8813558.00000000,686176.05210000
1745006400000,0.07820000,0.07860000,0.07730000,0.07790000,8606071.00000000,670124.08870000
1745020800000,0.07790000,0.08080000,0.07780000,0.08060000,5188869.00000000,412198.08830000
1745035200000,0.08070000,0.08120000,0.08020000,0.08090000,4523227.00000000,364553.67630000
1745049600000,0.08100000,0.08150000,0.08040000,0.08070000,5716562.00000000,462731.09610000
1745064000000,0.08080000,0.08150000,0.08020000,0.08110000,3543936.00000000,286329.05520000
1745078400000,0.08100000,0.08260000,0.08080000,0.08150000,21204993.00000000,1733100.42740000
1745092800000,0.08150000,0.08290000,0.08140000,0.08200000,11104440.00000000,911200.38900000
1745107200000,0.08200000,0.08250000,0.08160000,0.08230000,3890800.00000000,319217.02110000
1745121600000,0.08240000,0.08360000,0.08130000,0.08160000,4331529.00000000,357429.99590000
1745136000000,0.08160000,0.08320000,0.08020000,0.08050000,22782112.00000000,1863595.62110000
1745150400000,0.08060000,0.08160000,0.08020000,0.08150000,5913526.00000000,479027.47050000
1745164800000,0.08160000,0.08380000,0.08150000,0.08360000,7968410.00000000,659909.26750000
1745179200000,0.08350000,0.08480000,0.08310000,0.08330000,15104468.00000000,1269821.83940000
1745193600000,0.08330000,0.08540000,0.08320000,0.08410000,9576515.00000000,810123.52770000
1745208000000,0.08420000,0.08580000,0.08340000,0.08530000,7301466.00000000,617666.03990000
1745222400000,0.08540000,0.08630000,0.08440000,0.08470000,13511594.00000000,1156001.53910000
1745236800000,0.08480000,0.08600000,0.08440000,0.08490000,10037043.00000000,855439.46150000
1745251200000,0.08490000,0.08520000,0.08250000,0.08370000,19584157.00000000,1638779.29190000
1745265600000,0.08370000,0.08390000,0.08220000,0.08290000,5314758.00000000,441230.12450000
1745280000000,0.08290000,0.08420000,0.08150000,0.08320000,6332229.00000000,524775.48440000
1745294400000,0.08320000,0.08380000,0.08140000,0.08380000,3707736.00000000,306497.55370000
1745308800000,0.08380000,0.08540000,0.08340000,0.08520000,6472415.00000000,544863.86570000
1745323200000,0.08520000,0.08810000,0.08460000,0.08760000,14308729.00000000,1235029.76440000
1745337600000,0.08750000,0.08810000,0.08680000,0.08750000,6833645.00000000,598049.28970000
1745352000000,0.08760000,0.08990000,0.08690000,0.08950000,8373855.00000000,742710.57570000
1745366400000,0.08950000,0.09110000,0.08900000,0.09110000,6231499.00000000,560405.76390000
1745380800000,0.09120000,0.09210000,0.09040000,0.09150000,7485508.00000000,682781.69520000
1745395200000,0.09140000,0.09210000,0.08990000,0.09170000,7981919.00000000,727855.06930000
1745409600000,0.09170000,0.09300000,0.08920000,0.09120000,17393778.00000000,1588920.20770000
1745424000000,0.09130000,0.09180000,0.08940000,0.09020000,9268297.00000000,841548.91120000
1745438400000,0.09020000,0.09120000,0.09020000,0.09060000,3772500.00000000,342140.69270000
1745452800000,0.09060000,0.09110000,0.08820000,0.08830000,5371283.00000000,481855.19880000
1745467200000,0.08840000,0.08930000,0.08790000,0.08810000,7700343.00000000,682545.75860000
1745481600000,0.08820000,0.08940000,0.08710000,0.08930000,6483037.00000000,572867.45310000
1745496000000,0.08930000,0.09480000,0.08880000,0.09370000,14060086.00000000,1295210.66240000
1745510400000,0.09380000,0.09470000,0.09220000,0.09360000,7638978.00000000,714837.01630000
1745524800000,0.09360000,0.09550000,0.09330000,0.09510000,7755979.00000000,731267.92590000
1745539200000,0.09510000,0.09660000,0.09350000,0.09530000,8381753.00000000,797556.64380000
1745553600000,0.09530000,0.10050000,0.09500000,0.10050000,15313329.00000000,1501609.60570000
1745568000000,0.10050000,0.10350000,0.10000000,0.10320000,22760788.00000000,2320649.26270000
1745582400000,0.10330000,0.10450000,0.10080000,0.10230000,15658473.00000000,1603508.10350000
1745596800000,0.10230000,0.10290000,0.10020000,0.10090000,7446492.00000000,754980.90610000
1745611200000,0.10100000,0.10160000,0.09950000,0.10070000,5447663.00000000,548654.67610000
1745625600000,0.10080000,0.10540000,0.10080000,0.10480000,8840093.00000000,918200.82920000
1745640000000,0.10480000,0.10680000,0.10360000,0.10490000,10662406.00000000,1123198.20330000
1745654400000,0.10490000,0.10580000,0.10110000,0.10150000,8592687.00000000,887738.46050000
1745668800000,0.10150000,0.10290000,0.10030000,0.10270000,7575316.00000000,768392.78450000
1745683200000,0.10280000,0.10330000,0.10150000,0.10310000,3765595.00000000,385871.45440000
1745697600000,0.10300000,0.10390000,0.10170000,0.10360000,8743541.00000000,896878.18100000
1745712000000,0.10360000,0.10450000,0.10030000,0.10170000,6928662.00000000,710004.20630000
1745726400000,0.10160000,0.10440000,0.10040000,0.10160000,15820238.00000000,1621157.05960000
1745740800000,0.10160000,0.10240000,0.10080000,0.10080000,4686115.00000000,475639.84260000
1745755200000,0.10090000,0.10160000,0.09920000,0.09930000,8725969.00000000,874887.61880000
1745769600000,0.09940000,0.10020000,0.09830000,0.10010000,4073149.00000000,404789.25630000
1745784000000,0.10010000,0.10020000,0.09790000,0.09800000,4076247.00000000,403166.35580000
1745798400000,0.09800000,0.09980000,0.09560000,0.09940000,7630725.00000000,742686.35380000
1745812800000,0.09950000,0.10070000,0.09680000,0.09950000,16314098.00000000,1603165.02800000
1745827200000,0.09950000,0.10150000,0.09910000,0.10040000,11083989.00000000,1113695.19220000
1745841600000,0.10050000,0.10070000,0.09610000,0.09680000,7664430.00000000,756217.96670000
1745856000000,0.09680000,0.09970000,0.09580000,0.09940000,5965525.00000000,583543.85050000
1745870400000,0.09940000,0.09950000,0.09810000,0.09900000,3489444.00000000,344431.39760000
1745884800000,0.09900000,0.10000000,0.09830000,0.09980000,4195186.00000000,416191.57030000
1745899200000,0.09980000,0.10150000,0.09870000,0.10140000,6367674.00000000,638214.14070000
1745913600000,0.10140000,0.10200000,0.09910000,0.09970000,4994785.00000000,503158.66240000
1745928000000,0.09980000,0.10040000,0.09780000,0.09940000,5706867.00000000,565630.52290000
1745942400000,0.09940000,0.10040000,0.09900000,0.09920000,3083420.00000000,306828.51370000
1745956800000,0.09930000,0.09950000,0.09570000,0.09700000,5995386.00000000,582477.74660000
1745971200000,0.09700000,0.09810000,0.09630000,0.09800000,3588870.00000000,349117.10660000
1745985600000,0.09790000,0.09900000,0.09710000,0.09750000,3217503.00000000,316235.81890000
1746000000000,0.09750000,0.09840000,0.09680000,0.09820000,3303086.00000000,322748.41190000
1746014400000,0.09820000,0.09820000,0.09260000,0.09480000,10902951.00000000,1033117.45320000
1746028800000,0.09480000,0.09630000,0.09410000,0.09520000,5720253.00000000,543691.69440000
1746043200000,0.09510000,0.09640000,0.09500000,0.09610000,4587142.00000000,439390.51460000
1746057600000,0.09620000,0.09840000,0.09600000,0.09660000,4808570.00000000,467359.97660000
1746072000000,0.09670000,0.09770000,0.09580000,0.09730000,4280931.00000000,414302.45230000
1746086400000,0.09730000,0.10030000,0.09710000,0.09970000,8079671.00000000,799864.20700000
1746100800000,0.09980000,0.10090000,0.09840000,0.09930000,6185785.00000000,616247.29970000
1746115200000,0.09940000,0.10290000,0.09880000,0.10230000,13538271.00000000,1368500.06180000
1746129600000,0.10240000,0.10440000,0.09980000,0.10060000,16956217.00000000,1736174.79640000
1746144000000,0.10060000,0.10200000,0.09960000,0.10100000,8135029.00000000,822551.07720000
1746158400000,0.10100000,0.10120000,0.09910000,0.09940000,11234672.00000000,1125148.84610000
1746172800000,0.09940000,0.10080000,0.09940000,0.09950000,3861893.00000000,386566.95740000
1746187200000,0.09960000,0.10130000,0.09900000,0.10010000,6268035.00000000,627365.34690000
1746201600000,0.10020000,0.10120000,0.09730000,0.09760000,13416902.00000000,1332081.11340000
1746216000000,0.09760000,0.09870000,0.09740000,0.09820000,4009324.00000000,393666.93010000
1746230400000,0.09810000,0.09840000,0.09670000,0.09740000,2692155.00000000,262401.85180000
1746244800000,0.09740000,0.09780000,0.09630000,0.09660000,2584831.00000000,250577.17280000
1746259200000,0.09660000,0.09690000,0.09490000,0.09500000,4843180.00000000,462979.46640000
1746273600000,0.09490000,0.09630000,0.09490000,0.09560000,3620565.00000000,346306.34560000
1746288000000,0.09560000,0.09570000,0.09270000,0.09530000,8067569.00000000,759277.34290000
1746302400000,0.09530000,0.09540000,0.09330000,0.09330000,4644804.00000000,437563.70700000
1746316800000,0.09330000,0.09400000,0.09180000,0.09190000,7544642.00000000,700578.06430000
1746331200000,0.09190000,0.09280000,0.09150000,0.09180000,4194861.00000000,385980.09670000
1746345600000,0.09190000,0.09200000,0.09070000,0.09130000,5016160.00000000,457698.15850000
1746360000000,0.09130000,0.09170000,0.09010000,0.09100000,4949792.00000000,450586.25080000
1746374400000,0.09100000,0.09130000,0.08960000,0.09010000,6609231.00000000,597338.51260000
1746388800000,0.09010000,0.09110000,0.08960000,0.08990000,4413011.00000000,398481.42730000
1746403200000,0.08990000,0.09150000,0.08880000,0.09060000,6105140.00000000,551358.07380000
1746417600000,0.09060000,0.09190000,0.09050000,0.09130000,3152243.00000000,287194.44600000
1746432000000,0.09120000,0.09150000,0.08930000,0.08960000,4580619.00000000,415280.43760000
1746446400000,0.08960000,0.09010000,0.08880000,0.08950000,7270611.00000000,651047.93710000
1746460800000,0.08940000,0.09260000,0.08930000,0.09080000,8582273.00000000,785456.43680000
1746475200000,0.09090000,0.09270000,0.08950000,0.09200000,12539918.00000000,1147022.65160000
1746489600000,0.09200000,0.09220000,0.09040000,0.09150000,7944543.00000000,724875.76780000
1746504000000,0.09150000,0.09190000,0.09070000,0.09080000,3515097.00000000,320592.11080000
1746518400000,0.09080000,0.09080000,0.08590000,0.08770000,14736585.00000000,1303092.68750000
1746532800000,0.08760000,0.08930000,0.08680000,0.08790000,10467477.00000000,918790.39770000
1746547200000,0.08780000,0.08920000,0.08710000,0.08840000,5771340.00000000,507993.30710000
1746561600000,0.08840000,0.09010000,0.08610000,0.08990000,5740569.00000000,507609.83950000
1746576000000,0.09000000,0.09180000,0.08960000,0.09070000,6196771.00000000,562443.69130000
1746590400000,0.09060000,0.09170000,0.09010000,0.09160000,3508890.00000000,318386.19060000
1746604800000,0.09160000,0.09260000,0.09120000,0.09160000,4023785.00000000,369895.39780000
1746619200000,0.09160000,0.09220000,0.09000000,0.09030000,8153906.00000000,744680.70010000
1746633600000,0.09020000,0.09040000,0.08860000,0.08920000,9666944.00000000,865318.54320000
1746648000000,0.08920000,0.09180000,0.08890000,0.09140000,4063973.00000000,367912.55290000
1746662400000,0.09140000,0.09640000,0.09130000,0.09630000,8764459.00000000,823767.45080000
1746676800000,0.09630000,0.09720000,0.09550000,0.09680000,6244929.00000000,601780.83900000
1746691200000,0.09680000,0.09810000,0.09670000,0.09800000,8380663.00000000,816781.28330000
1746705600000,0.09800000,0.10100000,0.09720000,0.09980000,15888772.00000000,1570360.45070000
1746720000000,0.09980000,0.10100000,0.09950000,0.10080000,8911165.00000000,892666.07730000
1746734400000,0.10090000,0.10390000,0.10030000,0.10390000,16923906.00000000,1729729.41240000
1746748800000,0.10380000,0.10520000,0.10260000,0.10330000,12153537.00000000,1260448.63550000
1746763200000,0.10330000,0.10760000,0.10310000,0.10620000,15968146.00000000,1685106.26680000
1746777600000,0.10620000,0.11180000,0.10470000,0.11100000,50391508.00000000,5433444.63160000
1746792000000,0.11110000,0.11380000,0.10980000,0.11100000,25176884.00000000,2815835.52360000
1746806400000,0.11110000,0.11160000,0.10910000,0.11000000,11690467.00000000,1288993.97740000
1746820800000,0.11000000,0.11230000,0.10980000,0.11220000,5268489.00000000,584996.01120000
1746835200000,0.11220000,0.11620000,0.11150000,0.11610000,12188264.00000000,1388371.11990000
1746849600000,0.11610000,0.11990000,0.11500000,0.11920000,20687209.00000000,2438157.19050000
1746864000000,0.11910000,0.12060000,0.11540000,0.11600000,16738474.00000000,1978908.76630000
1746878400000,0.11610000,0.11940000,0.11600000,0.11720000,10960110.00000000,1290835.41260000
1746892800000,0.11720000,0.12130000,0.11680000,0.12110000,13082955.00000000,1563922.29200000
1746907200000,0.12100000,0.12580000,0.12010000,0.12540000,16914252.00000000,2093460.77780000
1746921600000,0.12540000,0.12620000,0.12050000,0.12230000,16224053.00000000,1989453.54140000
1746936000000,0.12230000,0.12400000,0.11730000,0.11840000,11059170.00000000,1337647.24590000
1746950400000,0.11840000,0.12040000,0.11760000,0.12030000,6353746.00000000,757610.50210000
1746964800000,0.12020000,0.12070000,0.11630000,0.11720000,7444975.00000000,880498.79920000
1746979200000,0.11730000,0.11970000,0.11490000,0.11930000,8669962.00000000,1014574.81510000
1746993600000,0.11930000,0.11970000,0.11730000,0.11830000,8150828.00000000,963835.20020000
1747008000000,0.11830000,0.12140000,0.11710000,0.12100000,8370867.00000000,1001354.27420000
1747022400000,0.12090000,0.12560000,0.11810000,0.12240000,17405617.00000000,2122126.43190000
1747036800000,0.12240000,0.12520000,0.12070000,0.12110000,15626564.00000000,1926341.52860000
1747051200000,0.12100000,0.12380000,0.11720000,0.11790000,21172284.00000000,2540897.01210000
1747065600000,0.11780000,0.12000000,0.11240000,0.11620000,16904520.00000000,1966302.22160000
1747080000000,0.11610000,0.11960000,0.11540000,0.11830000,4836514.00000000,569983.43310000
1747094400000,0.11830000,0.11870000,0.11170000,0.11170000,9778066.00000000,1117971.31220000
1747108800000,0.11170000,0.11760000,0.11120000,0.11620000,6845776.00000000,787809.16190000
1747123200000,0.11630000,0.12080000,0.11600000,0.11990000,10484762.00000000,1247458.64760000
1747137600000,0.12000000,0.12170000,0.11810000,0.12120000,11616626.00000000,1394338.68370000
1747152000000,0.12120000,0.12760000,0.12090000,0.12660000,16196175.00000000,2011930.23590000
1747166400000,0.12660000,0.13080000,0.12530000,0.12790000,16343309.00000000,2094685.80740000
1747180800000,0.12800000,0.13120000,0.12730000,0.12810000,10985244.00000000,1421167.78500000
1747195200000,0.12800000,0.12940000,0.12570000,0.12630000,9301490.00000000,1188662.23180000
1747209600000,0.12630000,0.12670000,0.12270000,0.12560000,11291771.00000000,1409109.65480000
1747224000000,0.12560000,0.12640000,0.12140000,0.12270000,9710981.00000000,1196720.59190000
1747238400000,0.12270000,0.12390000,0.12120000,0.12310000,6589026.00000000,808920.53630000
1747252800000,0.12310000,0.12350000,0.12040000,0.12180000,3624775.00000000,442439.88690000
1747267200000,0.12180000,0.12330000,0.11880000,0.11950000,4683402.00000000,565527.23960000
1747281600000,0.11950000,0.12000000,0.11390000,0.11440000,9141398.00000000,1065851.90080000
1747296000000,0.11440000,0.11600000,0.11220000,0.11470000,8425648.00000000,963127.05500000
1747310400000,0.11480000,0.11700000,0.11200000,0.11680000,14587986.00000000,1669338.43260000
1747324800000,0.11670000,0.11870000,0.11360000,0.11500000,7101587.00000000,825285.45010000
1747339200000,0.11500000,0.11580000,0.11120000,0.11410000,7606401.00000000,867885.51640000
1747353600000,0.11410000,0.11610000,0.11230000,0.11520000,7484382.00000000,857912.51740000
1747368000000,0.11520000,0.11550000,0.11340000,0.11450000,5692163.00000000,650843.50300000
1747382400000,0.11450000,0.11650000,0.11260000,0.11510000,9038686.00000000,1037097.53510000
1747396800000,0.11520000,0.11590000,0.11230000,0.11340000,13184320.00000000,1503365.56820000
1747411200000,0.11340000,0.11410000,0.11180000,0.11280000,4105488.00000000,463085.12210000
1747425600000,0.11270000,0.11290000,0.10900000,0.11010000,9692454.00000000,1072901.65060000
1747440000000,0.11020000,0.11060000,0.10550000,0.10740000,9238124.00000000,992852.76950000
1747454400000,0.10740000,0.10910000,0.10680000,0.10800000,4404745.00000000,475726.58380000
1747468800000,0.10800000,0.10810000,0.10620000,0.10700000,3403401.00000000,364702.22280000
1747483200000,0.10700000,0.10730000,0.10510000,0.10640000,4717050.00000000,500625.14040000
1747497600000,0.10640000,0.10670000,0.10390000,0.10520000,8131357.00000000,858836.83210000
1747512000000,0.10540000,0.10720000,0.10440000,0.10560000,5881552.00000000,623597.36220000
1747526400000,0.10560000,0.10650000,0.10500000,0.10570000,5181807.00000000,547833.24860000
1747540800000,0.10560000,0.11040000,0.10550000,0.11040000,4045393.00000000,439701.82710000
1747555200000,0.11040000,0.11180000,0.11000000,0.11000000,5499471.00000000,610804.67220000
1747569600000,0.10990000,0.11590000,0.10890000,0.11550000,9902823.00000000,1116319.46980000
1747584000000,0.11550000,0.11650000,0.10770000,0.10790000,15111285.00000000,1698052.84710000
1747598400000,0.10770000,0.11510000,0.10540000,0.11450000,9720811.00000000,1053554.39880000
1747612800000,0.11450000,0.11490000,0.10750000,0.10780000,11363561.00000000,1255014.52960000
1747627200000,0.10780000,0.10850000,0.10500000,0.10710000,9279465.00000000,990463.22010000
1747641600000,0.10700000,0.10720000,0.10540000,0.10660000,8882249.00000000,944270.68110000
1747656000000,0.10660000,0.10980000,0.10450000,0.10930000,9305589.00000000,998269.38260000
1747670400000,0.10930000,0.11210000,0.10840000,0.10990000,9213105.00000000,1012766.82280000
1747684800000,0.10990000,0.11060000,0.10870000,0.11040000,3537143.00000000,387632.93780000
1747699200000,0.11050000,0.11430000,0.10900000,0.11140000,6818536.00000000,762270.90370000
1747713600000,0.11140000,0.11220000,0.10880000,0.10910000,5434923.00000000,601154.60210000
1747728000000,0.10900000,0.10940000,0.10590000,0.10710000,5974379.00000000,642972.22700000
1747742400000,0.10700000,0.10840000,0.10580000,0.10800000,8693578.00000000,931229.16770000
1747756800000,0.10800000,0.11020000,0.10600000,0.10970000,19617880.00000000,2120558.97310000
1747771200000,0.10960000,0.11220000,0.10920000,0.11080000,9866163.00000000,1093010.59600000
1747785600000,0.11080000,0.11350000,0.10890000,0.11260000,9914451.00000000,1101854.24930000
1747800000000,0.11270000,0.11470000,0.11120000,0.11190000,8529526.00000000,964253.49370000
1747814400000,0.11190000,0.11210000,0.10870000,0.11050000,6049223.00000000,666099.02960000
1747828800000,0.11050000,0.11300000,0.10950000,0.11270000,7281362.00000000,812188.21600000
1747843200000,0.11280000,0.11640000,0.10920000,0.11250000,16637904.00000000,1861138.86330000
1747857600000,0.11250000,0.11580000,0.11170000,0.11440000,8446266.00000000,960643.85700000
1747872000000,0.11460000,0.11810000,0.11460000,0.11770000,7511045.00000000,872293.53730000
1747886400000,0.11770000,0.11850000,0.11650000,0.11810000,6316357.00000000,742010.78250000
1747900800000,0.11810000,0.12120000,0.11790000,0.11950000,12287460.00000000,1473726.93370000
1747915200000,0.11960000,0.12380000,0.11820000,0.12210000,12818804.00000000,1550435.98980000
1747929600000,0.12220000,0.12350000,0.12050000,0.12120000,8392397.00000000,1022889.63100000
1747944000000,0.12120000,0.12260000,0.11960000,0.12220000,6043615.00000000,731463.14950000
1747958400000,0.12240000,0.12520000,0.12070000,0.12390000,16094206.00000000,1987254.66750000
1747972800000,0.12390000,0.12420000,0.11790000,0.11850000,11983982.00000000,1442423.04830000
1747987200000,0.11850000,0.12180000,0.11410000,0.11490000,19785401.00000000,2329567.16940000
1748001600000,0.11500000,0.11690000,0.11140000,0.11430000,25019354.00000000,2864590.78600000
1748016000000,0.11440000,0.11610000,0.11330000,0.11340000,7784972.00000000,890481.52360000
1748030400000,0.11340000,0.11360000,0.10830000,0.10930000,9230233.00000000,1024768.63450000
1748044800000,0.10930000,0.11170000,0.10830000,0.11080000,11144543.00000000,1231640.55920000
1748059200000,0.11090000,0.11140000,0.10920000,0.10940000,4240433.00000000,466987.51950000
1748073600000,0.10940000,0.11130000,0.10860000,0.11060000,5302841.00000000,583703.43270000
1748088000000,0.11060000,0.11090000,0.10960000,0.11010000,4293353.00000000,473032.52450000
1748102400000,0.11010000,0.11080000,0.10870000,0.10940000,3781037.00000000,414369.79860000
1748116800000,0.10940000,0.10990000,0.10730000,0.10800000,5543193.00000000,601374.28910000
1748131200000,0.10800000,0.10850000,0.10500000,0.10710000,5540137.00000000,589794.77320000
1748145600000,0.10710000,0.10760000,0.10560000,0.10600000,2191723.00000000,233898.76850000
1748160000000,0.10590000,0.10590000,0.10390000,0.10540000,5044536.00000000,528403.96180000
1748174400000,0.10540000,0.10710000,0.10370000,0.10540000,5594931.00000000,590197.89000000
1748188800000,0.10540000,0.10620000,0.10390000,0.10570000,4661388.00000000,489001.06960000
1748203200000,0.10570000,0.11030000,0.10470000,0.11030000,5026690.00000000,540570.37630000
1748217600000,0.11030000,0.11260000,0.10980000,0.11170000,6117097.00000000,681492.37750000
1748232000000,0.11170000,0.11500000,0.11150000,0.11420000,6946992.00000000,786077.76550000
1748246400000,0.11440000,0.11490000,0.11110000,0.11170000,7225015.00000000,815616.56510000
1748260800000,0.11180000,0.11320000,0.10940000,0.11220000,10013971.00000000,1114727.82480000
1748275200000,0.11230000,0.11290000,0.10790000,0.10860000,8768046.00000000,960552.96770000
1748289600000,0.10850000,0.11090000,0.10800000,0.11020000,5026347.00000000,551075.11850000
1748304000000,0.11020000,0.11100000,0.10680000,0.10920000,5161154.00000000,559669.28580000
1748318400000,0.10930000,0.11290000,0.10840000,0.11210000,6163019.00000000,684305.45030000
1748332800000,0.11220000,0.11340000,0.11190000,0.11300000,7163643.00000000,807193.26640000
1748347200000,0.11310000,0.11520000,0.11070000,0.11290000,11730591.00000000,1326577.46870000
1748361600000,0.11290000,0.11480000,0.11230000,0.11290000,6518250.00000000,739961.84910000
1748376000000,0.11290000,0.11360000,0.11090000,0.11160000,3973518.00000000,446473.49320000
1748390400000,0.11150000,0.11240000,0.11010000,0.11220000,5922743.00000000,659727.78210000
1748404800000,0.11210000,0.11320000,0.11040000,0.11040000,7301995.00000000,815224.22380000
1748419200000,0.11040000,0.11120000,0.10850000,0.11120000,7465985.00000000,819972.98180000
1748433600000,0.11130000,0.11370000,0.10720000,0.10760000,13177039.00000000,1451244.14110000
1748448000000,0.10780000,0.11030000,0.10640000,0.10660000,18771858.00000000,2041076.93540000
1748462400000,0.10650000,0.11140000,0.10640000,0.11130000,11413008.00000000,1239372.39370000
1748476800000,0.11120000,0.11390000,0.11040000,0.11210000,13982921.00000000,1569586.74350000
1748491200000,0.11220000,0.11240000,0.10900000,0.11030000,7895739.00000000,871291.32890000
1748505600000,0.11040000,0.11120000,0.10950000,0.11060000,6426611.00000000,708671.47060000
1748520000000,0.11060000,0.11060000,0.10700000,0.10790000,11319523.00000000,1230401.19610000
1748534400000,0.10790000,0.10840000,0.10560000,0.10610000,8512065.00000000,912431.51350000
1748548800000,0.10620000,0.10730000,0.10470000,0.10530000,7958615.00000000,844219.98150000
1748563200000,0.10540000,0.10600000,0.09920000,0.10200000,26371811.00000000,2689475.12780000
1748577600000,0.10200000,0.10200000,0.09820000,0.09920000,13539312.00000000,1355637.06800000
1748592000000,0.09930000,0.10020000,0.09810000,0.09940000,13599817.00000000,1349687.51430000
1748606400000,0.09930000,0.10010000,0.09760000,0.09830000,12451588.00000000,1229437.60500000
1748620800000,0.09830000,0.09900000,0.09410000,0.09650000,24567657.00000000,2360393.25030000
1748635200000,0.09650000,0.09670000,0.09080000,0.09230000,13608139.00000000,1271423.81970000
1748649600000,0.09230000,0.09270000,0.08920000,0.09090000,16263400.00000000,1474326.90630000
1748664000000,0.09090000,0.09380000,0.09040000,0.09350000,6067607.00000000,559953.35050000
1748678400000,0.09350000,0.09400000,0.09240000,0.09280000,7259830.00000000,676958.33870000
1748692800000,0.09280000,0.09600000,0.09270000,0.09480000,7270069.00000000,691099.21230000
1748707200000,0.09480000,0.09630000,0.09430000,0.09580000,5200914.00000000,496223.15740000
1748721600000,0.09570000,0.09700000,0.09480000,0.09510000,10394078.00000000,998285.21320000
1748736000000,0.09510000,0.09550000,0.09350000,0.09460000,4538256.00000000,429023.43450000
1748750400000,0.09460000,0.09590000,0.09420000,0.09490000,3219017.00000000,305851.36850000
1748764800000,0.09490000,0.09510000,0.09260000,0.09410000,4944119.00000000,463171.71340000
1748779200000,0.09410000,0.09630000,0.09330000,0.09560000,5528453.00000000,523660.58010000
1748793600000,0.09570000,0.09680000,0.09380000,0.09520000,9775660.00000000,933771.47600000
1748808000000,0.09520000,0.09670000,0.09470000,0.09610000,3074010.00000000,294465.78920000
1748822400000,0.09620000,0.09650000,0.09420000,0.09450000,2469229.00000000,235416.91880000
1748836800000,0.09450000,0.09570000,0.09350000,0.09490000,3215913.00000000,304228.06110000
1748851200000,0.09500000,0.09570000,0.09290000,0.09370000,5845077.00000000,547712.50020000
1748865600000,0.09370000,0.09550000,0.09330000,0.09510000,7482407.00000000,706684.83040000
1748880000000,0.09500000,0.09610000,0.09350000,0.09420000,3532495.00000000,335026.12190000
1748894400000,0.09420000,0.09830000,0.09420000,0.09790000,5287454.00000000,512671.87880000
1748908800000,0.09780000,0.10100000,0.09760000,0.09800000,7979401.00000000,791521.82870000
1748923200000,0.09800000,0.09920000,0.09730000,0.09820000,5619339.00000000,553263.63730000
1748937600000,0.09820000,0.09900000,0.09720000,0.09830000,4193705.00000000,412356.03960000
1748952000000,0.09830000,0.10050000,0.09790000,0.09960000,8938811.00000000,889710.33740000
1748966400000,0.09970000,0.10030000,0.09870000,0.09960000,6113827.00000000,608329.27060000
1748980800000,0.09960000,0.09960000,0.09730000,0.09740000,6209273.00000000,609352.81180000
1748995200000,0.09750000,0.09980000,0.09680000,0.09840000,5468580.00000000,538714.36110000
1749009600000,0.09860000,0.09870000,0.09740000,0.09810000,3042519.00000000,298560.66240000
1749024000000,0.09810000,0.09890000,0.09700000,0.09700000,4888894.00000000,478710.49200000
1749038400000,0.09700000,0.09800000,0.09530000,0.09800000,8078404.00000000,780037.45860000
1749052800000,0.09790000,0.09800000,0.09560000,0.09560000,4094930.00000000,396051.60380000
1749067200000,0.09560000,0.09570000,0.09390000,0.09440000,6191931.00000000,586271.47630000
1749081600000,0.09440000,0.09550000,0.09400000,0.09500000,4614115.00000000,437100.09120000
1749096000000,0.09510000,0.09560000,0.09360000,0.09460000,6374926.00000000,603157.72820000
1749110400000,0.09470000,0.09490000,0.09310000,0.09380000,4042269.00000000,379630.65630000
1749124800000,0.09380000,0.09570000,0.09220000,0.09320000,15562485.00000000,1460205.64730000
1749139200000,0.09310000,0.09320000,0.08820000,0.08920000,15552664.00000000,1401726.76680000
1749153600000,0.08920000,0.08940000,0.08590000,0.08710000,15861497.00000000,1383640.32650000
1749168000000,0.08710000,0.08950000,0.08660000,0.08910000,6150738.00000000,541184.96540000
1749182400000,0.08910000,0.09010000,0.08890000,0.08930000,6104337.00000000,546790.94050000
1749196800000,0.08930000,0.09010000,0.08910000,0.08970000,4852307.00000000,434509.55380000
1749211200000,0.08980000,0.09280000,0.08980000,0.09190000,9214816.00000000,841013.32880000
1749225600000,0.09190000,0.09220000,0.08950000,0.08960000,6585751.00000000,598217.15070000
1749240000000,0.08970000,0.09070000,0.08900000,0.08930000,4295550.00000000,385157.47580000
1749254400000,0.08930000,0.09200000,0.08900000,0.09180000,3815486.00000000,345330.09880000
1749268800000,0.09190000,0.09310000,0.09150000,0.09280000,4131635.00000000,381328.09180000
1749283200000,0.09280000,0.09340000,0.09220000,0.09300000,3019569.00000000,280087.58890000
1749297600000,0.09300000,0.09350000,0.09170000,0.09190000,5108662.00000000,473672.31370000
1749312000000,0.09200000,0.09250000,0.09120000,0.09130000,6472788.00000000,594050.49820000
1749326400000,0.09140000,0.09190000,0.09100000,0.09170000,5034592.00000000,460772.34730000
1749340800000,0.09180000,0.09180000,0.09090000,0.09090000,5521384.00000000,504113.89580000
1749355200000,0.09090000,0.09360000,0.09080000,0.09150000,8900825.00000000,819942.36760000
1749369600000,0.09160000,0.09210000,0.09070000,0.09180000,10280451.00000000,940084.75140000
1749384000000,0.09190000,0.09250000,0.09110000,0.09230000,7228607.00000000,663893.26400000
1749398400000,0.09240000,0.09290000,0.09170000,0.09270000,4474546.00000000,414106.80850000
1749412800000,0.09270000,0.09340000,0.09120000,0.09150000,5535874.00000000,511035.13870000
1749427200000,0.09150000,0.09200000,0.09030000,0.09080000,5784953.00000000,526462.99550000
1749441600000,0.09080000,0.09120000,0.08960000,0.09080000,5017204.00000000,453544.42580000
1749456000000,0.09080000,0.09420000,0.09050000,0.09400000,7765207.00000000,718775.39880000
1749470400000,0.09400000,0.09450000,0.09260000,0.09400000,10295027.00000000,964450.59250000
1749484800000,0.09410000,0.09560000,0.09400000,0.09430000,6619204.00000000,627504.01780000
1749499200000,0.09430000,0.09780000,0.09430000,0.09740000,12628908.00000000,1215047.72800000
1749513600000,0.09740000,0.09890000,0.09700000,0.09740000,9410801.00000000,921558.72000000
1749528000000,0.09740000,0.09800000,0.09540000,0.09650000,7201656.00000000,695342.05690000
1749542400000,0.09660000,0.09990000,0.09600000,0.09980000,11492380.00000000,1122732.21730000
1749556800000,0.09990000,0.10080000,0.09730000,0.09870000,15809696.00000000,1568200.70900000
1749571200000,0.09870000,0.10150000,0.09840000,0.10040000,10150065.00000000,1012081.51560000
1749585600000,0.10030000,0.10250000,0.09980000,0.10210000,9564286.00000000,969590.47150000
1749600000000,0.10220000,0.10260000,0.10020000,0.10100000,6389500.00000000,646478.68180000
1749614400000,0.10100000,0.10170000,0.10040000,0.10100000,5716780.00000000,577189.18890000
1749628800000,0.10110000,0.10140000,0.09840000,0.09920000,9073151.00000000,905463.29070000
1749643200000,0.09920000,0.10300000,0.09860000,0.10260000,15313714.00000000,1546267.28570000
1749657600000,0.10270000,0.10270000,0.09810000,0.09830000,9700214.00000000,973637.52290000
1749672000000,0.09830000,0.09900000,0.09620000,0.09710000,8522247.00000000,830201.24590000
1749686400000,0.09710000,0.09730000,0.09450000,0.09480000,6827536.00000000,655382.48030000
1749700800000,0.09480000,0.09530000,0.09350000,0.09370000,7995396.00000000,754939.25130000
1749715200000,0.09360000,0.09440000,0.09210000,0.09230000,9009727.00000000,840129.91440000
1749729600000,0.09240000,0.09530000,0.09190000,0.09290000,10263555.00000000,963578.07050000
1749744000000,0.09270000,0.09520000,0.09130000,0.09180000,6419392.00000000,599910.52570000
1749758400000,0.09170000,0.09220000,0.08960000,0.08970000,10677772.00000000,968640.56550000
1749772800000,0.08960000,0.08970000,0.08290000,0.08600000,39153863.00000000,3334836.83510000
1749787200000,0.08590000,0.08610000,0.08430000,0.08560000,13433863.00000000,1148315.58930000
1749801600000,0.08570000,0.08660000,0.08490000,0.08650000,10319500.00000000,883495.34730000
1749816000000,0.08650000,0.08740000,0.08500000,0.08680000,13099804.00000000,1128254.16840000
1749830400000,0.08680000,0.08810000,0.08540000,0.08620000,7350851.00000000,635695.11330000
1749844800000,0.08620000,0.08840000,0.08610000,0.08820000,3254248.00000000,284180.54830000
1749859200000,0.08810000,0.08830000,0.08690000,0.08760000,4369833.00000000,383450.59270000
1749873600000,0.08750000,0.08850000,0.08730000,0.08800000,2404891.00000000,211600.22650000
1749888000000,0.08800000,0.08850000,0.08740000,0.08830000,2419587.00000000,212552.64240000
1749902400000,0.08830000,0.08880000,0.08660000,0.08700000,4214437.00000000,369196.01710000
1749916800000,0.08700000,0.08740000,0.08560000,0.08630000,3962727.00000000,342621.37020000
1749931200000,0.08620000,0.08760000,0.08550000,0.08710000,2986879.00000000,258865.08060000
1749945600000,0.08710000,0.08750000,0.08660000,0.08690000,2218724.00000000,193196.72210000
1749960000000,0.08700000,0.08790000,0.08630000,0.08670000,2698347.00000000,234715.62380000
1749974400000,0.08670000,0.08690000,0.08600000,0.08670000,3515122.00000000,303514.31610000
1749988800000,0.08660000,0.08770000,0.08610000,0.08660000,4187757.00000000,363838.56900000
1750003200000,0.08670000,0.08700000,0.08580000,0.08600000,5296122.00000000,457911.66950000
1750017600000,0.08610000,0.08700000,0.08480000,0.08660000,5051140.00000000,434533.51960000
1750032000000,0.08660000,0.08770000,0.08540000,0.08700000,5059294.00000000,438141.32050000
1750046400000,0.08700000,0.08970000,0.08690000,0.08950000,5122817.00000000,453171.28220000
1750060800000,0.08960000,0.09040000,0.08870000,0.08950000,5170935.00000000,464156.34320000
1750075200000,0.08950000,0.09110000,0.08860000,0.09040000,7856064.00000000,710160.27270000
1750089600000,0.09050000,0.09130000,0.09040000,0.09090000,3933375.00000000,357195.65810000
1750104000000,0.09080000,0.09180000,0.08740000,0.08760000,10720806.00000000,965905.17690000
1750118400000,0.08770000,0.08880000,0.08600000,0.08820000,7164987.00000000,625439.75260000
1750132800000,0.08820000,0.08830000,0.08670000,0.08690000,2459363.00000000,214719.45610000
1750147200000,0.08680000,0.08690000,0.08470000,0.08510000,6540002.00000000,561247.03620000
1750161600000,0.08510000,0.08610000,0.08320000,0.08390000,7673773.00000000,650557.13100000
1750176000000,0.08390000,0.08530000,0.08180000,0.08450000,10697565.00000000,890637.98530000
1750190400000,0.08450000,0.08500000,0.08290000,0.08380000,3801464.00000000,319538.86770000
1750204800000,0.08380000,0.08480000,0.08350000,0.08450000,2920604.00000000,246254.92450000
1750219200000,0.08450000,0.08530000,0.08390000,0.08430000,3286557.00000000,277790.61590000
1750233600000,0.08430000,0.08470000,0.08090000,0.08240000,7740792.00000000,638658.94890000
1750248000000,0.08240000,0.08330000,0.08010000,0.08240000,6464460.00000000,528119.68810000
1750262400000,0.08240000,0.08330000,0.08150000,0.08200000,5906144.00000000,486208.16710000
1750276800000,0.08190000,0.08470000,0.08160000,0.08450000,4692588.00000000,393893.64460000
1750291200000,0.08460000,0.08550000,0.08370000,0.08490000,3682596.00000000,311198.53940000
1750305600000,0.08480000,0.08550000,0.08410000,0.08410000,4822624.00000000,408065.75660000
1750320000000,0.08410000,0.08510000,0.08400000,0.08400000,3140846.00000000,265350.35980000
1750334400000,0.08410000,0.08450000,0.08270000,0.08310000,4030886.00000000,336534.18170000
1750348800000,0.08300000,0.08380000,0.08200000,0.08270000,3778566.00000000,313457.48770000
1750363200000,0.08270000,0.08420000,0.08250000,0.08380000,3677306.00000000,306573.30710000
1750377600000,0.08380000,0.08420000,0.08310000,0.08360000,1665518.00000000,139515.97380000
1750392000000,0.08350000,0.08480000,0.08260000,0.08470000,3527268.00000000,294299.44560000
1750406400000,0.08470000,0.08550000,0.08450000,0.08510000,5172266.00000000,439204.22750000
1750420800000,0.08510000,0.08550000,0.08210000,0.08240000,5439553.00000000,456127.75110000
1750435200000,0.08240000,0.08250000,0.07890000,0.08080000,15065006.00000000,1213689.30560000
1750449600000,0.08070000,0.08160000,0.07970000,0.08030000,4806812.00000000,386366.44690000
1750464000000,0.08030000,0.08200000,0.08020000,0.08170000,2956870.00000000,239196.22890000
1750478400000,0.08170000,0.08170000,0.08090000,0.08120000,2180179.00000000,177344.90460000
1750492800000,0.08110000,0.08140000,0.08070000,0.08090000,2710343.00000000,219678.07830000
1750507200000,0.08100000,0.08110000,0.07860000,0.07940000,6624437.00000000,526248.29390000
1750521600000,0.07940000,0.07980000,0.07720000,0.07730000,8782395.00000000,686725.29120000
1750536000000,0.07730000,0.07810000,0.07470000,0.07660000,15634625.00000000,1188813.89420000
1750550400000,0.07660000,0.07770000,0.07470000,0.07520000,11138848.00000000,845767.32190000
1750564800000,0.07520000,0.07640000,0.07490000,0.07550000,5446461.00000000,412642.07530000
1750579200000,0.07540000,0.07550000,0.07400000,0.07470000,6280180.00000000,469593.11170000
1750593600000,0.07470000,0.07510000,0.07060000,0.07170000,28610324.00000000,2070565.05730000
1750608000000,0.07170000,0.07270000,0.07120000,0.07150000,7237286.00000000,519627.97850000
1750622400000,0.07160000,0.07340000,0.06930000,0.07310000,12182326.00000000,872552.25090000
1750636800000,0.07310000,0.07420000,0.07300000,0.07340000,7105007.00000000,523035.20870000
1750651200000,0.07340000,0.07490000,0.07330000,0.07440000,4991301.00000000,370301.87720000
1750665600000,0.07440000,0.07460000,0.07380000,0.07410000,4811942.00000000,357471.25850000
1750680000000,0.07410000,0.07630000,0.07360000,0.07430000,11315990.00000000,850418.86470000
1750694400000,0.07430000,0.07710000,0.07230000,0.07690000,13929124.00000000,1041685.69590000
1750708800000,0.07690000,0.08180000,0.07680000,0.08140000,14126668.00000000,1130950.87700000
1750723200000,0.08150000,0.08260000,0.08140000,0.08170000,6933729.00000000,567821.62180000
1750737600000,0.08170000,0.08470000,0.08160000,0.08330000,8607017.00000000,718153.32770000
1750752000000,0.08340000,0.08370000,0.08210000,0.08240000,5128916.00000000,425080.90480000
1750766400000,0.08250000,0.08390000,0.08210000,0.08320000,8904458.00000000,739370.10120000
1750780800000,0.08320000,0.08540000,0.08220000,0.08280000,8530701.00000000,715122.28920000
1750795200000,0.08270000,0.08430000,0.08250000,0.08390000,4058130.00000000,338539.03330000
1750809600000,0.08400000,0.08460000,0.08350000,0.08350000,4170262.00000000,350240.17790000
1750824000000,0.08350000,0.08390000,0.08280000,0.08380000,2628395.00000000,218895.80690000
1750838400000,0.08380000,0.08400000,0.08190000,0.08340000,4151734.00000000,343505.87080000
1750852800000,0.08350000,0.08450000,0.08110000,0.08120000,5839457.00000000,485509.26120000
1750867200000,0.08130000,0.08240000,0.08090000,0.08180000,4422196.00000000,360592.31480000
1750881600000,0.08180000,0.08260000,0.08040000,0.08090000,3739935.00000000,304138.34380000
1750896000000,0.08090000,0.08340000,0.08050000,0.08210000,5559246.00000000,455195.47750000
1750910400000,0.08210000,0.08260000,0.08090000,0.08220000,4646216.00000000,379106.60740000
1750924800000,0.08230000,0.08260000,0.08070000,0.08110000,4560873.00000000,370378.99180000
1750939200000,0.08100000,0.08110000,0.07870000,0.07950000,10378003.00000000,825874.55620000
1750953600000,0.07950000,0.08020000,0.07870000,0.07980000,4286031.00000000,340135.69840000
1750968000000,0.07980000,0.08110000,0.07880000,0.07890000,4059619.00000000,323652.92730000
1750982400000,0.07890000,0.08020000,0.07790000,0.08000000,4201498.00000000,332861.94220000
1750996800000,0.08000000,0.08110000,0.07940000,0.07950000,5119768.00000000,409746.47340000
1751011200000,0.07960000,0.08100000,0.07950000,0.08000000,4475132.00000000,358141.37830000
1751025600000,0.07990000,0.08120000,0.07910000,0.08110000,4592704.00000000,367429.70320000
1751040000000,0.08110000,0.08250000,0.07890000,0.07960000,5816183.00000000,469835.87850000
1751054400000,0.07950000,0.08130000,0.07940000,0.08110000,2004068.00000000,161652.65600000
1751068800000,0.08110000,0.08190000,0.08090000,0.08140000,3525382.00000000,286673.51380000
1751083200000,0.08130000,0.08200000,0.08080000,0.08190000,1536770.00000000,125129.10530000
1751097600000,0.08190000,0.08250000,0.08140000,0.08210000,3423199.00000000,281180.18280000
1751112000000,0.08220000,0.08260000,0.08130000,0.08240000,2670262.00000000,218501.01660000
1751126400000,0.08250000,0.08410000,0.08240000,0.08330000,3382828.00000000,281312.95780000
1751140800000,0.08330000,0.08470000,0.08310000,0.08430000,1972102.00000000,165622.46900000
1751155200000,0.08430000,0.08480000,0.08370000,0.08370000,1489087.00000000,125358.82820000
1751169600000,0.08370000,0.08520000,0.08360000,0.08520000,1454737.00000000,122978.57340000
1751184000000,0.08520000,0.08550000,0.08450000,0.08470000,3225374.00000000,274404.53480000
1751198400000,0.08460000,0.08490000,0.08320000,0.08330000,2608139.00000000,219349.38430000
1751212800000,0.08340000,0.08470000,0.08330000,0.08460000,2397714.00000000,201223.97600000
1751227200000,0.08470000,0.08860000,0.08390000,0.08780000,7781123.00000000,677142.80760000
1751241600000,0.08780000,0.08840000,0.08570000,0.08600000,6018690.00000000,525010.49960000
1751256000000,0.08610000,0.08610000,0.08440000,0.08550000,3348008.00000000,286077.76140000
1751270400000,0.08560000,0.08580000,0.08420000,0.08480000,2941191.00000000,249493.41420000
1751284800000,0.08480000,0.08590000,0.08360000,0.08490000,10646488.00000000,901365.05680000
1751299200000,0.08500000,0.08640000,0.08460000,0.08620000,4793478.00000000,408429.40620000
1751313600000,0.08620000,0.08640000,0.08380000,0.08400000,6089880.00000000,516910.89100000
1751328000000,0.08400000,0.08460000,0.08260000,0.08280000,4943719.00000000,412751.81220000
1751342400000,0.08280000,0.08290000,0.08110000,0.08210000,4413003.00000000,360876.94260000
1751356800000,0.08210000,0.08210000,0.08080000,0.08100000,3778942.00000000,307977.59990000
1751371200000,0.08100000,0.08180000,0.08030000,0.08060000,6178424.00000000,499558.71570000
1751385600000,0.08050000,0.08080000,0.07940000,0.07970000,5846485.00000000,468104.45380000
1751400000000,0.07960000,0.08030000,0.07900000,0.07970000,4322957.00000000,344191.11640000
1751414400000,0.07970000,0.08080000,0.07890000,0.08020000,4019383.00000000,320480.74010000
1751428800000,0.08020000,0.08250000,0.08010000,0.08210000,5043023.00000000,411096.13770000
1751443200000,0.08210000,0.08300000,0.08170000,0.08240000,2876450.00000000,237060.75390000
1751457600000,0.08240000,0.08470000,0.08160000,0.08460000,6223959.00000000,518174.70670000
1751472000000,0.08470000,0.08810000,0.08440000,0.08800000,11268074.00000000,979796.33030000
1751486400000,0.08810000,0.08850000,0.08650000,0.08680000,8967394.00000000,787828.18710000
1751500800000,0.08690000,0.08800000,0.08670000,0.08710000,4405215.00000000,384506.57810000
1751515200000,0.08720000,0.08920000,0.08710000,0.08890000,5330859.00000000,471473.24190000
1751529600000,0.08900000,0.08930000,0.08770000,0.08780000,4875277.00000000,431696.98770000
1751544000000,0.08790000,0.08920000,0.08590000,0.08610000,8007349.00000000,702597.16880000
1751558400000,0.08620000,0.08750000,0.08610000,0.08750000,3441521.00000000,299133.88530000
1751572800000,0.08750000,0.08810000,0.08700000,0.08730000,3282158.00000000,287558.84830000
1751587200000,0.08730000,0.08830000,0.08620000,0.08650000,4077984.00000000,355494.62900000
1751601600000,0.08650000,0.08690000,0.08410000,0.08410000,4896473.00000000,417274.08780000
1751616000000,0.08410000,0.08500000,0.08340000,0.08450000,4544062.00000000,382869.76880000
1751630400000,0.08450000,0.08470000,0.08250000,0.08260000,7560417.00000000,633555.14650000
1751644800000,0.08260000,0.08270000,0.08120000,0.08150000,5315580.00000000,435487.77510000
1751659200000,0.08130000,0.08300000,0.08130000,0.08250000,2975054.00000000,244744.32180000
1751673600000,0.08250000,0.08340000,0.08220000,0.08290000,4704146.00000000,389279.98930000
1751688000000,0.08280000,0.08330000,0.08210000,0.08280000,2111749.00000000,174516.32710000
1751702400000,0.08280000,0.08290000,0.08200000,0.08240000,2784428.00000000,229460.41500000
1751716800000,0.08240000,0.08250000,0.08160000,0.08180000,1878520.00000000,154053.61770000
1751731200000,0.08180000,0.08210000,0.08080000,0.08160000,3594220.00000000,292755.14920000
1751745600000,0.08160000,0.08280000,0.08150000,0.08250000,2012094.00000000,165471.79820000
1751760000000,0.08260000,0.08270000,0.08190000,0.08210000,1963984.00000000,161751.73550000
1751774400000,0.08220000,0.08300000,0.08200000,0.08260000,2520399.00000000,207844.45110000
1751788800000,0.08250000,0.08280000,0.08200000,0.08270000,3592659.00000000,296023.50480000
1751803200000,0.08280000,0.08480000,0.08260000,0.08440000,5577165.00000000,468822.85120000
1751817600000,0.08450000,0.08530000,0.08370000,0.08440000,4516279.00000000,381491.83680000
1751832000000,0.08440000,0.08640000,0.08430000,0.08480000,6152009.00000000,526094.22160000
1751846400000,0.08480000,0.08560000,0.08410000,0.08500000,3858807.00000000,327322.05790000
1751860800000,0.08490000,0.08530000,0.08410000,0.08530000,3141629.00000000,265683.35910000
1751875200000,0.08530000,0.08560000,0.08410000,0.08430000,4250569.00000000,360201.69840000
1751889600000,0.08430000,0.08490000,0.08310000,0.08370000,5440664.00000000,457013.04630000
1751904000000,0.08370000,0.08410000,0.08250000,0.08330000,6047556.00000000,503796.79540000
1751918400000,0.08330000,0.08330000,0.08210000,0.08320000,5067147.00000000,418554.75460000
1751932800000,0.08310000,0.08340000,0.08180000,0.08230000,5462468.00000000,451228.09380000
1751947200000,0.08220000,0.08290000,0.08170000,0.08260000,3206543.00000000,264324.11040000
1751961600000,0.08260000,0.08430000,0.08200000,0.08390000,4115671.00000000,342484.25070000
1751976000000,0.08390000,0.08450000,0.08280000,0.08310000,8922123.00000000,744399.91400000
1751990400000,0.08310000,0.08610000,0.08270000,0.08540000,5843507.00000000,497175.57590000
1752004800000,0.08540000,0.08570000,0.08470000,0.08510000,3234572.00000000,275548.37170000
1752019200000,0.08520000,0.08550000,0.08430000,0.08490000,4010647.00000000,340461.98120000
1752033600000,0.08490000,0.08650000,0.08460000,0.08630000,5511089.00000000,472795.48100000
1752048000000,0.08630000,0.08730000,0.08610000,0.08710000,4838862.00000000,419320.75350000
1752062400000,0.08710000,0.08780000,0.08630000,0.08710000,5759323.00000000,502415.69900000
1752076800000,0.08720000,0.09060000,0.08690000,0.09020000,8082406.00000000,715717.72260000
1752091200000,0.09030000,0.09100000,0.08960000,0.09030000,7328663.00000000,662441.58160000
1752105600000,0.09030000,0.09070000,0.08940000,0.09030000,3818514.00000000,344056.87430000
1752120000000,0.09040000,0.09140000,0.08970000,0.09090000,4254526.00000000,385586.70250000
1752134400000,0.09100000,0.09120000,0.09030000,0.09050000,4513797.00000000,409568.30140000
1752148800000,0.09050000,0.09120000,0.08950000,0.08970000,7162829.00000000,646191.00250000
1752163200000,0.08980000,0.09360000,0.08970000,0.09260000,11075597.00000000,1022652.07950000
1752177600000,0.09260000,0.09770000,0.09260000,0.09710000,12718220.00000000,1217923.25350000
1752192000000,0.09710000,0.09900000,0.09550000,0.09870000,7859005.00000000,768461.70230000
1752206400000,0.09870000,0.10120000,0.09740000,0.09770000,16219154.00000000,1612459.33070000
1752220800000,0.09770000,0.10010000,0.09770000,0.09870000,9843258.00000000,976411.85450000
1752235200000,0.09880000,0.10140000,0.09810000,0.09840000,12233210.00000000,1222111.75930000
1752249600000,0.09850000,0.10040000,0.09810000,0.10040000,9202957.00000000,915772.27150000
1752264000000,0.10030000,0.10040000,0.09480000,0.09610000,7123681.00000000,692312.56400000
1752278400000,0.09620000,0.09790000,0.09450000,0.09750000,7816302.00000000,754328.01670000
1752292800000,0.09750000,0.09820000,0.09530000,0.09750000,4410073.00000000,427002.03000000
1752307200000,0.09750000,0.09810000,0.09670000,0.09740000,3620604.00000000,353243.31180000
1752321600000,0.09750000,0.09790000,0.09280000,0.09330000,10674954.00000000,1014249.21210000
1752336000000,0.09340000,0.09560000,0.09280000,0.09550000,3513674.00000000,332209.04020000
1752350400000,0.09540000,0.09590000,0.09390000,0.09580000,2665262.00000000,253301.97910000
1752364800000,0.09580000,0.09710000,0.09550000,0.09670000,3644182.00000000,351296.91060000
1752379200000,0.09670000,0.09900000,0.09640000,0.09840000,3959741.00000000,388555.55980000
1752393600000,0.09840000,0.09910000,0.09750000,0.09900000,3729070.00000000,366368.86180000
1752408000000,0.09900000,0.10160000,0.09840000,0.10030000,11230198.00000000,1123297.98510000
1752422400000,0.10040000,0.10110000,0.09920000,0.10010000,3104327.00000000,311128.92070000
1752436800000,0.10010000,0.10100000,0.09800000,0.09940000,4741200.00000000,470903.59730000
1752451200000,0.09950000,0.10350000,0.09910000,0.10310000,6491046.00000000,659370.08750000
1752465600000,0.10310000,0.10500000,0.10190000,0.10370000,12202388.00000000,1261408.97120000
1752480000000,0.10390000,0.10390000,0.10200000,0.10210000,7229275.00000000,743270.36260000
1752494400000,0.10210000,0.10370000,0.09920000,0.09990000,23129131.00000000,2364861.05680000
1752508800000,0.09980000,0.10130000,0.09850000,0.09890000,6762537.00000000,674068.56160000
1752523200000,0.09900000,0.09970000,0.09780000,0.09910000,5704527.00000000,564807.63030000
1752537600000,0.09920000,0.10000000,0.09570000,0.09630000,7102402.00000000,690989.38100000
1752552000000,0.09630000,0.09820000,0.09520000,0.09690000,7012362.00000000,681746.49390000
1752566400000,0.09690000,0.09780000,0.09530000,0.09750000,8891702.00000000,860208.12950000
1752580800000,0.09750000,0.09980000,0.09590000,0.09910000,15487229.00000000,1516458.52650000
1752595200000,0.09910000,0.10260000,0.09900000,0.09940000,12926257.00000000,1302688.60590000
1752609600000,0.09950000,0.10340000,0.09890000,0.10340000,5937969.00000000,603164.56030000
1752624000000,0.10350000,0.10430000,0.10130000,0.10160000,5367575.00000000,553478.40200000
1752638400000,0.10170000,0.10400000,0.10070000,0.10340000,4368139.00000000,448562.56390000
1752652800000,0.10350000,0.10400000,0.10270000,0.10330000,4840563.00000000,499973.53470000
1752667200000,0.10330000,0.10460000,0.10200000,0.10320000,14195072.00000000,1467686.58860000
1752681600000,0.10320000,0.10670000,0.10290000,0.10490000,13482432.00000000,1417804.42490000
1752696000000,0.10500000,0.10700000,0.10340000,0.10370000,16179871.00000000,1707371.32560000
1752710400000,0.10380000,0.10570000,0.10110000,0.10170000,8818687.00000000,909639.42280000
1752724800000,0.10170000,0.10540000,0.10140000,0.10500000,9140083.00000000,948140.90600000
1752739200000,0.10500000,0.10700000,0.10450000,0.10560000,11981613.00000000,1269693.02270000
1752753600000,0.10570000,0.10720000,0.10370000,0.10480000,20421785.00000000,2154584.39190000
1752768000000,0.10480000,0.10520000,0.10230000,0.10320000,13467071.00000000,1401791.35610000
1752782400000,0.10320000,0.10730000,0.10180000,0.10630000,12291196.00000000,1289840.69170000
1752796800000,0.10640000,0.10980000,0.10510000,0.10970000,13235337.00000000,1433314.02070000
1752811200000,0.10970000,0.11450000,0.10930000,0.11180000,19404141.00000000,2183587.45090000
1752825600000,0.11180000,0.11340000,0.11000000,0.11140000,10787145.00000000,1205966.05400000
1752840000000,0.11150000,0.11360000,0.10720000,0.10800000,11001035.00000000,1220448.44730000
1752854400000,0.10810000,0.10990000,0.10600000,0.10730000,7948656.00000000,859919.26720000
1752868800000,0.10730000,0.10770000,0.10410000,0.10680000,10152322.00000000,1078185.31180000
1752883200000,0.10680000,0.10920000,0.10420000,0.10920000,4107313.00000000,438641.84330000
1752897600000,0.10930000,0.11050000,0.10770000,0.10800000,5695033.00000000,622659.29140000
1752912000000,0.10810000,0.10830000,0.10630000,0.10660000,4205969.00000000,451598.39970000
1752926400000,0.10650000,0.10700000,0.10470000,0.10580000,9029117.00000000,953722.88360000
1752940800000,0.10580000,0.11010000,0.10520000,0.10960000,7429398.00000000,799457.26060000
1752955200000,0.10960000,0.11050000,0.10810000,0.11000000,4980001.00000000,545457.20700000
1752969600000,0.11000000,0.11120000,0.10910000,0.11020000,3271799.00000000,360052.33020000
1752984000000,0.11020000,0.11250000,0.10980000,0.11170000,4568196.00000000,508974.94530000
1752998400000,0.11170000,0.11480000,0.11160000,0.11430000,9091045.00000000,1031583.66910000
1753012800000,0.11420000,0.11710000,0.11330000,0.11690000,10330465.00000000,1187026.38790000
1753027200000,0.11690000,0.11830000,0.11550000,0.11690000,13112125.00000000,1534795.53360000
1753041600000,0.11690000,0.11710000,0.11280000,0.11570000,10411179.00000000,1199859.45890000
1753056000000,0.11570000,0.11780000,0.11310000,0.11780000,7872240.00000000,906446.95690000
1753070400000,0.11770000,0.11930000,0.11620000,0.11870000,8158283.00000000,961134.93980000
1753084800000,0.11870000,0.11980000,0.11670000,0.11800000,8433825.00000000,995727.57090000
1753099200000,0.11800000,0.12060000,0.11700000,0.11790000,12475185.00000000,1481646.02660000
1753113600000,0.11790000,0.11820000,0.11380000,0.11420000,15717271.00000000,1821630.38460000
1753128000000,0.11420000,0.11550000,0.11310000,0.11450000,18410029.00000000,2104324.72170000
1753142400000,0.11460000,0.11550000,0.11090000,0.11230000,21022919.00000000,2385446.35330000
1753156800000,0.11230000,0.11230000,0.10920000,0.11050000,11861723.00000000,1314236.86310000
1753171200000,0.11050000,0.11510000,0.10810000,0.11300000,44697567.00000000,4997321.49520000
1753185600000,0.11300000,0.11370000,0.10820000,0.11070000,44806534.00000000,4960648.83380000
1753200000000,0.11070000,0.11240000,0.10930000,0.10960000,12140670.00000000,1343406.08430000
1753214400000,0.10950000,0.11380000,0.10930000,0.11350000,12345735.00000000,1380359.40530000
1753228800000,0.11350000,0.11360000,0.11080000,0.11180000,6990273.00000000,782840.92620000
1753243200000,0.11180000,0.11340000,0.11020000,0.11070000,6261587.00000000,699374.83940000
1753257600000,0.11070000,0.11090000,0.10800000,0.10910000,9621056.00000000,1054080.33050000
1753272000000,0.10900000,0.10950000,0.10340000,0.10560000,23840330.00000000,2522240.10710000
1753286400000,0.10570000,0.10570000,0.10080000,0.10260000,12079904.00000000,1243496.81150000
1753300800000,0.10260000,0.10320000,0.09900000,0.10270000,14981712.00000000,1518648.61910000
1753315200000,0.10260000,0.10790000,0.10180000,0.10670000,45807995.00000000,4831984.66840000
1753329600000,0.10680000,0.10800000,0.09850000,0.10160000,37629238.00000000,3910144.02940000
1753344000000,0.10150000,0.10440000,0.10050000,0.10380000,10597889.00000000,1085582.26610000
1753358400000,0.10380000,0.10720000,0.10170000,0.10560000,8959112.00000000,938316.13200000
1753372800000,0.10560000,0.10620000,0.10270000,0.10430000,9117963.00000000,956210.21300000
1753387200000,0.10430000,0.10550000,0.10200000,0.10260000,7703349.00000000,799301.78240000
1753401600000,0.10270000,0.10290000,0.09900000,0.10030000,10763194.00000000,1087386.61310000
1753416000000,0.10020000,0.10180000,0.09880000,0.10120000,9087012.00000000,913159.55630000
1753430400000,0.10110000,0.10420000,0.10040000,0.10380000,9868792.00000000,1013133.63480000
1753444800000,0.10380000,0.10450000,0.09970000,0.10120000,10502908.00000000,1074876.50190000
1753459200000,0.10110000,0.10290000,0.10030000,0.10210000,5345872.00000000,543571.86880000
1753473600000,0.10200000,0.10520000,0.10200000,0.10480000,5499320.00000000,574010.64080000
1753488000000,0.10490000,0.10580000,0.10410000,0.10510000,4861607.00000000,509859.70640000
1753502400000,0.10500000,0.10520000,0.10400000,0.10420000,5166217.00000000,540104.45990000
1753516800000,0.10420000,0.10580000,0.10420000,0.10490000,5890484.00000000,618508.82900000
1753531200000,0.10490000,0.10560000,0.10430000,0.10520000,4601264.00000000,482765.59310000
1753545600000,0.10530000,0.10650000,0.10400000,0.10640000,4162948.00000000,438807.36740000
1753560000000,0.10640000,0.10710000,0.10500000,0.10510000,4010398.00000000,424917.24880000
1753574400000,0.10510000,0.10720000,0.10470000,0.10620000,2797050.00000000,297052.16810000
1753588800000,0.10630000,0.10800000,0.10600000,0.10650000,3709873.00000000,397677.90520000
1753603200000,0.10680000,0.10760000,0.10520000,0.10650000,5645889.00000000,600905.57280000
1753617600000,0.10660000,0.10820000,0.10630000,0.10770000,6456577.00000000,693277.28370000
1753632000000,0.10780000,0.10950000,0.10760000,0.10860000,6068371.00000000,659467.72300000
1753646400000,0.10870000,0.11050000,0.10820000,0.10990000,3992441.00000000,436946.15770000
1753660800000,0.10990000,0.11090000,0.10800000,0.11060000,7706920.00000000,848186.34270000
1753675200000,0.11050000,0.11270000,0.11010000,0.11160000,8323940.00000000,928284.95310000
1753689600000,0.11160000,0.11200000,0.10930000,0.11000000,5845393.00000000,646870.61580000
1753704000000,0.11010000,0.11060000,0.10490000,0.10580000,12388810.00000000,1336534.75490000
1753718400000,0.10580000,0.10610000,0.10330000,0.10410000,6930542.00000000,725710.19280000
1753732800000,0.10420000,0.10440000,0.10170000,0.10300000,6104065.00000000,627782.49620000
1753747200000,0.10300000,0.10360000,0.10050000,0.10260000,8488624.00000000,864937.68920000
1753761600000,0.10250000,0.10720000,0.10190000,0.10660000,13583029.00000000,1424259.76400000
1753776000000,0.10650000,0.10660000,0.10290000,0.10390000,6251084.00000000,653566.62540000
1753790400000,0.10390000,0.10550000,0.10130000,0.10180000,8762449.00000000,904694.99170000
1753804800000,0.10190000,0.10270000,0.10030000,0.10140000,7335732.00000000,745507.64830000
1753819200000,0.10150000,0.10270000,0.10030000,0.10220000,7661383.00000000,776965.46400000
1753833600000,0.10220000,0.10240000,0.10000000,0.10140000,3720328.00000000,377087.17380000
1753848000000,0.10140000,0.10190000,0.10020000,0.10090000,4015183.00000000,405611.65050000
1753862400000,0.10070000,0.10130000,0.09740000,0.09790000,8125052.00000000,804866.59640000
1753876800000,0.09800000,0.10040000,0.09700000,0.09930000,10821650.00000000,1064989.75440000
1753891200000,0.09930000,0.10070000,0.09500000,0.09920000,12624639.00000000,1231501.07950000
1753905600000,0.09910000,0.10050000,0.09840000,0.10030000,4745149.00000000,472216.39630000
1753920000000,0.10040000,0.10180000,0.10000000,0.10140000,4584033.00000000,463829.68220000
1753934400000,0.10150000,0.10250000,0.10120000,0.10200000,4108020.00000000,417962.95320000
1753948800000,0.10200000,0.10250000,0.10080000,0.10110000,3623335.00000000,369159.23720000
1753963200000,0.10110000,0.10110000,0.09720000,0.09830000,9329696.00000000,920433.63360000
1753977600000,0.09820000,0.10020000,0.09620000,0.09650000,12441894.00000000,1216324.07680000
1753992000000,0.09660000,0.09670000,0.09350000,0.09410000,8998857.00000000,856570.33640000
1754006400000,0.09410000,0.09480000,0.09170000,0.09410000,16713417.00000000,1558443.95370000
1754020800000,0.09400000,0.09400000,0.09200000,0.09270000,8864430.00000000,825352.29240000
1754035200000,0.09270000,0.09270000,0.09070000,0.09200000,15570194.00000000,1422691.52640000
1754049600000,0.09200000,0.09330000,0.08980000,0.09270000,14081802.00000000,1294885.02730000
1754064000000,0.09250000,0.09310000,0.09010000,0.09240000,9469379.00000000,866510.52310000
1754078400000,0.09250000,0.09260000,0.08820000,0.09080000,11193368.00000000,1009068.48130000
1754092800000,0.09070000,0.09160000,0.09030000,0.09150000,3013695.00000000,274891.31180000
1754107200000,0.09150000,0.09190000,0.08900000,0.09110000,2741862.00000000,248657.62240000
1754121600000,0.09110000,0.09110000,0.08880000,0.08990000,3438449.00000000,308851.31870000
1754136000000,0.08980000,0.09050000,0.08790000,0.08810000,5911784.00000000,526107.92030000
1754150400000,0.08820000,0.08910000,0.08590000,0.08720000,9860825.00000000,861420.81960000
1754164800000,0.08720000,0.08890000,0.08720000,0.08840000,4016205.00000000,353861.51270000
1754179200000,0.08850000,0.08990000,0.08730000,0.08970000,4135002.00000000,368220.76160000
1754193600000,0.08970000,0.09020000,0.08940000,0.09000000,2449938.00000000,219876.52580000
1754208000000,0.08990000,0.09150000,0.08980000,0.09100000,4826890.00000000,437483.58560000
1754222400000,0.09110000,0.09140000,0.09050000,0.09130000,3865935.00000000,351303.99200000
1754236800000,0.09120000,0.09210000,0.09070000,0.09140000,4629386.00000000,422278.67560000
1754251200000,0.09140000,0.09220000,0.09120000,0.09140000,3964587.00000000,363280.05560000
1754265600000,0.09140000,0.09330000,0.09120000,0.09260000,4763199.00000000,440173.90980000
1754280000000,0.09260000,0.09310000,0.09200000,0.09260000,3279870.00000000,303559.06070000
1754294400000,0.09260000,0.09320000,0.09160000,0.09190000,3741008.00000000,345462.66610000
1754308800000,0.09190000,0.09430000,0.09170000,0.09320000,9420197.00000000,876150.01110000
1754323200000,0.09320000,0.09500000,0.09250000,0.09280000,5023742.00000000,471389.79220000
1754337600000,0.09280000,0.09410000,0.09260000,0.09340000,5118608.00000000,479055.75140000
1754352000000,0.09340000,0.09370000,0.09090000,0.09110000,4450472.00000000,409951.63600000
1754366400000,0.09110000,0.09160000,0.08930000,0.08940000,5309107.00000000,480710.84650000
1754380800000,0.08940000,0.09290000,0.08930000,0.09280000,7667558.00000000,698791.88520000
1754395200000,0.09270000,0.09290000,0.08810000,0.08850000,14048767.00000000,1265735.81300000
1754409600000,0.08850000,0.08940000,0.08790000,0.08820000,5957053.00000000,528397.58100000
1754424000000,0.08810000,0.09000000,0.08740000,0.08980000,6571871.00000000,582884.32540000
1754438400000,0.08990000,0.08990000,0.08760000,0.08760000,3899417.00000000,345574.72170000
1754452800000,0.08760000,0.09070000,0.08720000,0.09070000,4793596.00000000,427974.59940000
1754467200000,0.09070000,0.09100000,0.08960000,0.08990000,5160161.00000000,465391.64300000
1754481600000,0.09000000,0.09270000,0.08910000,0.09260000,8903586.00000000,806553.43040000
1754496000000,0.09250000,0.09300000,0.09140000,0.09240000,4035671.00000000,372060.38040000
1754510400000,0.09240000,0.09250000,0.09170000,0.09190000,2110778.00000000,194405.28700000
1754524800000,0.09190000,0.09300000,0.09170000,0.09180000,4878517.00000000,449776.80580000
1754539200000,0.09170000,0.09310000,0.09160000,0.09300000,14862421.00000000,1377616.99980000
1754553600000,0.09290000,0.09580000,0.09260000,0.09560000,7284698.00000000,687627.51640000
1754568000000,0.09570000,0.09590000,0.09420000,0.09450000,8977276.00000000,853633.81060000
1754582400000,0.09450000,0.09470000,0.09150000,0.09300000,11022937.00000000,1022925.30040000
1754596800000,0.09310000,0.09570000,0.09300000,0.09560000,8752993.00000000,825186.59640000
1754611200000,0.09570000,0.09650000,0.09400000,0.09470000,18432488.00000000,1751788.23870000
1754625600000,0.09460000,0.09540000,0.09350000,0.09480000,8606235.00000000,811950.24130000
1754640000000,0.09470000,0.09560000,0.09380000,0.09440000,7008367.00000000,662306.25470000
1754654400000,0.09440000,0.09600000,0.09300000,0.09380000,13579577.00000000,1279602.90920000
1754668800000,0.09380000,0.09680000,0.09360000,0.09600000,9129559.00000000,869955.34820000
1754683200000,0.09610000,0.09640000,0.09530000,0.09570000,9224872.00000000,885151.32850000
1754697600000,0.09580000,0.09630000,0.09500000,0.09530000,5158248.00000000,493191.18080000
1754712000000,0.09540000,0.09860000,0.09520000,0.09840000,11575951.00000000,1125928.73830000
1754726400000,0.09850000,0.09970000,0.09800000,0.09950000,11536687.00000000,1141393.25770000
1754740800000,0.09960000,0.10100000,0.09850000,0.09930000,13896671.00000000,1385793.63980000
1754755200000,0.09940000,0.10100000,0.09920000,0.10040000,8701314.00000000,870204.85220000
1754769600000,0.10040000,0.10140000,0.09950000,0.10010000,7611867.00000000,764273.08550000
1754784000000,0.10020000,0.10160000,0.09970000,0.10120000,5427515.00000000,546706.23160000
1754798400000,0.10110000,0.10170000,0.09730000,0.09740000,7251927.00000000,718349.00120000
1754812800000,0.09740000,0.09840000,0.09640000,0.09650000,9294512.00000000,903257.04260000
1754827200000,0.09660000,0.09890000,0.09610000,0.09830000,7092622.00000000,690982.31090000
1754841600000,0.09820000,0.09980000,0.09820000,0.09950000,3753410.00000000,371784.02210000
1754856000000,0.09950000,0.09960000,0.09790000,0.09930000,5123785.00000000,506546.92770000
1754870400000,0.09940000,0.10240000,0.09830000,0.10170000,9571491.00000000,964808.57530000
1754884800000,0.10180000,0.10250000,0.09900000,0.09920000,10166904.00000000,1027397.15460000
1754899200000,0.09920000,0.10030000,0.09540000,0.09560000,10365687.00000000,1014243.82960000
1754913600000,0.09560000,0.09660000,0.09430000,0.09650000,16694430.00000000,1595121.18010000
1754928000000,0.09650000,0.09790000,0.09380000,0.09470000,9520944.00000000,911194.91360000
1754942400000,0.09470000,0.09490000,0.09210000,0.09330000,10094096.00000000,944458.91000000
1754956800000,0.09330000,0.09500000,0.09310000,0.09380000,5531823.00000000,520385.50050000
1754971200000,0.09380000,0.09460000,0.09240000,0.09420000,7244463.00000000,678841.11760000
1754985600000,0.09420000,0.09430000,0.09210000,0.09360000,4992549.00000000,465065.74640000
1755000000000,0.09350000,0.09850000,0.09300000,0.09840000,17121169.00000000,1639337.11400000
1755014400000,0.09840000,0.10060000,0.09820000,0.10040000,14966533.00000000,1491185.73770000
1755028800000,0.10040000,0.10190000,0.10020000,0.10140000,8543980.00000000,864998.06470000
1755043200000,0.10140000,0.10250000,0.09980000,0.10200000,8966580.00000000,907036.26770000
1755057600000,0.10200000,0.10250000,0.10010000,0.10200000,8961435.00000000,909073.62560000
1755072000000,0.10200000,0.10420000,0.10190000,0.10350000,12248143.00000000,1264627.24990000
1755086400000,0.10360000,0.10440000,0.10170000,0.10270000,17027799.00000000,1756292.37790000
1755100800000,0.10280000,0.10390000,0.10220000,0.10270000,7778926.00000000,800825.60100000
1755115200000,0.10270000,0.10280000,0.10000000,0.10140000,45449910.00000000,4596247.07560000
1755129600000,0.10150000,0.10370000,0.10080000,0.10240000,17198646.00000000,1759957.59980000
1755144000000,0.10250000,0.10310000,0.09960000,0.10030000,13026332.00000000,1317240.54460000
1755158400000,0.10030000,0.10040000,0.09780000,0.09810000,12824112.00000000,1266795.17900000
1755172800000,0.09810000,0.09880000,0.09220000,0.09400000,48066145.00000000,4562178.42670000
1755187200000,0.09390000,0.09390000,0.09170000,0.09280000,11286297.00000000,1049083.54740000
1755201600000,0.09270000,0.09330000,0.09050000,0.09280000,10815485.00000000,996905.06090000
1755216000000,0.09290000,0.09420000,0.09230000,0.09370000,8654773.00000000,805676.91200000
1755230400000,0.09380000,0.09480000,0.09300000,0.09420000,6356078.00000000,596316.78410000
1755244800000,0.09420000,0.09450000,0.09280000,0.09310000,6257851.00000000,585457.81720000
1755259200000,0.09310000,0.09430000,0.08970000,0.09010000,18774600.00000000,1728590.04590000
1755273600000,0.09010000,0.09170000,0.08910000,0.09120000,9699875.00000000,879602.41420000
1755288000000,0.09120000,0.09380000,0.09100000,0.09300000,6150478.00000000,569102.34590000
1755302400000,0.09300000,0.09410000,0.09290000,0.09330000,3838698.00000000,358997.97950000
1755316800000,0.09330000,0.09420000,0.09300000,0.09400000,3695954.00000000,345753.75720000
1755331200000,0.09400000,0.09410000,0.09250000,0.09280000,5201224.00000000,484979.92760000
1755345600000,0.09270000,0.09530000,0.09250000,0.09490000,8360039.00000000,785089.24920000
1755360000000,0.09490000,0.09550000,0.09380000,0.09450000,4708751.00000000,445353.46260000
1755374400000,0.09450000,0.09510000,0.09400000,0.09480000,2834139.00000000,268017.08010000
1755388800000,0.09480000,0.09530000,0.09370000,0.09500000,2502381.00000000,236517.28770000
1755403200000,0.09490000,0.09570000,0.09470000,0.09540000,4692017.00000000,447010.16840000
1755417600000,0.09540000,0.09670000,0.09520000,0.09640000,5323173.00000000,511852.34470000
1755432000000,0.09640000,0.09720000,0.09500000,0.09710000,6693717.00000000,642246.71770000
1755446400000,0.09710000,0.09770000,0.09400000,0.09430000,10286583.00000000,986681.17470000
1755460800000,0.09440000,0.09530000,0.09390000,0.09390000,4965172.00000000,469089.78910000
1755475200000,0.09400000,0.09410000,0.09000000,0.09130000,15905670.00000000,1463892.34210000
1755489600000,0.09120000,0.09210000,0.08990000,0.09070000,6370212.00000000,579712.92600000
1755504000000,0.09060000,0.09110000,0.08960000,0.09060000,5304322.00000000,479435.08280000
1755518400000,0.09060000,0.09220000,0.09030000,0.09170000,5927816.00000000,540567.36650000
1755532800000,0.09180000,0.09280000,0.09070000,0.09190000,7006736.00000000,642440.57500000
1755547200000,0.09180000,0.09320000,0.09090000,0.09120000,4024001.00000000,369961.86590000
1755561600000,0.09120000,0.09270000,0.08950000,0.08960000,9447873.00000000,857820.63290000
1755576000000,0.08970000,0.09070000,0.08910000,0.09020000,7791048.00000000,700142.11490000
1755590400000,0.09030000,0.09280000,0.08970000,0.09280000,6708255.00000000,614356.73060000
1755604800000,0.09280000,0.09290000,0.08940000,0.08970000,13120577.00000000,1192498.22470000
1755619200000,0.08970000,0.08980000,0.08770000,0.08830000,9535611.00000000,848101.22040000
1755633600000,0.08830000,0.08930000,0.08810000,0.08840000,6959862.00000000,617837.40160000
1755648000000,0.08840000,0.09000000,0.08760000,0.08920000,7452900.00000000,660586.65110000
1755662400000,0.08920000,0.09020000,0.08920000,0.08940000,4640037.00000000,416610.04340000
1755676800000,0.08940000,0.09070000,0.08890000,0.09000000,5800163.00000000,522164.26230000
1755691200000,0.09010000,0.09190000,0.08820000,0.09110000,9842509.00000000,887252.50110000
1755705600000,0.09120000,0.09290000,0.09080000,0.09280000,3791521.00000000,348528.78800000
1755720000000,0.09280000,0.09350000,0.09220000,0.09250000,3174473.00000000,294866.30670000
1755734400000,0.09250000,0.09310000,0.09160000,0.09210000,3055978.00000000,282334.89440000
1755748800000,0.09220000,0.09250000,0.09080000,0.09130000,2219027.00000000,203744.28200000
1755763200000,0.09130000,0.09150000,0.08990000,0.09010000,2035795.00000000,184108.54410000
1755777600000,0.09010000,0.09140000,0.08930000,0.08950000,4241142.00000000,382719.55040000
1755792000000,0.08950000,0.09060000,0.08920000,0.08960000,2299661.00000000,206335.21000000
1755806400000,0.08970000,0.09080000,0.08920000,0.08950000,2438296.00000000,219637.37680000
1755820800000,0.08960000,0.09090000,0.08890000,0.08940000,2611553.00000000,234477.53000000
1755835200000,0.08950000,0.09060000,0.08950000,0.09050000,2266908.00000000,204028.60490000
1755849600000,0.09040000,0.09090000,0.08830000,0.08840000,3325614.00000000,297602.05550000
1755864000000,0.08840000,0.09520000,0.08670000,0.09440000,30306017.00000000,2780259.02550000
1755878400000,0.09440000,0.09820000,0.09440000,0.09720000,23516085.00000000,2280090.44770000
1755892800000,0.09730000,0.09800000,0.09660000,0.09690000,9921384.00000000,965721.76160000
1755907200000,0.09700000,0.09740000,0.09370000,0.09410000,8657357.00000000,827093.38280000
1755921600000,0.09410000,0.09680000,0.09410000,0.09510000,5518115.00000000,527861.57060000
1755936000000,0.09510000,0.09550000,0.09430000,0.09450000,7425255.00000000,704674.52200000
1755950400000,0.09450000,0.09510000,0.09410000,0.09460000,5187070.00000000,490524.77340000
1755964800000,0.09470000,0.09600000,0.09410000,0.09600000,4515701.00000000,428183.90550000
1755979200000,0.09590000,0.09600000,0.09480000,0.09540000,5067625.00000000,483240.53380000
1755993600000,0.09550000,0.09570000,0.09380000,0.09430000,4364491.00000000,413453.30580000
1756008000000,0.09420000,0.09440000,0.09220000,0.09220000,4990594.00000000,465610.46080000
1756022400000,0.09230000,0.09260000,0.09090000,0.09150000,6866844.00000000,629986.45090000
1756036800000,0.09150000,0.09360000,0.09140000,0.09270000,8274310.00000000,763706.85220000
1756051200000,0.09280000,0.09770000,0.09220000,0.09460000,25958907.00000000,2453248.99090000
1756065600000,0.09460000,0.09510000,0.09240000,0.09410000,8526449.00000000,800300.81400000
1756080000000,0.09410000,0.09550000,0.09210000,0.09480000,4939232.00000000,464295.56530000
1756094400000,0.09480000,0.09510000,0.08990000,0.09020000,10996119.00000000,1007589.19590000
1756108800000,0.09020000,0.09090000,0.08910000,0.09030000,11249504.00000000,1011355.84030000
1756123200000,0.09030000,0.09120000,0.08950000,0.08990000,7522282.00000000,679468.42360000
1756137600000,0.09000000,0.09060000,0.08710000,0.08730000,9918284.00000000,880634.98570000
1756152000000,0.08730000,0.08740000,0.08490000,0.08640000,19238431.00000000,1651776.04740000
1756166400000,0.08630000,0.08790000,0.08570000,0.08740000,6483355.00000000,563111.31200000
1756180800000,0.08750000,0.08890000,0.08740000,0.08800000,3826247.00000000,336380.25310000
1756195200000,0.08810000,0.08860000,0.08750000,0.08770000,5426666.00000000,477662.80600000
1756209600000,0.08760000,0.08980000,0.08710000,0.08900000,8757179.00000000,776624.67950000
1756224000000,0.08910000,0.09040000,0.08850000,0.09030000,4448026.00000000,397738.35700000
1756238400000,0.09020000,0.09070000,0.08960000,0.09000000,4039641.00000000,364041.27830000
1756252800000,0.09000000,0.09060000,0.08890000,0.09010000,3707714.00000000,332194.47440000
1756267200000,0.09010000,0.09100000,0.08920000,0.08950000,3722340.00000000,335827.04150000
1756281600000,0.08960000,0.09040000,0.08920000,0.09010000,3046096.00000000,273941.03170000
1756296000000,0.09010000,0.09120000,0.08930000,0.09110000,7097653.00000000,640332.81920000
1756310400000,0.09110000,0.09190000,0.09000000,0.09050000,4605184.00000000,419028.43190000
1756324800000,0.09050000,0.09200000,0.08950000,0.09050000,9872219.00000000,895264.44300000
1756339200000,0.09050000,0.09150000,0.08990000,0.09140000,3401374.00000000,308825.24340000
1756353600000,0.09140000,0.09250000,0.09120000,0.09180000,5215405.00000000,478984.44840000
1756368000000,0.09180000,0.09250000,0.09080000,0.09150000,3257507.00000000,298150.92450000
1756382400000,0.09150000,0.09410000,0.09130000,0.09260000,8929560.00000000,828756.21820000
1756396800000,0.09260000,0.09320000,0.09070000,0.09070000,5340922.00000000,490200.63910000
1756411200000,0.09070000,0.09360000,0.09060000,0.09340000,4637251.00000000,428330.50810000
1756425600000,0.09350000,0.09400000,0.09170000,0.09200000,12440263.00000000,1149382.32370000
1756440000000,0.09200000,0.09250000,0.08910000,0.08930000,9963798.00000000,902803.32520000
1756454400000,0.08930000,0.08940000,0.08700000,0.08820000,14461925.00000000,1276525.53830000
1756468800000,0.08820000,0.09080000,0.08690000,0.08780000,13852360.00000000,1227998.11900000
1756483200000,0.08770000,0.08820000,0.08620000,0.08730000,6618093.00000000,576387.33040000
1756497600000,0.08730000,0.08820000,0.08630000,0.08780000,4542972.00000000,396594.76180000
1756512000000,0.08780000,0.08930000,0.08650000,0.08910000,4932379.00000000,431986.21630000
1756526400000,0.08910000,0.08950000,0.08860000,0.08950000,2803799.00000000,249813.79910000
1756540800000,0.08950000,0.08950000,0.08840000,0.08880000,2782769.00000000,247490.07980000
1756555200000,0.08890000,0.08920000,0.08750000,0.08910000,4105091.00000000,362558.26570000
1756569600000,0.08900000,0.08920000,0.08850000,0.08890000,4933336.00000000,438473.52300000
1756584000000,0.08890000,0.08950000,0.08860000,0.08950000,2853153.00000000,254093.42660000
1756598400000,0.08950000,0.09190000,0.08950000,0.09160000,7914523.00000000,718139.63920000
1756612800000,0.09160000,0.09160000,0.09040000,0.09050000,2635176.00000000,239237.66690000
1756627200000,0.09060000,0.09160000,0.08960000,0.09040000,4550265.00000000,412475.67140000
1756641600000,0.09040000,0.09080000,0.08940000,0.09030000,4613718.00000000,415349.07140000
1756656000000,0.09030000,0.09090000,0.08970000,0.09020000,4472678.00000000,403442.02720000
1756670400000,0.09010000,0.09060000,0.08840000,0.08840000,4469946.00000000,400930.33230000
1756684800000,0.08840000,0.08900000,0.08700000,0.08770000,5962880.00000000,524566.28840000
1756699200000,0.08760000,0.09000000,0.08660000,0.09000000,8839923.00000000,775443.69710000
1756713600000,0.09000000,0.09150000,0.08840000,0.08840000,9175211.00000000,828256.26920000
1756728000000,0.08840000,0.08900000,0.08710000,0.08720000,5608224.00000000,493504.81300000
1756742400000,0.08720000,0.08800000,0.08660000,0.08800000,6610364.00000000,575958.84760000
1756756800000,0.08800000,0.08810000,0.08530000,0.08720000,15073516.00000000,1300821.99140000
1756771200000,0.08720000,0.08880000,0.08660000,0.08840000,7638028.00000000,668166.01050000
1756785600000,0.08840000,0.08900000,0.08790000,0.08800000,3393434.00000000,300685.29170000
1756800000000,0.08810000,0.08880000,0.08780000,0.08780000,4427255.00000000,391100.46190000
1756814400000,0.08790000,0.08920000,0.08630000,0.08670000,10674096.00000000,935153.35560000
1756828800000,0.08680000,0.08840000,0.08680000,0.08730000,5235650.00000000,458007.67070000
1756843200000,0.08730000,0.08920000,0.08730000,0.08910000,4706251.00000000,417904.27420000
1756857600000,0.08920000,0.09010000,0.08860000,0.08950000,5008665.00000000,447916.45410000
1756872000000,0.08940000,0.08970000,0.08850000,0.08930000,3169217.00000000,282428.47380000
1756886400000,0.08930000,0.09030000,0.08890000,0.08990000,3335344.00000000,299368.76720000
1756900800000,0.08980000,0.09100000,0.08920000,0.09060000,9068374.00000000,817503.30030000
1756915200000,0.09070000,0.09090000,0.08950000,0.09010000,7837517.00000000,705776.27530000
1756929600000,0.09010000,0.09030000,0.08920000,0.08940000,8721032.00000000,783225.47350000
1756944000000,0.08940000,0.09000000,0.08800000,0.08810000,2914968.00000000,259379.99450000
1756958400000,0.08800000,0.08830000,0.08660000,0.08710000,4435252.00000000,387030.63230000
1756972800000,0.08700000,0.08800000,0.08700000,0.08740000,3565923.00000000,311706.34070000
1756987200000,0.08740000,0.08790000,0.08620000,0.08680000,5386427.00000000,468178.95450000
1757001600000,0.08680000,0.08710000,0.08590000,0.08620000,3729577.00000000,322527.01070000
1757016000000,0.08620000,0.08770000,0.08600000,0.08670000,2601083.00000000,225948.05040000
1757030400000,0.08660000,0.08790000,0.08660000,0.08790000,2458696.00000000,214939.04400000
1757044800000,0.08780000,0.09000000,0.08760000,0.08990000,3310312.00000000,293560.51160000
1757059200000,0.09000000,0.09030000,0.08870000,0.08930000,3894400.00000000,348206.92590000
1757073600000,0.08930000,0.09090000,0.08730000,0.08800000,15196277.00000000,1360458.89180000
1757088000000,0.08810000,0.08860000,0.08760000,0.08850000,8791472.00000000,774867.99090000
1757102400000,0.08850000,0.08920000,0.08820000,0.08860000,2799053.00000000,248364.88140000
1757116800000,0.08860000,0.08910000,0.08850000,0.08870000,1073881.00000000,95286.02410000
1757131200000,0.08860000,0.08860000,0.08760000,0.08790000,1645172.00000000,144638.15350000
1757145600000,0.08790000,0.08800000,0.08720000,0.08780000,2125438.00000000,186159.32900000
1757160000000,0.08770000,0.08830000,0.08720000,0.08740000,2262131.00000000,198564.67410000
1757174400000,0.08740000,0.08800000,0.08690000,0.08700000,2114848.00000000,185022.57670000
1757188800000,0.08700000,0.08790000,0.08690000,0.08770000,1756674.00000000,153284.76160000
1757203200000,0.08760000,0.08910000,0.08760000,0.08900000,1429399.00000000,126598.69920000
1757217600000,0.08900000,0.08960000,0.08860000,0.08890000,2252714.00000000,200665.60830000
1757232000000,0.08900000,0.08950000,0.08860000,0.08900000,2832625.00000000,251785.61350000
1757246400000,0.08910000,0.08920000,0.08870000,0.08910000,3703454.00000000,329272.56220000
1757260800000,0.08910000,0.08920000,0.08770000,0.08800000,2795018.00000000,246898.58670000
1757275200000,0.08800000,0.08910000,0.08780000,0.08900000,3186896.00000000,282022.10660000
1757289600000,0.08890000,0.09010000,0.08820000,0.08960000,4790794.00000000,427389.94630000
1757304000000,0.08960000,0.09020000,0.08910000,0.08940000,2934577.00000000,263275.01400000
1757318400000,0.08940000,0.09130000,0.08940000,0.09020000,8440671.00000000,761973.07140000
1757332800000,0.09030000,0.09210000,0.08990000,0.09170000,10132856.00000000,923186.99000000
1757347200000,0.09180000,0.09250000,0.09080000,0.09110000,7047518.00000000,646680.33740000
1757361600000,0.09110000,0.09210000,0.09030000,0.09170000,4354826.00000000,397167.44260000
1757376000000,0.09180000,0.09480000,0.09160000,0.09460000,12176032.00000000,1131686.59650000
1757390400000,0.09470000,0.09700000,0.09390000,0.09580000,12908852.00000000,1229267.25920000
1757404800000,0.09590000,0.09830000,0.09560000,0.09690000,20691517.00000000,2006762.10450000
1757419200000,0.09690000,0.09780000,0.09370000,0.09460000,24424125.00000000,2337266.45520000
1757433600000,0.09460000,0.10030000,0.09380000,0.09960000,34249008.00000000,3347642.47660000
1757448000000,0.09950000,0.10220000,0.09630000,0.09920000,55428448.00000000,5491715.37750000
1757462400000,0.09920000,0.10040000,0.09770000,0.09970000,27064315.00000000,2681984.08090000
1757476800000,0.09970000,0.09990000,0.09740000,0.09760000,14123763.00000000,1389916.40890000
1757491200000,0.09770000,0.09860000,0.09670000,0.09770000,15938054.00000000,1558352.66530000
1757505600000,0.09770000,0.10020000,0.09760000,0.09830000,20983512.00000000,2079958.00320000
1757520000000,0.09830000,0.09890000,0.09610000,0.09680000,7132375.00000000,695639.80620000
1757534400000,0.09670000,0.09800000,0.09660000,0.09770000,3778620.00000000,368739.58560000
1757548800000,0.09770000,0.09880000,0.09750000,0.09840000,6173330.00000000,606050.48970000
1757563200000,0.09850000,0.09850000,0.09700000,0.09820000,6434912.00000000,628488.69300000
1757577600000,0.09830000,0.09870000,0.09680000,0.09690000,6887132.00000000,673842.33070000
1757592000000,0.09700000,0.09830000,0.09550000,0.09680000,14398598.00000000,1393579.98070000
1757606400000,0.09680000,0.09880000,0.09670000,0.09870000,6051710.00000000,592221.50940000
1757620800000,0.09860000,0.10070000,0.09840000,0.09990000,8104602.00000000,807076.70500000
1757635200000,0.09990000,0.10100000,0.09880000,0.09920000,7146608.00000000,713811.65330000
1757649600000,0.09920000,0.10050000,0.09890000,0.09950000,8505038.00000000,849646.00320000
1757664000000,0.09960000,0.09960000,0.09780000,0.09780000,9137937.00000000,901312.84720000
1757678400000,0.09790000,0.09990000,0.09760000,0.09820000,13084516.00000000,1292299.50800000
1757692800000,0.09830000,0.10120000,0.09820000,0.10110000,10638060.00000000,1063738.33210000
1757707200000,0.10120000,0.10130000,0.10000000,0.10080000,8197227.00000000,825139.94960000
1757721600000,0.10070000,0.10170000,0.10030000,0.10130000,5263062.00000000,531479.95240000
1757736000000,0.10120000,0.10140000,0.10050000,0.10060000,4055924.00000000,409788.56180000
1757750400000,0.10060000,0.10280000,0.10060000,0.10270000,7317313.00000000,747123.39390000
1757764800000,0.10270000,0.10330000,0.10040000,0.10100000,9920625.00000000,1010364.09790000
1757779200000,0.10100000,0.10160000,0.09950000,0.10040000,9051380.00000000,909381.85330000
1757793600000,0.10040000,0.10130000,0.10030000,0.10080000,2999707.00000000,302541.57320000
1757808000000,0.10080000,0.10090000,0.09880000,0.09890000,5535792.00000000,551870.62050000
1757822400000,0.09890000,0.10010000,0.09810000,0.09920000,3425084.00000000,340012.29180000
1757836800000,0.09910000,0.09980000,0.09730000,0.09750000,4529474.00000000,446317.11830000
1757851200000,0.09750000,0.09790000,0.09590000,0.09640000,7030920.00000000,680966.92250000
1757865600000,0.09630000,0.09730000,0.09610000,0.09650000,3534708.00000000,341861.84650000
1757880000000,0.09640000,0.09750000,0.09590000,0.09630000,2371044.00000000,229298.87500000
1757894400000,0.09630000,0.09720000,0.09520000,0.09710000,3385750.00000000,326110.41040000
1757908800000,0.09710000,0.09770000,0.09480000,0.09510000,4891163.00000000,470517.45820000
1757923200000,0.09500000,0.09500000,0.09240000,0.09310000,14509560.00000000,1352942.78170000
1757937600000,0.09300000,0.09350000,0.09170000,0.09250000,6971072.00000000,646477.91550000
1757952000000,0.09240000,0.09300000,0.09140000,0.09250000,5131520.00000000,472801.03790000
1757966400000,0.09260000,0.09340000,0.09240000,0.09320000,2091053.00000000,194544.71400000
1757980800000,0.09330000,0.09330000,0.09210000,0.09220000,4320173.00000000,400406.04970000
1757995200000,0.09220000,0.09350000,0.09160000,0.09330000,5293915.00000000,490370.10290000
1758009600000,0.09330000,0.09440000,0.09330000,0.09380000,4896836.00000000,459856.08240000
1758024000000,0.09380000,0.09500000,0.09280000,0.09460000,6159662.00000000,578038.24790000
1758038400000,0.09460000,0.09540000,0.09390000,0.09490000,5114406.00000000,484129.44710000
1758052800000,0.09490000,0.09520000,0.09450000,0.09460000,4340584.00000000,411745.07610000
1758067200000,0.09470000,0.09520000,0.09370000,0.09390000,3566689.00000000,337327.46070000
1758081600000,0.09380000,0.09460000,0.09300000,0.09440000,3290624.00000000,308495.90120000
1758096000000,0.09440000,0.09450000,0.09250000,0.09290000,3803664.00000000,355151.84730000
1758110400000,0.09290000,0.09350000,0.09260000,0.09290000,4269475.00000000,397159.31480000
1758124800000,0.09280000,0.09590000,0.09210000,0.09570000,13482613.00000000,1267182.32700000
1758139200000,0.09570000,0.09790000,0.09440000,0.09720000,6171421.00000000,595553.97340000
1758153600000,0.09730000,0.09810000,0.09670000,0.09760000,5304929.00000000,516925.38730000
1758168000000,0.09770000,0.09790000,0.09610000,0.09660000,4224207.00000000,410269.88690000
1758182400000,0.09660000,0.09780000,0.09650000,0.09700000,4072767.00000000,395655.36350000
1758196800000,0.09710000,0.09860000,0.09670000,0.09800000,6142243.00000000,600301.66470000
1758211200000,0.09810000,0.09950000,0.09800000,0.09870000,5347404.00000000,528144.40520000
1758225600000,0.09860000,0.09940000,0.09790000,0.09840000,4356203.00000000,430444.23150000
1758240000000,0.09850000,0.09990000,0.09680000,0.09690000,6463466.00000000,637244.09080000
1758254400000,0.09680000,0.09760000,0.09590000,0.09680000,6238637.00000000,603382.63630000
1758268800000,0.09680000,0.09730000,0.09460000,0.09480000,7350659.00000000,703969.11030000
1758283200000,0.09480000,0.09580000,0.09330000,0.09400000,9013027.00000000,852990.67170000
1758297600000,0.09400000,0.09450000,0.09270000,0.09290000,5272418.00000000,493138.47460000
1758312000000,0.09300000,0.09370000,0.09220000,0.09280000,4428092.00000000,412228.82420000
1758326400000,0.09280000,0.09310000,0.09190000,0.09270000,4570814.00000000,422867.09300000
1758340800000,0.09270000,0.09420000,0.09250000,0.09410000,3317954.00000000,309835.53640000
1758355200000,0.09410000,0.09410000,0.09250000,0.09310000,4029915.00000000,376170.35050000
1758369600000,0.09310000,0.09500000,0.09280000,0.09430000,3472272.00000000,326284.08600000
1758384000000,0.09430000,0.09480000,0.09340000,0.09370000,3415328.00000000,321565.18650000
1758398400000,0.09370000,0.09450000,0.09360000,0.09410000,2254072.00000000,212319.82760000
1758412800000,0.09410000,0.09440000,0.09330000,0.09400000,2003725.00000000,188186.22140000
1758427200000,0.09400000,0.09480000,0.09350000,0.09390000,2888054.00000000,272134.76300000
1758441600000,0.09390000,0.09420000,0.09220000,0.09290000,4697931.00000000,437394.14290000
1758456000000,0.09290000,0.09380000,0.09280000,0.09300000,3346513.00000000,312762.43280000
1758470400000,0.09300000,0.09350000,0.09220000,0.09310000,2617802.00000000,243022.36180000
1758484800000,0.09310000,0.09320000,0.09200000,0.09210000,4432583.00000000,410063.05970000
1758499200000,0.09210000,0.09260000,0.08820000,0.08910000,25843703.00000000,2329092.28370000
1758513600000,0.08910000,0.08950000,0.08080000,0.08470000,35693361.00000000,3032225.95060000
1758528000000,0.08470000,0.08510000,0.08360000,0.08430000,11361163.00000000,958079.01050000
1758542400000,0.08430000,0.08520000,0.08380000,0.08410000,15793483.00000000,1334106.77450000
1758556800000,0.08410000,0.08460000,0.08300000,0.08310000,13785484.00000000,1153800.02790000
1758571200000,0.08320000,0.08530000,0.08310000,0.08520000,4246389.00000000,358792.04220000
1758585600000,0.08520000,0.08560000,0.08290000,0.08440000,7040145.00000000,592897.52380000
1758600000000,0.08450000,0.08490000,0.08350000,0.08430000,12399707.00000000,1046846.66320000
1758614400000,0.08430000,0.08490000,0.08400000,0.08460000,10068566.00000000,850011.75080000
1758628800000,0.08460000,0.08510000,0.08380000,0.08470000,9196936.00000000,777324.92220000
1758643200000,0.08470000,0.08530000,0.08330000,0.08360000,5263364.00000000,443421.91560000
1758657600000,0.08350000,0.08450000,0.08330000,0.08360000,3274532.00000000,274925.74690000
1758672000000,0.08360000,0.08500000,0.08290000,0.08330000,6589359.00000000,553748.60550000
1758686400000,0.08320000,0.08510000,0.08220000,0.08440000,7168662.00000000,601008.80840000
1758700800000,0.08440000,0.08520000,0.08400000,0.08500000,5772333.00000000,487632.14480000
1758715200000,0.08500000,0.08580000,0.08430000,0.08460000,5120684.00000000,435135.73120000
1758729600000,0.08470000,0.08530000,0.08430000,0.08450000,4236621.00000000,359092.66460000
1758744000000,0.08450000,0.08470000,0.08340000,0.08380000,5072534.00000000,425509.94850000
1758758400000,0.08380000,0.08400000,0.08210000,0.08270000,11792580.00000000,978265.91380000
1758772800000,0.08270000,0.08300000,0.08120000,0.08150000,10275559.00000000,841895.94590000
1758787200000,0.08150000,0.08250000,0.08110000,0.08130000,6701188.00000000,547746.42560000
1758801600000,0.08130000,0.08310000,0.08000000,0.08190000,14472386.00000000,1181336.64940000
1758816000000,0.08190000,0.08210000,0.07830000,0.08080000,15617827.00000000,1249071.66560000
1758830400000,0.08070000,0.08100000,0.07920000,0.07980000,6590182.00000000,527921.50090000
1758844800000,0.07980000,0.08100000,0.07930000,0.08070000,6488694.00000000,521570.30450000
1758859200000,0.08070000,0.08080000,0.07960000,0.08020000,5233425.00000000,419771.41310000
1758873600000,0.08030000,0.08090000,0.07900000,0.07980000,6827161.00000000,545263.79730000
1758888000000,0.07980000,0.08110000,0.07900000,0.08060000,11032309.00000000,885621.89130000
1758902400000,0.08060000,0.08280000,0.08060000,0.08210000,4008436.00000000,328466.14910000
1758916800000,0.08200000,0.08270000,0.08170000,0.08240000,2770626.00000000,227582.29250000
1758931200000,0.08240000,0.08250000,0.08160000,0.08200000,3671738.00000000,301079.99980000
1758945600000,0.08200000,0.08260000,0.08160000,0.08170000,3241887.00000000,266462.61750000
1758960000000,0.08170000,0.08200000,0.08080000,0.08170000,3635600.00000000,296162.31530000
1758974400000,0.08170000,0.08210000,0.08130000,0.08200000,3428084.00000000,280342.84300000
1758988800000,0.08200000,0.08200000,0.08040000,0.08080000,3308975.00000000,268025.65270000
1759003200000,0.08090000,0.08150000,0.08060000,0.08080000,3408521.00000000,275935.52990000
1759017600000,0.08090000,0.08110000,0.07970000,0.08010000,4281683.00000000,344070.64160000
1759032000000,0.08010000,0.08030000,0.07950000,0.07970000,3495709.00000000,279219.85630000
1759046400000,0.07970000,0.07990000,0.07920000,0.07940000,3457889.00000000,275156.00630000
1759060800000,0.07940000,0.08040000,0.07880000,0.08030000,3220400.00000000,256669.23960000
1759075200000,0.08030000,0.08100000,0.08020000,0.08080000,3093850.00000000,249614.32040000
1759089600000,0.08090000,0.08300000,0.08080000,0.08270000,4675696.00000000,383994.59430000
1759104000000,0.08280000,0.08290000,0.08160000,0.08200000,4118442.00000000,338428.43490000
1759118400000,0.08200000,0.08200000,0.08110000,0.08160000,2456953.00000000,200350.46900000
1759132800000,0.08160000,0.08200000,0.08050000,0.08080000,3436022.00000000,279794.70530000
1759147200000,0.08080000,0.08340000,0.07980000,0.08180000,8537235.00000000,697547.16330000
1759161600000,0.08200000,0.08260000,0.08090000,0.08250000,4423599.00000000,361636.29880000
1759176000000,0.08250000,0.08330000,0.08160000,0.08160000,3313839.00000000,273859.90450000
1759190400000,0.08160000,0.08190000,0.08030000,0.08040000,5075921.00000000,411532.10670000
1759204800000,0.08040000,0.08110000,0.08000000,0.08020000,4200919.00000000,338169.42130000
1759219200000,0.08020000,0.08040000,0.07940000,0.08010000,5734471.00000000,457823.27470000
1759233600000,0.08010000,0.08020000,0.07850000,0.07910000,6188049.00000000,491805.74960000
1759248000000,0.07910000,0.08070000,0.07830000,0.08050000,6144499.00000000,486304.06130000
1759262400000,0.08060000,0.08120000,0.07990000,0.08040000,4037021.00000000,325284.50080000
1759276800000,0.08050000,0.08120000,0.07990000,0.08000000,2773208.00000000,223496.43400000
1759291200000,0.07990000,0.08130000,0.07990000,0.08080000,4119931.00000000,332727.26520000
1759305600000,0.08080000,0.08620000,0.08080000,0.08400000,15172242.00000000,1276812.94000000
1759320000000,0.08410000,0.08430000,0.08330000,0.08390000,6390221.00000000,535875.43460000
1759334400000,0.08390000,0.08490000,0.08350000,0.08470000,4554385.00000000,383402.92730000
1759348800000,0.08470000,0.08490000,0.08420000,0.08490000,4335644.00000000,366568.62820000
1759363200000,0.08490000,0.08600000,0.08450000,0.08590000,5807129.00000000,495420.97480000
1759377600000,0.08590000,0.08690000,0.08560000,0.08600000,8531041.00000000,736160.89080000
1759392000000,0.08600000,0.08710000,0.08600000,0.08660000,4529346.00000000,391661.26100000
1759406400000,0.08670000,0.08720000,0.08510000,0.08650000,7968765.00000000,686653.75530000
1759420800000,0.08660000,0.08870000,0.08650000,0.08830000,5874263.00000000,515732.34070000
1759435200000,0.08840000,0.08890000,0.08790000,0.08850000,4364541.00000000,385859.92300000
1759449600000,0.08850000,0.08850000,0.08710000,0.08740000,6583991.00000000,577624.51280000
1759464000000,0.08740000,0.08820000,0.08700000,0.08730000,4435688.00000000,388573.92880000
1759478400000,0.08730000,0.08730000,0.08620000,0.08620000,7516481.00000000,652900.31830000
1759492800000,0.08630000,0.08830000,0.08530000,0.08810000,13374525.00000000,1156457.05820000
1759507200000,0.08810000,0.08910000,0.08580000,0.08670000,21556184.00000000,1883777.44120000
1759521600000,0.08660000,0.08670000,0.08550000,0.08570000,9768177.00000000,841067.83510000
1759536000000,0.08570000,0.08590000,0.08400000,0.08440000,12433216.00000000,1053218.70550000
1759550400000,0.08430000,0.08480000,0.08390000,0.08410000,8980287.00000000,757085.50230000
1759564800000,0.08420000,0.08440000,0.08240000,0.08310000,10956257.00000000,912384.56600000
1759579200000,0.08310000,0.08410000,0.08220000,0.08250000,6167879.00000000,512049.49510000
1759593600000,0.08250000,0.08320000,0.08190000,0.08320000,8512584.00000000,702883.29170000
1759608000000,0.08320000,0.08420000,0.08310000,0.08370000,3997662.00000000,334596.00140000
1759622400000,0.08380000,0.08560000,0.08300000,0.08500000,7477177.00000000,630870.21160000
1759636800000,0.08500000,0.08710000,0.08490000,0.08700000,7728102.00000000,664925.47790000
1759651200000,0.08700000,0.08740000,0.08460000,0.08540000,8001227.00000000,688277.89940000
1759665600000,0.08530000,0.08530000,0.08400000,0.08440000,6701224.00000000,567080.62950000
1759680000000,0.08450000,0.08470000,0.08220000,0.08230000,5776869.00000000,481761.59480000
1759694400000,0.08230000,0.08330000,0.08220000,0.08300000,5435095.00000000,450301.91640000
1759708800000,0.08300000,0.08380000,0.08230000,0.08350000,6951450.00000000,577525.46570000
1759723200000,0.08340000,0.08440000,0.08280000,0.08340000,5625601.00000000,470617.22400000
1759737600000,0.08350000,0.08470000,0.08340000,0.08420000,5291965.00000000,444521.98190000
1759752000000,0.08420000,0.08700000,0.08420000,0.08660000,8115254.00000000,696057.76210000
1759766400000,0.08670000,0.08720000,0.08590000,0.08650000,7906347.00000000,684715.49450000
1759780800000,0.08660000,0.08710000,0.08560000,0.08590000,4971233.00000000,428727.29840000
1759795200000,0.08590000,0.08670000,0.08560000,0.08580000,3817763.00000000,328200.09610000
1759809600000,0.08580000,0.08690000,0.08420000,0.08450000,6849752.00000000,585954.09900000
1759824000000,0.08450000,0.08540000,0.08320000,0.08530000,7215942.00000000,609044.20140000
1759838400000,0.08540000,0.08610000,0.08180000,0.08220000,16238543.00000000,1359025.25070000
1759852800000,0.08230000,0.08360000,0.08160000,0.08220000,9410615.00000000,776690.06730000
1759867200000,0.08220000,0.08310000,0.08180000,0.08200000,6691618.00000000,551775.93860000
1759881600000,0.08200000,0.08280000,0.08090000,0.08140000,5737589.00000000,470884.39570000
1759896000000,0.08140000,0.08250000,0.08110000,0.08240000,8321090.00000000,679885.83760000
1759910400000,0.08240000,0.08290000,0.08180000,0.08200000,8816508.00000000,726098.56520000
1759924800000,0.08200000,0.08340000,0.08180000,0.08240000,6536252.00000000,539204.15830000
1759939200000,0.08250000,0.08460000,0.08230000,0.08390000,7245357.00000000,607251.52300000
1759953600000,0.08380000,0.08420000,0.08280000,0.08300000,4298205.00000000,358462.56100000
1759968000000,0.08300000,0.08320000,0.08060000,0.08180000,7396771.00000000,604971.24670000
1759982400000,0.08190000,0.08240000,0.08100000,0.08110000,3754225.00000000,306908.58680000
1759996800000,0.08110000,0.08130000,0.07980000,0.08080000,9178801.00000000,737938.28550000
1760011200000,0.08080000,0.08170000,0.07960000,0.07990000,8182127.00000000,659456.99190000
1760025600000,0.07990000,0.08130000,0.07930000,0.08070000,8167958.00000000,657574.65530000
1760040000000,0.08080000,0.08190000,0.08070000,0.08120000,4500197.00000000,365464.07620000
1760054400000,0.08120000,0.08250000,0.08050000,0.08160000,5787354.00000000,471058.04400000
1760068800000,0.08160000,0.08210000,0.08050000,0.08050000,6401185.00000000,521392.61230000
1760083200000,0.08050000,0.08240000,0.08020000,0.08230000,9720982.00000000,787441.93620000
1760097600000,0.08240000,0.08340000,0.07760000,0.07860000,22641515.00000000,1815957.45060000
1760112000000,0.07860000,0.07940000,0.07650000,0.07730000,15857360.00000000,1238087.25180000
1760126400000,0.07740000,0.07760000,0.03000000,0.06080000,213558191.00000000,12293096.35110000
1760140800000,0.06080000,0.06380000,0.05940000,0.06240000,50736408.00000000,3105624.18280000
1760155200000,0.06240000,0.06480000,0.06230000,0.06430000,30655001.00000000,1954510.84530000
1760169600000,0.06430000,0.06740000,0.06400000,0.06680000,30159874.00000000,2001659.55100000
1760184000000,0.06680000,0.06690000,0.06450000,0.06640000,34757540.00000000,2286832.18350000
1760198400000,0.06630000,0.06680000,0.06240000,0.06300000,20377919.00000000,1331422.30530000
1760212800000,0.06300000,0.06330000,0.06090000,0.06260000,17393222.00000000,1084018.47000000
1760227200000,0.06260000,0.06330000,0.06110000,0.06250000,10399400.00000000,646560.76680000
1760241600000,0.06250000,0.06480000,0.06240000,0.06430000,8568953.00000000,548385.53710000
1760256000000,0.06430000,0.06470000,0.06310000,0.06420000,8764903.00000000,562775.78530000
1760270400000,0.06420000,0.06820000,0.06350000,0.06790000,17912807.00000000,1176846.88060000
1760284800000,0.06790000,0.06970000,0.06770000,0.06970000,14954673.00000000,1027720.83980000
1760299200000,0.06960000,0.07010000,0.06830000,0.06910000,9250650.00000000,640977.08100000
1760313600000,0.06910000,0.06940000,0.06790000,0.06860000,8494511.00000000,582658.83270000
1760328000000,0.06870000,0.07030000,0.06790000,0.06920000,8619938.00000000,593942.48290000
1760342400000,0.06930000,0.07110000,0.06770000,0.06910000,12674670.00000000,884219.78250000
1760356800000,0.06920000,0.07170000,0.06850000,0.07080000,17318828.00000000,1217116.63300000
1760371200000,0.07090000,0.07370000,0.07020000,0.07350000,12401077.00000000,892764.02490000
1760385600000,0.07350000,0.07530000,0.07300000,0.07350000,10763869.00000000,794898.24500000
1760400000000,0.07360000,0.07380000,0.07070000,0.07090000,5991291.00000000,432373.44070000
1760414400000,0.07100000,0.07120000,0.06610000,0.06675000,18258737.00000000,1239609.26064000
1760428800000,0.06670000,0.06783000,0.06520000,0.06725000,13733316.00000000,917613.44294000
1760443200000,0.06727000,0.06988000,0.06566000,0.06983000,8877275.00000000,598667.23478000
1760457600000,0.06986000,0.07080000,0.06852000,0.06950000,9522146.00000000,664437.05147000
1760472000000,0.06952000,0.07054000,0.06909000,0.07008000,4147124.00000000,289736.67992000
1760486400000,0.07007000,0.07043000,0.06863000,0.06904000,5197931.00000000,361962.01335000
1760500800000,0.06907000,0.07058000,0.06862000,0.07025000,7998057.00000000,556756.57093000
1760515200000,0.07024000,0.07117000,0.06840000,0.06854000,9333936.00000000,650559.79077000
1760529600000,0.06853000,0.06879000,0.06613000,0.06660000,12779160.00000000,862547.33491000
1760544000000,0.06659000,0.06706000,0.06565000,0.06595000,7657139.00000000,507800.90475000
1760558400000,0.06596000,0.06658000,0.06491000,0.06634000,8667889.00000000,571218.86479000
1760572800000,0.06635000,0.06725000,0.06607000,0.06642000,4291005.00000000,285819.32507000
1760587200000,0.06641000,0.06724000,0.06585000,0.06638000,4426924.00000000,294560.34783000
1760601600000,0.06638000,0.06785000,0.06437000,0.06736000,10594903.00000000,701143.17399000
1760616000000,0.06741000,0.06789000,0.06405000,0.06446000,7476260.00000000,494789.25287000
1760630400000,0.06442000,0.06627000,0.06347000,0.06408000,9021134.00000000,584201.81994000
1760644800000,0.06408000,0.06446000,0.06306000,0.06387000,4175962.00000000,266242.46993000
1760659200000,0.06385000,0.06519000,0.06370000,0.06515000,3307941.00000000,213507.56133000
1760673600000,0.06517000,0.06517000,0.06044000,0.06072000,16194811.00000000,1012011.11874000
1760688000000,0.06076000,0.06313000,0.05946000,0.06260000,17033257.00000000,1040415.99451000
1760702400000,0.06259000,0.06302000,0.06100000,0.06281000,10720964.00000000,666975.05342000
1760716800000,0.06282000,0.06362000,0.06190000,0.06236000,6030860.00000000,377263.02889000
1760731200000,0.06233000,0.06330000,0.06181000,0.06200000,3533773.00000000,221576.72704000
1760745600000,0.06199000,0.06329000,0.06187000,0.06297000,4064790.00000000,254829.12054000
1760760000000,0.06297000,0.06388000,0.06236000,0.06271000,3533201.00000000,222215.87843000
1760774400000,0.06273000,0.06304000,0.06233000,0.06291000,2976297.00000000,186727.28170000
1760788800000,0.06291000,0.06311000,0.06179000,0.06203000,7758180.00000000,483691.10228000
1760803200000,0.06205000,0.06296000,0.06153000,0.06277000,2985614.00000000,185832.38330000
1760817600000,0.06279000,0.06302000,0.06222000,0.06252000,2131414.00000000,133383.90687000
1760832000000,0.06252000,0.06303000,0.06207000,0.06293000,3808600.00000000,237683.38543000
1760846400000,0.06295000,0.06297000,0.06184000,0.06213000,2297971.00000000,143280.18642000
1760860800000,0.06214000,0.06422000,0.06172000,0.06368000,14882858.00000000,935780.12027000
1760875200000,0.06370000,0.06501000,0.06324000,0.06481000,7971770.00000000,512559.08959000
1760889600000,0.06480000,0.06522000,0.06429000,0.06447000,5664569.00000000,366438.54890000
1760904000000,0.06449000,0.06477000,0.06394000,0.06404000,2855253.00000000,184169.56328000
1760918400000,0.06406000,0.06596000,0.06275000,0.06579000,6364765.00000000,407538.21282000
1760932800000,0.06581000,0.06751000,0.06552000,0.06690000,8567535.00000000,571451.97725000
1760947200000,0.06690000,0.06713000,0.06608000,0.06656000,5238937.00000000,348439.96936000
1760961600000,0.06655000,0.06716000,0.06620000,0.06620000,3895147.00000000,259817.89906000
1760976000000,0.06619000,0.06619000,0.06499000,0.06596000,8108499.00000000,532299.94358000
1760990400000,0.06595000,0.06684000,0.06566000,0.06573000,3909290.00000000,258530.84659000
1761004800000,0.06573000,0.06578000,0.06401000,0.06420000,5056815.00000000,328145.05758000
1761019200000,0.06417000,0.06417000,0.06279000,0.06397000,9055324.00000000,574623.46108000
1761033600000,0.06397000,0.06458000,0.06309000,0.06440000,6773085.00000000,431864.31389000
1761048000000,0.06440000,0.06842000,0.06420000,0.06790000,14806052.00000000,980956.97013000
1761062400000,0.06790000,0.06843000,0.06619000,0.06641000,11626076.00000000,782345.77040000
1761076800000,0.06642000,0.06653000,0.06313000,0.06342000,7186886.00000000,465737.93116000
1761091200000,0.06340000,0.06380000,0.06286000,0.06351000,6403064.00000000,406037.95939000
1761105600000,0.06351000,0.06399000,0.06240000,0.06294000,8899407.00000000,560391.16307000
1761120000000,0.06294000,0.06294000,0.06126000,0.06226000,10341238.00000000,643814.95133000
1761134400000,0.06225000,0.06351000,0.06196000,0.06268000,9647447.00000000,603977.92640000
1761148800000,0.06269000,0.06285000,0.06128000,0.06190000,9533930.00000000,590961.19878000
1761163200000,0.06189000,0.06220000,0.05500000,0.06169000,13479907.00000000,820419.71704000
1761177600000,0.06170000,0.06192000,0.06126000,0.06165000,5946017.00000000,366240.32460000
1761192000000,0.06166000,0.06277000,0.06151000,0.06229000,6246060.00000000,388802.83799000
1761206400000,0.06230000,0.06270000,0.06171000,0.06184000,4725324.00000000,294425.61567000
1761220800000,0.06183000,0.06327000,0.06124000,0.06294000,7100679.00000000,443358.46136000
1761235200000,0.06295000,0.06444000,0.06289000,0.06371000,7407801.00000000,471632.77428000
1761249600000,0.06371000,0.06380000,0.06287000,0.06351000,3898631.00000000,246592.84518000
1761264000000,0.06352000,0.06413000,0.06338000,0.06376000,3387831.00000000,215959.54664000
1761278400000,0.06376000,0.06531000,0.06365000,0.06503000,4811455.00000000,311964.95704000
1761292800000,0.06504000,0.06552000,0.06383000,0.06441000,4824172.00000000,312199.52817000
1761307200000,0.06442000,0.06603000,0.06340000,0.06363000,8796323.00000000,567777.62546000
1761321600000,0.06364000,0.06476000,0.06322000,0.06449000,2604876.00000000,166399.56387000
1761336000000,0.06449000,0.06524000,0.06442000,0.06500000,3318990.00000000,215594.44597000
1761350400000,0.06498000,0.06500000,0.06396000,0.06399000,2441606.00000000,157288.03811000
1761364800000,0.06399000,0.06421000,0.06352000,0.06370000,3287471.00000000,209565.23344000
1761379200000,0.06372000,0.06410000,0.06334000,0.06370000,2666643.00000000,170092.69490000
1761393600000,0.06370000,0.06491000,0.06370000,0.06462000,4599490.00000000,295945.59450000
1761408000000,0.06463000,0.06534000,0.06438000,0.06520000,2907950.00000000,188266.65005000
1761422400000,0.06521000,0.06556000,0.06462000,0.06473000,3141734.00000000,204297.14547000
1761436800000,0.06475000,0.06486000,0.06398000,0.06415000,3069651.00000000,197743.22839000
1761451200000,0.06414000,0.06519000,0.06408000,0.06516000,1818554.00000000,117927.42270000
1761465600000,0.06516000,0.06637000,0.06500000,0.06626000,4312973.00000000,282970.23201000
1761480000000,0.06625000,0.06670000,0.06579000,0.06618000,4617190.00000000,305785.79446000
1761494400000,0.06618000,0.06619000,0.06556000,0.06566000,2676336.00000000,176373.31084000
1761508800000,0.06565000,0.06751000,0.06531000,0.06651000,5782827.00000000,384220.34960000
1761523200000,0.06651000,0.06748000,0.06636000,0.06693000,3535776.00000000,236778.38091000
1761537600000,0.06693000,0.06757000,0.06609000,0.06669000,5540848.00000000,370239.62405000
1761552000000,0.06669000,0.06706000,0.06517000,0.06569000,5739225.00000000,378084.96086000
1761566400000,0.06569000,0.06575000,0.06441000,0.06527000,6086067.00000000,395995.12154000
1761580800000,0.06527000,0.06711000,0.06527000,0.06563000,5782026.00000000,383495.30546000
1761595200000,0.06563000,0.06564000,0.06442000,0.06508000,6271355.00000000,408075.74121000
1761609600000,0.06507000,0.06566000,0.06433000,0.06461000,4200895.00000000,272976.22466000
1761624000000,0.06460000,0.06567000,0.06412000,0.06489000,5296240.00000000,343067.83566000
1761638400000,0.06489000,0.06523000,0.06433000,0.06438000,4601747.00000000,297762.04529000
1761652800000,0.06437000,0.06563000,0.06350000,0.06450000,7530898.00000000,487916.01298000
1761667200000,0.06450000,0.06501000,0.06295000,0.06332000,6781360.00000000,436042.75173000
1761681600000,0.06330000,0.06330000,0.06157000,0.06231000,7715119.00000000,481401.87397000
1761696000000,0.06231000,0.06291000,0.06217000,0.06261000,8839401.00000000,553532.07417000
1761710400000,0.06259000,0.06385000,0.06258000,0.06369000,1957859.00000000,123819.26187000
1761724800000,0.06367000,0.06456000,0.06323000,0.06436000,3076875.00000000,196408.32931000
1761739200000,0.06435000,0.06550000,0.06331000,0.06367000,5257706.00000000,339062.64517000
1761753600000,0.06367000,0.06608000,0.06248000,0.06525000,17104690.00000000,1099633.69404000
1761768000000,0.06526000,0.06620000,0.06326000,0.06356000,6060305.00000000,394237.46438000
1761782400000,0.06355000,0.06428000,0.06313000,0.06381000,3793273.00000000,242293.67719000
1761796800000,0.06380000,0.06399000,0.06126000,0.06384000,6940143.00000000,434623.77940000
1761811200000,0.06384000,0.06389000,0.06215000,0.06218000,4883627.00000000,307594.75788000
1761825600000,0.06218000,0.06233000,0.06009000,0.06044000,10147847.00000000,616701.74555000
1761840000000,0.06043000,0.06093000,0.05910000,0.05925000,33992896.00000000,2042543.21932000
1761854400000,0.05924000,0.06098000,0.05861000,0.06093000,7078117.00000000,423207.69618000
1761868800000,0.06094000,0.06155000,0.06060000,0.06152000,4979189.00000000,304451.41660000
1761883200000,0.06153000,0.06217000,0.06112000,0.06140000,3311303.00000000,204205.75091000
1761897600000,0.06140000,0.06226000,0.06110000,0.06220000,3324919.00000000,204340.62948000
1761912000000,0.06221000,0.06290000,0.06172000,0.06233000,9113497.00000000,567408.35347000
1761926400000,0.06232000,0.06242000,0.06027000,0.06222000,6649887.00000000,407500.75198000
1761940800000,0.06221000,0.06225000,0.06122000,0.06137000,3087251.00000000,190052.81643000
1761955200000,0.06139000,0.06189000,0.06082000,0.06181000,1904745.00000000,116873.13256000
1761969600000,0.06182000,0.06267000,0.06108000,0.06249000,2408899.00000000,148983.85255000
1761984000000,0.06252000,0.06390000,0.06239000,0.06387000,9054751.00000000,572076.07445000
1761998400000,0.06388000,0.06450000,0.06316000,0.06416000,9512143.00000000,608248.18523000
1762012800000,0.06415000,0.06462000,0.06388000,0.06414000,4682575.00000000,300480.76488000
1762027200000,0.06414000,0.06473000,0.06372000,0.06416000,3092698.00000000,198580.68630000
1762041600000,0.06419000,0.06433000,0.06358000,0.06365000,3881442.00000000,248389.82554000
1762056000000,0.06363000,0.06536000,0.06351000,0.06515000,5504136.00000000,356082.08733000
1762070400000,0.06517000,0.06528000,0.06386000,0.06505000,6025664.00000000,389106.73785000
1762084800000,0.06505000,0.06511000,0.06261000,0.06310000,5365578.00000000,343002.73209000
1762099200000,0.06309000,0.06381000,0.06235000,0.06313000,4547451.00000000,286985.17391000
1762113600000,0.06314000,0.06544000,0.06298000,0.06522000,4484984.00000000,286631.43060000
1762128000000,0.06526000,0.06535000,0.06043000,0.06058000,8429594.00000000,528526.60356000
1762142400000,0.06055000,0.06115000,0.05917000,0.05990000,11788872.00000000,708171.37929000
1762156800000,0.05989000,0.06061000,0.05863000,0.05960000,10594078.00000000,630370.18267000
1762171200000,0.05960000,0.06043000,0.05489000,0.05687000,20652297.00000000,1194951.64391000
1762185600000,0.05687000,0.05871000,0.05609000,0.05653000,11797114.00000000,676267.54549000
1762200000000,0.05654000,0.05676000,0.05509000,0.05671000,8845719.00000000,495871.95346000
1762214400000,0.05672000,0.05763000,0.05613000,0.05720000,7065337.00000000,403507.86071000
1762228800000,0.05720000,0.05758000,0.05450000,0.05484000,18372148.00000000,1024310.36620000
1762243200000,0.05483000,0.05671000,0.05390000,0.05635000,15192980.00000000,842575.65534000
1762257600000,0.05635000,0.05751000,0.05525000,0.05620000,10636634.00000000,598543.13397000
1762272000000,0.05620000,0.05656000,0.05303000,0.05388000,15834319.00000000,865853.29994000
1762286400000,0.05388000,0.05532000,0.05152000,0.05471000,21746118.00000000,1159472.23706000
1762300800000,0.05472000,0.05581000,0.05208000,0.05548000,10600473.00000000,574329.44840000
1762315200000,0.05546000,0.05583000,0.05506000,0.05565000,4448679.00000000,246522.96293000
1762329600000,0.05564000,0.05588000,0.05450000,0.05572000,5615777.00000000,309312.43862000
1762344000000,0.05571000,0.05657000,0.05543000,0.05650000,6504673.00000000,365021.77475000
1762358400000,0.05649000,0.05727000,0.05601000,0.05658000,4532734.00000000,257210.58787000
1762372800000,0.05658000,0.05698000,0.05595000,0.05629000,5263195.00000000,297321.93973000
1762387200000,0.05628000,0.05631000,0.05511000,0.05608000,4801854.00000000,267784.76178000
1762401600000,0.05608000,0.05618000,0.05486000,0.05498000,7964003.00000000,441942.47372000
1762416000000,0.05495000,0.05538000,0.05456000,0.05528000,5667891.00000000,311791.09735000
1762430400000,0.05528000,0.05623000,0.05439000,0.05469000,8220927.00000000,454476.67401000
1762444800000,0.05470000,0.05578000,0.05354000,0.05543000,10688573.00000000,583255.09591000
1762459200000,0.05544000,0.05639000,0.05494000,0.05639000,6418218.00000000,357687.01360000
1762473600000,0.05640000,0.05817000,0.05633000,0.05791000,12264309.00000000,704213.84714000
1762488000000,0.05793000,0.06445000,0.05756000,0.05960000,16603197.00000000,975871.73182000
1762502400000,0.05959000,0.06065000,0.05822000,0.05903000,23525613.00000000,1400482.58927000
1762516800000,0.05905000,0.06296000,0.05716000,0.06282000,32982713.00000000,1987301.12818000
1762531200000,0.06283000,0.07472000,0.06261000,0.07397000,81560350.00000000,5688838.49864000
1762545600000,0.07397000,0.07686000,0.06953000,0.06993000,65450277.00000000,4791007.20994000
1762560000000,0.06994000,0.07203000,0.06774000,0.06781000,18207774.00000000,1274846.03184000
1762574400000,0.06780000,0.06899000,0.06610000,0.06730000,14469255.00000000,974389.65095000
1762588800000,0.06728000,0.06905000,0.06650000,0.06848000,16843589.00000000,1144719.39872000
1762603200000,0.06847000,0.06869000,0.06506000,0.06535000,17960409.00000000,1193470.49237000
1762617600000,0.06534000,0.06646000,0.06472000,0.06595000,9364635.00000000,613178.02808000
1762632000000,0.06594000,0.06672000,0.06574000,0.06653000,5368374.00000000,355626.73680000
1762646400000,0.06652000,0.06674000,0.06357000,0.06412000,8124337.00000000,530448.77078000
1762660800000,0.06413000,0.06487000,0.06370000,0.06483000,4461411.00000000,286315.29648000
1762675200000,0.06482000,0.06525000,0.06301000,0.06489000,8219745.00000000,529230.61907000
1762689600000,0.06490000,0.06630000,0.06417000,0.06589000,8078837.00000000,526081.99419000
1762704000000,0.06590000,0.06688000,0.06483000,0.06688000,7669350.00000000,504682.95114000
1762718400000,0.06689000,0.06732000,0.06548000,0.06652000,4965356.00000000,329357.13160000
1762732800000,0.06651000,0.06959000,0.06585000,0.06942000,14306539.00000000,973129.02950000
1762747200000,0.06941000,0.07051000,0.06835000,0.07043000,8268717.00000000,572862.26790000
1762761600000,0.07042000,0.07069000,0.06879000,0.06973000,13592719.00000000,949941.39328000
1762776000000,0.06975000,0.06997000,0.06693000,0.06767000,11748513.00000000,803546.49448000
1762790400000,0.06766000,0.06878000,0.06672000,0.06803000,8249215.00000000,559353.68302000
1762804800000,0.06802000,0.07000000,0.06713000,0.06892000,10000503.00000000,684946.55147000
1762819200000,0.06893000,0.07007000,0.06760000,0.06890000,8913380.00000000,613402.22997000
1762833600000,0.06893000,0.06917000,0.06553000,0.06565000,7389519.00000000,495411.58651000
1762848000000,0.06564000,0.06679000,0.06561000,0.06659000,6619962.00000000,438061.59347000
1762862400000,0.06660000,0.06711000,0.06563000,0.06620000,6916038.00000000,458862.89597000
1762876800000,0.06619000,0.06676000,0.06466000,0.06480000,6810144.00000000,447387.04310000
1762891200000,0.06479000,0.06497000,0.06334000,0.06352000,5127343.00000000,328595.97101000
1762905600000,0.06353000,0.06507000,0.06310000,0.06490000,6133521.00000000,393065.21282000
1762920000000,0.06491000,0.06579000,0.06450000,0.06498000,2906368.00000000,189391.30486000
1762934400000,0.06499000,0.06726000,0.06499000,0.06687000,4971691.00000000,330472.54478000
1762948800000,0.06690000,0.06726000,0.06358000,0.06385000,6279699.00000000,413248.54505000
1762963200000,0.06384000,0.06402000,0.06216000,0.06288000,10918620.00000000,687708.58423000
1762977600000,0.06286000,0.06394000,0.06261000,0.06296000,4498195.00000000,284857.01381000
1762992000000,0.06296000,0.06424000,0.06222000,0.06369000,6047846.00000000,383234.08647000
1763006400000,0.06370000,0.06485000,0.06321000,0.06379000,5781644.00000000,370207.13881000
1763020800000,0.06381000,0.06437000,0.06293000,0.06318000,6522727.00000000,414748.08079000
1763035200000,0.06320000,0.06458000,0.06242000,0.06308000,10612509.00000000,672198.45773000
1763049600000,0.06308000,0.06323000,0.05931000,0.05954000,15934796.00000000,968022.78648000
1763064000000,0.05953000,0.06103000,0.05898000,0.06049000,6490986.00000000,387882.88622000
1763078400000,0.06049000,0.06122000,0.05932000,0.05962000,5901895.00000000,355025.55729000
1763092800000,0.05962000,0.06026000,0.05750000,0.05959000,9218965.00000000,543776.22897000
1763107200000,0.05960000,0.05970000,0.05795000,0.05844000,5273764.00000000,309687.38572000
1763121600000,0.05843000,0.05952000,0.05733000,0.05898000,12011900.00000000,701602.92054000
1763136000000,0.05899000,0.05962000,0.05841000,0.05928000,6717465.00000000,396396.02361000
1763150400000,0.05926000,0.05939000,0.05591000,0.05647000,8860958.00000000,508211.17511000
1763164800000,0.05646000,0.05812000,0.05624000,0.05801000,5652539.00000000,322723.16335000
1763179200000,0.05800000,0.05921000,0.05788000,0.05821000,10179845.00000000,597402.94746000
1763193600000,0.05822000,0.05826000,0.05673000,0.05702000,4912492.00000000,281776.63937000
1763208000000,0.05701000,0.05816000,0.05687000,0.05745000,4307898.00000000,248302.24622000
1763222400000,0.05745000,0.05813000,0.05694000,0.05746000,3346654.00000000,192876.29038000
1763236800000,0.05746000,0.05748000,0.05661000,0.05701000,3345690.00000000,190895.82007000
1763251200000,0.05700000,0.05790000,0.05619000,0.05767000,4190797.00000000,239018.04970000
1763265600000,0.05767000,0.05792000,0.05711000,0.05767000,2047785.00000000,117912.16079000
1763280000000,0.05768000,0.05801000,0.05639000,0.05648000,5273494.00000000,301840.28345000
1763294400000,0.05647000,0.05686000,0.05521000,0.05528000,8677567.00000000,488208.02925000
1763308800000,0.05531000,0.05599000,0.05424000,0.05534000,10206714.00000000,562995.16933000
1763323200000,0.05533000,0.05634000,0.05481000,0.05598000,5563905.00000000,308921.37366000
1763337600000,0.05598000,0.05716000,0.05533000,0.05684000,6862359.00000000,387482.70286000
1763352000000,0.05686000,0.05771000,0.05664000,0.05750000,4455010.00000000,254710.43225000
1763366400000,0.05751000,0.05798000,0.05707000,0.05741000,5594696.00000000,321842.09531000
1763380800000,0.05741000,0.05839000,0.05539000,0.05620000,11423550.00000000,648376.85712000
1763395200000,0.05619000,0.05706000,0.05427000,0.05454000,9352555.00000000,519334.05090000
1763409600000,0.05453000,0.05530000,0.05406000,0.05522000,7033329.00000000,384140.98809000
1763424000000,0.05523000,0.05601000,0.05438000,0.05572000,15546297.00000000,859845.30566000
1763438400000,0.05573000,0.05637000,0.05497000,0.05571000,5872746.00000000,326620.11341000
1763452800000,0.05570000,0.05630000,0.05528000,0.05534000,9062958.00000000,504423.88015000
1763467200000,0.05533000,0.05701000,0.05496000,0.05657000,12352321.00000000,690554.99671000
1763481600000,0.05658000,0.05761000,0.05638000,0.05716000,5989360.00000000,342674.40913000
1763496000000,0.05715000,0.05726000,0.05605000,0.05614000,2969210.00000000,167960.04745000
1763510400000,0.05615000,0.05644000,0.05508000,0.05518000,4928399.00000000,275263.41610000
1763524800000,0.05517000,0.05537000,0.05389000,0.05518000,7762967.00000000,424372.72317000
1763539200000,0.05517000,0.05542000,0.05480000,0.05498000,2847074.00000000,156840.14007000
1763553600000,0.05498000,0.05592000,0.05401000,0.05406000,9887262.00000000,544069.72271000
1763568000000,0.05405000,0.05440000,0.05196000,0.05248000,10641510.00000000,563816.11903000
1763582400000,0.05247000,0.05510000,0.05226000,0.05473000,9344331.00000000,501620.10799000
1763596800000,0.05472000,0.05530000,0.05450000,0.05485000,3375894.00000000,185496.63047000
1763611200000,0.05486000,0.05562000,0.05473000,0.05559000,3577515.00000000,197132.00549000
1763625600000,0.05560000,0.05694000,0.05540000,0.05683000,11256174.00000000,631251.66487000
1763640000000,0.05684000,0.05884000,0.05682000,0.05728000,18226061.00000000,1053860.76073000
1763654400000,0.05727000,0.05736000,0.05264000,0.05368000,22306477.00000000,1212625.63068000
1763668800000,0.05366000,0.05475000,0.05284000,0.05316000,7503108.00000000,402081.26199000
1763683200000,0.05317000,0.05426000,0.05225000,0.05280000,8189112.00000000,436312.14773000
1763697600000,0.05279000,0.05305000,0.04765000,0.05027000,21725544.00000000,1100299.59978000
1763712000000,0.05028000,0.05105000,0.04854000,0.04867000,16125203.00000000,800784.56909000
1763726400000,0.04868000,0.05120000,0.04768000,0.04971000,18001363.00000000,893987.59123000
1763740800000,0.04972000,0.05156000,0.04910000,0.04986000,8795839.00000000,443537.81493000
1763755200000,0.04986000,0.05001000,0.04804000,0.04921000,7933256.00000000,390874.63187000
1763769600000,0.04922000,0.04945000,0.04827000,0.04851000,5840431.00000000,285644.40410000
1763784000000,0.04851000,0.04851000,0.04744000,0.04823000,11586466.00000000,556163.65780000
1763798400000,0.04824000,0.04870000,0.04728000,0.04820000,9182725.00000000,440330.54258000
1763812800000,0.04820000,0.04861000,0.04746000,0.04816000,4413415.00000000,212092.84132000
1763827200000,0.04816000,0.04887000,0.04810000,0.04842000,4761634.00000000,230927.83380000
1763841600000,0.04843000,0.04931000,0.04807000,0.04873000,2972753.00000000,144511.97652000
1763856000000,0.04873000,0.05004000,0.04851000,0.04967000,8228452.00000000,406020.90361000
1763870400000,0.04968000,0.05048000,0.04949000,0.05009000,5503618.00000000,275363.46046000
1763884800000,0.05009000,0.05015000,0.04949000,0.04987000,3251464.00000000,162122.91637000
1763899200000,0.04989000,0.05046000,0.04980000,0.05020000,3409855.00000000,170886.16079000
1763913600000,0.05019000,0.05033000,0.04965000,0.05007000,3610044.00000000,180765.39994000
1763928000000,0.05006000,0.05014000,0.04910000,0.04920000,4859244.00000000,241718.40800000
1763942400000,0.04920000,0.05051000,0.04875000,0.05011000,4777526.00000000,236711.76005000
1763956800000,0.05012000,0.05087000,0.04934000,0.05021000,8830646.00000000,444735.56709000
1763971200000,0.05021000,0.05023000,0.04891000,0.04950000,6712021.00000000,331475.75477000
1763985600000,0.04949000,0.05032000,0.04889000,0.05002000,7631518.00000000,378384.01036000
1764000000000,0.05005000,0.05207000,0.05005000,0.05167000,9155348.00000000,469385.66025000
1764014400000,0.05168000,0.05230000,0.05119000,0.05127000,3939131.00000000,204130.02501000
1764028800000,0.05126000,0.05152000,0.05052000,0.05081000,2409474.00000000,122982.18993000
1764043200000,0.05080000,0.05111000,0.05038000,0.05044000,3648517.00000000,185186.25024000
1764057600000,0.05042000,0.05072000,0.05005000,0.05054000,4795695.00000000,241862.57944000
1764072000000,0.05055000,0.05107000,0.04976000,0.05061000,11187593.00000000,566577.62241000
1764086400000,0.05061000,0.05200000,0.05054000,0.05128000,9077596.00000000,465252.06082000
1764100800000,0.05129000,0.05246000,0.05097000,0.05212000,4957468.00000000,256662.85043000
1764115200000,0.05212000,0.05237000,0.05078000,0.05083000,4795910.00000000,247088.16206000
1764129600000,0.05084000,0.05134000,0.05052000,0.05134000,7366836.00000000,374140.82053000
1764144000000,0.05133000,0.05134000,0.05016000,0.05024000,3327657.00000000,168391.22561000
1764158400000,0.05024000,0.05069000,0.04981000,0.05014000,5408734.00000000,271547.15285000
1764172800000,0.05014000,0.05236000,0.05014000,0.05178000,9270439.00000000,476318.97447000
1764187200000,0.05179000,0.05206000,0.05146000,0.05193000,2468857.00000000,127971.42643000
1764201600000,0.05193000,0.05237000,0.05165000,0.05185000,4324063.00000000,224947.19681000
1764216000000,0.05186000,0.05216000,0.05150000,0.05174000,1837791.00000000,95199.61593000
1764230400000,0.05174000,0.05216000,0.05152000,0.05154000,2943539.00000000,152194.76819000
1764244800000,0.05156000,0.05203000,0.05127000,0.05203000,4772276.00000000,246171.90707000
1764259200000,0.05204000,0.05291000,0.05196000,0.05273000,4631293.00000000,243113.59723000
1764273600000,0.05274000,0.05302000,0.05195000,0.05205000,3645311.00000000,191390.32037000
1764288000000,0.05204000,0.05235000,0.05131000,0.05169000,3526907.00000000,182687.49471000
1764302400000,0.05168000,0.05192000,0.05136000,0.05176000,1682631.00000000,86980.49821000
1764316800000,0.05176000,0.05281000,0.05166000,0.05187000,4210227.00000000,219960.07811000
1764331200000,0.05186000,0.05281000,0.05164000,0.05239000,5615154.00000000,293209.47765000
1764345600000,0.05240000,0.05240000,0.05047000,0.05112000,7063015.00000000,361396.27274000
1764360000000,0.05111000,0.05129000,0.05073000,0.05113000,3794584.00000000,193489.32962000
1764374400000,0.05113000,0.05145000,0.05096000,0.05114000,1767767.00000000,90523.54045000
1764388800000,0.05114000,0.05136000,0.05067000,0.05078000,2445812.00000000,124726.83253000
1764403200000,0.05077000,0.05113000,0.05046000,0.05111000,1971788.00000000,100045.14096000
1764417600000,0.05111000,0.05120000,0.05063000,0.05102000,2731137.00000000,138868.01719000
1764432000000,0.05101000,0.05104000,0.05014000,0.05016000,7028744.00000000,355129.46299000
1764446400000,0.05014000,0.05049000,0.04993000,0.05037000,2185353.00000000,109678.09764000
1764460800000,0.05037000,0.05068000,0.04995000,0.05045000,2222920.00000000,112053.90772000
1764475200000,0.05046000,0.05047000,0.04997000,0.05038000,1755406.00000000,88161.60179000
1764489600000,0.05037000,0.05067000,0.04988000,0.04995000,4301366.00000000,216363.08340000
1764504000000,0.04994000,0.05077000,0.04977000,0.05002000,3040231.00000000,152824.13214000
1764518400000,0.05003000,0.05047000,0.05000000,0.05026000,5296352.00000000,266406.17222000
1764532800000,0.05027000,0.05047000,0.04929000,0.04935000,3196127.00000000,159685.17664000
1764547200000,0.04936000,0.04950000,0.04592000,0.04603000,20377034.00000000,960416.36193000
1764561600000,0.04602000,0.04650000,0.04550000,0.04642000,10861010.00000000,500336.65564000
1764576000000,0.04642000,0.04675000,0.04625000,0.04642000,6436515.00000000,298987.25464000
1764590400000,0.04643000,0.04670000,0.04493000,0.04564000,12761861.00000000,587088.78871000
1764604800000,0.04564000,0.04581000,0.04517000,0.04527000,11355758.00000000,516587.69218000
1764619200000,0.04527000,0.04649000,0.04527000,0.04628000,5690051.00000000,261134.44333000
1764633600000,0.04630000,0.04678000,0.04580000,0.04633000,2324190.00000000,107449.51512000
1764648000000,0.04638000,0.04672000,0.04626000,0.04662000,2612221.00000000,121521.14581000
1764662400000,0.04666000,0.04796000,0.04616000,0.04785000,6100940.00000000,285656.22904000
1764676800000,0.04784000,0.05063000,0.04749000,0.05058000,9120552.00000000,448340.27234000
1764691200000,0.05060000,0.05082000,0.04956000,0.04958000,15398477.00000000,771063.33148000
1764705600000,0.04959000,0.04968000,0.04894000,0.04919000,2605562.00000000,128460.84575000
1764720000000,0.04920000,0.04984000,0.04894000,0.04959000,6335666.00000000,312754.15244000
1764734400000,0.04958000,0.05028000,0.04953000,0.04974000,3420014.00000000,170809.41337000
1764748800000,0.04975000,0.05005000,0.04950000,0.04998000,3181057.00000000,158466.55132000
1764763200000,0.04997000,0.05028000,0.04873000,0.04952000,12115777.00000000,600269.52251000
1764777600000,0.04954000,0.05022000,0.04929000,0.04983000,4114275.00000000,205083.08309000
1764792000000,0.04984000,0.05048000,0.04960000,0.04982000,8176132.00000000,409362.74820000
1764806400000,0.04983000,0.05021000,0.04940000,0.04951000,5264315.00000000,261857.92841000
1764820800000,0.04952000,0.04959000,0.04908000,0.04936000,3387473.00000000,167033.25465000
1764835200000,0.04936000,0.04939000,0.04891000,0.04913000,11492555.00000000,565267.82855000
1764849600000,0.04913000,0.04937000,0.04834000,0.04924000,7578174.00000000,369953.17581000
1764864000000,0.04923000,0.04946000,0.04716000,0.04799000,7544236.00000000,363965.75298000
1764878400000,0.04799000,0.04827000,0.04776000,0.04787000,4793621.00000000,229948.25002000
1764892800000,0.04787000,0.04844000,0.04783000,0.04796000,3228194.00000000,155261.57615000
1764907200000,0.04796000,0.04838000,0.04750000,0.04820000,4267141.00000000,204202.07289000
1764921600000,0.04819000,0.04823000,0.04699000,0.04722000,4883144.00000000,231896.83334000
1764936000000,0.04722000,0.04744000,0.04570000,0.04616000,22634977.00000000,1051284.72449000
1764950400000,0.04616000,0.04616000,0.04462000,0.04517000,14641145.00000000,663278.10169000
1764964800000,0.04519000,0.04559000,0.04505000,0.04553000,4902633.00000000,221929.76510000
1764979200000,0.04553000,0.04565000,0.04530000,0.04543000,3021040.00000000,137299.84251000
1764993600000,0.04542000,0.04556000,0.04512000,0.04546000,3102009.00000000,140552.41960000
1765008000000,0.04547000,0.04560000,0.04524000,0.04558000,2803623.00000000,127338.09440000
1765022400000,0.04558000,0.04629000,0.04548000,0.04607000,4497707.00000000,206326.49954000
1765036800000,0.04609000,0.04688000,0.04608000,0.04639000,4264774.00000000,198010.24129000
1765051200000,0.04640000,0.04699000,0.04629000,0.04651000,10993086.00000000,513231.06923000
1765065600000,0.04652000,0.04688000,0.04649000,0.04681000,1717826.00000000,80175.27186000
1765080000000,0.04680000,0.04684000,0.04635000,0.04646000,1187506.00000000,55351.84380000
1765094400000,0.04645000,0.04655000,0.04570000,0.04575000,5098701.00000000,234321.49822000
1765108800000,0.04576000,0.04599000,0.04431000,0.04572000,9070639.00000000,409264.02624000
1765123200000,0.04573000,0.04655000,0.04507000,0.04652000,7304094.00000000,334507.45486000
1765137600000,0.04653000,0.04672000,0.04450000,0.04513000,6007545.00000000,273064.71048000
1765152000000,0.04514000,0.04596000,0.04496000,0.04565000,4929144.00000000,224073.98826000
1765166400000,0.04566000,0.04673000,0.04566000,0.04651000,2954365.00000000,136720.27558000
1765180800000,0.04654000,0.04721000,0.04635000,0.04665000,3674827.00000000,171882.86657000
1765195200000,0.04665000,0.04703000,0.04597000,0.04619000,6259944.00000000,291139.10656000
1765209600000,0.04618000,0.04672000,0.04565000,0.04578000,9940793.00000000,458808.28658000
1765224000000,0.04578000,0.04633000,0.04565000,0.04593000,4421500.00000000,203232.75220000
1765238400000,0.04593000,0.04619000,0.04525000,0.04575000,3017653.00000000,137803.08791000
1765252800000,0.04576000,0.04577000,0.04511000,0.04554000,3144913.00000000,142901.68213000
1765267200000,0.04553000,0.04555000,0.04504000,0.04552000,4570741.00000000,206760.59172000
1765281600000,0.04551000,0.04759000,0.04545000,0.04751000,7789345.00000000,361984.49372000
1765296000000,0.04752000,0.04850000,0.04752000,0.04775000,19176003.00000000,922208.35224000
1765310400000,0.04776000,0.04779000,0.04659000,0.04729000,6849909.00000000,323232.27264000
1765324800000,0.04730000,0.04734000,0.04614000,0.04621000,5201497.00000000,242224.89056000
1765339200000,0.04621000,0.04634000,0.04590000,0.04605000,4356809.00000000,201154.67980000
1765353600000,0.04605000,0.04629000,0.04535000,0.04559000,3801311.00000000,173990.06727000
1765368000000,0.04558000,0.04588000,0.04530000,0.04572000,11669480.00000000,531282.50923000
1765382400000,0.04571000,0.04727000,0.04557000,0.04724000,13775125.00000000,642333.29226000
1765396800000,0.04725000,0.04805000,0.04546000,0.04567000,12754711.00000000,597492.30268000
1765411200000,0.04566000,0.04572000,0.04393000,0.04405000,12080409.00000000,538483.92514000
1765425600000,0.04405000,0.04405000,0.04341000,0.04367000,9564674.00000000,418175.45780000
1765440000000,0.04368000,0.04380000,0.04318000,0.04341000,11771817.00000000,512285.37836000
1765454400000,0.04343000,0.04398000,0.04331000,0.04352000,8099091.00000000,353164.09767000
1765468800000,0.04351000,0.04402000,0.04267000,0.04363000,13676267.00000000,591795.89655000
1765483200000,0.04363000,0.04518000,0.04360000,0.04441000,7919767.00000000,351893.20109000
1765497600000,0.04443000,0.04468000,0.04388000,0.04451000,3748819.00000000,166699.17772000
1765512000000,0.04449000,0.04496000,0.04422000,0.04460000,6024172.00000000,268618.85913000
1765526400000,0.04459000,0.04478000,0.04330000,0.04336000,7850613.00000000,346182.52110000
1765540800000,0.04336000,0.04387000,0.04157000,0.04181000,16264412.00000000,701592.43964000
1765555200000,0.04180000,0.04192000,0.04035000,0.04063000,25044060.00000000,1024296.56699000
1765569600000,0.04064000,0.04114000,0.04051000,0.04090000,8966360.00000000,365816.14404000
1765584000000,0.04090000,0.04109000,0.04055000,0.04097000,6384051.00000000,260504.81419000
1765598400000,0.04098000,0.04136000,0.04079000,0.04123000,4095668.00000000,168115.14171000
1765612800000,0.04124000,0.04176000,0.04124000,0.04132000,3248595.00000000,134679.16222000
1765627200000,0.04133000,0.04158000,0.04104000,0.04130000,2913345.00000000,120302.33594000
1765641600000,0.04131000,0.04235000,0.04128000,0.04202000,6659546.00000000,278096.37190000
1765656000000,0.04203000,0.04224000,0.04153000,0.04214000,3444139.00000000,144258.99980000
1765670400000,0.04213000,0.04216000,0.04166000,0.04166000,2436871.00000000,102243.39642000
1765684800000,0.04166000,0.04170000,0.04108000,0.04130000,2533289.00000000,104764.79813000
1765699200000,0.04129000,0.04142000,0.04051000,0.04081000,4362552.00000000,179088.99677000
1765713600000,0.04081000,0.04094000,0.04026000,0.04050000,5009101.00000000,203155.20450000
1765728000000,0.04052000,0.04078000,0.03992000,0.04009000,4310081.00000000,173404.99778000
1765742400000,0.04009000,0.04034000,0.03954000,0.04005000,6855325.00000000,274501.33554000
1765756800000,0.04005000,0.04122000,0.04004000,0.04064000,3263376.00000000,132292.27461000
1765771200000,0.04066000,0.04119000,0.04061000,0.04066000,2962488.00000000,120962.88059000
1765785600000,0.04065000,0.04081000,0.04030000,0.04041000,4345704.00000000,176215.57218000
1765800000000,0.04041000,0.04061000,0.03816000,0.03849000,20865933.00000000,815638.71132000
1765814400000,0.03848000,0.03848000,0.03719000,0.03790000,12827303.00000000,485936.57212000
1765828800000,0.03788000,0.03823000,0.03752000,0.03814000,9057014.00000000,342734.81758000
1765843200000,0.03807000,0.03817000,0.03763000,0.03807000,4189716.00000000,158963.31582000
1765857600000,0.03809000,0.03825000,0.03750000,0.03775000,3283100.00000000,124547.01459000
1765872000000,0.03777000,0.03895000,0.03776000,0.03890000,3825809.00000000,146783.95054000
1765886400000,0.03892000,0.03919000,0.03813000,0.03900000,11651045.00000000,450736.85113000
1765900800000,0.03903000,0.03915000,0.03853000,0.03892000,5121616.00000000,198752.38066000
1765915200000,0.03893000,0.03922000,0.03866000,0.03882000,4477550.00000000,174600.58183000
1765929600000,0.03883000,0.03892000,0.03849000,0.03857000,3441831.00000000,133136.42668000
1765944000000,0.03857000,0.03864000,0.03817000,0.03845000,4082002.00000000,156723.21680000
1765958400000,0.03844000,0.03844000,0.03806000,0.03840000,4065749.00000000,155422.71029000
1765972800000,0.03841000,0.04006000,0.03840000,0.03858000,11030843.00000000,430133.52986000
1765987200000,0.03857000,0.03878000,0.03683000,0.03740000,13124932.00000000,492766.53083000
1766001600000,0.03740000,0.03767000,0.03710000,0.03736000,4487108.00000000,167604.90227000
1766016000000,0.03737000,0.03746000,0.03664000,0.03671000,5197756.00000000,192994.68427000
1766030400000,0.03671000,0.03686000,0.03606000,0.03646000,9872181.00000000,358986.06953000
1766044800000,0.03645000,0.03688000,0.03642000,0.03685000,4227957.00000000,155277.42927000
1766059200000,0.03687000,0.03819000,0.03680000,0.03788000,15030161.00000000,564754.98677000
1766073600000,0.03788000,0.03808000,0.03513000,0.03520000,14806665.00000000,539718.26019000
1766088000000,0.03519000,0.03605000,0.03516000,0.03573000,6755159.00000000,240779.33715000
1766102400000,0.03574000,0.03673000,0.03510000,0.03632000,6865055.00000000,245670.73929000
1766116800000,0.03631000,0.03699000,0.03603000,0.03665000,4396128.00000000,160095.82634000
1766131200000,0.03665000,0.03686000,0.03626000,0.03652000,6905669.00000000,252518.35354000
1766145600000,0.03652000,0.03786000,0.03640000,0.03718000,7491108.00000000,277317.63905000
1766160000000,0.03718000,0.03806000,0.03697000,0.03790000,8616062.00000000,322181.00349000
1766174400000,0.03792000,0.03822000,0.03751000,0.03755000,4195452.00000000,158996.87129000
1766188800000,0.03755000,0.03763000,0.03727000,0.03758000,2057918.00000000,77012.81691000
1766203200000,0.03759000,0.03807000,0.03725000,0.03807000,3673495.00000000,137909.28951000
1766217600000,0.03807000,0.03825000,0.03754000,0.03777000,2682392.00000000,101441.39036000
1766232000000,0.03777000,0.03777000,0.03733000,0.03758000,3656377.00000000,137132.08111000
1766246400000,0.03760000,0.03795000,0.03758000,0.03775000,3376565.00000000,127635.85545000
1766260800000,0.03775000,0.03800000,0.03772000,0.03776000,1913390.00000000,72412.90712000
1766275200000,0.03776000,0.03783000,0.03709000,0.03724000,1646041.00000000,61559.75179000
1766289600000,0.03724000,0.03740000,0.03716000,0.03728000,1774206.00000000,66153.73373000
1766304000000,0.03728000,0.03755000,0.03707000,0.03708000,2069985.00000000,77249.36051000
1766318400000,0.03708000,0.03724000,0.03566000,0.03605000,6183565.00000000,224173.74569000
1766332800000,0.03605000,0.03651000,0.03590000,0.03638000,3215686.00000000,116580.02856000
1766347200000,0.03638000,0.03680000,0.03600000,0.03665000,6748938.00000000,244809.50817000
1766361600000,0.03666000,0.04400000,0.03573000,0.03637000,58273669.00000000,2171586.74870000
1766376000000,0.03638000,0.03728000,0.03636000,0.03706000,6591699.00000000,243704.13775000
1766390400000,0.03708000,0.03860000,0.03702000,0.03845000,15028361.00000000,570396.23688000
1766404800000,0.03846000,0.03911000,0.03827000,0.03879000,14710471.00000000,567424.10422000
1766419200000,0.03880000,0.03919000,0.03803000,0.03812000,9493804.00000000,367677.80579000
1766433600000,0.03810000,0.03829000,0.03742000,0.03785000,12569578.00000000,474976.38416000
1766448000000,0.03787000,0.03829000,0.03691000,0.03699000,10811869.00000000,407896.10519000
1766462400000,0.03697000,0.03709000,0.03639000,0.03652000,6851122.00000000,251009.52237000
1766476800000,0.03653000,0.03722000,0.03648000,0.03710000,5787040.00000000,213549.51577000
1766491200000,0.03711000,0.03711000,0.03594000,0.03626000,12120433.00000000,441459.62005000
1766505600000,0.03622000,0.03688000,0.03619000,0.03659000,11239792.00000000,411469.29087000
1766520000000,0.03658000,0.03705000,0.03636000,0.03657000,5790018.00000000,211807.28211000
1766534400000,0.03658000,0.03674000,0.03588000,0.03617000,2958712.00000000,107603.55888000
1766548800000,0.03618000,0.03631000,0.03570000,0.03579000,4040386.00000000,145068.52695000
1766563200000,0.03580000,0.03587000,0.03556000,0.03573000,4546530.00000000,162323.17046000
1766577600000,0.03573000,0.03630000,0.03544000,0.03623000,4857866.00000000,174563.25199000
1766592000000,0.03623000,0.03646000,0.03601000,0.03620000,4767707.00000000,172692.43350000
1766606400000,0.03622000,0.03674000,0.03619000,0.03667000,3751056.00000000,136771.52549000
1766620800000,0.03667000,0.03684000,0.03635000,0.03684000,2404770.00000000,88031.27615000
1766635200000,0.03683000,0.03698000,0.03660000,0.03694000,3253586.00000000,119660.82620000
1766649600000,0.03695000,0.03718000,0.03629000,0.03633000,3646911.00000000,133414.80393000
1766664000000,0.03632000,0.03684000,0.03629000,0.03671000,2491194.00000000,90991.40912000
1766678400000,0.03672000,0.03681000,0.03636000,0.03662000,3882484.00000000,142017.04683000
1766692800000,0.03661000,0.03664000,0.03529000,0.03538000,3727085.00000000,133736.68046000
1766707200000,0.03536000,0.03672000,0.03522000,0.03643000,5211220.00000000,187574.15257000
1766721600000,0.03640000,0.03660000,0.03595000,0.03600000,3096133.00000000,112641.33324000
1766736000000,0.03600000,0.03694000,0.03600000,0.03669000,16429794.00000000,600666.53388000
1766750400000,0.03668000,0.03699000,0.03596000,0.03624000,4931507.00000000,180299.38343000
1766764800000,0.03627000,0.03656000,0.03594000,0.03648000,1824768.00000000,66202.06205000
1766779200000,0.03648000,0.03662000,0.03621000,0.03633000,1012578.00000000,36829.21963000
1766793600000,0.03635000,0.03692000,0.03628000,0.03682000,2429335.00000000,88831.04515000
1766808000000,0.03683000,0.03689000,0.03662000,0.03672000,1447743.00000000,53191.81829000
1766822400000,0.03670000,0.03705000,0.03635000,0.03704000,2998504.00000000,110183.09233000
1766836800000,0.03705000,0.03742000,0.03688000,0.03735000,2574993.00000000,95576.58827000
1766851200000,0.03737000,0.03748000,0.03726000,0.03742000,2150035.00000000,80329.52387000
1766865600000,0.03744000,0.03826000,0.03711000,0.03819000,6642534.00000000,249849.78615000
1766880000000,0.03819000,0.03825000,0.03791000,0.03815000,2638320.00000000,100417.91042000
1766894400000,0.03812000,0.03848000,0.03806000,0.03836000,2262492.00000000,86550.14255000
1766908800000,0.03837000,0.03883000,0.03820000,0.03838000,5716203.00000000,219578.62874000
1766923200000,0.03839000,0.03839000,0.03798000,0.03806000,3173892.00000000,120998.36260000
1766937600000,0.03807000,0.03823000,0.03753000,0.03756000,4842880.00000000,183281.84449000
1766952000000,0.03755000,0.03790000,0.03746000,0.03786000,3882114.00000000,146241.95221000
1766966400000,0.03786000,0.03845000,0.03778000,0.03842000,7913288.00000000,301579.19540000
1766980800000,0.03841000,0.03843000,0.03762000,0.03795000,8710099.00000000,331467.21621000
1766995200000,0.03795000,0.03799000,0.03694000,0.03694000,8673576.00000000,323708.61235000
1767009600000,0.03694000,0.03699000,0.03611000,0.03645000,10674764.00000000,389706.36833000
1767024000000,0.03644000,0.03652000,0.03542000,0.03554000,9583835.00000000,344560.18272000
1767038400000,0.03554000,0.03581000,0.03509000,0.03547000,14398688.00000000,510151.80287000
1767052800000,0.03547000,0.03562000,0.03515000,0.03549000,8404843.00000000,296997.29565000
1767067200000,0.03551000,0.03561000,0.03510000,0.03534000,9307682.00000000,329134.43117000
1767081600000,0.03534000,0.03574000,0.03524000,0.03544000,9200909.00000000,326044.04578000
1767096000000,0.03544000,0.03565000,0.03510000,0.03551000,11536772.00000000,408501.76806000
1767110400000,0.03552000,0.03554000,0.03481000,0.03508000,12673795.00000000,445005.44295000
1767124800000,0.03508000,0.03508000,0.03484000,0.03491000,5015922.00000000,175292.34942000
1767139200000,0.03491000,0.03515000,0.03444000,0.03461000,11509327.00000000,400064.57106000
1767153600000,0.03462000,0.03470000,0.03434000,0.03459000,7901110.00000000,272731.70455000
1767168000000,0.03459000,0.03495000,0.03447000,0.03495000,7908683.00000000,274166.18082000
1767182400000,0.03494000,0.03495000,0.03444000,0.03451000,8322907.00000000,288362.71437000
1767196800000,0.03454000,0.03456000,0.03293000,0.03300000,21440513.00000000,716561.08321000
1767211200000,0.03301000,0.03342000,0.03265000,0.03320000,19426636.00000000,641605.91884000
1767225600000,0.03321000,0.03355000,0.03321000,0.03333000,6614002.00000000,220950.32141000
1767240000000,0.03333000,0.03362000,0.03300000,0.03353000,6530486.00000000,217606.22602000
1767254400000,0.03353000,0.03449000,0.03346000,0.03447000,8427700.00000000,287713.84060000
1767268800000,0.03448000,0.03547000,0.03418000,0.03540000,9345799.00000000,325147.54606000
1767283200000,0.03540000,0.03585000,0.03521000,0.03585000,8191752.00000000,290330.41476000
1767297600000,0.03586000,0.03621000,0.03549000,0.03604000,5503505.00000000,197387.35186000
1767312000000,0.03605000,0.03618000,0.03558000,0.03616000,7431024.00000000,266240.49632000
1767326400000,0.03617000,0.03619000,0.03548000,0.03555000,2342843.00000000,83805.21178000
1767340800000,0.03556000,0.03642000,0.03540000,0.03590000,6894870.00000000,247688.93867000
1767355200000,0.03590000,0.03652000,0.03566000,0.03616000,9423365.00000000,340384.53721000
1767369600000,0.03617000,0.03763000,0.03615000,0.03755000,13554957.00000000,500162.74528000
1767384000000,0.03756000,0.03776000,0.03699000,0.03724000,12317883.00000000,459059.82963000
1767398400000,0.03724000,0.03840000,0.03693000,0.03832000,12002932.00000000,449621.41975000
1767412800000,0.03833000,0.03847000,0.03631000,0.03646000,15089890.00000000,565856.22129000
1767427200000,0.03646000,0.03673000,0.03629000,0.03636000,8589220.00000000,313450.35522000
1767441600000,0.03636000,0.03789000,0.03628000,0.03705000,14619606.00000000,542973.52241000
1767456000000,0.03705000,0.03810000,0.03701000,0.03774000,9423948.00000000,354566.70880000
1767470400000,0.03775000,0.03898000,0.03739000,0.03845000,9547507.00000000,364860.59345000
1767484800000,0.03846000,0.03913000,0.03827000,0.03909000,10668378.00000000,413511.14621000
1767499200000,0.03909000,0.04009000,0.03897000,0.03946000,17123923.00000000,676227.56381000
1767513600000,0.03948000,0.04053000,0.03916000,0.04046000,22696168.00000000,908828.53428000
1767528000000,0.04047000,0.04120000,0.04007000,0.04091000,19353035.00000000,786490.96167000
1767542400000,0.04090000,0.04129000,0.04012000,0.04054000,18995352.00000000,773525.40640000
1767556800000,0.04054000,0.04103000,0.04035000,0.04076000,6422586.00000000,261354.32377000
1767571200000,0.04075000,0.04165000,0.04052000,0.04096000,9609434.00000000,395009.75657000
1767585600000,0.04095000,0.04100000,0.03983000,0.04065000,9515943.00000000,384235.40776000
1767600000000,0.04065000,0.04080000,0.03973000,0.04008000,7889444.00000000,316533.79634000
1767614400000,0.04007000,0.04093000,0.03980000,0.04085000,10203384.00000000,411000.62812000
1767628800000,0.04085000,0.04165000,0.03999000,0.04115000,22120955.00000000,902989.55860000
1767643200000,0.04116000,0.04220000,0.04112000,0.04170000,10411972.00000000,433461.17458000
1767657600000,0.04171000,0.04200000,0.04107000,0.04179000,8033880.00000000,333931.65686000
1767672000000,0.04178000,0.04223000,0.04131000,0.04141000,12015514.00000000,503212.81180000
1767686400000,0.04142000,0.04225000,0.04129000,0.04219000,7703061.00000000,321729.21365000
1767700800000,0.04220000,0.04402000,0.04214000,0.04287000,15220742.00000000,657712.56506000
1767715200000,0.04288000,0.04310000,0.04041000,0.04108000,17467397.00000000,726445.22076000
1767729600000,0.04109000,0.04292000,0.04109000,0.04253000,9742127.00000000,412501.82656000
1767744000000,0.04252000,0.04264000,0.04121000,0.04162000,14934015.00000000,625773.93214000
1767758400000,0.04163000,0.04197000,0.04125000,0.04194000,11008843.00000000,458057.46080000
1767772800000,0.04195000,0.04226000,0.04116000,0.04171000,6278049.00000000,261153.30818000
1767787200000,0.04170000,0.04172000,0.04021000,0.04046000,10864600.00000000,443906.45949000
1767801600000,0.04045000,0.04090000,0.04008000,0.04050000,6485231.00000000,262600.24422000
1767816000000,0.04050000,0.04076000,0.04007000,0.04074000,4582297.00000000,185028.97968000
1767830400000,0.04075000,0.04129000,0.04045000,0.04069000,8406460.00000000,344094.88267000
1767844800000,0.04068000,0.04154000,0.03978000,0.04074000,7681553.00000000,312251.14115000
1767859200000,0.04075000,0.04083000,0.03948000,0.03991000,6490787.00000000,259635.67180000
1767873600000,0.03992000,0.04086000,0.03897000,0.04082000,7529286.00000000,298240.71100000
1767888000000,0.04082000,0.04093000,0.04003000,0.04010000,5488386.00000000,222405.14313000
1767902400000,0.04009000,0.04084000,0.03967000,0.04050000,4657787.00000000,187696.31110000
1767916800000,0.04051000,0.04110000,0.04025000,0.04102000,7240373.00000000,294844.22275000
1767931200000,0.04103000,0.04156000,0.04081000,0.04127000,5007841.00000000,206260.01868000
1767945600000,0.04129000,0.04216000,0.04080000,0.04152000,13332931.00000000,554039.67281000
1767960000000,0.04151000,0.04325000,0.04111000,0.04295000,37330297.00000000,1585061.85782000
1767974400000,0.04296000,0.04527000,0.04166000,0.04182000,42770435.00000000,1874271.86797000
1767988800000,0.04181000,0.04304000,0.04172000,0.04249000,9183005.00000000,388947.82040000
1768003200000,0.04249000,0.04252000,0.04131000,0.04156000,9499550.00000000,397319.52257000
1768017600000,0.04155000,0.04165000,0.04098000,0.04142000,5543934.00000000,229055.05028000
1768032000000,0.04142000,0.04212000,0.04131000,0.04212000,4880413.00000000,203037.40430000
1768046400000,0.04211000,0.04273000,0.04197000,0.04240000,10427863.00000000,441923.67811000
1768060800000,0.04240000,0.04263000,0.04185000,0.04255000,5854920.00000000,247016.42569000
1768075200000,0.04256000,0.04281000,0.04134000,0.04160000,6954612.00000000,292270.41643000
1768089600000,0.04161000,0.04188000,0.04128000,0.04185000,3451191.00000000,143501.66766000
1768104000000,0.04184000,0.04191000,0.04134000,0.04167000,4269409.00000000,177750.70118000
1768118400000,0.04166000,0.04219000,0.04155000,0.04212000,5188766.00000000,217305.50843000
1768132800000,0.04213000,0.04350000,0.04181000,0.04202000,13470631.00000000,576592.59072000
1768147200000,0.04202000,0.04311000,0.04187000,0.04262000,6942764.00000000,295448.36948000
1768161600000,0.04262000,0.04262000,0.04102000,0.04174000,8340526.00000000,348322.49203000
1768176000000,0.04173000,0.04317000,0.04112000,0.04236000,10802583.00000000,456835.76497000
1768190400000,0.04235000,0.04303000,0.04148000,0.04155000,8035148.00000000,340000.27484000
1768204800000,0.04155000,0.04179000,0.04100000,0.04154000,10888447.00000000,450196.29592000
1768219200000,0.04153000,0.04313000,0.04030000,0.04292000,26742080.00000000,1117520.01703000
1768233600000,0.04292000,0.04296000,0.04117000,0.04164000,11226610.00000000,471732.69961000
1768248000000,0.04163000,0.04194000,0.04035000,0.04065000,7849883.00000000,321572.43436000
1768262400000,0.04064000,0.04112000,0.04054000,0.04105000,5752176.00000000,234551.10985000
1768276800000,0.04106000,0.04189000,0.04096000,0.04136000,8151123.00000000,338204.19141000
1768291200000,0.04137000,0.04234000,0.04129000,0.04219000,5936689.00000000,248413.73722000
1768305600000,0.04220000,0.04318000,0.04207000,0.04280000,19649360.00000000,838299.67477000
1768320000000,0.04280000,0.04355000,0.04262000,0.04307000,15142008.00000000,650619.80441000
1768334400000,0.04308000,0.04432000,0.04265000,0.04354000,14369514.00000000,623633.49281000
1768348800000,0.04354000,0.04392000,0.04298000,0.04336000,7370329.00000000,320120.86965000
1768363200000,0.04336000,0.04341000,0.04278000,0.04307000,5646282.00000000,243314.48104000
1768377600000,0.04307000,0.04344000,0.04269000,0.04286000,8188692.00000000,353257.57114000
1768392000000,0.04287000,0.04347000,0.04258000,0.04324000,9589000.00000000,412647.39371000
1768406400000,0.04325000,0.04366000,0.04202000,0.04258000,14498596.00000000,621536.08777000
1768420800000,0.04257000,0.04284000,0.04195000,0.04218000,7954455.00000000,337214.99957000
1768435200000,0.04219000,0.04233000,0.04119000,0.04122000,5430566.00000000,227175.53264000
1768449600000,0.04121000,0.04205000,0.04116000,0.04189000,5890455.00000000,245022.65658000
1768464000000,0.04187000,0.04230000,0.04170000,0.04176000,5014208.00000000,210469.80951000
1768478400000,0.04176000,0.04214000,0.04029000,0.04102000,13303109.00000000,547882.32531000
1768492800000,0.04101000,0.04126000,0.04006000,0.04059000,9575062.00000000,389770.86861000
1768507200000,0.04058000,0.04099000,0.04022000,0.04085000,5103288.00000000,207322.16328000
1768521600000,0.04085000,0.04103000,0.04045000,0.04072000,4363962.00000000,177766.46813000
1768536000000,0.04072000,0.04103000,0.04034000,0.04076000,3327853.00000000,135485.21655000
1768550400000,0.04076000,0.04093000,0.04023000,0.04049000,10425254.00000000,422663.09095000
1768564800000,0.04048000,0.04056000,0.03936000,0.03963000,7212969.00000000,289037.25696000
1768579200000,0.03963000,0.04036000,0.03956000,0.04033000,3515569.00000000,140791.03083000
1768593600000,0.04032000,0.04206000,0.04005000,0.04149000,9130565.00000000,378363.23663000
1768608000000,0.04149000,0.04287000,0.04138000,0.04281000,11779605.00000000,497425.58417000
1768622400000,0.04280000,0.04378000,0.04266000,0.04327000,17618520.00000000,762211.46197000
1768636800000,0.04327000,0.04474000,0.04323000,0.04370000,21254978.00000000,936801.66843000
1768651200000,0.04369000,0.04431000,0.04336000,0.04374000,20585642.00000000,904119.03331000
1768665600000,0.04373000,0.04380000,0.04316000,0.04348000,5637916.00000000,245264.03519000
1768680000000,0.04349000,0.04361000,0.04258000,0.04271000,6828886.00000000,293661.48551000
1768694400000,0.04270000,0.04338000,0.04212000,0.04214000,6815136.00000000,290971.93681000
1768708800000,0.04213000,0.04248000,0.04191000,0.04245000,3601696.00000000,151974.58522000
1768723200000,0.04245000,0.04292000,0.04224000,0.04227000,5815000.00000000,247362.44186000
1768737600000,0.04227000,0.04239000,0.04179000,0.04239000,4477489.00000000,188627.10759000
1768752000000,0.04238000,0.04295000,0.04211000,0.04263000,3654843.00000000,155407.98993000
1768766400000,0.04262000,0.04294000,0.04028000,0.04035000,9510487.00000000,394725.88262000
1768780800000,0.04035000,0.04035000,0.03454000,0.03859000,59884755.00000000,2253675.91564000
1768795200000,0.03859000,0.03876000,0.03764000,0.03793000,16613397.00000000,631243.48483000
1768809600000,0.03793000,0.03813000,0.03739000,0.03754000,15974742.00000000,603580.14260000
1768824000000,0.03755000,0.03793000,0.03721000,0.03761000,13220882.00000000,495896.81158000
1768838400000,0.03758000,0.03911000,0.03755000,0.03873000,8778974.00000000,335399.46444000
1768852800000,0.03877000,0.03891000,0.03800000,0.03858000,4750377.00000000,182610.91385000
1768867200000,0.03860000,0.03912000,0.03837000,0.03864000,10645957.00000000,411862.60867000
1768881600000,0.03862000,0.03883000,0.03737000,0.03737000,15160526.00000000,578409.76376000
1768896000000,0.03736000,0.03751000,0.03681000,0.03682000,10003588.00000000,371985.40050000
1768910400000,0.03683000,0.03744000,0.03647000,0.03692000,11662365.00000000,430699.13102000
1768924800000,0.03690000,0.03705000,0.03610000,0.03632000,7194389.00000000,262039.90253000
1768939200000,0.03631000,0.03681000,0.03575000,0.03606000,8950390.00000000,325918.98650000
1768953600000,0.03606000,0.03728000,0.03601000,0.03705000,6834961.00000000,251881.84963000
1768968000000,0.03705000,0.03744000,0.03693000,0.03720000,2945814.00000000,109636.41909000
1768982400000,0.03714000,0.03737000,0.03672000,0.03677000,6364706.00000000,236194.55002000
1768996800000,0.03677000,0.03773000,0.03619000,0.03752000,8968915.00000000,331444.92960000
1769011200000,0.03755000,0.03781000,0.03576000,0.03776000,12295064.00000000,451793.32287000
1769025600000,0.03779000,0.03785000,0.03662000,0.03680000,7667631.00000000,287392.96309000
1769040000000,0.03681000,0.03788000,0.03681000,0.03729000,7116486.00000000,266562.04836000
1769054400000,0.03728000,0.03736000,0.03667000,0.03688000,4203962.00000000,155531.36812000
1769068800000,0.03689000,0.03723000,0.03656000,0.03661000,3448499.00000000,127196.68035000
1769083200000,0.03661000,0.03682000,0.03568000,0.03618000,9206646.00000000,334135.86225000
1769097600000,0.03620000,0.03693000,0.03620000,0.03663000,6074758.00000000,222670.30583000
1769112000000,0.03662000,0.03670000,0.03616000,0.03646000,4109405.00000000,149641.69078000
1769126400000,0.03647000,0.03741000,0.03643000,0.03726000,3446992.00000000,127147.53131000
1769140800000,0.03727000,0.03770000,0.03689000,0.03696000,3803875.00000000,141791.73686000
1769155200000,0.03695000,0.03708000,0.03650000,0.03694000,4740588.00000000,174289.52368000
1769169600000,0.03695000,0.03736000,0.03603000,0.03705000,7762830.00000000,285779.45691000
1769184000000,0.03706000,0.03762000,0.03648000,0.03664000,8850764.00000000,327151.96977000
1769198400000,0.03665000,0.03690000,0.03633000,0.03673000,4032220.00000000,147731.19164000
1769212800000,0.03672000,0.03701000,0.03665000,0.03675000,3113521.00000000,114642.16557000
1769227200000,0.03676000,0.03693000,0.03659000,0.03685000,2509348.00000000,92287.74110000
1769241600000,0.03685000,0.03704000,0.03658000,0.03679000,2057205.00000000,75655.00538000
1769256000000,0.03680000,0.03684000,0.03626000,0.03629000,2979866.00000000,109003.55266000
1769270400000,0.03629000,0.03659000,0.03617000,0.03635000,2545679.00000000,92674.02620000
1769284800000,0.03635000,0.03665000,0.03629000,0.03655000,3710358.00000000,135216.49047000
1769299200000,0.03655000,0.03675000,0.03625000,0.03630000,2994794.00000000,109528.16553000
1769313600000,0.03629000,0.03636000,0.03596000,0.03612000,2591154.00000000,93750.63368000
1769328000000,0.03612000,0.03626000,0.03582000,0.03606000,4485068.00000000,161610.80596000
1769342400000,0.03605000,0.03617000,0.03574000,0.03581000,4370431.00000000,157132.04857000
1769356800000,0.03580000,0.03580000,0.03429000,0.03456000,13241801.00000000,462503.77404000
1769371200000,0.03457000,0.03519000,0.03443000,0.03497000,9580463.00000000,333966.74117000
1769385600000,0.03497000,0.03572000,0.03491000,0.03531000,7455413.00000000,263515.23580000
1769400000000,0.03532000,0.03627000,0.03532000,0.03619000,4420119.00000000,158597.96367000
1769414400000,0.03618000,0.03655000,0.03571000,0.03625000,9054714.00000000,327419.49102000
1769428800000,0.03627000,0.03713000,0.03596000,0.03653000,21824346.00000000,800758.46431000
1769443200000,0.03654000,0.03662000,0.03579000,0.03585000,11418544.00000000,412790.82023000
1769457600000,0.03585000,0.03656000,0.03564000,0.03612000,8789236.00000000,316590.42071000
1769472000000,0.03611000,0.03638000,0.03599000,0.03602000,3245444.00000000,117395.81305000
1769486400000,0.03601000,0.03621000,0.03579000,0.03581000,5873326.00000000,210958.34545000
1769500800000,0.03581000,0.03589000,0.03557000,0.03561000,2711523.00000000,96740.98105000
1769515200000,0.03561000,0.03603000,0.03539000,0.03600000,6559422.00000000,233397.22106000
1769529600000,0.03601000,0.03679000,0.03553000,0.03674000,8334220.00000000,300964.32471000
1769544000000,0.03674000,0.03708000,0.03656000,0.03668000,4656684.00000000,171206.53677000
1769558400000,0.03669000,0.03674000,0.03626000,0.03629000,3558179.00000000,129557.05714000
1769572800000,0.03629000,0.03636000,0.03581000,0.03593000,6857243.00000000,247742.08574000
1769587200000,0.03593000,0.03643000,0.03580000,0.03643000,8468063.00000000,305124.92013000
1769601600000,0.03642000,0.03642000,0.03570000,0.03578000,3855888.00000000,139145.97349000
1769616000000,0.03579000,0.03607000,0.03550000,0.03589000,6072218.00000000,217111.72705000
1769630400000,0.03588000,0.03719000,0.03556000,0.03697000,8719819.00000000,318632.83505000
1769644800000,0.03697000,0.03710000,0.03527000,0.03543000,10975076.00000000,393945.55042000
1769659200000,0.03542000,0.03556000,0.03516000,0.03540000,4566318.00000000,161506.05960000
1769673600000,0.03539000,0.03539000,0.03477000,0.03478000,11076646.00000000,389236.22971000
1769688000000,0.03477000,0.03482000,0.03305000,0.03372000,16165708.00000000,548745.32012000
1769702400000,0.03373000,0.03440000,0.03305000,0.03347000,9278341.00000000,311676.28992000
1769716800000,0.03347000,0.03424000,0.03337000,0.03399000,6738180.00000000,228650.13023000
1769731200000,0.03398000,0.03418000,0.03261000,0.03299000,10559730.00000000,350953.37410000
1769745600000,0.03299000,0.03346000,0.03260000,0.03296000,9511152.00000000,314220.96442000
1769760000000,0.03295000,0.03355000,0.03266000,0.03346000,7041316.00000000,232062.44031000
1769774400000,0.03346000,0.03351000,0.03266000,0.03297000,11349278.00000000,375438.65050000
1769788800000,0.03296000,0.03382000,0.03220000,0.03359000,10799369.00000000,357460.43673000
1769803200000,0.03358000,0.03358000,0.03280000,0.03308000,8021787.00000000,265736.43852000
1769817600000,0.03308000,0.03308000,0.03276000,0.03286000,2113714.00000000,69574.41664000
1769832000000,0.03286000,0.03296000,0.03225000,0.03246000,2837158.00000000,92609.26840000
1769846400000,0.03247000,0.03252000,0.03158000,0.03179000,7730599.00000000,246896.92721000
1769860800000,0.03180000,0.03182000,0.02986000,0.03042000,20485069.00000000,630005.48638000
1769875200000,0.03044000,0.03089000,0.02670000,0.02901000,45216759.00000000,1305374.00974000
1769889600000,0.02902000,0.03049000,0.02894000,0.03025000,13385634.00000000,396341.19335000
1769904000000,0.03025000,0.03099000,0.03021000,0.03099000,9398730.00000000,288203.87793000
1769918400000,0.03099000,0.03107000,0.03057000,0.03069000,3997543.00000000,123045.47479000
1769932800000,0.03071000,0.03134000,0.03054000,0.03074000,7971112.00000000,246546.66083000
1769947200000,0.03075000,0.03112000,0.02968000,0.03011000,10427675.00000000,317266.41936000
1769961600000,0.03010000,0.03051000,0.02971000,0.03000000,10539738.00000000,316619.04676000
1769976000000,0.02999000,0.03052000,0.02903000,0.02960000,13726223.00000000,411015.00603000
1769990400000,0.02960000,0.03041000,0.02876000,0.02983000,10930711.00000000,324150.32078000
1770004800000,0.02984000,0.03023000,0.02885000,0.02926000,19313009.00000000,569367.10684000
1770019200000,0.02927000,0.03010000,0.02927000,0.02977000,11212368.00000000,333807.85792000
1770033600000,0.02977000,0.03106000,0.02977000,0.03092000,10531600.00000000,319480.64669000
1770048000000,0.03091000,0.03109000,0.03047000,0.03047000,5447716.00000000,167986.39677000
1770062400000,0.03046000,0.03064000,0.03028000,0.03047000,3126042.00000000,95287.48503000
1770076800000,0.03048000,0.03055000,0.02966000,0.03026000,4666131.00000000,140020.56726000
1770091200000,0.03025000,0.03046000,0.02986000,0.03037000,4724408.00000000,142569.48211000
1770105600000,0.03038000,0.03042000,0.02974000,0.03020000,8211826.00000000,247495.90461000
1770120000000,0.03019000,0.03065000,0.02964000,0.03056000,9309400.00000000,280948.07159000
1770134400000,0.03057000,0.03057000,0.02834000,0.02967000,23448394.00000000,686317.46771000
1770148800000,0.02967000,0.03101000,0.02935000,0.02966000,14542879.00000000,438754.67839000
1770163200000,0.02965000,0.03033000,0.02954000,0.03015000,4678328.00000000,140372.90374000
1770177600000,0.03014000,0.03017000,0.02959000,0.03002000,8820039.00000000,263756.06310000
1770192000000,0.03001000,0.03003000,0.02930000,0.02960000,4856895.00000000,144078.56581000
1770206400000,0.02962000,0.02973000,0.02841000,0.02870000,14543078.00000000,422566.44541000
1770220800000,0.02871000,0.02966000,0.02833000,0.02962000,17961265.00000000,516795.42059000
1770235200000,0.02960000,0.02964000,0.02859000,0.02909000,7690577.00000000,224062.07720000
1770249600000,0.02909000,0.02947000,0.02842000,0.02857000,24426083.00000000,702698.97239000
1770264000000,0.02857000,0.02887000,0.02815000,0.02835000,8165616.00000000,232596.67838000
1770278400000,0.02835000,0.02892000,0.02730000,0.02764000,10612231.00000000,298474.80839000
1770292800000,0.02764000,0.02801000,0.02565000,0.02614000,31302679.00000000,839231.29726000
1770307200000,0.02614000,0.02665000,0.02525000,0.02537000,28743000.00000000,743692.30825000
1770321600000,0.02538000,0.02560000,0.02401000,0.02474000,39563841.00000000,980337.20152000
1770336000000,0.02473000,0.02560000,0.02255000,0.02518000,67195226.00000000,1638335.60247000
1770350400000,0.02519000,0.02629000,0.02509000,0.02574000,12832416.00000000,330400.23684000
1770364800000,0.02573000,0.02677000,0.02561000,0.02666000,14909928.00000000,390385.01856000
1770379200000,0.02666000,0.02792000,0.02644000,0.02771000,24594089.00000000,671509.44199000
1770393600000,0.02773000,0.02947000,0.02763000,0.02858000,31198925.00000000,896112.86973000
1770408000000,0.02857000,0.02893000,0.02812000,0.02865000,9642135.00000000,275004.78635000
1770422400000,0.02864000,0.02872000,0.02812000,0.02847000,6566687.00000000,186243.67588000
1770436800000,0.02846000,0.02887000,0.02736000,0.02763000,11599632.00000000,327163.70266000
1770451200000,0.02763000,0.02785000,0.02731000,0.02745000,4423514.00000000,121980.29467000
1770465600000,0.02744000,0.02839000,0.02741000,0.02797000,7015789.00000000,195727.63114000
1770480000000,0.02798000,0.02889000,0.02791000,0.02810000,19762473.00000000,560069.58751000
1770494400000,0.02810000,0.02834000,0.02791000,0.02807000,2835242.00000000,79869.52913000
1770508800000,0.02808000,0.02813000,0.02762000,0.02765000,1727658.00000000,48233.41386000
1770523200000,0.02765000,0.02775000,0.02754000,0.02772000,1929380.00000000,53335.96944000
1770537600000,0.02772000,0.02821000,0.02763000,0.02820000,4532408.00000000,126721.74000000
1770552000000,0.02821000,0.02825000,0.02772000,0.02780000,4984019.00000000,139549.07229000
1770566400000,0.02779000,0.02791000,0.02725000,0.02787000,3121369.00000000,86236.91188000
1770580800000,0.02787000,0.02811000,0.02726000,0.02752000,4004964.00000000,110451.15274000
1770595200000,0.02751000,0.02777000,0.02729000,0.02769000,7614981.00000000,210044.17014000
1770609600000,0.02767000,0.02777000,0.02729000,0.02734000,7255189.00000000,199389.40999000
1770624000000,0.02734000,0.02739000,0.02643000,0.02674000,6979572.00000000,187193.11375000
1770638400000,0.02673000,0.02733000,0.02666000,0.02717000,6853374.00000000,184890.45563000
1770652800000,0.02718000,0.02764000,0.02693000,0.02737000,5736582.00000000,156871.48076000
1770667200000,0.02736000,0.02746000,0.02698000,0.02715000,5622528.00000000,153042.19251000
1770681600000,0.02714000,0.02730000,0.02660000,0.02680000,3970442.00000000,107172.27600000
1770696000000,0.02679000,0.02698000,0.02625000,0.02635000,5735666.00000000,152320.05520000
1770710400000,0.02636000,0.02655000,0.02623000,0.02634000,3608183.00000000,95174.52404000
1770724800000,0.02635000,0.02678000,0.02629000,0.02667000,5511092.00000000,145878.70454000
1770739200000,0.02661000,0.02682000,0.02631000,0.02645000,3828668.00000000,101763.19521000
1770753600000,0.02643000,0.02660000,0.02631000,0.02653000,3807006.00000000,100719.54245000
1770768000000,0.02654000,0.02677000,0.02635000,0.02657000,4422985.00000000,117775.74444000
1770782400000,0.02656000,0.02661000,0.02553000,0.02554000,10108051.00000000,261355.96055000
1770796800000,0.02553000,0.02572000,0.02539000,0.02567000,6153566.00000000,157174.80710000
1770811200000,0.02569000,0.02691000,0.02545000,0.02569000,12525268.00000000,325521.52535000
1770825600000,0.02570000,0.02623000,0.02550000,0.02605000,6400897.00000000,165812.36665000
1770840000000,0.02605000,0.02650000,0.02584000,0.02609000,4625692.00000000,120935.84938000
1770854400000,0.02610000,0.02665000,0.02610000,0.02665000,2180287.00000000,57666.84580000
1770868800000,0.02664000,0.02707000,0.02644000,0.02706000,2828770.00000000,75676.99446000
1770883200000,0.02707000,0.02759000,0.02685000,0.02736000,4956504.00000000,134875.60414000
1770897600000,0.02735000,0.02735000,0.02649000,0.02651000,5553716.00000000,148973.48917000
1770912000000,0.02649000,0.02682000,0.02592000,0.02651000,7079479.00000000,185783.45649000
1770926400000,0.02653000,0.02682000,0.02622000,0.02680000,3436883.00000000,91009.48553000
1770940800000,0.02680000,0.02692000,0.02643000,0.02649000,1650648.00000000,43929.95175000
1770955200000,0.02650000,0.02656000,0.02618000,0.02644000,1280790.00000000,33796.93355000
1770969600000,0.02643000,0.02694000,0.02640000,0.02674000,2580707.00000000,68944.27583000
1770984000000,0.02675000,0.02766000,0.02650000,0.02717000,7170394.00000000,192986.53133000
1770998400000,0.02718000,0.02777000,0.02714000,0.02748000,4626204.00000000,127398.79621000
1771012800000,0.02749000,0.02788000,0.02741000,0.02755000,3676863.00000000,101676.50038000
1771027200000,0.02755000,0.02809000,0.02755000,0.02798000,5047964.00000000,140778.07073000
1771041600000,0.02803000,0.02803000,0.02769000,0.02784000,1172254.00000000,32635.58219000
1771056000000,0.02783000,0.02841000,0.02783000,0.02838000,3637171.00000000,102427.49993000
1771070400000,0.02838000,0.02864000,0.02803000,0.02863000,5335133.00000000,151110.93637000
1771084800000,0.02863000,0.02936000,0.02843000,0.02934000,5213985.00000000,150481.80038000
1771099200000,0.02933000,0.02946000,0.02893000,0.02903000,4417583.00000000,128953.69107000
1771113600000,0.02904000,0.02909000,0.02841000,0.02887000,5216778.00000000,150382.40648000
1771128000000,0.02888000,0.02935000,0.02886000,0.02923000,6039479.00000000,175715.29203000
1771142400000,0.02923000,0.02928000,0.02841000,0.02848000,3428195.00000000,98557.10682000
1771156800000,0.02849000,0.02850000,0.02744000,0.02778000,5411052.00000000,150899.76723000
1771171200000,0.02780000,0.02781000,0.02721000,0.02733000,5015832.00000000,138025.87786000
1771185600000,0.02731000,0.02788000,0.02722000,0.02787000,3384789.00000000,93208.34427000
1771200000000,0.02787000,0.02802000,0.02765000,0.02791000,5150793.00000000,143354.07401000
1771214400000,0.02788000,0.02810000,0.02761000,0.02767000,3550541.00000000,98805.91339000
1771228800000,0.02768000,0.02797000,0.02741000,0.02781000,2041072.00000000,56583.58826000
1771243200000,0.02780000,0.02841000,0.02734000,0.02750000,6796022.00000000,189583.45235000
1771257600000,0.02751000,0.02796000,0.02750000,0.02788000,3723577.00000000,103341.17875000
1771272000000,0.02787000,0.02835000,0.02779000,0.02819000,2733203.00000000,76871.63558000
1771286400000,0.02821000,0.02823000,0.02785000,0.02796000,1959941.00000000,55094.35879000
1771300800000,0.02795000,0.02811000,0.02766000,0.02805000,2096348.00000000,58526.57593000
1771315200000,0.02800000,0.02802000,0.02765000,0.02780000,2347148.00000000,65183.92727000
1771329600000,0.02780000,0.02804000,0.02735000,0.02778000,4830898.00000000,133785.28476000
1771344000000,0.02776000,0.02814000,0.02753000,0.02789000,2841405.00000000,79125.05557000
1771358400000,0.02787000,0.02789000,0.02767000,0.02776000,1323600.00000000,36738.35752000
1771372800000,0.02778000,0.02788000,0.02754000,0.02786000,1552457.00000000,43090.83924000
1771387200000,0.02784000,0.02799000,0.02777000,0.02795000,1069946.00000000,29799.74266000
1771401600000,0.02797000,0.02805000,0.02748000,0.02760000,1815364.00000000,50426.29250000
1771416000000,0.02760000,0.02784000,0.02715000,0.02762000,4133639.00000000,113270.82135000
1771430400000,0.02764000,0.02765000,0.02664000,0.02681000,4323967.00000000,117236.69697000
1771444800000,0.02681000,0.02696000,0.02654000,0.02689000,3041746.00000000,81384.20720000
1771459200000,0.02689000,0.02708000,0.02668000,0.02705000,2877221.00000000,77310.62478000
1771473600000,0.02705000,0.02710000,0.02685000,0.02697000,1386959.00000000,37448.91923000
1771488000000,0.02694000,0.02694000,0.02657000,0.02669000,2482294.00000000,66472.28586000
1771502400000,0.02669000,0.02676000,0.02604000,0.02624000,6123889.00000000,161461.58305000
1771516800000,0.02624000,0.02650000,0.02601000,0.02632000,3970413.00000000,104148.93887000
1771531200000,0.02633000,0.02648000,0.02618000,0.02647000,3409307.00000000,89713.55623000
1771545600000,0.02648000,0.02673000,0.02642000,0.02658000,3162457.00000000,84065.18031000
1771560000000,0.02658000,0.02682000,0.02635000,0.02666000,4938990.00000000,131475.00306000
1771574400000,0.02665000,0.02690000,0.02638000,0.02641000,5344638.00000000,142358.04750000
1771588800000,0.02641000,0.02720000,0.02595000,0.02719000,8614170.00000000,229309.07230000
1771603200000,0.02719000,0.02739000,0.02665000,0.02705000,7941234.00000000,215329.87130000
1771617600000,0.02702000,0.02728000,0.02697000,0.02724000,1411889.00000000,38301.01148000
1771632000000,0.02724000,0.02837000,0.02723000,0.02832000,22291990.00000000,620488.51281000
1771646400000,0.02832000,0.02929000,0.02831000,0.02921000,31153530.00000000,896892.95465000
1771660800000,0.02921000,0.02969000,0.02869000,0.02887000,23023753.00000000,671900.35257000
1771675200000,0.02893000,0.02947000,0.02809000,0.02821000,23719894.00000000,681433.15246000
1771689600000,0.02821000,0.02853000,0.02794000,0.02834000,5832246.00000000,164700.83226000
1771704000000,0.02834000,0.02835000,0.02791000,0.02794000,2815502.00000000,79306.26748000
1771718400000,0.02792000,0.02799000,0.02700000,0.02714000,6213468.00000000,170365.80936000
1771732800000,0.02711000,0.02723000,0.02688000,0.02720000,4678097.00000000,126613.04872000
1771747200000,0.02720000,0.02731000,0.02704000,0.02712000,2553098.00000000,69399.06015000
1771761600000,0.02713000,0.02714000,0.02649000,0.02675000,5579015.00000000,149299.28965000
1771776000000,0.02675000,0.02683000,0.02658000,0.02672000,1892689.00000000,50555.84160000
1771790400000,0.02672000,0.02689000,0.02652000,0.02672000,2156874.00000000,57583.09099000
1771804800000,0.02672000,0.02676000,0.02564000,0.02594000,18573807.00000000,483500.22968000
1771819200000,0.02594000,0.02659000,0.02581000,0.02647000,5636952.00000000,147674.72732000
1771833600000,0.02646000,0.02701000,0.02639000,0.02669000,5237860.00000000,140065.99704000
1771848000000,0.02668000,0.02687000,0.02616000,0.02617000,7104318.00000000,188345.06059000
1771862400000,0.02616000,0.02623000,0.02558000,0.02573000,8607829.00000000,222819.21581000
1771876800000,0.02572000,0.02628000,0.02567000,0.02603000,6011436.00000000,156236.68113000
1771891200000,0.02604000,0.02620000,0.02561000,0.02575000,6647448.00000000,172366.56515000
1771905600000,0.02576000,0.02577000,0.02548000,0.02559000,4419255.00000000,113235.78752000
1771920000000,0.02560000,0.02574000,0.02549000,0.02562000,3769526.00000000,96564.43354000
1771934400000,0.02561000,0.02618000,0.02535000,0.02606000,8171063.00000000,210215.43203000
1771948800000,0.02606000,0.02635000,0.02595000,0.02614000,6721118.00000000,175620.00259000
1771963200000,0.02615000,0.02617000,0.02550000,0.02570000,17556642.00000000,453290.39465000
1771977600000,0.02572000,0.02666000,0.02560000,0.02618000,12563281.00000000,329788.28516000
1771992000000,0.02619000,0.02637000,0.02594000,0.02617000,6338444.00000000,165843.34628000
1772006400000,0.02616000,0.02664000,0.02599000,0.02649000,7831027.00000000,206244.38411000
1772020800000,0.02649000,0.02805000,0.02645000,0.02788000,12273731.00000000,335413.16441000
1772035200000,0.02787000,0.02870000,0.02787000,0.02867000,9715024.00000000,274875.48948000
1772049600000,0.02869000,0.02909000,0.02751000,0.02778000,14936736.00000000,424639.42798000
1772064000000,0.02779000,0.02802000,0.02728000,0.02753000,6122335.00000000,169165.53758000
1772078400000,0.02752000,0.02769000,0.02714000,0.02724000,3320573.00000000,90945.84488000
1772092800000,0.02724000,0.02752000,0.02695000,0.02698000,5169088.00000000,140978.00817000
1772107200000,0.02697000,0.02715000,0.02655000,0.02683000,7445088.00000000,199746.24029000
1772121600000,0.02682000,0.02685000,0.02611000,0.02671000,9901295.00000000,261952.60443000
1772136000000,0.02670000,0.02676000,0.02656000,0.02670000,2890066.00000000,77007.18592000
1772150400000,0.02670000,0.02702000,0.02660000,0.02699000,3010121.00000000,80586.75371000
1772164800000,0.02700000,0.02743000,0.02700000,0.02732000,3766074.00000000,102442.91086000
1772179200000,0.02733000,0.02753000,0.02664000,0.02675000,5463883.00000000,148235.98224000
1772193600000,0.02674000,0.02682000,0.02638000,0.02657000,7087171.00000000,188245.06304000
1772208000000,0.02656000,0.02662000,0.02608000,0.02616000,6524682.00000000,171848.56749000
1772222400000,0.02615000,0.02625000,0.02562000,0.02616000,7681728.00000000,199417.48926000
1772236800000,0.02617000,0.02626000,0.02595000,0.02600000,3102980.00000000,80967.20469000
1772251200000,0.02599000,0.02599000,0.02459000,0.02502000,14732086.00000000,371047.12658000
1772265600000,0.02501000,0.02501000,0.02439000,0.02445000,7798320.00000000,192118.59603000
1772280000000,0.02446000,0.02539000,0.02444000,0.02503000,8497850.00000000,212097.29802000
1772294400000,0.02501000,0.02605000,0.02489000,0.02586000,8633591.00000000,218884.81980000
1772308800000,0.02585000,0.02663000,0.02577000,0.02655000,6208185.00000000,162901.38403000
1772323200000,0.02655000,0.02733000,0.02593000,0.02680000,10526573.00000000,281676.13911000
1772337600000,0.02682000,0.02693000,0.02644000,0.02663000,3710411.00000000,98948.80550000
1772352000000,0.02665000,0.02672000,0.02599000,0.02609000,3728409.00000000,97742.78571000
1772366400000,0.02609000,0.02638000,0.02563000,0.02596000,6747884.00000000,175905.45518000
1772380800000,0.02598000,0.02614000,0.02531000,0.02539000,5951877.00000000,152718.83236000
1772395200000,0.02537000,0.02581000,0.02503000,0.02561000,8811348.00000000,224207.37965000
1772409600000,0.02561000,0.02637000,0.02560000,0.02615000,6139839.00000000,159824.64975000
1772424000000,0.02616000,0.02638000,0.02539000,0.02557000,5886297.00000000,152682.46785000
1772438400000,0.02557000,0.02601000,0.02537000,0.02571000,9029899.00000000,231718.88665000
1772452800000,0.02572000,0.02701000,0.02548000,0.02671000,11258486.00000000,295017.86215000
1772467200000,0.02672000,0.02704000,0.02605000,0.02633000,12665846.00000000,335457.66222000
1772481600000,0.02631000,0.02647000,0.02594000,0.02607000,7532014.00000000,197006.67505000
1772496000000,0.02610000,0.02612000,0.02562000,0.02591000,6524680.00000000,168705.28209000
1772510400000,0.02592000,0.02602000,0.02568000,0.02580000,3410585.00000000,88140.55219000
1772524800000,0.02582000,0.02588000,0.02529000,0.02554000,5916118.00000000,150652.45369000
1772539200000,0.02552000,0.02600000,0.02539000,0.02593000,8537857.00000000,219137.12489000
1772553600000,0.02593000,0.02647000,0.02572000,0.02611000,5915776.00000000,154407.93597000
1772568000000,0.02611000,0.02631000,0.02570000,0.02604000,3499212.00000000,91066.77460000
1772582400000,0.02604000,0.02616000,0.02564000,0.02590000,4491208.00000000,116440.30246000
1772596800000,0.02591000,0.02615000,0.02570000,0.02610000,2990829.00000000,77399.63211000
1772611200000,0.02611000,0.02700000,0.02598000,0.02635000,12424402.00000000,329527.27268000
1772625600000,0.02636000,0.02709000,0.02601000,0.02708000,8836688.00000000,233840.62357000
1772640000000,0.02709000,0.02719000,0.02660000,0.02696000,6999740.00000000,188291.27862000
1772654400000,0.02695000,0.02711000,0.02652000,0.02677000,4002454.00000000,107253.42682000
1772668800000,0.02675000,0.02686000,0.02640000,0.02657000,4414567.00000000,117448.98333000
1772683200000,0.02657000,0.02684000,0.02641000,0.02655000,7030539.00000000,187308.34397000
1772697600000,0.02655000,0.02700000,0.02638000,0.02674000,11013435.00000000,293968.94808000
1772712000000,0.02673000,0.02693000,0.02626000,0.02633000,5331673.00000000,141968.29892000
1772726400000,0.02633000,0.02638000,0.02583000,0.02623000,4630804.00000000,120785.54287000
1772740800000,0.02623000,0.02654000,0.02621000,0.02627000,2655163.00000000,70012.32093000
1772755200000,0.02628000,0.02655000,0.02613000,0.02650000,4691755.00000000,123422.56960000
1772769600000,0.02651000,0.02656000,0.02609000,0.02649000,4312317.00000000,113496.20205000
1772784000000,0.02649000,0.02649000,0.02598000,0.02601000,3551252.00000000,93102.38612000
1772798400000,0.02599000,0.02622000,0.02524000,0.02542000,12656542.00000000,326518.45241000
1772812800000,0.02542000,0.02571000,0.02527000,0.02555000,5071542.00000000,129455.51373000
1772827200000,0.02557000,0.02575000,0.02554000,0.02566000,1991650.00000000,51090.37633000
1772841600000,0.02569000,0.02582000,0.02551000,0.02551000,1910311.00000000,48994.58961000
1772856000000,0.02551000,0.02562000,0.02523000,0.02539000,1852580.00000000,47096.91602000
1772870400000,0.02539000,0.02558000,0.02529000,0.02545000,2077146.00000000,52883.27256000
1772884800000,0.02545000,0.02549000,0.02511000,0.02523000,3507134.00000000,88921.90036000
1772899200000,0.02523000,0.02543000,0.02508000,0.02511000,2886932.00000000,72856.33695000
1772913600000,0.02513000,0.02525000,0.02491000,0.02508000,3542534.00000000,88957.25487000
1772928000000,0.02509000,0.02510000,0.02473000,0.02483000,4568957.00000000,113702.64141000
1772942400000,0.02483000,0.02502000,0.02464000,0.02496000,2949438.00000000,73380.12650000
1772956800000,0.02497000,0.02562000,0.02487000,0.02533000,2793577.00000000,70522.01483000
1772971200000,0.02532000,0.02552000,0.02499000,0.02507000,2852307.00000000,72022.42725000
1772985600000,0.02508000,0.02513000,0.02460000,0.02503000,7292764.00000000,181312.21124000
1773000000000,0.02503000,0.02513000,0.02449000,0.02467000,7141114.00000000,177689.45471000
1773014400000,0.02470000,0.02531000,0.02465000,0.02504000,3846226.00000000,95961.29551000
1773028800000,0.02505000,0.02558000,0.02501000,0.02529000,4056353.00000000,102557.08737000
1773043200000,0.02530000,0.02544000,0.02500000,0.02515000,6138221.00000000,154684.84436000
1773057600000,0.02515000,0.02564000,0.02515000,0.02539000,4925294.00000000,125308.68889000
1773072000000,0.02540000,0.02582000,0.02522000,0.02545000,4822091.00000000,122507.09862000
1773086400000,0.02544000,0.02546000,0.02501000,0.02506000,2490721.00000000,62826.73884000
1773100800000,0.02506000,0.02559000,0.02500000,0.02525000,3726872.00000000,94183.70064000
1773115200000,0.02523000,0.02551000,0.02515000,0.02528000,2953012.00000000,74755.24889000
1773129600000,0.02530000,0.02564000,0.02525000,0.02538000,6728990.00000000,171299.37503000
1773144000000,0.02537000,0.02590000,0.02518000,0.02566000,9447548.00000000,241312.11739000
1773158400000,0.02567000,0.02590000,0.02504000,0.02515000,5025029.00000000,128332.07616000
1773172800000,0.02515000,0.02527000,0.02486000,0.02495000,3904442.00000000,97579.20881000
1773187200000,0.02497000,0.02510000,0.02481000,0.02495000,3856728.00000000,96177.32894000
1773201600000,0.02494000,0.02523000,0.02478000,0.02513000,4644139.00000000,116237.42774000
1773216000000,0.02515000,0.02572000,0.02515000,0.02554000,9786463.00000000,249422.95968000
1773230400000,0.02555000,0.02625000,0.02545000,0.02566000,12216421.00000000,315565.83242000
1773244800000,0.02567000,0.02601000,0.02558000,0.02592000,6587916.00000000,170062.65315000
1773259200000,0.02591000,0.02609000,0.02579000,0.02589000,5423853.00000000,140634.28222000
1773273600000,0.02591000,0.02594000,0.02541000,0.02547000,5902373.00000000,151427.41652000
1773288000000,0.02547000,0.02559000,0.02532000,0.02551000,4251643.00000000,108192.80255000
1773302400000,0.02552000,0.02590000,0.02542000,0.02567000,10487403.00000000,269482.94715000
1773316800000,0.02566000,0.02707000,0.02560000,0.02642000,54698169.00000000,1434432.09779000
1773331200000,0.02644000,0.02862000,0.02630000,0.02759000,71456442.00000000,1958493.02771000
1773345600000,0.02760000,0.03000000,0.02758000,0.02770000,130063599.00000000,3695283.47259000
1773360000000,0.02770000,0.02929000,0.02770000,0.02804000,62219719.00000000,1764373.98385000
1773374400000,0.02803000,0.02820000,0.02723000,0.02728000,29244445.00000000,807727.94996000
1773388800000,0.02728000,0.02740000,0.02675000,0.02707000,25776251.00000000,698569.21492000
1773403200000,0.02707000,0.02775000,0.02698000,0.02740000,26186670.00000000,717697.20296000
1773417600000,0.02741000,0.02770000,0.02687000,0.02699000,20541291.00000000,559266.26001000
1773432000000,0.02700000,0.02716000,0.02673000,0.02682000,15516419.00000000,417742.29032000
1773446400000,0.02683000,0.02701000,0.02649000,0.02694000,10447653.00000000,279233.40018000
1773460800000,0.02694000,0.02694000,0.02635000,0.02647000,7928289.00000000,211089.22681000
1773475200000,0.02648000,0.02648000,0.02616000,0.02637000,6851093.00000000,180381.35066000
1773489600000,0.02638000,0.02641000,0.02603000,0.02611000,6106456.00000000,160017.23063000
1773504000000,0.02610000,0.02632000,0.02585000,0.02594000,11039564.00000000,287337.35030000
1773518400000,0.02593000,0.02624000,0.02585000,0.02619000,8392817.00000000,218344.39465000
1773532800000,0.02620000,0.02655000,0.02597000,0.02623000,9426664.00000000,247592.42868000
1773547200000,0.02623000,0.02636000,0.02611000,0.02635000,7257570.00000000,190222.88629000
1773561600000,0.02635000,0.02716000,0.02625000,0.02688000,11832330.00000000,316208.79346000
1773576000000,0.02689000,0.02709000,0.02648000,0.02673000,16883937.00000000,452755.09239000
1773590400000,0.02673000,0.02691000,0.02658000,0.02680000,6957137.00000000,186139.59694000
1773604800000,0.02679000,0.02711000,0.02665000,0.02692000,9841570.00000000,264619.61513000
1773619200000,0.02691000,0.02740000,0.02665000,0.02729000,21937505.00000000,593029.66652000
1773633600000,0.02731000,0.02785000,0.02720000,0.02773000,12683523.00000000,348683.11945000
1773648000000,0.02774000,0.02801000,0.02730000,0.02731000,13042359.00000000,360394.99781000
1773662400000,0.02732000,0.02783000,0.02727000,0.02756000,13115863.00000000,361432.06625000
1773676800000,0.02757000,0.02844000,0.02752000,0.02782000,18696924.00000000,524100.86940000
1773691200000,0.02783000,0.02828000,0.02774000,0.02809000,14559933.00000000,407833.59317000
1773705600000,0.02809000,0.02829000,0.02734000,0.02758000,14597610.00000000,407484.62325000
1773720000000,0.02757000,0.02774000,0.02718000,0.02764000,8734341.00000000,239867.49562000
1773734400000,0.02764000,0.02824000,0.02760000,0.02809000,14329274.00000000,400492.30064000
1773748800000,0.02808000,0.02819000,0.02758000,0.02792000,13753375.00000000,382518.02255000
1773763200000,0.02792000,0.02815000,0.02769000,0.02771000,9040477.00000000,252895.91032000
1773777600000,0.02772000,0.02814000,0.02772000,0.02786000,7466611.00000000,208918.90783000
1773792000000,0.02787000,0.02824000,0.02765000,0.02814000,9554352.00000000,267075.87132000
1773806400000,0.02815000,0.02830000,0.02774000,0.02796000,7070799.00000000,197975.57364000
1773820800000,0.02798000,0.02808000,0.02726000,0.02740000,6517974.00000000,181095.24452000
1773835200000,0.02739000,0.02739000,0.02646000,0.02662000,11795361.00000000,317871.08407000
1773849600000,0.02661000,0.02683000,0.02632000,0.02649000,7182731.00000000,190836.39648000
1773864000000,0.02650000,0.02677000,0.02632000,0.02667000,3922598.00000000,104332.83926000
1773878400000,0.02667000,0.02691000,0.02638000,0.02671000,3085668.00000000,82189.51284000
1773892800000,0.02670000,0.02672000,0.02604000,0.02615000,5310249.00000000,140013.13604000
1773907200000,0.02615000,0.02635000,0.02606000,0.02607000,4641871.00000000,121517.81944000
1773921600000,0.02607000,0.02608000,0.02556000,0.02580000,8994232.00000000,231744.97218000
1773936000000,0.02581000,0.02599000,0.02553000,0.02597000,5547075.00000000,142780.77844000
1773950400000,0.02596000,0.02605000,0.02558000,0.02570000,5373286.00000000,138946.76716000
1773964800000,0.02571000,0.02625000,0.02568000,0.02619000,5387391.00000000,140196.70193000
1773979200000,0.02619000,0.02675000,0.02603000,0.02619000,13535576.00000000,356693.60070000
1773993600000,0.02619000,0.02635000,0.02606000,0.02620000,4406732.00000000,115449.53973000
1774008000000,0.02622000,0.02625000,0.02578000,0.02595000,5557398.00000000,144476.90540000
1774022400000,0.02596000,0.02611000,0.02573000,0.02595000,5208990.00000000,135182.10850000
1774036800000,0.02596000,0.02630000,0.02573000,0.02609000,4994300.00000000,130244.50080000
1774051200000,0.02609000,0.02621000,0.02604000,0.02606000,2460676.00000000,64298.53088000
1774065600000,0.02607000,0.02626000,0.02604000,0.02608000,4151456.00000000,108433.66824000
1774080000000,0.02607000,0.02613000,0.02588000,0.02592000,1681177.00000000,43687.70017000
1774094400000,0.02593000,0.02619000,0.02582000,0.02619000,3826279.00000000,99386.14575000
1774108800000,0.02619000,0.02621000,0.02592000,0.02598000,2298797.00000000,59879.81026000
1774123200000,0.02597000,0.02616000,0.02517000,0.02534000,7390090.00000000,189702.77356000
1774137600000,0.02532000,0.02546000,0.02485000,0.02518000,12023264.00000000,302683.87026000
1774152000000,0.02520000,0.02540000,0.02503000,0.02504000,4961521.00000000,125323.21068000
1774166400000,0.02504000,0.02506000,0.02459000,0.02463000,9661456.00000000,239863.08937000
1774180800000,0.02464000,0.02496000,0.02462000,0.02481000,6199017.00000000,153524.88094000
1774195200000,0.02482000,0.02497000,0.02446000,0.02455000,7875882.00000000,194593.34449000
1774209600000,0.02455000,0.02468000,0.02419000,0.02443000,10127896.00000000,247608.32370000
1774224000000,0.02443000,0.02472000,0.02437000,0.02454000,3579505.00000000,87953.20372000
1774238400000,0.02454000,0.02461000,0.02402000,0.02411000,5618851.00000000,136362.99925000
1774252800000,0.02412000,0.02510000,0.02399000,0.02491000,17373988.00000000,426919.93407000
1774267200000,0.02492000,0.02566000,0.02480000,0.02503000,10464191.00000000,264867.69850000
1774281600000,0.02504000,0.02530000,0.02496000,0.02506000,6427052.00000000,161206.52703000
1774296000000,0.02507000,0.02548000,0.02503000,0.02531000,5465296.00000000,138034.95572000
1774310400000,0.02532000,0.02536000,0.02492000,0.02525000,6904020.00000000,173715.88511000
1774324800000,0.02526000,0.02548000,0.02499000,0.02543000,5536297.00000000,139349.47444000
1774339200000,0.02543000,0.02550000,0.02499000,0.02506000,7915332.00000000,200053.88435000
1774353600000,0.02505000,0.02519000,0.02478000,0.02501000,5768713.00000000,144403.09875000
1774368000000,0.02501000,0.02508000,0.02471000,0.02496000,7002730.00000000,174311.17406000
1774382400000,0.02495000,0.02539000,0.02493000,0.02524000,7240589.00000000,182488.59094000
1774396800000,0.02525000,0.02547000,0.02522000,0.02533000,4195264.00000000,106338.18060000
1774411200000,0.02533000,0.02538000,0.02517000,0.02526000,3354963.00000000,84787.35146000
1774425600000,0.02528000,0.02565000,0.02523000,0.02559000,15985202.00000000,406530.79854000
1774440000000,0.02560000,0.02568000,0.02526000,0.02536000,7750690.00000000,197472.18721000
1774454400000,0.02536000,0.02554000,0.02530000,0.02539000,3683981.00000000,93589.79013000
1774468800000,0.02538000,0.02551000,0.02522000,0.02548000,4854893.00000000,123155.45773000
1774483200000,0.02551000,0.02554000,0.02504000,0.02512000,4715297.00000000,119327.79997000
1774497600000,0.02512000,0.02512000,0.02462000,0.02470000,4762255.00000000,118363.53671000
1774512000000,0.02469000,0.02470000,0.02432000,0.02437000,4883538.00000000,119617.96796000
1774526400000,0.02436000,0.02466000,0.02417000,0.02418000,5326499.00000000,130102.02653000
1774540800000,0.02419000,0.02429000,0.02398000,0.02402000,5317364.00000000,128403.20740000
1774555200000,0.02402000,0.02451000,0.02396000,0.02430000,6389712.00000000,155381.93225000
1774569600000,0.02430000,0.02455000,0.02429000,0.02438000,3974533.00000000,97172.93164000
1774584000000,0.02438000,0.02452000,0.02418000,0.02450000,2856118.00000000,69614.54216000
1774598400000,0.02449000,0.02455000,0.02358000,0.02375000,9873282.00000000,236756.67564000
1774612800000,0.02376000,0.02395000,0.02356000,0.02374000,9433109.00000000,223809.47609000
1774627200000,0.02374000,0.02387000,0.02360000,0.02381000,6484738.00000000,153853.24733000
1774641600000,0.02380000,0.02389000,0.02369000,0.02377000,3745633.00000000,89065.74899000
1774656000000,0.02378000,0.02379000,0.02341000,0.02351000,4328037.00000000,102063.28547000
1774670400000,0.02352000,0.02391000,0.02346000,0.02391000,2637170.00000000,62348.49779000
1774684800000,0.02392000,0.02401000,0.02380000,0.02392000,5518658.00000000,132084.70317000
1774699200000,0.02393000,0.02435000,0.02385000,0.02416000,8439326.00000000,203546.72942000
1774713600000,0.02418000,0.02424000,0.02407000,0.02415000,3377792.00000000,81603.81147000
1774728000000,0.02416000,0.02420000,0.02364000,0.02369000,3115191.00000000,74419.88346000
1774742400000,0.02368000,0.02384000,0.02358000,0.02374000,2646973.00000000,62731.32242000
1774756800000,0.02373000,0.02376000,0.02354000,0.02360000,2836406.00000000,67020.31796000
1774771200000,0.02359000,0.02372000,0.02348000,0.02363000,3005240.00000000,70984.09655000
1774785600000,0.02363000,0.02365000,0.02338000,0.02350000,5120189.00000000,120195.48213000
1774800000000,0.02350000,0.02356000,0.02334000,0.02346000,4400982.00000000,103194.30025000
1774814400000,0.02346000,0.02368000,0.02293000,0.02341000,7550978.00000000,176355.86640000
1774828800000,0.02343000,0.02405000,0.02337000,0.02400000,6321511.00000000,149785.58925000
1774843200000,0.02400000,0.02442000,0.02400000,0.02438000,3715029.00000000,89853.81603000
1774857600000,0.02440000,0.02455000,0.02418000,0.02445000,6828797.00000000,166432.04477000
1774872000000,0.02446000,0.02450000,0.02408000,0.02416000,5251647.00000000,127636.85403000
1774886400000,0.02417000,0.02426000,0.02357000,0.02373000,4756551.00000000,113489.15025000
1774900800000,0.02375000,0.02397000,0.02362000,0.02368000,2924736.00000000,69539.68893000
1774915200000,0.02371000,0.02414000,0.02367000,0.02386000,3935780.00000000,93965.92061000
1774929600000,0.02388000,0.02393000,0.02372000,0.02384000,3698691.00000000,88100.05017000
1774944000000,0.02385000,0.02391000,0.02344000,0.02371000,6934669.00000000,163766.97490000
1774958400000,0.02372000,0.02399000,0.02364000,0.02371000,7480345.00000000,178030.85090000
1774972800000,0.02373000,0.02425000,0.02373000,0.02411000,4079970.00000000,98048.60435000
1774987200000,0.02410000,0.02425000,0.02399000,0.02412000,3745451.00000000,90397.54360000
1775001600000,0.02412000,0.02449000,0.02401000,0.02449000,18702826.00000000,454670.06857000
1775016000000,0.02444000,0.02512000,0.02426000,0.02470000,31148262.00000000,769894.13044000
1775030400000,0.02471000,0.02481000,0.02455000,0.02468000,6107871.00000000,150535.90084000
1775044800000,0.02470000,0.02496000,0.02445000,0.02478000,9357286.00000000,230800.06964000
1775059200000,0.02480000,0.02482000,0.02440000,0.02446000,4105743.00000000,101037.59895000
1775073600000,0.02447000,0.02456000,0.02430000,0.02433000,2906972.00000000,71021.27340000
1775088000000,0.02436000,0.02456000,0.02355000,0.02366000,5369822.00000000,129456.65040000
1775102400000,0.02367000,0.02385000,0.02352000,0.02385000,3954823.00000000,93745.51157000
1775116800000,0.02383000,0.02383000,0.02344000,0.02361000,4749950.00000000,112081.77851000
1775131200000,0.02360000,0.02374000,0.02325000,0.02358000,9228651.00000000,216592.04264000
1775145600000,0.02358000,0.02382000,0.02351000,0.02364000,4149818.00000000,98085.90936000
1775160000000,0.02365000,0.02378000,0.02357000,0.02365000,5584260.00000000,132116.01352000
1775174400000,0.02366000,0.02401000,0.02363000,0.02401000,4395621.00000000,104518.99602000
1775188800000,0.02401000,0.02443000,0.02395000,0.02431000,3472820.00000000,84092.63011000
1775203200000,0.02432000,0.02458000,0.02427000,0.02430000,9952041.00000000,242929.67020000
1775217600000,0.02429000,0.02444000,0.02385000,0.02389000,9244471.00000000,222668.98665000
1775232000000,0.02388000,0.02404000,0.02373000,0.02386000,4376205.00000000,104557.15934000
1775246400000,0.02388000,0.02404000,0.02384000,0.02391000,3965780.00000000,94968.05533000
1775260800000,0.02391000,0.02423000,0.02381000,0.02416000,5999466.00000000,144361.37151000
1775275200000,0.02416000,0.02439000,0.02413000,0.02438000,3915976.00000000,94966.16956000
1775289600000,0.02440000,0.02445000,0.02419000,0.02434000,5002108.00000000,121767.77917000
1775304000000,0.02435000,0.02436000,0.02402000,0.02413000,7656315.00000000,185413.34779000
1775318400000,0.02413000,0.02443000,0.02399000,0.02421000,4101091.00000000,99368.62085000
1775332800000,0.02422000,0.02426000,0.02409000,0.02415000,3108470.00000000,75154.30853000
1775347200000,0.02416000,0.02419000,0.02376000,0.02381000,2917276.00000000,69865.88729000
1775361600000,0.02381000,0.02383000,0.02346000,0.02349000,5216247.00000000,123210.15294000
1775376000000,0.02349000,0.02367000,0.02347000,0.02350000,2954932.00000000,69595.65970000
1775390400000,0.02350000,0.02379000,0.02333000,0.02354000,6162370.00000000,145163.43098000
1775404800000,0.02354000,0.02357000,0.02339000,0.02349000,2919163.00000000,68537.70566000
1775419200000,0.02349000,0.02391000,0.02340000,0.02388000,3803109.00000000,89670.78988000
1775433600000,0.02391000,0.02408000,0.02375000,0.02394000,5214489.00000000,124862.19019000
1775448000000,0.02395000,0.02409000,0.02388000,0.02405000,8730774.00000000,209452.74838000
1775462400000,0.02405000,0.02471000,0.02404000,0.02457000,10181303.00000000,248719.10574000
1775476800000,0.02458000,0.02465000,0.02417000,0.02425000,7807218.00000000,190217.97068000
1775491200000,0.02425000,0.02430000,0.02402000,0.02407000,3398288.00000000,82136.52107000
1775505600000,0.02404000,0.02482000,0.02344000,0.02372000,25784308.00000000,620862.28712000
1775520000000,0.02374000,0.02382000,0.02346000,0.02371000,3993042.00000000,94438.17536000
1775534400000,0.02370000,0.02391000,0.02350000,0.02365000,7907122.00000000,186789.06133000
1775548800000,0.02365000,0.02397000,0.02354000,0.02359000,6457787.00000000,153382.71604000
1775563200000,0.02359000,0.02362000,0.02333000,0.02352000,8166814.00000000,191958.46938000
1775577600000,0.02351000,0.02393000,0.02345000,0.02392000,3357131.00000000,79489.43340000
1775592000000,0.02394000,0.02521000,0.02394000,0.02510000,13960146.00000000,343312.22949000
1775606400000,0.02508000,0.02515000,0.02473000,0.02480000,5688931.00000000,141575.88637000
1775620800000,0.02480000,0.02491000,0.02474000,0.02484000,4839381.00000000,120145.00638000
1775635200000,0.02484000,0.02496000,0.02452000,0.02457000,4792699.00000000,118844.27872000
1775649600000,0.02459000,0.02468000,0.02408000,0.02443000,5893401.00000000,143545.81495000
1775664000000,0.02443000,0.02449000,0.02391000,0.02402000,10207361.00000000,245941.31768000
1775678400000,0.02403000,0.02421000,0.02374000,0.02381000,7176310.00000000,172154.47366000
1775692800000,0.02380000,0.02428000,0.02370000,0.02425000,5063320.00000000,121198.74787000
1775707200000,0.02426000,0.02431000,0.02399000,0.02414000,4468211.00000000,107849.56988000
1775721600000,0.02413000,0.02426000,0.02390000,0.02400000,7244461.00000000,174127.43213000
1775736000000,0.02399000,0.02445000,0.02387000,0.02433000,6684828.00000000,161278.63247000
1775750400000,0.02433000,0.02443000,0.02411000,0.02427000,4661150.00000000,113141.44411000
1775764800000,0.02429000,0.02463000,0.02414000,0.02423000,4875196.00000000,118687.16094000
1775779200000,0.02424000,0.02444000,0.02407000,0.02412000,5131359.00000000,124362.81462000
1775793600000,0.02410000,0.02436000,0.02395000,0.02399000,4538543.00000000,109582.82656000
1775808000000,0.02397000,0.02416000,0.02393000,0.02403000,9558559.00000000,229833.95538000
1775822400000,0.02403000,0.02472000,0.02400000,0.02449000,9095272.00000000,221863.76195000
1775836800000,0.02450000,0.02469000,0.02422000,0.02464000,7523953.00000000,184041.78376000
1775851200000,0.02466000,0.02467000,0.02434000,0.02441000,5163143.00000000,126331.73658000
1775865600000,0.02443000,0.02446000,0.02409000,0.02430000,2843385.00000000,69091.85101000
1775880000000,0.02430000,0.02436000,0.02405000,0.02416000,4360375.00000000,105411.29999000
1775894400000,0.02415000,0.02422000,0.02406000,0.02408000,4409025.00000000,106368.08601000
1775908800000,0.02408000,0.02411000,0.02386000,0.02401000,4772979.00000000,114413.65108000
1775923200000,0.02398000,0.02445000,0.02398000,0.02440000,3584168.00000000,86842.52000000
1775937600000,0.02442000,0.02444000,0.02408000,0.02426000,5569811.00000000,135327.02214000
1775952000000,0.02427000,0.02429000,0.02357000,0.02369000,6971258.00000000,166279.74950000
1775966400000,0.02369000,0.02380000,0.02359000,0.02373000,4806126.00000000,113929.35823000
1775980800000,0.02372000,0.02374000,0.02350000,0.02361000,3757214.00000000,88841.21521000
1775995200000,0.02360000,0.02380000,0.02350000,0.02353000,7444821.00000000,176025.20100000
1776009600000,0.02353000,0.02377000,0.02345000,0.02360000,4421203.00000000,104357.93568000
1776024000000,0.02362000,0.02380000,0.02347000,0.02360000,6931953.00000000,163778.45402000
1776038400000,0.02361000,0.02378000,0.02342000,0.02353000,6791248.00000000,160446.47659000
1776052800000,0.02353000,0.02366000,0.02337000,0.02345000,5216132.00000000,122757.79305000
1776067200000,0.02345000,0.02370000,0.02338000,0.02354000,3508123.00000000,82608.83668000
1776081600000,0.02354000,0.02446000,0.02349000,0.02382000,17693080.00000000,422050.09992000
1776096000000,0.02381000,0.02427000,0.02370000,0.02419000,6539135.00000000,156191.23744000
1776110400000,0.02421000,0.02477000,0.02399000,0.02469000,7254380.00000000,177047.57376000
1776124800000,0.02469000,0.02477000,0.02436000,0.02441000,3526305.00000000,86488.13125000
1776139200000,0.02441000,0.02447000,0.02410000,0.02419000,2759426.00000000,66946.02400000
1776153600000,0.02417000,0.02430000,0.02411000,0.02413000,4555172.00000000,110202.29306000
1776168000000,0.02411000,0.02442000,0.02400000,0.02421000,5209059.00000000,126094.47267000
1776182400000,0.02420000,0.02431000,0.02375000,0.02391000,5161273.00000000,124065.03050000
1776196800000,0.02393000,0.02401000,0.02385000,0.02399000,2618377.00000000,62658.65708000
1776211200000,0.02398000,0.02416000,0.02393000,0.02402000,3238936.00000000,77714.46965000
1776225600000,0.02402000,0.02419000,0.02379000,0.02385000,3193280.00000000,76542.84995000
1776240000000,0.02386000,0.02422000,0.02385000,0.02418000,2692468.00000000,64775.14760000
1776254400000,0.02417000,0.02443000,0.02409000,0.02434000,4423351.00000000,106970.84277000
1776268800000,0.02435000,0.02476000,0.02435000,0.02469000,5495335.00000000,135002.09520000
1776283200000,0.02470000,0.02486000,0.02456000,0.02482000,8306528.00000000,205402.98171000
1776297600000,0.02482000,0.02534000,0.02475000,0.02528000,8008432.00000000,200389.12857000
1776312000000,0.02527000,0.02554000,0.02509000,0.02523000,8698623.00000000,219946.04105000
1776326400000,0.02524000,0.02529000,0.02486000,0.02494000,5464550.00000000,136746.81396000
1776340800000,0.02495000,0.02547000,0.02471000,0.02541000,14749851.00000000,369453.12600000
1776355200000,0.02543000,0.02601000,0.02515000,0.02596000,7449780.00000000,190290.41397000
1776369600000,0.02595000,0.02600000,0.02537000,0.02574000,6184874.00000000,158782.97074000
1776384000000,0.02574000,0.02578000,0.02537000,0.02561000,4027402.00000000,103130.62458000
1776398400000,0.02560000,0.02579000,0.02527000,0.02571000,6687433.00000000,170627.93676000
1776412800000,0.02573000,0.02581000,0.02539000,0.02578000,8886158.00000000,227717.97068000
1776427200000,0.02578000,0.02655000,0.02569000,0.02619000,8400022.00000000,220687.68219000
1776441600000,0.02621000,0.02650000,0.02608000,0.02624000,6361301.00000000,167216.68697000
1776456000000,0.02622000,0.02633000,0.02593000,0.02600000,4694651.00000000,122817.23165000
1776470400000,0.02601000,0.02606000,0.02579000,0.02579000,4184663.00000000,108324.18219000
1776484800000,0.02581000,0.02664000,0.02572000,0.02636000,12312752.00000000,322809.78095000
1776499200000,0.02636000,0.02642000,0.02529000,0.02545000,11853722.00000000,305769.66800000
1776513600000,0.02545000,0.02557000,0.02522000,0.02533000,5959250.00000000,151414.07278000
1776528000000,0.02532000,0.02548000,0.02491000,0.02504000,7557082.00000000,190105.50384000
1776542400000,0.02503000,0.02527000,0.02486000,0.02489000,4756692.00000000,119164.11347000
1776556800000,0.02490000,0.02491000,0.02444000,0.02455000,4599891.00000000,113406.78705000
1776571200000,0.02455000,0.02486000,0.02448000,0.02459000,8061011.00000000,198990.81840000
1776585600000,0.02458000,0.02487000,0.02441000,0.02486000,4113561.00000000,101274.95711000
1776600000000,0.02485000,0.02519000,0.02477000,0.02504000,5988780.00000000,149538.28167000
1776614400000,0.02503000,0.02505000,0.02453000,0.02491000,3277075.00000000,81127.03315000
1776628800000,0.02489000,0.02491000,0.02417000,0.02426000,5712521.00000000,140474.73536000
1776643200000,0.02427000,0.02462000,0.02425000,0.02453000,3902545.00000000,95480.01385000
1776657600000,0.02453000,0.02484000,0.02436000,0.02460000,4502949.00000000,110622.86830000
1776672000000,0.02462000,0.02491000,0.02454000,0.02471000,4165070.00000000,102900.17856000
1776686400000,0.02471000,0.02535000,0.02466000,0.02500000,7099543.00000000,177514.39134000
1776700800000,0.02500000,0.02560000,0.02495000,0.02501000,22173386.00000000,559717.43461000
1776715200000,0.02503000,0.02531000,0.02488000,0.02499000,5196561.00000000,130565.99340000
1776729600000,0.02499000,0.02594000,0.02461000,0.02476000,26634888.00000000,668882.46607000
1776744000000,0.02477000,0.02496000,0.02463000,0.02476000,4482883.00000000,111089.05899000
1776758400000,0.02475000,0.02506000,0.02463000,0.02488000,6301223.00000000,156343.00456000
1776772800000,0.02488000,0.02494000,0.02457000,0.02479000,8353725.00000000,206939.06418000
1776787200000,0.02480000,0.02485000,0.02432000,0.02436000,11085365.00000000,272124.48594000
1776801600000,0.02436000,0.02470000,0.02434000,0.02469000,5595059.00000000,137119.84988000
1776816000000,0.02470000,0.02510000,0.02458000,0.02497000,5254036.00000000,130619.17828000
1776830400000,0.02497000,0.02540000,0.02497000,0.02533000,6655870.00000000,168043.93785000
1776844800000,0.02532000,0.02546000,0.02520000,0.02532000,5427553.00000000,137648.34070000
1776859200000,0.02533000,0.02546000,0.02511000,0.02535000,5821827.00000000,147117.41836000
1776873600000,0.02536000,0.02545000,0.02501000,0.02509000,3840944.00000000,97002.43489000
1776888000000,0.02509000,0.02513000,0.02466000,0.02467000,4871328.00000000,121576.32085000
1776902400000,0.02468000,0.02480000,0.02429000,0.02436000,5663099.00000000,139302.43190000
1776916800000,0.02435000,0.02464000,0.02428000,0.02459000,6126663.00000000,149975.31021000
1776931200000,0.02458000,0.02462000,0.02432000,0.02454000,4648882.00000000,113679.96704000
1776945600000,0.02455000,0.02487000,0.02446000,0.02477000,6669493.00000000,164156.37046000
1776960000000,0.02477000,0.02479000,0.02431000,0.02445000,7082839.00000000,173496.37554000
1776974400000,0.02445000,0.02472000,0.02445000,0.02467000,4186980.00000000,102927.12214000
1776988800000,0.02468000,0.02476000,0.02435000,0.02446000,4070717.00000000,100098.75807000
1777003200000,0.02447000,0.02459000,0.02439000,0.02448000,5971021.00000000,146158.22575000
1777017600000,0.02449000,0.02476000,0.02445000,0.02469000,6566322.00000000,161553.56869000
1777032000000,0.02469000,0.02489000,0.02452000,0.02485000,7930349.00000000,195689.40137000
1777046400000,0.02487000,0.02500000,0.02458000,0.02499000,7834373.00000000,193932.12492000
1777060800000,0.02499000,0.02521000,0.02471000,0.02479000,8186067.00000000,204375.72665000
1777075200000,0.02482000,0.02547000,0.02463000,0.02547000,10318842.00000000,258574.08914000
1777089600000,0.02545000,0.02563000,0.02516000,0.02527000,14232026.00000000,361170.24884000
1777104000000,0.02525000,0.02556000,0.02502000,0.02508000,13441438.00000000,340630.78474000
1777118400000,0.02508000,0.02524000,0.02490000,0.02494000,8925906.00000000,223536.51099000
1777132800000,0.02494000,0.02499000,0.02453000,0.02459000,7048043.00000000,174334.54189000
1777147200000,0.02460000,0.02473000,0.02453000,0.02471000,4186861.00000000,103187.91268000
1777161600000,0.02471000,0.02476000,0.02447000,0.02461000,5517322.00000000,135774.60740000
1777176000000,0.02458000,0.02506000,0.02457000,0.02498000,7629179.00000000,189453.35917000
1777190400000,0.02499000,0.02520000,0.02488000,0.02515000,5423979.00000000,135507.91408000
1777204800000,0.02515000,0.02519000,0.02487000,0.02508000,4690297.00000000,117318.37654000
1777219200000,0.02508000,0.02530000,0.02491000,0.02513000,6124003.00000000,153753.77018000
1777233600000,0.02514000,0.02520000,0.02492000,0.02505000,4169782.00000000,104630.01415000
1777248000000,0.02506000,0.02541000,0.02498000,0.02530000,5528132.00000000,139645.30296000
1777262400000,0.02528000,0.02531000,0.02447000,0.02452000,8462347.00000000,209466.65025000
1777276800000,0.02451000,0.02468000,0.02448000,0.02464000,4286970.00000000,105421.14184000
1777291200000,0.02464000,0.02484000,0.02424000,0.02438000,8075829.00000000,198369.57494000
1777305600000,0.02438000,0.02464000,0.02432000,0.02444000,3546367.00000000,86886.37027000
1777320000000,0.02445000,0.02473000,0.02437000,0.02470000,3323646.00000000,81510.39878000
1777334400000,0.02469000,0.02470000,0.02447000,0.02451000,2056994.00000000,50549.25365000
1777348800000,0.02452000,0.02470000,0.02434000,0.02444000,5258227.00000000,128905.81687000
1777363200000,0.02445000,0.02455000,0.02429000,0.02431000,5684867.00000000,138987.10719000
1777377600000,0.02436000,0.02453000,0.02424000,0.02444000,4626849.00000000,112876.02940000
1777392000000,0.02446000,0.02470000,0.02439000,0.02467000,2012323.00000000,49319.05803000
1777406400000,0.02468000,0.02479000,0.02460000,0.02467000,1788468.00000000,44164.59125000
1777420800000,0.02467000,0.02514000,0.02467000,0.02513000,3424758.00000000,85317.28377000
1777435200000,0.02516000,0.02534000,0.02507000,0.02510000,8010517.00000000,202185.45544000
1777449600000,0.02507000,0.02534000,0.02491000,0.02505000,4731360.00000000,118898.46607000
1777464000000,0.02505000,0.02506000,0.02442000,0.02449000,9633886.00000000,238152.79887000
1777478400000,0.02450000,0.02470000,0.02390000,0.02415000,11551394.00000000,280174.55735000
1777492800000,0.02417000,0.02443000,0.02411000,0.02433000,3149921.00000000,76500.69941000
1777507200000,0.02435000,0.02457000,0.02406000,0.02418000,5947882.00000000,144835.81828000
1777521600000,0.02419000,0.02430000,0.02389000,0.02428000,6227967.00000000,149816.85494000
1777536000000,0.02428000,0.02436000,0.02412000,0.02419000,3409176.00000000,82699.36015000
1777550400000,0.02419000,0.02434000,0.02404000,0.02418000,3728288.00000000,90063.75750000
1777564800000,0.02418000,0.02426000,0.02405000,0.02411000,4042489.00000000,97560.97139000
1777579200000,0.02410000,0.02416000,0.02401000,0.02411000,2688339.00000000,64728.76225000
1777593600000,0.02413000,0.02453000,0.02410000,0.02443000,4233722.00000000,102776.19593000
1777608000000,0.02443000,0.02450000,0.02420000,0.02422000,2862350.00000000,69618.97960000
1777622400000,0.02422000,0.02429000,0.02404000,0.02409000,2833877.00000000,68418.69323000
1777636800000,0.02408000,0.02443000,0.02407000,0.02424000,5902650.00000000,143167.50339000
1777651200000,0.02424000,0.02434000,0.02417000,0.02421000,4213967.00000000,102148.81024000
1777665600000,0.02422000,0.02424000,0.02405000,0.02415000,5370550.00000000,129730.98792000
1777680000000,0.02416000,0.02444000,0.02414000,0.02435000,4083632.00000000,99265.35635000
1777694400000,0.02434000,0.02435000,0.02420000,0.02428000,3657293.00000000,88819.11269000
1777708800000,0.02428000,0.02442000,0.02419000,0.02424000,3898256.00000000,94709.22719000
1777723200000,0.02423000,0.02460000,0.02420000,0.02456000,3821587.00000000,93128.84833000
1777737600000,0.02458000,0.02480000,0.02446000,0.02476000,5032999.00000000,124056.71678000
1777752000000,0.02478000,0.02511000,0.02477000,0.02484000,4541978.00000000,113239.86986000
1777766400000,0.02483000,0.02491000,0.02437000,0.02442000,3015860.00000000,74205.15666000
1777780800000,0.02441000,0.02453000,0.02433000,0.02445000,3345766.00000000,81753.19575000
1777795200000,0.02445000,0.02466000,0.02438000,0.02457000,4017067.00000000,98599.57456000
1777809600000,0.02458000,0.02474000,0.02451000,0.02458000,4989629.00000000,122801.36520000
1777824000000,0.02460000,0.02471000,0.02454000,0.02468000,2185717.00000000,53828.77156000
1777838400000,0.02468000,0.02478000,0.02452000,0.02454000,3326365.00000000,81969.85474000
1777852800000,0.02454000,0.02515000,0.02435000,0.02512000,5733437.00000000,142322.61621000
1777867200000,0.02514000,0.02523000,0.02484000,0.02489000,6269404.00000000,156836.53899000
1777881600000,0.02489000,0.02499000,0.02435000,0.02447000,10037791.00000000,247084.86232000
1777896000000,0.02445000,0.02478000,0.02436000,0.02454000,8607081.00000000,211231.61688000
1777910400000,0.02455000,0.02469000,0.02439000,0.02452000,5401298.00000000,132558.69907000
1777924800000,0.02453000,0.02465000,0.02439000,0.02447000,3977671.00000000,97528.70855000
1777939200000,0.02448000,0.02508000,0.02444000,0.02501000,7892856.00000000,196201.00941000
1777953600000,0.02501000,0.02513000,0.02484000,0.02505000,4700048.00000000,117411.92893000
1777968000000,0.02505000,0.02520000,0.02489000,0.02513000,4509137.00000000,113011.87846000
1777982400000,0.02512000,0.02528000,0.02492000,0.02502000,8926476.00000000,224268.43849000
1777996800000,0.02503000,0.02529000,0.02491000,0.02528000,6011099.00000000,150795.45328000
1778011200000,0.02529000,0.02582000,0.02529000,0.02579000,22029433.00000000,562969.69224000
1778025600000,0.02579000,0.02608000,0.02545000,0.02603000,9501427.00000000,245031.21680000
1778040000000,0.02605000,0.02644000,0.02570000,0.02629000,12281430.00000000,319680.78371000
1778054400000,0.02629000,0.02669000,0.02626000,0.02632000,9690617.00000000,256597.13047000
1778068800000,0.02631000,0.02660000,0.02569000,0.02629000,13603900.00000000,356369.47931000
1778083200000,0.02629000,0.02651000,0.02608000,0.02628000,7534913.00000000,198235.21671000
1778097600000,0.02628000,0.02669000,0.02616000,0.02653000,6436787.00000000,170010.74960000
1778112000000,0.02652000,0.02655000,0.02584000,0.02597000,6564715.00000000,171561.27693000
1778126400000,0.02598000,0.02669000,0.02595000,0.02662000,8681996.00000000,229529.87167000
1778140800000,0.02664000,0.02667000,0.02614000,0.02634000,12247686.00000000,323153.85182000
1778155200000,0.02634000,0.02665000,0.02571000,0.02584000,11781973.00000000,308050.56073000
1778169600000,0.02585000,0.02612000,0.02569000,0.02591000,7859413.00000000,203291.28052000
1778184000000,0.02592000,0.02610000,0.02559000,0.02600000,7362479.00000000,190175.14235000
1778198400000,0.02601000,0.02619000,0.02581000,0.02606000,5188511.00000000,135031.70615000
1778212800000,0.02605000,0.02645000,0.02602000,0.02644000,6692696.00000000,175786.91604000
1778227200000,0.02643000,0.02682000,0.02629000,0.02643000,12188592.00000000,323384.62017000
1778241600000,0.02643000,0.02700000,0.02611000,0.02698000,12591655.00000000,333479.28060000
1778256000000,0.02698000,0.02769000,0.02698000,0.02745000,14227561.00000000,388409.35519000
1778270400000,0.02745000,0.02801000,0.02738000,0.02756000,16162714.00000000,447520.82499000
1778284800000,0.02756000,0.02791000,0.02749000,0.02777000,11597750.00000000,320847.20001000
1778299200000,0.02776000,0.02779000,0.02736000,0.02740000,7409276.00000000,204096.92904000
1778313600000,0.02740000,0.02755000,0.02710000,0.02728000,6851600.00000000,187422.92092000
1778328000000,0.02728000,0.02733000,0.02683000,0.02685000,5995146.00000000,162213.90214000
1778342400000,0.02686000,0.02734000,0.02673000,0.02726000,11460971.00000000,311235.74724000
1778356800000,0.02727000,0.02729000,0.02706000,0.02716000,3430062.00000000,93275.53889000
1778371200000,0.02714000,0.02714000,0.02666000,0.02694000,5289290.00000000,142212.22482000
1778385600000,0.02694000,0.02778000,0.02691000,0.02743000,8936274.00000000,244480.86546000
1778400000000,0.02744000,0.02797000,0.02741000,0.02769000,10511379.00000000,291528.44844000
1778414400000,0.02771000,0.02841000,0.02755000,0.02818000,25386120.00000000,712575.07517000
1778428800000,0.02819000,0.03038000,0.02810000,0.02902000,64999405.00000000,1915682.01227000
1778443200000,0.02903000,0.02923000,0.02800000,0.02855000,19831917.00000000,565963.08256000
1778457600000,0.02855000,0.02866000,0.02745000,0.02772000,15292868.00000000,429510.67019000
1778472000000,0.02771000,0.02816000,0.02756000,0.02792000,9359119.00000000,261007.40386000
1778486400000,0.02792000,0.02854000,0.02788000,0.02828000,8480904.00000000,239477.67254000
1778500800000,0.02829000,0.02881000,0.02808000,0.02868000,15967464.00000000,453792.09855000
1778515200000,0.02868000,0.02912000,0.02859000,0.02872000,8904180.00000000,256856.10554000
1778529600000,0.02873000,0.02881000,0.02830000,0.02842000,6595113.00000000,187631.22870000
1778544000000,0.02842000,0.02883000,0.02792000,0.02881000,20341004.00000000,576507.04440000
1778558400000,0.02880000,0.02911000,0.02830000,0.02875000,12960169.00000000,372494.09071000
1778572800000,0.02876000,0.02893000,0.02828000,0.02834000,14479230.00000000,414105.16892000
1778587200000,0.02833000,0.02948000,0.02817000,0.02838000,46569452.00000000,1347624.64840000
1778601600000,0.02837000,0.02923000,0.02797000,0.02915000,23225377.00000000,661896.85356000
1778616000000,0.02916000,0.02987000,0.02885000,0.02893000,23530701.00000000,694828.78623000
1778630400000,0.02894000,0.02950000,0.02884000,0.02903000,13896603.00000000,404926.74155000
1778644800000,0.02901000,0.02917000,0.02856000,0.02870000,15329050.00000000,441867.46794000
1778659200000,0.02871000,0.02953000,0.02864000,0.02895000,15781589.00000000,460400.63710000
1778673600000,0.02897000,0.02930000,0.02726000,0.02733000,19957522.00000000,563256.62395000
1778688000000,0.02733000,0.02798000,0.02726000,0.02763000,9617337.00000000,265666.62867000
1778702400000,0.02764000,0.02787000,0.02728000,0.02745000,7872925.00000000,216401.33427000
1778716800000,0.02744000,0.02765000,0.02687000,0.02692000,12796385.00000000,350567.85540000
1778731200000,0.02693000,0.02770000,0.02683000,0.02766000,8267834.00000000,226466.08165000
1778745600000,0.02768000,0.02896000,0.02758000,0.02883000,29438609.00000000,836882.52993000
1778760000000,0.02882000,0.02950000,0.02868000,0.02893000,36407542.00000000,1057295.33271000
1778774400000,0.02892000,0.02894000,0.02813000,0.02823000,17086035.00000000,487549.30905000
1778788800000,0.02822000,0.02824000,0.02793000,0.02795000,6305094.00000000,177102.13792000
1778803200000,0.02796000,0.02818000,0.02765000,0.02793000,8977656.00000000,250687.56020000
1778817600000,0.02793000,0.02797000,0.02729000,0.02779000,11640343.00000000,322037.97960000
1778832000000,0.02779000,0.02818000,0.02761000,0.02796000,15887025.00000000,443500.01448000
1778846400000,0.02796000,0.02811000,0.02656000,0.02688000,17958690.00000000,486666.59153000
1778860800000,0.02687000,0.02726000,0.02679000,0.02684000,12264282.00000000,331079.68442000
1778875200000,0.02685000,0.02701000,0.02670000,0.02698000,5590239.00000000,150170.29340000
1778889600000,0.02699000,0.02723000,0.02675000,0.02678000,9285589.00000000,250312.85540000
1778904000000,0.02679000,0.02679000,0.02555000,0.02565000,12630617.00000000,329810.22040000
1778918400000,0.02564000,0.02586000,0.02527000,0.02569000,12173780.00000000,310848.39869000
1778932800000,0.02568000,0.02586000,0.02556000,0.02579000,5015725.00000000,128952.99685000
1778947200000,0.02578000,0.02597000,0.02573000,0.02581000,5391449.00000000,139358.47485000
1778961600000,0.02582000,0.02582000,0.02548000,0.02549000,3071214.00000000,78665.02333000
1778976000000,0.02550000,0.02554000,0.02514000,0.02544000,5945805.00000000,150725.07233000
1778990400000,0.02544000,0.02562000,0.02538000,0.02546000,5120618.00000000,130530.78239000
1779004800000,0.02546000,0.02549000,0.02530000,0.02532000,5781092.00000000,146863.68521000
1779019200000,0.02532000,0.02552000,0.02517000,0.02541000,9142008.00000000,231770.37731000
1779033600000,0.02542000,0.02563000,0.02512000,0.02556000,7980778.00000000,202740.09995000
1779048000000,0.02557000,0.02562000,0.02404000,0.02467000,15794467.00000000,392486.11926000
1779062400000,0.02467000,0.02484000,0.02436000,0.02462000,12071041.00000000,297264.75431000
1779076800000,0.02463000,0.02472000,0.02438000,0.02459000,10108622.00000000,248310.37733000
1779091200000,0.02459000,0.02529000,0.02447000,0.02503000,9587724.00000000,237202.96534000
1779105600000,0.02503000,0.02538000,0.02454000,0.02475000,13164734.00000000,328120.46394000
1779120000000,0.02475000,0.02520000,0.02445000,0.02517000,10385627.00000000,257082.34051000
1779134400000,0.02518000,0.02548000,0.02503000,0.02530000,7840643.00000000,198038.60183000
1779148800000,0.02530000,0.02542000,0.02511000,0.02513000,3906996.00000000,98681.13964000
1779163200000,0.02513000,0.02539000,0.02509000,0.02529000,2660301.00000000,67207.48239000
1779177600000,0.02529000,0.02529000,0.02475000,0.02475000,5203294.00000000,130124.97996000
1779192000000,0.02476000,0.02494000,0.02445000,0.02462000,8150522.00000000,201393.35912000
1779206400000,0.02461000,0.02487000,0.02459000,0.02470000,3899782.00000000,96372.81728000
1779220800000,0.02470000,0.02485000,0.02453000,0.02468000,2877230.00000000,71085.43916000
1779235200000,0.02467000,0.02478000,0.02450000,0.02468000,2220141.00000000,54733.11907000
1779249600000,0.02469000,0.02505000,0.02469000,0.02497000,2575453.00000000,64200.55848000
1779264000000,0.02497000,0.02504000,0.02474000,0.02475000,2209176.00000000,55015.22725000
1779278400000,0.02475000,0.02524000,0.02470000,0.02518000,8195550.00000000,204562.72381000
1779292800000,0.02519000,0.02532000,0.02508000,0.02523000,5258176.00000000,132454.91459000
1779307200000,0.02523000,0.02524000,0.02488000,0.02504000,4246662.00000000,106420.41257000
1779321600000,0.02506000,0.02579000,0.02503000,0.02579000,4190745.00000000,106844.89266000
1779336000000,0.02577000,0.02583000,0.02529000,0.02547000,5185670.00000000,132248.13445000
1779350400000,0.02547000,0.02571000,0.02495000,0.02501000,11273373.00000000,284943.00057000
1779364800000,0.02505000,0.02538000,0.02496000,0.02519000,7925306.00000000,199326.29565000
1779379200000,0.02520000,0.02562000,0.02508000,0.02547000,7120518.00000000,180699.04677000
1779393600000,0.02547000,0.02558000,0.02527000,0.02540000,4884650.00000000,124311.57357000
1779408000000,0.02538000,0.02579000,0.02516000,0.02576000,6449291.00000000,164171.83156000
1779422400000,0.02576000,0.02702000,0.02573000,0.02667000,30614806.00000000,808771.01416000
1779436800000,0.02670000,0.02782000,0.02629000,0.02757000,37555162.00000000,1014640.19347000
1779451200000,0.02757000,0.02760000,0.02638000,0.02655000,21921066.00000000,592135.76521000
1779465600000,0.02654000,0.02665000,0.02538000,0.02566000,14296106.00000000,372887.06592000
1779480000000,0.02567000,0.02617000,0.02556000,0.02589000,10187008.00000000,263638.78866000
1779494400000,0.02590000,0.02664000,0.02538000,0.02652000,11644344.00000000,302669.22213000
1779508800000,0.02654000,0.02700000,0.02526000,0.02546000,33271560.00000000,879551.60679000
1779523200000,0.02545000,0.02568000,0.02508000,0.02547000,14122888.00000000,358619.46697000
1779537600000,0.02546000,0.02696000,0.02512000,0.02696000,12810324.00000000,334736.15709000
1779552000000,0.02697000,0.02778000,0.02646000,0.02752000,21912243.00000000,593202.33881000
1779566400000,0.02752000,0.02757000,0.02664000,0.02678000,14206743.00000000,387307.90212000
1779580800000,0.02678000,0.02693000,0.02651000,0.02677000,8227660.00000000,219985.09095000
1779595200000,0.02678000,0.02694000,0.02650000,0.02653000,7004324.00000000,187146.32578000
1779609600000,0.02652000,0.02661000,0.02620000,0.02625000,5257710.00000000,138929.23946000
1779624000000,0.02625000,0.02632000,0.02568000,0.02612000,8085869.00000000,210492.23597000
1779638400000,0.02612000,0.02621000,0.02596000,0.02602000,8579894.00000000,224210.10364000
1779652800000,0.02604000,0.02605000,0.02531000,0.02584000,6593851.00000000,169614.81682000
1779667200000,0.02586000,0.02604000,0.02572000,0.02590000,3073809.00000000,79631.13536000
1779681600000,0.02591000,0.02661000,0.02589000,0.02633000,9151589.00000000,241407.80554000
1779696000000,0.02632000,0.02657000,0.02631000,0.02643000,3735791.00000000,98745.73519000
1779710400000,0.02643000,0.02707000,0.02635000,0.02697000,10590100.00000000,283364.75906000
1779724800000,0.02698000,0.02731000,0.02682000,0.02712000,9939437.00000000,268839.84557000
1779739200000,0.02712000,0.02859000,0.02712000,0.02767000,31153702.00000000,867007.26046000
1779753600000,0.02769000,0.02785000,0.02667000,0.02714000,20688363.00000000,560623.88204000
1779768000000,0.02714000,0.02926000,0.02706000,0.02822000,40265386.00000000,1132207.25987000
1779782400000,0.02823000,0.02950000,0.02809000,0.02912000,35848462.00000000,1031570.69321000
1779796800000,0.02912000,0.03007000,0.02852000,0.02900000,50984808.00000000,1492354.33036000
1779811200000,0.02900000,0.02908000,0.02780000,0.02812000,16316134.00000000,463083.61567000
1779825600000,0.02811000,0.02856000,0.02782000,0.02811000,13019376.00000000,367103.19382000
1779840000000,0.02812000,0.02841000,0.02747000,0.02779000,11640921.00000000,324425.09914000
1779854400000,0.02777000,0.02882000,0.02729000,0.02859000,14647976.00000000,413849.78693000
1779868800000,0.02857000,0.02904000,0.02793000,0.02800000,16150095.00000000,459906.33630000
1779883200000,0.02800000,0.02893000,0.02778000,0.02838000,13483855.00000000,382433.81387000
1779897600000,0.02838000,0.02850000,0.02757000,0.02795000,10590784.00000000,296469.57673000
1779912000000,0.02794000,0.02945000,0.02704000,0.02731000,21904818.00000000,617446.50723000
1779926400000,0.02731000,0.02739000,0.02631000,0.02638000,13482486.00000000,361971.60378000
1779940800000,0.02637000,0.02670000,0.02600000,0.02654000,11436416.00000000,300496.30511000
1779955200000,0.02653000,0.02660000,0.02584000,0.02598000,8454942.00000000,221541.05007000
1779969600000,0.02598000,0.02644000,0.02572000,0.02611000,10316882.00000000,268785.26336000
1779984000000,0.02609000,0.02682000,0.02579000,0.02631000,8691813.00000000,229480.75670000
1779998400000,0.02630000,0.02666000,0.02614000,0.02665000,7148312.00000000,188867.75732000
1780012800000,0.02665000,0.02755000,0.02631000,0.02638000,11305330.00000000,305359.36493000
1780027200000,0.02638000,0.02662000,0.02603000,0.02630000,8527698.00000000,224066.28419000
1780041600000,0.02629000,0.02670000,0.02570000,0.02589000,14582533.00000000,384656.35626000
1780056000000,0.02589000,0.02661000,0.02515000,0.02636000,20714842.00000000,535424.97860000
1780070400000,0.02636000,0.02659000,0.02590000,0.02606000,11410820.00000000,299912.69262000
1780084800000,0.02605000,0.02622000,0.02565000,0.02597000,6113730.00000000,158239.09773000
1780099200000,0.02597000,0.02662000,0.02573000,0.02617000,9215233.00000000,242094.90501000
1780113600000,0.02617000,0.02624000,0.02565000,0.02582000,5814915.00000000,150328.76322000
1780128000000,0.02581000,0.02593000,0.02564000,0.02569000,6979212.00000000,179729.59872000
1780142400000,0.02569000,0.02716000,0.02567000,0.02663000,16648704.00000000,440671.83818000
1780156800000,0.02663000,0.02685000,0.02618000,0.02629000,7295180.00000000,193181.43561000
1780171200000,0.02629000,0.02679000,0.02621000,0.02647000,8101721.00000000,214976.00016000
1780185600000,0.02648000,0.02657000,0.02614000,0.02628000,4564809.00000000,120388.99566000
1780200000000,0.02627000,0.02646000,0.02585000,0.02591000,5121010.00000000,134157.06729000
1780214400000,0.02593000,0.02605000,0.02569000,0.02589000,3433429.00000000,88803.08162000
1780228800000,0.02589000,0.02604000,0.02537000,0.02541000,7286438.00000000,186875.69342000
1780243200000,0.02541000,0.02563000,0.02536000,0.02560000,5196170.00000000,132430.03753000
1780257600000,0.02561000,0.02613000,0.02561000,0.02600000,2867307.00000000,74196.20604000
1780272000000,0.02600000,0.02696000,0.02579000,0.02659000,14147777.00000000,374153.02598000
1780286400000,0.02658000,0.02671000,0.02527000,0.02528000,8349249.00000000,217120.75580000
1780300800000,0.02530000,0.02543000,0.02511000,0.02521000,8824894.00000000,223073.39178000
1780315200000,0.02522000,0.02533000,0.02471000,0.02488000,13305228.00000000,332254.62485000
1780329600000,0.02490000,0.02582000,0.02469000,0.02563000,11908748.00000000,300822.07490000
1780344000000,0.02564000,0.02566000,0.02494000,0.02516000,12107169.00000000,305219.27717000
1780358400000,0.02516000,0.02520000,0.02418000,0.02515000,10802701.00000000,266706.41802000
1780372800000,0.02515000,0.02521000,0.02437000,0.02447000,10560987.00000000,261043.38000000
1780387200000,0.02446000,0.02473000,0.02420000,0.02462000,7993831.00000000,195262.58403000
1780401600000,0.02462000,0.02497000,0.02330000,0.02363000,18500972.00000000,446631.13715000
1780416000000,0.02362000,0.02400000,0.02289000,0.02336000,11332214.00000000,266152.47715000
1780430400000,0.02334000,0.02374000,0.02242000,0.02306000,15867979.00000000,366229.67118000
1780444800000,0.02307000,0.02344000,0.02262000,0.02271000,8277262.00000000,191565.75099000
1780459200000,0.02272000,0.02401000,0.02272000,0.02386000,11328306.00000000,268583.56387000
1780473600000,0.02386000,0.02445000,0.02362000,0.02398000,13633739.00000000,326889.59947000
1780488000000,0.02398000,0.02434000,0.02365000,0.02368000,12624019.00000000,303503.64963000
1780502400000,0.02368000,0.02371000,0.02300000,0.02308000,13539226.00000000,316332.48185000
1780516800000,0.02308000,0.02380000,0.02277000,0.02314000,10617418.00000000,246461.57285000
1780531200000,0.02313000,0.02328000,0.02115000,0.02254000,33998339.00000000,755481.87269000
1780545600000,0.02255000,0.02264000,0.02176000,0.02178000,10261657.00000000,228281.45657000
1780560000000,0.02178000,0.02199000,0.02126000,0.02174000,17252729.00000000,372303.04208000
1780574400000,0.02174000,0.02283000,0.02157000,0.02251000,11083493.00000000,247445.73401000
1780588800000,0.02251000,0.02251000,0.02196000,0.02202000,9194458.00000000,204455.41668000
1780603200000,0.02203000,0.02205000,0.02128000,0.02178000,13163551.00000000,284373.82644000
1780617600000,0.02177000,0.02188000,0.02100000,0.02105000,9395453.00000000,201352.42579000
1780632000000,0.02105000,0.02135000,0.01970000,0.02067000,25412726.00000000,523318.88711000
1780646400000,0.02067000,0.02088000,0.02021000,0.02025000,11529190.00000000,236463.93990000
1780660800000,0.02024000,0.02047000,0.01949000,0.01971000,18496373.00000000,368930.24367000
1780675200000,0.01970000,0.02035000,0.01917000,0.01975000,24444122.00000000,480612.89944000
1780689600000,0.01973000,0.02057000,0.01951000,0.02009000,11200116.00000000,225389.90998000
1780704000000,0.02009000,0.02026000,0.01953000,0.01959000,9258199.00000000,184284.69245000
1780718400000,0.01958000,0.01976000,0.01880000,0.01965000,18871989.00000000,362846.80091000
1780732800000,0.01966000,0.01993000,0.01923000,0.01958000,6781756.00000000,132945.19538000
1780747200000,0.01959000,0.01979000,0.01941000,0.01960000,6521658.00000000,128046.41931000
1780761600000,0.01959000,0.01973000,0.01939000,0.01952000,6326083.00000000,123840.28898000
1780776000000,0.01951000,0.01982000,0.01946000,0.01974000,3654637.00000000,71779.82753000
1780790400000,0.01975000,0.02018000,0.01957000,0.01995000,6628054.00000000,132114.63489000
1780804800000,0.01996000,0.02025000,0.01989000,0.02012000,6811432.00000000,137016.22121000
1780819200000,0.02012000,0.02102000,0.01989000,0.02007000,13741785.00000000,278687.52323000
1780833600000,0.02006000,0.02009000,0.01956000,0.02001000,8863342.00000000,175751.95779000
1780848000000,0.02001000,0.02013000,0.01942000,0.01953000,8281024.00000000,164097.46009000
1780862400000,0.01951000,0.02059000,0.01947000,0.02011000,9491823.00000000,189994.31801000
1780876800000,0.02011000,0.02033000,0.01983000,0.02007000,5016398.00000000,100534.60093000
1780891200000,0.02008000,0.02011000,0.01970000,0.02005000,3959871.00000000,79031.57045000
1780905600000,0.02005000,0.02036000,0.01971000,0.02024000,13299449.00000000,265790.63381000
1780920000000,0.02023000,0.02047000,0.02005000,0.02026000,9737593.00000000,197301.73683000
1780934400000,0.02026000,0.02042000,0.02010000,0.02022000,5254266.00000000,106539.94003000
1780948800000,0.02022000,0.02040000,0.01982000,0.01998000,4235067.00000000,85266.45628000
1780963200000,0.02000000,0.02000000,0.01956000,0.01974000,3012249.00000000,59365.27199000
1780977600000,0.01973000,0.02010000,0.01969000,0.01989000,4417163.00000000,88050.22686000
1780992000000,0.01990000,0.01995000,0.01973000,0.01993000,5712505.00000000,113486.81024000
1781006400000,0.01993000,0.02011000,0.01939000,0.01942000,7577072.00000000,149643.25534000
1781020800000,0.01941000,0.01991000,0.01904000,0.01986000,7965160.00000000,154827.80062000
1781035200000,0.01986000,0.02000000,0.01949000,0.01957000,9494697.00000000,186735.64720000
1781049600000,0.01957000,0.01966000,0.01916000,0.01924000,6483386.00000000,126194.25476000
1781064000000,0.01924000,0.01934000,0.01907000,0.01927000,4758577.00000000,91298.11694000
1781078400000,0.01927000,0.01930000,0.01878000,0.01885000,5661267.00000000,107848.23108000
1781092800000,0.01884000,0.01950000,0.01880000,0.01931000,5802959.00000000,111613.37094000
1781107200000,0.01931000,0.01944000,0.01883000,0.01887000,4416568.00000000,84189.09438000
1781121600000,0.01884000,0.01891000,0.01845000,0.01874000,9510910.00000000,177376.30005000
1781136000000,0.01873000,0.01931000,0.01873000,0.01926000,3646705.00000000,69131.34273000
1781150400000,0.01925000,0.01935000,0.01908000,0.01926000,7658853.00000000,146998.23544000
1781164800000,0.01927000,0.01941000,0.01913000,0.01935000,5357058.00000000,103409.55181000
1781179200000,0.01936000,0.01937000,0.01897000,0.01921000,6736484.00000000,129164.80772000
1781193600000,0.01925000,0.01979000,0.01906000,0.01966000,7637941.00000000,149277.52919000
1781208000000,0.01964000,0.01978000,0.01948000,0.01976000,4855922.00000000,95391.57701000
1781222400000,0.01976000,0.02004000,0.01968000,0.01991000,5431456.00000000,108064.29093000
1781236800000,0.01990000,0.02001000,0.01955000,0.01968000,6081631.00000000,120201.33833000
1781251200000,0.01968000,0.01995000,0.01967000,0.01975000,4244500.00000000,84185.55837000
1781265600000,0.01974000,0.01994000,0.01942000,0.01963000,5521227.00000000,108679.03042000
1781280000000,0.01964000,0.01989000,0.01957000,0.01987000,4358977.00000000,85955.42394000
1781294400000,0.01988000,0.02006000,0.01971000,0.01996000,6224269.00000000,123950.64288000
1781308800000,0.01997000,0.02008000,0.01969000,0.01972000,6744415.00000000,134394.48780000
1781323200000,0.01972000,0.02007000,0.01957000,0.01996000,6477890.00000000,128346.80968000
1781337600000,0.01996000,0.02010000,0.01987000,0.01998000,9530339.00000000,190337.09790000
1781352000000,0.01997000,0.02025000,0.01985000,0.02005000,18206586.00000000,364437.03816000
1781366400000,0.02005000,0.02006000,0.01978000,0.01988000,5215189.00000000,103700.55340000
1781380800000,0.01987000,0.02009000,0.01983000,0.02001000,4881592.00000000,97464.50023000
1781395200000,0.02000000,0.02012000,0.01991000,0.02003000,4390266.00000000,87894.72221000
1781409600000,0.02004000,0.02004000,0.01972000,0.01988000,3508588.00000000,69665.15344000
1781424000000,0.01988000,0.01996000,0.01979000,0.01993000,2514993.00000000,50039.57549000
1781438400000,0.01996000,0.02015000,0.01946000,0.01962000,11688462.00000000,231031.10784000
1781452800000,0.01965000,0.01970000,0.01942000,0.01949000,3956859.00000000,77384.32292000
1781467200000,0.01948000,0.02028000,0.01944000,0.02014000,7859916.00000000,157292.53637000
1781481600000,0.02015000,0.02070000,0.01998000,0.02069000,9122881.00000000,185364.03243000
1781496000000,0.02069000,0.02118000,0.02054000,0.02085000,13118301.00000000,273364.00102000
1781510400000,0.02086000,0.02152000,0.02059000,0.02117000,15212376.00000000,319568.20141000
1781524800000,0.02117000,0.02128000,0.02065000,0.02096000,13473925.00000000,283286.78428000
1781539200000,0.02094000,0.02101000,0.02031000,0.02044000,9704979.00000000,201113.80919000
1781553600000,0.02043000,0.02067000,0.02014000,0.02035000,9504004.00000000,193861.01148000
1781568000000,0.02036000,0.02046000,0.01999000,0.02038000,7834361.00000000,158736.64733000
1781582400000,0.02039000,0.02042000,0.02017000,0.02027000,4883266.00000000,99080.25477000
1781596800000,0.02028000,0.02056000,0.01999000,0.02005000,9680876.00000000,196093.07900000
1781611200000,0.02006000,0.02026000,0.01958000,0.01978000,12921482.00000000,257396.59054000
1781625600000,0.01978000,0.02014000,0.01968000,0.01983000,4460532.00000000,88625.89939000
1781640000000,0.01982000,0.02004000,0.01978000,0.01995000,2323748.00000000,46315.66660000
1781654400000,0.01996000,0.02060000,0.01992000,0.02011000,9737208.00000000,196885.59239000
1781668800000,0.02011000,0.02029000,0.01986000,0.01999000,8177991.00000000,164550.91443000
1781683200000,0.01998000,0.02000000,0.01964000,0.01975000,5626269.00000000,111736.27480000
1781697600000,0.01976000,0.02017000,0.01967000,0.02016000,9137643.00000000,182368.01828000
1781712000000,0.02017000,0.02031000,0.01928000,0.01939000,11937128.00000000,236776.46890000
1781726400000,0.01939000,0.01959000,0.01922000,0.01951000,4663862.00000000,90787.35998000
1781740800000,0.01952000,0.01963000,0.01930000,0.01933000,3088907.00000000,60125.39828000
1781755200000,0.01933000,0.01941000,0.01897000,0.01937000,6488499.00000000,124449.03782000
1781769600000,0.01937000,0.01943000,0.01919000,0.01926000,2756730.00000000,53258.20942000
1781784000000,0.01924000,0.01948000,0.01856000,0.01861000,6404976.00000000,122460.81438000
1781798400000,0.01862000,0.01931000,0.01857000,0.01928000,6836245.00000000,129443.80727000
1781812800000,0.01929000,0.01957000,0.01920000,0.01957000,3456319.00000000,67015.22463000
1781827200000,0.01957000,0.02011000,0.01949000,0.01983000,10024009.00000000,198922.56335000
1781841600000,0.01982000,0.01985000,0.01925000,0.01931000,7752788.00000000,151480.63791000
1781856000000,0.01930000,0.01943000,0.01908000,0.01934000,5678971.00000000,109354.30011000
1781870400000,0.01935000,0.02000000,0.01923000,0.01971000,7463419.00000000,146988.32517000
1781884800000,0.01972000,0.01988000,0.01940000,0.01941000,4290208.00000000,84336.63139000
1781899200000,0.01941000,0.01950000,0.01918000,0.01943000,5656166.00000000,109493.11707000
1781913600000,0.01943000,0.01954000,0.01906000,0.01929000,4139008.00000000,79630.64615000
1781928000000,0.01928000,0.01949000,0.01926000,0.01940000,4034839.00000000,78248.09283000
1781942400000,0.01936000,0.01975000,0.01934000,0.01966000,6996321.00000000,137113.95819000
1781956800000,0.01964000,0.01981000,0.01926000,0.01959000,4811643.00000000,94107.34405000
1781971200000,0.01960000,0.01962000,0.01935000,0.01955000,3276105.00000000,63874.32954000
1781985600000,0.01956000,0.01991000,0.01954000,0.01985000,2316631.00000000,45783.59280000
1782000000000,0.01988000,0.02010000,0.01983000,0.01990000,4703680.00000000,93973.17894000
1782014400000,0.01989000,0.02019000,0.01981000,0.01998000,7790740.00000000,155858.00657000
1782028800000,0.01998000,0.02069000,0.01984000,0.02007000,16034509.00000000,324888.41626000
1782043200000,0.02009000,0.02021000,0.01990000,0.02003000,5685009.00000000,113913.31700000
1782057600000,0.02003000,0.02021000,0.01977000,0.01996000,4927554.00000000,98359.21749000
1782072000000,0.01995000,0.02001000,0.01945000,0.01946000,5192267.00000000,102239.34229000
1782086400000,0.01948000,0.01998000,0.01947000,0.01973000,3457667.00000000,68445.89561000
1782100800000,0.01973000,0.02016000,0.01969000,0.01986000,4672842.00000000,93072.70551000
1782115200000,0.01986000,0.02003000,0.01969000,0.02001000,4222373.00000000,83796.71935000
1782129600000,0.02001000,0.02015000,0.01971000,0.01975000,6964080.00000000,139061.46029000
1782144000000,0.01974000,0.01979000,0.01948000,0.01954000,5281911.00000000,103777.97112000
1782158400000,0.01952000,0.01973000,0.01926000,0.01945000,7563355.00000000,147379.80793000
1782172800000,0.01943000,0.01946000,0.01920000,0.01943000,2374419.00000000,45910.23842000
1782187200000,0.01947000,0.01950000,0.01883000,0.01895000,6368654.00000000,121423.97107000
1782201600000,0.01892000,0.01908000,0.01848000,0.01904000,6001534.00000000,112750.54391000
1782216000000,0.01904000,0.01928000,0.01884000,0.01894000,4907880.00000000,93687.83167000
1782230400000,0.01893000,0.01908000,0.01876000,0.01892000,3548010.00000000,67102.04731000
1782244800000,0.01892000,0.01915000,0.01892000,0.01902000,1534364.00000000,29158.95140000
1782259200000,0.01902000,0.01911000,0.01893000,0.01899000,3364976.00000000,63995.43230000
1782273600000,0.01899000,0.01913000,0.01884000,0.01895000,2986045.00000000,56739.86427000
1782288000000,0.01896000,0.01898000,0.01859000,0.01888000,8063739.00000000,150916.08627000
1782302400000,0.01887000,0.01892000,0.01813000,0.01818000,12186585.00000000,224590.71448000
1782316800000,0.01818000,0.01836000,0.01753000,0.01814000,15286845.00000000,273783.79227000
1782331200000,0.01814000,0.01861000,0.01809000,0.01845000,4591380.00000000,84582.66075000
1782345600000,0.01846000,0.01859000,0.01836000,0.01840000,4087320.00000000,75431.93889000
1782360000000,0.01840000,0.01876000,0.01835000,0.01866000,4156589.00000000,77302.00400000
1782374400000,0.01866000,0.01867000,0.01832000,0.01839000,9049124.00000000,166768.00290000
1782388800000,0.01840000,0.01853000,0.01711000,0.01781000,14909741.00000000,265054.31745000
1782403200000,0.01779000,0.01799000,0.01764000,0.01772000,5693105.00000000,101455.86247000
1782417600000,0.01773000,0.01807000,0.01773000,0.01800000,3304773.00000000,59227.57268000
1782432000000,0.01808000,0.01811000,0.01734000,0.01787000,7932546.00000000,140517.74044000
1782446400000,0.01787000,0.01814000,0.01765000,0.01803000,3888942.00000000,69654.23938000
1782460800000,0.01804000,0.01806000,0.01750000,0.01755000,6063963.00000000,107884.85385000
1782475200000,0.01754000,0.01816000,0.01731000,0.01800000,8784117.00000000,155790.07355000
1782489600000,0.01802000,0.01836000,0.01789000,0.01810000,11522846.00000000,209353.44229000
1782504000000,0.01812000,0.01832000,0.01791000,0.01801000,3893885.00000000,70459.89419000
1782518400000,0.01801000,0.01815000,0.01789000,0.01795000,4722996.00000000,85081.55647000
1782532800000,0.01793000,0.01804000,0.01784000,0.01798000,2464530.00000000,44214.04919000
1782547200000,0.01797000,0.01815000,0.01788000,0.01806000,4161528.00000000,74944.96567000
1782561600000,0.01807000,0.01837000,0.01802000,0.01834000,2758983.00000000,50273.66681000
1782576000000,0.01834000,0.01837000,0.01771000,0.01779000,4284868.00000000,77349.93969000
1782590400000,0.01780000,0.01790000,0.01761000,0.01768000,4144709.00000000,73639.75120000
1782604800000,0.01768000,0.01777000,0.01754000,0.01765000,5013605.00000000,88492.78150000
1782619200000,0.01766000,0.01775000,0.01750000,0.01760000,4029468.00000000,71021.72513000
1782633600000,0.01761000,0.01783000,0.01755000,0.01774000,6220486.00000000,109986.99634000
1782648000000,0.01774000,0.01800000,0.01766000,0.01800000,7828962.00000000,139305.86904000
1782662400000,0.01801000,0.01802000,0.01747000,0.01758000,6002644.00000000,106113.31403000
1782676800000,0.01756000,0.01773000,0.01737000,0.01762000,6057257.00000000,106356.93439000
1782691200000,0.01761000,0.01796000,0.01741000,0.01790000,5201405.00000000,91899.50977000
1782705600000,0.01791000,0.01804000,0.01763000,0.01782000,9997156.00000000,178634.06039000
1782720000000,0.01784000,0.01879000,0.01775000,0.01824000,19186342.00000000,347450.96820000
1782734400000,0.01826000,0.01856000,0.01787000,0.01814000,12601955.00000000,229099.19015000
1782748800000,0.01812000,0.01852000,0.01809000,0.01812000,10624671.00000000,193997.27417000
1782763200000,0.01812000,0.01813000,0.01783000,0.01790000,5637863.00000000,101325.81039000
1782777600000,0.01791000,0.01818000,0.01770000,0.01795000,5226600.00000000,93451.46436000
1782792000000,0.01795000,0.01826000,0.01788000,0.01793000,12681089.00000000,229390.23185000
1782806400000,0.01793000,0.01793000,0.01766000,0.01769000,5609278.00000000,99878.20539000
1782820800000,0.01769000,0.01776000,0.01736000,0.01745000,10774811.00000000,189015.89194000
1782835200000,0.01746000,0.01776000,0.01742000,0.01757000,6078771.00000000,107069.77666000
1782849600000,0.01756000,0.01771000,0.01731000,0.01769000,20186056.00000000,353859.33550000
1782864000000,0.01770000,0.01810000,0.01738000,0.01797000,24896066.00000000,443583.92441000
1782878400000,0.01798000,0.01803000,0.01753000,0.01761000,5969237.00000000,105886.88578000
1782892800000,0.01761000,0.01781000,0.01752000,0.01754000,7093463.00000000,125044.38264000
1782907200000,0.01755000,0.01795000,0.01725000,0.01779000,6562871.00000000,115711.98397000
1782921600000,0.01778000,0.01784000,0.01760000,0.01762000,2979139.00000000,52832.58194000
1782936000000,0.01763000,0.01804000,0.01758000,0.01775000,3530327.00000000,62881.82671000
1782950400000,0.01776000,0.01793000,0.01761000,0.01793000,6777966.00000000,120207.64887000
1782964800000,0.01793000,0.01797000,0.01771000,0.01789000,3256699.00000000,58111.96890000
1782979200000,0.01790000,0.01831000,0.01785000,0.01823000,6243455.00000000,113481.56129000
1782993600000,0.01823000,0.01847000,0.01814000,0.01817000,7541608.00000000,137891.91656000
1783008000000,0.01818000,0.01821000,0.01801000,0.01807000,2713417.00000000,49200.61719000
1783022400000,0.01807000,0.01820000,0.01801000,0.01813000,2254903.00000000,40775.34933000
1783036800000,0.01815000,0.01900000,0.01807000,0.01887000,6805388.00000000,126134.56285000
1783051200000,0.01888000,0.01891000,0.01846000,0.01857000,7711184.00000000,143961.82562000
1783065600000,0.01855000,0.01887000,0.01851000,0.01871000,6684337.00000000,124856.31731000
1783080000000,0.01871000,0.01883000,0.01857000,0.01868000,4251492.00000000,79468.08075000
1783094400000,0.01868000,0.01887000,0.01862000,0.01879000,4925136.00000000,92304.04879000
1783108800000,0.01879000,0.01947000,0.01877000,0.01934000,12372817.00000000,237051.69307000
1783123200000,0.01933000,0.01939000,0.01889000,0.01890000,7253095.00000000,138679.42331000
1783137600000,0.01891000,0.01912000,0.01889000,0.01898000,4262020.00000000,80963.59997000
1783152000000,0.01896000,0.01911000,0.01881000,0.01897000,7843070.00000000,148564.52412000
1783166400000,0.01897000,0.01915000,0.01889000,0.01902000,6887824.00000000,130839.50573000
1783180800000,0.01903000,0.01923000,0.01899000,0.01902000,4664539.00000000,89070.13709000
1783195200000,0.01902000,0.01910000,0.01875000,0.01882000,3744190.00000000,70914.13040000
1783209600000,0.01883000,0.01891000,0.01852000,0.01854000,6435157.00000000,120194.54070000
1783224000000,0.01853000,0.01864000,0.01848000,0.01856000,2760980.00000000,51224.88629000
1783238400000,0.01856000,0.01856000,0.01828000,0.01837000,4724929.00000000,86872.65780000
1783252800000,0.01834000,0.01862000,0.01829000,0.01854000,2598336.00000000,48047.16357000
1783267200000,0.01854000,0.01855000,0.01838000,0.01841000,3515344.00000000,64911.68673000
1783281600000,0.01841000,0.01876000,0.01838000,0.01867000,3121892.00000000,57948.08691000
1783296000000,0.01869000,0.01901000,0.01849000,0.01883000,8117986.00000000,151960.68469000
1783310400000,0.01883000,0.01904000,0.01822000,0.01843000,8367531.00000000,155040.62745000
1783324800000,0.01842000,0.01850000,0.01835000,0.01835000,3212785.00000000,59197.33780000
1783339200000,0.01834000,0.01866000,0.01797000,0.01864000,6201312.00000000,112912.31207000
1783353600000,0.01860000,0.01908000,0.01820000,0.01855000,9022017.00000000,169050.05354000
1783368000000,0.01856000,0.01876000,0.01836000,0.01840000,3514808.00000000,65113.73649000
1783382400000,0.01841000,0.01844000,0.01803000,0.01804000,8701874.00000000,158979.61619000
1783396800000,0.01805000,0.01815000,0.01796000,0.01799000,7425908.00000000,134098.54950000
1783411200000,0.01799000,0.01844000,0.01793000,0.01813000,14370034.00000000,259573.58095000
1783425600000,0.01813000,0.01824000,0.01782000,0.01817000,5892528.00000000,106656.14202000
1783440000000,0.01818000,0.01822000,0.01780000,0.01791000,6617974.00000000,119498.11471000
1783454400000,0.01790000,0.01797000,0.01766000,0.01782000,4927232.00000000,87793.92341000
1783468800000,0.01783000,0.01796000,0.01744000,0.01779000,6698856.00000000,118365.92887000
1783483200000,0.01778000,0.01782000,0.01766000,0.01771000,3102653.00000000,55015.37794000
1783497600000,0.01770000,0.01773000,0.01741000,0.01758000,8936483.00000000,156544.80555000
1783512000000,0.01758000,0.01762000,0.01731000,0.01732000,7920714.00000000,138441.43224000
1783526400000,0.01733000,0.01761000,0.01730000,0.01743000,7391319.00000000,129228.94727000
1783540800000,0.01742000,0.01761000,0.01733000,0.01753000,3131122.00000000,54671.14610000
1783555200000,0.01754000,0.01775000,0.01731000,0.01739000,3229021.00000000,56592.79666000
1783569600000,0.01740000,0.01771000,0.01738000,0.01762000,2768105.00000000,48671.04258000
1783584000000,0.01763000,0.01763000,0.01749000,0.01757000,2344147.00000000,41129.67032000
1783598400000,0.01756000,0.01766000,0.01745000,0.01752000,3364081.00000000,59031.82387000
1783612800000,0.01752000,0.01769000,0.01743000,0.01756000,3064715.00000000,53802.78748000
1783627200000,0.01756000,0.01759000,0.01740000,0.01743000,2248545.00000000,39311.42397000
1783641600000,0.01743000,0.01772000,0.01733000,0.01768000,5257094.00000000,92422.54896000
1783656000000,0.01768000,0.01782000,0.01763000,0.01767000,3565486.00000000,63119.09753000
1783670400000,0.01767000,0.01809000,0.01765000,0.01794000,5138034.00000000,91718.11764000
1783684800000,0.01794000,0.01805000,0.01760000,0.01776000,5345610.00000000,95190.26565000
1783699200000,0.01776000,0.01783000,0.01761000,0.01765000,2695079.00000000,47722.12060000
1783713600000,0.01765000,0.01773000,0.01761000,0.01763000,2495980.00000000,44090.47395000
1783728000000,0.01765000,0.01782000,0.01754000,0.01776000,3301699.00000000,58253.72599000
1783742400000,0.01775000,0.01778000,0.01760000,0.01764000,3533263.00000000,62484.50442000
1783756800000,0.01764000,0.01792000,0.01764000,0.01787000,2956738.00000000,52545.51444000
1783771200000,0.01788000,0.01818000,0.01787000,0.01791000,9541055.00000000,172086.44236000
1783785600000,0.01792000,0.01812000,0.01788000,0.01800000,4650184.00000000,83792.43102000
1783800000000,0.01801000,0.01803000,0.01750000,0.01753000,5136697.00000000,91336.13933000
1783814400000,0.01752000,0.01776000,0.01746000,0.01774000,3013549.00000000,53017.18133000
1783828800000,0.01775000,0.01777000,0.01748000,0.01750000,1915193.00000000,33687.75410000
1783843200000,0.01750000,0.01762000,0.01746000,0.01761000,2856438.00000000,50109.66068000
1783857600000,0.01762000,0.01769000,0.01753000,0.01763000,2146062.00000000,37825.53138000
1783872000000,0.01763000,0.01765000,0.01752000,0.01759000,1899349.00000000,33401.06709000
1783886400000,0.01759000,0.01762000,0.01738000,0.01745000,2450512.00000000,42799.83007000
1783900800000,0.01744000,0.01773000,0.01700000,0.01713000,7386467.00000000,127433.07985000
1783915200000,0.01713000,0.01736000,0.01709000,0.01734000,3043623.00000000,52556.12029000
1783929600000,0.01736000,0.01737000,0.01723000,0.01725000,5182073.00000000,89619.23050000
1783944000000,0.01725000,0.01733000,0.01714000,0.01719000,6814131.00000000,117369.91110000
1783958400000,0.01719000,0.01723000,0.01702000,0.01713000,6017401.00000000,102950.31166000
1783972800000,0.01714000,0.01724000,0.01694000,0.01723000,9370226.00000000,159862.11328000
1783987200000,0.01724000,0.01743000,0.01717000,0.01726000,3286991.00000000,56811.67919000
1784001600000,0.01727000,0.01784000,0.01726000,0.01741000,9242216.00000000,162529.57660000
1784016000000,0.01741000,0.01744000,0.01731000,0.01743000,2361041.00000000,41038.02726000
1784030400000,0.01744000,0.01780000,0.01732000,0.01768000,7249145.00000000,127594.34160000
1784044800000,0.01770000,0.01772000,0.01756000,0.01762000,2605156.00000000,45953.90122000
1784059200000,0.01762000,0.01771000,0.01755000,0.01763000,1954539.00000000,34415.00482000
1784073600000,0.01765000,0.01794000,0.01763000,0.01792000,2689530.00000000,47718.02122000
1784088000000,0.01792000,0.01796000,0.01766000,0.01770000,3444144.00000000,61307.90295000
1784102400000,0.01771000,0.01784000,0.01766000,0.01771000,2058256.00000000,36486.97479000
1784116800000,0.01773000,0.01798000,0.01770000,0.01779000,5839789.00000000,104138.71050000
1784131200000,0.01780000,0.01790000,0.01765000,0.01769000,5201224.00000000,92430.01697000
1784145600000,0.01770000,0.01784000,0.01768000,0.01771000,1909903.00000000,33918.74321000
1784160000000,0.01772000,0.01787000,0.01768000,0.01777000,1890449.00000000,33627.92232000
1784174400000,0.01776000,0.01788000,0.01757000,0.01758000,10509196.00000000,186163.77125000
1784188800000,0.01757000,0.01760000,0.01719000,0.01743000,13487382.00000000,233696.47703000
1784203200000,0.01743000,0.01758000,0.01735000,0.01751000,3873713.00000000,67664.75280000
1784217600000,0.01750000,0.01752000,0.01732000,0.01735000,2532245.00000000,44081.30800000
1784232000000,0.01734000,0.01743000,0.01715000,0.01720000,2623422.00000000,45387.64692000
1784246400000,0.01720000,0.01728000,0.01707000,0.01723000,3438184.00000000,59105.46673000
1784260800000,0.01723000,0.01727000,0.01704000,0.01704000,4752409.00000000,81538.19523000
1784275200000,0.01704000,0.01726000,0.01702000,0.01719000,3044822.00000000,52246.95087000
1784289600000,0.01719000,0.01720000,0.01690000,0.01720000,6370347.00000000,108656.36677000
1784304000000,0.01720000,0.01740000,0.01717000,0.01724000,2859109.00000000,49393.90918000
1784318400000,0.01724000,0.01724000,0.01701000,0.01711000,8136900.00000000,139291.12678000
1784332800000,0.01711000,0.01714000,0.01703000,0.01708000,3717933.00000000,63520.53985000
1784347200000,0.01708000,0.01709000,0.01689000,0.01693000,4605311.00000000,78236.42612000
1784361600000,0.01694000,0.01698000,0.01680000,0.01692000,3036950.00000000,51298.70082000
1784376000000,0.01692000,0.01700000,0.01683000,0.01690000,3062478.00000000,51807.99370000
1784390400000,0.01691000,0.01712000,0.01688000,0.01697000,4769617.00000000,81036.12339000
1784404800000,0.01698000,0.01701000,0.01693000,0.01696000,1316426.00000000,22345.82352000
1784419200000,0.01696000,0.01701000,0.01683000,0.01683000,1522976.00000000,25773.47366000
1784433600000,0.01684000,0.01689000,0.01675000,0.01680000,2104013.00000000,35406.23235000
1784448000000,0.01680000,0.01685000,0.01654000,0.01658000,6315672.00000000,105222.32026000
1784462400000,0.01659000,0.01665000,0.01643000,0.01654000,7473942.00000000,123689.36471000
1784476800000,0.01656000,0.01656000,0.01627000,0.01639000,6896473.00000000,112991.85245000
1784491200000,0.01640000,0.01651000,0.01635000,0.01646000,2867093.00000000,47102.69034000
1784505600000,0.01646000,0.01659000,0.01630000,0.01636000,10502966.00000000,172478.26857000
1784520000000,0.01636000,0.01636000,0.01611000,0.01630000,13958437.00000000,226692.01452000
1784534400000,0.01630000,0.01662000,0.01617000,0.01661000,15441038.00000000,252847.11192000
1784548800000,0.01661000,0.01684000,0.01638000,0.01680000,7548555.00000000,125330.08795000
1784563200000,0.01682000,0.01684000,0.01667000,0.01669000,4626133.00000000,77489.78607000
1784577600000,0.01669000,0.01673000,0.01656000,0.01663000,4313063.00000000,71884.13927000
1784592000000,0.01664000,0.01683000,0.01654000,0.01674000,3818682.00000000,63717.05839000
1784606400000,0.01675000,0.01697000,0.01663000,0.01680000,5870832.00000000,98638.92700000
1784620800000,0.01680000,0.01687000,0.01675000,0.01678000,5553522.00000000,93384.36353000
1784635200000,0.01680000,0.01693000,0.01677000,0.01687000,4885454.00000000,82229.18017000
1784649600000,0.01687000,0.01687000,0.01666000,0.01677000,2778145.00000000,46585.61333000
1784664000000,0.01677000,0.01679000,0.01670000,0.01678000,1929570.00000000,32318.36720000
1784678400000,0.01678000,0.01683000,0.01659000,0.01659000,2286943.00000000,38263.64114000
1784692800000,0.01660000,0.01670000,0.01633000,0.01637000,7759886.00000000,127875.45871000
1784707200000,0.01638000,0.01650000,0.01637000,0.01644000,4274127.00000000,70160.75700000
1784721600000,0.01644000,0.01662000,0.01636000,0.01652000,7518416.00000000,124037.15110000
1784736000000,0.01652000,0.01656000,0.01635000,0.01646000,3787774.00000000,62332.60130000
1784750400000,0.01647000,0.01655000,0.01639000,0.01655000,2610504.00000000,42976.67584000
1784764800000,0.01654000,0.01660000,0.01631000,0.01633000,2453340.00000000,40388.60644000
1784779200000,0.01633000,0.01657000,0.01630000,0.01641000,4736086.00000000,77952.24956000
1784793600000,0.01641000,0.01649000,0.01637000,0.01640000,2355647.00000000,38716.34818000
1784808000000,0.01640000,0.01641000,0.01604000,0.01613000,7083883.00000000,114767.03711000
1784822400000,0.01613000,0.01617000,0.01577000,0.01587000,11503382.00000000,183480.29362000
1784836800000,0.01587000,0.01596000,0.01575000,0.01585000,3258855.00000000,51753.21379000
1784851200000,0.01586000,0.01609000,0.01573000,0.01608000,2861875.00000000,45598.63871000
1784865600000,0.01608000,0.01619000,0.01598000,0.01609000,5065193.00000000,81401.82146000
1784880000000,0.01608000,0.01627000,0.01596000,0.01601000,4739895.00000000,76434.03425000
1784894400000,0.01600000,0.01607000,0.01574000,0.01584000,5482022.00000000,87026.90771000
1784908800000,0.01583000,0.01596000,0.01571000,0.01586000,4001795.00000000,63397.70215000
1784923200000,0.01587000,0.01596000,0.01575000,0.01581000,5041038.00000000,79965.49494000
1784937600000,0.01578000,0.01591000,0.01573000,0.01575000,2389456.00000000,37741.41620000
1784952000000,0.01576000,0.01578000,0.01561000,0.01562000,2586025.00000000,40611.93278000
1784966400000,0.01561000,0.01576000,0.01557000,0.01573000,2924176.00000000,45844.64489000
1784980800000,0.01573000,0.01613000,0.01572000,0.01608000,3590463.00000000,57386.85489000
1784995200000,0.01610000,0.01643000,0.01608000,0.01625000,7651718.00000000,124618.96097000
1785009600000,0.01626000,0.01632000,0.01618000,0.01622000,3388458.00000000,55049.25590000
1785024000000,0.01623000,0.01628000,0.01614000,0.01620000,3371748.00000000,54632.28642000
1785038400000,0.01620000,0.01637000,0.01616000,0.01627000,3707199.00000000,60200.52104000
1785052800000,0.01627000,0.01628000,0.01598000,0.01599000,6254723.00000000,101031.75617000
1785067200000,0.01599000,0.01608000,0.01596000,0.01603000,2834995.00000000,45406.47271000
1785081600000,0.01603000,0.01609000,0.01595000,0.01596000,2558101.00000000,40975.81874000
1785096000000,0.01597000,0.01617000,0.01593000,0.01612000,2703616.00000000,43408.09792000
1785110400000,0.01612000,0.01620000,0.01595000,0.01616000,4424083.00000000,71108.90048000
1785124800000,0.01616000,0.01629000,0.01594000,0.01596000,6003715.00000000,96633.66836000
1785139200000,0.01597000,0.01604000,0.01587000,0.01598000,5565680.00000000,88777.40654000
1785153600000,0.01598000,0.01610000,0.01543000,0.01550000,11197957.00000000,176516.13047000
1785168000000,0.01550000,0.01578000,0.01546000,0.01570000,6423978.00000000,100398.39341000
1785182400000,0.01570000,0.01582000,0.01515000,0.01529000,6505319.00000000,100439.89563000
1785196800000,0.01530000,0.01530000,0.01489000,0.01518000,10891427.00000000,164330.30183000
1785211200000,0.01519000,0.01520000,0.01505000,0.01509000,2421662.00000000,36614.48627000
1785225600000,0.01510000,0.01516000,0.01498000,0.01510000,4443898.00000000,67016.37739000
1785240000000,0.01509000,0.01525000,0.01481000,0.01523000,6356213.00000000,95575.75793000
1785254400000,0.01522000,0.01524000,0.01494000,0.01506000,6251804.00000000,94395.15061000
1785268800000,0.01507000,0.01526000,0.01504000,0.01526000,2928138.00000000,44325.82428000
1785283200000,0.01527000,0.01544000,0.01477000,0.01479000,6135308.00000000,92446.87788000
1785297600000,0.01477000,0.01490000,0.01459000,0.01489000,6730338.00000000,99123.58363000
1785312000000,0.01491000,0.01493000,0.01481000,0.01488000,3105808.00000000,46162.79666000
1785326400000,0.01487000,0.01491000,0.01474000,0.01475000,5728251.00000000,84910.90998000
1785340800000,0.01473000,0.01511000,0.01471000,0.01478000,7565048.00000000,112542.36166000
1785355200000,0.01480000,0.01498000,0.01462000,0.01492000,6042942.00000000,89497.84685000
1785369600000,0.01492000,0.01512000,0.01487000,0.01500000,2218812.00000000,33303.84973000
1785384000000,0.01499000,0.01503000,0.01481000,0.01484000,4975671.00000000,74163.03572000
1785398400000,0.01484000,0.01493000,0.01479000,0.01491000,2729414.00000000,40518.90326000
1785412800000,0.01491000,0.01500000,0.01481000,0.01490000,9370700.00000000,139627.73251000
1785427200000,0.01489000,0.01494000,0.01471000,0.01484000,3954007.00000000,58568.70134000
1785441600000,0.01485000,0.01503000,0.01485000,0.01497000,3716074.00000000,55447.13289000
1785456000000,0.01497000,0.01507000,0.01469000,0.01470000,18124544.00000000,268420.85900000
1785470400000,0.01469000,0.01470000,0.01433000,0.01446000,21527258.00000000,311365.48475000
1785484800000,0.01447000,0.01451000,0.01428000,0.01430000,7869393.00000000,113379.40044000
1785499200000,0.01430000,0.01446000,0.01417000,0.01432000,9290351.00000000,133178.95157000
1785513600000,0.01433000,0.01442000,0.01420000,0.01431000,8472054.00000000,121421.00978000
1785528000000,0.01430000,0.01432000,0.01418000,0.01431000,5539673.00000000,78919.93532000
1785542400000,0.01433000,0.01445000,0.01432000,0.01438000,1655196.00000000,23822.24135000
1785556800000,0.01438000,0.01441000,0.01423000,0.01423000,2944816.00000000,42173.55604000
1785571200000,0.01423000,0.01441000,0.01422000,0.01439000,3516782.00000000,50266.37773000
1785585600000,0.01439000,0.01449000,0.01431000,0.01438000,3015466.00000000,43410.48202000
1785600000000,0.01438000,0.01463000,0.01408000,0.01415000,7366351.00000000,105574.42723000
1785614400000,0.01414000,0.01425000,0.01410000,0.01413000,4348222.00000000,61667.83358000
1785628800000,0.01414000,0.01438000,0.01414000,0.01430000,3371304.00000000,48192.24394000
1785643200000,0.01430000,0.01463000,0.01428000,0.01449000,9112291.00000000,131764.21051000
1785657600000,0.01449000,0.01450000,0.01430000,0.01433000,2925850.00000000,42081.68656000
1785672000000,0.01434000,0.01444000,0.01427000,0.01435000,4805201.00000000,68961.87566000
1785686400000,0.01435000,0.01460000,0.01431000,0.01454000,2597141.00000000,37671.20687000
1785700800000,0.01454000,0.01480000,0.01450000,0.01470000,5120983.00000000,75149.44501000
1785715200000,0.01471000,0.01477000,0.01434000,0.01441000,6905077.00000000,100738.34392000
1785729600000,0.01441000,0.01449000,0.01430000,0.01434000,3364840.00000000,48446.04575000
1785744000000,0.01434000,0.01463000,0.01427000,0.01459000,4202148.00000000,60928.67309000
1785758400000,0.01459000,0.01479000,0.01448000,0.01465000,8033419.00000000,117658.52704000
1785772800000,0.01465000,0.01486000,0.01464000,0.01470000,5936676.00000000,87554.23796000
1785787200000,0.01469000,0.01493000,0.01468000,0.01479000,4696399.00000000,69719.25071000
1785801600000,0.01480000,0.01489000,0.01476000,0.01478000,5482395.00000000,81154.99722000
1785816000000,0.01478000,0.01483000,0.01468000,0.01471000,4031021.00000000,59441.77392000
1785830400000,0.01472000,0.01475000,0.01462000,0.01468000,3855109.00000000,56601.75442000
1785844800000,0.01468000,0.01470000,0.01454000,0.01468000,4553731.00000000,66559.11718000
1785859200000,0.01469000,0.01477000,0.01463000,0.01473000,3991946.00000000,58636.97728000
1785873600000,0.01471000,0.01480000,0.01461000,0.01461000,2360492.00000000,34741.57533000
1785888000000,0.01461000,0.01469000,0.01452000,0.01456000,5152351.00000000,75303.19263000
1785902400000,0.01455000,0.01469000,0.01455000,0.01460000,3522871.00000000,51461.95987000
1785916800000,0.01461000,0.01473000,0.01453000,0.01454000,5205544.00000000,76081.19511000
1785931200000,0.01453000,0.01468000,0.01418000,0.01444000,12580714.00000000,181130.18539000
1785945600000,0.01443000,0.01470000,0.01443000,0.01469000,6078749.00000000,88588.03455000
1785960000000,0.01469000,0.01507000,0.01467000,0.01484000,16752982.00000000,250134.78387000
1785974400000,0.01485000,0.01485000,0.01449000,0.01449000,4126061.00000000,60405.90468000
1785988800000,0.01449000,0.01459000,0.01447000,0.01452000,4931426.00000000,71612.29163000
1786003200000,0.01451000,0.01459000,0.01436000,0.01442000,5513135.00000000,79686.39386000
1786017600000,0.01441000,0.01453000,0.01435000,0.01447000,5873712.00000000,84828.18484000
1786032000000,0.01446000,0.01454000,0.01438000,0.01443000,4155494.00000000,60019.89145000
1786046400000,0.01442000,0.01455000,0.01441000,0.01449000,2918588.00000000,42286.26848000
1786060800000,0.01449000,0.01454000,0.01439000,0.01440000,4125288.00000000,59801.61602000
1786075200000,0.01440000,0.01460000,0.01438000,0.01458000,5275281.00000000,76421.24395000
1786089600000,0.01457000,0.01458000,0.01440000,0.01448000,3853734.00000000,55806.06830000
1786104000000,0.01448000,0.01452000,0.01428000,0.01435000,6185876.00000000,89056.42446000
1786118400000,0.01435000,0.01447000,0.01421000,0.01442000,5236817.00000000,75004.45375000
1786132800000,0.01442000,0.01452000,0.01436000,0.01450000,4938281.00000000,71306.86334000
1786147200000,0.01450000,0.01450000,0.01432000,0.01433000,2990982.00000000,43043.07818000
1786161600000,0.01433000,0.01447000,0.01432000,0.01438000,3122663.00000000,45001.57326000
1786176000000,0.01438000,0.01455000,0.01436000,0.01449000,5634051.00000000,81523.85601000
1786190400000,0.01452000,0.01457000,0.01446000,0.01452000,8729053.00000000,126640.50398000
1786204800000,0.01452000,0.01455000,0.01447000,0.01448000,5841893.00000000,84724.80984000
1786219200000,0.01448000,0.01472000,0.01446000,0.01448000,8730677.00000000,127154.06976000
1786233600000,0.01449000,0.01485000,0.01440000,0.01472000,8242101.00000000,120121.01372000
1786248000000,0.01472000,0.01485000,0.01456000,0.01470000,6708172.00000000,98878.12449000
1786262400000,0.01470000,0.01476000,0.01460000,0.01464000,3221320.00000000,47268.30703000
1786276800000,0.01463000,0.01475000,0.01457000,0.01471000,2453716.00000000,35942.24581000
1786291200000,0.01471000,0.01484000,0.01468000,0.01471000,3070676.00000000,45301.25156000
1786305600000,0.01471000,0.01479000,0.01444000,0.01445000,4074374.00000000,59598.81073000
1786320000000,0.01445000,0.01465000,0.01441000,0.01451000,3917796.00000000,56885.86558000
1786334400000,0.01452000,0.01468000,0.01449000,0.01460000,3804611.00000000,55483.17744000
1786348800000,0.01460000,0.01470000,0.01457000,0.01467000,3225780.00000000,47235.01499000
1786363200000,0.01467000,0.01473000,0.01435000,0.01442000,4154124.00000000,60272.76517000
1786377600000,0.01442000,0.01447000,0.01430000,0.01432000,5329180.00000000,76668.97022000
1786392000000,0.01431000,0.01432000,0.01405000,0.01416000,7379835.00000000,104584.16019000
1786406400000,0.01416000,0.01426000,0.01409000,0.01419000,4485312.00000000,63585.49678000
1786420800000,0.01419000,0.01419000,0.01404000,0.01406000,4653919.00000000,65732.71714000
1786435200000,0.01405000,0.01419000,0.01398000,0.01411000,9552274.00000000,134747.55828000
1786449600000,0.01410000,0.01412000,0.01372000,0.01381000,13384760.00000000,186877.17907000
1786464000000,0.01380000,0.01386000,0.01377000,0.01380000,4739429.00000000,65422.54894000
1786478400000,0.01380000,0.01392000,0.01376000,0.01379000,6343226.00000000,87896.57565000
1786492800000,0.01378000,0.01395000,0.01369000,0.01391000,7155356.00000000,99088.62651000
1786507200000,0.01390000,0.01392000,0.01372000,0.01376000,4908458.00000000,67962.62674000
1786521600000,0.01375000,0.01388000,0.01367000,0.01387000,4712427.00000000,64926.39977000
1786536000000,0.01387000,0.01412000,0.01378000,0.01379000,11182159.00000000,156078.53845000
1786550400000,0.01378000,0.01391000,0.01349000,0.01352000,11363988.00000000,155777.51873000
1786564800000,0.01352000,0.01364000,0.01321000,0.01342000,12395684.00000000,166342.63394000
1786579200000,0.01341000,0.01351000,0.01327000,0.01341000,5917023.00000000,79208.76799000
1786593600000,0.01341000,0.01358000,0.01341000,0.01347000,5861710.00000000,79093.58697000
1786608000000,0.01347000,0.01360000,0.01345000,0.01352000,7864795.00000000,106387.20669000
1786622400000,0.01352000,0.01391000,0.01351000,0.01374000,9116364.00000000,125113.24664000
1786636800000,0.01375000,0.01377000,0.01344000,0.01346000,5332617.00000000,72539.62778000
1786651200000,0.01346000,0.01374000,0.01344000,0.01356000,10850202.00000000,147272.15850000
1786665600000,0.01359000,0.01369000,0.01351000,0.01353000,3155634.00000000,42933.88275000
1786680000000,0.01352000,0.01357000,0.01334000,0.01335000,4635662.00000000,62425.42440000
1786694400000,0.01335000,0.01346000,0.01331000,0.01337000,4601243.00000000,61574.01107000
1786708800000,0.01337000,0.01349000,0.01328000,0.01346000,4605189.00000000,61565.07588000
1786723200000,0.01346000,0.01368000,0.01343000,0.01347000,4928135.00000000,66637.15796000
1786737600000,0.01347000,0.01353000,0.01344000,0.01352000,3147610.00000000,42448.46801000
1786752000000,0.01352000,0.01366000,0.01350000,0.01356000,2353280.00000000,31972.54926000
1786766400000,0.01356000,0.01369000,0.01356000,0.01357000,1947367.00000000,26561.83966000
1786780800000,0.01357000,0.01373000,0.01355000,0.01372000,3864110.00000000,52676.50294000
1786795200000,0.01372000,0.01379000,0.01362000,0.01367000,7033118.00000000,96351.92294000
1786809600000,0.01368000,0.01369000,0.01351000,0.01355000,3735661.00000000,50751.63876000
1786824000000,0.01355000,0.01364000,0.01346000,0.01351000,4011290.00000000,54425.08195000
1786838400000,0.01351000,0.01357000,0.01341000,0.01345000,2166170.00000000,29215.56399000
1786852800000,0.01344000,0.01355000,0.01341000,0.01350000,1852119.00000000,24932.33901000
1786867200000,0.01350000,0.01358000,0.01345000,0.01347000,2801655.00000000,37866.94485000
1786881600000,0.01347000,0.01355000,0.01344000,0.01348000,1679559.00000000,22665.98955000
1786896000000,0.01348000,0.01358000,0.01341000,0.01350000,3092778.00000000,41717.53736000
1786910400000,0.01349000,0.01350000,0.01316000,0.01326000,5482914.00000000,72998.32964000
1786924800000,0.01326000,0.01355000,0.01324000,0.01345000,6434993.00000000,86642.17701000
1786939200000,0.01346000,0.01359000,0.01338000,0.01339000,5384545.00000000,72706.86113000
1786953600000,0.01339000,0.01341000,0.01329000,0.01332000,5278513.00000000,70356.75414000
1786968000000,0.01332000,0.01349000,0.01326000,0.01348000,4332838.00000000,57918.27882000
1786982400000,0.01350000,0.01359000,0.01337000,0.01340000,8151333.00000000,109918.86959000
1786996800000,0.01340000,0.01351000,0.01340000,0.01345000,4671076.00000000,62873.41925000
1787011200000,0.01345000,0.01347000,0.01299000,0.01308000,8423913.00000000,111303.94602000
1787025600000,0.01309000,0.01326000,0.01307000,0.01323000,3832269.00000000,50501.46095000
1787040000000,0.01323000,0.01341000,0.01317000,0.01335000,4934756.00000000,65774.83758000
1787054400000,0.01335000,0.01339000,0.01319000,0.01328000,4318143.00000000,57379.73159000
1787068800000,0.01328000,0.01332000,0.01320000,0.01321000,2646139.00000000,35111.38527000
1787083200000,0.01321000,0.01322000,0.01314000,0.01317000,2460823.00000000,32449.29349000
1787097600000,0.01319000,0.01323000,0.01302000,0.01304000,4825103.00000000,63287.68006000
1787112000000,0.01302000,0.01327000,0.01302000,0.01325000,4215327.00000000,55389.77304000
1787126400000,0.01326000,0.01328000,0.01311000,0.01315000,3419322.00000000,45044.27821000
1787140800000,0.01314000,0.01385000,0.01314000,0.01352000,11868401.00000000,160577.32854000
1787155200000,0.01352000,0.01371000,0.01351000,0.01371000,7552913.00000000,102777.04853000
1787169600000,0.01370000,0.01413000,0.01370000,0.01396000,14032084.00000000,195507.77697000
1787184000000,0.01396000,0.01408000,0.01384000,0.01388000,4460921.00000000,62318.72047000
1787198400000,0.01387000,0.01402000,0.01381000,0.01399000,6557294.00000000,91331.80742000
1787212800000,0.01398000,0.01460000,0.01396000,0.01453000,13157263.00000000,189028.08877000
1787227200000,0.01454000,0.01473000,0.01433000,0.01469000,9316287.00000000,135322.30676000
1787241600000,0.01470000,0.01492000,0.01456000,0.01464000,8897988.00000000,131343.12608000
1787256000000,0.01465000,0.01504000,0.01464000,0.01499000,9007551.00000000,133786.15610000
1787270400000,0.01499000,0.01533000,0.01499000,0.01515000,10206139.00000000,154690.47010000
1787284800000,0.01515000,0.01576000,0.01515000,0.01576000,12221250.00000000,188607.67069000
1787299200000,0.01577000,0.01648000,0.01576000,0.01609000,30301072.00000000,488774.38914000
1787313600000,0.01610000,0.01652000,0.01595000,0.01644000,20899608.00000000,339166.03343000
1787328000000,0.01646000,0.01690000,0.01638000,0.01670000,19078898.00000000,317961.98758000
1787342400000,0.01670000,0.01732000,0.01663000,0.01728000,23371592.00000000,396599.26154000
1787356800000,0.01727000,0.01790000,0.01712000,0.01776000,20359791.00000000,355865.83930000
1787371200000,0.01779000,0.01822000,0.01585000,0.01702000,45057619.00000000,765044.08654000
1787385600000,0.01701000,0.01711000,0.01633000,0.01685000,12404858.00000000,206794.05759000
1787400000000,0.01683000,0.01704000,0.01643000,0.01644000,9628496.00000000,161579.91166000
1787414400000,0.01643000,0.01670000,0.01636000,0.01647000,5179566.00000000,85636.90621000
1787428800000,0.01650000,0.01657000,0.01606000,0.01620000,6557843.00000000,106581.39827000
1787443200000,0.01621000,0.01643000,0.01575000,0.01577000,6762691.00000000,108638.87894000
1787457600000,0.01576000,0.01582000,0.01534000,0.01563000,11668079.00000000,181239.57515000
1787472000000,0.01563000,0.01653000,0.01559000,0.01650000,5948594.00000000,95035.15954000
1787486400000,0.01650000,0.01726000,0.01641000,0.01698000,16563136.00000000,277900.06968000
1787500800000,0.01700000,0.01774000,0.01699000,0.01758000,16046242.00000000,278773.14883000
1787515200000,0.01758000,0.01803000,0.01734000,0.01766000,16079216.00000000,284859.54684000
1787529600000,0.01765000,0.01766000,0.01703000,0.01713000,12447598.00000000,214812.50419000
1787544000000,0.01714000,0.01759000,0.01710000,0.01729000,9749720.00000000,168832.44647000
1787558400000,0.01728000,0.01763000,0.01708000,0.01762000,11668951.00000000,202693.20162000
1787572800000,0.01762000,0.01819000,0.01733000,0.01776000,26233387.00000000,465877.92046000
1787587200000,0.01777000,0.01788000,0.01732000,0.01766000,10679186.00000000,188510.85687000
1787601600000,0.01767000,0.01788000,0.01759000,0.01775000,4506020.00000000,80006.40802000
1787616000000,0.01775000,0.01889000,0.01767000,0.01861000,25659491.00000000,472670.01023000
1787630400000,0.01861000,0.01930000,0.01861000,0.01880000,32541793.00000000,616643.82565000
1787644800000,0.01882000,0.01897000,0.01819000,0.01848000,22454861.00000000,416577.64238000
1787659200000,0.01848000,0.01852000,0.01796000,0.01829000,15412947.00000000,280262.25966000
1787673600000,0.01828000,0.01832000,0.01793000,0.01795000,12573105.00000000,227998.04507000
1787688000000,0.01794000,0.01795000,0.01731000,0.01759000,13048733.00000000,230780.09496000
1787702400000,0.01760000,0.01796000,0.01741000,0.01787000,7750992.00000000,137144.84351000
1787716800000,0.01786000,0.01798000,0.01764000,0.01775000,4469364.00000000,79641.01239000
1787731200000,0.01775000,0.01781000,0.01730000,0.01747000,6425160.00000000,112664.53286000
1787745600000,0.01749000,0.01761000,0.01696000,0.01706000,10952436.00000000,188600.56274000
1787760000000,0.01709000,0.01729000,0.01695000,0.01705000,9185220.00000000,157110.82683000
1787774400000,0.01705000,0.01809000,0.01700000,0.01795000,9412884.00000000,165153.89952000
1787788800000,0.01795000,0.01795000,0.01732000,0.01763000,6296893.00000000,110467.53478000
1787803200000,0.01764000,0.01768000,0.01726000,0.01753000,3441973.00000000,60031.12786000
1787817600000,0.01752000,0.01794000,0.01746000,0.01757000,7707826.00000000,136403.76399000
1787832000000,0.01758000,0.01803000,0.01747000,0.01793000,9014900.00000000,159994.07133000
1787846400000,0.01792000,0.01845000,0.01767000,0.01774000,8182596.00000000,147461.46202000
1787860800000,0.01774000,0.01779000,0.01762000,0.01768000,2474068.00000000,43825.95595000
1787875200000,0.01768000,0.01813000,0.01719000,0.01731000,7096093.00000000,124781.41475000
1787889600000,0.01731000,0.01734000,0.01709000,0.01718000,3767185.00000000,64867.41373000
1787904000000,0.01719000,0.01728000,0.01678000,0.01692000,14219962.00000000,242021.22082000
1787918400000,0.01692000,0.01705000,0.01656000,0.01666000,22171531.00000000,372867.46962000
1787932800000,0.01667000,0.01669000,0.01618000,0.01658000,9340072.00000000,154006.93339000
1787947200000,0.01659000,0.01674000,0.01653000,0.01673000,4430917.00000000,73796.48026000
1787961600000,0.01674000,0.01682000,0.01633000,0.01635000,3206756.00000000,53154.03499000
1787976000000,0.01635000,0.01666000,0.01635000,0.01644000,2568406.00000000,42428.19210000
1787990400000,0.01644000,0.01656000,0.01640000,0.01645000,2551045.00000000,42035.58484000
1788004800000,0.01645000,0.01672000,0.01645000,0.01656000,2123180.00000000,35219.80767000
1788019200000,0.01658000,0.01666000,0.01649000,0.01650000,2688609.00000000,44500.54378000
1788033600000,0.01650000,0.01658000,0.01647000,0.01657000,1229392.00000000,20319.32954000
1788048000000,0.01656000,0.01659000,0.01639000,0.01642000,1138944.00000000,18733.95448000
1788062400000,0.01641000,0.01672000,0.01638000,0.01653000,2175215.00000000,35947.85372000
1788076800000,0.01653000,0.01661000,0.01645000,0.01656000,1404313.00000000,23216.46430000
1788091200000,0.01657000,0.01682000,0.01657000,0.01660000,3954648.00000000,65908.44268000
1788105600000,0.01661000,0.01684000,0.01658000,0.01663000,3014040.00000000,50360.73313000
1788120000000,0.01664000,0.01670000,0.01585000,0.01613000,8145378.00000000,132290.42719000
1788134400000,0.01612000,0.01642000,0.01607000,0.01632000,3012139.00000000,49020.32764000
1788148800000,0.01632000,0.01650000,0.01620000,0.01634000,3777408.00000000,61674.83118000
1788163200000,0.01634000,0.01643000,0.01628000,0.01628000,1909099.00000000,31202.11254000
1788177600000,0.01628000,0.01637000,0.01607000,0.01623000,4095204.00000000,66481.34529000
1788192000000,0.01625000,0.01644000,0.01621000,0.01633000,2964881.00000000,48441.94778000
1788206400000,0.01631000,0.01644000,0.01628000,0.01638000,1901029.00000000,31064.90776000
1788220800000,0.01637000,0.01658000,0.01635000,0.01647000,2257384.00000000,37207.35844000
1788235200000,0.01647000,0.01665000,0.01639000,0.01645000,3710567.00000000,61319.52735000
1788249600000,0.01645000,0.01645000,0.01599000,0.01625000,4856175.00000000,78470.48491000
1788264000000,0.01623000,0.01647000,0.01606000,0.01631000,7408090.00000000,120626.23816000
1788278400000,0.01632000,0.01636000,0.01599000,0.01623000,5578193.00000000,90327.74657000
1788292800000,0.01623000,0.01626000,0.01601000,0.01624000,2381438.00000000,38468.07126000
1788307200000,0.01625000,0.01642000,0.01593000,0.01642000,4174314.00000000,67581.37028000
1788321600000,0.01643000,0.01650000,0.01627000,0.01632000,3600090.00000000,58921.12427000
1788336000000,0.01633000,0.01636000,0.01592000,0.01612000,3807153.00000000,61274.04131000
1788350400000,0.01611000,0.01628000,0.01601000,0.01618000,3643755.00000000,58733.99235000
1788364800000,0.01618000,0.01623000,0.01605000,0.01610000,2443279.00000000,39452.48985000
1788379200000,0.01610000,0.01628000,0.01606000,0.01622000,3486161.00000000,56475.70334000
1788393600000,0.01623000,0.01675000,0.01618000,0.01674000,5773217.00000000,94837.59340000
1788408000000,0.01675000,0.01678000,0.01638000,0.01646000,4863409.00000000,80598.59393000
1788422400000,0.01646000,0.01671000,0.01646000,0.01666000,5550152.00000000,92012.73501000
1788436800000,0.01666000,0.01727000,0.01665000,0.01727000,8892286.00000000,150277.10657000
1788451200000,0.01725000,0.01750000,0.01700000,0.01735000,8855974.00000000,152999.58806000
1788465600000,0.01734000,0.01741000,0.01710000,0.01723000,3705778.00000000,63950.64504000
1788480000000,0.01723000,0.01751000,0.01700000,0.01700000,8823474.00000000,151500.32617000
1788494400000,0.01701000,0.01727000,0.01689000,0.01700000,4897768.00000000,83583.33508000
1788508800000,0.01701000,0.01744000,0.01699000,0.01725000,11074571.00000000,191221.61290000
1788523200000,0.01724000,0.01725000,0.01645000,0.01678000,14110980.00000000,236498.05164000
1788537600000,0.01681000,0.01696000,0.01675000,0.01690000,4389609.00000000,73994.51654000
1788552000000,0.01691000,0.01694000,0.01670000,0.01687000,3861670.00000000,64953.68123000
1788566400000,0.01686000,0.01707000,0.01681000,0.01700000,3531162.00000000,59835.62710000
1788580800000,0.01701000,0.01763000,0.01700000,0.01753000,8989071.00000000,156450.00862000
1788595200000,0.01754000,0.01764000,0.01733000,0.01750000,10980642.00000000,192010.89466000
1788609600000,0.01750000,0.01764000,0.01739000,0.01753000,9249230.00000000,162105.68662000
1788624000000,0.01753000,0.01778000,0.01745000,0.01770000,6033380.00000000,106227.62493000
1788638400000,0.01772000,0.01825000,0.01767000,0.01820000,14760985.00000000,265816.97396000
1788652800000,0.01820000,0.01913000,0.01810000,0.01908000,16110142.00000000,301250.91063000
1788667200000,0.01911000,0.02128000,0.01852000,0.01982000,120732943.00000000,2431154.87365000
1788681600000,0.01981000,0.02079000,0.01969000,0.01985000,55686392.00000000,1128557.60337000
1788696000000,0.01983000,0.01988000,0.01923000,0.01950000,29403955.00000000,573574.56322000
1788710400000,0.01950000,0.01977000,0.01913000,0.01929000,14785529.00000000,287259.92501000
1788724800000,0.01928000,0.01966000,0.01922000,0.01965000,7730811.00000000,150353.67549000
1788739200000,0.01965000,0.01965000,0.01894000,0.01907000,9607785.00000000,185400.58436000
1788753600000,0.01907000,0.01920000,0.01889000,0.01908000,9227793.00000000,176057.43834000
1788768000000,0.01908000,0.01939000,0.01908000,0.01924000,6874917.00000000,132159.52451000
1788782400000,0.01924000,0.01951000,0.01887000,0.01897000,13123383.00000000,252341.76895000
1788796800000,0.01897000,0.01964000,0.01897000,0.01943000,5501117.00000000,106118.51843000
1788811200000,0.01942000,0.01964000,0.01924000,0.01934000,7443900.00000000,144877.07578000
1788825600000,0.01933000,0.02001000,0.01929000,0.01987000,10553777.00000000,208922.91906000
1788840000000,0.01984000,0.01988000,0.01920000,0.01933000,9108007.00000000,177642.37675000
1788854400000,0.01933000,0.01972000,0.01923000,0.01935000,5402973.00000000,105211.95922000
1788868800000,0.01934000,0.01990000,0.01894000,0.01974000,9520159.00000000,185113.74919000
1788883200000,0.01974000,0.01989000,0.01946000,0.01951000,8126904.00000000,159313.97766000
1788897600000,0.01951000,0.01962000,0.01932000,0.01939000,4929689.00000000,95987.26592000
1788912000000,0.01940000,0.01950000,0.01924000,0.01929000,3489342.00000000,67526.43989000
1788926400000,0.01928000,0.01961000,0.01928000,0.01954000,2536306.00000000,49418.06240000
1788940800000,0.01954000,0.01997000,0.01933000,0.01942000,10367318.00000000,203745.71319000
1788955200000,0.01944000,0.01949000,0.01881000,0.01905000,8263347.00000000,158629.37485000
1788969600000,0.01902000,0.01929000,0.01880000,0.01882000,6598459.00000000,126147.07369000
1788984000000,0.01883000,0.01904000,0.01825000,0.01877000,9038689.00000000,169216.37245000
1788998400000,0.01876000,0.01879000,0.01827000,0.01856000,4992109.00000000,92386.04700000
1789012800000,0.01856000,0.01870000,0.01836000,0.01841000,3360570.00000000,62367.69562000
1789027200000,0.01841000,0.01847000,0.01819000,0.01827000,5387394.00000000,98905.62609000
1789041600000,0.01826000,0.01854000,0.01777000,0.01851000,10035397.00000000,181952.94404000
1789056000000,0.01850000,0.01857000,0.01800000,0.01802000,3663726.00000000,66665.25271000
1789070400000,0.01803000,0.01822000,0.01765000,0.01771000,2473596.00000000,44483.85335000
1789084800000,0.01772000,0.01791000,0.01757000,0.01764000,5768623.00000000,102189.24548000
1789099200000,0.01763000,0.01794000,0.01763000,0.01776000,3481468.00000000,62040.43161000
1789113600000,0.01775000,0.01792000,0.01727000,0.01748000,4836721.00000000,85159.73004000
1789128000000,0.01747000,0.01840000,0.01722000,0.01787000,12487871.00000000,223605.98595000
1789142400000,0.01786000,0.01816000,0.01756000,0.01776000,5318849.00000000,95031.54049000
1789156800000,0.01778000,0.01784000,0.01741000,0.01755000,2493394.00000000,43949.88990000
1789171200000,0.01754000,0.01807000,0.01754000,0.01806000,2234026.00000000,39693.18712000
1789185600000,0.01802000,0.01804000,0.01776000,0.01792000,2495349.00000000,44702.18814000
1789200000000,0.01792000,0.01822000,0.01789000,0.01810000,2124566.00000000,38301.94096000
1789214400000,0.01811000,0.01854000,0.01808000,0.01849000,3979005.00000000,72900.59973000
1789228800000,0.01851000,0.01853000,0.01806000,0.01812000,1786269.00000000,32574.74471000
1789243200000,0.01810000,0.01826000,0.01800000,0.01823000,2705959.00000000,49080.86031000
1789257600000,0.01822000,0.01892000,0.01807000,0.01880000,13880704.00000000,256661.72504000
1789272000000,0.01881000,0.01882000,0.01844000,0.01846000,5835010.00000000,108816.90751000
1789286400000,0.01846000,0.01854000,0.01807000,0.01836000,3106894.00000000,56744.02020000
1789300800000,0.01835000,0.01885000,0.01829000,0.01861000,5567702.00000000,103168.97964000
1789315200000,0.01861000,0.01919000,0.01861000,0.01884000,6129616.00000000,115896.46593000
1789329600000,0.01883000,0.01883000,0.01810000,0.01836000,4366772.00000000,80337.66672000
1789344000000,0.01837000,0.01913000,0.01814000,0.01908000,5134057.00000000,96354.47141000
1789358400000,0.01906000,0.01907000,0.01860000,0.01865000,4368522.00000000,82008.38189000
1789372800000,0.01865000,0.01874000,0.01844000,0.01855000,3822552.00000000,71124.38796000
1789387200000,0.01854000,0.01866000,0.01829000,0.01858000,4766891.00000000,88252.91452000
1789401600000,0.01858000,0.01891000,0.01841000,0.01841000,4307473.00000000,80588.79966000
1789416000000,0.01843000,0.01870000,0.01831000,0.01832000,3357585.00000000,61968.23427000
1789430400000,0.01836000,0.01845000,0.01790000,0.01801000,5968922.00000000,108239.90311000
1789444800000,0.01799000,0.01819000,0.01781000,0.01787000,5890443.00000000,105899.67542000
1789459200000,0.01788000,0.01796000,0.01770000,0.01781000,5070183.00000000,90444.65694000
1789473600000,0.01784000,0.01807000,0.01740000,0.01764000,6064785.00000000,107736.18934000
1789488000000,0.01762000,0.01802000,0.01717000,0.01757000,12094533.00000000,213197.82993000
1789502400000,0.01756000,0.01761000,0.01710000,0.01726000,5159909.00000000,89284.25425000
1789516800000,0.01726000,0.01743000,0.01700000,0.01713000,4963667.00000000,85260.97609000
1789531200000,0.01714000,0.01736000,0.01714000,0.01720000,3487285.00000000,60240.90363000
1789545600000,0.01719000,0.01760000,0.01704000,0.01752000,3905197.00000000,67488.78456000
1789560000000,0.01755000,0.01755000,0.01709000,0.01718000,6041883.00000000,104495.88564000
1789574400000,0.01718000,0.01753000,0.01692000,0.01732000,9213207.00000000,158400.60933000
1789588800000,0.01735000,0.01823000,0.01731000,0.01816000,5940529.00000000,105386.92264000
1789603200000,0.01819000,0.01833000,0.01793000,0.01808000,3808524.00000000,69107.57116000
1789617600000,0.01801000,0.01820000,0.01794000,0.01803000,2170104.00000000,39202.48341000
1789632000000,0.01802000,0.01815000,0.01791000,0.01802000,2401009.00000000,43259.38982000
1789646400000,0.01801000,0.01829000,0.01784000,0.01827000,7704672.00000000,138950.43822000
1789660800000,0.01828000,0.01861000,0.01826000,0.01852000,9373442.00000000,172977.31992000
1789675200000,0.01852000,0.01899000,0.01850000,0.01898000,7397620.00000000,138760.85170000
1789689600000,0.01897000,0.01944000,0.01882000,0.01942000,7063514.00000000,134454.34950000
1789704000000,0.01941000,0.01966000,0.01914000,0.01960000,8984337.00000000,174701.11837000
1789718400000,0.01960000,0.01998000,0.01941000,0.01963000,6861309.00000000,135219.99526000
1789732800000,0.01962000,0.02008000,0.01959000,0.01990000,9952714.00000000,197611.51328000
1789747200000,0.01990000,0.02014000,0.01970000,0.02010000,6917875.00000000,137669.58066000
1789761600000,0.02010000,0.02066000,0.02006000,0.02053000,11585285.00000000,236948.67121000
1789776000000,0.02053000,0.02086000,0.02014000,0.02048000,8791271.00000000,180387.31855000
1789790400000,0.02050000,0.02053000,0.01993000,0.01995000,5273637.00000000,106545.91243000
1789804800000,0.01996000,0.02091000,0.01995000,0.02081000,9556856.00000000,195457.49124000
1789819200000,0.02083000,0.02086000,0.02030000,0.02047000,8106845.00000000,166672.50292000
1789833600000,0.02048000,0.02070000,0.02040000,0.02056000,5481555.00000000,112653.57093000
1789848000000,0.02056000,0.02067000,0.02019000,0.02062000,6706083.00000000,136923.53482000
1789862400000,0.02056000,0.02098000,0.02011000,0.02065000,8999373.00000000,185953.30326000
1789876800000,0.02067000,0.02112000,0.02040000,0.02046000,9138539.00000000,189978.90322000
1789891200000,0.02046000,0.02060000,0.02020000,0.02042000,4891750.00000000,99606.79765000
1789905600000,0.02040000,0.02186000,0.02026000,0.02173000,32431596.00000000,689534.15999000
1789920000000,0.02174000,0.02267000,0.02139000,0.02257000,34367177.00000000,753717.70385000
1789934400000,0.02257000,0.02272000,0.02170000,0.02222000,17848503.00000000,396056.92821000
