open_time,open,high,low,close,volume,quote_volume
1704067200000,3.65100000,3.79000000,3.64800000,3.65900000,2432263.50000000,9065625.10560000
1704081600000,3.65800000,3.68700000,3.56700000,3.60400000,1835389.00000000,6628992.38740000
1704096000000,3.60400000,3.64200000,3.57000000,3.60200000,1564687.40000000,5642368.30850000
1704110400000,3.60300000,3.64500000,3.58000000,3.63000000,1594630.50000000,5759596.76880000
1704124800000,3.63000000,3.83000000,3.62500000,3.80800000,3401316.60000000,12682809.17040000
1704139200000,3.80900000,3.83400000,3.75200000,3.79400000,3134219.30000000,11874780.62960000
1704153600000,3.79300000,3.96900000,3.73700000,3.91600000,5407774.00000000,20952496.16460000
1704168000000,3.91700000,4.21000000,3.91000000,4.16400000,7049599.20000000,28462998.09880000
1704182400000,4.16400000,4.33100000,4.09300000,4.15400000,10549560.50000000,44357491.46680000
1704196800000,4.15300000,4.15700000,3.87700000,3.90600000,17946985.90000000,72471368.31650000
1704211200000,3.90600000,3.96800000,3.83600000,3.89400000,8875588.90000000,34737047.36790000
1704225600000,3.89500000,3.99200000,3.85200000,3.92300000,2624837.80000000,10311824.77600000
1704240000000,3.92400000,4.03700000,3.90400000,3.92900000,3700810.50000000,14726716.89020000
1704254400000,3.92900000,4.08900000,3.90200000,3.95700000,4634887.40000000,18589472.06640000
1704268800000,3.95700000,4.04800000,3.77700000,3.81800000,5658712.80000000,22393984.19190000
1704283200000,3.81900000,3.82100000,2.90500000,3.61300000,15632009.40000000,54470437.82610000
1704297600000,3.61400000,3.75500000,3.54300000,3.62300000,4809515.20000000,17487467.47310000
1704312000000,3.62200000,3.98400000,3.62000000,3.77100000,4202274.00000000,16137466.38270000
1704326400000,3.77100000,3.80200000,3.62000000,3.70300000,3365237.70000000,12449457.75990000
1704340800000,3.70300000,3.72800000,3.61200000,3.61500000,2578053.90000000,9455918.25540000
1704355200000,3.61600000,3.71800000,3.57100000,3.69000000,3438728.50000000,12581564.52360000
1704369600000,3.69200000,4.01300000,3.66600000,3.92700000,6285437.40000000,24061204.23300000
1704384000000,3.92700000,3.99000000,3.81900000,3.98600000,3806161.40000000,14817567.08980000
1704398400000,3.98700000,4.04800000,3.88900000,3.91000000,3656061.90000000,14515588.24480000
1704412800000,3.91000000,3.95000000,3.71600000,3.76900000,3361988.60000000,12868084.32170000
1704427200000,3.77000000,3.78400000,3.69000000,3.70100000,2180992.90000000,8141602.03800000
1704441600000,3.70200000,3.76500000,3.61000000,3.63800000,2735299.50000000,10098444.63860000
1704456000000,3.63900000,3.68600000,3.54000000,3.58200000,3086969.30000000,11170196.11770000
1704470400000,3.58000000,3.60300000,3.45100000,3.49000000,2558502.40000000,8991749.34320000
1704484800000,3.49000000,3.56500000,3.47200000,3.55200000,2518830.60000000,8866166.63370000
1704499200000,3.55100000,3.55600000,3.35400000,3.37300000,2965705.50000000,10182967.84530000
1704513600000,3.37200000,3.38700000,3.16700000,3.29300000,5068821.10000000,16527960.13690000
1704528000000,3.29400000,3.37600000,3.25500000,3.33100000,2398184.00000000,7980421.69610000
1704542400000,3.33200000,3.45000000,3.28200000,3.42100000,3779782.80000000,12789441.94830000
1704556800000,3.42000000,3.70800000,3.40800000,3.56600000,6131970.80000000,21891852.03340000
1704571200000,3.56600000,3.58900000,3.39400000,3.47900000,2333465.60000000,8120568.02440000
1704585600000,3.47600000,3.53900000,3.40700000,3.42800000,1907993.90000000,6623907.56190000
1704600000000,3.42800000,3.51900000,3.41600000,3.44200000,2445617.80000000,8470710.52700000
1704614400000,3.44200000,3.46100000,3.33600000,3.37100000,2139481.00000000,7240758.00700000
1704628800000,3.37100000,3.44500000,3.31400000,3.33400000,2089312.00000000,7066220.33250000
1704643200000,3.33400000,3.39700000,3.28000000,3.35600000,1742079.80000000,5813672.75430000
1704657600000,3.35700000,3.36800000,3.15100000,3.21500000,2505295.20000000,8096320.31500000
1704672000000,3.21500000,3.23900000,2.92000000,3.01100000,6323296.60000000,19515990.83860000
1704686400000,3.01200000,3.25000000,2.99100000,3.16400000,4589381.70000000,14341392.32120000
1704700800000,3.16300000,3.25400000,3.08000000,3.20200000,3705961.10000000,11695013.79990000
1704715200000,3.20200000,3.29800000,3.19400000,3.23300000,4554804.70000000,14801395.31240000
1704729600000,3.23500000,3.48200000,3.18800000,3.47300000,4733259.60000000,15833206.16910000
1704744000000,3.47300000,3.48000000,3.36700000,3.41600000,2961298.20000000,10099066.35600000
1704758400000,3.41600000,3.50500000,3.33800000,3.40700000,4303862.80000000,14787952.89690000
1704772800000,3.40700000,3.54000000,3.39100000,3.48300000,3864924.80000000,13475457.93830000
1704787200000,3.48300000,3.50400000,3.31100000,3.33400000,3610237.60000000,12204800.83490000
1704801600000,3.33400000,3.36200000,3.14400000,3.17800000,4109475.40000000,13342236.18470000
1704816000000,3.17700000,3.20300000,3.03300000,3.08000000,3738016.80000000,11621983.33130000
1704830400000,3.08100000,3.23300000,3.02600000,3.22200000,4784032.50000000,14987439.24650000
1704844800000,3.22200000,3.25600000,3.19200000,3.21200000,2281113.80000000,7361354.12020000
1704859200000,3.21200000,3.28000000,3.17300000,3.20200000,1664448.50000000,5357190.92320000
1704873600000,3.20200000,3.32400000,3.16800000,3.26100000,2722098.60000000,8871162.09230000
1704888000000,3.26100000,3.26600000,3.08000000,3.19800000,4340850.40000000,13697356.99290000
1704902400000,3.19600000,3.33900000,3.18900000,3.28700000,3381766.30000000,11020070.03350000
1704916800000,3.28600000,3.68400000,3.18600000,3.60300000,8432690.90000000,29254646.07740000
1704931200000,3.60200000,3.66500000,3.51000000,3.65400000,3669211.20000000,13190933.82250000
1704945600000,3.65300000,3.67200000,3.50800000,3.62400000,3077299.20000000,11027856.84800000
1704960000000,3.62400000,3.78000000,3.58000000,3.75000000,5988463.20000000,22019161.86570000
1704974400000,3.74900000,3.84400000,3.56500000,3.62200000,8625839.40000000,32197585.74370000
1704988800000,3.62300000,3.69000000,3.50900000,3.67500000,3511820.90000000,12669446.31020000
1705003200000,3.67800000,3.76200000,3.56100000,3.61200000,2763330.10000000,10086132.80250000
1705017600000,3.61200000,3.65500000,3.52400000,3.56200000,2369418.80000000,8500337.38160000
1705032000000,3.56000000,3.62700000,3.50700000,3.53600000,1847412.30000000,6599598.62140000
1705046400000,3.53500000,3.60500000,3.49000000,3.57700000,2271632.30000000,8038510.43320000
1705060800000,3.57600000,3.67900000,3.51600000,3.53200000,4916050.70000000,17720467.81250000
1705075200000,3.53000000,3.64100000,3.36600000,3.59900000,5355322.30000000,18882339.68960000
1705089600000,3.59800000,3.64600000,3.30900000,3.45800000,3873116.30000000,13444488.66440000
1705104000000,3.45700000,3.47900000,3.30000000,3.41800000,2436433.20000000,8243485.72160000
1705118400000,3.41800000,3.51900000,3.39300000,3.47500000,1691390.80000000,5855707.24490000
1705132800000,3.47800000,3.48100000,3.36600000,3.39700000,1741940.10000000,5946815.50230000
1705147200000,3.39600000,3.46000000,3.37200000,3.43600000,1390300.30000000,4741659.27480000
1705161600000,3.43600000,3.44700000,3.37500000,3.42300000,1189656.70000000,4059766.80410000
1705176000000,3.42300000,3.44500000,3.38900000,3.40400000,1024129.80000000,3501832.47910000
1705190400000,3.40500000,3.41800000,3.34000000,3.35600000,1143890.30000000,3855998.21340000
1705204800000,3.35600000,3.52100000,3.31700000,3.43600000,2500937.10000000,8591261.30110000
1705219200000,3.43600000,3.47500000,3.38200000,3.39800000,1326515.30000000,4547212.04440000
1705233600000,3.39800000,3.47500000,3.38200000,3.45800000,1567691.00000000,5372629.51130000
1705248000000,3.45800000,3.51200000,3.34900000,3.35100000,2197891.20000000,7580622.27910000
1705262400000,3.35000000,3.41600000,3.29300000,3.30700000,1823524.10000000,6112370.26030000
1705276800000,3.30800000,3.40500000,3.30100000,3.37200000,1004244.70000000,3376306.65620000
1705291200000,3.37300000,3.42500000,3.35400000,3.36200000,1058811.80000000,3577395.30680000
1705305600000,3.36300000,3.41000000,3.33600000,3.36700000,1329389.30000000,4485846.65510000
1705320000000,3.36700000,3.38000000,3.24500000,3.25200000,2179546.50000000,7227357.21240000
1705334400000,3.25300000,3.40900000,3.23900000,3.32200000,3239894.70000000,10813774.95370000
1705348800000,3.32400000,3.33900000,3.25000000,3.30600000,1026612.50000000,3385220.08850000
1705363200000,3.30400000,3.34700000,3.29200000,3.33600000,1145213.50000000,3801462.68660000
1705377600000,3.33600000,3.33800000,3.21800000,3.26700000,2182388.20000000,7106952.00770000
1705392000000,3.26900000,3.31600000,3.24400000,3.27800000,2147743.20000000,7059175.72930000
1705406400000,3.27800000,3.31100000,3.17700000,3.24300000,2804305.40000000,9101991.82190000
1705420800000,3.24400000,3.29200000,3.22400000,3.24300000,1356338.60000000,4418495.64340000
1705435200000,3.24400000,3.30100000,3.23100000,3.24000000,1980436.70000000,6464344.43140000
1705449600000,3.24000000,3.28500000,3.22500000,3.23500000,1139326.80000000,3707369.18080000
1705464000000,3.23500000,3.25600000,3.16200000,3.17200000,1125772.70000000,3614326.04700000
1705478400000,3.17300000,3.31500000,3.15500000,3.29000000,2266837.10000000,7385539.11220000
1705492800000,3.29100000,3.36700000,3.25400000,3.31700000,4380065.00000000,14562162.55300000
1705507200000,3.31800000,3.33200000,3.24100000,3.29800000,1873603.50000000,6179780.34670000
1705521600000,3.29700000,3.35700000,3.25700000,3.30800000,1622671.60000000,5361743.25420000
1705536000000,3.31000000,3.31500000,3.21200000,3.26200000,1124184.60000000,3671996.41710000
1705550400000,3.26100000,3.36000000,3.25700000,3.34200000,1328234.10000000,4403944.20870000
1705564800000,3.34200000,3.37600000,3.24000000,3.25400000,3196647.20000000,10535933.70290000
1705579200000,3.25300000,3.25300000,3.17800000,3.20400000,2218835.80000000,7123866.89810000
1705593600000,3.20400000,3.21300000,2.99400000,3.02200000,3456176.50000000,10681516.67280000
1705608000000,3.02100000,3.11400000,3.00400000,3.08300000,2519198.70000000,7696637.75430000
1705622400000,3.08400000,3.09800000,2.94400000,3.00500000,2660756.20000000,8018542.72630000
1705636800000,3.00500000,3.06300000,3.00100000,3.02300000,1085871.10000000,3290425.87440000
1705651200000,3.02300000,3.05800000,2.98600000,3.03500000,1826873.40000000,5518835.58830000
1705665600000,3.03500000,3.04000000,2.90500000,2.91600000,2526822.80000000,7508033.89500000
1705680000000,2.91500000,2.98400000,2.78500000,2.97400000,5038968.90000000,14477492.71460000
1705694400000,2.97400000,3.01000000,2.94300000,3.01000000,1392038.30000000,4145507.37300000
1705708800000,3.00900000,3.00900000,2.92800000,2.96400000,1496065.60000000,4429110.35050000
1705723200000,2.96600000,2.97500000,2.93100000,2.94900000,831096.30000000,2456895.80340000
1705737600000,2.95000000,2.95700000,2.89400000,2.93400000,921224.00000000,2695464.66620000
1705752000000,2.93500000,2.93500000,2.86700000,2.89800000,1380013.50000000,4008908.89140000
1705766400000,2.89700000,2.92200000,2.87800000,2.91900000,952744.30000000,2763493.20180000
1705780800000,2.91800000,2.96800000,2.91100000,2.96700000,939435.10000000,2767121.68690000
1705795200000,2.96500000,3.04500000,2.95500000,3.03300000,1457604.00000000,4364326.99980000
1705809600000,3.03300000,3.03500000,2.96700000,2.98800000,870414.00000000,2612244.56430000
1705824000000,2.98800000,3.01200000,2.97600000,2.99700000,908035.40000000,2720206.99100000
1705838400000,2.99600000,3.00900000,2.94900000,2.96300000,1677514.70000000,5012836.28590000
1705852800000,2.96200000,2.99000000,2.92900000,2.97900000,708414.00000000,2101578.24340000
1705867200000,2.97900000,2.98200000,2.91800000,2.92200000,618199.80000000,1822123.35980000
1705881600000,2.92200000,2.94900000,2.84300000,2.88700000,1592377.40000000,4596523.81220000
1705896000000,2.88700000,2.93000000,2.84200000,2.89000000,1431104.20000000,4143689.09590000
1705910400000,2.89100000,2.89500000,2.77100000,2.79600000,2526325.60000000,7132053.35210000
1705924800000,2.79700000,2.81300000,2.66200000,2.70800000,4888305.60000000,13385707.65630000
1705939200000,2.70800000,2.75200000,2.59000000,2.63000000,5736714.80000000,15327024.04970000
1705953600000,2.63000000,2.72200000,2.62700000,2.64900000,3147296.60000000,8410986.52610000
1705968000000,2.65000000,2.71900000,2.64400000,2.70200000,1631595.70000000,4373089.61120000
1705982400000,2.70200000,2.72600000,2.60600000,2.62300000,1340094.30000000,3574223.24470000
1705996800000,2.62400000,2.63800000,2.46600000,2.50900000,6212269.20000000,15734398.83230000
1706011200000,2.51000000,2.67200000,2.45000000,2.64500000,4832294.50000000,12359619.56800000
1706025600000,2.64400000,2.65600000,2.57600000,2.57600000,2552745.70000000,6676841.57280000
1706040000000,2.57700000,2.65400000,2.57100000,2.65000000,2785608.90000000,7269471.43050000
1706054400000,2.65100000,2.66500000,2.59000000,2.61200000,2076426.80000000,5436434.94360000
1706068800000,2.61500000,2.64200000,2.56600000,2.59500000,4137205.10000000,10758744.08650000
1706083200000,2.59500000,2.64500000,2.55800000,2.58500000,4439800.70000000,11516855.50110000
1706097600000,2.58500000,2.60600000,2.54400000,2.60200000,2991145.00000000,7700165.10520000
1706112000000,2.60200000,2.63800000,2.56800000,2.60400000,2792276.10000000,7279471.91050000
1706126400000,2.60200000,2.69500000,2.59100000,2.68000000,1917320.00000000,5063636.75400000
1706140800000,2.68000000,2.72700000,2.64500000,2.65900000,2065105.80000000,5543986.30630000
1706155200000,2.65800000,2.68500000,2.63400000,2.67300000,1236470.60000000,3288087.62770000
1706169600000,2.67400000,2.72300000,2.62300000,2.71600000,1923420.20000000,5143492.20560000
1706184000000,2.71500000,2.74400000,2.60500000,2.62200000,2319946.10000000,6166640.00660000
1706198400000,2.62200000,2.73400000,2.61400000,2.69300000,2197234.50000000,5881353.43070000
1706212800000,2.69300000,2.74500000,2.68200000,2.69600000,1621517.40000000,4402556.50070000
1706227200000,2.69600000,2.75800000,2.64700000,2.72500000,1983146.40000000,5374142.89200000
1706241600000,2.72500000,2.79700000,2.72100000,2.74800000,2508977.90000000,6931495.37010000
1706256000000,2.74900000,2.94900000,2.74500000,2.92500000,6016350.10000000,17233897.79940000
1706270400000,2.92600000,2.99800000,2.90200000,2.98700000,4443457.50000000,13124724.39640000
1706284800000,2.98700000,3.00600000,2.89300000,2.89400000,4974759.90000000,14648698.01300000
1706299200000,2.89300000,2.93300000,2.80900000,2.91700000,5551132.70000000,15942554.89540000
1706313600000,2.91700000,2.96400000,2.90200000,2.93200000,2838235.50000000,8321311.98340000
1706328000000,2.93200000,2.94500000,2.83400000,2.83700000,1832074.60000000,5280196.92710000
1706342400000,2.83700000,2.90400000,2.82400000,2.89200000,2276722.00000000,6525401.41810000
1706356800000,2.89200000,2.92000000,2.87100000,2.90300000,1390665.00000000,4023532.54070000
1706371200000,2.90300000,2.94300000,2.88000000,2.92500000,1073643.00000000,3123189.23990000
1706385600000,2.92500000,2.94200000,2.89400000,2.91200000,1163075.50000000,3387403.59940000
1706400000000,2.91300000,3.05000000,2.90300000,3.04200000,3315004.00000000,9852030.32900000
1706414400000,3.04200000,3.05600000,2.97600000,2.99000000,5019959.30000000,15122417.52830000
1706428800000,2.99000000,3.07700000,2.97300000,3.01900000,3618216.30000000,10969905.26980000
1706443200000,3.01900000,3.01900000,2.92400000,2.94100000,4017367.40000000,11929004.51170000
1706457600000,2.94000000,2.96100000,2.89100000,2.90800000,1653445.30000000,4839256.98260000
1706472000000,2.90800000,2.93900000,2.86000000,2.88000000,1508119.50000000,4369874.10100000
1706486400000,2.88000000,2.92600000,2.85500000,2.90600000,1548494.90000000,4472538.12640000
1706500800000,2.90500000,2.93500000,2.87300000,2.88300000,1542941.90000000,4493319.84850000
1706515200000,2.88300000,2.97600000,2.87200000,2.93800000,1897734.40000000,5557158.01800000
1706529600000,2.93800000,2.96500000,2.85500000,2.94600000,1922588.00000000,5581047.21670000
1706544000000,2.94600000,3.04500000,2.92800000,3.02400000,3711161.60000000,11168034.90000000
1706558400000,3.02400000,3.06200000,3.00100000,3.00800000,1905310.70000000,5761119.43530000
1706572800000,3.00900000,3.04300000,2.95900000,2.97700000,2622497.40000000,7869540.91600000
1706587200000,2.97700000,3.01000000,2.96500000,2.99500000,1077349.70000000,3218373.13640000
1706601600000,2.99400000,3.17600000,2.97400000,3.15400000,5094505.60000000,15704477.78480000
1706616000000,3.15400000,3.17900000,3.03200000,3.06400000,4874731.70000000,15027674.10360000
1706630400000,3.06500000,3.23400000,3.04100000,3.16500000,5918317.80000000,18715167.85160000
1706644800000,3.16400000,3.17600000,2.99000000,3.01100000,2587493.80000000,7985730.82790000
1706659200000,3.01100000,3.03000000,2.89100000,2.94000000,3984932.70000000,11735439.06330000
1706673600000,2.94000000,2.95700000,2.90400000,2.94600000,2293591.50000000,6722365.91000000
1706688000000,2.94500000,2.95600000,2.83300000,2.90800000,4138341.20000000,11928333.49080000
1706702400000,2.90800000,2.91600000,2.82600000,2.91100000,2701231.40000000,7789839.47860000
1706716800000,2.91000000,2.97500000,2.90300000,2.92200000,2622436.50000000,7702071.72120000
1706731200000,2.92100000,2.92400000,2.78600000,2.82300000,2846627.10000000,8087751.00860000
1706745600000,2.82300000,2.84500000,2.72700000,2.78100000,3457557.70000000,9587574.43830000
1706760000000,2.78100000,2.80900000,2.76200000,2.78700000,1630202.10000000,4541529.75130000
1706774400000,2.78600000,2.80400000,2.75600000,2.76200000,1450064.10000000,4033283.85800000
1706788800000,2.76100000,2.85900000,2.74900000,2.81100000,2152074.40000000,6033572.01450000
1706803200000,2.81100000,2.86700000,2.77800000,2.86200000,2254924.80000000,6394790.72800000
1706817600000,2.86200000,2.87900000,2.82600000,2.85500000,1268076.90000000,3615630.91390000
1706832000000,2.85600000,2.89800000,2.83800000,2.86000000,1647975.50000000,4737071.99540000
1706846400000,2.86100000,2.88200000,2.83800000,2.87300000,1013547.10000000,2898941.96920000
1706860800000,2.87200000,2.91400000,2.83200000,2.89400000,2316761.10000000,6648183.74690000
1706875200000,2.89500000,2.94200000,2.84600000,2.93400000,3148177.80000000,9120439.31490000
1706889600000,2.93400000,2.94600000,2.86100000,2.90800000,1471561.50000000,4271606.86170000
1706904000000,2.90700000,2.92500000,2.88600000,2.90000000,1042197.20000000,3028114.84590000
1706918400000,2.90000000,2.94700000,2.86400000,2.86600000,1495964.60000000,4356012.59890000
1706932800000,2.86500000,2.88400000,2.82400000,2.83000000,1306342.30000000,3729945.36740000
1706947200000,2.83000000,2.84900000,2.82000000,2.82300000,905727.00000000,2569980.00080000
1706961600000,2.82300000,2.83500000,2.79700000,2.83300000,922334.50000000,2601868.72230000
1706976000000,2.83200000,2.87200000,2.82700000,2.84600000,914558.60000000,2603897.29910000
1706990400000,2.84600000,2.85300000,2.80900000,2.81500000,554615.40000000,1568184.95800000
1707004800000,2.81500000,2.81800000,2.78200000,2.79900000,1063257.00000000,2977452.29300000
1707019200000,2.80000000,2.80000000,2.74800000,2.76600000,901851.20000000,2498632.03730000
1707033600000,2.76600000,2.81200000,2.75700000,2.79600000,919480.90000000,2563875.97850000
1707048000000,2.79600000,2.81200000,2.77300000,2.79100000,681658.40000000,1903473.77470000
1707062400000,2.79100000,2.79400000,2.75100000,2.77900000,935773.20000000,2594878.10740000
1707076800000,2.77800000,2.82200000,2.75000000,2.75400000,1660195.00000000,4621446.00430000
1707091200000,2.75300000,2.77300000,2.69600000,2.75600000,1601682.10000000,4375449.08130000
1707105600000,2.75700000,2.79400000,2.74900000,2.79200000,1139844.30000000,3158152.79150000
1707120000000,2.79200000,2.80800000,2.76000000,2.78900000,1424828.00000000,3966888.91920000
1707134400000,2.78900000,2.81600000,2.73200000,2.74200000,2181060.70000000,6059914.78040000
1707148800000,2.74300000,2.78700000,2.72900000,2.76600000,1050177.50000000,2895223.89690000
1707163200000,2.76600000,2.76800000,2.70000000,2.75100000,990438.80000000,2708455.41230000
1707177600000,2.75000000,2.78000000,2.71000000,2.75300000,1612630.40000000,4422076.50380000
1707192000000,2.75400000,2.76600000,2.72700000,2.75200000,999761.30000000,2742669.30420000
1707206400000,2.75200000,2.77700000,2.68300000,2.71400000,2350912.00000000,6420179.42250000
1707220800000,2.71400000,2.73700000,2.69500000,2.72900000,1947231.60000000,5285371.68250000
1707235200000,2.72900000,2.76600000,2.71500000,2.75900000,1406111.40000000,3854813.64460000
1707249600000,2.75900000,2.77300000,2.73100000,2.73600000,1086128.90000000,2989626.32640000
1707264000000,2.73700000,2.76700000,2.72100000,2.72300000,958964.10000000,2629597.29660000
1707278400000,2.72300000,2.74000000,2.68700000,2.69800000,1396339.00000000,3783537.77030000
1707292800000,2.69900000,2.73100000,2.68400000,2.71000000,1440015.80000000,3901120.57880000
1707307200000,2.71000000,2.77900000,2.70800000,2.76600000,1884412.70000000,5172048.16030000
1707321600000,2.76600000,2.85100000,2.75500000,2.83600000,2688260.20000000,7560292.24000000
1707336000000,2.83800000,2.89400000,2.83800000,2.87000000,2653311.00000000,7622715.06770000
1707350400000,2.87000000,2.99100000,2.87000000,2.96300000,3673736.60000000,10777808.20840000
1707364800000,2.96200000,2.97800000,2.91400000,2.93800000,2369654.80000000,6966708.51540000
1707379200000,2.93800000,2.96600000,2.91700000,2.93400000,2043565.30000000,6013545.57330000
1707393600000,2.93500000,3.00200000,2.91400000,2.98400000,3083498.40000000,9136611.24580000
1707408000000,2.98500000,2.98800000,2.88500000,2.91700000,2689607.00000000,7874391.56860000
1707422400000,2.91800000,2.96000000,2.91300000,2.92200000,1621476.40000000,4756341.55210000
1707436800000,2.92200000,2.99700000,2.92000000,2.95300000,2247433.90000000,6659913.43170000
1707451200000,2.95300000,2.99100000,2.94000000,2.97600000,1818724.00000000,5391560.10720000
1707465600000,2.97600000,3.00500000,2.95700000,2.99700000,2582621.80000000,7702178.75830000
1707480000000,2.99700000,3.05600000,2.95000000,2.97400000,6785404.90000000,20362414.43420000
1707494400000,2.97500000,3.03000000,2.95600000,2.97200000,3309894.00000000,9879945.25550000
1707508800000,2.97300000,3.03600000,2.97200000,2.99500000,2074261.70000000,6228781.28420000
1707523200000,2.99500000,3.12100000,2.98100000,3.11100000,3134391.20000000,9553678.46890000
1707537600000,3.11100000,3.14800000,3.04800000,3.05100000,4012290.90000000,12450128.69980000
1707552000000,3.05000000,3.06700000,2.96200000,3.00100000,3367100.00000000,10160375.63740000
1707566400000,3.00200000,3.04800000,2.99000000,3.04200000,1900660.10000000,5742592.93130000
1707580800000,3.04100000,3.04600000,3.00000000,3.03600000,1344862.80000000,4066625.98980000
1707595200000,3.03600000,3.09000000,3.02500000,3.04300000,1664339.60000000,5094478.13980000
1707609600000,3.04300000,3.13500000,3.03400000,3.12100000,2418555.10000000,7493911.91630000
1707624000000,3.12100000,3.17900000,3.11100000,3.13500000,3453611.30000000,10861732.76130000
1707638400000,3.13500000,3.21000000,3.12900000,3.18300000,5219671.20000000,16570732.89400000
1707652800000,3.18200000,3.18500000,3.08200000,3.13200000,3070778.20000000,9607610.75580000
1707667200000,3.13100000,3.21000000,3.11300000,3.18100000,2747338.50000000,8710247.14100000
1707681600000,3.18000000,3.21700000,3.11300000,3.12500000,2700289.70000000,8531597.29470000
1707696000000,3.12600000,3.28400000,3.11300000,3.16800000,7494154.60000000,24044777.97620000
1707710400000,3.16800000,3.17600000,3.08500000,3.14700000,3697497.80000000,11587804.78180000
1707724800000,3.14700000,3.19000000,3.09500000,3.11300000,3514023.10000000,11035451.20660000
1707739200000,3.11200000,3.30000000,3.07400000,3.27700000,5040999.10000000,16104637.97450000
1707753600000,3.27700000,3.39200000,3.24200000,3.32700000,7214473.20000000,24064595.22780000
1707768000000,3.32700000,3.40000000,3.32700000,3.38100000,2330148.80000000,7846226.98670000
1707782400000,3.38000000,3.44700000,3.28100000,3.29700000,3658059.10000000,12353894.10690000
1707796800000,3.29700000,3.35500000,3.29600000,3.34200000,1651334.80000000,5493511.10310000
1707811200000,3.34300000,3.36300000,3.27500000,3.31000000,2155995.00000000,7171340.59570000
1707825600000,3.31000000,3.33300000,3.16500000,3.21500000,4992875.80000000,16155171.86790000
1707840000000,3.21500000,3.26300000,3.18600000,3.18900000,2814564.40000000,9047183.50060000
1707854400000,3.18900000,3.24500000,3.18500000,3.21400000,1545705.20000000,4968399.78160000
1707868800000,3.21400000,3.27100000,3.16700000,3.26400000,2341861.40000000,7531077.39990000
1707883200000,3.26400000,3.34200000,3.24200000,3.33400000,3454587.20000000,11394218.77800000
1707897600000,3.33400000,3.45400000,3.33000000,3.40800000,4881848.00000000,16620550.48820000
1707912000000,3.40800000,3.41800000,3.29800000,3.33800000,3641190.90000000,12232401.92600000
1707926400000,3.33900000,3.37300000,3.28500000,3.31100000,2373689.10000000,7868047.47280000
1707940800000,3.31000000,3.34200000,3.30300000,3.33400000,1479708.00000000,4915212.01250000
1707955200000,3.33500000,3.40900000,3.28500000,3.35300000,3196821.70000000,10708506.52570000
1707969600000,3.35200000,3.35400000,3.26300000,3.31300000,1925138.70000000,6373417.94190000
1707984000000,3.31200000,3.36700000,3.28500000,3.33300000,2908285.10000000,9697243.44160000
1707998400000,3.33300000,3.41100000,3.30000000,3.35000000,3812314.10000000,12798137.44200000
1708012800000,3.34900000,3.39800000,3.29200000,3.37300000,2567374.80000000,8602123.07190000
1708027200000,3.37300000,3.40000000,3.27300000,3.39900000,2168864.20000000,7221785.15740000
1708041600000,3.40000000,3.42200000,3.33000000,3.42200000,2742035.00000000,9272756.65840000
1708056000000,3.42200000,3.46100000,3.32400000,3.33100000,3458331.60000000,11763731.42960000
1708070400000,3.33000000,3.37900000,3.28000000,3.36100000,2433357.90000000,8113632.56650000
1708084800000,3.36000000,3.39000000,3.17200000,3.23200000,5194240.70000000,17032856.35910000
1708099200000,3.23100000,3.28600000,3.20800000,3.21900000,1919290.90000000,6232911.37160000
1708113600000,3.21800000,3.29000000,3.21300000,3.27900000,1040632.80000000,3381316.32670000
1708128000000,3.28000000,3.28100000,3.21400000,3.26300000,995723.60000000,3235160.05420000
1708142400000,3.26300000,3.30300000,3.24100000,3.29200000,763154.80000000,2501606.63500000
1708156800000,3.29400000,3.31000000,3.22900000,3.25800000,1753410.80000000,5728392.36220000
1708171200000,3.25700000,3.26700000,3.13200000,3.20400000,3235899.60000000,10342128.77010000
1708185600000,3.20400000,3.25000000,3.19300000,3.24900000,1023246.60000000,3302175.81850000
1708200000000,3.24900000,3.34900000,3.23900000,3.33100000,1394205.40000000,4605324.89720000
1708214400000,3.33200000,3.36900000,3.26400000,3.34200000,2429016.90000000,8068101.11660000
1708228800000,3.34200000,3.45300000,3.33800000,3.36400000,4706536.60000000,15965906.06730000
1708243200000,3.36300000,3.43500000,3.35800000,3.41700000,2529039.60000000,8605425.28050000
1708257600000,3.41700000,3.55900000,3.37400000,3.52700000,4694203.70000000,16277281.89250000
1708272000000,3.52700000,3.56000000,3.46300000,3.49300000,3419342.10000000,12024035.60730000
1708286400000,3.49200000,3.58400000,3.46700000,3.52100000,2019222.40000000,7122384.29850000
1708300800000,3.52100000,3.61600000,3.51300000,3.58300000,2646126.00000000,9445592.99960000
1708315200000,3.58400000,3.61700000,3.54200000,3.59900000,3128967.70000000,11190135.14890000
1708329600000,3.59800000,3.60000000,3.51100000,3.54300000,3248316.00000000,11522383.99620000
1708344000000,3.54200000,3.55300000,3.46700000,3.53100000,3290215.80000000,11568073.47520000
1708358400000,3.53100000,3.56400000,3.46700000,3.51500000,2495264.40000000,8760185.33090000
1708372800000,3.51400000,3.60000000,3.49200000,3.52900000,2442454.90000000,8682184.59310000
1708387200000,3.52900000,3.55700000,3.40300000,3.40600000,3055568.80000000,10585567.18660000
1708401600000,3.40600000,3.51700000,3.39300000,3.49000000,2137816.20000000,7401968.80430000
1708416000000,3.49000000,3.49900000,3.37600000,3.47000000,2548177.40000000,8765374.99360000
1708430400000,3.47100000,3.52400000,3.23900000,3.30500000,6244611.10000000,21202360.30830000
1708444800000,3.30500000,3.35900000,3.23600000,3.35800000,3034666.90000000,9999765.13880000
1708459200000,3.35900000,3.43400000,3.33700000,3.39500000,1830854.50000000,6200635.22590000
1708473600000,3.39600000,3.39700000,3.30700000,3.33000000,1321559.80000000,4415604.01510000
1708488000000,3.33000000,3.33800000,3.21000000,3.22500000,2030258.80000000,6611639.71580000
1708502400000,3.22600000,3.25800000,3.13800000,3.17700000,3682315.70000000,11789291.91000000
1708516800000,3.17600000,3.21900000,3.11000000,3.17400000,3591692.00000000,11373505.94750000
1708531200000,3.17500000,3.19900000,3.08500000,3.13200000,2846424.00000000,8937905.26190000
1708545600000,3.13200000,3.25500000,3.11900000,3.24100000,2498580.40000000,7950468.39900000
1708560000000,3.24100000,3.24100000,3.11700000,3.17700000,1980901.90000000,6287948.82640000
1708574400000,3.17700000,3.27500000,3.16300000,3.27400000,1935376.20000000,6207858.84750000
1708588800000,3.27400000,3.33000000,3.24200000,3.25600000,3149648.70000000,10386687.39800000
1708603200000,3.25600000,3.27200000,3.16800000,3.24800000,2305610.70000000,7430440.59400000
1708617600000,3.24800000,3.29900000,3.19400000,3.26400000,1588405.10000000,5158156.62510000
1708632000000,3.26300000,3.34900000,3.24100000,3.25000000,2738608.90000000,9053136.14590000
1708646400000,3.25000000,3.29100000,3.18100000,3.20400000,1938527.30000000,6272679.58310000
1708660800000,3.20400000,3.26400000,3.17000000,3.20700000,1404612.80000000,4532856.97880000
1708675200000,3.20700000,3.24100000,3.15900000,3.22900000,1881167.20000000,6021474.41120000
1708689600000,3.23000000,3.33700000,3.18000000,3.26700000,4539073.90000000,14854812.80290000
1708704000000,3.26800000,3.39300000,3.14800000,3.38000000,5103309.90000000,16772096.31420000
1708718400000,3.38000000,3.43000000,3.30800000,3.36400000,3009282.90000000,10178737.45660000
1708732800000,3.36300000,3.44700000,3.29400000,3.40000000,4483956.20000000,15114295.80880000
1708747200000,3.39900000,3.58100000,3.38600000,3.55600000,5644660.30000000,19703336.71420000
1708761600000,3.55700000,3.61100000,3.51500000,3.56500000,5817811.90000000,20755727.57490000
1708776000000,3.56500000,3.58000000,3.49200000,3.56600000,3229708.20000000,11422942.21760000
1708790400000,3.56500000,3.82200000,3.54300000,3.82200000,6063094.80000000,22330934.22540000
1708804800000,3.82200000,3.93300000,3.76400000,3.86400000,5814035.00000000,22318574.14860000
1708819200000,3.86600000,3.88000000,3.70200000,3.72000000,5463465.90000000,20706414.98200000
1708833600000,3.72000000,3.80600000,3.70500000,3.78800000,3846904.60000000,14441729.73310000
1708848000000,3.78800000,3.80400000,3.66700000,3.69900000,3496071.40000000,13077685.58690000
1708862400000,3.69900000,3.74300000,3.65500000,3.71700000,2466167.00000000,9105385.17380000
1708876800000,3.71800000,3.77200000,3.69400000,3.73800000,1673924.40000000,6261658.22960000
1708891200000,3.73700000,3.76500000,3.67100000,3.70400000,1539870.50000000,5707961.97200000
1708905600000,3.70400000,3.72100000,3.64400000,3.67500000,2363199.30000000,8674767.37580000
1708920000000,3.67400000,3.84300000,3.65800000,3.83600000,4348530.80000000,16426109.49170000
1708934400000,3.83600000,3.92000000,3.69700000,3.74100000,7095167.80000000,26916216.35430000
1708948800000,3.74100000,4.14500000,3.70600000,4.11700000,12192667.70000000,48463479.29160000
1708963200000,4.11600000,4.19800000,4.03700000,4.13400000,7971992.30000000,32830963.94650000
1708977600000,4.13400000,4.18700000,4.06300000,4.09700000,4170711.40000000,17189493.50350000
1708992000000,4.09700000,4.14800000,4.00000000,4.01300000,4940353.70000000,20056938.24610000
1709006400000,4.01400000,4.11900000,3.96300000,3.98400000,3981268.20000000,16058632.05480000
1709020800000,3.98400000,4.03600000,3.95500000,3.98400000,3097518.50000000,12363543.01880000
1709035200000,3.98400000,4.07700000,3.90000000,3.91300000,5808276.80000000,23145511.57190000
1709049600000,3.91400000,4.01200000,3.84400000,3.93700000,4709858.60000000,18513863.23420000
1709064000000,3.93600000,4.04000000,3.91700000,3.94100000,2292093.30000000,9090559.91440000
1709078400000,3.94200000,4.05600000,3.88900000,3.89200000,3014810.90000000,11940267.56010000
1709092800000,3.89200000,3.96100000,3.83700000,3.94200000,3065161.70000000,11955619.44930000
1709107200000,3.94100000,4.07600000,3.83300000,3.88400000,7217537.50000000,28627296.79350000
1709121600000,3.88400000,4.00900000,3.88000000,3.98200000,5206247.80000000,20516886.76090000
1709136000000,3.98200000,4.09900000,3.51400000,3.71900000,10480444.00000000,40220028.59340000
1709150400000,3.71900000,3.97500000,3.68200000,3.89700000,3784217.20000000,14524047.76120000
1709164800000,3.89600000,4.01400000,3.79900000,3.90700000,4528426.80000000,17851960.77230000
1709179200000,3.90800000,3.94500000,3.84900000,3.93500000,4505755.80000000,17570788.53980000
1709193600000,3.93600000,4.09000000,3.92300000,3.96400000,6010085.00000000,24052952.87440000
1709208000000,3.96300000,4.04200000,3.91100000,3.99200000,3505144.60000000,13951881.25650000
1709222400000,3.99300000,4.04000000,3.84200000,4.01600000,4704779.50000000,18492369.42040000
1709236800000,4.01700000,4.02400000,3.72000000,3.87700000,3383120.50000000,13102573.85430000
1709251200000,3.87900000,4.04200000,3.87400000,4.00500000,3707922.60000000,14752585.55810000
1709265600000,4.00600000,4.12500000,3.94000000,3.95000000,3553995.40000000,14354715.96950000
1709280000000,3.95100000,4.05000000,3.93200000,4.02000000,2478468.20000000,9919014.15830000
1709294400000,4.01900000,4.05700000,3.91000000,3.93200000,4586173.60000000,18268814.86970000
1709308800000,3.93200000,3.96500000,3.88600000,3.91100000,3125579.50000000,12258434.39250000
1709323200000,3.91100000,3.97000000,3.89700000,3.95700000,3152777.10000000,12389541.84520000
1709337600000,3.95700000,4.04500000,3.87800000,4.03900000,4041790.30000000,16056612.19710000
1709352000000,4.03900000,4.12200000,3.99600000,4.11900000,4301669.10000000,17466635.09630000
1709366400000,4.11800000,4.14700000,4.00700000,4.08700000,4405004.60000000,18005587.15260000
1709380800000,4.08700000,4.29600000,4.07500000,4.23500000,7759642.80000000,32599304.91620000
1709395200000,4.23500000,4.29500000,4.16400000,4.27400000,3184661.70000000,13499805.98480000
1709409600000,4.27400000,4.49800000,4.22500000,4.48400000,4298664.80000000,18710422.75280000
1709424000000,4.48500000,4.49600000,4.31600000,4.34600000,4356958.40000000,19074966.07000000
1709438400000,4.34700000,4.36100000,3.90000000,4.10400000,6660570.90000000,27693541.94710000
1709452800000,4.10400000,4.27600000,4.05800000,4.21800000,6841590.50000000,28572686.13040000
1709467200000,4.21900000,4.35300000,4.20400000,4.29500000,4697194.70000000,20203535.94550000
1709481600000,4.29500000,4.45600000,4.26400000,4.38800000,4348808.90000000,18997303.10840000
1709496000000,4.38800000,4.50300000,4.37900000,4.43200000,3601318.90000000,15978964.31550000
1709510400000,4.43200000,4.77900000,4.43200000,4.51300000,9863519.80000000,45401803.45730000
1709524800000,4.51200000,4.54500000,4.42400000,4.50900000,4603030.60000000,20655264.84610000
1709539200000,4.50800000,4.59800000,4.44400000,4.54800000,5751584.10000000,26054616.95160000
1709553600000,4.54700000,4.59900000,4.41100000,4.45300000,5087723.20000000,22927247.82760000
1709568000000,4.45300000,4.47100000,4.22200000,4.33300000,5379507.80000000,23319521.54420000
1709582400000,4.33300000,4.38000000,4.26900000,4.34000000,3062977.50000000,13248814.93220000
1709596800000,4.34100000,4.34200000,4.21400000,4.25300000,3784243.10000000,16170576.67100000
1709611200000,4.25200000,4.47700000,4.17100000,4.34500000,7861980.00000000,34208340.77050000
1709625600000,4.34500000,4.43700000,4.30400000,4.34000000,3868406.60000000,16905609.82500000
1709640000000,4.34000000,4.43600000,4.23900000,4.36000000,7342697.40000000,31840266.92130000
1709654400000,4.36000000,4.48300000,3.55800000,3.85100000,12547663.30000000,52952484.03490000
1709668800000,3.84600000,4.28600000,3.76400000,4.24500000,6984685.20000000,27758526.12840000
1709683200000,4.24500000,4.29900000,4.00000000,4.05700000,3931137.30000000,16169215.09230000
1709697600000,4.05700000,4.33100000,4.04500000,4.32600000,3597371.00000000,15096142.19280000
1709712000000,4.32700000,4.58200000,4.29600000,4.47400000,7080219.10000000,31630168.52000000
1709726400000,4.47300000,4.82500000,4.30000000,4.79700000,13644062.90000000,62513460.44600000
1709740800000,4.79800000,5.55300000,4.79800000,5.37900000,26833552.10000000,140891222.84380000
1709755200000,5.37900000,5.95800000,5.16000000,5.89500000,18678422.80000000,106283913.11070000
1709769600000,5.89400000,6.19500000,5.66500000,5.73300000,19285223.60000000,113674670.81380000
1709784000000,5.73300000,5.87100000,5.49200000,5.56600000,10250818.70000000,58232952.75340000
1709798400000,5.56600000,5.74600000,5.53400000,5.58300000,6811189.90000000,38457243.84290000
1709812800000,5.58400000,5.66400000,5.38600000,5.50900000,5223245.40000000,28796949.63100000
1709827200000,5.51000000,5.68300000,5.49400000,5.53900000,5430024.40000000,30262597.59940000
1709841600000,5.54100000,5.57500000,5.42900000,5.52100000,4337272.60000000,23879224.16950000
1709856000000,5.52100000,5.70900000,5.32600000,5.39200000,8017613.70000000,43771732.16960000
1709870400000,5.39100000,5.42900000,5.34900000,5.35100000,3930915.40000000,21186231.00180000
1709884800000,5.35000000,5.41100000,5.30200000,5.37300000,5046796.40000000,27039980.33290000
1709899200000,5.37300000,5.47400000,5.10700000,5.33400000,8688917.00000000,46592569.70100000
1709913600000,5.33500000,5.63700000,5.19400000,5.55800000,9212452.60000000,49891531.13910000
1709928000000,5.55700000,5.76600000,5.51900000,5.74500000,5061751.90000000,28605461.39910000
1709942400000,5.74600000,5.88800000,5.59600000,5.66600000,4831356.70000000,27555582.69380000
1709956800000,5.66700000,6.29000000,5.65500000,6.28400000,8981109.70000000,54265367.17130000
1709971200000,6.28400000,6.49100000,6.15300000,6.25700000,9707530.10000000,61221993.22350000
1709985600000,6.25800000,6.33700000,6.10500000,6.14100000,5880102.80000000,36435052.65310000
1710000000000,6.14100000,6.15800000,6.00100000,6.01900000,2997474.80000000,18193357.12690000
1710014400000,6.01800000,6.23500000,6.00900000,6.19300000,2258298.10000000,13782399.67690000
1710028800000,6.19400000,6.29500000,5.96000000,6.06100000,4411150.50000000,26888155.54210000
1710043200000,6.06100000,6.14400000,5.99800000,6.05600000,2258738.40000000,13715158.71680000
1710057600000,6.05800000,6.15700000,5.91200000,6.11200000,4415296.80000000,26653519.31390000
1710072000000,6.11200000,6.13100000,5.81700000,5.87800000,3689140.60000000,21904571.37880000
1710086400000,5.87900000,6.05000000,5.86100000,5.92900000,2227377.10000000,13276980.19770000
1710100800000,5.92800000,5.98400000,5.75600000,5.94700000,2163481.20000000,12701951.46180000
1710115200000,5.94700000,6.78900000,5.60000000,6.68700000,12652799.00000000,78793729.89160000
1710129600000,6.68800000,7.10600000,6.68600000,6.81100000,11500051.40000000,79466778.80930000
1710144000000,6.81100000,7.22200000,6.70000000,6.98900000,8798320.20000000,61348322.10830000
1710158400000,6.98800000,7.30600000,6.84500000,6.89500000,7352592.50000000,51723695.30730000
1710172800000,6.89600000,6.94500000,6.74100000,6.80300000,3505110.50000000,23924962.34520000
1710187200000,6.80500000,6.80900000,6.59700000,6.67900000,3370502.90000000,22564832.37660000
1710201600000,6.68000000,6.89300000,6.63200000,6.84400000,4873752.00000000,33053765.12280000
1710216000000,6.84500000,7.06800000,6.76500000,7.05900000,5916661.00000000,40992354.76040000
1710230400000,7.06000000,7.23900000,6.70500000,7.04400000,7416024.70000000,52107578.10810000
1710244800000,7.04300000,7.56800000,6.90600000,7.47500000,12937791.00000000,94622174.71900000
1710259200000,7.47400000,7.85300000,7.01400000,7.78400000,11378928.20000000,85499729.92310000
1710273600000,7.78400000,8.09000000,7.66600000,8.07800000,4990297.40000000,39252968.85970000
1710288000000,8.07700000,8.50000000,7.99700000,8.46000000,9591488.60000000,79388953.82630000
1710302400000,8.45800000,8.53500000,7.82500000,7.93700000,6936736.90000000,56283029.73010000
1710316800000,7.93600000,8.05900000,7.82200000,8.02700000,4079628.30000000,32284113.02060000
1710331200000,8.02900000,8.05200000,7.59100000,7.85600000,6560244.10000000,51437847.91520000
1710345600000,7.85500000,7.98700000,7.74500000,7.89800000,2422085.90000000,19052202.57200000
1710360000000,7.89600000,7.98500000,7.70300000,7.76100000,2563598.60000000,20035329.63720000
1710374400000,7.76000000,7.92300000,7.62000000,7.82600000,5008671.20000000,39099375.44440000
1710388800000,7.82600000,8.05200000,7.67200000,7.82300000,5231484.80000000,41167928.05890000
1710403200000,7.82200000,8.14800000,7.79600000,7.99900000,5096014.30000000,40728189.38640000
1710417600000,8.00200000,8.17000000,7.60100000,7.87800000,6727861.30000000,53049877.49620000
1710432000000,7.87300000,8.40100000,7.70000000,7.95000000,8894694.80000000,71681317.85540000
1710446400000,7.94800000,8.91400000,7.93000000,8.86100000,9780266.40000000,83508790.05470000
1710460800000,8.86100000,9.01000000,7.88300000,8.32100000,12272255.40000000,105140872.20040000
1710475200000,8.32200000,8.35900000,7.81700000,7.97300000,9669249.80000000,77958433.37710000
1710489600000,7.97200000,7.98000000,6.98700000,7.48800000,16706729.20000000,125096686.97430000
1710504000000,7.48700000,7.84000000,7.33100000,7.37700000,10394321.00000000,77862333.14770000
1710518400000,7.37500000,7.69900000,7.18700000,7.30800000,9063577.60000000,66951059.34590000
1710532800000,7.30700000,7.53400000,7.04900000,7.48700000,6701638.20000000,49010789.98950000
1710547200000,7.48700000,7.52600000,7.26700000,7.36800000,5308911.00000000,39141830.54980000
1710561600000,7.36800000,7.90000000,7.12500000,7.82800000,7334126.60000000,55346568.12400000
1710576000000,7.82800000,7.97300000,7.48300000,7.61200000,7859350.60000000,60788637.92360000
1710590400000,7.61200000,7.76100000,7.19300000,7.34700000,6206723.50000000,46313190.41030000
1710604800000,7.34600000,7.35300000,6.58000000,6.65200000,7601421.10000000,52570654.89390000
1710619200000,6.65100000,6.83800000,6.51200000,6.72700000,5082877.90000000,33930530.40450000
1710633600000,6.72600000,7.18100000,6.62500000,7.16500000,6345463.00000000,43920593.30520000
1710648000000,7.16600000,7.25000000,6.83500000,7.19400000,5326829.30000000,37544992.86580000
1710662400000,7.19400000,7.79800000,7.14000000,7.64200000,8236638.60000000,62016553.75370000
1710676800000,7.64300000,8.25600000,7.52400000,8.19200000,10266484.30000000,81565742.47080000
1710691200000,8.19200000,8.38600000,7.73000000,8.18800000,5751591.30000000,46953980.07910000
1710705600000,8.18800000,8.44300000,8.06500000,8.24400000,3910284.70000000,32167776.53920000
1710720000000,8.24300000,8.58100000,7.97700000,8.35100000,9431635.20000000,78570068.88540000
1710734400000,8.35100000,8.35400000,7.75100000,7.75900000,7454295.60000000,59536658.80850000
1710748800000,7.76000000,7.79900000,7.59600000,7.62900000,8603252.70000000,66085552.86840000
1710763200000,7.62900000,7.74000000,7.25300000,7.36200000,9922735.30000000,73780593.52780000
1710777600000,7.36200000,7.42800000,6.85500000,6.88700000,8272447.70000000,58430364.73040000
1710792000000,6.88700000,7.21300000,6.88700000,7.02600000,6840146.70000000,48264994.30130000
1710806400000,7.02400000,7.13100000,6.55000000,6.87000000,11991513.10000000,81783644.88410000
1710820800000,6.87100000,6.92800000,6.39400000,6.84100000,7196382.60000000,48179482.02190000
1710835200000,6.84200000,6.84200000,6.32000000,6.70500000,8494677.30000000,55756602.92550000
1710849600000,6.70500000,7.00600000,6.55400000,6.95500000,8304871.90000000,56143232.82040000
1710864000000,6.95600000,6.99400000,6.68300000,6.72000000,4912773.90000000,33504748.47020000
1710878400000,6.71900000,6.73800000,6.20200000,6.35400000,4907652.40000000,31583886.78120000
1710892800000,6.35200000,6.44600000,6.10000000,6.25300000,6222481.90000000,39134776.62260000
1710907200000,6.25300000,6.60200000,6.01000000,6.56400000,6054587.20000000,37993247.62080000
1710921600000,6.56500000,6.58000000,6.33900000,6.43900000,4836285.10000000,31177917.46740000
1710936000000,6.43900000,6.66900000,6.29900000,6.35100000,7116874.00000000,45937026.76950000
1710950400000,6.35100000,6.89000000,6.26900000,6.76700000,8341924.30000000,55211768.46020000
1710964800000,6.76700000,7.01100000,6.72700000,6.91200000,7040620.80000000,48574520.92940000
1710979200000,6.91200000,6.93400000,6.67600000,6.70600000,4327409.40000000,29500308.44110000
1710993600000,6.70600000,6.75600000,6.53900000,6.64800000,3466366.20000000,23063318.46810000
1711008000000,6.64700000,6.73900000,6.53200000,6.55800000,2924305.00000000,19382143.62380000
1711022400000,6.55900000,6.72200000,6.54300000,6.60800000,4481036.00000000,29711431.24430000
1711036800000,6.60900000,6.99100000,6.41000000,6.55100000,6830976.60000000,45602371.96370000
1711051200000,6.55000000,6.66200000,6.41600000,6.44900000,2151821.60000000,14002231.38850000
1711065600000,6.44800000,6.52800000,6.21700000,6.44700000,3566317.70000000,22627415.80940000
1711080000000,6.44800000,6.67600000,6.42000000,6.65000000,2778660.50000000,18269593.27910000
1711094400000,6.65000000,6.75000000,6.51500000,6.69900000,5440383.10000000,36266065.13130000
1711108800000,6.69900000,6.83500000,6.32300000,6.38800000,6365470.90000000,41788084.73700000
1711123200000,6.38800000,6.48500000,6.31400000,6.42900000,2759237.10000000,17612642.64130000
1711137600000,6.43100000,6.49500000,6.21000000,6.49100000,1675319.40000000,10607110.90850000
1711152000000,6.49200000,6.62700000,6.36100000,6.59600000,2580315.40000000,16828121.22830000
1711166400000,6.59600000,6.72100000,6.56400000,6.62900000,2104239.30000000,13999328.19840000
1711180800000,6.62900000,6.69300000,6.58400000,6.66400000,1689877.30000000,11208303.93250000
1711195200000,6.66300000,6.80000000,6.63200000,6.73500000,2910904.60000000,19584041.21750000
1711209600000,6.73400000,6.78800000,6.66800000,6.68000000,1311983.10000000,8809659.90180000
1711224000000,6.67900000,6.79900000,6.61100000,6.61700000,1625398.40000000,10907770.95390000
1711238400000,6.61700000,6.70500000,6.51000000,6.51600000,1606609.30000000,10621919.67280000
1711252800000,6.51700000,6.54700000,6.45300000,6.51400000,1327661.20000000,8632430.18010000
1711267200000,6.51400000,6.60300000,6.50200000,6.55100000,1259447.10000000,8241090.95850000
1711281600000,6.54900000,6.60200000,6.51600000,6.57000000,1367791.30000000,8969260.46450000
1711296000000,6.57000000,6.63300000,6.42800000,6.61900000,1581855.40000000,10346271.29030000
1711310400000,6.61900000,7.00500000,6.59200000,7.00100000,4080754.90000000,28154868.16660000
1711324800000,7.00100000,7.27400000,6.97300000,7.14600000,5338665.90000000,38122890.11110000
1711339200000,7.14500000,7.24300000,7.06600000,7.06600000,2644260.30000000,18957114.29190000
1711353600000,7.06600000,7.53200000,7.06300000,7.30100000,6890796.80000000,50739457.56130000
1711368000000,7.30200000,7.57500000,7.29300000,7.54200000,5073276.00000000,37680884.88700000
1711382400000,7.54200000,7.76100000,7.45600000,7.67700000,4802753.60000000,36485526.79540000
1711396800000,7.67700000,7.73200000,7.42200000,7.45000000,3325358.60000000,25152956.90900000
1711411200000,7.45000000,7.91500000,7.41800000,7.85000000,4577101.30000000,35222288.25920000
1711425600000,7.85000000,7.99600000,7.78600000,7.92000000,4246221.60000000,33594811.42770000
1711440000000,7.92000000,7.98900000,7.75000000,7.96700000,3648285.50000000,28722651.18100000
1711454400000,7.96700000,8.08700000,7.62200000,7.74200000,7337848.10000000,57573088.92050000
1711468800000,7.74200000,7.80900000,7.53900000,7.69100000,4102251.70000000,31451443.79060000
1711483200000,7.69200000,8.02900000,7.56100000,7.66300000,5511353.70000000,42859366.03430000
1711497600000,7.66400000,7.76400000,7.53400000,7.55100000,2724612.10000000,20805789.24540000
1711512000000,7.55100000,7.66900000,7.46400000,7.49100000,2773436.10000000,21024012.43960000
1711526400000,7.49200000,7.84500000,7.35400000,7.72300000,5727493.70000000,43755059.83110000
1711540800000,7.72200000,7.90800000,7.20000000,7.23500000,6979788.80000000,52894742.88590000
1711555200000,7.23800000,7.31400000,7.08200000,7.18700000,3660017.80000000,26364867.61840000
1711569600000,7.18800000,7.31300000,7.18400000,7.25500000,1807689.80000000,13119706.89830000
1711584000000,7.25500000,7.38700000,7.11100000,7.22300000,2517353.90000000,18255333.21340000
1711598400000,7.22300000,7.37800000,7.21100000,7.37700000,1298189.00000000,9485935.20780000
1711612800000,7.37600000,7.44200000,7.26100000,7.33400000,2332532.80000000,17154190.46450000
1711627200000,7.33500000,7.34400000,7.17100000,7.33200000,2942953.50000000,21365453.75570000
1711641600000,7.33300000,7.36300000,7.16200000,7.20600000,1653748.20000000,11960724.85700000
1711656000000,7.20600000,7.25500000,7.15000000,7.19100000,1120247.60000000,8074103.72690000
1711670400000,7.19100000,7.20300000,7.00200000,7.07900000,1950864.40000000,13844620.31300000
1711684800000,7.07900000,7.13700000,6.92200000,6.94500000,1702964.70000000,11982386.20930000
1711699200000,6.94500000,7.09600000,6.89000000,7.06700000,1657811.90000000,11603547.90400000
1711713600000,7.06600000,7.16100000,6.90000000,6.96900000,2246255.30000000,15849089.34180000
1711728000000,6.96900000,7.05400000,6.91600000,6.96200000,1532031.20000000,10686809.83790000
1711742400000,6.96100000,7.00000000,6.85200000,6.97400000,1181483.70000000,8199843.72010000
1711756800000,6.97400000,7.17100000,6.92700000,7.13400000,1703939.20000000,12050085.08300000
1711771200000,7.13500000,7.32200000,7.12700000,7.13500000,2555103.10000000,18472071.11700000
1711785600000,7.13400000,7.20100000,7.04100000,7.18500000,1741814.00000000,12395516.71310000
1711800000000,7.18500000,7.20000000,7.08800000,7.11500000,1245644.30000000,8888722.98540000
1711814400000,7.11400000,7.14200000,6.98300000,7.03700000,1169966.10000000,8264799.22840000
1711828800000,7.03500000,7.09000000,6.90900000,6.93800000,1059407.30000000,7401081.68460000
1711843200000,6.94100000,7.15000000,6.90600000,7.01200000,1523952.40000000,10740401.27450000
1711857600000,7.01200000,7.20100000,6.98800000,7.19000000,1479515.30000000,10532492.07840000
1711872000000,7.19000000,7.25700000,7.10900000,7.19600000,1285533.90000000,9229333.61850000
1711886400000,7.19500000,7.36300000,7.18600000,7.29500000,1950021.00000000,14173255.79350000
1711900800000,7.29600000,7.35300000,7.15900000,7.23200000,1346043.80000000,9762830.15720000
1711915200000,7.23200000,7.30400000,7.12400000,7.29400000,1535315.60000000,11061015.45740000
1711929600000,7.29500000,7.37200000,7.14900000,7.17900000,1734421.70000000,12587181.35210000
1711944000000,7.17900000,7.20500000,6.72900000,6.93100000,4251350.60000000,29402880.85520000
1711958400000,6.93000000,6.93000000,6.72500000,6.73800000,2521072.80000000,17134602.48500000
1711972800000,6.73700000,6.87700000,6.57200000,6.67300000,3693185.70000000,24810924.90440000
1711987200000,6.67100000,6.75300000,6.56800000,6.75200000,1779594.20000000,11851792.61370000
1712001600000,6.75300000,6.79200000,6.70500000,6.73300000,941125.60000000,6347986.18380000
1712016000000,6.73400000,6.73400000,6.21900000,6.36400000,3462963.60000000,22299987.87040000
1712030400000,6.36300000,6.41500000,6.27700000,6.31900000,1812746.60000000,11519533.71390000
1712044800000,6.31900000,6.34400000,6.12900000,6.21200000,2868752.30000000,17838131.73610000
1712059200000,6.21100000,6.40800000,6.11000000,6.23400000,3264682.80000000,20451717.68900000
1712073600000,6.23300000,6.33700000,6.18500000,6.26600000,2263792.60000000,14180948.27040000
1712088000000,6.26400000,6.32000000,6.16200000,6.21600000,1254965.40000000,7839415.49120000
1712102400000,6.21600000,6.44200000,5.99800000,6.37800000,3785305.90000000,23704729.36830000
1712116800000,6.37800000,6.82000000,6.37000000,6.73200000,5065764.20000000,33535448.42320000
1712131200000,6.73200000,6.90600000,6.66400000,6.74500000,4156969.20000000,28247775.97420000
1712145600000,6.74600000,6.86800000,6.64000000,6.68700000,3865555.10000000,26080349.58340000
1712160000000,6.68600000,6.78000000,6.53800000,6.68000000,3163160.20000000,21055862.68590000
1712174400000,6.68000000,6.71200000,6.44600000,6.59600000,2733498.50000000,18048638.29320000
1712188800000,6.59700000,6.70100000,6.35000000,6.41900000,3113968.90000000,20319642.00310000
1712203200000,6.42000000,6.72400000,6.33700000,6.65900000,2774664.00000000,18091136.91010000
1712217600000,6.66200000,6.91200000,6.65200000,6.85900000,3663965.00000000,24930986.08020000
1712232000000,6.85900000,7.02400000,6.80100000,6.95400000,3985713.60000000,27596432.67910000
1712246400000,6.95500000,7.03400000,6.77500000,6.79400000,3879189.50000000,26802809.63480000
1712260800000,6.79400000,6.80100000,6.60000000,6.72700000,2588027.50000000,17298643.15040000
1712275200000,6.72900000,6.90200000,6.59000000,6.82100000,3939361.80000000,26610883.88130000
1712289600000,6.82100000,6.82100000,6.57300000,6.69700000,4263082.70000000,28557382.32370000
1712304000000,6.69700000,6.77000000,6.45900000,6.57600000,4016650.80000000,26559279.06240000
1712318400000,6.58000000,7.18900000,6.51400000,7.18600000,6658394.40000000,45986708.75380000
1712332800000,7.18500000,7.50000000,7.13300000,7.40900000,8493850.30000000,62207869.95020000
1712347200000,7.40900000,7.49300000,7.13500000,7.22200000,4333692.20000000,31646178.77890000
1712361600000,7.22300000,7.30600000,7.07100000,7.12500000,3028794.10000000,21728066.17920000
1712376000000,7.12600000,7.16800000,7.06700000,7.09000000,2037508.00000000,14468281.82010000
1712390400000,7.09000000,7.12900000,7.00400000,7.03700000,1727478.50000000,12208216.52920000
1712404800000,7.03800000,7.07200000,6.91800000,7.03900000,2483141.10000000,17346731.87660000
1712419200000,7.03900000,7.06400000,6.89500000,6.92300000,1431876.40000000,9969030.88460000
1712433600000,6.91900000,7.06900000,6.91400000,7.02200000,1449220.40000000,10141925.00460000
1712448000000,7.02200000,7.14300000,6.99000000,6.99800000,1893912.80000000,13377993.36670000
1712462400000,6.99800000,7.02500000,6.95100000,7.00300000,2365611.60000000,16513876.42660000
1712476800000,7.00100000,7.09500000,6.91600000,6.96000000,1782069.70000000,12458135.47640000
1712491200000,6.96000000,7.03600000,6.92000000,6.93600000,2040516.80000000,14222684.41420000
1712505600000,6.93600000,7.03000000,6.87400000,6.91800000,2062828.30000000,14319539.38100000
1712520000000,6.91800000,6.94100000,6.81800000,6.91600000,978783.90000000,6740420.49510000
1712534400000,6.91600000,7.04500000,6.83600000,6.98100000,2001709.40000000,13927304.66460000
1712548800000,6.98400000,7.28100000,6.95200000,7.26000000,3572420.00000000,25481165.73520000
1712563200000,7.26200000,7.57900000,7.23700000,7.48000000,7068925.10000000,52659952.45780000
1712577600000,7.47900000,7.49300000,7.22100000,7.35600000,3609271.80000000,26503116.10610000
1712592000000,7.35600000,7.48800000,7.33700000,7.37600000,2704393.60000000,20025708.82400000
1712606400000,7.37600000,7.42700000,7.33100000,7.35800000,1296238.00000000,9555202.02310000
1712620800000,7.35800000,7.44500000,7.28700000,7.37600000,2023243.70000000,14881643.88810000
1712635200000,7.37700000,7.68600000,7.24700000,7.28500000,6012889.30000000,44908226.95280000
1712649600000,7.28400000,7.63500000,7.17000000,7.58700000,5451922.10000000,40620105.69390000
1712664000000,7.58600000,7.70000000,7.20900000,7.27700000,5971056.30000000,44335480.71410000
1712678400000,7.27800000,7.42300000,7.17500000,7.32800000,2799494.80000000,20433290.89640000
1712692800000,7.32700000,7.45500000,7.18100000,7.22700000,1759062.10000000,12876070.92350000
1712707200000,7.22400000,7.31800000,6.87000000,7.01400000,3550867.10000000,25072271.74130000
1712721600000,7.01500000,7.09400000,6.95500000,6.99300000,2363160.00000000,16589989.48720000
1712736000000,6.99300000,6.99300000,6.84400000,6.91900000,2066294.20000000,14282743.78070000
1712750400000,6.91900000,6.93500000,6.64300000,6.80200000,4132270.00000000,28019935.61550000
1712764800000,6.80200000,7.01700000,6.74400000,6.97400000,2745221.20000000,18900059.57560000
1712779200000,6.97400000,7.12000000,6.91200000,6.98300000,1798043.40000000,12622494.63010000
1712793600000,6.98300000,7.06200000,6.90400000,6.97500000,1427482.40000000,9953630.41130000
1712808000000,6.97600000,7.24500000,6.92000000,7.22600000,2107925.70000000,14966426.92620000
1712822400000,7.22400000,7.33400000,7.01500000,7.03500000,3089725.60000000,22254551.91790000
1712836800000,7.03400000,7.11800000,6.83400000,6.88000000,3201608.50000000,22293024.04200000
1712851200000,6.87900000,6.93000000,6.73300000,6.82000000,2169242.00000000,14802179.70310000
1712865600000,6.82000000,6.87400000,6.76600000,6.79500000,1422269.70000000,9708156.03650000
1712880000000,6.79500000,6.89700000,6.76500000,6.88700000,1352563.00000000,9242944.94430000
1712894400000,6.88800000,6.91800000,6.75600000,6.77500000,1404088.30000000,9599078.52110000
1712908800000,6.77500000,6.86200000,6.75900000,6.82400000,1403332.10000000,9553803.31570000
1712923200000,6.82500000,6.82600000,6.52300000,6.53100000,2828173.40000000,18723040.89150000
1712937600000,6.53100000,6.58700000,5.20000000,5.63000000,14755877.20000000,86705805.23960000
1712952000000,5.62900000,5.83500000,5.61000000,5.78800000,4567135.00000000,26166331.33190000
1712966400000,5.78700000,5.81500000,5.52300000,5.70600000,4109467.20000000,23223642.14060000
1712980800000,5.70600000,5.84500000,5.66400000,5.70700000,2274467.90000000,13119107.98860000
1712995200000,5.70600000,5.84500000,5.64900000,5.78400000,2118142.30000000,12149089.56780000
1713009600000,5.78400000,5.85800000,5.65600000,5.67900000,2525604.90000000,14546542.70430000
1713024000000,5.67900000,5.70700000,4.78600000,4.90700000,14707765.20000000,77568939.11280000
1713038400000,4.90500000,5.45000000,4.27900000,5.21500000,22560844.40000000,106469209.52890000
1713052800000,5.21500000,5.24300000,4.92000000,5.08500000,7438951.70000000,37804353.74100000
1713067200000,5.08400000,5.61600000,5.04300000,5.53800000,6959873.80000000,37425031.55800000
1713081600000,5.53800000,5.60500000,5.33200000,5.36300000,4493748.30000000,24701795.30230000
1713096000000,5.36100000,5.47400000,5.22400000,5.41400000,5828801.40000000,31237323.64580000
1713110400000,5.41400000,5.54900000,5.18500000,5.36800000,5797489.40000000,31272955.18150000
1713124800000,5.36800000,5.73300000,5.23500000,5.72100000,4410670.20000000,24367038.99860000
1713139200000,5.72000000,5.76000000,5.41000000,5.43500000,4035853.60000000,22444511.84890000
1713153600000,5.43500000,5.85900000,5.33700000,5.75500000,4373565.60000000,24647853.61170000
1713168000000,5.75500000,5.82300000,5.60400000,5.60700000,2690539.20000000,15385839.30340000
1713182400000,5.60700000,5.66900000,5.31700000,5.39700000,5032722.80000000,27596054.08360000
1713196800000,5.39600000,5.43500000,4.98700000,5.19500000,7353568.20000000,38238281.54430000
1713211200000,5.19400000,5.30600000,5.09400000,5.22100000,2777153.10000000,14431337.63020000
1713225600000,5.22200000,5.27700000,5.05600000,5.10100000,2835562.90000000,14643901.81020000
1713240000000,5.10000000,5.22800000,4.96600000,5.16600000,3752734.40000000,19059464.69550000
1713254400000,5.16700000,5.25300000,4.90200000,5.22400000,4486069.80000000,22751804.59110000
1713268800000,5.22200000,5.25300000,5.05200000,5.05300000,4629366.90000000,23867984.04310000
1713283200000,5.05200000,5.42100000,5.01200000,5.30200000,4448450.30000000,23422655.52760000
1713297600000,5.30100000,5.54400000,5.28300000,5.49300000,1897480.10000000,10330938.45070000
1713312000000,5.49300000,5.59600000,5.32100000,5.36400000,2851505.80000000,15493482.26720000
1713326400000,5.36400000,5.49100000,5.30600000,5.41800000,2306618.50000000,12477760.06190000
1713340800000,5.41700000,5.54700000,5.35500000,5.36800000,3363005.10000000,18392505.04520000
1713355200000,5.36700000,5.46900000,5.19300000,5.23800000,5396495.40000000,28691058.28110000
1713369600000,5.23800000,5.66000000,5.18500000,5.51100000,5600248.20000000,30423669.45690000
1713384000000,5.51000000,5.56000000,5.36400000,5.40700000,2542937.40000000,13922740.61860000
1713398400000,5.40800000,5.52500000,5.22200000,5.43500000,3935101.10000000,21238567.85920000
1713412800000,5.43400000,5.58000000,5.33700000,5.34700000,3614498.40000000,19679774.36020000
1713427200000,5.34900000,5.80000000,5.29600000,5.73500000,5495401.20000000,30694609.06950000
1713441600000,5.73400000,5.88700000,5.57400000,5.76700000,4307528.60000000,24726075.14870000
1713456000000,5.76700000,5.78200000,5.57200000,5.71000000,2027169.40000000,11509322.69930000
1713470400000,5.71100000,5.75000000,5.65200000,5.70500000,1167625.00000000,6663628.52670000
1713484800000,5.70500000,5.75300000,5.22600000,5.45100000,5657643.80000000,30730413.36150000
1713499200000,5.45100000,5.86400000,5.44100000,5.71500000,5064747.60000000,28582293.96140000
1713513600000,5.71400000,5.82000000,5.61100000,5.65400000,4179827.40000000,23903565.07610000
1713528000000,5.65200000,5.68900000,5.52100000,5.60900000,3008558.60000000,16893560.00760000
1713542400000,5.60900000,5.63300000,5.51000000,5.63100000,1560809.60000000,8707742.84300000
1713556800000,5.63100000,5.68200000,5.48800000,5.58600000,1670449.20000000,9329242.52770000
1713571200000,5.58700000,5.73400000,5.50500000,5.63100000,2326295.10000000,13049724.32230000
1713585600000,5.63200000,5.90000000,5.61100000,5.77000000,2179005.50000000,12570520.44280000
1713600000000,5.77100000,5.79100000,5.61500000,5.66500000,2041426.20000000,11635920.66910000
1713614400000,5.66500000,5.98600000,5.65000000,5.97900000,2039894.80000000,11817930.33220000
1713628800000,5.97900000,6.10000000,5.93100000,6.07900000,3657358.90000000,21989073.53860000
1713643200000,6.07800000,6.25600000,6.06500000,6.21800000,2141146.40000000,13169434.73690000
1713657600000,6.21800000,6.36000000,6.16900000,6.32800000,2672701.00000000,16780395.98780000
1713672000000,6.32700000,6.36700000,6.24100000,6.35200000,1431547.20000000,9031364.07640000
1713686400000,6.35200000,6.39000000,6.27000000,6.31700000,1481425.10000000,9379995.02400000
1713700800000,6.31800000,6.35300000,6.12700000,6.19500000,1585859.80000000,9859259.94850000
1713715200000,6.19500000,6.20600000,6.05200000,6.14300000,1499883.30000000,9197132.97380000
1713729600000,6.14300000,6.48700000,6.11900000,6.44600000,2771139.20000000,17534291.16780000
1713744000000,6.44700000,6.58900000,6.34200000,6.58600000,2908727.20000000,18786391.05330000
1713758400000,6.58700000,6.98000000,6.57100000,6.86800000,4161807.70000000,28416309.76550000
1713772800000,6.86700000,6.90600000,6.73600000,6.82600000,2495488.80000000,17027350.59460000
1713787200000,6.82500000,7.08000000,6.81300000,6.98000000,4156978.90000000,28849289.73740000
1713801600000,6.98100000,7.25000000,6.93000000,7.13800000,4750267.40000000,33791184.40510000
1713816000000,7.13800000,7.19800000,7.00000000,7.02800000,1591647.40000000,11263804.67160000
1713830400000,7.02800000,7.11700000,6.95400000,7.01700000,1967037.10000000,13826034.74200000
1713844800000,7.01800000,7.13000000,6.83700000,6.88300000,3377131.40000000,23553799.64030000
1713859200000,6.88300000,7.24900000,6.88200000,7.18300000,4190380.30000000,29863015.39410000
1713873600000,7.18200000,7.27300000,6.95200000,7.04800000,4050593.20000000,28710227.22480000
1713888000000,7.04800000,7.09200000,6.97600000,7.01400000,1333435.80000000,9366066.85760000
1713902400000,7.01300000,7.02900000,6.88400000,6.89300000,1603140.80000000,11131997.83960000
1713916800000,6.89200000,7.08500000,6.85600000,6.91700000,2432342.70000000,16966345.37920000
1713931200000,6.91700000,7.00200000,6.79700000,6.83900000,1922103.40000000,13236475.96400000
1713945600000,6.83900000,7.13200000,6.83700000,7.01800000,2253320.20000000,15791415.54890000
1713960000000,7.01700000,7.09900000,6.73800000,6.97600000,4857506.50000000,33748133.89730000
1713974400000,6.97500000,7.34100000,6.89500000,7.10400000,6436859.50000000,45908860.34660000
1713988800000,7.10300000,7.17600000,6.70900000,6.86000000,4366638.60000000,30283767.67650000
1714003200000,6.86100000,7.05600000,6.72800000,6.77500000,3129419.00000000,21503402.31680000
1714017600000,6.77600000,6.87400000,6.64600000,6.72800000,2834726.90000000,19201502.50020000
1714032000000,6.72800000,6.82800000,6.60700000,6.63800000,2592029.90000000,17372202.31430000
1714046400000,6.63700000,7.17900000,6.63600000,7.17000000,5265464.80000000,36451132.68870000
1714060800000,7.16900000,7.23500000,6.88000000,6.90500000,3615791.90000000,25644568.48450000
1714075200000,6.90300000,7.20000000,6.87800000,7.13100000,3027685.30000000,21487838.72770000
1714089600000,7.13000000,7.53100000,7.07800000,7.34700000,6694947.30000000,48857628.52470000
1714104000000,7.34700000,7.48600000,7.23400000,7.27300000,3900711.30000000,28770462.02420000
1714118400000,7.27400000,7.36900000,7.12500000,7.18500000,3386497.50000000,24461771.30080000
1714132800000,7.18400000,7.26800000,6.92000000,6.95300000,4598520.90000000,32696029.55400000
1714147200000,6.95200000,7.06300000,6.89600000,6.98700000,1900916.50000000,13275592.01660000
1714161600000,6.98700000,7.06200000,6.90400000,6.93000000,1071558.30000000,7480227.32340000
1714176000000,6.92900000,7.27700000,6.70000000,7.22200000,5428684.40000000,38047218.58080000
1714190400000,7.22100000,7.28200000,7.03600000,7.04000000,3009457.00000000,21641167.36510000
1714204800000,7.04000000,7.05600000,6.76100000,6.77900000,2635448.50000000,18159016.12100000
1714219200000,6.77800000,7.24900000,6.75700000,7.06700000,3583858.10000000,25333218.34670000
1714233600000,7.06700000,7.58800000,6.98100000,7.57600000,5951176.20000000,43714890.99560000
1714248000000,7.57600000,7.64300000,7.13100000,7.14000000,4061137.80000000,29978765.03410000
1714262400000,7.14100000,7.37100000,7.10600000,7.31800000,2955981.20000000,21435195.14760000
1714276800000,7.31800000,7.38400000,7.24300000,7.34600000,1830903.60000000,13387212.25710000
1714291200000,7.34600000,7.45900000,7.22600000,7.24300000,2334745.80000000,17102477.11210000
1714305600000,7.24200000,7.40600000,7.18000000,7.25200000,2628526.10000000,19163554.24820000
1714320000000,7.25100000,7.29800000,7.15500000,7.16700000,1803060.10000000,13010836.22610000
1714334400000,7.16700000,7.27900000,7.03000000,7.04700000,1674844.70000000,11961987.75050000
1714348800000,7.04600000,7.11200000,6.85500000,6.87300000,2618140.50000000,18293046.89090000
1714363200000,6.87300000,6.98900000,6.85000000,6.91300000,2201725.70000000,15222272.20680000
1714377600000,6.91300000,6.94600000,6.79400000,6.80000000,1463395.60000000,10049574.79400000
1714392000000,6.80000000,6.90200000,6.67500000,6.81100000,3103894.90000000,21037151.46580000
1714406400000,6.81000000,6.87600000,6.70800000,6.79000000,1102421.10000000,7477136.59570000
1714420800000,6.78900000,6.93900000,6.69300000,6.86500000,1309339.80000000,8951447.43040000
1714435200000,6.86700000,6.95200000,6.69300000,6.93000000,2343500.70000000,16040670.42430000
1714449600000,6.93100000,6.94500000,6.70000000,6.70300000,1061922.30000000,7227852.75380000
1714464000000,6.70200000,6.72500000,6.22700000,6.23300000,3770674.50000000,24265847.62630000
1714478400000,6.23400000,6.30500000,6.01300000,6.01800000,3522354.80000000,21722641.61390000
1714492800000,6.01800000,6.09800000,5.84700000,6.05900000,2702078.00000000,16205519.04340000
1714507200000,6.05800000,6.31100000,6.05800000,6.19400000,2535123.70000000,15641758.66310000
1714521600000,6.19200000,6.21000000,6.00500000,6.16100000,3099452.50000000,18960289.55710000
1714536000000,6.16100000,6.20100000,5.82300000,5.89800000,3714559.10000000,22235774.92280000
1714550400000,5.89800000,6.12300000,5.72600000,6.11200000,3989020.60000000,23675641.63290000
1714564800000,6.11200000,6.19600000,5.89400000,5.93000000,2892325.00000000,17464457.23180000
1714579200000,5.92900000,6.43600000,5.87600000,6.08600000,6193753.30000000,38195709.26460000
1714593600000,6.08700000,6.17900000,6.01900000,6.14000000,3052608.20000000,18599012.40770000
1714608000000,6.14200000,6.17000000,5.87300000,5.98200000,2384045.50000000,14264140.43320000
1714622400000,5.98100000,6.02000000,5.88000000,5.88900000,1196890.90000000,7122451.53600000
1714636800000,5.88800000,6.14900000,5.86800000,6.13400000,3610834.90000000,21664813.59170000
1714651200000,6.13300000,6.21400000,5.99200000,6.17100000,3460359.30000000,21157174.40390000
1714665600000,6.17300000,6.18300000,6.04100000,6.12800000,2290690.50000000,13977186.64760000
1714680000000,6.12900000,6.17600000,5.94900000,6.08700000,2543172.20000000,15413957.17100000
1714694400000,6.08600000,6.35900000,6.02600000,6.34300000,2280958.00000000,14219643.60030000
1714708800000,6.34300000,6.40600000,6.18600000,6.18900000,1524494.00000000,9591282.92850000
1714723200000,6.18800000,6.26800000,6.12400000,6.16900000,1080616.90000000,6689653.90980000
1714737600000,6.16800000,6.77000000,6.15100000,6.75500000,4710125.80000000,30570061.33480000
1714752000000,6.75600000,6.86900000,6.68600000,6.85400000,3270843.80000000,22155724.11500000
1714766400000,6.85200000,6.93500000,6.81900000,6.87400000,1905665.80000000,13085470.79480000
1714780800000,6.87400000,6.94000000,6.78300000,6.80800000,2004956.20000000,13740282.69540000
1714795200000,6.80900000,6.95000000,6.79500000,6.82400000,1325863.00000000,9079574.36990000
1714809600000,6.82300000,6.99000000,6.75300000,6.84100000,3034099.50000000,20839212.38870000
1714824000000,6.84100000,6.90100000,6.79300000,6.84500000,1633013.10000000,11173771.40180000
1714838400000,6.84700000,6.93500000,6.81600000,6.91400000,1149433.00000000,7913174.86730000
1714852800000,6.91300000,6.93400000,6.81000000,6.86400000,805657.60000000,5532417.26360000
1714867200000,6.86400000,6.88900000,6.68200000,6.84400000,1824207.50000000,12367375.39750000
1714881600000,6.84300000,7.07000000,6.80000000,6.98900000,2216251.70000000,15361753.62710000
1714896000000,6.98900000,7.10200000,6.93800000,7.07700000,1625748.40000000,11407285.29690000
1714910400000,7.07800000,7.49900000,7.06500000,7.45000000,4041908.40000000,29248551.30690000
1714924800000,7.44900000,7.53200000,7.27600000,7.41100000,3857945.30000000,28675073.54120000
1714939200000,7.41000000,7.50000000,7.36800000,7.49000000,1387194.20000000,10324210.18520000
1714953600000,7.49000000,7.54100000,7.29500000,7.32600000,2440715.00000000,18063463.01800000
1714968000000,7.32400000,7.41200000,7.23300000,7.40400000,2264533.50000000,16507821.03800000
1714982400000,7.40400000,7.59800000,7.27000000,7.52600000,4312362.10000000,32192371.27040000
1714996800000,7.52500000,7.54000000,7.21100000,7.27900000,3990007.60000000,29440068.64540000
1715011200000,7.27800000,7.38400000,7.16300000,7.31600000,2370149.20000000,17218986.62080000
1715025600000,7.31500000,7.42400000,7.28000000,7.31100000,1505445.90000000,11091011.18110000
1715040000000,7.31200000,7.91500000,7.28200000,7.47500000,5631400.20000000,42530928.50020000
1715054400000,7.47300000,7.54100000,7.28200000,7.41000000,2298963.30000000,17026485.16540000
1715068800000,7.41000000,7.68800000,7.35800000,7.56700000,3579321.90000000,27073860.97790000
1715083200000,7.56700000,7.74300000,7.41000000,7.46900000,3090873.40000000,23399786.00620000
1715097600000,7.47000000,7.52200000,7.32200000,7.33800000,1788951.00000000,13238243.84130000
1715112000000,7.33900000,7.44000000,7.11300000,7.11800000,1984258.40000000,14426849.94560000
1715126400000,7.11900000,7.29300000,7.02900000,7.29300000,1699825.40000000,12204183.87430000
1715140800000,7.29300000,7.29800000,7.04300000,7.10300000,1768425.70000000,12638344.55710000
1715155200000,7.10500000,7.25700000,7.08800000,7.13600000,1650852.30000000,11838326.03750000
1715169600000,7.13900000,7.21100000,6.95300000,6.98600000,2795499.70000000,19827963.54540000
1715184000000,6.98700000,7.08500000,6.89100000,6.92100000,1761240.50000000,12305175.20230000
1715198400000,6.92400000,6.96000000,6.78800000,6.80900000,1607540.00000000,10988782.71130000
1715212800000,6.80800000,7.08400000,6.80500000,7.07500000,1380661.60000000,9633915.14080000
1715227200000,7.07600000,7.32200000,7.05300000,7.15200000,2669171.70000000,19254440.08400000
1715241600000,7.15200000,7.17800000,6.94500000,7.11000000,1978227.00000000,13963453.83030000
1715256000000,7.11000000,7.39800000,7.07200000,7.22700000,3627061.80000000,26200741.71690000
1715270400000,7.22700000,7.37600000,7.15600000,7.19900000,2081635.40000000,15105426.98440000
1715284800000,7.19500000,7.49800000,7.13600000,7.47900000,2331039.90000000,17148226.85270000
1715299200000,7.47900000,7.59700000,7.43900000,7.49000000,2248467.00000000,16916515.41850000
1715313600000,7.49000000,7.57900000,7.40800000,7.45700000,1603610.20000000,11996820.17310000
1715328000000,7.45600000,7.64000000,7.43300000,7.63700000,1497209.00000000,11277693.17760000
1715342400000,7.63700000,7.64800000,7.19900000,7.29300000,4050267.30000000,29944050.42650000
1715356800000,7.29100000,7.34900000,7.16100000,7.21000000,2962498.80000000,21475720.50590000
1715371200000,7.20900000,7.32400000,7.12200000,7.25300000,1720734.70000000,12419559.06440000
1715385600000,7.25600000,7.33400000,7.15000000,7.15900000,2035054.50000000,14706746.76990000
1715400000000,7.16000000,7.24800000,7.14000000,7.24100000,1048407.10000000,7546243.70460000
1715414400000,7.24200000,7.29500000,7.01200000,7.03800000,1812283.00000000,12959152.34170000
1715428800000,7.03700000,7.19700000,7.00000000,7.17600000,1819693.90000000,12878084.76430000
1715443200000,7.18000000,7.24100000,7.07100000,7.10100000,1160968.00000000,8312645.40140000
1715457600000,7.10000000,7.10000000,7.00900000,7.02100000,658111.60000000,4639446.61620000
1715472000000,7.02100000,7.07000000,6.93600000,6.99500000,1065568.00000000,7466890.01230000
1715486400000,6.99500000,7.03700000,6.90500000,6.92700000,989106.40000000,6896153.40030000
1715500800000,6.92700000,7.05600000,6.90800000,6.98400000,925194.60000000,6465061.58420000
1715515200000,6.98300000,7.03300000,6.94000000,7.00400000,948318.00000000,6625169.15370000
1715529600000,7.00400000,7.06600000,6.87100000,6.88200000,1149789.80000000,7987234.05020000
1715544000000,6.88100000,6.90400000,6.83300000,6.88700000,532605.30000000,3659959.60660000
1715558400000,6.88700000,6.97500000,6.62900000,6.65500000,2674586.00000000,18098889.99100000
1715572800000,6.65300000,6.97100000,6.53800000,6.96300000,2557534.00000000,17148088.82850000
1715587200000,6.96300000,7.20000000,6.96300000,7.13000000,3052776.90000000,21615127.34590000
1715601600000,7.13000000,7.37500000,7.07300000,7.32200000,3116375.90000000,22566282.72780000
1715616000000,7.32300000,7.35000000,7.12600000,7.29900000,2626611.80000000,19022210.37030000
1715630400000,7.29900000,7.34600000,7.24400000,7.29200000,1184750.40000000,8648565.82780000
1715644800000,7.29200000,7.38700000,7.13400000,7.16600000,1874781.00000000,13567416.55980000
1715659200000,7.16300000,7.39000000,7.06400000,7.37100000,3416565.30000000,24769982.11120000
1715673600000,7.37200000,7.38100000,7.12700000,7.13500000,2195948.20000000,15855392.99290000
1715688000000,7.13500000,7.19800000,6.93100000,7.04900000,3696253.70000000,26199936.86810000
1715702400000,7.05100000,7.05200000,6.92900000,7.01700000,1169794.70000000,8183804.59530000
1715716800000,7.01400000,7.05900000,6.95000000,7.02200000,744581.00000000,5222144.34260000
1715731200000,7.02200000,7.06700000,6.93300000,7.02100000,1322597.30000000,9247773.66510000
1715745600000,7.02200000,7.02400000,6.90700000,6.97600000,1322318.40000000,9221983.38630000
1715760000000,6.97600000,7.27500000,6.89000000,7.06600000,3267145.80000000,23185352.38950000
1715774400000,7.06600000,7.84000000,7.05300000,7.66700000,10040106.40000000,75949651.03800000
1715788800000,7.66700000,7.94000000,7.60100000,7.92600000,4472957.10000000,34911096.65700000
1715803200000,7.92600000,8.09200000,7.85800000,8.05200000,4091063.90000000,32665785.74850000
1715817600000,8.05000000,8.29600000,8.01000000,8.17300000,4179203.80000000,34066967.82610000
1715832000000,8.17500000,8.22300000,8.01400000,8.11400000,2951944.90000000,23969881.36050000
1715846400000,8.11500000,8.24300000,8.06800000,8.16100000,2294342.90000000,18702101.26670000
1715860800000,8.16200000,8.19700000,7.93400000,7.97400000,4293817.50000000,34649621.24080000
1715875200000,7.97500000,8.07100000,7.85300000,7.99200000,2769727.50000000,22022536.09550000
1715889600000,7.99100000,8.13000000,7.88600000,8.02100000,1489393.10000000,11927332.55070000
1715904000000,8.02200000,8.12500000,7.91300000,8.08300000,1708515.10000000,13731707.25250000
1715918400000,8.08200000,8.52000000,8.00000000,8.49200000,4604169.70000000,38235613.69440000
1715932800000,8.49100000,8.49800000,8.13900000,8.18300000,3046757.50000000,25230006.98650000
1715947200000,8.18300000,8.23200000,7.98300000,8.11500000,4301995.60000000,34946640.42880000
1715961600000,8.11500000,8.18400000,7.94700000,7.97800000,2272158.70000000,18277562.40250000
1715976000000,7.97800000,8.07900000,7.95100000,8.03700000,1238965.70000000,9931152.13150000
1715990400000,8.03900000,8.07200000,7.94800000,8.03400000,1391744.40000000,11133287.29640000
1716004800000,8.03300000,8.09500000,7.93600000,8.04600000,1035202.30000000,8286096.46990000
1716019200000,8.04600000,8.12100000,7.95900000,7.97300000,1476776.80000000,11859108.63760000
1716033600000,7.97400000,8.01500000,7.85200000,7.90600000,1661805.20000000,13184773.08570000
1716048000000,7.90700000,7.94100000,7.81000000,7.87900000,996008.20000000,7846665.36220000
1716062400000,7.88000000,7.94700000,7.86300000,7.92100000,590771.70000000,4675070.94940000
1716076800000,7.92100000,7.99800000,7.85400000,7.93900000,902080.70000000,7159695.21270000
1716091200000,7.93900000,7.98500000,7.87700000,7.95100000,682100.60000000,5404492.93610000
1716105600000,7.95100000,7.95200000,7.71000000,7.76500000,1722669.10000000,13445082.44580000
1716120000000,7.76400000,7.94300000,7.66600000,7.84000000,2044057.40000000,15918033.84490000
1716134400000,7.84100000,7.87200000,7.71400000,7.86300000,987514.00000000,7686471.62420000
1716148800000,7.86100000,7.95500000,7.77700000,7.77700000,894746.30000000,7031750.66640000
1716163200000,7.77600000,7.98700000,7.70600000,7.93500000,1997986.10000000,15713440.61310000
1716177600000,7.93500000,8.12100000,7.88800000,7.97600000,2608568.00000000,20911981.25300000
1716192000000,7.97600000,8.06000000,7.84600000,7.87500000,1777334.40000000,14086802.29740000
1716206400000,7.87400000,8.06200000,7.75300000,8.06200000,2106017.50000000,16575095.03600000
1716220800000,8.06200000,8.30500000,8.00400000,8.29100000,3640225.10000000,29697596.57600000
1716235200000,8.29100000,8.34000000,7.99700000,8.29100000,4538654.60000000,37109251.95100000
1716249600000,8.29100000,8.33300000,8.08800000,8.10400000,2762812.40000000,22613383.47160000
1716264000000,8.10300000,8.21600000,8.07100000,8.10800000,2015162.30000000,16405932.16740000
1716278400000,8.10800000,8.24500000,8.08100000,8.09300000,2206367.50000000,18023982.54830000
1716292800000,8.09300000,8.12900000,7.85100000,7.87600000,3583397.90000000,28680475.64090000
1716307200000,7.87600000,7.94800000,7.76500000,7.84200000,2296187.80000000,18051831.29430000
1716321600000,7.84300000,7.88400000,7.75900000,7.81900000,2295729.90000000,17988640.71820000
1716336000000,7.81900000,7.83400000,7.70000000,7.82700000,2041656.50000000,15864639.82710000
1716350400000,7.82700000,7.96700000,7.70100000,7.89400000,1583517.70000000,12452602.42940000
1716364800000,7.89400000,8.01800000,7.85000000,7.86800000,1599209.10000000,12687478.91680000
1716379200000,7.86800000,7.99600000,7.72200000,7.88400000,3748354.70000000,29572444.64490000
1716393600000,7.88300000,8.19800000,7.85000000,8.15400000,2792201.40000000,22337437.09930000
1716408000000,8.15500000,8.26400000,7.92600000,7.98600000,2639749.20000000,21322097.86620000
1716422400000,7.98600000,8.07100000,7.84400000,8.06500000,1452227.30000000,11567879.84140000
1716436800000,8.06400000,8.17900000,8.04100000,8.09000000,2188058.50000000,17724942.49880000
1716451200000,8.09000000,8.10100000,7.90300000,7.97100000,1780275.10000000,14198037.82330000
1716465600000,7.96900000,7.98700000,7.45000000,7.65600000,5975786.00000000,46114663.29640000
1716480000000,7.65600000,7.81700000,7.59700000,7.70300000,2714610.60000000,20911506.54350000
1716494400000,7.70400000,7.83600000,7.33200000,7.69500000,4518649.90000000,34552978.79730000
1716508800000,7.69400000,7.89300000,7.65600000,7.86900000,1311980.30000000,10235056.06060000
1716523200000,7.86800000,7.93800000,7.58600000,7.72300000,1980874.80000000,15387463.09220000
1716537600000,7.72200000,7.72700000,7.59100000,7.67400000,1109839.80000000,8487735.38380000
1716552000000,7.67400000,7.92300000,7.60200000,7.87400000,2430177.60000000,18905600.49000000
1716566400000,7.87300000,8.07000000,7.77000000,7.95100000,1764111.40000000,13967533.71260000
1716580800000,7.95000000,8.04100000,7.88200000,7.90900000,1131563.70000000,8998517.49350000
1716595200000,7.90900000,7.98500000,7.85800000,7.90100000,690001.80000000,5464941.50180000
1716609600000,7.90200000,8.02400000,7.89100000,7.92300000,1243097.10000000,9892469.21210000
1716624000000,7.92300000,8.08500000,7.89700000,7.99400000,1460142.90000000,11671079.53660000
1716638400000,7.99500000,8.14700000,7.95900000,8.06200000,2385965.00000000,19212271.28470000
1716652800000,8.06200000,8.20700000,8.00100000,8.15000000,1439190.20000000,11652370.74070000
1716667200000,8.15100000,8.25700000,8.06800000,8.23000000,1315470.50000000,10756570.94190000
1716681600000,8.22900000,8.37600000,8.14500000,8.16900000,2207260.60000000,18252345.13200000
1716696000000,8.16700000,8.20300000,8.06300000,8.15200000,1364512.00000000,11092306.03150000
1716710400000,8.15300000,8.17400000,8.00300000,8.01400000,983804.50000000,7944091.90460000
1716724800000,8.01400000,8.06600000,7.89100000,7.93100000,1373519.80000000,10965758.39590000
1716739200000,7.93000000,7.99500000,7.88400000,7.90800000,1005196.30000000,7967999.70090000
1716753600000,7.90800000,7.91700000,7.78300000,7.81400000,1279800.30000000,10036802.16650000
1716768000000,7.81300000,7.97400000,7.80600000,7.88500000,1235161.60000000,9743526.02140000
1716782400000,7.88400000,7.90000000,7.79600000,7.84200000,989827.40000000,7765714.92870000
1716796800000,7.84300000,7.85500000,7.68900000,7.74100000,1995366.10000000,15490434.01310000
1716811200000,7.74200000,7.95200000,7.70000000,7.93300000,2683236.90000000,20967514.67370000
1716825600000,7.93200000,7.96200000,7.71000000,7.74900000,1928926.20000000,15187990.70290000
1716840000000,7.74700000,7.89300000,7.73200000,7.82700000,1325754.40000000,10373877.75150000
1716854400000,7.82800000,7.90000000,7.66900000,7.77600000,3345485.90000000,26032242.65180000
1716868800000,7.77400000,7.79800000,7.60800000,7.74200000,1617912.60000000,12448994.34300000
1716883200000,7.74200000,7.99000000,7.70100000,7.89600000,2994773.40000000,23615448.28250000
1716897600000,7.89600000,7.91600000,7.55700000,7.62900000,3413416.60000000,26320277.91170000
1716912000000,7.63100000,7.73100000,7.52300000,7.71400000,1678350.20000000,12778663.62070000
1716926400000,7.71500000,7.73700000,7.64800000,7.70700000,606362.40000000,4666702.83180000
1716940800000,7.70800000,7.78500000,7.61700000,7.76900000,1008013.40000000,7768443.75230000
1716955200000,7.77000000,7.82900000,7.72100000,7.72700000,1187616.40000000,9249318.91910000
1716969600000,7.72700000,7.79100000,7.62700000,7.71300000,1338819.40000000,10341778.92850000
1716984000000,7.71300000,7.76200000,7.58300000,7.59200000,1706023.30000000,13070308.11460000
1716998400000,7.59200000,7.74800000,7.55000000,7.62800000,1066807.10000000,8165311.38190000
1717012800000,7.62700000,7.66800000,7.57000000,7.58600000,477929.80000000,3643279.81290000
1717027200000,7.58500000,7.64700000,7.54900000,7.61900000,758287.30000000,5760071.85610000
1717041600000,7.62300000,7.65500000,7.24200000,7.27800000,2239112.50000000,16663271.52870000
1717056000000,7.27600000,7.40900000,7.21900000,7.35800000,1451069.20000000,10606296.71330000
1717070400000,7.35800000,7.54200000,7.34400000,7.42300000,1423682.80000000,10596094.64490000
1717084800000,7.42400000,7.53800000,7.37400000,7.39400000,1057281.90000000,7884846.21460000
1717099200000,7.39400000,7.39400000,7.26300000,7.28500000,1008266.30000000,7363367.66120000
1717113600000,7.28600000,7.36100000,7.22500000,7.33600000,822705.70000000,5997524.95310000
1717128000000,7.33700000,7.35600000,7.25300000,7.27400000,647666.90000000,4724741.70180000
1717142400000,7.27400000,7.35600000,7.20000000,7.33100000,983171.20000000,7153051.64690000
1717156800000,7.33100000,7.43900000,7.13100000,7.13400000,2769604.60000000,20138517.02030000
1717171200000,7.13300000,7.34300000,7.08200000,7.32500000,2329438.70000000,16787338.50130000
1717185600000,7.32500000,7.34700000,7.22700000,7.24600000,651083.00000000,4744164.35800000
1717200000000,7.24700000,7.27300000,7.20700000,7.22100000,440438.10000000,3189279.25500000
1717214400000,7.22100000,7.22900000,7.17400000,7.20200000,519631.40000000,3742555.90390000
1717228800000,7.20200000,7.27100000,7.19400000,7.22400000,486520.50000000,3515687.17540000
1717243200000,7.22400000,7.30800000,7.21000000,7.28000000,682602.10000000,4959107.83730000
1717257600000,7.28000000,7.38900000,7.26400000,7.37900000,770483.50000000,5649081.89390000
1717272000000,7.37900000,7.46800000,7.35600000,7.37500000,703367.40000000,5209569.15100000
1717286400000,7.37400000,7.42200000,7.32900000,7.39400000,826676.30000000,6102199.96150000
1717300800000,7.39500000,7.44900000,7.37700000,7.39200000,559333.30000000,4145351.27450000
1717315200000,7.39300000,7.50300000,7.37000000,7.49000000,1201529.80000000,8935030.62100000
1717329600000,7.48900000,7.49900000,7.33000000,7.35100000,869892.50000000,6424817.96050000
1717344000000,7.35000000,7.36500000,7.12000000,7.21000000,1586362.90000000,11438336.10910000
1717358400000,7.20800000,7.23300000,7.17900000,7.19200000,523131.90000000,3768570.17940000
1717372800000,7.19100000,7.31900000,7.10100000,7.22500000,1058939.10000000,7644479.10850000
1717387200000,7.22500000,7.38500000,7.16000000,7.32100000,1073895.40000000,7817773.48940000
1717401600000,7.32200000,7.35200000,7.24400000,7.27100000,735823.10000000,5365438.83930000
1717416000000,7.27000000,7.37300000,7.19100000,7.32800000,1481669.00000000,10808182.45780000
1717430400000,7.32800000,7.34500000,7.20900000,7.23400000,1005770.50000000,7310204.04910000
1717444800000,7.23400000,7.25400000,7.08700000,7.12100000,1170779.60000000,8378445.40940000
1717459200000,7.12000000,7.15700000,7.07900000,7.10900000,928121.40000000,6598812.20150000
1717473600000,7.10900000,7.11500000,7.00600000,7.09500000,991248.30000000,6998491.54730000
1717488000000,7.09600000,7.13700000,7.05300000,7.11600000,899244.60000000,6376567.36720000
1717502400000,7.11600000,7.39800000,7.10000000,7.39700000,2286181.00000000,16574195.89810000
1717516800000,7.39800000,7.47200000,7.37200000,7.43700000,1556134.90000000,11544767.67040000
1717531200000,7.43800000,7.44600000,7.36500000,7.42000000,591913.20000000,4380941.95020000
1717545600000,7.42300000,7.56000000,7.42000000,7.50500000,1154303.50000000,8658631.76120000
1717560000000,7.50400000,7.70900000,7.48700000,7.57600000,1994649.40000000,15150744.96670000
1717574400000,7.57600000,7.62000000,7.49800000,7.54700000,564478.30000000,4260549.41840000
1717588800000,7.54800000,7.65100000,7.47900000,7.61700000,974757.80000000,7365604.99210000
1717603200000,7.61600000,7.66200000,7.56000000,7.65100000,835041.20000000,6361408.98480000
1717617600000,7.65200000,7.68200000,7.60800000,7.65800000,422994.80000000,3234920.98540000
1717632000000,7.65900000,7.68100000,7.55000000,7.55800000,545559.20000000,4158902.35150000
1717646400000,7.55800000,7.56700000,7.47800000,7.51200000,797877.10000000,6001830.02620000
1717660800000,7.51200000,7.54400000,7.48100000,7.54000000,538316.80000000,4041429.34510000
1717675200000,7.54200000,7.55200000,7.47700000,7.47900000,1041868.10000000,7827964.04480000
1717689600000,7.47700000,7.48800000,7.28000000,7.29700000,1249500.70000000,9248190.74960000
1717704000000,7.29800000,7.35900000,7.23500000,7.33000000,727631.50000000,5316154.65930000
1717718400000,7.33000000,7.34400000,7.28100000,7.30900000,450596.60000000,3295657.64750000
1717732800000,7.30900000,7.44100000,7.30200000,7.41700000,745876.80000000,5516121.26670000
1717747200000,7.41800000,7.45000000,7.31500000,7.41700000,732093.30000000,5399902.62600000
1717761600000,7.41700000,7.45500000,7.23600000,7.31000000,1537770.40000000,11299421.17400000
1717776000000,7.31000000,7.31300000,6.08000000,6.70900000,8683706.30000000,57950989.98080000
1717790400000,6.70900000,6.90600000,6.68100000,6.87500000,1257635.50000000,8547968.00570000
1717804800000,6.87600000,6.90800000,6.80400000,6.87500000,880441.60000000,6026130.12630000
1717819200000,6.87600000,6.89600000,6.81200000,6.87300000,566944.50000000,3883689.39810000
1717833600000,6.87200000,6.87300000,6.67700000,6.69900000,839689.20000000,5687616.89470000
1717848000000,6.69900000,6.74900000,6.58500000,6.64500000,1437244.10000000,9580230.01130000
1717862400000,6.64300000,6.66400000,6.50700000,6.55400000,1188233.30000000,7823655.23340000
1717876800000,6.55300000,6.59000000,6.47800000,6.56900000,666416.20000000,4359199.09030000
1717891200000,6.56800000,6.69200000,6.55900000,6.60400000,762866.30000000,5045668.43800000
1717905600000,6.60400000,6.66800000,6.54800000,6.62600000,571915.30000000,3783840.25100000
1717920000000,6.62700000,6.65700000,6.54200000,6.54700000,663758.40000000,4379260.30340000
1717934400000,6.54700000,6.62500000,6.51400000,6.57500000,1469991.70000000,9655482.73710000
1717948800000,6.57600000,6.65300000,6.57200000,6.61400000,496815.00000000,3283834.39990000
1717963200000,6.61500000,6.63000000,6.58300000,6.58800000,440487.40000000,2909655.49590000
1717977600000,6.58800000,6.59000000,6.47500000,6.48300000,874339.10000000,5707246.24940000
1717992000000,6.48300000,6.49800000,6.34400000,6.35100000,1511725.40000000,9732004.45140000
1718006400000,6.35100000,6.48700000,6.35000000,6.45400000,1176295.20000000,7577143.33490000
1718020800000,6.45400000,6.63900000,6.35300000,6.60500000,1811162.60000000,11728166.51710000
1718035200000,6.60600000,6.62300000,6.39100000,6.40500000,1169871.40000000,7619801.75620000
1718049600000,6.40000000,6.42300000,6.33800000,6.39700000,635010.10000000,4051402.41380000
1718064000000,6.39600000,6.40800000,6.14700000,6.21100000,2660713.60000000,16599076.57930000
1718078400000,6.21000000,6.26500000,6.13000000,6.21600000,1660738.20000000,10299275.09110000
1718092800000,6.21500000,6.25400000,6.16800000,6.17600000,1271285.10000000,7897263.30740000
1718107200000,6.17700000,6.20600000,6.00100000,6.07300000,2528493.20000000,15442402.86060000
1718121600000,6.07200000,6.15700000,6.01000000,6.12000000,1533834.70000000,9345933.67040000
1718136000000,6.11900000,6.17200000,6.03800000,6.06400000,688753.50000000,4208555.36350000
1718150400000,6.06400000,6.13600000,5.86900000,6.11400000,1814399.10000000,10889836.59370000
1718164800000,6.11400000,6.18700000,6.09200000,6.17900000,919912.70000000,5657106.64240000
1718179200000,6.18000000,6.24900000,6.13000000,6.19400000,1173823.50000000,7277815.14960000
1718193600000,6.19400000,6.71600000,6.18700000,6.59200000,3826125.90000000,25006018.39590000
1718208000000,6.59200000,6.62700000,6.27600000,6.31900000,3083128.30000000,19939656.05490000
1718222400000,6.31800000,6.44500000,6.28100000,6.40200000,1065485.50000000,6792086.81860000
1718236800000,6.40200000,6.40600000,6.09300000,6.16100000,1589344.50000000,9886430.02820000
1718251200000,6.16100000,6.22500000,6.11900000,6.15600000,698717.30000000,4315867.56830000
1718265600000,6.15700000,6.18400000,6.08200000,6.15500000,1063192.40000000,6524615.16580000
1718280000000,6.15500000,6.29000000,6.03900000,6.06200000,2453463.20000000,15150265.19970000
1718294400000,6.06000000,6.11000000,6.02600000,6.04200000,947796.60000000,5763396.73180000
1718308800000,6.04200000,6.06600000,5.85000000,5.92100000,1524373.40000000,9035572.89530000
1718323200000,5.92200000,5.98100000,5.80000000,5.87700000,1915339.40000000,11288053.02590000
1718337600000,5.87700000,5.97300000,5.85700000,5.94300000,1400286.40000000,8277429.41270000
1718352000000,5.94300000,6.00000000,5.90700000,5.98700000,1269308.50000000,7559052.00610000
1718366400000,5.98700000,6.00900000,5.62800000,5.67400000,3223642.80000000,18598443.51300000
1718380800000,5.67500000,5.68600000,5.41000000,5.50800000,3621502.50000000,19994514.72500000
1718395200000,5.50900000,5.62100000,5.45800000,5.58800000,1365147.30000000,7562978.54670000
1718409600000,5.58900000,5.64400000,5.50800000,5.62600000,1013531.30000000,5658244.06240000
1718424000000,5.62800000,5.65000000,5.59500000,5.60200000,556376.80000000,3126868.64500000
1718438400000,5.60100000,5.65100000,5.59100000,5.62800000,555354.50000000,3119790.66550000
1718452800000,5.62700000,5.70000000,5.61200000,5.67700000,1260258.40000000,7115964.32730000
1718467200000,5.67700000,5.68500000,5.59200000,5.61900000,630274.10000000,3552904.36480000
1718481600000,5.62000000,5.63300000,5.57300000,5.60600000,455116.90000000,2551925.02710000
1718496000000,5.60700000,5.61300000,5.52100000,5.53200000,523774.30000000,2911719.61950000
1718510400000,5.53100000,5.64200000,5.49500000,5.60900000,575633.30000000,3206778.36620000
1718524800000,5.60800000,5.65500000,5.56500000,5.61000000,611724.60000000,3429426.47650000
1718539200000,5.61000000,5.66900000,5.60800000,5.65600000,658858.40000000,3710414.44650000
1718553600000,5.65600000,5.66500000,5.62000000,5.65200000,565236.60000000,3188584.86040000
1718568000000,5.65200000,5.73800000,5.62200000,5.64000000,1025241.40000000,5815949.36600000
1718582400000,5.64100000,5.73400000,5.52400000,5.54400000,1598846.20000000,8988002.68260000
1718596800000,5.54600000,5.56500000,5.32600000,5.33300000,2529048.20000000,13773159.44800000
1718611200000,5.33500000,5.35600000,5.15000000,5.27900000,2997936.10000000,15691025.32480000
1718625600000,5.27800000,5.31500000,5.14500000,5.15300000,2086350.20000000,10928798.33450000
1718640000000,5.15300000,5.36800000,4.98000000,5.28800000,4430155.60000000,22939059.27240000
1718654400000,5.29100000,5.29200000,5.13500000,5.16700000,1356390.90000000,7045593.06490000
1718668800000,5.16700000,5.19100000,4.44100000,4.80500000,7169452.30000000,34432443.24480000
1718683200000,4.80500000,4.87800000,4.76000000,4.84600000,2258040.80000000,10876207.20230000
1718697600000,4.84600000,4.85200000,4.65200000,4.72200000,2051150.10000000,9767070.50760000
1718712000000,4.72300000,4.74400000,4.51600000,4.60000000,5099361.70000000,23567551.96580000
1718726400000,4.60000000,4.64400000,4.45100000,4.63800000,4443712.80000000,20203631.71380000
1718740800000,4.63800000,4.85700000,4.61900000,4.72700000,2453192.30000000,11530783.15820000
1718755200000,4.72700000,5.00400000,4.66200000,4.97900000,3720798.40000000,18075215.44980000
1718769600000,4.98100000,5.09800000,4.96100000,5.00200000,2057960.30000000,10350783.91290000
1718784000000,5.00200000,5.04300000,4.92200000,5.00100000,2044772.80000000,10186801.77080000
1718798400000,5.00000000,5.06400000,4.89600000,4.93100000,2429254.00000000,12098925.74270000
1718812800000,4.93000000,5.10900000,4.89400000,5.00000000,1763828.90000000,8839927.74370000
1718827200000,5.00100000,5.06100000,4.93500000,4.96200000,1043022.80000000,5210859.43340000
1718841600000,4.96300000,5.12000000,4.91900000,5.03900000,1991177.20000000,9992743.82720000
1718856000000,5.04000000,5.43200000,5.00000000,5.42500000,3332077.40000000,17484717.30090000
1718870400000,5.42500000,5.49900000,5.33100000,5.41700000,2863698.00000000,15508396.30750000
1718884800000,5.41700000,5.44000000,5.13300000,5.13400000,4981400.30000000,26331240.77680000
1718899200000,5.13300000,5.35700000,5.02200000,5.33100000,4003107.00000000,20719171.76800000
1718913600000,5.33000000,5.35100000,5.15400000,5.16200000,1455333.30000000,7639632.09650000
1718928000000,5.16200000,5.27800000,5.09100000,5.25800000,2110564.80000000,10942461.08790000
1718942400000,5.25800000,5.35300000,5.17500000,5.19200000,1857478.30000000,9788786.36760000
1718956800000,5.19300000,5.43100000,5.13700000,5.31300000,3565504.00000000,18908955.56610000
1718971200000,5.31400000,5.43000000,5.16200000,5.30300000,3355693.40000000,17803696.79960000
1718985600000,5.30500000,5.40100000,5.20000000,5.36100000,2153938.40000000,11430590.16130000
1719000000000,5.36100000,5.44100000,5.30400000,5.40600000,1366145.20000000,7361209.03500000
1719014400000,5.40700000,5.42900000,5.26500000,5.35300000,1313536.10000000,6992245.90710000
1719028800000,5.35400000,5.35800000,5.26700000,5.29000000,942900.20000000,5005204.94290000
1719043200000,5.29000000,5.31600000,5.22100000,5.23400000,842660.40000000,4436290.30860000
1719057600000,5.23500000,5.27100000,5.18500000,5.21800000,1158985.30000000,6043091.59390000
1719072000000,5.21700000,5.22800000,5.13700000,5.14900000,674261.00000000,3485336.34330000
1719086400000,5.14900000,5.19100000,5.11300000,5.18400000,751848.60000000,3866758.35780000
1719100800000,5.18500000,5.39900000,5.16600000,5.37300000,1813921.60000000,9677839.96560000
1719115200000,5.37500000,5.38800000,5.31600000,5.36600000,574002.10000000,3076027.52490000
1719129600000,5.36600000,5.37200000,5.31100000,5.32800000,570853.90000000,3046994.60350000
1719144000000,5.33100000,5.45000000,5.16100000,5.19200000,1984512.40000000,10559867.69400000
1719158400000,5.19200000,5.24900000,5.13000000,5.21800000,1172460.30000000,6088687.92710000
1719172800000,5.22000000,5.22500000,5.10100000,5.19500000,1248241.50000000,6447215.84250000
1719187200000,5.19400000,5.39200000,5.15700000,5.30500000,2491970.10000000,13232354.70140000
1719201600000,5.30200000,5.32400000,5.02700000,5.26500000,3135730.10000000,16218266.84760000
1719216000000,5.26500000,5.60000000,5.10000000,5.30000000,7644072.20000000,41107291.05380000
1719230400000,5.29800000,5.36800000,5.15600000,5.19800000,3590222.60000000,18907574.53240000
1719244800000,5.19700000,5.37300000,5.14200000,5.25500000,4908589.90000000,25875044.73740000
1719259200000,5.25500000,5.46100000,5.15000000,5.37100000,2449570.00000000,13047531.72730000
1719273600000,5.37300000,5.62900000,5.31100000,5.57200000,2698328.90000000,14798553.74880000
1719288000000,5.57300000,5.62000000,5.51300000,5.52000000,1322365.80000000,7372912.94060000
1719302400000,5.52000000,5.59600000,5.48200000,5.58600000,1202900.30000000,6673149.54050000
1719316800000,5.58500000,5.63600000,5.45600000,5.56700000,2384674.60000000,13229006.16000000
1719331200000,5.56700000,5.58600000,5.47800000,5.49500000,1277288.00000000,7054877.33090000
1719345600000,5.49900000,5.51100000,5.39000000,5.42500000,1106006.80000000,6021046.58530000
1719360000000,5.42500000,5.51700000,5.37800000,5.39200000,1285207.90000000,6992304.91650000
1719374400000,5.39200000,5.40600000,5.31900000,5.34300000,868184.40000000,4649459.50970000
1719388800000,5.34200000,5.34600000,5.20000000,5.22700000,1657762.80000000,8733714.17670000
1719403200000,5.22600000,5.28400000,5.16800000,5.19400000,1945170.60000000,10149783.35610000
1719417600000,5.19400000,5.25700000,5.15600000,5.24900000,1055927.70000000,5491789.03830000
1719432000000,5.24900000,5.27400000,5.16700000,5.17700000,636935.80000000,3322610.14270000
1719446400000,5.17700000,5.22200000,5.12400000,5.13800000,848780.70000000,4393987.82570000
1719460800000,5.13900000,5.16500000,5.07800000,5.09000000,973408.30000000,4973543.38460000
1719475200000,5.09100000,5.15900000,5.07500000,5.11700000,993337.80000000,5081965.53200000
1719489600000,5.11700000,5.37200000,5.11400000,5.23400000,3093268.30000000,16287277.81240000
1719504000000,5.23600000,5.25500000,5.18100000,5.22700000,614216.50000000,3203479.04190000
1719518400000,5.22800000,5.34000000,5.20600000,5.22300000,859061.50000000,4528602.29210000
1719532800000,5.22300000,5.24600000,5.14300000,5.15900000,1010814.90000000,5241828.48090000
1719547200000,5.15800000,5.16700000,5.08100000,5.10500000,869931.90000000,4453310.50060000
1719561600000,5.10500000,5.18500000,5.08800000,5.14900000,872215.10000000,4469119.43040000
1719576000000,5.14900000,5.22900000,5.09800000,5.14100000,1397047.00000000,7201150.92670000
1719590400000,5.14100000,5.15300000,4.88200000,4.89900000,2573139.60000000,12859160.92310000
1719604800000,4.89900000,4.97200000,4.85800000,4.96200000,1271027.90000000,6253903.46750000
1719619200000,4.96200000,5.03600000,4.94000000,5.02300000,617899.90000000,3075408.02270000
1719633600000,5.02300000,5.03000000,4.96000000,5.00500000,583319.30000000,2911177.24720000
1719648000000,5.00400000,5.02500000,4.96500000,5.00500000,575489.40000000,2875777.39990000
1719662400000,5.00400000,5.05000000,4.98000000,5.03900000,400224.80000000,2005124.24140000
1719676800000,5.03900000,5.04000000,4.94800000,4.97400000,382801.50000000,1907151.31900000
1719691200000,4.97400000,5.00600000,4.92200000,4.96400000,376558.00000000,1869570.28060000
1719705600000,4.96500000,4.99400000,4.87600000,4.91500000,672175.60000000,3309780.41460000
1719720000000,4.91500000,5.06900000,4.88300000,5.03500000,734842.10000000,3658658.28680000
1719734400000,5.03600000,5.09100000,4.96400000,5.00100000,809014.50000000,4075474.40610000
1719748800000,5.00200000,5.11700000,4.97200000,5.11500000,869843.10000000,4396735.82920000
1719763200000,5.11600000,5.33000000,5.09200000,5.30000000,1322490.00000000,6894073.60250000
1719777600000,5.30300000,5.36700000,5.22900000,5.30400000,1561138.00000000,8285962.61670000
1719792000000,5.30400000,5.39000000,5.29500000,5.34200000,880921.10000000,4712440.76430000
1719806400000,5.34300000,5.39900000,5.32200000,5.36900000,500463.10000000,2680286.54800000
1719820800000,5.36900000,5.38400000,5.25100000,5.27800000,1396593.30000000,7399421.10320000
1719835200000,5.27800000,5.33700000,5.20900000,5.30400000,1178456.40000000,6218137.35440000
1719849600000,5.30400000,5.36700000,5.28800000,5.35500000,746932.00000000,3980377.76450000
1719864000000,5.35500000,5.36500000,5.25500000,5.26700000,524275.20000000,2781760.26030000
1719878400000,5.26700000,5.38100000,5.23600000,5.36500000,876333.30000000,4664921.93650000
1719892800000,5.36600000,5.37400000,5.29700000,5.31100000,538087.80000000,2871325.57950000
1719907200000,5.31100000,5.44200000,5.29100000,5.43100000,937291.50000000,5038971.66100000
1719921600000,5.43000000,5.49700000,5.38800000,5.45800000,2387148.90000000,13004107.76820000
1719936000000,5.45800000,5.56200000,5.43700000,5.54500000,2080067.90000000,11416944.68570000
1719950400000,5.54500000,5.59900000,5.47700000,5.52200000,917879.70000000,5081513.28990000
1719964800000,5.52200000,5.58300000,5.31700000,5.39700000,1214919.50000000,6607006.75830000
1719979200000,5.39800000,5.42200000,5.32200000,5.32400000,791532.50000000,4246105.03040000
1719993600000,5.32400000,5.34000000,5.14100000,5.20800000,1972490.90000000,10320518.55190000
1720008000000,5.20700000,5.26400000,5.11800000,5.13500000,1812595.00000000,9395148.88960000
1720022400000,5.13500000,5.19800000,5.01300000,5.04500000,1641917.60000000,8365695.79780000
1720036800000,5.04400000,5.08200000,4.99100000,5.03400000,962224.40000000,4836721.43660000
1720051200000,5.03400000,5.09400000,4.75000000,4.95300000,2717841.40000000,13348900.96920000
1720065600000,4.95400000,5.00300000,4.85900000,4.95800000,1335874.20000000,6589855.43670000
1720080000000,4.95700000,5.00100000,4.85500000,4.90600000,1821450.20000000,8990716.71400000
1720094400000,4.90600000,4.91100000,4.67000000,4.82800000,3603925.80000000,17224349.43850000
1720108800000,4.82800000,4.85000000,4.73800000,4.78400000,1791692.00000000,8588260.85970000
1720123200000,4.78400000,4.88800000,4.60600000,4.62300000,1705030.20000000,8056271.52270000
1720137600000,4.62200000,4.62900000,4.00000000,4.11800000,9241614.70000000,39662700.41650000
1720152000000,4.11800000,4.31000000,4.00000000,4.20400000,4509625.80000000,18862027.20800000
1720166400000,4.20500000,4.37700000,4.03800000,4.36800000,3314542.30000000,13897068.98120000
1720180800000,4.36700000,4.51000000,4.28700000,4.49700000,4347306.10000000,19119843.01540000
1720195200000,4.49600000,4.55500000,4.41600000,4.45200000,3737310.50000000,16720465.17900000
1720209600000,4.45000000,4.47300000,4.39200000,4.42500000,1532899.40000000,6797636.33120000
1720224000000,4.42500000,4.57500000,4.37000000,4.44500000,1351454.00000000,6021149.99720000
1720238400000,4.44500000,4.54600000,4.39200000,4.51300000,1143033.90000000,5104733.02510000
1720252800000,4.51300000,4.61800000,4.46500000,4.57200000,1384885.90000000,6307229.80310000
1720267200000,4.57000000,4.68500000,4.50700000,4.65000000,1022018.80000000,4691073.73050000
1720281600000,4.65100000,4.76900000,4.62100000,4.74300000,1080829.40000000,5106034.78020000
1720296000000,4.74200000,4.85200000,4.74000000,4.81100000,778712.00000000,3741337.03050000
1720310400000,4.81000000,4.83000000,4.70600000,4.77000000,1062887.30000000,5066881.85830000
1720324800000,4.77200000,4.77400000,4.66800000,4.71200000,891814.20000000,4205339.74970000
1720339200000,4.71300000,4.79200000,4.69800000,4.77300000,622975.50000000,2957033.07050000
1720353600000,4.77200000,4.80200000,4.52700000,4.56000000,2234713.50000000,10319666.22960000
1720368000000,4.56000000,4.62900000,4.54200000,4.57900000,706529.80000000,3238161.00700000
1720382400000,4.57900000,4.58300000,4.37900000,4.40100000,1497962.70000000,6691684.68070000
1720396800000,4.40100000,4.41700000,4.16500000,4.30200000,2925677.90000000,12537164.84060000
1720411200000,4.30100000,4.41600000,4.28600000,4.36000000,1519729.20000000,6608405.30720000
1720425600000,4.36100000,4.78700000,4.35100000,4.70700000,3534821.00000000,16360224.15650000
1720440000000,4.70600000,4.75700000,4.44400000,4.48900000,3640480.00000000,16769248.41480000
1720454400000,4.48900000,4.53300000,4.41900000,4.45600000,2024293.20000000,9052992.03190000
1720468800000,4.45900000,4.51700000,4.40000000,4.46700000,975553.30000000,4348959.73620000
1720483200000,4.46700000,4.60600000,4.42700000,4.52000000,1523353.60000000,6854470.36100000
1720497600000,4.52100000,4.58200000,4.49300000,4.50400000,1254734.00000000,5691228.89660000
1720512000000,4.50300000,4.58000000,4.48300000,4.53900000,1828536.20000000,8283536.02890000
1720526400000,4.53700000,4.56000000,4.37200000,4.45600000,3758361.30000000,16775315.34080000
1720540800000,4.45600000,4.54500000,4.44600000,4.54500000,1317362.80000000,5927172.37830000
1720555200000,4.54400000,4.60000000,4.49700000,4.53300000,1276767.60000000,5803904.93680000
1720569600000,4.53400000,4.58200000,4.46000000,4.57700000,735326.30000000,3329559.81970000
1720584000000,4.57600000,4.71400000,4.57600000,4.64700000,1638109.90000000,7628713.32910000
1720598400000,4.64700000,4.71500000,4.57800000,4.68300000,1117960.50000000,5182680.97830000
1720612800000,4.68300000,4.70100000,4.56600000,4.67000000,2379639.00000000,11002082.51340000
1720627200000,4.66900000,4.74800000,4.62400000,4.63900000,1089797.40000000,5098231.45460000
1720641600000,4.64100000,4.65200000,4.58400000,4.62500000,818851.90000000,3771501.51980000
1720656000000,4.62600000,4.70400000,4.54400000,4.58400000,1044733.40000000,4832850.08680000
1720670400000,4.58200000,4.66100000,4.57000000,4.64700000,492770.10000000,2280096.58870000
1720684800000,4.64600000,4.84900000,4.64600000,4.82500000,1762317.00000000,8416372.80320000
1720699200000,4.82400000,5.00000000,4.79400000,4.84400000,3755330.70000000,18408479.42540000
1720713600000,4.84300000,5.06000000,4.79200000,4.94100000,2264701.60000000,11249188.97730000
1720728000000,4.94300000,4.98800000,4.87000000,4.93000000,1744653.40000000,8594299.25530000
1720742400000,4.93000000,5.05000000,4.87100000,4.93600000,2058115.20000000,10233760.35330000
1720756800000,4.93600000,4.94300000,4.80700000,4.82500000,1539824.90000000,7510018.94860000
1720771200000,4.82600000,4.86800000,4.74500000,4.77900000,1603345.60000000,7688962.20400000
1720785600000,4.77900000,5.01500000,4.77100000,4.98200000,2440696.60000000,11948825.72600000
1720800000000,4.98300000,5.18800000,4.97900000,5.13000000,1518721.10000000,7714464.82730000
1720814400000,5.13200000,5.18800000,5.02900000,5.18600000,887177.60000000,4533903.39110000
1720828800000,5.18600000,5.22400000,5.12100000,5.15600000,876164.80000000,4533214.81040000
1720843200000,5.15600000,5.19800000,5.12500000,5.18800000,563664.00000000,2910132.72300000
1720857600000,5.18500000,5.20700000,5.14500000,5.19500000,643517.60000000,3332120.68350000
1720872000000,5.19400000,5.21700000,5.16900000,5.19400000,654619.00000000,3401412.45050000
1720886400000,5.19300000,5.22600000,5.11200000,5.15300000,524973.70000000,2708970.69550000
1720900800000,5.15200000,5.33400000,5.10100000,5.20200000,1157358.90000000,6041033.79720000
1720915200000,5.20200000,5.39800000,5.19500000,5.30000000,1655943.10000000,8797606.66170000
1720929600000,5.29800000,5.46800000,5.29800000,5.39800000,1256841.30000000,6799925.82750000
1720944000000,5.39600000,5.49100000,5.36700000,5.37700000,1141299.90000000,6210643.75030000
1720958400000,5.37800000,5.38200000,5.23200000,5.30100000,1261447.30000000,6677134.82040000
1720972800000,5.30200000,5.30500000,5.25500000,5.26800000,332502.10000000,1754289.35850000
1720987200000,5.26900000,5.45000000,5.26200000,5.40100000,957235.40000000,5150942.18540000
1721001600000,5.39900000,5.58900000,5.36200000,5.58100000,1884492.90000000,10349931.50880000
1721016000000,5.58100000,5.68500000,5.52900000,5.67200000,1254493.80000000,7030346.28970000
1721030400000,5.67400000,5.70000000,5.54500000,5.55800000,1792563.10000000,10076570.99050000
1721044800000,5.55800000,5.65000000,5.53500000,5.57700000,1309625.20000000,7318928.29970000
1721059200000,5.57700000,5.78100000,5.54000000,5.70800000,2181677.70000000,12300012.63620000
1721073600000,5.70800000,5.99900000,5.69700000,5.91500000,2400072.30000000,14060166.81930000
1721088000000,5.91700000,6.07500000,5.86200000,6.03700000,2720422.30000000,16219282.34680000
1721102400000,6.03600000,6.24000000,5.91000000,5.97400000,4193102.00000000,25359876.71390000
1721116800000,5.97500000,6.12300000,5.92700000,6.11700000,2484576.90000000,15012795.61130000
1721131200000,6.11800000,6.24500000,6.05700000,6.20500000,3477339.10000000,21365739.11320000
1721145600000,6.20500000,6.23400000,6.12100000,6.23000000,2776664.80000000,17186481.75830000
1721160000000,6.23000000,6.27500000,6.15200000,6.24600000,1498110.90000000,9302152.73580000
1721174400000,6.24600000,6.48900000,6.22800000,6.43700000,2153656.40000000,13771117.93890000
1721188800000,6.43900000,6.45600000,6.22900000,6.24100000,1662363.90000000,10522823.54870000
1721203200000,6.24200000,6.27800000,6.08600000,6.12300000,2191649.40000000,13531740.70420000
1721217600000,6.12200000,6.26800000,6.05900000,6.09100000,2397238.80000000,14772390.01910000
1721232000000,6.09200000,6.25100000,6.00700000,6.20400000,1760879.60000000,10758392.18030000
1721246400000,6.20500000,6.23700000,6.05700000,6.06800000,1092643.80000000,6704295.44290000
1721260800000,6.06800000,6.23700000,6.06800000,6.19800000,1193057.80000000,7350796.51820000
1721275200000,6.19900000,6.19900000,6.05500000,6.06100000,810213.40000000,4971730.14590000
1721289600000,6.06000000,6.11600000,6.00800000,6.08600000,1305880.70000000,7916549.71930000
1721304000000,6.08500000,6.22100000,5.91700000,5.93000000,2089741.40000000,12689000.97590000
1721318400000,5.93000000,6.14000000,5.86900000,6.05200000,1276634.20000000,7689406.68470000
1721332800000,6.05000000,6.13600000,6.02100000,6.04000000,477845.40000000,2903521.57620000
1721347200000,6.04200000,6.10500000,5.86000000,6.10400000,908431.50000000,5433606.86140000
1721361600000,6.10400000,6.16100000,5.99200000,6.03900000,1569750.00000000,9538715.30640000
1721376000000,6.03700000,6.14500000,5.94000000,6.11300000,1698572.50000000,10264654.58880000
1721390400000,6.11300000,6.35500000,6.04200000,6.31200000,2898555.20000000,18012236.94240000
1721404800000,6.31200000,6.43400000,6.30500000,6.40700000,2172799.10000000,13854057.48490000
1721419200000,6.40800000,6.44500000,6.35000000,6.43500000,864846.90000000,5546062.77880000
1721433600000,6.43500000,6.44400000,6.32900000,6.35000000,792281.70000000,5048262.72740000
1721448000000,6.35000000,6.41600000,6.32700000,6.34500000,533434.30000000,3395598.54240000
1721462400000,6.34600000,6.36600000,6.28500000,6.28800000,486796.30000000,3075368.52290000
1721476800000,6.28900000,6.37400000,6.26100000,6.31100000,805752.40000000,5093922.46570000
1721491200000,6.31000000,6.36600000,6.26600000,6.27300000,1351690.90000000,8530019.29420000
1721505600000,6.27300000,6.31200000,6.23600000,6.28700000,557608.50000000,3497078.96420000
1721520000000,6.28800000,6.35900000,6.25300000,6.32100000,763004.90000000,4821292.58360000
1721534400000,6.32100000,6.35900000,6.15600000,6.16100000,983367.20000000,6134518.53960000
1721548800000,6.16100000,6.22000000,6.10800000,6.14000000,778984.60000000,4798547.47450000
1721563200000,6.14000000,6.21800000,6.05600000,6.14300000,1034346.10000000,6350173.24110000
1721577600000,6.14200000,6.19800000,5.91500000,6.19400000,2342746.90000000,14228425.15390000
1721592000000,6.19300000,6.38000000,6.17300000,6.34000000,1631914.80000000,10273337.92390000
1721606400000,6.34000000,6.46000000,6.28400000,6.28800000,1878005.00000000,11965403.42990000
1721620800000,6.28900000,6.29600000,6.12500000,6.15700000,1163446.40000000,7211690.28230000
1721635200000,6.15600000,6.26200000,6.08700000,6.16800000,1110717.90000000,6849782.91400000
1721649600000,6.16700000,6.22500000,6.10700000,6.12200000,1330523.30000000,8193906.93290000
1721664000000,6.12300000,6.18900000,6.09400000,6.18500000,754694.50000000,4632525.00440000
1721678400000,6.18600000,6.19200000,5.99000000,6.03400000,865398.20000000,5255883.63760000
1721692800000,6.03400000,6.09200000,6.00200000,6.01800000,514023.10000000,3110502.82540000
1721707200000,6.01900000,6.03100000,5.81300000,5.84400000,1363227.70000000,8026744.90510000
1721721600000,5.84500000,6.04000000,5.83700000,5.91900000,1195169.60000000,7101646.56750000
1721736000000,5.91800000,5.95000000,5.78200000,5.84500000,1770743.10000000,10384182.49440000
1721750400000,5.84500000,5.85700000,5.69100000,5.75800000,1509863.60000000,8689457.12620000
1721764800000,5.75800000,5.80500000,5.71100000,5.76300000,605663.10000000,3488254.36470000
1721779200000,5.76200000,5.78900000,5.66300000,5.73800000,741592.10000000,4231519.93920000
1721793600000,5.73900000,5.84400000,5.67200000,5.81200000,750020.10000000,4322387.67780000
1721808000000,5.81100000,6.00300000,5.79200000,5.97500000,1238522.10000000,7328344.92260000
1721822400000,5.97500000,5.99800000,5.74900000,5.75100000,1447902.70000000,8538114.92710000
1721836800000,5.75100000,5.85500000,5.69200000,5.73900000,1401565.70000000,8070688.93900000
1721851200000,5.74000000,5.75100000,5.54300000,5.62000000,1409262.80000000,7930465.68250000
1721865600000,5.62000000,5.68300000,5.45100000,5.57400000,3343412.90000000,18645652.05900000
1721880000000,5.57400000,5.73100000,5.53500000,5.60800000,987758.50000000,5578500.31990000
1721894400000,5.60900000,5.65300000,5.46500000,5.57700000,1247759.00000000,6930155.82850000
1721908800000,5.57900000,5.59500000,5.33700000,5.35800000,3369606.00000000,18239594.28520000
1721923200000,5.35800000,5.44200000,5.17200000,5.20400000,1827136.80000000,9681981.17850000
1721937600000,5.20300000,5.43900000,5.13300000,5.41500000,1710861.90000000,9111052.62320000
1721952000000,5.41400000,5.64000000,5.39200000,5.60400000,1596043.20000000,8819421.92530000
1721966400000,5.60500000,5.66900000,5.60100000,5.60600000,839874.00000000,4732965.59740000
1721980800000,5.60600000,5.66600000,5.58400000,5.63500000,760709.80000000,4280310.45430000
1721995200000,5.63500000,5.77700000,5.56500000,5.73500000,1747271.60000000,9906338.04990000
1722009600000,5.73400000,5.82000000,5.69100000,5.70500000,1140630.20000000,6564334.41000000
1722024000000,5.70400000,5.74000000,5.62400000,5.71700000,550836.90000000,3131248.10020000
1722038400000,5.71700000,5.73800000,5.63200000,5.66100000,433459.00000000,2461787.39030000
1722052800000,5.66100000,5.84700000,5.65800000,5.81000000,756986.00000000,4357789.36350000
1722067200000,5.81000000,5.88900000,5.77000000,5.81500000,1035066.10000000,6029811.13290000
1722081600000,5.81500000,5.93900000,5.70400000,5.74100000,1540090.20000000,8990139.82330000
1722096000000,5.74000000,5.74900000,5.62500000,5.67000000,1077398.20000000,6124738.27880000
1722110400000,5.66900000,5.78500000,5.52400000,5.67900000,1998074.90000000,11329008.87080000
1722124800000,5.67800000,5.67900000,5.58200000,5.58500000,596202.10000000,3358725.17230000
1722139200000,5.58600000,5.59000000,5.48100000,5.57700000,638508.70000000,3538661.10020000
1722153600000,5.57700000,5.57900000,5.51500000,5.52300000,661074.70000000,3666495.20780000
1722168000000,5.52400000,5.55600000,5.43400000,5.46200000,1028135.70000000,5647987.86660000
1722182400000,5.46300000,5.51100000,5.44300000,5.46900000,368986.00000000,2020724.16360000
1722196800000,5.46900000,5.47000000,5.39500000,5.44500000,689396.10000000,3742587.26450000
1722211200000,5.44500000,5.71300000,5.42600000,5.62300000,1751506.70000000,9767258.74330000
1722225600000,5.62200000,5.66300000,5.55400000,5.62500000,977152.20000000,5482641.91180000
1722240000000,5.62500000,5.69300000,5.57500000,5.57900000,1163284.90000000,6568215.98370000
1722254400000,5.58000000,5.59600000,5.32400000,5.37100000,2301209.00000000,12586055.82380000
1722268800000,5.37000000,5.38100000,5.28000000,5.33900000,1605470.80000000,8556293.94340000
1722283200000,5.33900000,5.38100000,5.26100000,5.27200000,819521.40000000,4350264.34780000
1722297600000,5.27200000,5.36500000,5.21900000,5.35600000,887127.50000000,4695013.94260000
1722312000000,5.35500000,5.37300000,5.29400000,5.34700000,380747.80000000,2030673.67930000
1722326400000,5.34600000,5.36400000,5.24800000,5.27000000,632635.40000000,3347596.07470000
1722340800000,5.27000000,5.32600000,5.18200000,5.22300000,1129746.40000000,5923468.31220000
1722355200000,5.22100000,5.22700000,5.09500000,5.13800000,1028353.40000000,5295602.46580000
1722369600000,5.13800000,5.20500000,5.06700000,5.15100000,817588.50000000,4212771.48520000
1722384000000,5.15000000,5.24600000,5.12100000,5.20600000,723406.60000000,3758596.29430000
1722398400000,5.20600000,5.25700000,5.10000000,5.19800000,978265.90000000,5073188.29410000
1722412800000,5.20000000,5.20600000,5.12900000,5.16200000,387482.80000000,2003106.47700000
1722427200000,5.16300000,5.29700000,5.13500000,5.13500000,1172086.50000000,6095546.26910000
1722441600000,5.13600000,5.22500000,5.02500000,5.08000000,1410218.90000000,7244607.91170000
1722456000000,5.08000000,5.08900000,4.96800000,4.99000000,1145195.80000000,5744626.70200000
1722470400000,4.99100000,5.05100000,4.97700000,5.00200000,988876.30000000,4955851.21240000
1722484800000,5.00000000,5.04700000,4.91100000,5.00800000,1169919.50000000,5838515.37410000
1722499200000,5.00900000,5.12500000,5.00700000,5.06900000,805618.50000000,4079749.76220000
1722513600000,5.06900000,5.13300000,4.83700000,4.86600000,2162769.10000000,10740569.16230000
1722528000000,4.86600000,4.87200000,4.63500000,4.74600000,3099054.00000000,14754647.94620000
1722542400000,4.74500000,5.06900000,4.69700000,4.98100000,2391649.50000000,11743284.02420000
1722556800000,4.98000000,5.04900000,4.82900000,4.92900000,1345133.40000000,6630654.35870000
1722571200000,4.92800000,4.94100000,4.72100000,4.79800000,1262855.90000000,6074400.79180000
1722585600000,4.79700000,4.91200000,4.75800000,4.85300000,1243022.40000000,6035416.04130000
1722600000000,4.85200000,5.04000000,4.62400000,4.79600000,3495533.50000000,16821191.10520000
1722614400000,4.79500000,4.80200000,4.62700000,4.68900000,1408038.90000000,6640535.71330000
1722628800000,4.68900000,4.73700000,4.57200000,4.60400000,1483369.60000000,6882952.37310000
1722643200000,4.60400000,4.67400000,4.44500000,4.67300000,2220660.30000000,10096814.82810000
1722657600000,4.67300000,4.72700000,4.62600000,4.67300000,742475.10000000,3468929.11600000
1722672000000,4.67400000,4.68300000,4.55500000,4.59100000,924531.60000000,4257059.26500000
1722686400000,4.59200000,4.65900000,4.45300000,4.45700000,1078414.60000000,4921147.52620000
1722700800000,4.45600000,4.49300000,4.24700000,4.27000000,3152688.20000000,13743260.50370000
1722715200000,4.27100000,4.39000000,4.23600000,4.36500000,1545146.60000000,6675412.10030000
1722729600000,4.36600000,4.45000000,4.33800000,4.40200000,854600.40000000,3752883.60330000
1722744000000,4.40200000,4.41300000,4.27700000,4.28100000,654297.10000000,2848324.25540000
1722758400000,4.28100000,4.39500000,4.24900000,4.38900000,1182672.20000000,5116321.82550000
1722772800000,4.38900000,4.44000000,4.13700000,4.14500000,2196515.90000000,9382100.47410000
1722787200000,4.14600000,4.25600000,3.99400000,4.22300000,5668114.40000000,23155659.75770000
1722801600000,4.22200000,4.27900000,4.11500000,4.13300000,1398695.60000000,5855342.84370000
1722816000000,4.13400000,4.18900000,3.41800000,3.56600000,11910670.80000000,44481421.45380000
1722830400000,3.56700000,3.65000000,3.13900000,3.50900000,15138424.10000000,51712621.46520000
1722844800000,3.51000000,3.51400000,3.13900000,3.29000000,7166100.60000000,23801715.30500000
1722859200000,3.29000000,3.56100000,3.07600000,3.51800000,16676568.80000000,55825328.15910000
1722873600000,3.51800000,3.67800000,3.41400000,3.47100000,5635016.90000000,20013001.75690000
1722888000000,3.47100000,3.64100000,3.46400000,3.52500000,2640770.30000000,9379938.89910000
1722902400000,3.52500000,3.78500000,3.51300000,3.66900000,3596778.60000000,13304406.96500000
1722916800000,3.66900000,3.79500000,3.64100000,3.74800000,2515821.20000000,9377764.90850000
1722931200000,3.74800000,3.76300000,3.56000000,3.57900000,3230952.40000000,11714586.49190000
1722945600000,3.57900000,3.77100000,3.49400000,3.72200000,4692958.50000000,17065915.00750000
1722960000000,3.72300000,3.79500000,3.68500000,3.71500000,1938812.40000000,7244182.70520000
1722974400000,3.71400000,3.80900000,3.65600000,3.67800000,1887413.00000000,7032871.24780000
1722988800000,3.67800000,3.84100000,3.61800000,3.77900000,2347235.10000000,8752300.67220000
1723003200000,3.77900000,3.84200000,3.72900000,3.78100000,2008958.60000000,7629689.84310000
1723017600000,3.78200000,3.88000000,3.73800000,3.73900000,2009471.10000000,7666361.39290000
1723032000000,3.73900000,3.80000000,3.55000000,3.59700000,3283054.60000000,12062146.89330000
1723046400000,3.59700000,3.62000000,3.50500000,3.55100000,1704678.70000000,6061007.00330000
1723060800000,3.55100000,3.61900000,3.52300000,3.57000000,1885734.50000000,6753376.52480000
1723075200000,3.57100000,3.74500000,3.47000000,3.67700000,2262801.90000000,8213161.62380000
1723089600000,3.67600000,3.76300000,3.67600000,3.73200000,1379218.40000000,5133227.22860000
1723104000000,3.73200000,3.79900000,3.73200000,3.77400000,1830075.60000000,6899970.39520000
1723118400000,3.77300000,3.91600000,3.70400000,3.90800000,2982934.70000000,11392374.85770000
1723132800000,3.90800000,3.97300000,3.86700000,3.87000000,2190447.60000000,8594693.31080000
1723147200000,3.87000000,4.08700000,3.86500000,4.06400000,1845883.20000000,7373496.66990000
1723161600000,4.06500000,4.17100000,4.01400000,4.09300000,2828986.60000000,11601047.99770000
1723176000000,4.09200000,4.11600000,3.98500000,4.07600000,1409497.30000000,5712847.13070000
1723190400000,4.07700000,4.09800000,3.98900000,4.00500000,1196627.40000000,4833170.50870000
1723204800000,4.00400000,4.05500000,3.91300000,3.93800000,2159134.50000000,8583804.19100000
1723219200000,3.93800000,4.01800000,3.93700000,3.99000000,652109.60000000,2597470.74740000
1723233600000,3.99000000,4.06600000,3.94100000,4.05600000,970233.70000000,3885786.39460000
1723248000000,4.05700000,4.09800000,3.99000000,4.01400000,864394.50000000,3491793.76740000
1723262400000,4.01500000,4.02600000,3.96000000,4.01200000,558618.30000000,2229027.46100000
1723276800000,4.01200000,4.05300000,3.97000000,4.03800000,768621.00000000,3082900.30370000
1723291200000,4.03800000,4.08800000,3.98600000,4.06400000,959822.00000000,3877940.38580000
1723305600000,4.06400000,4.25800000,4.04100000,4.17500000,2169691.50000000,9040069.13070000
1723320000000,4.17600000,4.22300000,4.14000000,4.16100000,796989.70000000,3339566.49790000
1723334400000,4.16100000,4.22200000,4.13600000,4.17300000,841686.40000000,3509460.76220000
1723348800000,4.17300000,4.18100000,4.13400000,4.15400000,517170.70000000,2147915.71740000
1723363200000,4.15500000,4.20700000,4.04700000,4.06700000,944091.10000000,3891981.91940000
1723377600000,4.06600000,4.07000000,3.93400000,3.95300000,1739659.90000000,6951026.80070000
1723392000000,3.95200000,3.97700000,3.86100000,3.86800000,1090140.90000000,4273052.86180000
1723406400000,3.86800000,3.98000000,3.83300000,3.86800000,2384189.10000000,9301425.00570000
1723420800000,3.86700000,3.94900000,3.85300000,3.88800000,786060.90000000,3055503.44000000
1723435200000,3.88900000,3.98600000,3.83000000,3.95500000,815407.50000000,3187343.70800000
1723449600000,3.95600000,4.11800000,3.93400000,4.11300000,1665190.20000000,6700708.59340000
1723464000000,4.11300000,4.12700000,3.90000000,4.06800000,3182478.30000000,12848662.53050000
1723478400000,4.06700000,4.10400000,3.97800000,4.03300000,1564543.40000000,6350996.19270000
1723492800000,4.03400000,4.13400000,3.95200000,4.11100000,1344200.10000000,5428422.92300000
1723507200000,4.11200000,4.11200000,3.98100000,3.99900000,841951.40000000,3414101.08240000
1723521600000,3.99800000,4.03800000,3.97300000,3.99500000,531651.00000000,2131929.95400000
1723536000000,3.99500000,4.00000000,3.93600000,3.97300000,756119.30000000,2999008.84160000
1723550400000,3.97400000,4.09400000,3.96900000,4.05300000,1404013.30000000,5668286.88710000
1723564800000,4.05300000,4.41300000,4.04500000,4.39800000,3409005.20000000,14522507.59190000
1723579200000,4.39700000,4.40700000,4.28500000,4.30400000,1345696.20000000,5816116.45510000
1723593600000,4.30500000,4.31000000,4.22700000,4.26300000,674225.20000000,2876979.94770000
1723608000000,4.26400000,4.28500000,4.21000000,4.26100000,637498.20000000,2709793.16110000
1723622400000,4.26100000,4.29700000,4.23900000,4.25300000,862193.00000000,3675139.70120000
1723636800000,4.25200000,4.33100000,4.11500000,4.21000000,2764584.80000000,11678556.49110000
1723651200000,4.20900000,4.22500000,4.13000000,4.15600000,1401720.50000000,5836842.02290000
1723665600000,4.15500000,4.17000000,4.10600000,4.17000000,711892.20000000,2950768.14080000
1723680000000,4.17000000,4.20300000,4.13800000,4.14500000,866365.40000000,3611427.50340000
1723694400000,4.14600000,4.15400000,4.05200000,4.08000000,1296708.80000000,5308569.72200000
1723708800000,4.08000000,4.13700000,4.05100000,4.12600000,813659.00000000,3334244.26040000
1723723200000,4.12500000,4.24900000,4.10100000,4.18900000,1949431.00000000,8176305.98890000
1723737600000,4.18800000,4.21600000,3.93400000,3.96100000,1804081.80000000,7264438.64010000
1723752000000,3.96100000,4.04900000,3.93900000,4.02700000,837858.10000000,3343014.65860000
1723766400000,4.02700000,4.05600000,3.95300000,3.98400000,670398.70000000,2681502.78620000
1723780800000,3.98400000,4.07300000,3.97500000,4.05800000,499928.10000000,2016199.02460000
1723795200000,4.05700000,4.06500000,3.96900000,3.98100000,586445.40000000,2355356.59970000
1723809600000,3.98200000,4.00100000,3.82400000,3.86500000,2234955.50000000,8739904.78800000
1723824000000,3.86400000,4.02400000,3.84500000,4.00300000,1579609.30000000,6223469.88100000
1723838400000,4.00400000,4.03200000,3.94400000,3.96800000,425536.60000000,1698265.82950000
1723852800000,3.96800000,4.00700000,3.94000000,3.96200000,438560.80000000,1742637.32420000
1723867200000,3.96300000,4.00600000,3.95300000,3.96400000,570391.30000000,2270128.61060000
1723881600000,3.96500000,3.99000000,3.92700000,3.95100000,494130.30000000,1954291.96950000
1723896000000,3.95000000,4.00500000,3.93900000,3.97200000,462754.70000000,1841689.82010000
1723910400000,3.97200000,4.02300000,3.95500000,3.98300000,437695.60000000,1748182.31490000
1723924800000,3.98300000,4.01200000,3.95800000,3.99200000,255123.70000000,1016487.31430000
1723939200000,3.99200000,4.03300000,3.95800000,3.96600000,566697.90000000,2261764.65430000
1723953600000,3.96600000,4.02600000,3.94500000,3.99000000,704234.90000000,2805353.76690000
1723968000000,3.99000000,4.04400000,3.97600000,4.02400000,693560.30000000,2783080.63480000
1723982400000,4.02400000,4.06600000,4.00800000,4.03700000,659725.10000000,2664943.60630000
1723996800000,4.03700000,4.05400000,3.98000000,4.01900000,474638.20000000,1902662.49760000
1724011200000,4.01900000,4.02800000,3.89300000,3.90000000,708227.10000000,2808577.64430000
1724025600000,3.90100000,3.91800000,3.86300000,3.91000000,881893.90000000,3430274.75640000
1724040000000,3.91000000,3.91300000,3.85900000,3.88000000,783640.90000000,3040125.15400000
1724054400000,3.88100000,3.92100000,3.83300000,3.88900000,853810.30000000,3309641.24730000
1724068800000,3.88800000,3.92900000,3.84700000,3.89500000,1012242.70000000,3938803.87620000
1724083200000,3.89600000,3.96400000,3.86400000,3.92600000,981826.50000000,3838411.95830000
1724097600000,3.92600000,4.00700000,3.92400000,4.00200000,598368.00000000,2375233.42460000
1724112000000,4.00200000,4.12100000,3.98300000,4.09100000,1211587.70000000,4939165.11410000
1724126400000,4.09100000,4.13900000,4.08200000,4.11000000,890574.30000000,3654546.12490000
1724140800000,4.11000000,4.12400000,4.08000000,4.09400000,662316.10000000,2717933.94450000
1724155200000,4.09500000,4.15000000,3.94600000,3.98700000,2254808.20000000,9134781.43660000
1724169600000,3.98700000,4.06000000,3.96600000,4.04900000,578395.80000000,2318617.99060000
1724184000000,4.05000000,4.09300000,3.99700000,4.00100000,464508.30000000,1879212.02430000
1724198400000,4.00000000,4.03000000,3.95900000,4.02600000,625461.90000000,2502444.60710000
1724212800000,4.02600000,4.07400000,4.01800000,4.07200000,417799.40000000,1690552.54400000
1724227200000,4.07200000,4.11800000,4.00400000,4.07000000,1138500.20000000,4627096.76440000
1724241600000,4.06900000,4.16200000,4.01500000,4.08600000,3516358.00000000,14377718.19000000
1724256000000,4.08600000,4.26400000,4.05600000,4.25300000,2299919.30000000,9566513.67880000
1724270400000,4.25500000,4.30200000,4.22100000,4.24700000,1244349.60000000,5314425.18500000
1724284800000,4.24700000,4.26100000,4.16600000,4.22100000,854881.60000000,3610939.74880000
1724299200000,4.22100000,4.24700000,4.21200000,4.24100000,442115.30000000,1867936.69450000
1724313600000,4.24000000,4.32900000,4.21900000,4.32500000,1276687.20000000,5472261.69710000
1724328000000,4.32500000,4.39100000,4.22200000,4.27700000,2373669.00000000,10194926.46890000
1724342400000,4.27700000,4.34900000,4.23500000,4.23900000,1258962.10000000,5394861.92620000
1724356800000,4.24000000,4.30700000,4.23500000,4.30400000,895483.50000000,3826987.58530000
1724371200000,4.30500000,4.47700000,4.30400000,4.46000000,1796906.70000000,7933599.33190000
1724385600000,4.45900000,4.51400000,4.40800000,4.47300000,1236041.60000000,5517789.10130000
1724400000000,4.47300000,4.67200000,4.47000000,4.58700000,2199599.60000000,10066762.40660000
1724414400000,4.58600000,4.83600000,4.53100000,4.68200000,4396730.40000000,20516707.11770000
1724428800000,4.68200000,4.79000000,4.66900000,4.74900000,1923412.60000000,9105341.93520000
1724443200000,4.75000000,4.85100000,4.75000000,4.83800000,1573884.20000000,7558428.50080000
1724457600000,4.83800000,4.85700000,4.73800000,4.76900000,1091596.10000000,5229022.48470000
1724472000000,4.76900000,4.83600000,4.74500000,4.83200000,726717.60000000,3474569.61820000
1724486400000,4.83200000,4.94100000,4.81100000,4.87700000,1146136.10000000,5593289.72110000
1724500800000,4.87600000,5.00500000,4.85600000,4.99100000,1572061.90000000,7768331.67040000
1724515200000,4.98800000,5.24700000,4.95100000,5.24400000,2857409.90000000,14618611.13460000
1724529600000,5.24500000,5.25600000,4.97900000,5.04100000,1788093.40000000,9066228.72430000
1724544000000,5.04200000,5.07700000,4.85700000,4.97200000,1737381.60000000,8610198.98250000
1724558400000,4.97100000,4.98200000,4.78000000,4.83000000,1342708.50000000,6554793.31050000
1724572800000,4.83000000,4.92500000,4.79000000,4.89000000,1320931.00000000,6409739.05210000
1724587200000,4.89100000,5.03000000,4.87000000,4.96400000,1307813.90000000,6473712.73000000
1724601600000,4.96300000,4.99200000,4.88900000,4.96300000,766153.40000000,3778766.89590000
1724616000000,4.96400000,5.05700000,4.88900000,4.91900000,1633299.00000000,8124484.44190000
1724630400000,4.92000000,5.00500000,4.84300000,4.91600000,1136752.20000000,5589557.25900000
1724644800000,4.91700000,4.98600000,4.83800000,4.86700000,1059035.50000000,5187086.31970000
1724659200000,4.86700000,4.96300000,4.82800000,4.91100000,1192524.90000000,5855149.40490000
1724673600000,4.91100000,4.93200000,4.77000000,4.81000000,2227279.40000000,10777237.42220000
1724688000000,4.81000000,4.86400000,4.70400000,4.78200000,1713727.50000000,8210651.76000000
1724702400000,4.78000000,4.84500000,4.74100000,4.78200000,1024324.80000000,4915946.76070000
1724716800000,4.78200000,4.90200000,4.78100000,4.87900000,1266485.60000000,6151965.83490000
1724731200000,4.87900000,5.01400000,4.85700000,4.90500000,1697913.70000000,8388893.79300000
1724745600000,4.90500000,4.91500000,4.70500000,4.72600000,1856689.10000000,8888703.31390000
1724760000000,4.72600000,4.74200000,4.62400000,4.63500000,2283453.60000000,10690211.26430000
1724774400000,4.63500000,4.90600000,4.59200000,4.89100000,2519793.10000000,11998533.87930000
1724788800000,4.89100000,4.93600000,4.43100000,4.52800000,4097707.50000000,18867026.53060000
1724803200000,4.52600000,4.59800000,4.43900000,4.59400000,2055292.20000000,9260657.42540000
1724817600000,4.59300000,4.60400000,4.34500000,4.34800000,1488081.20000000,6665549.66760000
1724832000000,4.34800000,4.57500000,4.32200000,4.53500000,2916436.40000000,13089893.63020000
1724846400000,4.53200000,4.54800000,4.33200000,4.37800000,4394500.00000000,19603392.36050000
1724860800000,4.37600000,4.49600000,4.21700000,4.40500000,2750592.00000000,11926976.46940000
1724875200000,4.40500000,4.52600000,4.28100000,4.34500000,2125418.30000000,9295442.81550000
1724889600000,4.34500000,4.38400000,4.29700000,4.34100000,712387.40000000,3090551.22540000
1724904000000,4.34200000,4.42200000,4.31100000,4.39500000,853959.10000000,3734481.39540000
1724918400000,4.39500000,4.49400000,4.36000000,4.45200000,1345426.10000000,5944923.03150000
1724932800000,4.45100000,4.54400000,4.43100000,4.47500000,2323985.50000000,10451682.06170000
1724947200000,4.47600000,4.50800000,4.18400000,4.20500000,2660709.40000000,11514201.58400000
1724961600000,4.20500000,4.24800000,4.12200000,4.21100000,1618557.40000000,6787763.25080000
1724976000000,4.21100000,4.28900000,4.18700000,4.20200000,964552.70000000,4077989.48160000
1724990400000,4.20200000,4.29300000,4.18300000,4.25100000,766515.60000000,3250135.99620000
1725004800000,4.25000000,4.30800000,4.18400000,4.18600000,1207464.70000000,5130492.13170000
1725019200000,4.18600000,4.25300000,3.94300000,3.96100000,4571852.20000000,18716805.13140000
1725033600000,3.96100000,4.14500000,3.93700000,4.07000000,1947065.30000000,7858229.60850000
1725048000000,4.07100000,4.14400000,4.05600000,4.11300000,592415.90000000,2432062.50370000
1725062400000,4.11300000,4.15600000,4.09400000,4.12300000,712657.10000000,2937878.25810000
1725076800000,4.12300000,4.16400000,4.11400000,4.11500000,543890.10000000,2249384.12940000
1725091200000,4.11500000,4.13900000,4.06100000,4.11300000,659761.20000000,2704930.42120000
1725105600000,4.11300000,4.11700000,4.04700000,4.07400000,584885.50000000,2384385.79030000
1725120000000,4.07400000,4.07500000,3.97500000,4.03400000,2615596.30000000,10507844.80550000
1725134400000,4.03500000,4.07400000,4.01900000,4.03200000,272406.00000000,1100632.48770000
1725148800000,4.03200000,4.03900000,3.95300000,3.99800000,634249.20000000,2532854.70020000
1725163200000,3.99900000,4.01800000,3.93100000,4.01600000,717815.70000000,2854082.85020000
1725177600000,4.01600000,4.02800000,3.95900000,3.99800000,605243.20000000,2415310.49600000
1725192000000,3.99800000,4.02300000,3.89600000,4.00600000,1222152.00000000,4827246.59400000
1725206400000,4.00700000,4.06700000,3.91500000,4.05800000,1409780.00000000,5653408.64300000
1725220800000,4.05800000,4.07500000,3.81000000,3.84900000,2618015.10000000,10161188.60660000
1725235200000,3.84800000,3.95100000,3.83700000,3.93700000,1721449.70000000,6714750.95090000
1725249600000,3.93700000,3.96200000,3.84700000,3.85500000,1108370.40000000,4327838.61070000
1725264000000,3.85500000,3.97800000,3.83600000,3.94700000,2102559.20000000,8264886.31020000
1725278400000,3.94700000,3.99300000,3.88300000,3.95600000,1765190.80000000,6956344.90710000
1725292800000,3.95600000,3.98500000,3.89600000,3.91500000,1036887.50000000,4075893.14060000
1725307200000,3.91600000,4.03100000,3.90700000,3.99000000,1264638.80000000,5039003.38360000
1725321600000,3.98900000,4.07600000,3.98300000,4.00200000,1343978.90000000,5414027.55140000
1725336000000,4.00200000,4.02300000,3.92700000,4.01100000,1404531.50000000,5589169.60420000
1725350400000,4.01100000,4.01100000,3.91600000,3.92900000,1118661.20000000,4419046.95360000
1725364800000,3.92900000,3.95500000,3.72300000,3.73500000,2500505.40000000,9559947.82900000
1725379200000,3.73400000,3.81300000,3.70900000,3.78700000,1562590.60000000,5876218.50180000
1725393600000,3.78800000,3.81000000,3.71700000,3.72500000,1126735.70000000,4256163.06340000
1725408000000,3.72600000,3.75500000,3.55100000,3.71500000,2691307.00000000,9848567.29850000
1725422400000,3.71500000,3.74400000,3.65400000,3.73300000,1372148.80000000,5076016.93680000
1725436800000,3.73300000,3.78000000,3.71500000,3.76000000,774698.70000000,2904847.38820000
1725451200000,3.75700000,3.88500000,3.74100000,3.87900000,2164993.10000000,8234144.67500000
1725465600000,3.87800000,3.94200000,3.81100000,3.85100000,1621623.80000000,6295967.29680000
1725480000000,3.85200000,3.92800000,3.83100000,3.88800000,955336.10000000,3712268.22390000
1725494400000,3.88800000,3.92700000,3.80800000,3.82300000,836718.70000000,3232150.58160000
1725508800000,3.82300000,3.85300000,3.77500000,3.83100000,735185.60000000,2806254.94950000
1725523200000,3.83100000,3.84900000,3.78600000,3.80000000,1084495.00000000,4133234.83560000
1725537600000,3.80100000,3.90400000,3.75200000,3.77700000,2999912.90000000,11491001.03490000
1725552000000,3.77500000,3.79900000,3.70900000,3.72600000,963613.70000000,3626313.64580000
1725566400000,3.72700000,3.74500000,3.69600000,3.71200000,528605.50000000,1966978.04840000
1725580800000,3.71200000,3.77700000,3.68800000,3.71900000,869703.50000000,3253864.02830000
1725595200000,3.71900000,3.73200000,3.59800000,3.64100000,1616712.60000000,5916687.64800000
1725609600000,3.64100000,3.67000000,3.61800000,3.64800000,1373404.60000000,5004382.12200000
1725624000000,3.64900000,3.81300000,3.58000000,3.63900000,4353230.20000000,16055456.12960000
1725638400000,3.63800000,3.64400000,3.52500000,3.55200000,1893618.80000000,6771012.27490000
1725652800000,3.55100000,3.56500000,3.42300000,3.55000000,2049044.40000000,7161602.05830000
1725667200000,3.55100000,3.60600000,3.54400000,3.56600000,774469.00000000,2765211.43900000
1725681600000,3.56700000,3.65400000,3.56400000,3.63500000,1182501.70000000,4280950.67490000
1725696000000,3.63500000,3.65500000,3.60700000,3.62500000,766040.00000000,2778333.83380000
1725710400000,3.62500000,3.71000000,3.62500000,3.68800000,949424.20000000,3482706.31000000
1725724800000,3.68800000,3.75500000,3.66300000,3.70400000,1692464.10000000,6273017.96210000
1725739200000,3.70300000,3.70500000,3.61200000,3.66700000,547090.60000000,2000837.31580000
1725753600000,3.66700000,3.72200000,3.64300000,3.71900000,853547.50000000,3146604.60920000
1725768000000,3.71900000,3.78500000,3.71000000,3.78200000,989546.00000000,3716252.37950000
1725782400000,3.78400000,3.79900000,3.72000000,3.72800000,1550971.00000000,5830011.20390000
1725796800000,3.72700000,3.74500000,3.66400000,3.66700000,1388469.70000000,5131014.60550000
1725811200000,3.66700000,3.72700000,3.64500000,3.70000000,995835.00000000,3677449.39030000
1725825600000,3.70100000,3.81900000,3.68900000,3.75600000,1207537.30000000,4536631.31900000
1725840000000,3.75600000,3.81500000,3.75100000,3.79700000,1066711.00000000,4039411.05650000
1725854400000,3.79600000,3.84500000,3.75700000,3.84200000,911910.40000000,3460075.69400000
1725868800000,3.84200000,3.93300000,3.84100000,3.87500000,1634133.80000000,6361277.19110000
1725883200000,3.87500000,3.91900000,3.82700000,3.88500000,1999855.00000000,7757364.35150000
1725897600000,3.88500000,4.06900000,3.88100000,4.06000000,2829367.10000000,11276738.80040000
1725912000000,4.06100000,4.10600000,4.00900000,4.01400000,1646185.20000000,6663817.44440000
1725926400000,4.01500000,4.01600000,3.94200000,3.94400000,783107.70000000,3116075.67320000
1725940800000,3.94400000,4.04100000,3.93700000,4.03200000,1156357.90000000,4608884.03370000
1725955200000,4.03200000,4.06200000,3.99100000,4.05800000,855395.60000000,3448543.64370000
1725969600000,4.05800000,4.06400000,3.97400000,3.97500000,1718230.70000000,6899574.64810000
1725984000000,3.97600000,4.08300000,3.97400000,4.04800000,932763.90000000,3759289.06460000
1725998400000,4.04800000,4.07800000,4.01200000,4.03300000,737783.50000000,2981374.26070000
1726012800000,4.03300000,4.05400000,3.97200000,3.98400000,1506996.40000000,6030679.23500000
1726027200000,3.98400000,3.98400000,3.88700000,3.94200000,1522960.10000000,5981358.26960000
1726041600000,3.94100000,3.94300000,3.88600000,3.93800000,979904.30000000,3836701.74960000
1726056000000,3.93900000,3.98600000,3.81600000,3.90800000,3341642.20000000,13021959.16150000
1726070400000,3.90800000,4.04100000,3.90100000,3.99200000,2018345.40000000,8054640.02390000
1726084800000,3.99100000,4.01600000,3.96500000,3.96800000,618733.60000000,2465693.10190000
1726099200000,3.96800000,4.15300000,3.96600000,4.10400000,2294749.80000000,9377748.46250000
1726113600000,4.10300000,4.18000000,4.09300000,4.14100000,1805475.20000000,7480340.25510000
1726128000000,4.14100000,4.25400000,4.13600000,4.22400000,2281824.00000000,9585831.23900000
1726142400000,4.22300000,4.24800000,4.13000000,4.14500000,2418985.20000000,10105896.48340000
1726156800000,4.14500000,4.30200000,4.14300000,4.29200000,2037853.20000000,8657531.63890000
1726171200000,4.29200000,4.29400000,4.20800000,4.24800000,1167595.00000000,4959026.52620000
1726185600000,4.24800000,4.27100000,4.20800000,4.21600000,937726.30000000,3978459.22980000
1726200000000,4.21600000,4.23400000,4.14300000,4.17200000,1424305.80000000,5959343.11320000
1726214400000,4.17300000,4.21000000,4.14100000,4.14700000,1115859.50000000,4664411.66880000
1726228800000,4.14700000,4.33800000,4.11600000,4.31800000,2467285.30000000,10390638.29540000
1726243200000,4.31900000,4.36600000,4.23400000,4.24100000,1877379.20000000,8066932.43380000
1726257600000,4.24200000,4.32800000,4.22300000,4.28700000,1367180.30000000,5848282.56800000
1726272000000,4.28800000,4.30600000,4.21800000,4.24300000,774747.60000000,3293623.07690000
1726286400000,4.24200000,4.24400000,4.19700000,4.21300000,757832.90000000,3196839.22530000
1726300800000,4.21200000,4.21800000,4.15400000,4.16800000,832956.00000000,3482091.22240000
1726315200000,4.16800000,4.23200000,4.16100000,4.20900000,909156.20000000,3821080.41360000
1726329600000,4.20900000,4.24300000,4.15800000,4.17000000,885476.70000000,3715271.63610000
1726344000000,4.17000000,4.20000000,4.16600000,4.19300000,479216.50000000,2005330.95710000
1726358400000,4.19300000,4.26300000,4.18000000,4.21800000,961195.80000000,4065260.48450000
1726372800000,4.21800000,4.23700000,4.18000000,4.23100000,715338.80000000,3011026.89980000
1726387200000,4.23100000,4.25200000,4.16800000,4.18100000,955758.40000000,4021564.05110000
1726401600000,4.18000000,4.22500000,4.14800000,4.19500000,1122589.80000000,4694850.87780000
1726416000000,4.19600000,4.19800000,4.12100000,4.13000000,1226572.10000000,5085319.51930000
1726430400000,4.13000000,4.14000000,3.99900000,4.01600000,1727861.90000000,7016260.06670000
1726444800000,4.01700000,4.01900000,3.88800000,3.95000000,2033819.70000000,8045424.89970000
1726459200000,3.94900000,3.99700000,3.92800000,3.98800000,672700.40000000,2664663.54430000
1726473600000,3.98900000,4.03200000,3.94100000,3.96500000,1175713.00000000,4685358.40950000
1726488000000,3.96400000,3.97300000,3.85000000,3.89900000,1815169.60000000,7092654.57680000
1726502400000,3.90000000,3.92100000,3.84900000,3.88000000,1242754.00000000,4830597.55370000
1726516800000,3.88000000,3.89700000,3.84900000,3.87900000,606022.50000000,2350122.44180000
1726531200000,3.88000000,3.90700000,3.83200000,3.89300000,842549.40000000,3262015.05410000
1726545600000,3.89400000,4.01800000,3.89300000,4.01000000,1214381.30000000,4822676.43510000
1726560000000,4.01100000,4.15400000,4.01100000,4.05500000,2941681.10000000,12010232.29630000
1726574400000,4.05500000,4.27900000,4.01800000,4.21600000,3762500.10000000,15631927.07730000
1726588800000,4.21700000,4.30500000,4.11500000,4.13900000,2092754.20000000,8832563.22920000
1726603200000,4.14000000,4.19300000,4.11200000,4.13400000,806632.20000000,3349814.20580000
1726617600000,4.13400000,4.13400000,4.02900000,4.09300000,1469897.00000000,5991952.31830000
1726632000000,4.09300000,4.09800000,4.02800000,4.05900000,734354.60000000,2979960.01850000
1726646400000,4.06000000,4.06000000,3.94900000,3.97200000,1425437.40000000,5698764.50970000
1726660800000,3.97200000,4.08500000,3.93500000,3.95100000,2238493.20000000,8931958.58150000
1726675200000,3.95100000,4.24200000,3.93900000,4.09800000,3843035.20000000,15785474.59100000
1726689600000,4.09700000,4.25700000,4.01400000,4.25300000,2339685.30000000,9619997.77920000
1726704000000,4.25300000,4.57600000,4.25300000,4.53300000,5439392.60000000,24237909.37240000
1726718400000,4.53300000,4.58500000,4.45000000,4.52800000,3173346.50000000,14346086.95400000
1726732800000,4.52800000,4.54600000,4.42400000,4.47800000,2367793.30000000,10608260.62580000
1726747200000,4.47800000,4.51900000,4.32800000,4.48800000,3551120.30000000,15892914.35710000
1726761600000,4.48800000,4.52800000,4.44600000,4.45200000,2067676.50000000,9277538.37610000
1726776000000,4.45100000,4.46300000,4.33400000,4.36300000,2043296.90000000,8972974.29250000
1726790400000,4.36400000,4.40900000,4.25600000,4.40900000,2795425.40000000,12081738.20730000
1726804800000,4.40800000,4.50700000,4.39100000,4.46300000,3961921.20000000,17607667.48450000
1726819200000,4.46300000,4.51100000,4.39700000,4.42900000,2299049.00000000,10253301.66210000
1726833600000,4.42800000,4.49700000,4.34200000,4.38300000,3044626.80000000,13409528.70740000
1726848000000,4.38200000,4.40900000,4.28000000,4.35300000,1690103.80000000,7323801.26950000
1726862400000,4.35300000,4.42400000,4.34000000,4.38600000,875496.80000000,3842347.79880000
1726876800000,4.38600000,4.40900000,4.30700000,4.32500000,1300079.60000000,5661902.01660000
1726891200000,4.32400000,4.35400000,4.28600000,4.34600000,1006610.60000000,4346764.95660000
1726905600000,4.34700000,4.40600000,4.33300000,4.40100000,990181.70000000,4325080.70360000
1726920000000,4.40000000,4.57300000,4.38400000,4.49300000,3555820.50000000,15996438.00250000
1726934400000,4.49300000,4.55700000,4.48800000,4.54400000,1082561.40000000,4896245.83720000
1726948800000,4.54400000,4.69200000,4.51500000,4.66600000,1880241.30000000,8647347.53490000
1726963200000,4.66600000,4.68600000,4.52500000,4.60700000,2932496.20000000,13475570.15890000
1726977600000,4.60800000,4.61200000,4.48900000,4.53000000,1530976.70000000,6962013.85700000
1726992000000,4.53100000,4.54100000,4.42100000,4.44600000,1801837.00000000,8071186.63270000
1727006400000,4.44600000,4.47800000,4.40400000,4.42300000,1377477.80000000,6108524.98810000
1727020800000,4.42300000,4.60900000,4.38200000,4.58900000,1439487.60000000,6474911.16290000
1727035200000,4.58900000,4.61400000,4.40400000,4.52400000,2162384.20000000,9793850.22400000
1727049600000,4.52500000,4.75500000,4.39800000,4.72800000,4948647.30000000,22779623.63390000
1727064000000,4.72900000,4.97600000,4.63800000,4.84400000,5385261.30000000,25974489.81620000
1727078400000,4.84400000,4.94700000,4.79100000,4.84400000,4579226.00000000,22306590.69570000
1727092800000,4.84400000,5.24700000,4.81200000,5.15600000,6781530.70000000,34405400.42660000
1727107200000,5.15500000,5.20000000,5.05000000,5.16000000,3532580.70000000,18041318.50570000
1727121600000,5.16300000,5.27700000,5.05300000,5.17700000,2679103.70000000,13812654.58660000
1727136000000,5.17700000,5.29000000,5.05500000,5.24600000,3729155.00000000,19257413.63090000
1727150400000,5.24600000,5.36000000,5.20600000,5.25200000,3029651.60000000,15963007.42650000
1727164800000,5.25100000,5.26900000,5.14700000,5.21500000,1931367.60000000,10053180.63530000
1727179200000,5.21600000,5.26000000,5.08200000,5.23500000,3251272.60000000,16819276.32270000
1727193600000,5.23500000,5.36000000,5.18400000,5.33500000,1859022.00000000,9812461.83390000
1727208000000,5.33600000,5.39900000,5.26900000,5.34600000,1882884.10000000,10049461.43620000
1727222400000,5.34600000,5.46000000,5.30500000,5.35400000,2381602.50000000,12796059.97560000
1727236800000,5.35400000,5.37300000,5.19500000,5.20400000,1833341.60000000,9681531.36760000
1727251200000,5.20400000,5.28500000,5.19400000,5.23400000,964383.70000000,5043047.77340000
1727265600000,5.23400000,5.34900000,5.20200000,5.20900000,2027871.50000000,10694982.56460000
1727280000000,5.21000000,5.26900000,5.15300000,5.18500000,1877697.10000000,9782522.52470000
1727294400000,5.18400000,5.25100000,5.10800000,5.14400000,1370934.30000000,7101551.47270000
1727308800000,5.14400000,5.31500000,5.11700000,5.27700000,2537041.50000000,13284855.39570000
1727323200000,5.27600000,5.60300000,5.23900000,5.41200000,4523591.20000000,24603307.49790000
1727337600000,5.41300000,5.56900000,5.34300000,5.54400000,2793565.10000000,15286256.49130000
1727352000000,5.54400000,5.86900000,5.51300000,5.84600000,6270046.10000000,35763648.54150000
1727366400000,5.84700000,5.87100000,5.60900000,5.60900000,2826098.40000000,16194488.87480000
1727380800000,5.61000000,5.63200000,5.53300000,5.54700000,2668005.80000000,14899851.93640000
1727395200000,5.54800000,5.57900000,5.43200000,5.52400000,2720249.60000000,14998238.98330000
1727409600000,5.52400000,5.75500000,5.51100000,5.63900000,2707410.70000000,15305986.44700000
1727424000000,5.63900000,5.68100000,5.48900000,5.52900000,1897677.90000000,10601121.32280000
1727438400000,5.52900000,5.62800000,5.38500000,5.47500000,4526729.10000000,24973565.47330000
1727452800000,5.47600000,5.51500000,5.37000000,5.37900000,1962079.50000000,10698787.43940000
1727467200000,5.38000000,5.48800000,5.36000000,5.45700000,1268428.70000000,6874002.92240000
1727481600000,5.45700000,5.53600000,5.42800000,5.50800000,1509689.30000000,8277753.34310000
1727496000000,5.50600000,5.52200000,5.38200000,5.39300000,1169880.10000000,6371855.67540000
1727510400000,5.39200000,5.50500000,5.33300000,5.44200000,1547029.70000000,8390444.74790000
1727524800000,5.44300000,5.56800000,5.39000000,5.52700000,1804104.70000000,9891839.14010000
1727539200000,5.52700000,5.53700000,5.46400000,5.49800000,680764.70000000,3741232.25790000
1727553600000,5.49900000,5.57800000,5.39500000,5.56100000,1140095.30000000,6281404.12250000
1727568000000,5.56200000,5.58300000,5.43200000,5.48900000,1248968.40000000,6858507.22930000
1727582400000,5.48800000,5.50700000,5.36700000,5.37800000,1005748.30000000,5465367.96010000
1727596800000,5.37800000,5.45600000,5.36800000,5.41500000,834088.80000000,4517301.53140000
1727611200000,5.41600000,5.54800000,5.35200000,5.46600000,1777646.70000000,9681269.80200000
1727625600000,5.46600000,5.62800000,5.40600000,5.57800000,2073247.50000000,11488358.98320000
1727640000000,5.57800000,5.61700000,5.43100000,5.50400000,1101174.00000000,6068273.50060000
1727654400000,5.50400000,5.51600000,5.27300000,5.34400000,2116524.30000000,11402156.40960000
1727668800000,5.34500000,5.40000000,5.22000000,5.35800000,1361957.50000000,7239580.64990000
1727683200000,5.35700000,5.36200000,5.23400000,5.32700000,2239902.30000000,11872350.83620000
1727697600000,5.32700000,5.40700000,5.26900000,5.29600000,2610210.40000000,13954054.68150000
1727712000000,5.29700000,5.47600000,5.28900000,5.36800000,2740720.40000000,14798717.59380000
1727726400000,5.36800000,5.42900000,5.23200000,5.28800000,1634619.90000000,8721864.06380000
1727740800000,5.28700000,5.41100000,5.22600000,5.39400000,1848933.60000000,9865422.83910000
1727755200000,5.39400000,5.56500000,5.38500000,5.48100000,2002317.50000000,10979473.53720000
1727769600000,5.48100000,5.52500000,5.42700000,5.46300000,1148773.30000000,6295142.78250000
1727784000000,5.46300000,5.48200000,4.82300000,5.00500000,7200451.60000000,36856974.95160000
1727798400000,5.00400000,5.02400000,4.59400000,4.85700000,6312617.50000000,30631193.45770000
1727812800000,4.85700000,4.89100000,4.73200000,4.83900000,2563444.10000000,12375503.14690000
1727827200000,4.83900000,4.96000000,4.77100000,4.92900000,1811203.70000000,8839023.54750000
1727841600000,4.92900000,5.00500000,4.84400000,4.96000000,1797707.00000000,8837119.10120000
1727856000000,4.95900000,5.00400000,4.74000000,4.80200000,2275846.00000000,11042823.93700000
1727870400000,4.80300000,4.85500000,4.67200000,4.77700000,4104773.70000000,19584676.49780000
1727884800000,4.77700000,4.86400000,4.52200000,4.60000000,3083191.10000000,14426490.88390000
1727899200000,4.60000000,4.68900000,4.57000000,4.62600000,1188294.10000000,5502110.77760000
1727913600000,4.62600000,4.76800000,4.55600000,4.76400000,1477489.10000000,6918413.68690000
1727928000000,4.76300000,4.77100000,4.60000000,4.60300000,1080800.60000000,5064853.37370000
1727942400000,4.60300000,4.62900000,4.41800000,4.53400000,3024103.00000000,13676845.08680000
1727956800000,4.53400000,4.66000000,4.45200000,4.58500000,3231264.90000000,14686924.27180000
1727971200000,4.58500000,4.64800000,4.44500000,4.64300000,1318554.10000000,5990959.13650000
1727985600000,4.64200000,4.66600000,4.52800000,4.64100000,1058975.50000000,4884094.75230000
1728000000000,4.64200000,4.75000000,4.59100000,4.66800000,1669201.00000000,7805877.46060000
1728014400000,4.66800000,4.73100000,4.64600000,4.69500000,1344110.30000000,6288494.30570000
1728028800000,4.69400000,4.76500000,4.66400000,4.72000000,1412332.40000000,6660592.15460000
1728043200000,4.72000000,4.81000000,4.63700000,4.76800000,3094149.90000000,14635771.32230000
1728057600000,4.77000000,4.86200000,4.74900000,4.83300000,2119508.10000000,10193834.93920000
1728072000000,4.83400000,4.86000000,4.80200000,4.83100000,505056.40000000,2438998.33350000
1728086400000,4.83000000,4.86900000,4.70000000,4.72600000,1293029.80000000,6185721.59030000
1728100800000,4.72600000,4.80900000,4.69800000,4.76200000,984020.50000000,4691587.38890000
1728115200000,4.76400000,4.83900000,4.76300000,4.79200000,536198.60000000,2575022.09870000
1728129600000,4.79200000,4.81000000,4.68000000,4.72300000,961669.00000000,4557984.56750000
1728144000000,4.72200000,4.73400000,4.63400000,4.72600000,2299623.70000000,10791329.44670000
1728158400000,4.72600000,4.79600000,4.69400000,4.77700000,1364554.50000000,6465734.86180000
1728172800000,4.77800000,4.82300000,4.74100000,4.74400000,673355.90000000,3218152.59250000
1728187200000,4.74500000,4.76900000,4.71600000,4.73200000,563310.40000000,2667482.72560000
1728201600000,4.73300000,4.79100000,4.71800000,4.77100000,484550.20000000,2302848.87610000
1728216000000,4.77000000,4.92500000,4.76100000,4.90400000,1607296.20000000,7798194.05800000
1728230400000,4.90300000,4.94200000,4.81800000,4.82400000,922839.60000000,4502511.96270000
1728244800000,4.82200000,4.96800000,4.80300000,4.95000000,899855.00000000,4400411.93240000
1728259200000,4.95000000,5.29800000,4.91700000,5.20900000,4136230.30000000,21353381.11070000
1728273600000,5.20900000,5.26700000,5.17300000,5.21000000,1712872.00000000,8947207.28110000
1728288000000,5.21100000,5.23000000,5.01400000,5.11300000,2222835.80000000,11373226.44340000
1728302400000,5.11300000,5.28800000,5.04300000,5.24100000,3105337.40000000,16150621.94460000
1728316800000,5.24000000,5.32700000,5.13200000,5.23600000,2351865.50000000,12331192.98480000
1728331200000,5.23700000,5.24000000,5.03300000,5.04600000,1782441.60000000,9141104.13260000
1728345600000,5.04600000,5.16100000,5.04000000,5.13000000,1180776.10000000,6028468.78690000
1728360000000,5.13100000,5.15100000,4.95000000,5.01300000,2257674.80000000,11349266.15170000
1728374400000,5.01400000,5.05400000,4.96200000,5.01100000,1620110.00000000,8111944.86890000
1728388800000,5.01200000,5.08800000,4.89000000,4.94500000,2638422.60000000,13135346.24970000
1728403200000,4.94400000,5.00400000,4.86600000,4.91700000,1244741.00000000,6141554.56540000
1728417600000,4.91700000,4.96600000,4.85500000,4.89400000,734140.70000000,3609236.40250000
1728432000000,4.89300000,4.98700000,4.86600000,4.92500000,993361.40000000,4890934.91630000
1728446400000,4.92300000,4.97800000,4.87400000,4.88300000,995191.60000000,4898436.10660000
1728460800000,4.88300000,4.91000000,4.86300000,4.88800000,693340.10000000,3385092.36140000
1728475200000,4.88600000,4.89400000,4.72300000,4.79800000,3376368.60000000,16152964.18230000
1728489600000,4.79700000,4.80300000,4.59000000,4.61000000,2031794.00000000,9506204.35670000
1728504000000,4.61000000,4.62400000,4.55200000,4.60900000,1327582.40000000,6096391.49690000
1728518400000,4.60900000,4.67800000,4.56000000,4.64700000,1175783.60000000,5426563.49910000
1728532800000,4.64700000,4.68400000,4.59600000,4.59700000,696086.60000000,3231847.49260000
1728547200000,4.59700000,4.63800000,4.52000000,4.63400000,1372662.50000000,6290723.62380000
1728561600000,4.63400000,4.64100000,4.48000000,4.52800000,2107716.30000000,9568898.41040000
1728576000000,4.52900000,4.56400000,4.42300000,4.53000000,1854609.40000000,8320325.26250000
1728590400000,4.53000000,4.60300000,4.51100000,4.59400000,742252.30000000,3380744.12840000
1728604800000,4.59500000,4.63400000,4.54500000,4.60900000,933397.20000000,4291499.74480000
1728619200000,4.60900000,4.66200000,4.58300000,4.64300000,1459380.50000000,6733232.70550000
1728633600000,4.64200000,4.76900000,4.64100000,4.71300000,1618515.40000000,7624056.80480000
1728648000000,4.71400000,4.80200000,4.71300000,4.79400000,3043163.40000000,14495121.10130000
1728662400000,4.79300000,4.80800000,4.73700000,4.77000000,1588408.50000000,7573564.33040000
1728676800000,4.77000000,4.79600000,4.72100000,4.73700000,1152955.00000000,5494452.96390000
1728691200000,4.73700000,4.77100000,4.67700000,4.70500000,1161010.00000000,5493159.96860000
1728705600000,4.70500000,4.78000000,4.70000000,4.76700000,904448.10000000,4285720.04540000
1728720000000,4.76800000,4.91800000,4.75400000,4.85000000,2555070.10000000,12357431.90250000
1728734400000,4.85000000,4.92200000,4.80200000,4.85900000,1826797.30000000,8871275.62420000
1728748800000,4.85800000,4.90400000,4.79600000,4.81000000,1271250.70000000,6151201.98600000
1728763200000,4.81100000,4.87300000,4.80700000,4.84600000,737690.90000000,3571390.04890000
1728777600000,4.84600000,4.87500000,4.73000000,4.74000000,1884875.10000000,9030578.63170000
1728792000000,4.73900000,4.79400000,4.73000000,4.76100000,893999.50000000,4253299.64150000
1728806400000,4.76100000,4.78400000,4.68100000,4.68900000,1226430.20000000,5799893.25030000
1728820800000,4.68800000,4.74200000,4.58900000,4.60500000,1587310.30000000,7411924.18240000
1728835200000,4.60500000,4.66900000,4.56100000,4.61400000,1295887.00000000,5978164.73930000
1728849600000,4.61500000,4.72200000,4.60200000,4.70400000,1156862.40000000,5391921.55040000
1728864000000,4.70400000,4.83900000,4.62600000,4.83100000,2334799.40000000,11054532.05050000
1728878400000,4.83200000,4.85500000,4.74100000,4.84000000,2730905.10000000,13122758.35470000
1728892800000,4.84000000,4.89700000,4.78200000,4.87000000,1874536.60000000,9086279.46530000
1728907200000,4.87000000,5.05300000,4.84300000,5.01000000,3422873.90000000,16953149.41210000
1728921600000,5.00900000,5.03900000,4.95800000,5.01700000,1459661.00000000,7303587.90390000
1728936000000,5.01900000,5.07900000,5.00100000,5.02600000,1440822.60000000,7262379.77470000
1728950400000,5.02600000,5.06500000,4.91100000,4.91400000,2256770.40000000,11240655.23140000
1728964800000,4.91400000,4.97900000,4.88500000,4.95800000,2165090.80000000,10681166.22870000
1728979200000,4.95700000,5.16500000,4.90300000,4.94800000,4247741.10000000,21455411.56690000
1728993600000,4.94900000,5.28200000,4.86500000,5.00800000,7720168.50000000,39125424.08820000
1729008000000,5.00900000,5.17800000,5.00700000,5.02800000,2512076.60000000,12797645.80260000
1729022400000,5.02800000,5.07100000,4.91400000,5.06500000,1218225.60000000,6073893.24840000
1729036800000,5.06500000,5.08100000,4.94900000,5.00500000,1641365.00000000,8243695.46340000
1729051200000,5.00400000,5.06300000,4.92100000,4.93900000,1938129.80000000,9676295.99000000
1729065600000,4.93800000,5.04900000,4.92600000,4.98900000,2125753.40000000,10605971.67150000
1729080000000,4.99000000,5.01700000,4.89200000,4.92100000,2810211.70000000,13881735.31610000
1729094400000,4.92000000,4.96700000,4.88500000,4.91400000,1489466.80000000,7336650.13420000
1729108800000,4.91500000,5.02300000,4.91200000,4.94500000,882759.50000000,4401149.85210000
1729123200000,4.94600000,5.03700000,4.94500000,4.98900000,1258589.90000000,6281342.93760000
1729137600000,4.98900000,4.99700000,4.82300000,4.84700000,2337604.50000000,11446783.25920000
1729152000000,4.84700000,4.86800000,4.70400000,4.71500000,2093349.60000000,10014247.42310000
1729166400000,4.71400000,4.81700000,4.69900000,4.80700000,1763673.40000000,8376077.89430000
1729180800000,4.80700000,4.80700000,4.65100000,4.73200000,1642479.80000000,7750835.23180000
1729195200000,4.73100000,4.77200000,4.72300000,4.76900000,453071.00000000,2150924.03400000
1729209600000,4.76900000,4.85700000,4.72900000,4.78400000,1168493.40000000,5608993.19340000
1729224000000,4.78500000,4.85000000,4.76000000,4.82000000,806821.50000000,3878571.79410000
1729238400000,4.82000000,4.82600000,4.77000000,4.77900000,988139.10000000,4739519.54950000
1729252800000,4.77900000,4.88800000,4.73700000,4.87900000,2056474.80000000,9904067.51120000
1729267200000,4.87900000,4.94500000,4.83300000,4.85300000,2177571.40000000,10648438.08470000
1729281600000,4.85400000,4.89700000,4.82600000,4.89400000,557789.40000000,2709750.00490000
1729296000000,4.89600000,4.94400000,4.85800000,4.90600000,927127.10000000,4540982.54250000
1729310400000,4.90600000,4.92800000,4.87100000,4.87600000,918731.70000000,4498978.55950000
1729324800000,4.87800000,4.91700000,4.81200000,4.81400000,902243.50000000,4393854.57830000
1729339200000,4.81200000,4.85900000,4.79200000,4.83500000,721241.30000000,3480733.26500000
1729353600000,4.83500000,4.84300000,4.75900000,4.77700000,580044.80000000,2778009.60840000
1729368000000,4.77700000,4.84300000,4.77200000,4.81800000,554264.50000000,2669420.75600000
1729382400000,4.81700000,4.83100000,4.72200000,4.73900000,825180.10000000,3936507.20460000
1729396800000,4.73800000,4.77300000,4.71100000,4.75800000,873392.90000000,4136647.53820000
1729411200000,4.75800000,4.79200000,4.74500000,4.78700000,696490.30000000,3324480.98080000
1729425600000,4.78700000,4.94700000,4.74900000,4.91400000,2521539.10000000,12279625.97550000
1729440000000,4.91500000,4.93500000,4.86700000,4.88600000,614743.00000000,3010657.61740000
1729454400000,4.88700000,5.01700000,4.87700000,4.97900000,1397342.10000000,6926491.34150000
1729468800000,4.98000000,5.06000000,4.93000000,4.96200000,1555902.10000000,7790314.11770000
1729483200000,4.96100000,5.05000000,4.94300000,4.98700000,1271013.00000000,6364936.82120000
1729497600000,4.98600000,5.03500000,4.89100000,4.90300000,1428427.90000000,7071726.95320000
1729512000000,4.90400000,4.94000000,4.76100000,4.81200000,2104469.90000000,10170320.87600000
1729526400000,4.81200000,4.85700000,4.75300000,4.84300000,711001.50000000,3413746.92170000
1729540800000,4.84200000,4.86100000,4.77600000,4.78200000,589528.20000000,2842012.33120000
1729555200000,4.78200000,4.84400000,4.71200000,4.79100000,1378933.90000000,6593932.04170000
1729569600000,4.79000000,4.83500000,4.75500000,4.78200000,939189.90000000,4508738.96220000
1729584000000,4.78100000,4.82400000,4.62100000,4.68600000,2770951.70000000,13023219.04880000
1729598400000,4.68500000,4.72100000,4.62200000,4.68500000,2282666.00000000,10676457.56430000
1729612800000,4.68400000,4.69300000,4.62200000,4.67300000,1089104.10000000,5074428.98710000
1729627200000,4.67100000,4.72600000,4.65700000,4.68200000,522928.50000000,2452276.97050000
1729641600000,4.68200000,4.69200000,4.58900000,4.63000000,926325.70000000,4297071.20270000
1729656000000,4.63000000,4.67400000,4.59200000,4.60600000,1064576.20000000,4937942.23670000
1729670400000,4.60700000,4.63100000,4.54800000,4.58200000,849636.00000000,3899076.29740000
1729684800000,4.58200000,4.63800000,4.51900000,4.55700000,1437748.20000000,6582681.74000000
1729699200000,4.55700000,4.59300000,4.44700000,4.59200000,1628261.60000000,7359598.16010000
1729713600000,4.59200000,4.66700000,4.56900000,4.65200000,816105.00000000,3778517.36120000
1729728000000,4.65200000,4.74000000,4.63100000,4.67100000,1124709.40000000,5278478.16440000
1729742400000,4.67200000,4.70900000,4.63300000,4.63300000,776301.10000000,3627881.17500000
1729756800000,4.63300000,4.64800000,4.54100000,4.60900000,1167569.90000000,5369507.29590000
1729771200000,4.60900000,4.67300000,4.60600000,4.63400000,1145545.00000000,5318617.57000000
1729785600000,4.63400000,4.70800000,4.61300000,4.69900000,655149.30000000,3050856.10210000
1729800000000,4.69900000,4.78000000,4.68700000,4.71900000,1033191.70000000,4887747.27350000
1729814400000,4.71900000,4.73900000,4.63000000,4.65500000,790843.20000000,3698408.94130000
1729828800000,4.65500000,4.65800000,4.51400000,4.54900000,2143545.20000000,9780510.32050000
1729843200000,4.55000000,4.60200000,4.51600000,4.59400000,1098126.40000000,5021825.49110000
1729857600000,4.59400000,4.61800000,4.47800000,4.50200000,1834974.40000000,8375525.77600000
1729872000000,4.50100000,4.53600000,4.36200000,4.44500000,2726628.60000000,12134939.88240000
1729886400000,4.44400000,4.47500000,3.97000000,4.17200000,6711953.50000000,28214666.43500000
1729900800000,4.17200000,4.24100000,4.09900000,4.21400000,2958722.60000000,12334636.79140000
1729915200000,4.21400000,4.25200000,4.19100000,4.22000000,1623332.50000000,6862119.74700000
1729929600000,4.21900000,4.26600000,4.21700000,4.26300000,1112575.70000000,4717200.41000000
1729944000000,4.26300000,4.27000000,4.12700000,4.16500000,1582215.60000000,6642480.83960000
1729958400000,4.16500000,4.24400000,4.14800000,4.23800000,1178532.00000000,4953055.77100000
1729972800000,4.23800000,4.27600000,4.21600000,4.23700000,754050.00000000,3199966.92070000
1729987200000,4.23700000,4.26500000,4.20500000,4.25800000,441099.80000000,1866459.89480000
1730001600000,4.25700000,4.26700000,4.23000000,4.24100000,452606.10000000,1922022.00840000
1730016000000,4.24100000,4.25600000,4.18800000,4.19400000,651489.80000000,2743564.80210000
1730030400000,4.19500000,4.29100000,4.19300000,4.28600000,828745.10000000,3517978.01880000
1730044800000,4.28600000,4.34300000,4.27000000,4.29800000,746793.00000000,3214095.20760000
1730059200000,4.29900000,4.38200000,4.29400000,4.30800000,837518.80000000,3629418.59690000
1730073600000,4.30800000,4.32200000,4.18000000,4.18600000,1028443.30000000,4382828.61650000
1730088000000,4.18500000,4.26500000,4.14000000,4.23500000,1184484.50000000,4968117.20430000
1730102400000,4.23600000,4.26500000,4.20500000,4.25300000,1065256.10000000,4517478.78870000
1730116800000,4.25300000,4.26100000,4.13900000,4.14200000,1856237.40000000,7804348.57920000
1730131200000,4.14100000,4.24700000,4.07200000,4.22900000,1668101.30000000,6950614.69090000
1730145600000,4.22900000,4.35900000,4.22100000,4.29700000,1210053.80000000,5218367.97390000
1730160000000,4.29800000,4.48000000,4.28700000,4.41000000,1782911.10000000,7851015.13420000
1730174400000,4.41000000,4.46300000,4.40900000,4.43800000,1128982.10000000,5009457.27840000
1730188800000,4.43700000,4.49000000,4.43700000,4.47900000,1153070.80000000,5149754.69530000
1730203200000,4.47700000,4.51400000,4.42600000,4.46700000,1696751.00000000,7576928.77040000
1730217600000,4.46700000,4.51900000,4.35700000,4.37400000,3031735.30000000,13488521.68030000
1730232000000,4.37600000,4.45300000,4.32700000,4.43800000,1059586.30000000,4652096.31290000
1730246400000,4.43800000,4.44000000,4.34600000,4.40500000,941239.00000000,4132836.66240000
1730260800000,4.40500000,4.43700000,4.36000000,4.37100000,2129515.30000000,9385235.51880000
1730275200000,4.37100000,4.39400000,4.29500000,4.29700000,1673367.50000000,7265677.49660000
1730289600000,4.29600000,4.42100000,4.26600000,4.32700000,2060634.60000000,8916785.11870000
1730304000000,4.32800000,4.36500000,4.31000000,4.31000000,931762.40000000,4038342.67260000
1730318400000,4.31000000,4.36600000,4.29000000,4.31000000,954247.80000000,4129208.68630000
1730332800000,4.31000000,4.33200000,4.24500000,4.26000000,1008686.50000000,4320639.62320000
1730347200000,4.26100000,4.29100000,4.23300000,4.25600000,1038303.30000000,4427373.43060000
1730361600000,4.25600000,4.25900000,4.19000000,4.22300000,1875267.40000000,7926046.81990000
1730376000000,4.22300000,4.22800000,4.11600000,4.12500000,2250720.20000000,9379444.55250000
1730390400000,4.12400000,4.13100000,4.01900000,4.02600000,2112460.60000000,8604529.82420000
1730404800000,4.02500000,4.09600000,4.02300000,4.05400000,896650.30000000,3647108.34780000
1730419200000,4.05400000,4.08000000,3.96000000,4.01600000,1719453.80000000,6902003.80370000
1730433600000,4.01800000,4.03800000,3.91400000,3.93700000,1289111.00000000,5118597.55960000
1730448000000,3.93600000,4.02300000,3.92400000,3.99800000,1345131.80000000,5352663.01870000
1730462400000,3.99900000,4.16200000,3.91400000,3.96400000,3633582.90000000,14810004.79040000
1730476800000,3.96400000,4.04900000,3.95400000,3.97300000,1512929.50000000,6052032.19190000
1730491200000,3.97400000,3.98100000,3.86000000,3.93000000,1392751.10000000,5446911.94280000
1730505600000,3.93000000,3.98900000,3.92400000,3.94900000,520792.70000000,2060461.49350000
1730520000000,3.94900000,3.98100000,3.94100000,3.97300000,759207.10000000,3005989.16940000
1730534400000,3.97300000,3.98200000,3.91400000,3.91500000,812756.00000000,3201249.13860000
1730548800000,3.91500000,3.92300000,3.83600000,3.88200000,1434502.60000000,5554124.13560000
1730563200000,3.88200000,3.92900000,3.84700000,3.84900000,683554.80000000,2653558.62330000
1730577600000,3.84900000,3.85600000,3.76800000,3.80900000,1433353.40000000,5452683.11470000
1730592000000,3.81000000,3.83900000,3.64700000,3.73400000,2202514.30000000,8212557.91280000
1730606400000,3.73400000,3.78500000,3.73200000,3.75100000,773794.00000000,2910452.04590000
1730620800000,3.75000000,3.75600000,3.67200000,3.68200000,1072249.70000000,3986050.18000000
1730635200000,3.68200000,3.70400000,3.55800000,3.63500000,3310005.70000000,11948915.16750000
1730649600000,3.63500000,3.68600000,3.55400000,3.64100000,2290512.40000000,8287639.57650000
1730664000000,3.64100000,3.71000000,3.63000000,3.68800000,1243648.70000000,4581999.93090000
1730678400000,3.68800000,3.75800000,3.64300000,3.69900000,1361062.40000000,5048528.91950000
1730692800000,3.70000000,3.72500000,3.61700000,3.62500000,1144184.60000000,4189682.41210000
1730707200000,3.62600000,3.69600000,3.60000000,3.67700000,1850376.30000000,6748825.00580000
1730721600000,3.67800000,3.71000000,3.63900000,3.68200000,1823539.60000000,6714331.19320000
1730736000000,3.68300000,3.69600000,3.58700000,3.62000000,1456090.60000000,5275304.03580000
1730750400000,3.62000000,3.62500000,3.50600000,3.61900000,1815124.70000000,6490238.59610000
1730764800000,3.62000000,3.67200000,3.61000000,3.66100000,776707.30000000,2833307.29580000
1730779200000,3.66100000,3.70500000,3.65500000,3.69800000,793412.50000000,2915315.82990000
1730793600000,3.69900000,3.74300000,3.68700000,3.74200000,931581.30000000,3460083.63090000
1730808000000,3.74200000,3.93800000,3.72300000,3.86500000,2798695.40000000,10771788.93210000
1730822400000,3.86500000,3.93100000,3.74300000,3.75900000,1658325.10000000,6396241.02240000
1730836800000,3.76000000,3.84700000,3.74900000,3.81000000,952949.10000000,3631130.10680000
1730851200000,3.81000000,4.20400000,3.80800000,4.17800000,4849150.50000000,19616534.06430000
1730865600000,4.17900000,4.25300000,4.10500000,4.14300000,4743113.30000000,19822561.51240000
1730880000000,4.14200000,4.17500000,4.02500000,4.15100000,2994617.10000000,12308192.58390000
1730894400000,4.15200000,4.17800000,4.03100000,4.06700000,2405648.20000000,9870011.53630000
1730908800000,4.06700000,4.16400000,4.04400000,4.16400000,1569531.90000000,6450136.19100000
1730923200000,4.16200000,4.29000000,4.16200000,4.23300000,2115651.10000000,8915736.29530000
1730937600000,4.23300000,4.35100000,4.16900000,4.27400000,2479316.20000000,10598080.68490000
1730952000000,4.27500000,4.27700000,4.11000000,4.14700000,1674438.80000000,7016299.22790000
1730966400000,4.14600000,4.19800000,4.11500000,4.11800000,1437455.40000000,5991626.85250000
1730980800000,4.11700000,4.23000000,4.08400000,4.22900000,1553280.50000000,6447005.86590000
1730995200000,4.22900000,4.27000000,4.18300000,4.22900000,2495375.30000000,10541139.14910000
1731009600000,4.23000000,4.31000000,4.19000000,4.23100000,1580689.50000000,6705778.19390000
1731024000000,4.23100000,4.34300000,4.16300000,4.20900000,2200802.90000000,9378558.60670000
1731038400000,4.21000000,4.24400000,4.16500000,4.19600000,1531603.10000000,6440240.35950000
1731052800000,4.19600000,4.26200000,4.15200000,4.23400000,1637203.70000000,6902189.39820000
1731067200000,4.23400000,4.39300000,4.23200000,4.28900000,3878342.90000000,16717551.40780000
1731081600000,4.29100000,4.32300000,4.16100000,4.29300000,3610768.10000000,15317073.21570000
1731096000000,4.29300000,4.35800000,4.21600000,4.33200000,1291342.00000000,5540041.66650000
1731110400000,4.33200000,4.33800000,4.24000000,4.24500000,1366119.40000000,5853545.61720000
1731124800000,4.24500000,4.45500000,4.24500000,4.38400000,3111267.10000000,13608063.39670000
1731139200000,4.38500000,4.44100000,4.36500000,4.43100000,1579275.70000000,6962242.91790000
1731153600000,4.43000000,4.44700000,4.30100000,4.34000000,1550385.90000000,6751149.83610000
1731168000000,4.33900000,4.36500000,4.25400000,4.32600000,1260166.50000000,5438352.90100000
1731182400000,4.32600000,4.69400000,4.31900000,4.63900000,4522295.70000000,20640419.10610000
1731196800000,4.64100000,4.68100000,4.52100000,4.65000000,3141352.70000000,14474080.30300000
1731211200000,4.64900000,4.81200000,4.63600000,4.75300000,3494056.00000000,16577014.86630000
1731225600000,4.75400000,4.82100000,4.72000000,4.75300000,2848093.40000000,13609567.70510000
1731240000000,4.75300000,4.94900000,4.66400000,4.84000000,6379870.40000000,30826422.82010000
1731254400000,4.84100000,4.92700000,4.66600000,4.73300000,3788310.60000000,18334032.60930000
1731268800000,4.73400000,4.75000000,4.43700000,4.72300000,4655393.10000000,21523418.58100000
1731283200000,4.72300000,5.20700000,4.69900000,5.11800000,6013520.70000000,30100170.73540000
1731297600000,5.11900000,5.42100000,5.03900000,5.18900000,8226713.50000000,42807306.84330000
1731312000000,5.18800000,5.44400000,5.16000000,5.38200000,5763130.20000000,30511468.79520000
1731326400000,5.38300000,5.42100000,5.13700000,5.21500000,6497987.90000000,34128823.75800000
1731340800000,5.21500000,5.57400000,5.16200000,5.37600000,7533342.90000000,40727061.15440000
1731355200000,5.37600000,5.58300000,5.24300000,5.56200000,6608259.00000000,35698512.88330000
1731369600000,5.56100000,5.75600000,5.31500000,5.72900000,7676230.90000000,42536461.06160000
1731384000000,5.72800000,5.75600000,5.46600000,5.55200000,6330110.60000000,35362602.84380000
1731398400000,5.55300000,5.69900000,4.94500000,5.19000000,11626497.80000000,62331270.93610000
1731412800000,5.19000000,5.25000000,5.00700000,5.06400000,7678183.50000000,39255412.10910000
1731427200000,5.06500000,5.31000000,4.96000000,5.28000000,4271262.20000000,21942777.45620000
1731441600000,5.28100000,5.41800000,5.16400000,5.33800000,3914688.50000000,20773497.93950000
1731456000000,5.34000000,5.54700000,5.12600000,5.14500000,6728467.60000000,35927964.90590000
1731470400000,5.14600000,5.34500000,4.96600000,5.16900000,5854418.40000000,29918759.71300000
1731484800000,5.16900000,5.29700000,5.08200000,5.24900000,3621907.60000000,18757570.55970000
1731499200000,5.24900000,5.53900000,5.18000000,5.49800000,7654711.90000000,41214784.40160000
1731513600000,5.49800000,5.50600000,5.09400000,5.10100000,4823445.80000000,25591871.71200000
1731528000000,5.10000000,5.18700000,4.96000000,5.16900000,3841850.60000000,19526613.97690000
1731542400000,5.17100000,5.18800000,5.01300000,5.11800000,2679296.10000000,13661873.46930000
1731556800000,5.11700000,5.38000000,5.08600000,5.36200000,3677392.60000000,19399064.28380000
1731571200000,5.36200000,5.41200000,5.10900000,5.25200000,3730509.80000000,19728267.51630000
1731585600000,5.25100000,5.36500000,5.09600000,5.19800000,4895422.80000000,25639745.96760000
1731600000000,5.19800000,5.54300000,5.15200000,5.45700000,5695165.10000000,30830420.89750000
1731614400000,5.45600000,5.65100000,5.23800000,5.41500000,5805578.60000000,31690724.85180000
1731628800000,5.41500000,5.50000000,5.26900000,5.44700000,3247136.60000000,17601803.81720000
1731643200000,5.44600000,5.54000000,5.17300000,5.42900000,4261776.30000000,22913569.47400000
1731657600000,5.43000000,5.67800000,5.35100000,5.54100000,5101386.70000000,28340199.24250000
1731672000000,5.54100000,5.61100000,5.30300000,5.35400000,5153851.50000000,28158509.71600000
1731686400000,5.35500000,5.44900000,5.30100000,5.36300000,2776693.90000000,14916816.93140000
1731700800000,5.36000000,5.66600000,5.35900000,5.55800000,3990643.00000000,22228313.18700000
1731715200000,5.55800000,6.18600000,5.45500000,6.12800000,7457708.70000000,43836892.27450000
1731729600000,6.12900000,6.22500000,5.91500000,6.18000000,6352091.80000000,38776259.04430000
1731744000000,6.18000000,6.38900000,6.11100000,6.14800000,6293597.00000000,39289832.25080000
1731758400000,6.14900000,6.17200000,5.80100000,5.82800000,4134531.60000000,24800221.92170000
1731772800000,5.82700000,5.97300000,5.71700000,5.93400000,3961976.70000000,23252320.62150000
1731787200000,5.93400000,6.02400000,5.85000000,5.94500000,2837274.40000000,16816324.05260000
1731801600000,5.94700000,6.08000000,5.69400000,5.91300000,5556654.20000000,32648377.11370000
1731816000000,5.91300000,6.15700000,5.91200000,6.04800000,5433589.50000000,32861556.95790000
1731830400000,6.04900000,6.07800000,5.82400000,5.82500000,2356602.70000000,14072451.99460000
1731844800000,5.82500000,5.96200000,5.81900000,5.92100000,2144313.80000000,12629327.36890000
1731859200000,5.92200000,5.99100000,5.66100000,5.74800000,2375144.00000000,13807561.55120000
1731873600000,5.74800000,5.80200000,5.60400000,5.70500000,2544862.70000000,14442460.91270000
1731888000000,5.70500000,6.06100000,5.64800000,6.04900000,3033409.40000000,17777714.59880000
1731902400000,6.04900000,6.05400000,5.84000000,5.90900000,2748591.90000000,16316178.89980000
1731916800000,5.90900000,5.94600000,5.72800000,5.76300000,2154986.70000000,12648631.80650000
1731931200000,5.76300000,6.04100000,5.71000000,6.00500000,3551083.00000000,20846807.08780000
1731945600000,6.00500000,6.30600000,5.80900000,5.92500000,6824678.90000000,41557775.28080000
1731960000000,5.92400000,6.08400000,5.85900000,6.02100000,2294444.60000000,13736555.05730000
1731974400000,6.02100000,6.10200000,5.92600000,5.93800000,2064801.60000000,12384737.50060000
1731988800000,5.93700000,5.99500000,5.83300000,5.88500000,2203352.60000000,13026052.21100000
1732003200000,5.88500000,5.92700000,5.76000000,5.90400000,2460357.10000000,14374081.41880000
1732017600000,5.90400000,6.01600000,5.72100000,5.79500000,4463864.50000000,26113335.91270000
1732032000000,5.79400000,5.91900000,5.75400000,5.85200000,2653150.10000000,15474480.42680000
1732046400000,5.85200000,5.86700000,5.61300000,5.78300000,3322204.80000000,19001921.13760000
1732060800000,5.78200000,5.78300000,5.48500000,5.58100000,2539217.00000000,14266487.37240000
1732075200000,5.58100000,5.63600000,5.51900000,5.60900000,1625125.10000000,9073652.69360000
1732089600000,5.61000000,5.83900000,5.59500000,5.72800000,3395532.70000000,19476728.35950000
1732104000000,5.72800000,5.84700000,5.62400000,5.69900000,2983387.80000000,17063609.75990000
1732118400000,5.69900000,5.71900000,5.33600000,5.39600000,4067318.90000000,22315464.43190000
1732132800000,5.39600000,5.60000000,5.36600000,5.47700000,1708819.40000000,9415694.66730000
1732147200000,5.47700000,5.57600000,5.30000000,5.41900000,2314428.10000000,12605248.95710000
1732161600000,5.42000000,5.60600000,5.37400000,5.49900000,2658305.30000000,14631496.70010000
1732176000000,5.49800000,5.53200000,5.36400000,5.46200000,2333028.90000000,12706529.08380000
1732190400000,5.46200000,5.86000000,5.45600000,5.59800000,9283309.10000000,52773913.25330000
1732204800000,5.59800000,5.76000000,5.55900000,5.68900000,3708509.50000000,21075971.70500000
1732219200000,5.69000000,5.80900000,5.65300000,5.79000000,1748591.20000000,10051235.80560000
1732233600000,5.79000000,5.93500000,5.73800000,5.77000000,4225343.10000000,24590618.43260000
1732248000000,5.77100000,5.88000000,5.65000000,5.66100000,3008862.80000000,17296838.14330000
1732262400000,5.66200000,5.78800000,5.55800000,5.71300000,4171021.00000000,23648409.72750000
1732276800000,5.71300000,5.73400000,5.48400000,5.68300000,5041850.20000000,28290955.16100000
1732291200000,5.68400000,5.72100000,5.60000000,5.63900000,2403342.30000000,13605913.54020000
1732305600000,5.63900000,6.18300000,5.62500000,6.13600000,5091341.80000000,30123882.39310000
1732320000000,6.13600000,6.36200000,6.02800000,6.15000000,8882065.80000000,54957614.42590000
1732334400000,6.15000000,6.41700000,6.05100000,6.38100000,4547540.40000000,28391328.14460000
1732348800000,6.38000000,6.43900000,6.15800000,6.24800000,3879583.60000000,24349888.93300000
1732363200000,6.24900000,6.57900000,6.24600000,6.46100000,5844484.00000000,37477519.64620000
1732377600000,6.46100000,6.52500000,6.03200000,6.14200000,7178463.20000000,44524551.87700000
1732392000000,6.14100000,6.26300000,6.01400000,6.19100000,2700833.60000000,16596909.46820000
1732406400000,6.19200000,6.53600000,6.15600000,6.45800000,3999083.10000000,25717462.65510000
1732420800000,6.45900000,6.83900000,6.33100000,6.66700000,7511606.40000000,49834311.34680000
1732435200000,6.66700000,6.66700000,6.25000000,6.26400000,4480471.00000000,28917054.38910000
1732449600000,6.26300000,6.59300000,6.00700000,6.25900000,10514989.30000000,66391964.13710000
1732464000000,6.25800000,6.61400000,6.23300000,6.50900000,4307742.10000000,27769567.69450000
1732478400000,6.50900000,7.00400000,6.49300000,6.87300000,4477988.90000000,30253322.26770000
1732492800000,6.87300000,7.25100000,6.75100000,6.98800000,8083733.10000000,56438661.84160000
1732507200000,6.98900000,7.20500000,6.82300000,6.88900000,5439406.00000000,38155866.65660000
1732521600000,6.88800000,6.93700000,6.72800000,6.77800000,4474310.30000000,30568653.62530000
1732536000000,6.77800000,6.84800000,6.45000000,6.70300000,5598512.70000000,37497111.39730000
1732550400000,6.70400000,6.78900000,6.52700000,6.62600000,3465311.20000000,22979161.11140000
1732564800000,6.62600000,6.76800000,6.35100000,6.46000000,5302867.10000000,34718850.65570000
1732579200000,6.45900000,6.66900000,6.40600000,6.48100000,2993238.20000000,19650997.26460000
1732593600000,6.48000000,6.61700000,6.36400000,6.39900000,2637290.00000000,17112440.84980000
1732608000000,6.39800000,6.40800000,5.97100000,6.12600000,7183973.60000000,44364775.30970000
1732622400000,6.12400000,6.23600000,6.03300000,6.04500000,6133624.60000000,37535695.61020000
1732636800000,6.04700000,6.23400000,5.95600000,6.11400000,3546885.80000000,21641510.13340000
1732651200000,6.11400000,6.58800000,6.10500000,6.51800000,3990857.20000000,25359235.75720000
1732665600000,6.51800000,6.70000000,6.39300000,6.54300000,3434141.40000000,22528960.48670000
1732680000000,6.54100000,6.68300000,6.45100000,6.66900000,2566747.30000000,16887338.59850000
1732694400000,6.66800000,6.88100000,6.61600000,6.79400000,3717088.20000000,25086990.82840000
1732708800000,6.79400000,6.81100000,6.64500000,6.76700000,3926500.00000000,26362137.35920000
1732723200000,6.76700000,6.83200000,6.61900000,6.69900000,2234125.80000000,15004977.34120000
1732737600000,6.70000000,6.87200000,6.67200000,6.81700000,2697605.20000000,18275796.31350000
1732752000000,6.81600000,6.89100000,6.56700000,6.68300000,3432332.00000000,23172843.65380000
1732766400000,6.68400000,6.72300000,6.54000000,6.57700000,1525239.30000000,10127625.40430000
1732780800000,6.57800000,6.68400000,6.51800000,6.64600000,2084997.50000000,13727878.33970000
1732795200000,6.64500000,6.68500000,6.46000000,6.47900000,1829157.10000000,12029759.29050000
1732809600000,6.48000000,6.88600000,6.48000000,6.88500000,2687075.70000000,18098614.96460000
1732824000000,6.88500000,7.17000000,6.74100000,7.01500000,3836241.10000000,26867928.48400000
1732838400000,7.01500000,7.04100000,6.80800000,6.82100000,2820535.20000000,19493420.82490000
1732852800000,6.82200000,6.89500000,6.77800000,6.82600000,1473855.60000000,10079777.95860000
1732867200000,6.82600000,6.98500000,6.82600000,6.93300000,1637780.50000000,11356984.46940000
1732881600000,6.93200000,6.97800000,6.83800000,6.91100000,2139300.60000000,14750393.51460000
1732896000000,6.91200000,6.96000000,6.79200000,6.94500000,1821172.40000000,12503040.80630000
1732910400000,6.94600000,7.02300000,6.88300000,6.96300000,1646692.00000000,11469952.03470000
1732924800000,6.96200000,6.96900000,6.78200000,6.90300000,1744960.10000000,11962495.52510000
1732939200000,6.90400000,6.96200000,6.84700000,6.95200000,1594813.90000000,11023023.57360000
1732953600000,6.95200000,7.08500000,6.80000000,6.85400000,3648809.70000000,25348569.17060000
1732968000000,6.85400000,7.14600000,6.85200000,7.12900000,4135402.50000000,29135136.52260000
1732982400000,7.12900000,7.23700000,7.03900000,7.12200000,3020157.00000000,21619544.25780000
1732996800000,7.12100000,7.16500000,6.99400000,7.00700000,1726234.80000000,12214388.24380000
1733011200000,7.00700000,7.16400000,6.83700000,6.94700000,3676231.00000000,25614245.54360000
1733025600000,6.94700000,6.99800000,6.86800000,6.89900000,1112270.80000000,7703001.33020000
1733040000000,6.90000000,6.99300000,6.85300000,6.95000000,1464471.80000000,10138819.34270000
1733054400000,6.94900000,6.99600000,6.90000000,6.96700000,1682378.20000000,11674815.74610000
1733068800000,6.96700000,6.99800000,6.83000000,6.88500000,2013925.70000000,13922055.90900000
1733083200000,6.88400000,7.00500000,6.77200000,6.91500000,2300768.70000000,15857114.72670000
1733097600000,6.91500000,7.00500000,6.72200000,6.74500000,4041676.10000000,27850094.10970000
1733112000000,6.74400000,6.86900000,6.60100000,6.75600000,3407718.60000000,22973508.95170000
1733126400000,6.75600000,6.81500000,6.41300000,6.51500000,4257662.90000000,27966052.21080000
1733140800000,6.51500000,6.85800000,6.48300000,6.82900000,3622170.00000000,24286148.11100000
1733155200000,6.82900000,6.87200000,6.58300000,6.72000000,2561530.40000000,17194947.26740000
1733169600000,6.72100000,7.50000000,6.70800000,7.48000000,9296111.40000000,66650952.60180000
1733184000000,7.48000000,7.62700000,7.30400000,7.31900000,5729329.90000000,42667718.22770000
1733198400000,7.31900000,7.45300000,7.17600000,7.26100000,3826945.30000000,27979428.52990000
1733212800000,7.26200000,7.47000000,7.25500000,7.41300000,3345824.30000000,24634133.70840000
1733227200000,7.41300000,7.42200000,6.73600000,7.06900000,10858223.50000000,77135177.34850000
1733241600000,7.07000000,7.27200000,6.92800000,7.11800000,4366113.40000000,30937732.70010000
1733256000000,7.11800000,7.40600000,7.09800000,7.38700000,4387114.80000000,31899324.41600000
1733270400000,7.38800000,7.44300000,7.19000000,7.31600000,2746380.50000000,20128152.54340000
1733284800000,7.31700000,7.49100000,7.31000000,7.42200000,2985747.30000000,22140975.44020000
1733299200000,7.42200000,7.68600000,7.37300000,7.59500000,3447503.10000000,25908095.01480000
1733313600000,7.59400000,7.67100000,7.35800000,7.57500000,5607680.10000000,42166008.78840000
1733328000000,7.57500000,7.65600000,7.15300000,7.64100000,5222597.00000000,38612924.95400000
1733342400000,7.64200000,7.71000000,7.36800000,7.47000000,4582413.20000000,34490092.65310000
1733356800000,7.47100000,7.58900000,7.03300000,7.35800000,5592335.50000000,40897669.73800000
1733371200000,7.35800000,7.63100000,7.27700000,7.62200000,3115510.50000000,23156141.69490000
1733385600000,7.62200000,7.73900000,7.51700000,7.69500000,3150117.30000000,24043416.00480000
1733400000000,7.69400000,7.98100000,7.65200000,7.83800000,6942560.00000000,54167468.57080000
1733414400000,7.83900000,8.02500000,7.70100000,7.74600000,4360136.60000000,34541542.40710000
1733428800000,7.74600000,7.85500000,7.38700000,7.61700000,4448542.60000000,34025999.65620000
1733443200000,7.61700000,8.17300000,7.51600000,7.94300000,4757281.30000000,37732925.85390000
1733457600000,7.94300000,8.24400000,7.88200000,7.92500000,3745105.70000000,30136656.60360000
1733472000000,7.92500000,7.98700000,7.61900000,7.77600000,3305120.30000000,25726535.88910000
1733486400000,7.77400000,7.93500000,7.55600000,7.81900000,4110627.30000000,31882086.77190000
1733500800000,7.81900000,8.12000000,7.80600000,8.02900000,3296315.30000000,26353639.71560000
1733515200000,8.02900000,8.14000000,7.94400000,8.02000000,2225361.60000000,17911851.74730000
1733529600000,8.02100000,8.05500000,7.86900000,7.87000000,1772267.00000000,14088517.72240000
1733544000000,7.87000000,7.88400000,7.70000000,7.72600000,2402533.10000000,18743105.28480000
1733558400000,7.72600000,7.84900000,7.68700000,7.83700000,2213557.20000000,17154074.91180000
1733572800000,7.83600000,7.89400000,7.76000000,7.81900000,2094292.90000000,16389613.65830000
1733587200000,7.82000000,7.84000000,7.65600000,7.72600000,2051815.10000000,15904273.49370000
1733601600000,7.72700000,7.81800000,7.71200000,7.72300000,949571.20000000,7360892.59580000
1733616000000,7.72400000,7.80600000,7.70000000,7.70800000,1405205.90000000,10881656.05960000
1733630400000,7.70800000,7.73500000,7.55300000,7.70200000,2155439.60000000,16457332.22150000
1733644800000,7.70100000,7.70300000,7.45400000,7.60700000,2947428.30000000,22271150.14740000
1733659200000,7.60700000,7.71500000,7.53300000,7.67600000,1749232.50000000,13350111.77090000
1733673600000,7.67700000,7.69300000,7.57800000,7.67200000,1647128.50000000,12582373.92130000
1733688000000,7.67100000,7.86300000,7.62600000,7.82400000,1715142.60000000,13287195.85730000
1733702400000,7.82500000,7.84000000,7.36300000,7.44200000,2223826.00000000,16843924.80160000
1733716800000,7.44200000,7.55800000,7.25400000,7.37800000,2072623.20000000,15352062.82880000
1733731200000,7.37800000,7.38100000,7.05900000,7.08100000,2575619.70000000,18533999.38840000
1733745600000,7.08100000,7.34400000,7.02200000,7.08800000,3331302.60000000,23919108.83560000
1733760000000,7.08800000,7.17700000,7.04000000,7.04700000,1261664.50000000,8968199.08770000
1733774400000,7.04700000,7.06400000,5.90100000,6.50300000,17626858.60000000,114220645.48530000
1733788800000,6.50400000,6.64100000,6.05400000,6.31100000,6748433.40000000,42763039.29460000
1733803200000,6.31100000,6.70000000,6.14500000,6.67600000,5125398.20000000,33124231.23680000
1733817600000,6.67600000,6.83000000,6.57500000,6.64900000,3496525.10000000,23431530.00030000
1733832000000,6.64900000,6.66000000,6.09500000,6.10600000,6295603.60000000,40313695.30550000
1733846400000,6.10600000,6.32200000,5.93300000,6.30700000,6975674.80000000,42662986.73120000
1733860800000,6.30500000,6.50900000,6.27600000,6.42300000,2196017.50000000,14099359.83890000
1733875200000,6.42500000,6.49800000,6.14800000,6.44300000,2436384.50000000,15397596.15160000
1733889600000,6.44500000,6.48100000,6.36700000,6.37500000,1174325.70000000,7545094.70700000
1733904000000,6.37600000,6.67300000,6.36800000,6.57900000,2139115.60000000,13976513.32840000
1733918400000,6.57900000,6.91800000,6.57900000,6.88300000,3582228.80000000,24217545.28200000
1733932800000,6.88200000,6.92800000,6.74500000,6.85700000,2191014.00000000,14972596.74150000
1733947200000,6.85700000,6.91000000,6.83100000,6.85000000,1012514.10000000,6956082.22900000
1733961600000,6.84900000,7.15400000,6.77900000,7.05400000,2685431.70000000,18658804.56480000
1733976000000,7.05500000,7.23600000,7.04700000,7.08300000,2245637.50000000,16013094.55300000
1733990400000,7.08300000,7.22200000,6.94800000,7.00900000,2165438.80000000,15344723.59360000
1734004800000,7.01000000,7.22500000,7.00100000,7.13000000,3253580.50000000,23084501.65310000
1734019200000,7.12800000,7.32500000,6.91900000,6.94700000,3564962.60000000,25511192.21770000
1734033600000,6.94600000,7.05100000,6.84100000,6.91300000,1694670.60000000,11755470.62460000
1734048000000,6.91300000,7.07700000,6.78000000,6.95400000,1837147.10000000,12731893.67860000
1734062400000,6.95300000,6.97500000,6.74500000,6.82000000,1899307.70000000,13041167.86940000
1734076800000,6.82100000,6.98500000,6.72700000,6.89100000,1527653.20000000,10500987.69490000
1734091200000,6.89100000,7.05200000,6.79900000,6.82800000,2602348.30000000,18047365.57690000
1734105600000,6.82700000,6.98400000,6.80900000,6.87900000,1711922.70000000,11786187.43260000
1734120000000,6.87900000,6.99900000,6.74000000,6.93600000,1428770.10000000,9814243.01040000
1734134400000,6.93800000,7.04200000,6.85900000,6.90200000,1452565.60000000,10094136.61340000
1734148800000,6.90100000,6.93900000,6.82500000,6.84000000,971103.00000000,6679852.73340000
1734163200000,6.84000000,6.90400000,6.75600000,6.76900000,1138470.80000000,7767868.21400000
1734177600000,6.76900000,6.78500000,6.52200000,6.66200000,2178864.20000000,14473654.08170000
1734192000000,6.66200000,6.66200000,6.49400000,6.57100000,1412358.50000000,9283759.41300000
1734206400000,6.57100000,6.71400000,6.49600000,6.68400000,996510.00000000,6576775.58250000
1734220800000,6.68400000,6.71500000,6.57500000,6.59700000,721351.70000000,4796940.44990000
1734235200000,6.59800000,6.70400000,6.46700000,6.52700000,855777.50000000,5645184.82790000
1734249600000,6.52600000,6.66900000,6.51900000,6.64600000,763260.20000000,5047632.44680000
1734264000000,6.64600000,6.86200000,6.63100000,6.80700000,1481265.30000000,10014893.57290000
1734278400000,6.80700000,6.86500000,6.73400000,6.77300000,1088018.00000000,7396130.34700000
1734292800000,6.77200000,6.90700000,6.57100000,6.85900000,1766015.10000000,11937713.96300000
1734307200000,6.86000000,7.05400000,6.72400000,6.76500000,2249204.70000000,15593472.68220000
1734321600000,6.76500000,6.86400000,6.73400000,6.79800000,1126820.20000000,7660187.18840000
1734336000000,6.79800000,6.81000000,6.52500000,6.54300000,1436679.90000000,9559377.21200000
1734350400000,6.54400000,6.73000000,6.53700000,6.67400000,1641885.40000000,10885191.90200000
1734364800000,6.67300000,6.84100000,6.66900000,6.73600000,2061553.60000000,13919318.29290000
1734379200000,6.73700000,6.77100000,6.59700000,6.61600000,1417023.40000000,9489846.05440000
1734393600000,6.61600000,6.66000000,6.48800000,6.65900000,1904929.70000000,12514287.94090000
1734408000000,6.66000000,6.73100000,6.53900000,6.65800000,3455217.30000000,22923695.58340000
1734422400000,6.65800000,6.87900000,6.61700000,6.82400000,2845513.60000000,19226376.65230000
1734436800000,6.82300000,7.01000000,6.62200000,6.65600000,4594664.80000000,31480023.81610000
1734451200000,6.65500000,6.87300000,6.58700000,6.63900000,3013049.40000000,20217514.66440000
1734465600000,6.63900000,6.69500000,6.32900000,6.38400000,3306219.40000000,21502885.98690000
1734480000000,6.38400000,6.43000000,6.24400000,6.24800000,2404533.30000000,15197537.87120000
1734494400000,6.24700000,6.27900000,6.14200000,6.22600000,2789189.30000000,17335386.45930000
1734508800000,6.22600000,6.31100000,6.15400000,6.30500000,1920135.60000000,11992597.04950000
1734523200000,6.30400000,6.30700000,6.08000000,6.10600000,4816113.70000000,29752235.63870000
1734537600000,6.10600000,6.28900000,6.03600000,6.03700000,2774913.00000000,17106059.22590000
1734552000000,6.03600000,6.09300000,5.67200000,5.68700000,8868471.00000000,51918561.99910000
1734566400000,5.68700000,5.77600000,5.31000000,5.76200000,7937040.20000000,44444743.03990000
1734580800000,5.76200000,5.83500000,5.68500000,5.74900000,2301795.10000000,13286765.44340000
1734595200000,5.74800000,5.87400000,5.66900000,5.80400000,2410999.40000000,13893661.56400000
1734609600000,5.80500000,5.82200000,5.42200000,5.53700000,5716130.10000000,32034260.55280000
1734624000000,5.53600000,5.58600000,5.01600000,5.12800000,11538605.50000000,60523586.04810000
1734638400000,5.12900000,5.35200000,4.99000000,5.20100000,7195811.00000000,37376371.39010000
1734652800000,5.20100000,5.46200000,5.11900000,5.29200000,4353161.10000000,23012413.37890000
1734667200000,5.29300000,5.32600000,5.04400000,5.13300000,4823120.00000000,25077564.12820000
1734681600000,5.13200000,5.13500000,4.53600000,4.54500000,15528336.30000000,74121967.84420000
1734696000000,4.54600000,5.15200000,4.54400000,5.10700000,10461626.10000000,51076553.09580000
1734710400000,5.10700000,5.32900000,5.05300000,5.29500000,3582599.70000000,18531087.08190000
1734724800000,5.29600000,5.40300000,5.17000000,5.35400000,2370854.10000000,12534545.61080000
1734739200000,5.35300000,5.43000000,5.28300000,5.35400000,2352159.50000000,12608807.81560000
1734753600000,5.35500000,5.66100000,5.35100000,5.57900000,2251986.10000000,12472797.01220000
1734768000000,5.57900000,5.60200000,5.33200000,5.37900000,2449605.60000000,13329724.51610000
1734782400000,5.38000000,5.39000000,5.02300000,5.16500000,4615924.10000000,23885901.25780000
1734796800000,5.16500000,5.17000000,4.92800000,4.98900000,2779537.90000000,14033271.56730000
1734811200000,4.98800000,5.08700000,4.94400000,5.02400000,2160178.90000000,10837924.72210000
1734825600000,5.02400000,5.10300000,4.92900000,4.99300000,2072263.40000000,10398674.10150000
1734840000000,4.99300000,5.00600000,4.83700000,4.98000000,2619088.40000000,12923183.61210000
1734854400000,4.97800000,5.12500000,4.97600000,5.08600000,2732701.80000000,13854462.66790000
1734868800000,5.08600000,5.14000000,4.93000000,5.02000000,3080299.80000000,15499888.06590000
1734883200000,5.02100000,5.12100000,4.92200000,4.94000000,2023460.20000000,10211136.80930000
1734897600000,4.94000000,5.10400000,4.87600000,5.03800000,2282090.50000000,11431381.14850000
1734912000000,5.03900000,5.20600000,4.91400000,5.20200000,2490527.70000000,12551698.68680000
1734926400000,5.20100000,5.21900000,4.99800000,5.09100000,1640893.40000000,8370846.24550000
1734940800000,5.09100000,5.20500000,5.06900000,5.10600000,1443820.80000000,7411918.94350000
1734955200000,5.10600000,5.17600000,5.00100000,5.00900000,2595174.40000000,13213296.27450000
1734969600000,5.00900000,5.21500000,5.00100000,5.21100000,2373688.90000000,12206859.42720000
1734984000000,5.21100000,5.70300000,5.20800000,5.43900000,5266594.50000000,28901346.78330000
1734998400000,5.44000000,5.48700000,5.28800000,5.40400000,2518289.10000000,13546934.29340000
1735012800000,5.40400000,5.49500000,5.37300000,5.42400000,1822168.00000000,9910221.79690000
1735027200000,5.42400000,5.53000000,5.37200000,5.49100000,1914182.20000000,10437908.32010000
1735041600000,5.49000000,5.66200000,5.42500000,5.61600000,2845221.40000000,15864666.42240000
1735056000000,5.61600000,5.65600000,5.48900000,5.49100000,1974550.80000000,11010829.11660000
1735070400000,5.49100000,5.59300000,5.44500000,5.55200000,1367301.60000000,7559041.99040000
1735084800000,5.55200000,5.60400000,5.50700000,5.54600000,1238465.50000000,6880331.27740000
1735099200000,5.54700000,5.60800000,5.47300000,5.49000000,1282895.90000000,7104690.85890000
1735113600000,5.49000000,5.64800000,5.47300000,5.47800000,1960277.30000000,10883656.88860000
1735128000000,5.48200000,5.56600000,5.45400000,5.47100000,1385402.00000000,7628092.11550000
1735142400000,5.47100000,5.49500000,5.39100000,5.43700000,1182119.40000000,6425396.68740000
1735156800000,5.43800000,5.47400000,5.35700000,5.44700000,961532.30000000,5201337.44890000
1735171200000,5.44700000,5.49900000,5.31200000,5.32900000,1357213.70000000,7298068.66000000
1735185600000,5.32900000,5.32900000,5.22900000,5.23600000,1039717.30000000,5484777.82980000
1735200000000,5.23700000,5.25000000,5.06800000,5.13600000,1770409.50000000,9104517.92450000
1735214400000,5.13600000,5.14600000,5.03200000,5.06500000,1804412.10000000,9169450.55820000
1735228800000,5.06300000,5.11400000,5.00000000,5.09700000,1325822.10000000,6716521.27190000
1735243200000,5.09700000,5.13500000,5.03300000,5.08600000,1050842.50000000,5341835.43880000
1735257600000,5.08700000,5.17500000,5.05900000,5.14000000,1132455.00000000,5808492.53130000
1735272000000,5.13800000,5.17800000,5.04300000,5.08200000,1414182.70000000,7231441.13080000
1735286400000,5.08100000,5.31400000,5.08000000,5.27400000,2364395.70000000,12372544.44030000
1735300800000,5.27500000,5.28300000,5.03800000,5.07400000,1411773.20000000,7266958.95120000
1735315200000,5.07300000,5.23900000,5.03200000,5.18900000,1834933.70000000,9444771.45570000
1735329600000,5.18900000,5.19800000,5.08000000,5.11600000,921347.10000000,4729909.74270000
1735344000000,5.11600000,5.19600000,5.06900000,5.16400000,819701.80000000,4206318.85550000
1735358400000,5.16400000,5.19300000,5.11500000,5.12400000,748717.40000000,3860600.11640000
1735372800000,5.12400000,5.20700000,5.12300000,5.18100000,660514.90000000,3414791.19450000
1735387200000,5.18000000,5.28300000,5.14200000,5.19000000,1161102.40000000,6054491.96450000
1735401600000,5.19000000,5.29500000,5.17800000,5.25600000,677151.20000000,3550894.32700000
1735416000000,5.25500000,5.36900000,5.24600000,5.34300000,674433.30000000,3585716.55390000
1735430400000,5.34400000,5.45300000,5.32600000,5.45300000,1543000.30000000,8309979.43410000
1735444800000,5.45200000,5.47900000,5.33900000,5.36200000,968489.70000000,5220051.02300000
1735459200000,5.36200000,5.37200000,5.27900000,5.28100000,916437.10000000,4881541.30090000
1735473600000,5.28200000,5.32100000,5.22600000,5.24000000,1266239.90000000,6667563.28020000
1735488000000,5.24100000,5.24400000,5.14700000,5.17200000,898110.30000000,4655246.23630000
1735502400000,5.17200000,5.18100000,5.08800000,5.12900000,775500.50000000,3978571.17100000
1735516800000,5.13000000,5.28400000,5.10500000,5.23200000,1029213.80000000,5368745.67690000
1735531200000,5.23100000,5.26900000,5.14200000,5.19600000,927763.70000000,4825212.87780000
1735545600000,5.19700000,5.24200000,5.15500000,5.19200000,837032.10000000,4344651.02150000
1735560000000,5.19100000,5.23900000,4.95300000,4.99400000,2177179.60000000,11032805.59730000
1735574400000,4.99300000,5.18300000,4.95900000,5.13900000,1434123.70000000,7298021.91990000
1735588800000,5.14000000,5.20100000,4.98700000,5.04700000,2366983.80000000,11946715.10460000
1735603200000,5.04800000,5.05200000,4.94100000,4.95400000,891836.30000000,4452623.72160000
1735617600000,4.95300000,5.02100000,4.92600000,4.99100000,831609.50000000,4142293.81010000
1735632000000,4.99100000,5.11800000,4.98900000,5.03100000,1549937.00000000,7831144.87240000
1735646400000,5.03100000,5.16000000,5.01700000,5.11000000,1818089.00000000,9280689.72810000
1735660800000,5.11100000,5.12400000,4.97300000,5.00500000,1266861.60000000,6393707.10170000
1735675200000,5.00400000,5.01200000,4.87000000,4.91300000,1885391.10000000,9296972.16930000
1735689600000,4.91200000,4.99600000,4.90400000,4.93900000,797756.20000000,3947500.12540000
1735704000000,4.93800000,5.04000000,4.92500000,4.96800000,1496626.70000000,7440315.25190000
1735718400000,4.96900000,5.01100000,4.87800000,4.98800000,764709.70000000,3778312.02810000
1735732800000,4.98900000,5.10900000,4.98500000,5.10500000,1207009.80000000,6098279.86030000
1735747200000,5.10500000,5.27700000,5.05200000,5.25100000,1817587.70000000,9377659.46790000
1735761600000,5.25200000,5.33400000,5.23000000,5.28600000,1602935.70000000,8463785.95380000
1735776000000,5.28600000,5.39000000,5.28100000,5.36300000,1761939.50000000,9418946.37990000
1735790400000,5.36400000,5.43200000,5.33500000,5.42900000,1343224.10000000,7235115.27600000
1735804800000,5.42900000,5.57000000,5.40800000,5.51200000,2154026.00000000,11826956.00850000
1735819200000,5.51200000,5.54300000,5.41000000,5.43400000,1910390.20000000,10466403.95060000
1735833600000,5.43300000,5.48100000,5.38600000,5.40200000,1149600.80000000,6244687.14570000
1735848000000,5.40300000,5.44700000,5.38300000,5.44700000,729437.00000000,3950090.75340000
1735862400000,5.44800000,5.50100000,5.39200000,5.49600000,841390.00000000,4585649.97530000
1735876800000,5.49500000,5.53100000,5.43400000,5.43800000,952724.20000000,5219299.76720000
1735891200000,5.43900000,5.68600000,5.43400000,5.68200000,2054121.00000000,11438159.47900000
1735905600000,5.68300000,5.81500000,5.64100000,5.80500000,3450860.60000000,19749539.73060000
1735920000000,5.80500000,5.82900000,5.73000000,5.76200000,1547716.30000000,8947414.72550000
1735934400000,5.76100000,5.81800000,5.71200000,5.81800000,885075.40000000,5108184.65200000
1735948800000,5.81800000,5.85200000,5.73200000,5.84800000,1366317.30000000,7929658.51720000
1735963200000,5.84700000,5.87200000,5.77800000,5.84600000,831002.00000000,4835337.98390000
1735977600000,5.84500000,5.84600000,5.73700000,5.77300000,861373.10000000,4974706.93900000
1735992000000,5.77300000,5.93300000,5.73200000,5.76000000,1849823.50000000,10795830.45400000
1736006400000,5.76100000,5.87300000,5.75400000,5.84000000,1021731.20000000,5925481.15900000
1736020800000,5.83900000,5.89400000,5.78500000,5.78800000,671839.60000000,3917372.92480000
1736035200000,5.79000000,5.81600000,5.74400000,5.77600000,615075.20000000,3551598.35570000
1736049600000,5.77500000,5.84200000,5.77100000,5.78700000,560297.10000000,3252907.22480000
1736064000000,5.78700000,5.79200000,5.66200000,5.70100000,1414952.50000000,8087010.96640000
1736078400000,5.70300000,5.74700000,5.62200000,5.73700000,982269.90000000,5591409.06390000
1736092800000,5.73700000,5.83500000,5.72200000,5.83100000,838628.60000000,4851539.80010000
1736107200000,5.83100000,5.98400000,5.78800000,5.90800000,1369354.80000000,8081227.50380000
1736121600000,5.90700000,5.98300000,5.78200000,5.96900000,1431253.30000000,8452013.28560000
1736136000000,5.97100000,5.98200000,5.84200000,5.90000000,1126852.60000000,6663777.84120000
1736150400000,5.90000000,5.94500000,5.82400000,5.93200000,1205806.80000000,7091454.69830000
1736164800000,5.93100000,6.04900000,5.85700000,6.04600000,2130578.30000000,12703790.50900000
1736179200000,6.04800000,6.23200000,5.98800000,6.01900000,2497070.40000000,15233885.64790000
1736193600000,6.01900000,6.06400000,5.93200000,6.01600000,785831.60000000,4710122.46990000
1736208000000,6.01500000,6.02600000,5.90400000,5.95100000,859089.60000000,5122989.41480000
1736222400000,5.94900000,6.01400000,5.90900000,5.96300000,641996.20000000,3825719.10910000
1736236800000,5.96300000,5.99800000,5.82100000,5.85600000,1353820.60000000,8000612.16120000
1736251200000,5.85600000,5.92900000,5.50100000,5.59000000,4507137.40000000,25627510.77220000
1736265600000,5.59100000,5.62700000,5.39100000,5.41400000,2365073.50000000,13034358.76510000
1736280000000,5.41400000,5.46400000,5.34600000,5.36500000,1255586.10000000,6782483.41900000
1736294400000,5.36400000,5.45000000,5.24600000,5.29500000,1674449.30000000,8934703.39010000
1736308800000,5.29400000,5.30700000,5.06900000,5.16900000,2533358.90000000,13122743.75560000
1736323200000,5.16700000,5.25300000,5.10800000,5.15500000,1495368.20000000,7757559.96570000
1736337600000,5.15500000,5.20600000,5.07800000,5.14300000,1897916.80000000,9760586.93890000
1736352000000,5.14200000,5.16000000,4.86500000,5.06400000,4526540.70000000,22713401.99680000
1736366400000,5.06400000,5.18200000,5.02200000,5.15300000,1428315.90000000,7278271.78280000
1736380800000,5.15400000,5.22000000,5.09000000,5.10200000,1207284.00000000,6216987.03670000
1736395200000,5.10700000,5.12100000,4.95200000,4.96900000,1284943.90000000,6473209.70600000
1736409600000,4.97000000,5.06600000,4.94400000,4.99300000,1472617.20000000,7367164.64100000
1736424000000,4.99200000,5.13700000,4.83800000,5.09700000,2868591.50000000,14245096.16900000
1736438400000,5.09600000,5.12700000,4.92600000,4.93000000,2236360.40000000,11206267.51490000
1736452800000,4.92900000,5.00600000,4.86200000,4.97800000,1207539.90000000,5961715.17510000
1736467200000,4.97700000,5.07500000,4.97700000,5.05300000,736725.80000000,3701240.24410000
1736481600000,5.05300000,5.15000000,5.00900000,5.12400000,1295343.70000000,6586392.14230000
1736496000000,5.12300000,5.15100000,5.06800000,5.10600000,1243299.80000000,6358864.11990000
1736510400000,5.10700000,5.11300000,4.88200000,5.00900000,3501430.70000000,17495922.11630000
1736524800000,5.01100000,5.13300000,4.94600000,5.08400000,1505462.20000000,7599957.29270000
1736539200000,5.08400000,5.10800000,5.03200000,5.08500000,663855.20000000,3368199.91250000
1736553600000,5.08500000,5.11700000,5.02300000,5.03100000,748972.10000000,3791114.84760000
1736568000000,5.03200000,5.07900000,5.01500000,5.03500000,506358.00000000,2555305.08210000
1736582400000,5.03400000,5.07600000,4.98800000,5.06800000,789225.50000000,3972540.18760000
1736596800000,5.06700000,5.07400000,5.00200000,5.02300000,641432.10000000,3227880.70600000
1736611200000,5.02200000,5.05400000,5.00000000,5.02100000,555331.30000000,2789615.64560000
1736625600000,5.02200000,5.16700000,5.00900000,5.08700000,1192007.20000000,6089863.83610000
1736640000000,5.08700000,5.11100000,5.05300000,5.10300000,589380.60000000,2996384.12550000
1736654400000,5.10300000,5.12600000,5.03900000,5.06800000,605491.30000000,3077972.31950000
1736668800000,5.06900000,5.07600000,4.96000000,5.01900000,751083.30000000,3761791.52350000
1736683200000,5.02000000,5.08500000,4.99800000,5.07600000,751925.60000000,3789074.28570000
1736697600000,5.07600000,5.09000000,5.00800000,5.02200000,575356.10000000,2902914.61440000
1736712000000,5.02300000,5.03800000,4.91000000,4.97300000,730215.40000000,3619904.82620000
1736726400000,4.97300000,5.09500000,4.77600000,4.81700000,2292202.30000000,11295673.38170000
1736740800000,4.81700000,4.89800000,4.65300000,4.71600000,2395351.60000000,11374775.35810000
1736755200000,4.71600000,4.72400000,4.45700000,4.46200000,3667837.60000000,16773856.01040000
1736769600000,4.46200000,4.69700000,4.41300000,4.64500000,5108787.10000000,23228678.15190000
1736784000000,4.64500000,4.65500000,4.46000000,4.55100000,2362740.80000000,10737436.52280000
1736798400000,4.55100000,4.79300000,4.51600000,4.75100000,2372487.90000000,11146608.02530000
1736812800000,4.75200000,4.79400000,4.70200000,4.76300000,1092858.10000000,5185828.25370000
1736827200000,4.76400000,4.83300000,4.75800000,4.78700000,969533.70000000,4653978.46130000
1736841600000,4.78700000,4.95700000,4.78700000,4.89700000,1831082.90000000,8953491.81910000
1736856000000,4.89700000,5.00200000,4.84800000,4.94200000,2370539.60000000,11699733.35180000
1736870400000,4.94100000,5.01100000,4.89300000,4.98100000,1128100.10000000,5593646.44110000
1736884800000,4.98000000,5.05900000,4.94900000,5.05400000,811777.90000000,4074676.48720000
1736899200000,5.05400000,5.09200000,4.94700000,5.00100000,1621873.60000000,8132021.96470000
1736913600000,5.00200000,5.04800000,4.95500000,5.01500000,1049370.40000000,5238546.51930000
1736928000000,5.01600000,5.03000000,4.86500000,4.90400000,1219333.80000000,6020487.67840000
1736942400000,4.90400000,5.27300000,4.86200000,5.24800000,5495135.50000000,28107932.22720000
1736956800000,5.24900000,5.31200000,5.15100000,5.28300000,1914535.10000000,10037071.25060000
1736971200000,5.28300000,5.33800000,5.25100000,5.31700000,1399648.90000000,7412130.15220000
1736985600000,5.31700000,5.34100000,5.16300000,5.19000000,1451798.40000000,7587891.40870000
1737000000000,5.19100000,5.23500000,5.17000000,5.22100000,955048.40000000,4970442.41600000
1737014400000,5.22100000,5.23000000,5.08800000,5.22000000,1893753.90000000,9751983.61680000
1737028800000,5.22000000,5.36000000,5.12800000,5.27800000,4385262.30000000,23003590.20640000
1737043200000,5.27800000,5.33100000,5.20700000,5.26100000,1913998.20000000,10094476.05260000
1737057600000,5.26000000,5.28300000,5.11600000,5.16000000,1252316.40000000,6499011.93080000
1737072000000,5.16100000,5.36400000,5.16100000,5.26500000,2013159.70000000,10604174.93690000
1737086400000,5.26600000,5.44200000,5.25000000,5.40400000,2309737.90000000,12331102.39590000
1737100800000,5.40300000,5.60500000,5.40200000,5.58300000,2544504.10000000,14052838.85800000
1737115200000,5.58300000,5.63200000,5.50500000,5.58000000,2321405.30000000,12936858.57240000
1737129600000,5.58100000,5.63900000,5.53600000,5.59400000,1357262.80000000,7584214.29910000
1737144000000,5.59400000,5.79600000,5.59000000,5.75400000,1748159.30000000,9990823.89770000
1737158400000,5.75500000,5.88400000,5.58000000,5.61200000,2209062.80000000,12667392.17170000
1737172800000,5.61200000,5.63900000,5.36700000,5.41000000,2655410.60000000,14567502.42750000
1737187200000,5.41000000,5.52800000,5.33100000,5.51900000,1958580.20000000,10589366.93340000
1737201600000,5.51900000,5.54500000,5.39500000,5.43900000,1951451.20000000,10665258.82580000
1737216000000,5.43900000,5.47000000,5.30000000,5.39600000,2246821.50000000,12080015.24900000
1737230400000,5.39700000,5.47100000,5.31000000,5.44500000,1147216.50000000,6152756.69260000
1737244800000,5.44500000,5.65400000,5.42200000,5.45000000,1576881.60000000,8758164.31200000
1737259200000,5.44900000,5.45600000,5.25200000,5.28200000,1594726.70000000,8533015.59020000
1737273600000,5.28200000,5.28200000,4.95200000,4.98800000,4792399.60000000,24327147.43000000
1737288000000,4.98700000,5.52400000,4.97700000,5.40300000,4846214.50000000,25675289.26500000
1737302400000,5.40200000,5.46700000,5.34500000,5.42600000,1819520.60000000,9836589.64880000
1737316800000,5.42700000,5.46300000,4.88600000,4.98100000,8234669.40000000,42148979.99700000
1737331200000,4.98100000,5.02500000,4.75600000,5.00000000,6896952.30000000,33657073.39210000
1737345600000,5.00000000,5.63700000,4.93700000,5.47200000,7435017.30000000,39774819.75370000
1737360000000,5.47200000,5.60300000,5.35900000,5.41400000,3438617.70000000,18801700.16920000
1737374400000,5.41500000,5.47500000,5.21300000,5.31800000,4639024.30000000,24740752.38220000
1737388800000,5.31900000,5.35700000,4.90200000,5.12900000,6468231.40000000,33112651.11550000
1737403200000,5.12900000,5.19400000,5.00200000,5.10000000,2086300.10000000,10660370.74900000
1737417600000,5.10000000,5.10900000,4.91800000,4.99500000,2850901.80000000,14251085.86460000
1737432000000,4.99500000,5.02800000,4.88100000,5.01200000,1984019.40000000,9814344.72940000
1737446400000,5.01200000,5.14400000,4.95200000,5.12200000,2293957.50000000,11590531.96620000
1737460800000,5.12200000,5.19500000,5.07300000,5.12500000,2242650.60000000,11505469.83550000
1737475200000,5.12400000,5.34900000,5.10500000,5.19600000,4150657.50000000,21770586.99250000
1737489600000,5.19600000,5.31900000,5.16600000,5.25100000,1646769.80000000,8618206.15500000
1737504000000,5.25100000,5.29900000,5.19700000,5.21800000,1313763.20000000,6885534.12000000
1737518400000,5.21900000,5.25300000,5.14000000,5.15500000,1263582.00000000,6566730.00190000
1737532800000,5.15400000,5.18800000,5.09200000,5.17800000,1209003.00000000,6203032.11030000
1737547200000,5.17900000,5.20900000,5.07800000,5.14900000,1624891.60000000,8352831.80010000
1737561600000,5.15000000,5.27300000,5.10300000,5.16300000,2077412.30000000,10774407.19330000
1737576000000,5.16400000,5.22000000,5.06800000,5.09600000,1316831.80000000,6778340.12800000
1737590400000,5.09700000,5.09700000,4.95500000,5.00600000,1189487.80000000,5978486.75080000
1737604800000,5.00600000,5.03800000,4.96500000,5.03600000,1732860.10000000,8664648.27740000
1737619200000,5.03700000,5.03700000,4.89700000,4.93300000,1337489.60000000,6617728.00500000
1737633600000,4.93400000,5.10300000,4.87300000,5.02600000,3007843.80000000,15016572.51910000
1737648000000,5.02700000,5.12600000,4.85700000,4.88100000,2355544.60000000,11770186.24080000
1737662400000,4.88000000,5.05400000,4.85900000,4.98000000,3608214.10000000,17870730.05250000
1737676800000,4.98100000,5.00100000,4.84400000,4.90700000,2078072.00000000,10189805.85620000
1737691200000,4.90600000,5.10400000,4.88600000,5.01900000,1422661.80000000,7151099.54250000
1737705600000,5.01900000,5.11000000,5.00800000,5.09100000,1318133.30000000,6686391.51240000
1737720000000,5.09000000,5.15600000,5.04500000,5.15400000,2584889.00000000,13180499.96220000
1737734400000,5.15300000,5.18000000,5.08600000,5.10000000,2060391.70000000,10594128.92170000
1737748800000,5.10100000,5.12200000,4.95800000,5.00300000,1746489.90000000,8791933.05450000
1737763200000,5.00200000,5.02700000,4.90500000,5.00000000,1024950.50000000,5088339.49980000
1737777600000,5.00000000,5.00100000,4.87500000,4.89600000,1307967.40000000,6433720.83930000
1737792000000,4.89600000,4.95000000,4.86600000,4.93400000,847876.60000000,4155557.20300000
1737806400000,4.93400000,4.97100000,4.88900000,4.95700000,866643.40000000,4267799.84440000
1737820800000,4.95700000,4.98200000,4.90500000,4.95700000,859119.30000000,4248891.18830000
1737835200000,4.95700000,4.99400000,4.92100000,4.92800000,702135.90000000,3485174.19710000
1737849600000,4.92800000,5.03800000,4.90600000,5.01600000,956348.50000000,4758244.77260000
1737864000000,5.01500000,5.10600000,5.00000000,5.10200000,1731667.60000000,8784329.94410000
1737878400000,5.10100000,5.14500000,4.99300000,5.00900000,1990252.50000000,10063912.10210000
1737892800000,5.00800000,5.04600000,4.97600000,4.99400000,820384.30000000,4107671.19690000
1737907200000,4.99500000,5.03500000,4.96500000,5.01400000,559105.30000000,2796304.99550000
1737921600000,5.01500000,5.01900000,4.74800000,4.75900000,1671060.30000000,8127741.83760000
1737936000000,4.75800000,4.77300000,4.59200000,4.65200000,3873785.80000000,18095611.75510000
1737950400000,4.65300000,4.65300000,4.35800000,4.51000000,3706420.20000000,16679872.47640000
1737964800000,4.50900000,4.53600000,4.39600000,4.42900000,2385716.80000000,10646669.18610000
1737979200000,4.42900000,4.65700000,4.39800000,4.61100000,3236883.50000000,14743460.12620000
1737993600000,4.61100000,4.61100000,4.42500000,4.48200000,1986445.20000000,8966365.47740000
1738008000000,4.48300000,4.69900000,4.48200000,4.63900000,1496687.30000000,6908369.16680000
1738022400000,4.64000000,4.67500000,4.56100000,4.62400000,747197.50000000,3449165.86340000
1738036800000,4.62400000,4.68300000,4.53500000,4.56500000,1463387.90000000,6743782.11930000
1738051200000,4.56400000,4.60400000,4.53500000,4.56500000,943326.40000000,4308614.84530000
1738065600000,4.56500000,4.60400000,4.49100000,4.54400000,1293156.50000000,5876969.15640000
1738080000000,4.54400000,4.54700000,4.41000000,4.44700000,1203716.30000000,5387828.08790000
1738094400000,4.44800000,4.45800000,4.25300000,4.28400000,1599388.50000000,6923333.40580000
1738108800000,4.28300000,4.42600000,4.26500000,4.40700000,985200.40000000,4289123.67250000
1738123200000,4.40700000,4.47500000,4.39400000,4.46800000,702513.40000000,3117565.30250000
1738137600000,4.46800000,4.56300000,4.39100000,4.49900000,1666627.10000000,7460209.49610000
1738152000000,4.49800000,4.51600000,4.36800000,4.40100000,1473001.70000000,6515415.33790000
1738166400000,4.40100000,4.52500000,4.30900000,4.47300000,2548615.00000000,11271247.16070000
1738180800000,4.47200000,4.58200000,4.40700000,4.41800000,1902150.70000000,8556022.00820000
1738195200000,4.41900000,4.58300000,4.36900000,4.58200000,1133116.80000000,5080187.56180000
1738209600000,4.58200000,4.59800000,4.50900000,4.54000000,1468884.70000000,6674522.03330000
1738224000000,4.54000000,4.61000000,4.51000000,4.57300000,1775156.40000000,8109310.53720000
1738238400000,4.57200000,4.66000000,4.52100000,4.61900000,1535071.40000000,7061426.25950000
1738252800000,4.62000000,4.67600000,4.59600000,4.66500000,1002860.10000000,4650766.41880000
1738267200000,4.66500000,4.67700000,4.60000000,4.60300000,562825.70000000,2606408.34000000
1738281600000,4.60300000,4.63600000,4.53300000,4.58600000,1276805.10000000,5864403.19750000
1738296000000,4.58600000,4.72300000,4.54600000,4.63900000,1528142.70000000,7084692.14190000
1738310400000,4.63800000,4.73200000,4.59000000,4.71500000,1134413.00000000,5274234.81650000
1738324800000,4.71600000,4.84400000,4.69200000,4.83700000,1782103.20000000,8479611.59110000
1738339200000,4.83800000,4.84700000,4.64000000,4.66700000,2013529.00000000,9544951.82290000
1738353600000,4.66700000,4.67100000,4.56800000,4.61900000,1114671.30000000,5146049.73190000
1738368000000,4.61900000,4.68600000,4.58800000,4.62400000,791810.60000000,3675334.50640000
1738382400000,4.62500000,4.65300000,4.57600000,4.58800000,701974.40000000,3240428.54100000
1738396800000,4.58800000,4.60300000,4.42300000,4.49700000,1724663.10000000,7730706.26920000
1738411200000,4.49800000,4.51200000,4.41100000,4.45900000,1025474.00000000,4583496.43860000
1738425600000,4.45800000,4.48200000,4.33200000,4.34500000,1323148.90000000,5844091.90550000
1738440000000,4.34400000,4.36600000,4.22400000,4.25800000,1875292.10000000,8063134.04930000
1738454400000,4.25800000,4.34300000,4.10200000,4.11700000,2189526.10000000,9209356.41940000
1738468800000,4.11700000,4.22300000,4.10300000,4.15000000,1390150.90000000,5791159.42500000
1738483200000,4.14900000,4.21300000,4.06800000,4.07800000,3239586.10000000,13471326.63700000
1738497600000,4.07800000,4.14500000,4.04200000,4.08700000,1755448.50000000,7192715.64330000
1738512000000,4.08800000,4.08900000,3.62800000,3.81700000,9682249.40000000,36885968.63170000
1738526400000,3.81700000,3.87400000,3.51000000,3.75000000,5897382.80000000,21895451.43200000
1738540800000,3.75100000,3.75300000,2.70100000,3.13500000,24038516.50000000,77325474.38300000
1738555200000,3.13600000,3.46000000,3.05100000,3.44200000,6101813.40000000,19667933.22510000
1738569600000,3.44200000,3.46600000,3.30100000,3.40700000,4100749.80000000,13870979.41600000
1738584000000,3.40800000,3.59700000,3.27400000,3.56400000,12067086.00000000,41509914.19420000
1738598400000,3.56300000,3.71500000,3.50200000,3.71200000,5182353.20000000,18720709.45290000
1738612800000,3.71100000,3.79700000,3.58800000,3.77500000,3503931.70000000,12995807.72150000
1738627200000,3.77500000,3.79900000,3.62100000,3.64900000,1463507.10000000,5425719.38450000
1738641600000,3.64900000,3.68900000,3.30100000,3.30500000,3860901.20000000,13398631.65240000
1738656000000,3.30500000,3.49700000,3.28600000,3.42900000,3922269.60000000,13228090.88890000
1738670400000,3.43000000,3.58100000,3.42600000,3.48800000,4039171.00000000,14166426.20770000
1738684800000,3.48900000,3.59400000,3.44400000,3.44400000,2368009.60000000,8316021.86920000
1738699200000,3.44400000,3.47800000,3.27500000,3.39400000,5158264.20000000,17411254.58110000
1738713600000,3.39400000,3.42800000,3.34400000,3.39700000,2013136.10000000,6819159.75470000
1738728000000,3.39600000,3.44700000,3.35600000,3.41200000,1354744.90000000,4602931.09810000
1738742400000,3.41100000,3.47800000,3.36600000,3.46600000,1332534.30000000,4553645.48530000
1738756800000,3.46500000,3.47900000,3.35000000,3.38600000,2600196.20000000,8898758.08560000
1738771200000,3.38600000,3.39700000,3.23700000,3.34300000,2325521.30000000,7689321.93250000
1738785600000,3.34400000,3.36400000,3.25300000,3.27900000,1398293.90000000,4620968.08310000
1738800000000,3.27900000,3.33200000,3.24100000,3.30400000,1270936.40000000,4185941.50020000
1738814400000,3.30400000,3.38400000,3.29600000,3.34200000,1128727.00000000,3767332.97850000
1738828800000,3.34300000,3.38100000,3.30100000,3.33300000,1857825.40000000,6211189.88830000
1738843200000,3.33400000,3.34600000,3.16000000,3.18300000,5599547.70000000,18206771.02080000
1738857600000,3.18400000,3.22900000,3.13100000,3.14700000,4637777.20000000,14717310.84280000
1738872000000,3.14800000,3.21000000,3.11600000,3.14300000,2376929.20000000,7529728.51270000
1738886400000,3.14400000,3.27000000,3.14200000,3.22700000,1478727.20000000,4753427.35480000
1738900800000,3.22800000,3.26000000,3.15700000,3.20900000,1208856.70000000,3883677.07860000
1738915200000,3.20900000,3.30900000,3.19300000,3.28900000,1479530.80000000,4834554.68050000
1738929600000,3.28800000,3.40900000,3.24700000,3.33200000,3308839.70000000,11014420.19270000
1738944000000,3.33200000,3.34400000,3.25100000,3.27600000,1585112.20000000,5231901.93190000
1738958400000,3.27600000,3.27900000,3.10800000,3.20600000,1922312.40000000,6110407.35980000
1738972800000,3.20600000,3.25400000,3.17900000,3.18900000,1145902.60000000,3681655.18630000
1738987200000,3.18900000,3.27100000,3.16300000,3.25400000,1623223.40000000,5203858.18070000
1739001600000,3.25400000,3.26500000,3.16700000,3.18900000,1857996.00000000,5948170.71270000
1739016000000,3.18900000,3.23300000,3.15900000,3.22700000,1740443.80000000,5560510.59920000
1739030400000,3.22700000,3.25000000,3.19400000,3.24600000,3912005.10000000,12610189.50800000
1739044800000,3.24600000,3.31700000,3.22700000,3.28600000,1869056.70000000,6106034.01060000
1739059200000,3.28600000,3.39400000,3.26300000,3.39300000,1411191.20000000,4682458.61220000
1739073600000,3.39400000,3.41800000,3.36600000,3.41100000,1389777.00000000,4709893.48900000
1739088000000,3.41200000,3.47600000,3.30600000,3.31400000,3455231.80000000,11737253.37140000
1739102400000,3.31500000,3.33200000,3.22500000,3.27600000,3219981.30000000,10530413.22290000
1739116800000,3.27700000,3.29700000,3.18500000,3.20000000,1065059.70000000,3459066.73390000
1739131200000,3.20000000,3.23200000,3.03300000,3.17800000,3411166.10000000,10638720.48720000
1739145600000,3.17900000,3.24700000,3.06500000,3.13500000,3485035.70000000,10971279.30920000
1739160000000,3.13600000,3.22200000,3.11200000,3.20100000,1816685.70000000,5777459.23460000
1739174400000,3.20000000,3.26900000,3.19000000,3.24200000,2876826.50000000,9310527.55280000
1739188800000,3.24200000,3.30700000,3.17800000,3.18000000,4533999.60000000,14676286.58650000
1739203200000,3.18000000,3.25300000,3.17900000,3.22900000,2113099.60000000,6807370.75480000
1739217600000,3.22900000,3.25400000,3.17000000,3.20800000,1917792.60000000,6152089.21660000
1739232000000,3.20800000,3.28000000,3.19900000,3.23800000,1894553.50000000,6143342.32590000
1739246400000,3.23700000,3.37500000,3.23700000,3.34600000,2527839.80000000,8371978.05010000
1739260800000,3.34500000,3.38500000,3.33200000,3.37600000,1499247.70000000,5034024.66780000
1739275200000,3.37600000,3.38900000,3.27700000,3.30500000,2804387.40000000,9355285.26860000
1739289600000,3.30500000,3.32900000,3.12900000,3.14700000,2404437.40000000,7754229.98880000
1739304000000,3.14600000,3.26500000,3.13800000,3.20200000,1801065.80000000,5775231.69750000
1739318400000,3.20200000,3.25700000,3.17700000,3.19300000,2473841.00000000,7966225.24190000
1739332800000,3.19200000,3.23400000,3.17500000,3.21100000,2318907.50000000,7437922.30460000
1739347200000,3.21100000,3.23400000,3.16600000,3.21000000,2874143.10000000,9212580.98950000
1739361600000,3.21000000,3.29200000,3.09900000,3.21700000,8170424.60000000,25996290.24910000
1739376000000,3.21700000,3.38400000,3.18100000,3.37000000,2914231.00000000,9637572.74010000
1739390400000,3.37000000,3.47100000,3.36600000,3.43000000,2372569.50000000,8096158.86150000
1739404800000,3.43100000,3.44500000,3.36300000,3.41500000,2477890.80000000,8429075.83030000
1739419200000,3.41600000,3.42200000,3.30100000,3.32000000,1514321.80000000,5085835.12460000
1739433600000,3.32000000,3.34200000,3.27700000,3.30200000,1522195.40000000,5039596.92550000
1739448000000,3.30300000,3.35100000,3.25200000,3.32700000,2872446.10000000,9456179.82760000
1739462400000,3.32700000,3.36000000,3.27300000,3.33200000,1515979.40000000,5027003.16110000
1739476800000,3.33300000,3.40200000,3.33300000,3.37600000,878458.90000000,2961109.78010000
1739491200000,3.37700000,3.46700000,3.33900000,3.45700000,1330075.60000000,4507169.22290000
1739505600000,3.45700000,3.49000000,3.37700000,3.45300000,1833005.10000000,6311146.80160000
1739520000000,3.45200000,3.55100000,3.45200000,3.47800000,4150556.90000000,14554457.36790000
1739534400000,3.47800000,3.56300000,3.45800000,3.53000000,2023302.40000000,7095194.18960000
1739548800000,3.53000000,3.63200000,3.49000000,3.56700000,2762617.90000000,9863327.27460000
1739563200000,3.56700000,3.58800000,3.49900000,3.55100000,987849.00000000,3506577.50520000
1739577600000,3.55200000,3.58500000,3.50700000,3.57500000,1160689.70000000,4117516.33540000
1739592000000,3.57600000,3.60900000,3.49500000,3.51500000,1019810.90000000,3620917.94340000
1739606400000,3.51600000,3.54000000,3.45700000,3.50900000,1433974.50000000,5008016.05140000
1739620800000,3.50900000,3.54000000,3.40200000,3.44300000,2368555.50000000,8215550.31690000
1739635200000,3.44400000,3.45700000,3.39600000,3.40800000,866147.50000000,2963205.71530000
1739649600000,3.40800000,3.42000000,3.37500000,3.40500000,675536.50000000,2296043.94480000
1739664000000,3.40500000,3.42500000,3.36000000,3.40100000,1428371.60000000,4849816.41830000
1739678400000,3.40100000,3.42700000,3.36200000,3.37100000,705971.90000000,2399231.47700000
1739692800000,3.37200000,3.54600000,3.36100000,3.53400000,1767980.90000000,6126309.21660000
1739707200000,3.53400000,3.55500000,3.42100000,3.48600000,1418528.70000000,4942043.97700000
1739721600000,3.48500000,3.52400000,3.44100000,3.48100000,1062957.70000000,3704974.71800000
1739736000000,3.48000000,3.50200000,3.37500000,3.41600000,1624761.00000000,5549813.55420000
1739750400000,3.41600000,3.50700000,3.39400000,3.42400000,1193330.40000000,4113186.60330000
1739764800000,3.42400000,3.45500000,3.32600000,3.37900000,2127606.00000000,7199018.23100000
1739779200000,3.37900000,3.45500000,3.34500000,3.36400000,3237515.30000000,11019384.22940000
1739793600000,3.36400000,3.49900000,3.32100000,3.32600000,3243828.80000000,11064953.13560000
1739808000000,3.32500000,3.35700000,3.21800000,3.25500000,2484600.50000000,8155539.99120000
1739822400000,3.25400000,3.32100000,3.24000000,3.25900000,1246190.20000000,4076374.07250000
1739836800000,3.25800000,3.27700000,3.21900000,3.27000000,1242985.20000000,4034350.25650000
1739851200000,3.27100000,3.31300000,3.14300000,3.16500000,2546631.80000000,8183617.25010000
1739865600000,3.16500000,3.21300000,3.12300000,3.16100000,1536057.80000000,4868241.91120000
1739880000000,3.16100000,3.21100000,3.05700000,3.07900000,2472461.60000000,7771835.71840000
1739894400000,3.07900000,3.11500000,3.02600000,3.09200000,2157301.90000000,6622471.31980000
1739908800000,3.09300000,3.14000000,3.07600000,3.14000000,1158354.40000000,3603945.11730000
1739923200000,3.13900000,3.16100000,3.09300000,3.13600000,1166628.00000000,3654403.64480000
1739937600000,3.13600000,3.15100000,3.05900000,3.13700000,2083077.30000000,6460459.68090000
1739952000000,3.13600000,3.19400000,3.12300000,3.18700000,1923301.50000000,6070455.68850000
1739966400000,3.18800000,3.19100000,3.10600000,3.12300000,1502919.20000000,4736370.48930000
1739980800000,3.12400000,3.16700000,3.11100000,3.14300000,1103012.90000000,3465130.51610000
1739995200000,3.14300000,3.17300000,3.10800000,3.15800000,734546.90000000,2309715.61320000
1740009600000,3.15800000,3.22400000,3.14400000,3.20300000,4590453.40000000,14621800.99030000
1740024000000,3.20300000,3.25800000,3.17900000,3.19300000,2871282.30000000,9274599.86990000
1740038400000,3.19300000,3.29800000,3.18300000,3.28800000,1512299.30000000,4894958.33440000
1740052800000,3.28900000,3.35900000,3.26400000,3.26900000,2424633.80000000,8019001.10010000
1740067200000,3.27000000,3.44700000,3.26500000,3.44200000,2176508.80000000,7354398.43550000
1740081600000,3.44200000,3.50700000,3.41600000,3.46700000,2697285.30000000,9341330.73380000
1740096000000,3.46800000,3.48600000,3.40600000,3.43000000,1350974.50000000,4639574.71760000
1740110400000,3.43000000,3.56100000,3.42900000,3.54000000,1751047.00000000,6131193.82080000
1740124800000,3.54100000,3.63400000,3.50500000,3.56100000,3247399.00000000,11593240.89500000
1740139200000,3.56000000,3.62400000,3.45200000,3.52400000,3207632.80000000,11393675.77150000
1740153600000,3.52400000,3.55100000,3.22800000,3.23200000,3572740.20000000,12193253.22410000
1740168000000,3.23300000,3.33400000,3.21900000,3.31000000,1970989.50000000,6452125.84830000
1740182400000,3.31100000,3.43100000,3.29400000,3.40500000,1873742.20000000,6336444.60430000
1740196800000,3.40400000,3.51000000,3.38900000,3.46900000,2201592.10000000,7626078.78030000
1740211200000,3.47000000,3.64400000,3.44900000,3.58800000,3214938.50000000,11446966.71600000
1740225600000,3.58700000,3.61800000,3.49100000,3.51200000,2155804.40000000,7645233.34760000
1740240000000,3.51200000,3.57100000,3.49500000,3.49800000,1715959.10000000,6052827.19660000
1740254400000,3.49900000,3.50100000,3.46100000,3.46800000,917942.80000000,3195447.09220000
1740268800000,3.46900000,3.49500000,3.44700000,3.45700000,858570.00000000,2976736.05090000
1740283200000,3.45600000,3.50000000,3.44000000,3.48300000,841342.90000000,2912117.87840000
1740297600000,3.48300000,3.48400000,3.41000000,3.41300000,939408.70000000,3245363.00820000
1740312000000,3.41200000,3.41900000,3.35100000,3.35500000,1750874.50000000,5921799.72840000
1740326400000,3.35500000,3.44100000,3.35100000,3.42900000,1144722.60000000,3895143.05580000
1740340800000,3.43000000,3.45900000,3.40800000,3.43300000,860606.30000000,2955520.80070000
1740355200000,3.43300000,3.46100000,3.29400000,3.30900000,1741415.10000000,5861605.16130000
1740369600000,3.31000000,3.41200000,3.26800000,3.35400000,2268728.60000000,7600717.43840000
1740384000000,3.35500000,3.35500000,3.27300000,3.32100000,1513667.60000000,5017169.28280000
1740398400000,3.32100000,3.35000000,3.23900000,3.27600000,2640910.20000000,8695964.38760000
1740412800000,3.27600000,3.33600000,3.20900000,3.23600000,2304109.30000000,7548872.81710000
1740427200000,3.23700000,3.29000000,3.02700000,3.06500000,4187302.40000000,13243265.87630000
1740441600000,3.06500000,3.09400000,2.97200000,3.00700000,2761099.80000000,8358663.25280000
1740456000000,3.00800000,3.05300000,2.75300000,2.84800000,8175476.30000000,23564370.81040000
1740470400000,2.84800000,2.97300000,2.81400000,2.95900000,5223914.10000000,15099909.91060000
1740484800000,2.95900000,2.97900000,2.83900000,2.90800000,4152067.80000000,12052135.60930000
1740499200000,2.90900000,2.95800000,2.86600000,2.95400000,2905215.50000000,8446221.33770000
1740513600000,2.95300000,3.06300000,2.92700000,3.00900000,2834250.00000000,8501530.91560000
1740528000000,3.00900000,3.07200000,2.96100000,3.05400000,1506001.20000000,4526915.08890000
1740542400000,3.05400000,3.10700000,3.01200000,3.04000000,1252439.80000000,3824025.77630000
1740556800000,3.04000000,3.09900000,3.00700000,3.04300000,1216321.80000000,3717285.89100000
1740571200000,3.04300000,3.09800000,2.94400000,3.07300000,3482074.20000000,10546705.88790000
1740585600000,3.07400000,3.08100000,2.88200000,2.93800000,3185972.60000000,9419889.08510000
1740600000000,2.93900000,3.08500000,2.89600000,3.02300000,2392226.60000000,7181377.51430000
1740614400000,3.02400000,3.12800000,3.00100000,3.06800000,2603677.30000000,7968573.53340000
1740628800000,3.06800000,3.09800000,3.03200000,3.08500000,1326788.30000000,4067836.32380000
1740643200000,3.08500000,3.17900000,3.06800000,3.12700000,1894638.00000000,5919989.18740000
1740657600000,3.12700000,3.14500000,3.04100000,3.09100000,2291488.60000000,7085034.03950000
1740672000000,3.09100000,3.13800000,3.04300000,3.05400000,1971223.90000000,6086585.45890000
1740686400000,3.05500000,3.07000000,3.00300000,3.05800000,1607854.10000000,4885157.22290000
1740700800000,3.05900000,3.07900000,2.83400000,2.84500000,6956012.90000000,20553988.59480000
1740715200000,2.84500000,2.86000000,2.76600000,2.81400000,2928793.00000000,8242528.76220000
1740729600000,2.81300000,2.89000000,2.76900000,2.83500000,2380599.80000000,6743634.12420000
1740744000000,2.83400000,3.05100000,2.82100000,3.03100000,4309426.20000000,12698034.80770000
1740758400000,3.03100000,3.09800000,2.99500000,3.08500000,2172394.60000000,6620545.49310000
1740772800000,3.08500000,3.10200000,3.05700000,3.06600000,1048382.50000000,3226157.14650000
1740787200000,3.06700000,3.17200000,3.05000000,3.13300000,2327370.80000000,7255584.39130000
1740801600000,3.13200000,3.17800000,3.06100000,3.08200000,2198613.00000000,6832101.21930000
1740816000000,3.08300000,3.12200000,3.05800000,3.08100000,1525482.40000000,4715291.85640000
1740830400000,3.08200000,3.14000000,3.06300000,3.12100000,1402786.60000000,4355327.67730000
1740844800000,3.12200000,3.32400000,3.11800000,3.26800000,2552568.70000000,8235836.82720000
1740859200000,3.26900000,3.31600000,3.24500000,3.27200000,1683202.70000000,5511853.96860000
1740873600000,3.27100000,3.28700000,3.22000000,3.22100000,1381894.10000000,4485077.52150000
1740888000000,3.22100000,3.31700000,3.20400000,3.26800000,2153297.40000000,7045806.52010000
1740902400000,3.26900000,3.29900000,3.24100000,3.26600000,1135459.40000000,3710874.68700000
1740916800000,3.26600000,3.37100000,3.17400000,3.27400000,4680280.50000000,15332008.30510000
1740931200000,3.27500000,3.54000000,3.26200000,3.48500000,9611145.80000000,32973055.05850000
1740945600000,3.48500000,3.56300000,3.47800000,3.55400000,2268622.80000000,7988576.05850000
1740960000000,3.55400000,3.56500000,3.37300000,3.39700000,2614007.90000000,9032512.85140000
1740974400000,3.39700000,3.42100000,3.25800000,3.31700000,1754104.40000000,5846379.86940000
1740988800000,3.31700000,3.32900000,3.22700000,3.30700000,2619252.30000000,8603150.56730000
1741003200000,3.30700000,3.35000000,3.21700000,3.25600000,5756330.70000000,18941486.77570000
1741017600000,3.25600000,3.29200000,2.93400000,2.95200000,6757656.30000000,20930868.79900000
1741032000000,2.95200000,3.02900000,2.91600000,2.97200000,4103833.60000000,12173303.51020000
1741046400000,2.97300000,2.98100000,2.78500000,2.80800000,8006885.70000000,22820930.35080000
1741060800000,2.80800000,2.87200000,2.79900000,2.82100000,4064812.60000000,11485011.40710000
1741075200000,2.82100000,2.84500000,2.77600000,2.81700000,2783522.20000000,7834358.85980000
1741089600000,2.81700000,2.84900000,2.64600000,2.74100000,7757912.00000000,21388213.53610000
1741104000000,2.74100000,2.85700000,2.55900000,2.84500000,7220030.90000000,19608460.51700000
1741118400000,2.84400000,2.92000000,2.79800000,2.81100000,2758022.90000000,7893721.66690000
1741132800000,2.81200000,2.89800000,2.77600000,2.80800000,2059560.50000000,5852465.56640000
1741147200000,2.80900000,2.84100000,2.78200000,2.83100000,1975077.20000000,5551719.46650000
1741161600000,2.83100000,2.94300000,2.83000000,2.87300000,3874338.60000000,11226683.59760000
1741176000000,2.87300000,2.92300000,2.82700000,2.84700000,4168488.00000000,11996551.44120000
1741190400000,2.84700000,2.96700000,2.81200000,2.96400000,2316741.60000000,6676576.71810000
1741204800000,2.96500000,3.04800000,2.95800000,2.98900000,1908961.20000000,5748059.18410000
1741219200000,2.99000000,3.06100000,2.95300000,3.05500000,2382588.80000000,7158150.26620000
1741233600000,3.05600000,3.14100000,3.00400000,3.00600000,2413569.30000000,7412788.16500000
1741248000000,3.00600000,3.19600000,3.00100000,3.15300000,3089398.40000000,9607442.66470000
1741262400000,3.15300000,3.24700000,3.09200000,3.22500000,4035122.40000000,12730647.22500000
1741276800000,3.22500000,3.24900000,3.07100000,3.09000000,3047839.70000000,9630539.23200000
1741291200000,3.09100000,3.16400000,3.05300000,3.05600000,1923529.20000000,5981531.80120000
1741305600000,3.05500000,3.09800000,2.88400000,2.94900000,6846863.80000000,20386615.05070000
1741320000000,2.94800000,3.02100000,2.93900000,3.00800000,2427021.10000000,7246100.37870000
1741334400000,3.00900000,3.07600000,2.95600000,3.01200000,5216962.50000000,15687713.93000000
1741348800000,3.01200000,3.07900000,2.96800000,3.00400000,5060659.40000000,15271599.00200000
1741363200000,3.00300000,3.09700000,2.92400000,3.03000000,4266190.00000000,12799045.30340000
1741377600000,3.02900000,3.05400000,2.91500000,2.94200000,3908273.20000000,11640936.80670000
1741392000000,2.94200000,2.97400000,2.87700000,2.91800000,1921777.70000000,5608215.67860000
1741406400000,2.91800000,2.95000000,2.88700000,2.89400000,1028739.70000000,3004148.28330000
1741420800000,2.89300000,2.90400000,2.82800000,2.85200000,971579.40000000,2780270.47460000
1741435200000,2.85300000,2.91400000,2.83900000,2.87200000,2209845.90000000,6371826.81960000
1741449600000,2.87200000,2.92400000,2.82800000,2.91900000,1306605.40000000,3759701.52410000
1741464000000,2.91900000,2.94300000,2.87000000,2.88500000,1200135.10000000,3499544.49510000
1741478400000,2.88600000,2.90200000,2.83600000,2.85800000,659974.40000000,1894791.83690000
1741492800000,2.85800000,2.88200000,2.81800000,2.84600000,727916.10000000,2072247.51110000
1741507200000,2.84600000,2.84700000,2.75500000,2.76900000,1791664.80000000,5003733.08210000
1741521600000,2.76900000,2.78300000,2.69700000,2.72000000,2574309.30000000,7034530.26470000
1741536000000,2.72000000,2.73500000,2.54200000,2.57600000,4718545.40000000,12310052.00080000
1741550400000,2.57600000,2.59900000,2.49500000,2.55300000,3107903.40000000,7871256.33760000
1741564800000,2.55400000,2.62900000,2.53100000,2.55800000,3523678.30000000,9074635.45880000
1741579200000,2.55800000,2.60500000,2.55300000,2.58600000,1205257.80000000,3112321.37980000
1741593600000,2.58600000,2.67400000,2.53400000,2.64100000,3868968.30000000,10114409.57370000
1741608000000,2.64200000,2.67600000,2.41900000,2.47300000,6847894.70000000,17287550.05200000
1741622400000,2.47300000,2.48200000,2.24000000,2.33000000,6799383.20000000,15948170.55300000
1741636800000,2.33000000,2.34800000,2.27800000,2.28500000,2504509.30000000,5793094.78450000
1741651200000,2.28600000,2.38300000,2.14000000,2.33500000,7868462.00000000,17695804.27610000
1741665600000,2.33500000,2.46000000,2.33100000,2.44400000,3477850.50000000,8374919.79150000
1741680000000,2.44400000,2.49000000,2.43100000,2.47700000,2748605.20000000,6753202.83420000
1741694400000,2.47600000,2.49900000,2.37200000,2.48500000,5031849.80000000,12306982.79280000
1741708800000,2.48600000,2.56500000,2.42800000,2.53400000,3359102.30000000,8420827.62950000
1741723200000,2.53300000,2.54100000,2.44200000,2.44900000,2459811.50000000,6095816.80880000
1741737600000,2.45000000,2.51300000,2.38800000,2.39100000,2179810.70000000,5342403.38610000
1741752000000,2.39200000,2.45100000,2.34700000,2.44600000,2185220.10000000,5232663.04510000
1741766400000,2.44500000,2.50000000,2.42200000,2.48000000,3057735.70000000,7513638.74750000
1741780800000,2.48100000,2.56600000,2.38500000,2.45800000,5498496.10000000,13700191.71140000
1741795200000,2.45700000,2.54900000,2.45100000,2.53300000,1982692.40000000,4974228.03710000
1741809600000,2.53300000,2.57500000,2.51800000,2.55600000,1554180.20000000,3958184.54840000
1741824000000,2.55600000,2.61700000,2.51500000,2.56900000,2467691.70000000,6348805.60340000
1741838400000,2.56900000,2.58100000,2.50800000,2.56200000,1566904.20000000,3991310.26090000
1741852800000,2.56100000,2.65700000,2.52400000,2.62000000,2979810.60000000,7759997.73570000
1741867200000,2.62000000,2.65500000,2.54500000,2.55300000,2990691.10000000,7759429.95930000
1741881600000,2.55300000,2.56000000,2.47900000,2.52700000,1878185.50000000,4735754.63830000
1741896000000,2.52600000,2.59600000,2.50500000,2.57200000,1301489.90000000,3321858.03020000
1741910400000,2.57200000,2.67100000,2.55300000,2.66400000,2569621.30000000,6736567.53570000
1741924800000,2.66500000,2.68600000,2.61100000,2.63800000,7493048.40000000,19826726.66690000
1741939200000,2.63800000,2.71500000,2.63800000,2.64700000,6220737.00000000,16662419.41240000
1741953600000,2.64600000,2.70900000,2.62200000,2.67400000,2480815.30000000,6611156.66870000
1741968000000,2.67400000,2.68900000,2.63200000,2.64200000,1611933.30000000,4286433.23290000
1741982400000,2.64100000,2.64700000,2.60300000,2.60800000,1162182.60000000,3053929.68050000
1741996800000,2.60800000,2.64700000,2.60200000,2.64300000,1187712.70000000,3113125.52530000
1742011200000,2.64400000,2.67800000,2.63100000,2.63500000,1320940.40000000,3504787.00910000
1742025600000,2.63500000,2.65800000,2.61000000,2.63200000,1111230.70000000,2926718.34690000
1742040000000,2.63300000,2.66800000,2.62600000,2.65100000,1184798.30000000,3136497.86890000
1742054400000,2.65100000,2.67700000,2.62800000,2.64800000,1481248.60000000,3928866.35890000
1742068800000,2.64800000,2.69600000,2.64000000,2.64200000,1120750.60000000,2994573.54480000
1742083200000,2.64300000,2.66400000,2.59200000,2.64800000,1442612.40000000,3782361.28240000
1742097600000,2.64800000,2.66800000,2.63200000,2.65600000,867179.50000000,2297769.20480000
1742112000000,2.65500000,2.66700000,2.53500000,2.54500000,1906894.60000000,4988053.98050000
1742126400000,2.54600000,2.56500000,2.50200000,2.52400000,1517386.70000000,3837096.57880000
1742140800000,2.52400000,2.61800000,2.49300000,2.52200000,3152994.10000000,8057378.59990000
1742155200000,2.52300000,2.54300000,2.48600000,2.51600000,1187350.80000000,2986616.34050000
1742169600000,2.51600000,2.56900000,2.51300000,2.56400000,1209975.10000000,3084030.47240000
1742184000000,2.56400000,2.58000000,2.50700000,2.55500000,976528.10000000,2486697.66300000
1742198400000,2.55500000,2.59200000,2.52600000,2.57000000,1517698.40000000,3900339.54620000
1742212800000,2.57000000,2.60600000,2.51900000,2.57600000,2799026.70000000,7160866.54050000
1742227200000,2.57600000,2.68500000,2.56200000,2.67100000,2347709.80000000,6184425.06630000
1742241600000,2.67100000,2.68300000,2.63000000,2.63700000,1350185.10000000,3581313.74840000
1742256000000,2.63700000,2.65400000,2.54900000,2.55200000,1513638.10000000,3933385.89930000
1742270400000,2.55200000,2.57900000,2.52300000,2.56500000,1115564.30000000,2850908.14330000
1742284800000,2.56500000,2.59700000,2.52700000,2.53800000,981399.10000000,2512697.14500000
1742299200000,2.53700000,2.57900000,2.51700000,2.53400000,2207009.10000000,5624681.20200000
1742313600000,2.53500000,2.56000000,2.50300000,2.55000000,1184391.20000000,2998128.04320000
1742328000000,2.55000000,2.59500000,2.51900000,2.58600000,1115447.10000000,2849877.51150000
1742342400000,2.58500000,2.61400000,2.56000000,2.59900000,1039396.40000000,2688787.97230000
1742356800000,2.59900000,2.60500000,2.56500000,2.56800000,760160.00000000,1967322.37970000
1742371200000,2.56800000,2.72300000,2.56800000,2.72200000,7436901.60000000,19610447.72010000
1742385600000,2.72200000,2.79600000,2.69900000,2.78500000,5409365.20000000,14843612.26450000
1742400000000,2.78400000,2.82300000,2.74400000,2.78300000,3403594.30000000,9462651.25650000
1742414400000,2.78400000,2.80000000,2.76200000,2.79100000,1109091.20000000,3086529.02600000
1742428800000,2.79000000,2.81400000,2.71900000,2.72100000,1392333.80000000,3842814.29690000
1742443200000,2.72100000,2.74100000,2.70800000,2.73300000,1439007.00000000,3916587.67430000
1742457600000,2.73400000,2.75900000,2.68200000,2.70400000,1492797.80000000,4056697.61770000
1742472000000,2.70200000,2.76300000,2.69200000,2.71100000,1368921.50000000,3731883.98700000
1742486400000,2.71000000,2.74800000,2.67600000,2.72000000,1263621.30000000,3427812.04330000
1742500800000,2.72000000,2.75000000,2.71400000,2.74100000,631467.30000000,1725627.04230000
1742515200000,2.74200000,2.75500000,2.71900000,2.72200000,773234.10000000,2116909.53810000
1742529600000,2.72300000,2.76900000,2.72300000,2.74500000,1006085.90000000,2761840.55370000
1742544000000,2.74600000,2.76500000,2.69000000,2.70400000,843305.50000000,2293893.62880000
1742558400000,2.70300000,2.72900000,2.68400000,2.70400000,1092741.60000000,2956629.89380000
1742572800000,2.70400000,2.78200000,2.69300000,2.72000000,912834.10000000,2502908.38300000
1742587200000,2.72000000,2.77100000,2.70300000,2.71500000,639880.60000000,1747705.22520000
1742601600000,2.71500000,2.76000000,2.71200000,2.73700000,660515.90000000,1809800.34590000
1742616000000,2.73700000,2.76900000,2.72700000,2.75800000,727592.50000000,1999176.46650000
1742630400000,2.75700000,2.79500000,2.75000000,2.78200000,724838.30000000,2011294.77930000
1742644800000,2.78100000,2.79400000,2.72500000,2.74100000,751598.30000000,2067549.32570000
1742659200000,2.74100000,2.78700000,2.73600000,2.77000000,652394.70000000,1806500.75620000
1742673600000,2.77000000,2.77600000,2.71400000,2.73200000,698425.00000000,1914059.79040000
1742688000000,2.73200000,2.79400000,2.72100000,2.79200000,739030.70000000,2038283.56800000
1742702400000,2.79300000,2.79600000,2.76000000,2.78800000,708083.80000000,1968934.56020000
1742716800000,2.78800000,2.79500000,2.76600000,2.77500000,703990.10000000,1957268.57200000
1742731200000,2.77500000,2.79100000,2.75200000,2.75900000,498228.40000000,1380623.83740000
1742745600000,2.76000000,2.76200000,2.72100000,2.73400000,530639.50000000,1453708.06700000
1742760000000,2.73400000,2.77900000,2.71400000,2.77800000,517278.00000000,1418616.83250000
1742774400000,2.77800000,2.87000000,2.75900000,2.84400000,2151332.80000000,6052606.12980000
1742788800000,2.84400000,2.91900000,2.84400000,2.88600000,1600665.70000000,4620663.32000000
1742803200000,2.88600000,2.96000000,2.88600000,2.93400000,1716058.00000000,5028899.58860000
1742817600000,2.93500000,3.03200000,2.91500000,2.97100000,3983517.40000000,11859660.34600000
1742832000000,2.97200000,2.97500000,2.92000000,2.94000000,1076364.70000000,3165375.03440000
1742846400000,2.94000000,2.95100000,2.89500000,2.92100000,719244.00000000,2100493.14240000
1742860800000,2.92200000,2.95400000,2.89700000,2.91000000,1064838.30000000,3117724.17990000
1742875200000,2.90900000,2.95100000,2.90100000,2.92700000,606603.40000000,1777917.97440000
1742889600000,2.92700000,2.99300000,2.92200000,2.98500000,1099740.70000000,3256717.89580000
1742904000000,2.98500000,3.02600000,2.97500000,3.01400000,2146484.10000000,6445567.05490000
1742918400000,3.01400000,3.06500000,2.98600000,3.05200000,1365067.30000000,4136081.93320000
1742932800000,3.05200000,3.07600000,3.01600000,3.02600000,1329503.60000000,4048593.96950000
1742947200000,3.02600000,3.07400000,3.01200000,3.02200000,974736.20000000,2962398.72680000
1742961600000,3.02200000,3.06600000,3.01100000,3.06100000,755620.20000000,2293100.16370000
1742976000000,3.06200000,3.07000000,3.01400000,3.03000000,1105338.40000000,3358329.09200000
1742990400000,3.03100000,3.05800000,2.97400000,2.97900000,2125425.10000000,6403324.52910000
1743004800000,2.97800000,3.01800000,2.93400000,2.98200000,1494854.30000000,4446749.97400000
1743019200000,2.98200000,3.02300000,2.96500000,2.98400000,793139.40000000,2375150.24430000
1743033600000,2.98500000,3.09300000,2.98400000,3.06200000,1752367.00000000,5354694.11440000
1743048000000,3.06300000,3.06600000,2.99200000,2.99500000,806676.30000000,2442436.59570000
1743062400000,2.99500000,3.03500000,2.97900000,2.98200000,889302.30000000,2672883.65720000
1743076800000,2.98100000,3.01400000,2.93800000,3.00300000,2250789.60000000,6687145.89220000
1743091200000,3.00400000,3.03800000,2.99300000,3.02200000,1170922.10000000,3527999.12090000
1743105600000,3.02300000,3.03900000,3.00600000,3.01300000,527343.40000000,1593142.78010000
1743120000000,3.01300000,3.04100000,2.97100000,2.98000000,2197798.80000000,6582723.48930000
1743134400000,2.98000000,2.98300000,2.80900000,2.81500000,2405993.10000000,6957792.35600000
1743148800000,2.81400000,2.82500000,2.76600000,2.80400000,1654774.80000000,4619694.24480000
1743163200000,2.80500000,2.80700000,2.73300000,2.74500000,2448152.20000000,6772540.33010000
1743177600000,2.74600000,2.75700000,2.70000000,2.70600000,1779740.80000000,4857113.22000000
1743192000000,2.70600000,2.74400000,2.66700000,2.73400000,1577993.20000000,4267055.42580000
1743206400000,2.73300000,2.76000000,2.70400000,2.75800000,959233.90000000,2617183.46080000
1743220800000,2.75800000,2.77200000,2.65600000,2.66600000,983052.80000000,2656390.77580000
1743235200000,2.66600000,2.69600000,2.58900000,2.60000000,3465354.10000000,9145205.63560000
1743249600000,2.60000000,2.63400000,2.57500000,2.57800000,1078406.90000000,2812025.30320000
1743264000000,2.57900000,2.58300000,2.52100000,2.55100000,1276053.90000000,3250830.27970000
1743278400000,2.55200000,2.57500000,2.52800000,2.56600000,1276613.70000000,3258801.88940000
1743292800000,2.56700000,2.66300000,2.54600000,2.62300000,1270039.00000000,3325060.99340000
1743307200000,2.62300000,2.65200000,2.59400000,2.64600000,795534.40000000,2092226.64690000
1743321600000,2.64500000,2.73300000,2.63200000,2.72200000,1803321.20000000,4849927.38370000
1743336000000,2.72200000,2.77600000,2.61700000,2.63900000,3251999.90000000,8722775.87360000
1743350400000,2.63800000,2.66800000,2.58500000,2.63000000,1367125.70000000,3588313.28320000
1743364800000,2.63100000,2.63300000,2.55900000,2.59300000,1028704.00000000,2672920.40590000
1743379200000,2.59400000,2.61600000,2.53400000,2.56200000,1303040.50000000,3362846.03150000
1743393600000,2.56200000,2.61000000,2.52200000,2.54900000,1684613.60000000,4333985.13310000
1743408000000,2.54800000,2.56900000,2.46800000,2.53900000,2681057.30000000,6744583.90910000
1743422400000,2.53900000,2.63200000,2.50700000,2.60000000,2761431.20000000,7110527.09710000
1743436800000,2.60100000,2.62100000,2.50900000,2.51200000,3574834.70000000,9166968.96120000
1743451200000,2.51200000,2.53700000,2.48200000,2.50900000,1144044.30000000,2869482.07790000
1743465600000,2.50900000,2.57800000,2.48200000,2.56900000,1187784.70000000,3005404.39960000
1743480000000,2.57000000,2.58400000,2.52700000,2.56600000,870652.60000000,2230024.92780000
1743494400000,2.56500000,2.65500000,2.56500000,2.62700000,3342597.50000000,8789596.09300000
1743508800000,2.62600000,2.69900000,2.58400000,2.68400000,2433210.80000000,6426484.04960000
1743523200000,2.68400000,2.69100000,2.63500000,2.67200000,1165721.10000000,3106805.12770000
1743537600000,2.67100000,2.69700000,2.63900000,2.64900000,741021.00000000,1979158.30390000
1743552000000,2.65000000,2.65300000,2.56300000,2.58500000,1600989.20000000,4177940.59660000
1743566400000,2.58600000,2.59100000,2.51700000,2.54300000,1438425.70000000,3662450.32100000
1743580800000,2.54300000,2.61000000,2.52900000,2.56700000,1315223.30000000,3387810.71840000
1743595200000,2.56800000,2.72700000,2.55500000,2.69600000,4441487.30000000,11731118.35070000
1743609600000,2.69700000,2.72500000,2.60800000,2.65600000,1893244.30000000,5051826.52640000
1743624000000,2.65600000,2.74000000,2.40400000,2.44900000,4840288.90000000,12422516.13790000
1743638400000,2.45000000,2.55000000,2.44100000,2.51300000,1684660.60000000,4227627.61890000
1743652800000,2.51400000,2.54600000,2.45100000,2.47400000,1354032.60000000,3378865.16850000
1743667200000,2.47500000,2.48900000,2.37200000,2.37300000,1868368.00000000,4528877.45140000
1743681600000,2.37300000,2.43800000,2.36300000,2.40300000,4278817.50000000,10257538.46920000
1743696000000,2.40300000,2.48200000,2.39400000,2.48100000,1809634.80000000,4404445.29050000
1743710400000,2.48100000,2.52200000,2.46500000,2.50900000,1263941.80000000,3151523.31850000
1743724800000,2.51000000,2.52000000,2.45800000,2.48100000,933646.40000000,2328469.27530000
1743739200000,2.48200000,2.55200000,2.44700000,2.54700000,1475631.60000000,3690887.56020000
1743753600000,2.54700000,2.57300000,2.40000000,2.43500000,2396481.10000000,5953843.09860000
1743768000000,2.43500000,2.51600000,2.41700000,2.46300000,3595553.90000000,8864991.93030000
1743782400000,2.46400000,2.52000000,2.42700000,2.49300000,3083025.40000000,7641993.93690000
1743796800000,2.49300000,2.52200000,2.47300000,2.50800000,850045.50000000,2124376.86390000
1743811200000,2.50700000,2.53300000,2.49000000,2.49600000,524100.50000000,1313710.79010000
1743825600000,2.49600000,2.51300000,2.46100000,2.48400000,1010799.40000000,2521598.97180000
1743840000000,2.48400000,2.49400000,2.46200000,2.46300000,570710.00000000,1412630.15210000
1743854400000,2.46200000,2.46800000,2.41700000,2.43000000,1002633.90000000,2443938.84300000
1743868800000,2.43100000,2.44900000,2.41000000,2.41300000,577397.00000000,1404772.63650000
1743883200000,2.41300000,2.44900000,2.40300000,2.44300000,509200.90000000,1232389.96610000
1743897600000,2.44300000,2.45400000,2.41200000,2.42200000,380281.50000000,925878.76790000
1743912000000,2.42100000,2.43600000,2.39100000,2.39200000,454670.80000000,1098903.70900000
1743926400000,2.39200000,2.41400000,2.37500000,2.39200000,553364.40000000,1324047.11680000
1743940800000,2.39100000,2.39600000,2.29300000,2.33800000,1786808.30000000,4170904.58220000
1743955200000,2.33700000,2.33800000,2.15500000,2.18800000,3769096.30000000,8351486.12120000
1743969600000,2.18700000,2.20000000,2.11000000,2.16200000,4752874.60000000,10211356.57190000
1743984000000,2.16200000,2.22500000,2.09000000,2.12200000,3146478.10000000,6808275.05560000
1743998400000,2.12100000,2.16600000,1.98400000,1.99000000,7606694.90000000,15666915.88630000
1744012800000,1.98900000,2.09500000,1.97800000,2.02000000,5092624.80000000,10394086.28490000
1744027200000,2.02000000,2.26000000,1.99000000,2.13200000,12089164.10000000,25714553.24420000
1744041600000,2.13100000,2.13400000,2.04000000,2.08900000,4809587.10000000,10051011.02680000
1744056000000,2.09000000,2.15000000,2.08900000,2.11800000,1741959.50000000,3705897.69940000
1744070400000,2.11900000,2.17000000,2.06300000,2.11900000,2414061.80000000,5136065.52020000
1744084800000,2.12000000,2.16100000,2.07200000,2.09500000,2082379.80000000,4406694.36910000
1744099200000,2.09400000,2.15600000,2.05200000,2.14700000,2037355.80000000,4261182.40230000
1744113600000,2.14700000,2.15600000,2.05900000,2.07100000,4877095.50000000,10239678.84580000
1744128000000,2.07000000,2.07100000,1.87800000,1.89900000,7133516.80000000,13928747.80070000
1744142400000,1.90000000,1.91900000,1.87600000,1.90800000,3386534.70000000,6425530.86240000
1744156800000,1.90800000,1.92300000,1.82100000,1.85800000,4451350.90000000,8329297.91390000
1744171200000,1.85700000,1.93700000,1.85400000,1.92200000,4367238.80000000,8355201.04480000
1744185600000,1.92200000,1.93500000,1.84000000,1.85300000,3692434.30000000,6977123.18750000
1744200000000,1.85200000,1.92600000,1.82800000,1.90400000,4344345.50000000,8187435.60910000
1744214400000,1.90400000,2.14700000,1.89700000,2.06800000,15636112.30000000,32046533.47760000
1744228800000,2.06900000,2.13400000,2.06900000,2.10200000,3037856.90000000,6400298.87300000
1744243200000,2.10200000,2.10600000,2.02100000,2.05000000,3077085.70000000,6345354.70800000
1744257600000,2.04900000,2.09200000,2.02900000,2.06100000,1566607.70000000,3236659.69610000
1744272000000,2.06200000,2.06700000,2.02500000,2.04800000,1596749.30000000,3271628.58150000
1744286400000,2.04700000,2.08400000,1.93200000,1.95200000,5938449.80000000,12007793.98320000
1744300800000,1.95200000,2.00200000,1.94000000,1.98800000,2072173.90000000,4090577.70650000
1744315200000,1.98700000,2.01900000,1.98700000,2.00400000,969576.30000000,1943864.83490000
1744329600000,2.00300000,2.05000000,2.00000000,2.02300000,1874260.00000000,3799077.76190000
1744344000000,2.02300000,2.05500000,2.01900000,2.04700000,1280679.00000000,2612724.35640000
1744358400000,2.04700000,2.08100000,2.02500000,2.05100000,2207293.20000000,4530466.34930000
1744372800000,2.05200000,2.09500000,2.04100000,2.06900000,2612877.50000000,5401464.01690000
1744387200000,2.06900000,2.10800000,2.05100000,2.10200000,2083442.00000000,4343918.18300000
1744401600000,2.10100000,2.12200000,2.08700000,2.08900000,1214719.70000000,2552402.15940000
1744416000000,2.08900000,2.09600000,2.06000000,2.07200000,910980.50000000,1895121.36940000
1744430400000,2.07200000,2.13600000,2.06400000,2.13000000,1769108.10000000,3730447.36720000
1744444800000,2.13000000,2.15000000,2.09500000,2.11800000,1338007.00000000,2840372.75540000
1744459200000,2.11800000,2.21800000,2.11100000,2.20700000,2884524.10000000,6273140.45440000
1744473600000,2.20600000,2.23400000,2.18800000,2.20800000,1432227.10000000,3164635.95900000
1744488000000,2.20800000,2.23600000,2.20300000,2.21200000,1292294.50000000,2865707.81650000
1744502400000,2.21300000,2.22300000,2.18000000,2.19300000,1251628.30000000,2755061.50920000
1744516800000,2.19200000,2.19300000,2.15600000,2.17200000,1117568.70000000,2427327.18190000
1744531200000,2.17200000,2.20900000,2.16100000,2.17800000,979174.60000000,2137393.98850000
1744545600000,2.17700000,2.18800000,2.12600000,2.14600000,1608653.60000000,3459324.02050000
1744560000000,2.14600000,2.24700000,2.12200000,2.15100000,2862427.90000000,6262796.60370000
1744574400000,2.15100000,2.17300000,2.07700000,2.09400000,2000203.80000000,4226698.85930000
1744588800000,2.09500000,2.19200000,2.08800000,2.10800000,3975032.70000000,8531236.44760000
1744603200000,2.10900000,2.15200000,2.07600000,2.12600000,2169938.60000000,4578202.35070000
1744617600000,2.12600000,2.21000000,2.11500000,2.18500000,3039926.00000000,6578780.84420000
1744632000000,2.18500000,2.21000000,2.10200000,2.11100000,3178686.00000000,6892423.81420000
1744646400000,2.11100000,2.17700000,2.10200000,2.15500000,2615049.50000000,5595976.59910000
1744660800000,2.15600000,2.15800000,2.10200000,2.11500000,1061823.60000000,2260196.11550000
1744675200000,2.11600000,2.12800000,2.08400000,2.12800000,1351886.30000000,2849605.59400000
1744689600000,2.12700000,2.14200000,2.09700000,2.11800000,995908.80000000,2110988.28980000
1744704000000,2.11800000,2.12800000,2.08800000,2.09300000,1426413.10000000,3007582.72180000
1744718400000,2.09200000,2.14400000,2.05400000,2.06500000,3570907.40000000,7459412.80750000
1744732800000,2.06500000,2.07700000,2.02800000,2.04600000,2197224.70000000,4506850.56940000
1744747200000,2.04600000,2.06000000,2.01500000,2.03900000,1324302.90000000,2697856.27330000
1744761600000,2.03800000,2.06100000,2.01800000,2.04500000,1120152.80000000,2288217.15870000
1744776000000,2.04400000,2.05000000,2.00300000,2.00700000,1034834.20000000,2095443.39690000
1744790400000,2.00600000,2.03900000,1.99300000,2.01600000,1506942.80000000,3035781.96830000
1744804800000,2.01500000,2.06200000,1.98800000,2.01400000,2865427.80000000,5807271.37680000
1744819200000,2.01500000,2.02200000,1.91200000,1.99400000,8336921.10000000,16365667.66520000
1744833600000,1.99400000,2.01100000,1.95500000,1.96700000,2172532.10000000,4303456.57190000
1744848000000,1.96700000,1.98800000,1.95800000,1.96800000,1004912.40000000,1979136.38830000
1744862400000,1.96800000,2.03400000,1.96200000,2.02700000,1093073.80000000,2193970.91050000
1744876800000,2.02700000,2.04300000,2.00900000,2.03000000,1337405.60000000,2714188.99010000
1744891200000,2.03000000,2.04900000,2.00100000,2.03500000,2737288.60000000,5567610.92950000
1744905600000,2.03500000,2.09600000,2.02300000,2.05000000,2844892.60000000,5869820.50200000
1744920000000,2.05000000,2.06700000,2.03100000,2.05200000,1053819.00000000,2161106.33080000
1744934400000,2.05200000,2.05800000,2.02500000,2.03900000,840000.30000000,1712691.04920000
1744948800000,2.03900000,2.08000000,2.03500000,2.07400000,3591649.20000000,7393478.13560000
1744963200000,2.07500000,2.09100000,2.05800000,2.06800000,1101664.50000000,2285019.08030000
1744977600000,2.06800000,2.07900000,2.04800000,2.05700000,1206741.30000000,2488356.45050000
1744992000000,2.05700000,2.07100000,2.04200000,2.05400000,1365514.00000000,2808617.30520000
1745006400000,2.05500000,2.06400000,2.03900000,2.05600000,908134.60000000,1864734.61720000
1745020800000,2.05500000,2.10000000,2.04900000,2.09700000,1500882.70000000,3112211.88780000
1745035200000,2.09700000,2.11600000,2.07800000,2.11200000,845674.50000000,1772755.31400000
1745049600000,2.11100000,2.12400000,2.08800000,2.09700000,772048.20000000,1625928.26920000
1745064000000,2.09800000,2.13400000,2.09600000,2.12400000,1204503.80000000,2549311.71460000
1745078400000,2.12300000,2.17300000,2.11200000,2.16300000,1416836.20000000,3041426.50550000
1745092800000,2.16300000,2.19900000,2.16300000,2.18200000,984455.70000000,2150120.07590000
1745107200000,2.18300000,2.20000000,2.16900000,2.19800000,924347.30000000,2021473.44040000
1745121600000,2.19700000,2.20600000,2.17200000,2.17500000,1004850.10000000,2199798.72850000
1745136000000,2.17500000,2.19000000,2.14300000,2.15300000,1366457.70000000,2959009.68490000
1745150400000,2.15300000,2.19500000,2.15200000,2.17600000,1070623.60000000,2330324.76370000
1745164800000,2.17500000,2.25200000,2.17500000,2.24800000,1245025.50000000,2756089.63820000
1745179200000,2.24800000,2.27600000,2.21400000,2.24300000,992013.70000000,2225705.58490000
1745193600000,2.24400000,2.31600000,2.24000000,2.26600000,2307616.30000000,5271969.36940000
1745208000000,2.26600000,2.31800000,2.25800000,2.29800000,1811700.70000000,4149727.18250000
1745222400000,2.29800000,2.33200000,2.28400000,2.29000000,1705994.60000000,3946520.25730000
1745236800000,2.28900000,2.32000000,2.27200000,2.28900000,1961256.70000000,4502121.89710000
1745251200000,2.28900000,2.30300000,2.21700000,2.25300000,2210572.40000000,4967759.23950000
1745265600000,2.25300000,2.25300000,2.20000000,2.21700000,898895.50000000,2005102.65800000
1745280000000,2.21600000,2.23300000,2.16800000,2.18900000,2038247.30000000,4470647.11200000
1745294400000,2.18900000,2.21000000,2.14900000,2.19700000,1150013.60000000,2506151.53940000
1745308800000,2.19700000,2.24500000,2.17800000,2.23700000,1530367.40000000,3374938.58760000
1745323200000,2.23600000,2.33400000,2.22900000,2.29600000,3732165.30000000,8499845.28930000
1745337600000,2.29700000,2.32700000,2.27600000,2.32200000,1420718.80000000,3266817.35570000
1745352000000,2.32200000,2.42700000,2.31000000,2.40400000,2240370.70000000,5321262.90510000
1745366400000,2.40400000,2.44700000,2.39100000,2.44300000,2234548.70000000,5400454.67300000
1745380800000,2.44400000,2.49700000,2.42400000,2.49300000,1862244.80000000,4596100.20000000
1745395200000,2.49200000,2.51000000,2.46600000,2.47800000,1782973.30000000,4436250.18850000
1745409600000,2.47900000,2.54900000,2.43500000,2.49000000,5019052.80000000,12522454.37430000
1745424000000,2.49000000,2.53200000,2.45500000,2.49200000,2071218.90000000,5176430.45580000
1745438400000,2.49100000,2.51700000,2.45700000,2.47000000,919833.60000000,2286188.44950000
1745452800000,2.47000000,2.48300000,2.39700000,2.39900000,1532251.50000000,3735569.22410000
1745467200000,2.39900000,2.43200000,2.38000000,2.39600000,1343479.50000000,3229503.59540000
1745481600000,2.39700000,2.43500000,2.35900000,2.42200000,2959921.50000000,7077662.10170000
1745496000000,2.42200000,2.58900000,2.40500000,2.51800000,4076273.10000000,10233008.25820000
1745510400000,2.51900000,2.55700000,2.48400000,2.51600000,1489225.50000000,3757729.48790000
1745524800000,2.51700000,2.54500000,2.50600000,2.54400000,976610.50000000,2469295.70990000
1745539200000,2.54300000,2.56900000,2.48500000,2.52700000,1246938.00000000,3149745.58900000
1745553600000,2.52600000,2.60000000,2.52000000,2.58300000,1450077.60000000,3708384.50440000
1745568000000,2.58300000,2.64400000,2.56700000,2.62300000,1902186.70000000,4959308.69190000
1745582400000,2.62300000,2.64600000,2.56600000,2.60200000,4047969.80000000,10574559.86960000
1745596800000,2.60300000,2.62900000,2.57500000,2.61700000,1363938.60000000,3550820.60580000
1745611200000,2.61800000,2.64900000,2.59900000,2.61900000,941858.70000000,2470136.98970000
1745625600000,2.62000000,2.72100000,2.62000000,2.71300000,1503717.10000000,4033101.69490000
1745640000000,2.71300000,2.72900000,2.67000000,2.67900000,1295384.40000000,3493745.09520000
1745654400000,2.67800000,2.71300000,2.60300000,2.60800000,1531470.30000000,4061617.43540000
1745668800000,2.60900000,2.62100000,2.54900000,2.60600000,2958099.40000000,7642896.37880000
1745683200000,2.60500000,2.61900000,2.58200000,2.61600000,876561.60000000,2284901.37000000
1745697600000,2.61700000,2.63600000,2.59900000,2.62300000,964464.10000000,2529256.29900000
1745712000000,2.62300000,2.65800000,2.57800000,2.60700000,2176736.10000000,5681371.95990000
1745726400000,2.60600000,2.61500000,2.53900000,2.56900000,1181130.20000000,3029655.78080000
1745740800000,2.56900000,2.59600000,2.54800000,2.55100000,620643.00000000,1592729.51780000
1745755200000,2.55200000,2.58400000,2.50700000,2.51400000,1467841.90000000,3731264.81890000
1745769600000,2.51400000,2.54500000,2.49400000,2.54400000,864451.80000000,2172652.65740000
1745784000000,2.54500000,2.54600000,2.48700000,2.48800000,648884.30000000,1630916.05200000
1745798400000,2.48900000,2.50700000,2.41900000,2.50000000,1568373.50000000,3863544.32210000
1745812800000,2.50000000,2.57600000,2.49500000,2.55900000,1824476.70000000,4623141.13760000
1745827200000,2.56000000,2.59700000,2.54100000,2.57600000,1956312.50000000,5028329.06950000
1745841600000,2.57700000,2.58700000,2.46100000,2.49100000,2634868.40000000,6659789.06970000
1745856000000,2.49100000,2.60000000,2.46500000,2.59800000,2677650.00000000,6836736.61190000
1745870400000,2.59800000,2.63000000,2.57700000,2.58400000,1480082.70000000,3854458.39590000
1745884800000,2.58500000,2.60800000,2.53200000,2.56000000,2295428.50000000,5880108.80220000
1745899200000,2.56100000,2.60800000,2.51800000,2.59300000,1904851.50000000,4882763.20100000
1745913600000,2.59400000,2.62000000,2.56700000,2.57600000,1552895.90000000,4029040.75710000
1745928000000,2.57500000,2.61100000,2.55200000,2.57000000,1457413.90000000,3762232.56310000
1745942400000,2.57000000,2.58900000,2.54200000,2.56100000,908107.00000000,2330670.22390000
1745956800000,2.56200000,2.56800000,2.48600000,2.52900000,1747668.20000000,4404541.34000000
1745971200000,2.52800000,2.55000000,2.50400000,2.54100000,1113039.40000000,2817921.35940000
1745985600000,2.54100000,2.54800000,2.50200000,2.51100000,556200.90000000,1408031.12660000
1746000000000,2.51200000,2.53500000,2.49900000,2.52300000,1239303.10000000,3116066.18070000
1746014400000,2.52300000,2.52500000,2.37500000,2.42000000,3386781.70000000,8238107.26980000
1746028800000,2.42000000,2.47800000,2.40900000,2.46400000,914667.50000000,2238881.24850000
1746043200000,2.46400000,2.49300000,2.44800000,2.46300000,708915.70000000,1751773.06880000
1746057600000,2.46400000,2.50200000,2.45900000,2.47800000,932179.50000000,2319586.38710000
1746072000000,2.47900000,2.50300000,2.46400000,2.50000000,801264.90000000,1994900.03230000
1746086400000,2.50000000,2.59400000,2.49400000,2.58400000,1957335.40000000,5004700.15400000
1746100800000,2.58300000,2.58900000,2.53100000,2.55300000,2089020.00000000,5351010.67810000
1746115200000,2.55300000,2.60600000,2.55300000,2.58400000,1446232.00000000,3734312.29260000
1746129600000,2.58500000,2.59700000,2.53200000,2.54200000,732997.80000000,1881582.00140000
1746144000000,2.54200000,2.63500000,2.53700000,2.58200000,1695692.50000000,4386654.18250000
1746158400000,2.58100000,2.58900000,2.52200000,2.52600000,1139507.30000000,2904012.47740000
1746172800000,2.52600000,2.57000000,2.52400000,2.54600000,612223.70000000,1560912.70430000
1746187200000,2.54600000,2.59200000,2.52300000,2.57900000,1623279.80000000,4161709.14420000
1746201600000,2.58000000,2.61700000,2.50300000,2.51200000,1452597.30000000,3717534.18550000
1746216000000,2.51300000,2.52400000,2.48600000,2.51000000,768228.40000000,1925816.07180000
1746230400000,2.51100000,2.51100000,2.46400000,2.47500000,1014786.60000000,2516347.48960000
1746244800000,2.47500000,2.50600000,2.46800000,2.47000000,1051194.70000000,2614598.57020000
1746259200000,2.47000000,2.51600000,2.44600000,2.44700000,1893319.30000000,4704227.68700000
1746273600000,2.44800000,2.49000000,2.44600000,2.46000000,1448674.80000000,3582695.02970000
1746288000000,2.46000000,2.47100000,2.39900000,2.46200000,1030043.20000000,2507657.26930000
1746302400000,2.46200000,2.46700000,2.42100000,2.42200000,374096.50000000,913288.92190000
1746316800000,2.42200000,2.45400000,2.40400000,2.42800000,1291537.10000000,3130054.00870000
1746331200000,2.42800000,2.43800000,2.40600000,2.42300000,479657.30000000,1162132.78340000
1746345600000,2.42200000,2.42300000,2.37900000,2.38800000,916814.30000000,2196143.63980000
1746360000000,2.38800000,2.39700000,2.34700000,2.35300000,1316176.50000000,3118492.64070000
1746374400000,2.35200000,2.35900000,2.30600000,2.32400000,1325723.40000000,3085035.27830000
1746388800000,2.32400000,2.35400000,2.30400000,2.32200000,927393.60000000,2156686.82990000
1746403200000,2.32100000,2.36000000,2.30200000,2.33600000,1287288.90000000,3004095.56790000
1746417600000,2.33600000,2.38700000,2.33100000,2.38700000,799839.00000000,1893281.38270000
1746432000000,2.38700000,2.39700000,2.32600000,2.33800000,1028415.30000000,2427937.06680000
1746446400000,2.33800000,2.34900000,2.30300000,2.31600000,1137971.50000000,2647765.26640000
1746460800000,2.31600000,2.37000000,2.31200000,2.33000000,738325.50000000,1730133.52930000
1746475200000,2.33100000,2.34700000,2.28500000,2.31500000,771259.90000000,1786467.41600000
1746489600000,2.31500000,2.34800000,2.29200000,2.33000000,866375.00000000,2011081.14770000
1746504000000,2.33000000,2.33900000,2.31500000,2.32200000,655425.60000000,1523909.63860000
1746518400000,2.32200000,2.32200000,2.26100000,2.27800000,1741737.40000000,3980320.24990000
1746532800000,2.27800000,2.31200000,2.24900000,2.27300000,1818662.10000000,4146650.75750000
1746547200000,2.27300000,2.32300000,2.26000000,2.29100000,1968448.20000000,4512665.11430000
1746561600000,2.29100000,2.33900000,2.23200000,2.32900000,2048408.50000000,4688717.11150000
1746576000000,2.32900000,2.38500000,2.28300000,2.31000000,2965453.50000000,6919794.11850000
1746590400000,2.31100000,2.34800000,2.28100000,2.34700000,1418512.70000000,3287546.01850000
1746604800000,2.34700000,2.35000000,2.31800000,2.33200000,816775.00000000,1906291.24820000
1746619200000,2.33300000,2.33400000,2.27100000,2.27800000,1351034.50000000,3110192.12070000
1746633600000,2.27700000,2.28400000,2.22300000,2.24100000,2609923.20000000,5880813.84560000
1746648000000,2.24200000,2.29900000,2.23300000,2.28400000,1448540.80000000,3291327.54990000
1746662400000,2.28500000,2.40200000,2.27400000,2.40100000,2408480.50000000,5627421.00760000
1746676800000,2.40200000,2.44900000,2.39600000,2.43900000,2491644.00000000,6033898.08380000
1746691200000,2.43800000,2.50400000,2.43700000,2.49800000,2081854.30000000,5141193.85030000
1746705600000,2.49800000,2.61100000,2.49200000,2.58700000,2876448.60000000,7318363.18560000
1746720000000,2.58700000,2.63400000,2.58200000,2.62600000,2093036.40000000,5455058.85480000
1746734400000,2.62700000,2.74300000,2.61000000,2.73600000,3558786.60000000,9568496.79530000
1746748800000,2.73600000,2.82500000,2.72200000,2.75100000,2779326.00000000,7692392.58450000
1746763200000,2.75100000,2.90400000,2.74200000,2.88400000,2923856.90000000,8221362.71260000
1746777600000,2.88400000,2.98600000,2.84300000,2.92600000,5467085.80000000,15934728.53340000
1746792000000,2.92600000,2.97500000,2.84100000,2.89400000,4852770.20000000,14120659.94780000
1746806400000,2.89500000,2.92000000,2.84100000,2.89100000,1815746.30000000,5242017.71710000
1746820800000,2.89100000,2.91400000,2.87700000,2.90100000,782039.40000000,2266906.66970000
1746835200000,2.90100000,2.95500000,2.87500000,2.94600000,1750518.60000000,5123335.50330000
1746849600000,2.94500000,2.99900000,2.92600000,2.99100000,2101938.70000000,6232782.05900000
1746864000000,2.99200000,3.03100000,2.91800000,2.92500000,2570900.00000000,7670744.99540000
1746878400000,2.92500000,3.01900000,2.92500000,2.96300000,1057173.60000000,3146074.50530000
1746892800000,2.96200000,3.09400000,2.95800000,3.07400000,2380229.70000000,7243847.01190000
1746907200000,3.07300000,3.38300000,3.05500000,3.35000000,4600741.30000000,14989946.61300000
1746921600000,3.35100000,3.37100000,3.21800000,3.30700000,4682654.30000000,15487672.54970000
1746936000000,3.30600000,3.32400000,3.15900000,3.18400000,2894842.00000000,9406873.29010000
1746950400000,3.18500000,3.22600000,3.15800000,3.20700000,1537370.70000000,4912285.14160000
1746964800000,3.20700000,3.21200000,3.09100000,3.11500000,2230405.00000000,7021685.07350000
1746979200000,3.11400000,3.17800000,3.06500000,3.16400000,1812567.30000000,5663546.67360000
1746993600000,3.16500000,3.17200000,3.11500000,3.14000000,1224967.20000000,3843458.87230000
1747008000000,3.14100000,3.21000000,3.09600000,3.18700000,1793871.70000000,5667950.76250000
1747022400000,3.18700000,3.34100000,3.14400000,3.21800000,3134217.70000000,10151895.31900000
1747036800000,3.21800000,3.27600000,3.15900000,3.17500000,3230457.10000000,10392055.37230000
1747051200000,3.17400000,3.29800000,3.11900000,3.13800000,5696639.80000000,18320297.24580000
1747065600000,3.13700000,3.20900000,3.01200000,3.13300000,3627599.40000000,11278628.77130000
1747080000000,3.13200000,3.21300000,3.10200000,3.18700000,1229694.70000000,3894995.83190000
1747094400000,3.18800000,3.20300000,2.99500000,3.01200000,1990298.70000000,6112227.41890000
1747108800000,3.01200000,3.11000000,3.00500000,3.05400000,1487984.30000000,4559255.06380000
1747123200000,3.05500000,3.11900000,3.03200000,3.08400000,1592281.10000000,4910214.11010000
1747137600000,3.08400000,3.17300000,3.06300000,3.15000000,2094791.70000000,6523308.60930000
1747152000000,3.15100000,3.29400000,3.13500000,3.25300000,2645218.40000000,8481074.51020000
1747166400000,3.25200000,3.26500000,3.20800000,3.21000000,1269622.60000000,4113094.53450000
1747180800000,3.21000000,3.29300000,3.18700000,3.23200000,2392316.30000000,7744223.86830000
1747195200000,3.23300000,3.27500000,3.18400000,3.19200000,1237870.00000000,3995239.38950000
1747209600000,3.19200000,3.20400000,3.10000000,3.14700000,2382341.00000000,7496930.95430000
1747224000000,3.14700000,3.15600000,3.04900000,3.09400000,3014172.30000000,9303735.08540000
1747238400000,3.09400000,3.10100000,3.02300000,3.06900000,1657220.30000000,5073408.69900000
1747252800000,3.06900000,3.07900000,3.02200000,3.05100000,755000.00000000,2305988.24060000
1747267200000,3.05100000,3.09900000,3.00300000,3.01000000,1388196.40000000,4233450.66540000
1747281600000,3.01000000,3.02700000,2.86100000,2.86500000,2764060.30000000,8159177.56940000
1747296000000,2.86500000,2.94100000,2.83800000,2.88200000,2104667.90000000,6080208.32110000
1747310400000,2.88200000,2.94300000,2.80800000,2.94000000,3539532.20000000,10171707.43540000
1747324800000,2.93900000,2.99800000,2.87400000,2.92300000,3946683.30000000,11536929.49540000
1747339200000,2.92300000,2.95100000,2.82400000,2.88200000,1819061.00000000,5268373.72560000
1747353600000,2.88300000,2.94000000,2.85900000,2.93300000,1719494.20000000,4995075.15620000
1747368000000,2.93300000,2.95100000,2.90100000,2.92700000,996260.70000000,2916083.77330000
1747382400000,2.92700000,2.99000000,2.86900000,2.94000000,1447371.40000000,4250592.36390000
1747396800000,2.94100000,2.94700000,2.85600000,2.89100000,2006484.50000000,5820292.75370000
1747411200000,2.89100000,2.91000000,2.82600000,2.86000000,1450221.10000000,4143594.04590000
1747425600000,2.85900000,2.85900000,2.76900000,2.79500000,1329530.10000000,3734103.34030000
1747440000000,2.79500000,2.80700000,2.70400000,2.76500000,2095523.00000000,5757270.69810000
1747454400000,2.76500000,2.80000000,2.75100000,2.77400000,890449.90000000,2472242.06850000
1747468800000,2.77400000,2.78300000,2.72200000,2.73500000,889389.50000000,2450644.24540000
1747483200000,2.73600000,2.74300000,2.66100000,2.70800000,1467900.00000000,3971478.52680000
1747497600000,2.70800000,2.72400000,2.65800000,2.67800000,1438255.10000000,3875842.16580000
1747512000000,2.67800000,2.73000000,2.65700000,2.69300000,1112479.20000000,3000235.85330000
1747526400000,2.69300000,2.71500000,2.66900000,2.68700000,1233763.20000000,3320819.97390000
1747540800000,2.68800000,2.78600000,2.68500000,2.78300000,1136714.50000000,3123461.52020000
1747555200000,2.78400000,2.81600000,2.75100000,2.75300000,1063123.30000000,2961913.52120000
1747569600000,2.75300000,2.94300000,2.73300000,2.93100000,2990030.40000000,8537843.91710000
1747584000000,2.93100000,2.94500000,2.69100000,2.69400000,3602730.50000000,10167188.12670000
1747598400000,2.69300000,2.88000000,2.64100000,2.86600000,2587118.30000000,7060732.10230000
1747612800000,2.86700000,2.87900000,2.69200000,2.69300000,3005225.00000000,8320475.90030000
1747627200000,2.69400000,2.73600000,2.65000000,2.71500000,2166474.10000000,5838892.62090000
1747641600000,2.71500000,2.73100000,2.66800000,2.68800000,1387562.40000000,3740834.87260000
1747656000000,2.68700000,2.76300000,2.64400000,2.74800000,1815895.50000000,4914536.26500000
1747670400000,2.74800000,2.81500000,2.71800000,2.77000000,1930636.40000000,5331386.38670000
1747684800000,2.77000000,2.77800000,2.72600000,2.76900000,990066.70000000,2726312.14530000
1747699200000,2.76900000,2.88800000,2.74500000,2.81800000,1897800.20000000,5357440.19380000
1747713600000,2.81800000,2.85600000,2.77200000,2.78300000,1248483.30000000,3515463.11200000
1747728000000,2.78200000,2.79800000,2.70800000,2.73300000,1480024.30000000,4077904.63120000
1747742400000,2.73300000,2.74000000,2.69500000,2.72400000,1439366.60000000,3908999.66830000
1747756800000,2.72300000,2.77100000,2.67400000,2.75800000,1644979.40000000,4470946.72800000
1747771200000,2.75800000,2.88300000,2.74500000,2.81300000,2146795.20000000,6036908.81910000
1747785600000,2.81400000,2.83500000,2.75900000,2.82100000,1489634.30000000,4173695.13130000
1747800000000,2.82100000,2.86400000,2.77800000,2.80000000,2392453.90000000,6771000.13520000
1747814400000,2.80000000,2.83100000,2.75500000,2.81000000,2103542.80000000,5865094.80790000
1747828800000,2.81000000,2.88800000,2.77000000,2.88100000,3478667.70000000,9847598.27730000
1747843200000,2.88100000,2.96600000,2.76300000,2.83300000,5891363.90000000,16714131.26910000
1747857600000,2.83200000,2.91200000,2.80400000,2.86300000,1880057.30000000,5367307.46000000
1747872000000,2.86400000,2.95800000,2.86300000,2.94600000,1812273.60000000,5266933.00330000
1747886400000,2.94600000,2.99600000,2.91300000,2.96900000,2801210.20000000,8240200.12080000
1747900800000,2.96900000,3.05300000,2.96400000,3.02600000,3010742.00000000,9070917.05680000
1747915200000,3.02700000,3.10000000,2.96200000,3.05900000,3416346.40000000,10334494.85530000
1747929600000,3.06000000,3.09400000,3.03400000,3.07000000,1978038.70000000,6065447.68270000
1747944000000,3.07100000,3.10300000,3.01600000,3.07600000,1453397.30000000,4454424.41350000
1747958400000,3.07700000,3.15700000,3.02300000,3.15200000,2966286.60000000,9190916.40930000
1747972800000,3.15200000,3.16100000,3.02800000,3.04100000,2138263.70000000,6590045.95390000
1747987200000,3.04200000,3.13000000,2.90800000,2.92400000,3982022.70000000,12014444.11060000
1748001600000,2.92400000,2.98300000,2.84100000,2.91600000,5750255.50000000,16749152.90850000
1748016000000,2.91600000,2.95700000,2.88600000,2.91400000,1766354.20000000,5159682.61530000
1748030400000,2.91400000,2.91500000,2.78200000,2.79700000,2201800.50000000,6270264.46800000
1748044800000,2.79800000,2.84600000,2.78500000,2.83200000,1462450.70000000,4121729.21080000
1748059200000,2.83300000,2.85500000,2.80800000,2.81900000,752659.60000000,2130627.64580000
1748073600000,2.81900000,2.86000000,2.79800000,2.83800000,1225121.30000000,3471739.37300000
1748088000000,2.83700000,2.84100000,2.79000000,2.80700000,1116795.50000000,3147164.08420000
1748102400000,2.80600000,2.82700000,2.77700000,2.79500000,891818.50000000,2495201.65620000
1748116800000,2.79500000,2.81000000,2.75800000,2.77400000,1228879.30000000,3415005.75490000
1748131200000,2.77500000,2.78600000,2.72300000,2.76500000,1777509.80000000,4888698.18750000
1748145600000,2.76400000,2.79200000,2.74000000,2.75100000,648965.10000000,1795682.71990000
1748160000000,2.75100000,2.75100000,2.68300000,2.69600000,1801276.20000000,4874031.93640000
1748174400000,2.69600000,2.72300000,2.63600000,2.68000000,2167941.40000000,5812860.35200000
1748188800000,2.68000000,2.70400000,2.64800000,2.69200000,1066554.80000000,2846928.04710000
1748203200000,2.69300000,2.81400000,2.66900000,2.79600000,1906700.50000000,5256611.71620000
1748217600000,2.79700000,2.84400000,2.77700000,2.81000000,1588089.40000000,4462525.04780000
1748232000000,2.81000000,2.87000000,2.79300000,2.85700000,1375017.00000000,3888964.44880000
1748246400000,2.85800000,2.86400000,2.80000000,2.80800000,1698836.40000000,4808183.82090000
1748260800000,2.80700000,2.85200000,2.75800000,2.81700000,2006740.00000000,5631783.03890000
1748275200000,2.81800000,2.83500000,2.74200000,2.75500000,1234749.60000000,3427965.90120000
1748289600000,2.75500000,2.79100000,2.73700000,2.76900000,1488025.90000000,4099505.70180000
1748304000000,2.76900000,2.81800000,2.69800000,2.78500000,1711006.50000000,4711057.91320000
1748318400000,2.78500000,2.86400000,2.76800000,2.85100000,1723274.00000000,4868655.99260000
1748332800000,2.85100000,2.89700000,2.84500000,2.87900000,1995566.70000000,5728719.92910000
1748347200000,2.87900000,2.92600000,2.82500000,2.88100000,3163574.80000000,9102316.80320000
1748361600000,2.88100000,2.91100000,2.85300000,2.86400000,1514028.30000000,4364077.33120000
1748376000000,2.86400000,2.87700000,2.80700000,2.81700000,1133095.00000000,3213787.93140000
1748390400000,2.81700000,2.83900000,2.78800000,2.82900000,1501608.90000000,4225319.69190000
1748404800000,2.82800000,2.84600000,2.80400000,2.82800000,1041075.80000000,2942819.56380000
1748419200000,2.82900000,2.87900000,2.81100000,2.86700000,1816701.10000000,5178103.61220000
1748433600000,2.86800000,2.89900000,2.77200000,2.78000000,2781010.20000000,7884431.07160000
1748448000000,2.78100000,2.84300000,2.74200000,2.74800000,2186880.80000000,6120861.66960000
1748462400000,2.74800000,2.87300000,2.73700000,2.87000000,1589943.70000000,4458436.70450000
1748476800000,2.87100000,2.98900000,2.84600000,2.94700000,4178309.20000000,12233696.29510000
1748491200000,2.94700000,2.96400000,2.88300000,2.94000000,1989966.50000000,5826415.87140000
1748505600000,2.94000000,2.96800000,2.91200000,2.94400000,4387450.60000000,12900473.79840000
1748520000000,2.94300000,2.94700000,2.81000000,2.83400000,3121752.90000000,8971448.32380000
1748534400000,2.83500000,2.85000000,2.76100000,2.77500000,2592234.40000000,7290456.42040000
1748548800000,2.77600000,2.83000000,2.74500000,2.75400000,1491090.40000000,4157461.28660000
1748563200000,2.75400000,2.77100000,2.57900000,2.67100000,5582145.50000000,14815315.13600000
1748577600000,2.67200000,2.67200000,2.59600000,2.61800000,2805862.20000000,7388224.44190000
1748592000000,2.61800000,2.65100000,2.60100000,2.64600000,2121893.10000000,5571636.30250000
1748606400000,2.64700000,2.65500000,2.57900000,2.58300000,3221231.70000000,8393895.66330000
1748620800000,2.58300000,2.59400000,2.47500000,2.52500000,4967604.40000000,12504645.27420000
1748635200000,2.52500000,2.53000000,2.41000000,2.44400000,2769820.40000000,6825269.30880000
1748649600000,2.44500000,2.45400000,2.33300000,2.37000000,3672801.50000000,8743034.29840000
1748664000000,2.37000000,2.42000000,2.35000000,2.41300000,2583598.10000000,6183432.71930000
1748678400000,2.41300000,2.42300000,2.36800000,2.37900000,1806852.40000000,4330065.20150000
1748692800000,2.37800000,2.46700000,2.37600000,2.43400000,2196510.40000000,5347289.53980000
1748707200000,2.43400000,2.46400000,2.40600000,2.42200000,1932066.40000000,4696729.79090000
1748721600000,2.42200000,2.45200000,2.41100000,2.42100000,1866338.30000000,4539697.33070000
1748736000000,2.42100000,2.43500000,2.38400000,2.41200000,1177823.60000000,2836813.74110000
1748750400000,2.41200000,2.44400000,2.39800000,2.40900000,1031764.40000000,2499261.45250000
1748764800000,2.41000000,2.41700000,2.35200000,2.39400000,1440980.40000000,3429812.94740000
1748779200000,2.39400000,2.44100000,2.37000000,2.43100000,1221006.00000000,2940502.66160000
1748793600000,2.43100000,2.47200000,2.38600000,2.43400000,2301368.10000000,5604509.33980000
1748808000000,2.43400000,2.47400000,2.42100000,2.46200000,1178171.10000000,2888020.02100000
1748822400000,2.46300000,2.48000000,2.41300000,2.42100000,1204506.20000000,2945897.25000000
1748836800000,2.42000000,2.44800000,2.39800000,2.43000000,1125856.70000000,2726437.16000000
1748851200000,2.43000000,2.44300000,2.37400000,2.38700000,1661132.80000000,3979743.46350000
1748865600000,2.38800000,2.44400000,2.38000000,2.42200000,2126151.40000000,5133423.68300000
1748880000000,2.42300000,2.44200000,2.38800000,2.40400000,1592372.30000000,3844753.52160000
1748894400000,2.40400000,2.51600000,2.40400000,2.50300000,2475773.10000000,6121196.75090000
1748908800000,2.50400000,2.57700000,2.49500000,2.51100000,1725495.00000000,4376562.85990000
1748923200000,2.51200000,2.52100000,2.49000000,2.49400000,1174605.90000000,2942521.86600000
1748937600000,2.49500000,2.52900000,2.47500000,2.51100000,1167680.10000000,2921226.24030000
1748952000000,2.51000000,2.59100000,2.50100000,2.57000000,2776313.30000000,7097212.29890000
1748966400000,2.57100000,2.58400000,2.53800000,2.55900000,1570048.30000000,4021164.98530000
1748980800000,2.56000000,2.56000000,2.49200000,2.50600000,1036629.70000000,2613919.51030000
1748995200000,2.50600000,2.57700000,2.49000000,2.54400000,2207775.80000000,5623322.76030000
1749009600000,2.54500000,2.54700000,2.50600000,2.54400000,1137568.50000000,2880059.48970000
1749024000000,2.54300000,2.56300000,2.50800000,2.51000000,1134570.00000000,2878628.64460000
1749038400000,2.51000000,2.53900000,2.46500000,2.53500000,2232997.30000000,5571577.76530000
1749052800000,2.53500000,2.53800000,2.47900000,2.48000000,1268758.00000000,3179517.25580000
1749067200000,2.48000000,2.48100000,2.41900000,2.43500000,1197753.30000000,2930778.78670000
1749081600000,2.43500000,2.47400000,2.42300000,2.45200000,955099.00000000,2341984.95470000
1749096000000,2.45300000,2.46400000,2.42500000,2.45200000,1103253.30000000,2698157.48440000
1749110400000,2.45200000,2.47800000,2.43300000,2.46700000,1113235.10000000,2734631.82810000
1749124800000,2.46600000,2.52000000,2.43000000,2.44400000,2612200.50000000,6476804.12810000
1749139200000,2.44400000,2.44600000,2.29200000,2.32500000,3842385.30000000,9029696.43300000
1749153600000,2.32600000,2.33400000,2.22400000,2.24700000,3794542.30000000,8585049.54180000
1749168000000,2.24600000,2.30900000,2.24300000,2.30600000,1657748.20000000,3773657.94350000
1749182400000,2.30600000,2.32000000,2.28200000,2.28900000,1877720.50000000,4321705.95060000
1749196800000,2.28900000,2.31300000,2.27000000,2.28900000,1715833.10000000,3930082.12170000
1749211200000,2.28900000,2.36700000,2.28700000,2.33600000,2185022.00000000,5087128.52910000
1749225600000,2.33600000,2.35800000,2.29400000,2.30200000,1349479.70000000,3137487.96070000
1749240000000,2.30300000,2.34000000,2.29900000,2.31400000,678361.60000000,1574014.25810000
1749254400000,2.31500000,2.38800000,2.30200000,2.38200000,759184.90000000,1783140.74630000
1749268800000,2.38300000,2.41500000,2.37200000,2.41500000,788185.50000000,1885710.93350000
1749283200000,2.41500000,2.45500000,2.39400000,2.42900000,893200.40000000,2163186.45580000
1749297600000,2.43000000,2.46500000,2.42600000,2.44400000,1074241.50000000,2631655.63720000
1749312000000,2.44400000,2.44900000,2.40700000,2.41800000,1037491.40000000,2514179.05720000
1749326400000,2.41800000,2.44800000,2.41700000,2.42300000,502115.00000000,1220373.13910000
1749340800000,2.42300000,2.42900000,2.39700000,2.39800000,1782202.10000000,4307024.51240000
1749355200000,2.39800000,2.41000000,2.38900000,2.39300000,777535.20000000,1865412.39930000
1749369600000,2.39300000,2.41500000,2.37100000,2.41300000,1003335.00000000,2399220.85250000
1749384000000,2.41400000,2.44800000,2.40000000,2.41800000,972280.10000000,2354626.19380000
1749398400000,2.41700000,2.44800000,2.41700000,2.44200000,633235.80000000,1542805.60760000
1749412800000,2.44300000,2.46300000,2.41600000,2.42100000,707466.60000000,1723726.91200000
1749427200000,2.42100000,2.43500000,2.38800000,2.40000000,1282728.70000000,3084519.39860000
1749441600000,2.39900000,2.40500000,2.37100000,2.39700000,948527.30000000,2263327.15430000
1749456000000,2.39700000,2.48300000,2.38800000,2.47300000,1791227.00000000,4387942.98000000
1749470400000,2.47400000,2.47500000,2.42200000,2.44700000,1796026.30000000,4407173.81660000
1749484800000,2.44700000,2.49100000,2.44700000,2.47000000,1299292.30000000,3220230.83920000
1749499200000,2.47000000,2.55200000,2.46400000,2.54300000,1698025.40000000,4282761.79940000
1749513600000,2.54400000,2.57000000,2.53400000,2.54300000,1231308.40000000,3142142.12830000
1749528000000,2.54300000,2.54900000,2.50100000,2.52800000,1096987.30000000,2768175.92320000
1749542400000,2.52900000,2.62900000,2.50300000,2.62700000,2001433.00000000,5139758.81610000
1749556800000,2.62600000,2.66100000,2.54000000,2.58400000,4010100.00000000,10457265.87920000
1749571200000,2.58400000,2.64400000,2.58300000,2.61100000,1984108.60000000,5174676.13750000
1749585600000,2.61100000,2.66600000,2.58800000,2.66200000,1696570.40000000,4464239.15390000
1749600000000,2.66200000,2.67000000,2.60700000,2.64100000,1137169.70000000,3000136.68580000
1749614400000,2.64100000,2.66100000,2.62100000,2.64300000,915282.80000000,2413502.60320000
1749628800000,2.64300000,2.64900000,2.58700000,2.60500000,1123547.50000000,2932868.97500000
1749643200000,2.60500000,2.73000000,2.59000000,2.72200000,3328593.80000000,8874235.92090000
1749657600000,2.72300000,2.72500000,2.60600000,2.61500000,2107629.80000000,5612587.60170000
1749672000000,2.61500000,2.64100000,2.55600000,2.57300000,1561718.50000000,4042349.95850000
1749686400000,2.57300000,2.58100000,2.51100000,2.51900000,1215281.30000000,3089644.26240000
1749700800000,2.52000000,2.53300000,2.49900000,2.50900000,1130805.20000000,2846008.78110000
1749715200000,2.50800000,2.53600000,2.44200000,2.44700000,1935699.80000000,4807817.95500000
1749729600000,2.44800000,2.50300000,2.44200000,2.45000000,1940407.60000000,4814397.43310000
1749744000000,2.44900000,2.50200000,2.40700000,2.41600000,1450945.80000000,3563465.57890000
1749758400000,2.41500000,2.42200000,2.36500000,2.36900000,2215032.40000000,5293042.24610000
1749772800000,2.36900000,2.37000000,2.16600000,2.24500000,7412968.90000000,16575490.47370000
1749787200000,2.24600000,2.24600000,2.19600000,2.24000000,2019191.40000000,4494704.37740000
1749801600000,2.24100000,2.27800000,2.19900000,2.24300000,2776814.70000000,6210113.19080000
1749816000000,2.24300000,2.25600000,2.18300000,2.24000000,2850380.40000000,6340721.11140000
1749830400000,2.24100000,2.27700000,2.15900000,2.18300000,2655941.30000000,5880317.39240000
1749844800000,2.18300000,2.24200000,2.17600000,2.24000000,1578043.10000000,3489868.67230000
1749859200000,2.23900000,2.24400000,2.20900000,2.22000000,1239544.50000000,2761192.13550000
1749873600000,2.21900000,2.24500000,2.20700000,2.22800000,920629.20000000,2050654.94690000
1749888000000,2.22700000,2.24400000,2.21400000,2.23600000,687927.20000000,1531570.52360000
1749902400000,2.23500000,2.24900000,2.18600000,2.20100000,1244137.70000000,2757205.36250000
1749916800000,2.20100000,2.21200000,2.15900000,2.18600000,1559063.70000000,3409174.10910000
1749931200000,2.18600000,2.24400000,2.16900000,2.23200000,1021160.50000000,2257643.17250000
1749945600000,2.23300000,2.24800000,2.22700000,2.23800000,516341.20000000,1155297.68800000
1749960000000,2.23700000,2.27200000,2.23100000,2.23900000,751638.70000000,1690769.94540000
1749974400000,2.23800000,2.24200000,2.19300000,2.20400000,1275085.10000000,2825075.92910000
1749988800000,2.20300000,2.24500000,2.19900000,2.21500000,1077324.90000000,2390739.94370000
1750003200000,2.21500000,2.22700000,2.18600000,2.19500000,754384.40000000,1667327.08480000
1750017600000,2.19600000,2.23300000,2.17000000,2.22800000,809559.20000000,1783170.68780000
1750032000000,2.22800000,2.27000000,2.20500000,2.24700000,1159997.70000000,2601591.07220000
1750046400000,2.24800000,2.32400000,2.24800000,2.30900000,1530192.70000000,3497553.85350000
1750060800000,2.30900000,2.32800000,2.29100000,2.31800000,1518391.90000000,3508858.98160000
1750075200000,2.31800000,2.36700000,2.30400000,2.35300000,2289278.40000000,5356868.37120000
1750089600000,2.35300000,2.38400000,2.35300000,2.36800000,1171533.30000000,2777840.27150000
1750104000000,2.36900000,2.38700000,2.26500000,2.27200000,2373019.20000000,5530883.73030000
1750118400000,2.27200000,2.30100000,2.20900000,2.27300000,2793019.30000000,6302149.17450000
1750132800000,2.27300000,2.27600000,2.23000000,2.23500000,1046976.20000000,2353798.40600000
1750147200000,2.23500000,2.23900000,2.18700000,2.19700000,1866465.30000000,4119622.64810000
1750161600000,2.19800000,2.22200000,2.13200000,2.15400000,2445569.60000000,5317932.03530000
1750176000000,2.15400000,2.19600000,2.09700000,2.17500000,3224701.70000000,6880660.57220000
1750190400000,2.17500000,2.18500000,2.11700000,2.14000000,1147934.00000000,2468631.54940000
1750204800000,2.14000000,2.16500000,2.12400000,2.15100000,1286928.40000000,2756987.69500000
1750219200000,2.15000000,2.18200000,2.14900000,2.15800000,763336.10000000,1650319.76940000
1750233600000,2.15700000,2.17200000,2.08600000,2.12100000,1352922.60000000,2868544.70130000
1750248000000,2.12200000,2.15500000,2.07200000,2.12700000,3205728.50000000,6795425.18670000
1750262400000,2.12600000,2.16300000,2.10700000,2.11300000,2780926.80000000,5926028.75270000
1750276800000,2.11400000,2.20200000,2.10500000,2.18700000,1415221.90000000,3080337.28030000
1750291200000,2.18700000,2.21300000,2.16600000,2.19400000,1069619.80000000,2335814.07500000
1750305600000,2.19400000,2.20800000,2.17300000,2.17500000,757500.60000000,1658357.86420000
1750320000000,2.17600000,2.19100000,2.15600000,2.15900000,1135718.50000000,2465568.01440000
1750334400000,2.16000000,2.18900000,2.15300000,2.15600000,1882525.70000000,4080648.35550000
1750348800000,2.15600000,2.20300000,2.14300000,2.19100000,2007604.30000000,4386362.78630000
1750363200000,2.19200000,2.20800000,2.17200000,2.18100000,1319343.20000000,2889379.66210000
1750377600000,2.18200000,2.19100000,2.13500000,2.14300000,1052253.50000000,2273749.71810000
1750392000000,2.14300000,2.18400000,2.11900000,2.18200000,961042.00000000,2062551.22020000
1750406400000,2.18200000,2.20100000,2.16700000,2.18700000,930226.40000000,2031388.98510000
1750420800000,2.18700000,2.19500000,2.11000000,2.12000000,1592795.20000000,3421668.27220000
1750435200000,2.12000000,2.12300000,2.01800000,2.08200000,3734437.80000000,7705234.84270000
1750449600000,2.08100000,2.11000000,2.05000000,2.07500000,1049388.20000000,2182531.99200000
1750464000000,2.07500000,2.10500000,2.07000000,2.10000000,612802.90000000,1280180.60120000
1750478400000,2.09900000,2.10500000,2.07200000,2.07700000,689442.60000000,1437728.42500000
1750492800000,2.07800000,2.09600000,2.07100000,2.08300000,670288.70000000,1397142.80080000
1750507200000,2.08300000,2.08500000,2.02300000,2.04400000,1509964.30000000,3089495.96200000
1750521600000,2.04400000,2.05600000,1.97800000,1.98100000,1533211.50000000,3083134.46270000
1750536000000,1.98100000,2.00200000,1.90300000,1.97300000,3449037.80000000,6727825.74160000
1750550400000,1.97200000,2.00800000,1.92400000,1.93400000,2474480.10000000,4864259.10280000
1750564800000,1.93500000,1.96300000,1.92700000,1.94100000,1054753.20000000,2054033.56870000
1750579200000,1.94200000,1.95000000,1.89800000,1.91700000,1735529.80000000,3336762.21490000
1750593600000,1.91700000,1.93000000,1.80900000,1.86100000,8303506.50000000,15434390.74210000
1750608000000,1.86000000,1.86900000,1.82800000,1.84400000,2324524.90000000,4295370.10200000
1750622400000,1.84400000,1.90100000,1.79300000,1.89800000,5219010.40000000,9602853.71840000
1750636800000,1.89800000,1.92500000,1.88600000,1.90300000,1738811.20000000,3311776.00010000
1750651200000,1.90400000,1.94200000,1.89800000,1.92100000,1255584.60000000,2410812.09270000
1750665600000,1.92100000,1.92600000,1.89400000,1.91100000,1227085.20000000,2341158.87020000
1750680000000,1.91100000,1.98500000,1.90000000,1.93400000,5803407.80000000,11309189.31170000
1750694400000,1.93500000,2.02700000,1.86400000,2.02200000,4804006.60000000,9334996.02360000
1750708800000,2.02200000,2.14900000,2.01600000,2.12300000,3813858.90000000,7991403.59400000
1750723200000,2.12300000,2.14300000,2.11100000,2.13800000,2176113.50000000,4628627.91460000
1750737600000,2.13800000,2.21300000,2.12700000,2.16700000,3103358.00000000,6772020.63650000
1750752000000,2.16700000,2.20300000,2.15300000,2.17700000,2237403.00000000,4869798.71010000
1750766400000,2.17700000,2.20500000,2.16100000,2.19200000,2420601.60000000,5280463.52470000
1750780800000,2.19200000,2.23000000,2.15900000,2.17300000,2110003.10000000,4641716.82060000
1750795200000,2.17300000,2.19600000,2.16100000,2.19000000,1312366.10000000,2857695.72620000
1750809600000,2.19000000,2.19700000,2.17100000,2.18200000,1728586.80000000,3775600.33540000
1750824000000,2.18200000,2.19800000,2.16400000,2.18500000,1179848.20000000,2572215.65580000
1750838400000,2.18600000,2.19000000,2.13700000,2.17900000,1547610.70000000,3338897.73850000
1750852800000,2.17900000,2.19600000,2.11900000,2.12200000,2418291.50000000,5216983.89090000
1750867200000,2.12200000,2.16000000,2.11400000,2.15000000,1553349.80000000,3316689.06190000
1750881600000,2.15000000,2.17200000,2.12200000,2.13900000,683255.60000000,1464764.80210000
1750896000000,2.13800000,2.19100000,2.12000000,2.15100000,1712864.10000000,3695869.09260000
1750910400000,2.15200000,2.16800000,2.12500000,2.15600000,796521.10000000,1707765.10580000
1750924800000,2.15600000,2.17700000,2.08800000,2.08800000,3160419.50000000,6690741.91320000
1750939200000,2.08900000,2.09200000,2.04000000,2.05800000,2635208.60000000,5448676.35400000
1750953600000,2.05700000,2.06900000,2.02400000,2.06300000,1761818.80000000,3598141.36800000
1750968000000,2.06300000,2.11000000,2.04400000,2.05000000,1890798.00000000,3912731.06980000
1750982400000,2.05100000,2.08700000,2.02400000,2.08100000,1795269.60000000,3697103.63060000
1750996800000,2.08000000,2.11000000,2.06000000,2.06500000,1522178.70000000,3170693.79650000
1751011200000,2.06500000,2.09900000,2.06300000,2.07700000,1331957.50000000,2775845.61060000
1751025600000,2.07800000,2.09300000,2.04800000,2.08600000,1963101.10000000,4058297.76090000
1751040000000,2.08600000,2.13000000,2.04100000,2.06900000,2397009.50000000,5001458.37930000
1751054400000,2.06800000,2.11900000,2.06500000,2.11300000,1751298.20000000,3670843.15190000
1751068800000,2.11300000,2.12400000,2.09900000,2.10700000,839918.80000000,1774563.53580000
1751083200000,2.10800000,2.11700000,2.09500000,2.10700000,821642.80000000,1728347.45870000
1751097600000,2.10800000,2.11500000,2.09300000,2.10300000,640460.60000000,1348723.69890000
1751112000000,2.10400000,2.13000000,2.08900000,2.12700000,610691.40000000,1285296.57210000
1751126400000,2.12800000,2.16300000,2.12400000,2.14500000,1165173.10000000,2497980.56600000
1751140800000,2.14500000,2.18400000,2.14100000,2.16600000,1045947.30000000,2262010.59090000
1751155200000,2.16700000,2.18200000,2.13200000,2.13300000,910266.90000000,1965037.20680000
1751169600000,2.13400000,2.15100000,2.13000000,2.15100000,608022.50000000,1301412.19020000
1751184000000,2.15100000,2.16200000,2.13300000,2.14900000,1154507.10000000,2482506.03270000
1751198400000,2.14900000,2.15400000,2.11200000,2.11800000,1082038.40000000,2312096.53280000
1751212800000,2.11800000,2.16600000,2.11500000,2.16300000,940402.90000000,2010088.93280000
1751227200000,2.16200000,2.29600000,2.14600000,2.25900000,3728727.70000000,8360105.37970000
1751241600000,2.25900000,2.27600000,2.19900000,2.20500000,1781784.40000000,3991262.09050000
1751256000000,2.20500000,2.21300000,2.17200000,2.20500000,1320171.00000000,2899798.33090000
1751270400000,2.20500000,2.21100000,2.15900000,2.17000000,1462203.10000000,3181414.03900000
1751284800000,2.17000000,2.18500000,2.13100000,2.15400000,2925184.60000000,6314332.69210000
1751299200000,2.15400000,2.17900000,2.11100000,2.17600000,2017181.40000000,4326497.83590000
1751313600000,2.17500000,2.18500000,2.13800000,2.14800000,1135874.80000000,2449917.71510000
1751328000000,2.14900000,2.16600000,2.13400000,2.14300000,928660.50000000,1996275.34210000
1751342400000,2.14200000,2.14200000,2.07700000,2.10600000,1656793.70000000,3488448.82900000
1751356800000,2.10600000,2.10600000,2.08300000,2.09000000,808417.90000000,1691500.19850000
1751371200000,2.09000000,2.11200000,2.07000000,2.08000000,1839639.00000000,3839261.59920000
1751385600000,2.08100000,2.09000000,2.02900000,2.03100000,1441631.90000000,2962115.04670000
1751400000000,2.03000000,2.05400000,2.01700000,2.04000000,831451.60000000,1691942.60180000
1751414400000,2.04000000,2.07500000,2.02200000,2.06200000,1143616.70000000,2344800.11910000
1751428800000,2.06200000,2.17600000,2.06100000,2.16200000,3062399.10000000,6530246.36830000
1751443200000,2.16300000,2.17100000,2.11500000,2.11700000,2049459.40000000,4388906.15280000
1751457600000,2.11800000,2.16500000,2.10900000,2.15300000,2079503.70000000,4442826.80930000
1751472000000,2.15400000,2.24100000,2.15200000,2.24000000,3644288.70000000,8047364.83730000
1751486400000,2.23900000,2.27000000,2.21400000,2.22000000,2553382.40000000,5727544.10310000
1751500800000,2.22100000,2.26900000,2.21400000,2.26300000,1317247.10000000,2954789.74170000
1751515200000,2.26300000,2.34400000,2.26200000,2.33500000,2298742.70000000,5311456.95400000
1751529600000,2.33600000,2.36300000,2.28800000,2.29300000,2442248.60000000,5695893.64920000
1751544000000,2.29200000,2.34500000,2.25100000,2.25400000,4519542.10000000,10397514.98330000
1751558400000,2.25400000,2.27900000,2.24900000,2.27700000,1619064.10000000,3662746.27540000
1751572800000,2.27700000,2.29000000,2.26400000,2.27500000,939836.90000000,2139034.38280000
1751587200000,2.27500000,2.29900000,2.24200000,2.24300000,1426042.90000000,3236070.29680000
1751601600000,2.24300000,2.24800000,2.17000000,2.17200000,2546220.20000000,5631504.45140000
1751616000000,2.17100000,2.20200000,2.16000000,2.18600000,1359352.70000000,2969826.06060000
1751630400000,2.18700000,2.19700000,2.13900000,2.14300000,1825064.70000000,3949976.89260000
1751644800000,2.14300000,2.14500000,2.09900000,2.10500000,2156338.40000000,4563459.71700000
1751659200000,2.10500000,2.14100000,2.10100000,2.13400000,1194765.90000000,2537228.78720000
1751673600000,2.13500000,2.15200000,2.11400000,2.13700000,977642.80000000,2086226.75400000
1751688000000,2.13700000,2.14100000,2.11300000,2.12900000,648380.70000000,1379846.40310000
1751702400000,2.12900000,2.14400000,2.11300000,2.13400000,624018.70000000,1327649.88680000
1751716800000,2.13400000,2.13900000,2.11400000,2.12300000,700345.60000000,1489815.40310000
1751731200000,2.12300000,2.13500000,2.09600000,2.12500000,674054.60000000,1424612.44030000
1751745600000,2.12400000,2.16100000,2.11800000,2.14900000,810407.80000000,1737400.73240000
1751760000000,2.15000000,2.15100000,2.11900000,2.12300000,633224.40000000,1351873.28310000
1751774400000,2.12300000,2.13500000,2.11200000,2.12300000,561636.40000000,1193219.48600000
1751788800000,2.12400000,2.14100000,2.11600000,2.14000000,726635.40000000,1547831.50270000
1751803200000,2.14100000,2.19800000,2.13100000,2.17500000,1847883.70000000,4009487.93800000
1751817600000,2.17500000,2.19300000,2.15600000,2.17400000,813150.10000000,1769638.70320000
1751832000000,2.17500000,2.22400000,2.17100000,2.18000000,1427776.90000000,3140062.62610000
1751846400000,2.18100000,2.21500000,2.16600000,2.19000000,976714.50000000,2137760.88290000
1751860800000,2.19000000,2.20000000,2.15500000,2.18700000,1086284.30000000,2364330.35720000
1751875200000,2.18600000,2.19200000,2.16100000,2.16700000,855625.20000000,1860823.11700000
1751889600000,2.16700000,2.19800000,2.15100000,2.16400000,1550484.10000000,3362212.78790000
1751904000000,2.16400000,2.17800000,2.13200000,2.16300000,1856502.30000000,3995561.81710000
1751918400000,2.16300000,2.16300000,2.13300000,2.15900000,855346.20000000,1835146.45020000
1751932800000,2.15900000,2.17200000,2.12100000,2.13500000,1766721.50000000,3781688.33070000
1751947200000,2.13500000,2.14700000,2.12500000,2.13900000,800884.90000000,1709984.01820000
1751961600000,2.14000000,2.17900000,2.12000000,2.16800000,1303829.50000000,2797567.15360000
1751976000000,2.16800000,2.19500000,2.15000000,2.16100000,1345868.80000000,2924406.98800000
1751990400000,2.16200000,2.25000000,2.15400000,2.24700000,2344451.30000000,5203067.79290000
1752004800000,2.24700000,2.25900000,2.22600000,2.24400000,1302341.10000000,2919365.75050000
1752019200000,2.24500000,2.24800000,2.20400000,2.21200000,1084945.10000000,2409539.28510000
1752033600000,2.21200000,2.26700000,2.20900000,2.26300000,1625215.80000000,3649759.42900000
1752048000000,2.26400000,2.27500000,2.24200000,2.26300000,1358333.00000000,3068917.58420000
1752062400000,2.26400000,2.29200000,2.24400000,2.26500000,2157882.00000000,4903374.69310000
1752076800000,2.26500000,2.34100000,2.26400000,2.33100000,2497616.80000000,5740287.35610000
1752091200000,2.33100000,2.36000000,2.31200000,2.33900000,2109629.00000000,4935980.64040000
1752105600000,2.33900000,2.35700000,2.31800000,2.35200000,1455626.30000000,3408181.09850000
1752120000000,2.35100000,2.38600000,2.33800000,2.37700000,1317099.00000000,3114607.94060000
1752134400000,2.37600000,2.38100000,2.34900000,2.36100000,958229.70000000,2269239.88270000
1752148800000,2.36100000,2.37900000,2.33400000,2.35000000,1340452.40000000,3153606.20160000
1752163200000,2.35000000,2.43700000,2.34600000,2.42200000,2557094.40000000,6159859.01500000
1752177600000,2.42100000,2.53600000,2.42000000,2.51500000,3161125.80000000,7867569.45260000
1752192000000,2.51600000,2.55800000,2.47400000,2.55000000,2348038.70000000,5928820.69970000
1752206400000,2.54900000,2.60200000,2.52900000,2.53400000,3436396.90000000,8816823.01540000
1752220800000,2.53400000,2.59700000,2.53400000,2.57400000,1966491.50000000,5060094.91440000
1752235200000,2.57500000,2.64100000,2.53800000,2.54900000,3349963.00000000,8701453.77540000
1752249600000,2.55000000,2.62700000,2.54500000,2.61200000,2226126.80000000,5770210.76640000
1752264000000,2.61200000,2.61900000,2.42000000,2.50500000,3170037.00000000,7947070.27100000
1752278400000,2.50500000,2.54900000,2.45600000,2.52300000,2014952.70000000,5054895.31030000
1752292800000,2.52400000,2.55600000,2.46100000,2.51300000,2103994.80000000,5277982.42010000
1752307200000,2.51300000,2.53700000,2.49900000,2.52200000,1087987.30000000,2741897.67810000
1752321600000,2.52300000,2.53600000,2.40500000,2.42200000,2810725.50000000,6908117.92460000
1752336000000,2.42200000,2.49500000,2.40800000,2.48600000,1203150.40000000,2964787.86440000
1752350400000,2.48600000,2.49200000,2.44100000,2.48200000,803866.50000000,1985592.70010000
1752364800000,2.48300000,2.49800000,2.46900000,2.48600000,844740.50000000,2099170.30550000
1752379200000,2.48600000,2.53400000,2.47400000,2.52400000,1040105.30000000,2609551.72370000
1752393600000,2.52300000,2.53700000,2.49300000,2.52700000,945790.60000000,2377089.63000000
1752408000000,2.52600000,2.59000000,2.51500000,2.55100000,2142693.50000000,5479189.21650000
1752422400000,2.55200000,2.59200000,2.52100000,2.56200000,1067809.00000000,2733237.66990000
1752436800000,2.56300000,2.58000000,2.50300000,2.53100000,1192457.60000000,3021714.03600000
1752451200000,2.53100000,2.65800000,2.52400000,2.63300000,2073805.30000000,5399080.06710000
1752465600000,2.63300000,2.69700000,2.62000000,2.66800000,3740091.40000000,9950798.95210000
1752480000000,2.66900000,2.67700000,2.62100000,2.65200000,2222800.00000000,5891856.25910000
1752494400000,2.65100000,2.69000000,2.57700000,2.59800000,3006237.00000000,7909684.89640000
1752508800000,2.59800000,2.63000000,2.56100000,2.57600000,1790561.60000000,4651955.87400000
1752523200000,2.57600000,2.60600000,2.54100000,2.57900000,1354252.70000000,3497780.12620000
1752537600000,2.57900000,2.60100000,2.48900000,2.51800000,2568991.80000000,6515716.51710000
1752552000000,2.51700000,2.54900000,2.49300000,2.51700000,1661152.10000000,4203771.41500000
1752566400000,2.51700000,2.53700000,2.49100000,2.51400000,1406479.60000000,3535744.10920000
1752580800000,2.51400000,2.58300000,2.47900000,2.55700000,3392580.40000000,8579996.08420000
1752595200000,2.55800000,2.66700000,2.55400000,2.57400000,3007897.60000000,7862154.77830000
1752609600000,2.57400000,2.67200000,2.56200000,2.67000000,1820299.20000000,4773679.85710000
1752624000000,2.67100000,2.70700000,2.62100000,2.63400000,1961759.00000000,5232597.92700000
1752638400000,2.63500000,2.70400000,2.61000000,2.69100000,1652686.70000000,4401695.80790000
1752652800000,2.69100000,2.69800000,2.65000000,2.66100000,1285080.60000000,3435316.57690000
1752667200000,2.66100000,2.72700000,2.64900000,2.68700000,3856682.70000000,10359575.53520000
1752681600000,2.68700000,2.80100000,2.67600000,2.76200000,4174847.70000000,11487372.80650000
1752696000000,2.76100000,2.81800000,2.72100000,2.73000000,1980136.30000000,5499133.39180000
1752710400000,2.73100000,2.77700000,2.65900000,2.67500000,2150640.10000000,5834654.35110000
1752724800000,2.67400000,2.77300000,2.66500000,2.74000000,2183891.90000000,5949144.18780000
1752739200000,2.74000000,2.83500000,2.73800000,2.78800000,3280145.40000000,9159705.55450000
1752753600000,2.78800000,2.85900000,2.76500000,2.81300000,3644669.50000000,10270294.63090000
1752768000000,2.81200000,2.82400000,2.74800000,2.75200000,2797310.10000000,7788696.91910000
1752782400000,2.75200000,2.86300000,2.70700000,2.81700000,3240024.90000000,9059584.75710000
1752796800000,2.81800000,2.92100000,2.79400000,2.91400000,2779808.00000000,8013938.02650000
1752811200000,2.91500000,3.04100000,2.90100000,2.95200000,4016735.90000000,12003189.39850000
1752825600000,2.95200000,3.01000000,2.90100000,2.92700000,3018523.60000000,8909774.42040000
1752840000000,2.92800000,2.98600000,2.82000000,2.83900000,3491772.40000000,10140351.49910000
1752854400000,2.83900000,2.88800000,2.78300000,2.80200000,2139983.30000000,6072461.41590000
1752868800000,2.80100000,2.81700000,2.72100000,2.80500000,2808546.10000000,7787553.81600000
1752883200000,2.80400000,2.88900000,2.73900000,2.88700000,1583143.30000000,4460244.29790000
1752897600000,2.88800000,2.92500000,2.86600000,2.88500000,1492834.20000000,4323812.34280000
1752912000000,2.88600000,2.89300000,2.81800000,2.82500000,1347385.70000000,3852652.45190000
1752926400000,2.82500000,2.84100000,2.77500000,2.82400000,1405896.00000000,3952929.55940000
1752940800000,2.82400000,2.94900000,2.81100000,2.94300000,2324912.80000000,6689900.37460000
1752955200000,2.94300000,2.94500000,2.87900000,2.91800000,1367194.30000000,3981971.03650000
1752969600000,2.91800000,2.94100000,2.88200000,2.90800000,1497060.60000000,4351743.21930000
1752984000000,2.90900000,2.96300000,2.89800000,2.93800000,1318741.40000000,3868250.05060000
1752998400000,2.93900000,3.01300000,2.93900000,2.99200000,2265665.50000000,6756464.32090000
1753012800000,2.99200000,3.05800000,2.97000000,3.04800000,2594758.90000000,7802573.00400000
1753027200000,3.04700000,3.07000000,2.99800000,3.01600000,2406269.30000000,7313062.01220000
1753041600000,3.01600000,3.02600000,2.92100000,2.97600000,2139485.40000000,6361962.15700000
1753056000000,2.97600000,3.01500000,2.91000000,3.00800000,1746539.10000000,5166039.89270000
1753070400000,3.00800000,3.05900000,2.98700000,3.04500000,1594922.00000000,4834496.01260000
1753084800000,3.04500000,3.06800000,2.98900000,3.02900000,2488994.50000000,7550154.78980000
1753099200000,3.03000000,3.10100000,2.99000000,3.04300000,4489841.30000000,13707536.90180000
1753113600000,3.04300000,3.06400000,2.95600000,2.96600000,2954733.50000000,8882007.51650000
1753128000000,2.96700000,3.04300000,2.94400000,3.02200000,1755724.10000000,5242791.83170000
1753142400000,3.02300000,3.05300000,2.91200000,2.96000000,4426270.20000000,13220995.36370000
1753156800000,2.95900000,2.97400000,2.86600000,2.92900000,3562502.40000000,10406478.42480000
1753171200000,2.92900000,2.97800000,2.85100000,2.96400000,3031132.50000000,8824128.17230000
1753185600000,2.96500000,2.99700000,2.86800000,2.95500000,4075175.00000000,11980102.13940000
1753200000000,2.95400000,3.00200000,2.91300000,2.92100000,2648016.70000000,7845145.50960000
1753214400000,2.92100000,3.03600000,2.91500000,3.03000000,1796579.70000000,5353159.92680000
1753228800000,3.03100000,3.03700000,2.96400000,2.98900000,1555879.10000000,4661980.23840000
1753243200000,2.99000000,3.03800000,2.95300000,2.96600000,1342469.60000000,4021950.13580000
1753257600000,2.96500000,2.99500000,2.89800000,2.91300000,1729750.10000000,5071489.62430000
1753272000000,2.91400000,2.92500000,2.74900000,2.82400000,6520213.90000000,18369840.46350000
1753286400000,2.82400000,2.82400000,2.70400000,2.74500000,2940059.70000000,8098830.95120000
1753300800000,2.74400000,2.77100000,2.65900000,2.75400000,3227388.50000000,8763880.14380000
1753315200000,2.75500000,2.81000000,2.73300000,2.77300000,1630234.60000000,4529672.23480000
1753329600000,2.77300000,2.79000000,2.58100000,2.66400000,5100643.60000000,13544870.20580000
1753344000000,2.66300000,2.73100000,2.62800000,2.72200000,2774601.20000000,7434407.81310000
1753358400000,2.72100000,2.82800000,2.66400000,2.78900000,3990520.50000000,10959323.92130000
1753372800000,2.79000000,2.80500000,2.70900000,2.76600000,2839076.30000000,7865341.36220000
1753387200000,2.76600000,2.80600000,2.70700000,2.71700000,1931952.50000000,5319779.21610000
1753401600000,2.71800000,2.72100000,2.60200000,2.63900000,3436595.10000000,9179030.11020000
1753416000000,2.63800000,2.70100000,2.60900000,2.67100000,2199383.90000000,5847895.05030000
1753430400000,2.67200000,2.79400000,2.66900000,2.77800000,2981831.50000000,8162040.92510000
1753444800000,2.77800000,2.80000000,2.65500000,2.68800000,3362411.50000000,9182427.75620000
1753459200000,2.68700000,2.75500000,2.67100000,2.73400000,1618624.90000000,4393020.22900000
1753473600000,2.73300000,2.86900000,2.73100000,2.85500000,1737934.10000000,4902107.03380000
1753488000000,2.85400000,2.90800000,2.84400000,2.86700000,1410279.90000000,4061114.99240000
1753502400000,2.86700000,2.88000000,2.84100000,2.84600000,592861.50000000,1694561.00540000
1753516800000,2.84600000,2.88200000,2.83800000,2.86300000,1033278.40000000,2955902.18110000
1753531200000,2.86400000,2.89200000,2.85200000,2.89000000,1357992.80000000,3900702.95460000
1753545600000,2.89000000,2.93500000,2.85700000,2.92900000,1339163.60000000,3883649.15340000
1753560000000,2.93000000,2.93500000,2.87800000,2.88200000,808781.40000000,2349956.02450000
1753574400000,2.88300000,2.92900000,2.87800000,2.91000000,808903.70000000,2349511.22360000
1753588800000,2.91100000,2.93700000,2.89900000,2.90700000,909998.80000000,2654516.60410000
1753603200000,2.90800000,2.93500000,2.88000000,2.90400000,1219536.30000000,3549055.08960000
1753617600000,2.90400000,2.93200000,2.87900000,2.90500000,2326532.80000000,6755486.17130000
1753632000000,2.90500000,2.94700000,2.89500000,2.90700000,1639895.50000000,4790371.85580000
1753646400000,2.90700000,2.97800000,2.89200000,2.96300000,1393741.30000000,4094465.97220000
1753660800000,2.96300000,2.99500000,2.91000000,2.95700000,1709792.20000000,5051945.89690000
1753675200000,2.95700000,3.01300000,2.93500000,2.98800000,2135660.40000000,6375856.76380000
1753689600000,2.98800000,3.01600000,2.93900000,2.96100000,1758027.30000000,5240476.98930000
1753704000000,2.96100000,2.96500000,2.80700000,2.82600000,3683327.30000000,10602906.83690000
1753718400000,2.82600000,2.84700000,2.76000000,2.78200000,2601629.20000000,7283692.68370000
1753732800000,2.78300000,2.78800000,2.72100000,2.75200000,2025350.70000000,5574653.33890000
1753747200000,2.75100000,2.77900000,2.67800000,2.73700000,2623307.50000000,7141958.86420000
1753761600000,2.73600000,2.83400000,2.71400000,2.82800000,1716394.80000000,4770230.19800000
1753776000000,2.82800000,2.82900000,2.72500000,2.75500000,1677463.10000000,4669196.87090000
1753790400000,2.75400000,2.80300000,2.68500000,2.71400000,2744475.40000000,7507634.42970000
1753804800000,2.71400000,2.74700000,2.66800000,2.68400000,2650905.70000000,7175267.80160000
1753819200000,2.68400000,2.73900000,2.65900000,2.72300000,1788082.00000000,4828809.71710000
1753833600000,2.72400000,2.73600000,2.67000000,2.71600000,1340243.40000000,3624655.05320000
1753848000000,2.71500000,2.72900000,2.67900000,2.69700000,1083483.10000000,2933576.47130000
1753862400000,2.69600000,2.72000000,2.60700000,2.62300000,2134490.90000000,5675150.86760000
1753876800000,2.62400000,2.67800000,2.60100000,2.64300000,2453748.90000000,6463607.76850000
1753891200000,2.64300000,2.69200000,2.50800000,2.62500000,4845549.60000000,12580151.20510000
1753905600000,2.62500000,2.66400000,2.59000000,2.65700000,1270755.70000000,3341865.94470000
1753920000000,2.65700000,2.71600000,2.64300000,2.70700000,1002757.50000000,2692955.40350000
1753934400000,2.70800000,2.72400000,2.69000000,2.71700000,815911.40000000,2211105.48370000
1753948800000,2.71800000,2.73700000,2.69000000,2.69800000,925941.30000000,2517721.08000000
1753963200000,2.69800000,2.70100000,2.58600000,2.62800000,2143712.70000000,5639841.73080000
1753977600000,2.62800000,2.70300000,2.59400000,2.60400000,1753422.20000000,4636504.41470000
1753992000000,2.60400000,2.61200000,2.52400000,2.53500000,2172617.40000000,5576444.17590000
1754006400000,2.53400000,2.55000000,2.45300000,2.53200000,4311008.00000000,10806729.06270000
1754020800000,2.53200000,2.53200000,2.46600000,2.48600000,2055241.80000000,5124392.59480000
1754035200000,2.48500000,2.48900000,2.42900000,2.47900000,3199175.90000000,7866317.54710000
1754049600000,2.47800000,2.51700000,2.41000000,2.48200000,5234909.10000000,12936231.54930000
1754064000000,2.48100000,2.49900000,2.40600000,2.47100000,3964492.80000000,9691925.76930000
1754078400000,2.47200000,2.48000000,2.35200000,2.41400000,4283942.00000000,10321555.12670000
1754092800000,2.41500000,2.44600000,2.40900000,2.43800000,1098174.70000000,2669395.53410000
1754107200000,2.43900000,2.45200000,2.36900000,2.42800000,1525919.50000000,3676811.08680000
1754121600000,2.42700000,2.43400000,2.36900000,2.40200000,1230738.50000000,2948264.50800000
1754136000000,2.40100000,2.41200000,2.35600000,2.36500000,1158184.00000000,2758423.65060000
1754150400000,2.36400000,2.38500000,2.30100000,2.33100000,2586095.60000000,6051709.70850000
1754164800000,2.33000000,2.36800000,2.32400000,2.34800000,1177851.70000000,2762792.75720000
1754179200000,2.34800000,2.38900000,2.31300000,2.38500000,1534045.80000000,3608523.04180000
1754193600000,2.38500000,2.40700000,2.37600000,2.40300000,619327.90000000,1481759.78850000
1754208000000,2.40400000,2.44700000,2.40000000,2.43000000,677566.60000000,1642393.68210000
1754222400000,2.43000000,2.43700000,2.40800000,2.42900000,656431.80000000,1591516.27610000
1754236800000,2.42900000,2.45400000,2.41700000,2.43900000,670577.40000000,1631125.50840000
1754251200000,2.43900000,2.45900000,2.43100000,2.44400000,634952.00000000,1552666.28660000
1754265600000,2.44400000,2.50200000,2.44100000,2.46600000,1637951.30000000,4056358.94320000
1754280000000,2.46700000,2.48900000,2.45600000,2.48100000,930943.10000000,2299538.89560000
1754294400000,2.48100000,2.49300000,2.46200000,2.46900000,1049046.10000000,2600884.12860000
1754308800000,2.46900000,2.54300000,2.46700000,2.52200000,1914269.50000000,4807530.78820000
1754323200000,2.52200000,2.57000000,2.50400000,2.50800000,1193992.20000000,3033598.73140000
1754337600000,2.50900000,2.56900000,2.50600000,2.55200000,834676.80000000,2125094.44970000
1754352000000,2.55400000,2.55700000,2.49600000,2.49700000,831342.30000000,2103516.55910000
1754366400000,2.49700000,2.51100000,2.43600000,2.44500000,1508989.60000000,3733794.05270000
1754380800000,2.44500000,2.54700000,2.43900000,2.54100000,1308819.40000000,3264010.56310000
1754395200000,2.54100000,2.54700000,2.45400000,2.46500000,4538330.30000000,11349391.13960000
1754409600000,2.46500000,2.48900000,2.41200000,2.41900000,1380484.50000000,3391015.62440000
1754424000000,2.41900000,2.47200000,2.39200000,2.46800000,863024.30000000,2098875.69970000
1754438400000,2.46900000,2.46900000,2.39400000,2.39600000,796009.20000000,1929269.33820000
1754452800000,2.39600000,2.49400000,2.38500000,2.48900000,2170600.80000000,5297455.64260000
1754467200000,2.48800000,2.49600000,2.45300000,2.46100000,1370029.30000000,3384088.28490000
1754481600000,2.46100000,2.52300000,2.43400000,2.51700000,2381885.90000000,5889185.22850000
1754496000000,2.51700000,2.52800000,2.47700000,2.51300000,1340242.30000000,3355296.69310000
1754510400000,2.51400000,2.51600000,2.48600000,2.48900000,628531.00000000,1573009.93200000
1754524800000,2.48900000,2.51000000,2.46800000,2.47300000,536300.40000000,1332819.72590000
1754539200000,2.47300000,2.51800000,2.47200000,2.50200000,710617.60000000,1777289.29090000
1754553600000,2.50300000,2.60300000,2.49700000,2.59700000,1412488.40000000,3612671.71490000
1754568000000,2.59800000,2.61000000,2.56500000,2.58500000,1055292.00000000,2733042.37330000
1754582400000,2.58600000,2.60800000,2.52900000,2.60800000,1001430.80000000,2572066.69380000
1754596800000,2.60800000,2.65600000,2.60100000,2.65100000,1572053.50000000,4133431.10470000
1754611200000,2.65100000,2.68900000,2.60800000,2.66000000,4538390.80000000,12000274.79140000
1754625600000,2.65900000,2.69300000,2.63100000,2.68400000,1003116.70000000,2672176.99650000
1754640000000,2.68300000,2.70100000,2.66100000,2.66900000,908655.70000000,2434378.49290000
1754654400000,2.66800000,2.71700000,2.61900000,2.64300000,2118451.30000000,5649774.00570000
1754668800000,2.64200000,2.76400000,2.63900000,2.72300000,1770048.30000000,4780282.72750000
1754683200000,2.72400000,2.72800000,2.70200000,2.71200000,772109.80000000,2094157.31310000
1754697600000,2.71300000,2.74400000,2.70500000,2.73600000,637318.70000000,1739061.07430000
1754712000000,2.73600000,2.81100000,2.73100000,2.79400000,2189574.50000000,6086768.40840000
1754726400000,2.79500000,2.82500000,2.79100000,2.81700000,1365793.50000000,3835890.19700000
1754740800000,2.81800000,2.84000000,2.76600000,2.78800000,1629215.90000000,4566020.69130000
1754755200000,2.78800000,2.83400000,2.78800000,2.82400000,970440.00000000,2728991.41740000
1754769600000,2.82500000,2.85900000,2.81500000,2.83100000,1404492.70000000,3984702.60270000
1754784000000,2.83100000,2.87000000,2.80000000,2.83500000,1573648.10000000,4459035.07050000
1754798400000,2.83500000,2.85700000,2.72700000,2.72900000,2543186.50000000,7115314.62370000
1754812800000,2.73000000,2.77300000,2.69600000,2.72900000,1647474.00000000,4507479.59080000
1754827200000,2.72900000,2.79200000,2.70900000,2.76000000,2210433.90000000,6084628.64230000
1754841600000,2.75900000,2.76000000,2.72400000,2.73600000,2348437.30000000,6431968.32300000
1754856000000,2.73600000,2.75800000,2.69500000,2.75400000,1421815.00000000,3880755.10530000
1754870400000,2.75400000,2.82200000,2.73600000,2.80300000,2175110.30000000,6065484.15550000
1754884800000,2.80400000,2.83000000,2.74500000,2.74900000,1871461.70000000,5244256.70020000
1754899200000,2.74900000,2.76800000,2.64500000,2.65800000,2810196.10000000,7632565.73270000
1754913600000,2.65800000,2.71500000,2.63700000,2.68300000,3369040.60000000,8996251.93740000
1754928000000,2.68300000,2.72900000,2.62600000,2.64500000,2474463.60000000,6616559.79570000
1754942400000,2.64400000,2.65100000,2.57800000,2.60100000,1579550.40000000,4122757.10750000
1754956800000,2.60100000,2.64500000,2.59500000,2.61800000,1360502.10000000,3557968.35050000
1754971200000,2.61800000,2.63400000,2.58300000,2.63100000,1021339.80000000,2669900.25710000
1754985600000,2.63200000,2.64000000,2.56500000,2.60400000,1752222.70000000,4547352.56990000
1755000000000,2.60300000,2.74800000,2.59300000,2.74700000,4618094.80000000,12346553.02360000
1755014400000,2.74800000,2.79500000,2.72300000,2.79200000,2434953.20000000,6708839.58000000
1755028800000,2.79300000,2.82500000,2.77800000,2.78700000,1731928.50000000,4851485.71920000
1755043200000,2.78700000,2.83900000,2.75400000,2.82800000,2357033.60000000,6596318.36370000
1755057600000,2.82800000,2.85400000,2.79600000,2.85200000,1620531.40000000,4582244.99620000
1755072000000,2.85300000,2.93700000,2.85100000,2.89800000,2813762.60000000,8159745.23690000
1755086400000,2.89800000,2.94900000,2.86900000,2.91100000,4913653.60000000,14300784.33900000
1755100800000,2.91000000,2.98500000,2.89700000,2.96300000,3055936.70000000,8978901.32210000
1755115200000,2.96300000,3.04600000,2.94200000,2.99700000,2964405.10000000,8874239.31140000
1755129600000,2.99800000,3.05100000,2.97100000,3.04300000,2278020.50000000,6860043.60390000
1755144000000,3.04200000,3.06000000,2.95000000,3.04600000,3735672.40000000,11220003.74480000
1755158400000,3.04600000,3.04800000,2.91200000,2.92100000,4482750.60000000,13341739.26120000
1755172800000,2.92200000,2.93900000,2.73100000,2.81900000,9347443.90000000,26362508.15090000
1755187200000,2.81900000,2.82000000,2.74200000,2.76000000,2583288.60000000,7183065.93870000
1755201600000,2.76000000,2.77500000,2.69200000,2.75900000,1842177.80000000,5039287.90670000
1755216000000,2.75800000,2.81400000,2.74800000,2.80200000,1678833.50000000,4661672.23440000
1755230400000,2.80100000,2.84800000,2.76700000,2.80400000,2103880.50000000,5910284.24790000
1755244800000,2.80400000,2.81200000,2.75600000,2.76300000,1642566.20000000,4582457.35850000
1755259200000,2.76300000,2.81200000,2.63900000,2.65500000,4689821.90000000,12781826.47950000
1755273600000,2.65400000,2.71400000,2.62500000,2.65200000,2709510.10000000,7222272.69370000
1755288000000,2.65200000,2.74100000,2.64300000,2.70800000,1392027.70000000,3742305.03550000
1755302400000,2.70700000,2.76000000,2.70600000,2.71900000,1499178.50000000,4101948.90800000
1755316800000,2.72000000,2.75500000,2.70900000,2.73400000,2056682.00000000,5619156.73970000
1755331200000,2.73400000,2.74000000,2.69100000,2.69100000,1204590.00000000,3267075.65810000
1755345600000,2.69200000,2.76700000,2.68200000,2.75300000,1202509.60000000,3276270.02450000
1755360000000,2.75200000,2.76000000,2.72300000,2.73600000,940813.60000000,2577065.15890000
1755374400000,2.73500000,2.75700000,2.72800000,2.74200000,609359.80000000,1670063.04380000
1755388800000,2.74200000,2.74300000,2.70200000,2.73000000,996902.00000000,2715181.63530000
1755403200000,2.72900000,2.78100000,2.72600000,2.75300000,1769536.20000000,4864093.48770000
1755417600000,2.75400000,2.80000000,2.74900000,2.79800000,1416791.20000000,3921645.46160000
1755432000000,2.79700000,2.83000000,2.74600000,2.82700000,1867931.60000000,5190351.92110000
1755446400000,2.82700000,2.84300000,2.71200000,2.72000000,2492783.90000000,6900908.94800000
1755460800000,2.72100000,2.73900000,2.69400000,2.70200000,1605907.80000000,4366729.78410000
1755475200000,2.70100000,2.70200000,2.56200000,2.58900000,4337692.10000000,11398086.22590000
1755489600000,2.58800000,2.60900000,2.54400000,2.56200000,2338013.90000000,6022929.51240000
1755504000000,2.56200000,2.59000000,2.54900000,2.57400000,1937232.30000000,4981431.57290000
1755518400000,2.57300000,2.61700000,2.55100000,2.57900000,2560930.70000000,6604601.17460000
1755532800000,2.58000000,2.61800000,2.55300000,2.58500000,1618797.00000000,4182635.12230000
1755547200000,2.58600000,2.62500000,2.56100000,2.57500000,1313710.10000000,3406420.74780000
1755561600000,2.57600000,2.60000000,2.49300000,2.50500000,2553745.60000000,6488893.52400000
1755576000000,2.50500000,2.54200000,2.48800000,2.51100000,2184573.20000000,5479681.39590000
1755590400000,2.51100000,2.54300000,2.48600000,2.54200000,1505363.70000000,3789040.86880000
1755604800000,2.54300000,2.54800000,2.46700000,2.47900000,2502499.10000000,6253928.93870000
1755619200000,2.48000000,2.48400000,2.43100000,2.45000000,1653362.60000000,4066853.47890000
1755633600000,2.45000000,2.46700000,2.41800000,2.42200000,1244271.00000000,3042833.51440000
1755648000000,2.42300000,2.46100000,2.41500000,2.44500000,1716652.00000000,4187709.93360000
1755662400000,2.44500000,2.46600000,2.43700000,2.44800000,1384184.20000000,3394040.64970000
1755676800000,2.44900000,2.48800000,2.43100000,2.46300000,1163642.20000000,2871689.79160000
1755691200000,2.46400000,2.52600000,2.41300000,2.49900000,2985829.40000000,7378730.57890000
1755705600000,2.49900000,2.56000000,2.49200000,2.55800000,1760266.10000000,4448695.44020000
1755720000000,2.55800000,2.56400000,2.53800000,2.54700000,903177.00000000,2304231.16010000
1755734400000,2.54600000,2.57000000,2.51500000,2.53300000,908233.10000000,2307825.82540000
1755748800000,2.53400000,2.54400000,2.50000000,2.52200000,639561.70000000,1614165.33090000
1755763200000,2.52200000,2.52500000,2.47200000,2.48100000,1372613.00000000,3421806.83430000
1755777600000,2.48100000,2.51100000,2.45000000,2.45500000,1675619.90000000,4151516.68290000
1755792000000,2.45500000,2.47400000,2.43600000,2.45300000,1042796.50000000,2559403.52230000
1755806400000,2.45400000,2.47700000,2.43600000,2.44500000,803088.00000000,1974375.83050000
1755820800000,2.44600000,2.48500000,2.42500000,2.44000000,1114972.90000000,2733264.65860000
1755835200000,2.44000000,2.46500000,2.43200000,2.45900000,1057322.90000000,2590917.38830000
1755849600000,2.46000000,2.47700000,2.40900000,2.40900000,1386842.20000000,3379325.52630000
1755864000000,2.41000000,2.61400000,2.36900000,2.58800000,10845918.80000000,27052922.46700000
1755878400000,2.58900000,2.70000000,2.58900000,2.69000000,3694826.20000000,9818648.29910000
1755892800000,2.69100000,2.71800000,2.67700000,2.68800000,1679107.80000000,4528419.08080000
1755907200000,2.68800000,2.70300000,2.60500000,2.62900000,1990611.30000000,5283782.78660000
1755921600000,2.62900000,2.71100000,2.62800000,2.66500000,1264308.40000000,3390911.65760000
1755936000000,2.66500000,2.69400000,2.65500000,2.67400000,1076386.10000000,2878092.56040000
1755950400000,2.67400000,2.69600000,2.65900000,2.67600000,1300431.90000000,3484530.48620000
1755964800000,2.67600000,2.71600000,2.65500000,2.71600000,860465.30000000,2307808.01160000
1755979200000,2.71600000,2.71800000,2.68000000,2.70000000,835080.50000000,2251666.24810000
1755993600000,2.70000000,2.71400000,2.66700000,2.68000000,890643.70000000,2399097.17310000
1756008000000,2.68000000,2.68400000,2.63100000,2.63500000,864563.60000000,2295627.84350000
1756022400000,2.63500000,2.65100000,2.57600000,2.59000000,1137290.50000000,2966170.09570000
1756036800000,2.58900000,2.65900000,2.58600000,2.63200000,1667006.60000000,4365971.85070000
1756051200000,2.63200000,2.78800000,2.62600000,2.69000000,6844244.60000000,18437216.03460000
1756065600000,2.69100000,2.70000000,2.62000000,2.65700000,3543492.40000000,9434052.36800000
1756080000000,2.65600000,2.68800000,2.60000000,2.65200000,1855228.00000000,4915428.13440000
1756094400000,2.65300000,2.66000000,2.51100000,2.52300000,2384834.40000000,6140740.29440000
1756108800000,2.52200000,2.53800000,2.48100000,2.51400000,2395119.20000000,6012891.24170000
1756123200000,2.51300000,2.52900000,2.47300000,2.47600000,2725680.00000000,6824509.52910000
1756137600000,2.47600000,2.49700000,2.42400000,2.42800000,2215960.10000000,5447975.21910000
1756152000000,2.42800000,2.43600000,2.34900000,2.39800000,4354345.00000000,10397346.91180000
1756166400000,2.39700000,2.44100000,2.37700000,2.40600000,1973006.30000000,4741100.04310000
1756180800000,2.40600000,2.44100000,2.39600000,2.42400000,1107345.10000000,2675427.06950000
1756195200000,2.42300000,2.43900000,2.40600000,2.43100000,1206299.80000000,2920102.83950000
1756209600000,2.43200000,2.48900000,2.41700000,2.46900000,3301163.10000000,8122601.71410000
1756224000000,2.46900000,2.54600000,2.46700000,2.53700000,1930264.00000000,4829246.66540000
1756238400000,2.53700000,2.54700000,2.51200000,2.52600000,1131601.60000000,2864643.61010000
1756252800000,2.52600000,2.55200000,2.50300000,2.53900000,1076468.20000000,2714504.02520000
1756267200000,2.53800000,2.56800000,2.50700000,2.51600000,1308858.50000000,3326439.99340000
1756281600000,2.51700000,2.52400000,2.49500000,2.52100000,1008510.30000000,2531132.51700000
1756296000000,2.52000000,2.55600000,2.49600000,2.54400000,1660582.20000000,4198784.95600000
1756310400000,2.54400000,2.56200000,2.51400000,2.53700000,1168568.30000000,2967590.18580000
1756324800000,2.53700000,2.57700000,2.50900000,2.51900000,3298848.30000000,8385249.84410000
1756339200000,2.51800000,2.53100000,2.49300000,2.52700000,1206727.00000000,3034066.20760000
1756353600000,2.52700000,2.54300000,2.50400000,2.52100000,1847944.30000000,4661519.06110000
1756368000000,2.52100000,2.54400000,2.49900000,2.52500000,1311520.70000000,3305660.85290000
1756382400000,2.52500000,2.56700000,2.51400000,2.52000000,2416727.00000000,6135560.02870000
1756396800000,2.52000000,2.54000000,2.48100000,2.48200000,1266249.60000000,3171938.59310000
1756411200000,2.48300000,2.55300000,2.47700000,2.54500000,1033803.30000000,2604516.78910000
1756425600000,2.54500000,2.55100000,2.50000000,2.52000000,1493607.50000000,3764638.36950000
1756440000000,2.51900000,2.52400000,2.43000000,2.43900000,3059878.30000000,7591406.90300000
1756454400000,2.43900000,2.44800000,2.39300000,2.44100000,1839280.10000000,4456890.04050000
1756468800000,2.44100000,2.51100000,2.40900000,2.43500000,5163818.80000000,12661486.63390000
1756483200000,2.43400000,2.44700000,2.39300000,2.41800000,1650557.10000000,3989648.04930000
1756497600000,2.41800000,2.43800000,2.39100000,2.43000000,943706.70000000,2279860.02380000
1756512000000,2.43000000,2.46400000,2.39300000,2.45400000,1170685.10000000,2838661.14910000
1756526400000,2.45400000,2.45700000,2.43700000,2.45500000,603995.00000000,1478251.52000000
1756540800000,2.45500000,2.45500000,2.43500000,2.44600000,444300.70000000,1086114.45200000
1756555200000,2.44600000,2.44700000,2.40500000,2.44400000,723117.80000000,1753854.73020000
1756569600000,2.44300000,2.44300000,2.41600000,2.42900000,388134.90000000,942112.75220000
1756584000000,2.42900000,2.44000000,2.41400000,2.43500000,308068.10000000,747268.85590000
1756598400000,2.43500000,2.48300000,2.43400000,2.48100000,1057999.50000000,2608678.67970000
1756612800000,2.48100000,2.48200000,2.43700000,2.44100000,952807.10000000,2340761.77480000
1756627200000,2.44100000,2.46100000,2.42500000,2.44500000,693631.10000000,1694349.35730000
1756641600000,2.44400000,2.44700000,2.42000000,2.44100000,670461.80000000,1632030.36390000
1756656000000,2.44100000,2.44100000,2.41800000,2.41900000,576559.60000000,1400622.79210000
1756670400000,2.42000000,2.42900000,2.36400000,2.36700000,1640334.60000000,3932328.81110000
1756684800000,2.36600000,2.37000000,2.32800000,2.34500000,2799724.60000000,6572528.78160000
1756699200000,2.34500000,2.41200000,2.32000000,2.41200000,1755124.20000000,4135060.16300000
1756713600000,2.41300000,2.45300000,2.37200000,2.38000000,2761164.30000000,6668973.67550000
1756728000000,2.38100000,2.39500000,2.34800000,2.35400000,1129951.00000000,2680723.19160000
1756742400000,2.35400000,2.37000000,2.33300000,2.36900000,1249109.30000000,2934299.90710000
1756756800000,2.36800000,2.36900000,2.27900000,2.34000000,3579648.70000000,8282238.19830000
1756771200000,2.34100000,2.38400000,2.32400000,2.38000000,1692265.90000000,3976381.44750000
1756785600000,2.38100000,2.38600000,2.35500000,2.35900000,1058578.50000000,2514498.85260000
1756800000000,2.35900000,2.38000000,2.35600000,2.36400000,1168233.00000000,2768373.59040000
1756814400000,2.36300000,2.41500000,2.31900000,2.35200000,3146867.20000000,7458264.30750000
1756828800000,2.35200000,2.39900000,2.35200000,2.37700000,1166905.50000000,2772932.35300000
1756843200000,2.37700000,2.44100000,2.37400000,2.43900000,1413732.60000000,3419615.02340000
1756857600000,2.43900000,2.47100000,2.43000000,2.44600000,1178266.50000000,2883268.21080000
1756872000000,2.44600000,2.45100000,2.42100000,2.42800000,999758.30000000,2434194.44100000
1756886400000,2.42800000,2.46100000,2.42600000,2.45600000,1053808.70000000,2576819.93030000
1756900800000,2.45700000,2.48400000,2.44100000,2.47600000,1297981.70000000,3198842.38850000
1756915200000,2.47600000,2.48900000,2.46300000,2.48800000,809040.40000000,2002398.17130000
1756929600000,2.48800000,2.49400000,2.46600000,2.46900000,688034.60000000,1708055.29480000
1756944000000,2.46800000,2.47700000,2.43900000,2.44200000,950034.40000000,2336338.26410000
1756958400000,2.44300000,2.45100000,2.40100000,2.41000000,1629532.40000000,3938695.69790000
1756972800000,2.40900000,2.42300000,2.39700000,2.40600000,790160.50000000,1904957.40640000
1756987200000,2.40600000,2.42500000,2.37200000,2.37800000,1197959.00000000,2871876.52620000
1757001600000,2.37800000,2.38900000,2.35900000,2.36600000,640236.20000000,1520171.13790000
1757016000000,2.36600000,2.40300000,2.36300000,2.37600000,776692.70000000,1851087.45070000
1757030400000,2.37500000,2.39500000,2.36600000,2.39500000,938932.10000000,2236988.59070000
1757044800000,2.39400000,2.43300000,2.38000000,2.42900000,978143.70000000,2348354.74510000
1757059200000,2.42900000,2.44100000,2.39900000,2.43300000,1836327.40000000,4446132.35520000
1757073600000,2.43300000,2.47800000,2.38000000,2.39600000,5514575.10000000,13424718.29500000
1757088000000,2.39600000,2.41000000,2.37300000,2.41000000,1077308.60000000,2579188.30940000
1757102400000,2.41000000,2.41900000,2.38400000,2.39900000,1310515.70000000,3145171.46630000
1757116800000,2.39800000,2.41000000,2.38800000,2.40200000,474939.00000000,1140412.59460000
1757131200000,2.40200000,2.40200000,2.38500000,2.39100000,405888.80000000,970572.51620000
1757145600000,2.39200000,2.39500000,2.37400000,2.39200000,623000.90000000,1485366.68920000
1757160000000,2.39100000,2.40700000,2.38500000,2.38800000,452286.20000000,1083521.85580000
1757174400000,2.38700000,2.40900000,2.37600000,2.37800000,558438.90000000,1336498.14560000
1757188800000,2.37800000,2.41000000,2.37800000,2.40200000,423688.10000000,1016107.79470000
1757203200000,2.40300000,2.44200000,2.40000000,2.43200000,672295.70000000,1627915.15980000
1757217600000,2.43300000,2.45800000,2.43100000,2.43700000,825589.60000000,2014968.15320000
1757232000000,2.43800000,2.45100000,2.43100000,2.44200000,684507.70000000,1668949.89820000
1757246400000,2.44300000,2.48800000,2.43600000,2.47700000,1373571.10000000,3389444.71260000
1757260800000,2.47600000,2.48200000,2.44600000,2.45800000,695512.40000000,1711635.44230000
1757275200000,2.45700000,2.47700000,2.45100000,2.46500000,639805.80000000,1574886.74670000
1757289600000,2.46400000,2.51200000,2.45200000,2.49700000,975408.00000000,2420077.88840000
1757304000000,2.49600000,2.51100000,2.47800000,2.48900000,1076199.40000000,2684148.16340000
1757318400000,2.49000000,2.53600000,2.48900000,2.50500000,1280563.00000000,3220284.60680000
1757332800000,2.50600000,2.57300000,2.50200000,2.56600000,2106542.00000000,5354287.65600000
1757347200000,2.56500000,2.57400000,2.54300000,2.55400000,1316711.70000000,3370560.15830000
1757361600000,2.55500000,2.59700000,2.53800000,2.57600000,1068431.20000000,2746366.28900000
1757376000000,2.57700000,2.63200000,2.57600000,2.62100000,3872652.90000000,10091083.03230000
1757390400000,2.62100000,2.70900000,2.60800000,2.69000000,3528574.40000000,9408122.88380000
1757404800000,2.69100000,2.79600000,2.68200000,2.73400000,4943377.40000000,13583307.87460000
1757419200000,2.73500000,2.76300000,2.64500000,2.65900000,5742023.50000000,15441623.50380000
1757433600000,2.65900000,2.66800000,2.63300000,2.65400000,1563664.10000000,4143657.27440000
1757448000000,2.65400000,2.66000000,2.62900000,2.63400000,1511309.60000000,3995856.89480000
1757462400000,2.63400000,2.69500000,2.61800000,2.67700000,2572938.20000000,6850926.24550000
1757476800000,2.67700000,2.67800000,2.64400000,2.66100000,1371566.40000000,3651758.30000000
1757491200000,2.66200000,2.68800000,2.64400000,2.65300000,1306287.50000000,3480640.04100000
1757505600000,2.65400000,2.73400000,2.65300000,2.70200000,2958945.50000000,7993745.33000000
1757520000000,2.70200000,2.71600000,2.65800000,2.67000000,1458626.90000000,3922653.79790000
1757534400000,2.67000000,2.73300000,2.66900000,2.72700000,1283394.10000000,3466654.07620000
1757548800000,2.72600000,2.77200000,2.72200000,2.74300000,2449652.30000000,6731196.23550000
1757563200000,2.74200000,2.74700000,2.70600000,2.73700000,1352735.30000000,3689707.73110000
1757577600000,2.73600000,2.74100000,2.70500000,2.70700000,1871535.70000000,5094769.53400000
1757592000000,2.70700000,2.74900000,2.67400000,2.69000000,4167335.20000000,11259040.09730000
1757606400000,2.69100000,2.72300000,2.69100000,2.71800000,722078.20000000,1954480.46690000
1757620800000,2.71900000,2.75500000,2.71400000,2.74500000,1064429.10000000,2915442.69530000
1757635200000,2.74400000,2.77400000,2.72400000,2.73800000,1580414.10000000,4343071.22060000
1757649600000,2.73800000,2.78100000,2.72900000,2.74400000,1446818.90000000,3990937.07630000
1757664000000,2.74500000,2.74600000,2.69200000,2.70100000,1384175.90000000,3762832.74920000
1757678400000,2.70100000,2.74700000,2.67400000,2.72200000,2237345.80000000,6075357.07060000
1757692800000,2.72200000,2.80400000,2.71800000,2.80200000,1728440.60000000,4779935.75240000
1757707200000,2.80100000,2.81300000,2.76900000,2.79200000,1892466.00000000,5275492.05630000
1757721600000,2.79200000,2.81100000,2.77700000,2.80500000,1388218.30000000,3879747.27420000
1757736000000,2.80500000,2.84600000,2.79300000,2.81800000,2249018.70000000,6350017.12880000
1757750400000,2.81700000,2.88600000,2.81400000,2.88200000,2257056.00000000,6444133.31550000
1757764800000,2.88300000,2.88900000,2.79600000,2.82000000,3111018.90000000,8835111.66930000
1757779200000,2.82000000,2.82900000,2.76800000,2.80100000,1883023.40000000,5269305.19620000
1757793600000,2.80200000,2.82100000,2.79800000,2.81000000,1141354.00000000,3208677.07560000
1757808000000,2.81000000,2.81800000,2.75700000,2.76000000,1154429.10000000,3220077.18690000
1757822400000,2.76000000,2.78800000,2.73500000,2.75700000,1091680.30000000,3013440.17700000
1757836800000,2.75800000,2.76500000,2.70700000,2.71100000,1274270.90000000,3487760.52120000
1757851200000,2.71200000,2.72600000,2.67300000,2.68700000,2028083.90000000,5470640.81340000
1757865600000,2.68700000,2.72700000,2.68200000,2.70600000,893116.70000000,2418904.88430000
1757880000000,2.70600000,2.74100000,2.69200000,2.70600000,956759.10000000,2596878.55850000
1757894400000,2.70500000,2.73700000,2.67400000,2.73200000,1267647.60000000,3436050.11560000
1757908800000,2.73200000,2.77800000,2.66400000,2.67200000,3134343.40000000,8532815.67610000
1757923200000,2.67200000,2.67300000,2.59700000,2.63000000,4816897.50000000,12637133.09760000
1757937600000,2.63000000,2.64500000,2.58700000,2.60400000,1899232.20000000,4968408.98680000
1757952000000,2.60300000,2.62700000,2.57700000,2.62000000,1297197.60000000,3371903.87190000
1757966400000,2.61900000,2.63500000,2.61700000,2.62600000,580857.70000000,1525199.10440000
1757980800000,2.62600000,2.63300000,2.60100000,2.60100000,602778.20000000,1577553.39370000
1757995200000,2.60200000,2.67700000,2.57900000,2.66300000,2281848.50000000,6019871.30980000
1758009600000,2.66300000,2.70100000,2.66100000,2.69600000,1776279.60000000,4763978.61720000
1758024000000,2.69600000,2.73000000,2.66400000,2.71300000,2950967.30000000,7948709.69640000
1758038400000,2.71300000,2.73600000,2.69400000,2.70300000,1769992.40000000,4806662.06750000
1758052800000,2.70400000,2.72500000,2.69700000,2.70800000,816709.80000000,2214922.92610000
1758067200000,2.70800000,2.73100000,2.68700000,2.70100000,1421387.20000000,3857139.49520000
1758081600000,2.70100000,2.75000000,2.68000000,2.74900000,1312915.00000000,3558157.25970000
1758096000000,2.74900000,2.76900000,2.70400000,2.70600000,2558907.50000000,7002972.11010000
1758110400000,2.70600000,2.71700000,2.66400000,2.66600000,1382054.00000000,3720327.12110000
1758124800000,2.66600000,2.77600000,2.64800000,2.77200000,4741160.20000000,12851698.92000000
1758139200000,2.77200000,2.83600000,2.72400000,2.82400000,2779594.30000000,7751671.49680000
1758153600000,2.82400000,2.89600000,2.80300000,2.88300000,2835906.20000000,8096455.10750000
1758168000000,2.88200000,2.92800000,2.86400000,2.90400000,3338835.50000000,9680861.42230000
1758182400000,2.90300000,2.94800000,2.89800000,2.91300000,2565146.60000000,7492404.34580000
1758196800000,2.91400000,3.00400000,2.90000000,2.99700000,3569900.30000000,10563427.80770000
1758211200000,2.99600000,3.22400000,2.97300000,3.20200000,10312403.80000000,32172614.63210000
1758225600000,3.20200000,3.26800000,3.13500000,3.17500000,8888512.70000000,28445553.17320000
1758240000000,3.17600000,3.27700000,3.17600000,3.19400000,6412908.80000000,20724175.02970000
1758254400000,3.19400000,3.25000000,3.14100000,3.20800000,5345952.00000000,17109870.27560000
1758268800000,3.20800000,3.34200000,3.14800000,3.16200000,10953919.10000000,35604644.19300000
1758283200000,3.16100000,3.21600000,3.12000000,3.14700000,6683996.50000000,21115471.72180000
1758297600000,3.14800000,3.17900000,3.09200000,3.11900000,2654933.00000000,8308234.08340000
1758312000000,3.12000000,3.17700000,3.10800000,3.12000000,1841475.70000000,5791836.38410000
1758326400000,3.12000000,3.16600000,3.05000000,3.10100000,3892207.60000000,12076838.36790000
1758340800000,3.10100000,3.14400000,3.10100000,3.13600000,2190414.60000000,6840011.91790000
1758355200000,3.13600000,3.14200000,3.06400000,3.08200000,2614689.30000000,8109122.80780000
1758369600000,3.08200000,3.28300000,3.07100000,3.17500000,5396138.50000000,17228501.29790000
1758384000000,3.17500000,3.20600000,3.14300000,3.16100000,2738742.80000000,8705435.73010000
1758398400000,3.16100000,3.20300000,3.14300000,3.15600000,1383114.00000000,4391552.60850000
1758412800000,3.15500000,3.15900000,3.10800000,3.12400000,1218063.90000000,3809455.17270000
1758427200000,3.12300000,3.14800000,3.10600000,3.13800000,1176074.90000000,3680739.88130000
1758441600000,3.13800000,3.15900000,3.09000000,3.09500000,1995782.50000000,6227202.72060000
1758456000000,3.09500000,3.13200000,3.09200000,3.10100000,1182434.10000000,3678112.07590000
1758470400000,3.10200000,3.15700000,3.07000000,3.15600000,1665633.20000000,5189116.63810000
1758484800000,3.15600000,3.16900000,3.12100000,3.12900000,983285.80000000,3088444.30430000
1758499200000,3.12900000,3.16100000,2.95600000,2.98500000,5644232.70000000,17150252.79120000
1758513600000,2.98500000,2.99000000,2.75300000,2.84400000,8166238.10000000,23290377.08860000
1758528000000,2.84400000,2.91000000,2.81400000,2.87700000,2909372.80000000,8316042.65780000
1758542400000,2.87700000,2.94800000,2.86100000,2.89100000,3867572.30000000,11248160.32800000
1758556800000,2.89100000,2.91600000,2.84800000,2.85700000,1735983.50000000,4991672.67750000
1758571200000,2.85700000,2.99600000,2.85500000,2.96200000,2139976.70000000,6303595.94980000
1758585600000,2.96200000,3.04000000,2.85500000,2.94900000,3757480.50000000,11072915.00220000
1758600000000,2.94800000,3.12400000,2.88100000,3.08800000,5688546.30000000,17217651.20040000
1758614400000,3.08900000,3.13400000,3.00500000,3.01000000,5009779.40000000,15362655.21680000
1758628800000,3.01000000,3.07400000,2.99600000,3.04700000,3897599.40000000,11835594.72180000
1758643200000,3.04700000,3.05700000,2.93200000,2.93900000,3183317.90000000,9561366.38670000
1758657600000,2.93900000,2.99900000,2.91200000,2.91900000,1934641.40000000,5706374.12580000
1758672000000,2.91900000,2.99200000,2.90600000,2.90800000,2356016.60000000,6957573.85000000
1758686400000,2.90800000,3.02700000,2.86600000,2.98900000,4061777.40000000,12027372.71750000
1758700800000,2.99000000,3.05600000,2.98600000,3.02600000,3014222.20000000,9116239.72170000
1758715200000,3.02600000,3.10100000,3.00900000,3.07300000,3330067.10000000,10191801.80660000
1758729600000,3.07400000,3.11900000,3.05400000,3.06600000,2123029.90000000,6558602.80310000
1758744000000,3.06600000,3.07500000,3.01600000,3.02300000,1902080.80000000,5789904.98710000
1758758400000,3.02200000,3.03800000,2.91000000,2.92900000,3533552.80000000,10523531.11020000
1758772800000,2.93000000,2.93800000,2.84800000,2.86200000,3998713.20000000,11535942.07400000
1758787200000,2.86200000,2.90900000,2.82500000,2.83400000,3132981.90000000,8973865.46230000
1758801600000,2.83400000,2.92100000,2.78900000,2.86700000,6039115.80000000,17236685.52010000
1758816000000,2.86700000,2.87300000,2.77200000,2.81500000,5087727.30000000,14333681.82950000
1758830400000,2.81600000,2.81800000,2.70500000,2.72800000,2578256.10000000,7113088.31890000
1758844800000,2.72800000,2.76500000,2.69700000,2.75800000,2499874.50000000,6843954.56110000
1758859200000,2.75800000,2.76700000,2.64300000,2.70000000,3543866.10000000,9528853.98780000
1758873600000,2.70000000,2.72000000,2.65100000,2.66100000,2369465.50000000,6364761.95330000
1758888000000,2.66100000,2.74000000,2.62400000,2.73900000,3790491.20000000,10186918.35480000
1758902400000,2.73800000,2.79800000,2.71700000,2.73500000,3067434.00000000,8481413.51080000
1758916800000,2.73500000,2.79200000,2.73000000,2.77800000,1035460.70000000,2864867.01780000
1758931200000,2.77700000,2.77700000,2.74200000,2.74800000,886649.20000000,2446751.29250000
1758945600000,2.74700000,2.75700000,2.70800000,2.71500000,780825.50000000,2133274.96410000
1758960000000,2.71500000,2.71800000,2.69000000,2.70700000,1073513.80000000,2903099.13820000
1758974400000,2.70700000,2.74300000,2.70000000,2.74100000,1061933.90000000,2887941.94230000
1758988800000,2.74100000,2.74300000,2.68500000,2.71400000,974154.20000000,2640862.26560000
1759003200000,2.71400000,2.75700000,2.70500000,2.72800000,655584.30000000,1790712.66170000
1759017600000,2.72900000,2.73700000,2.68000000,2.69000000,1000560.50000000,2703443.05260000
1759032000000,2.69100000,2.70100000,2.65900000,2.68200000,987222.70000000,2647238.59360000
1759046400000,2.68200000,2.69400000,2.65900000,2.67300000,969884.40000000,2593186.10360000
1759060800000,2.67300000,2.71700000,2.64800000,2.69800000,1261569.60000000,3389325.63570000
1759075200000,2.69900000,2.72900000,2.69600000,2.71800000,1105268.40000000,2994599.34730000
1759089600000,2.71800000,2.81600000,2.71500000,2.80000000,1860715.10000000,5162696.49830000
1759104000000,2.80000000,2.83500000,2.78300000,2.80900000,1769740.30000000,4972161.59450000
1759118400000,2.80900000,2.81100000,2.73900000,2.75800000,1929018.90000000,5342418.30610000
1759132800000,2.75800000,2.80300000,2.72800000,2.74900000,2421816.40000000,6712363.76140000
1759147200000,2.74800000,2.82800000,2.68900000,2.78600000,3870137.90000000,10696340.45120000
1759161600000,2.78700000,2.80500000,2.73900000,2.78600000,2026781.50000000,5603283.14070000
1759176000000,2.78500000,2.82300000,2.77300000,2.77500000,1876294.90000000,5254452.72650000
1759190400000,2.77500000,2.78900000,2.71700000,2.72300000,1786267.20000000,4907392.54790000
1759204800000,2.72300000,2.72800000,2.66300000,2.67300000,1808905.10000000,4889153.46910000
1759219200000,2.67300000,2.68000000,2.62800000,2.65300000,1784745.20000000,4729944.13260000
1759233600000,2.65300000,2.65600000,2.56800000,2.59200000,4334778.80000000,11296567.33070000
1759248000000,2.59100000,2.63400000,2.56300000,2.62500000,2324031.40000000,6016947.44670000
1759262400000,2.62500000,2.65200000,2.59900000,2.62900000,2012120.80000000,5282446.86640000
1759276800000,2.62900000,2.68300000,2.61500000,2.62400000,1582586.30000000,4186997.98660000
1759291200000,2.62400000,2.67700000,2.62100000,2.65800000,1731366.50000000,4599392.12740000
1759305600000,2.65800000,2.82800000,2.65400000,2.80400000,6338445.10000000,17594604.35310000
1759320000000,2.80400000,2.84800000,2.77400000,2.84400000,3357405.70000000,9422247.47730000
1759334400000,2.84500000,2.87700000,2.82200000,2.84000000,3864135.90000000,11008842.57000000
1759348800000,2.84000000,2.84300000,2.80500000,2.83300000,2078120.80000000,5861480.89170000
1759363200000,2.83300000,2.91300000,2.83100000,2.90000000,2636321.60000000,7584595.80970000
1759377600000,2.90000000,2.93200000,2.87800000,2.88000000,3610993.70000000,10507124.16610000
1759392000000,2.88000000,2.93300000,2.87200000,2.89100000,2612884.00000000,7569350.88940000
1759406400000,2.89100000,2.90500000,2.82100000,2.88200000,4399966.60000000,12626477.26070000
1759420800000,2.88200000,2.96000000,2.87700000,2.94900000,3495101.70000000,10209839.11300000
1759435200000,2.95000000,3.01000000,2.93400000,2.96800000,3205767.80000000,9511940.26650000
1759449600000,2.96900000,2.98200000,2.90200000,2.92000000,2961797.80000000,8709302.37250000
1759464000000,2.92000000,2.95500000,2.89200000,2.91500000,2802454.00000000,8190562.61960000
1759478400000,2.91500000,2.95300000,2.88900000,2.92100000,2285387.60000000,6687462.26770000
1759492800000,2.92200000,3.02000000,2.90400000,3.01800000,3941792.30000000,11645425.95080000
1759507200000,3.01900000,3.08400000,2.97400000,3.03900000,6353038.40000000,19230988.46530000
1759521600000,3.03900000,3.05900000,3.02200000,3.03200000,1473774.00000000,4483486.85840000
1759536000000,3.03200000,3.04300000,2.97400000,2.98200000,1862795.40000000,5589237.75420000
1759550400000,2.98200000,3.01600000,2.96400000,2.98000000,2470039.20000000,7388938.07310000
1759564800000,2.98000000,2.98500000,2.92200000,2.93400000,1823812.30000000,5371544.40110000
1759579200000,2.93300000,2.97300000,2.88400000,2.89200000,2972174.40000000,8703748.05970000
1759593600000,2.89300000,2.92100000,2.87800000,2.91800000,1491786.30000000,4330577.28740000
1759608000000,2.91900000,2.97400000,2.91900000,2.96100000,1280178.40000000,3768637.48430000
1759622400000,2.96100000,3.06600000,2.93300000,3.00800000,3469627.30000000,10405914.73050000
1759636800000,3.00800000,3.16400000,3.00400000,3.16000000,5226231.30000000,16178788.52340000
1759651200000,3.16000000,3.18100000,3.04200000,3.06300000,4559059.00000000,14166351.48130000
1759665600000,3.06300000,3.06400000,3.00700000,3.03200000,2692735.70000000,8169219.11880000
1759680000000,3.03200000,3.03800000,2.94800000,2.95000000,2755123.00000000,8235575.23920000
1759694400000,2.94900000,2.97700000,2.94000000,2.95700000,1922522.60000000,5689498.88820000
1759708800000,2.95700000,2.99900000,2.93400000,2.96700000,3120511.00000000,9262985.57420000
1759723200000,2.96700000,2.98000000,2.93300000,2.95200000,2180325.90000000,6444134.40130000
1759737600000,2.95200000,2.99700000,2.94000000,2.98000000,2343044.50000000,6946350.05810000
1759752000000,2.98000000,3.07600000,2.97500000,3.06100000,4549405.70000000,13770970.92000000
1759766400000,3.06200000,3.08700000,3.02900000,3.07400000,2524276.10000000,7730765.15990000
1759780800000,3.07400000,3.08800000,3.04200000,3.04900000,1985147.10000000,6078482.69590000
1759795200000,3.04900000,3.07200000,3.01300000,3.02200000,1646673.50000000,5021972.38770000
1759809600000,3.02200000,3.05900000,2.97600000,2.99900000,3403305.10000000,10246065.21800000
1759824000000,2.99800000,3.02900000,2.96300000,3.01900000,2211239.60000000,6633151.55640000
1759838400000,3.01900000,3.07200000,2.90300000,2.92100000,8719728.20000000,25942559.95000000
1759852800000,2.92200000,2.97500000,2.90700000,2.92000000,3668228.30000000,10738768.26600000
1759867200000,2.92000000,2.98200000,2.91900000,2.94900000,1740782.60000000,5145603.84060000
1759881600000,2.94900000,3.01500000,2.91500000,2.92600000,2663534.70000000,7910924.62570000
1759896000000,2.92700000,2.96100000,2.89700000,2.95500000,2567024.70000000,7516311.25040000
1759910400000,2.95600000,2.97600000,2.93100000,2.93600000,1871569.40000000,5527222.67280000
1759924800000,2.93600000,2.98000000,2.90400000,2.91200000,5142788.70000000,15108684.12730000
1759939200000,2.91200000,3.02300000,2.90700000,2.99600000,2963566.70000000,8845667.38210000
1759953600000,2.99600000,3.00500000,2.95600000,2.96400000,1182560.80000000,3526191.57110000
1759968000000,2.96400000,2.96700000,2.87200000,2.92500000,4330985.60000000,12603716.35420000
1759982400000,2.92500000,2.95000000,2.88000000,2.88400000,2258198.80000000,6583482.99210000
1759996800000,2.88300000,2.89800000,2.83800000,2.87700000,3789350.70000000,10856906.70540000
1760011200000,2.87800000,2.93200000,2.82900000,2.84000000,3375218.60000000,9687832.89540000
1760025600000,2.83900000,2.87000000,2.80900000,2.86300000,2149062.60000000,6110903.88810000
1760040000000,2.86300000,2.91000000,2.84900000,2.88000000,1454029.30000000,4180223.09620000
1760054400000,2.88000000,2.98600000,2.87700000,2.96300000,2716696.10000000,7934694.37670000
1760068800000,2.96300000,3.12000000,2.96200000,2.98100000,8133338.70000000,24673466.45570000
1760083200000,2.98100000,3.16300000,2.96700000,3.15600000,7583366.60000000,23315091.85790000
1760097600000,3.15600000,3.22800000,3.01300000,3.05100000,15509461.20000000,48458778.06410000
1760112000000,3.05200000,3.12000000,2.93800000,2.96500000,9117940.00000000,27645808.39320000
1760126400000,2.96500000,2.98700000,1.55000000,2.38200000,36282440.20000000,89112045.02920000
1760140800000,2.38100000,2.50000000,2.31600000,2.40500000,10204583.80000000,24444396.02430000
1760155200000,2.40500000,2.48900000,2.38700000,2.46000000,6249640.80000000,15206544.50620000
1760169600000,2.46000000,2.58000000,2.45100000,2.48100000,6681165.90000000,16793620.41880000
1760184000000,2.48000000,2.48500000,2.37700000,2.39400000,5994852.10000000,14458108.85010000
1760198400000,2.39300000,2.40300000,2.25200000,2.27600000,5846480.40000000,13705192.59260000
1760212800000,2.27500000,2.30800000,2.18400000,2.30000000,6345637.10000000,14301584.85260000
1760227200000,2.30000000,2.30000000,2.21800000,2.26200000,3818232.10000000,8629146.28090000
1760241600000,2.26100000,2.34200000,2.25600000,2.32400000,3333216.80000000,7695944.67700000
1760256000000,2.32400000,2.33500000,2.26500000,2.28900000,2893684.30000000,6650288.28890000
1760270400000,2.28900000,2.44800000,2.23600000,2.43600000,10592565.20000000,24720207.95700000
1760284800000,2.43500000,2.51100000,2.41900000,2.50700000,7465446.30000000,18398537.05880000
1760299200000,2.50600000,2.51900000,2.43100000,2.45600000,3774635.70000000,9352518.12720000
1760313600000,2.45700000,2.48800000,2.41600000,2.44200000,3158850.50000000,7745039.19130000
1760328000000,2.44200000,2.52800000,2.41900000,2.48800000,3339983.70000000,8247024.41420000
1760342400000,2.48800000,2.55800000,2.41400000,2.46400000,6568877.40000000,16440274.42750000
1760356800000,2.46300000,2.57300000,2.44700000,2.53600000,6905172.00000000,17427897.67490000
1760371200000,2.53600000,2.66700000,2.50700000,2.65400000,5237586.30000000,13589242.65190000
1760385600000,2.65300000,2.68200000,2.60800000,2.61900000,2753140.30000000,7280774.88900000
1760400000000,2.61900000,2.63600000,2.53300000,2.55700000,3345376.80000000,8622984.26110000
1760414400000,2.55600000,2.57100000,2.37300000,2.40900000,6245686.60000000,15373809.32450000
1760428800000,2.40900000,2.45400000,2.35200000,2.40300000,4134768.60000000,9954437.85160000
1760443200000,2.40300000,2.47000000,2.33800000,2.46600000,5321567.00000000,12759413.09790000
1760457600000,2.46600000,2.50300000,2.41500000,2.45300000,5377850.90000000,13277842.13570000
1760472000000,2.45400000,2.48000000,2.43300000,2.46000000,2256731.90000000,5549230.58010000
1760486400000,2.46000000,2.49000000,2.42500000,2.44400000,1964961.40000000,4822553.71710000
1760500800000,2.44400000,2.47800000,2.42800000,2.47400000,1643027.60000000,4037201.71520000
1760515200000,2.47300000,2.52300000,2.40400000,2.41600000,2528972.40000000,6222027.28240000
1760529600000,2.41700000,2.42700000,2.33200000,2.34700000,5020211.70000000,11920902.63170000
1760544000000,2.34700000,2.38100000,2.32100000,2.33100000,4431819.90000000,10433741.00430000
1760558400000,2.33200000,2.34400000,2.29200000,2.32500000,2037424.60000000,4723527.40320000
1760572800000,2.32600000,2.35600000,2.31300000,2.33300000,1116239.40000000,2607192.49070000
1760587200000,2.33300000,2.35800000,2.31400000,2.32100000,1337120.90000000,3124285.84980000
1760601600000,2.32200000,2.37700000,2.23400000,2.36200000,3792325.60000000,8779776.53090000
1760616000000,2.36300000,2.38000000,2.24100000,2.24900000,4702210.00000000,10930846.25170000
1760630400000,2.24900000,2.30000000,2.19300000,2.21800000,3749418.90000000,8403445.00040000
1760644800000,2.21800000,2.23000000,2.18200000,2.19800000,2325391.70000000,5130389.46410000
1760659200000,2.19800000,2.23500000,2.19200000,2.23100000,1679073.70000000,3717080.93480000
1760673600000,2.23200000,2.23500000,2.08900000,2.09400000,5695395.70000000,12251479.98330000
1760688000000,2.09500000,2.19000000,2.05700000,2.16700000,6229022.80000000,13138033.96110000
1760702400000,2.16700000,2.18300000,2.11100000,2.17300000,3927231.30000000,8457711.52230000
1760716800000,2.17300000,2.20000000,2.13300000,2.14200000,2205454.00000000,4779073.72200000
1760731200000,2.14300000,2.17500000,2.13500000,2.14900000,1505408.70000000,3250602.93000000
1760745600000,2.14900000,2.18700000,2.14400000,2.17300000,1078884.50000000,2341579.06420000
1760760000000,2.17200000,2.18400000,2.13800000,2.15200000,1705607.10000000,3678238.28670000
1760774400000,2.15200000,2.17000000,2.14600000,2.16600000,1565460.90000000,3378865.02860000
1760788800000,2.16600000,2.17500000,2.12200000,2.13300000,1495314.00000000,3205447.73570000
1760803200000,2.13300000,2.15600000,2.11300000,2.15600000,983094.40000000,2100061.96930000
1760817600000,2.15500000,2.17600000,2.14800000,2.16700000,974838.30000000,2108733.66520000
1760832000000,2.16700000,2.18800000,2.15000000,2.18100000,1474760.50000000,3196726.34540000
1760846400000,2.18100000,2.18600000,2.15400000,2.16400000,587421.30000000,1275014.64610000
1760860800000,2.16400000,2.24600000,2.13300000,2.22200000,4901996.50000000,10726625.50120000
1760875200000,2.22300000,2.28600000,2.20500000,2.26400000,2501231.20000000,5637026.95260000
1760889600000,2.26500000,2.27700000,2.24100000,2.26800000,1614178.10000000,3651233.75240000
1760904000000,2.26900000,2.30200000,2.25300000,2.25800000,1586488.30000000,3608548.27030000
1760918400000,2.25800000,2.30500000,2.21300000,2.30000000,2098243.70000000,4704515.64480000
1760932800000,2.30000000,2.33900000,2.28500000,2.31200000,2415762.30000000,5574544.59590000
1760947200000,2.31100000,2.31900000,2.28600000,2.30800000,1370787.40000000,3153324.20290000
1760961600000,2.30800000,2.33200000,2.29300000,2.29500000,2252339.20000000,5213405.90050000
1760976000000,2.29400000,2.30100000,2.25000000,2.28900000,2833276.80000000,6441011.05560000
1760990400000,2.28900000,2.30400000,2.25400000,2.26000000,1417534.70000000,3225098.71430000
1761004800000,2.25900000,2.26800000,2.21700000,2.22200000,1235822.10000000,2771212.63550000
1761019200000,2.22200000,2.22500000,2.16300000,2.19700000,2246502.80000000,4913325.03930000
1761033600000,2.19700000,2.20700000,2.16400000,2.20300000,1543864.40000000,3370767.08270000
1761048000000,2.20300000,2.36500000,2.20000000,2.34700000,5611436.90000000,12829749.97050000
1761062400000,2.34700000,2.35500000,2.28700000,2.29900000,2870831.80000000,6658263.14130000
1761076800000,2.30000000,2.30300000,2.21300000,2.21700000,2671598.50000000,6029110.66190000
1761091200000,2.21700000,2.23500000,2.19900000,2.22000000,1360085.20000000,3015094.61710000
1761105600000,2.22000000,2.24600000,2.18900000,2.21500000,1860866.60000000,4119692.77170000
1761120000000,2.21500000,2.22300000,2.15700000,2.20100000,2908887.70000000,6379598.18910000
1761134400000,2.20100000,2.24200000,2.17800000,2.21000000,3134285.10000000,6911216.25290000
1761148800000,2.21000000,2.21300000,2.15900000,2.18300000,2516094.60000000,5501462.98880000
1761163200000,2.18200000,2.18600000,2.07600000,2.16400000,3873615.30000000,8281480.05180000
1761177600000,2.16400000,2.17300000,2.14600000,2.15000000,1220325.70000000,2635100.08960000
1761192000000,2.15000000,2.19900000,2.14400000,2.19400000,1822553.50000000,3967404.59880000
1761206400000,2.19400000,2.20700000,2.17300000,2.17500000,1356814.50000000,2977858.13570000
1761220800000,2.17600000,2.21400000,2.15300000,2.19700000,4774560.90000000,10382887.23030000
1761235200000,2.19700000,2.24400000,2.19500000,2.21000000,2290320.20000000,5077833.16030000
1761249600000,2.21000000,2.21100000,2.17200000,2.20200000,1353353.40000000,2966732.85350000
1761264000000,2.20200000,2.21900000,2.19200000,2.19800000,1074125.10000000,2368747.14620000
1761278400000,2.19800000,2.26700000,2.19300000,2.24400000,2281126.20000000,5115251.59690000
1761292800000,2.24400000,2.27100000,2.22200000,2.24400000,1328830.00000000,2987781.61080000
1761307200000,2.24400000,2.30400000,2.20800000,2.21600000,3162051.60000000,7125765.85680000
1761321600000,2.21600000,2.27400000,2.20200000,2.25600000,1191543.60000000,2663816.05580000
1761336000000,2.25600000,2.27700000,2.25300000,2.27300000,795179.90000000,1801863.95830000
1761350400000,2.27200000,2.27300000,2.23500000,2.23900000,1199131.60000000,2704845.16380000
1761364800000,2.23900000,2.25100000,2.22400000,2.22500000,850452.90000000,1901783.57540000
1761379200000,2.22600000,2.25300000,2.22500000,2.25100000,678161.10000000,1517648.67460000
1761393600000,2.25200000,2.28200000,2.25100000,2.27200000,1352698.30000000,3071617.06660000
1761408000000,2.27300000,2.29800000,2.26500000,2.29500000,1092394.60000000,2493041.17840000
1761422400000,2.29600000,2.29800000,2.27300000,2.27900000,767774.70000000,1754569.73600000
1761436800000,2.28000000,2.28200000,2.25300000,2.26800000,1127925.50000000,2556245.48500000
1761451200000,2.26800000,2.30800000,2.26600000,2.30200000,811623.30000000,1858976.80150000
1761465600000,2.30200000,2.36000000,2.30100000,2.35500000,2113651.30000000,4929351.40060000
1761480000000,2.35500000,2.36800000,2.33400000,2.36000000,1574703.90000000,3702607.47420000
1761494400000,2.36000000,2.36100000,2.33800000,2.34500000,887376.70000000,2082919.30350000
1761508800000,2.34500000,2.39400000,2.32300000,2.36900000,3401678.10000000,8071563.90840000
1761523200000,2.36900000,2.40100000,2.36400000,2.38900000,1526475.30000000,3645845.53880000
1761537600000,2.38900000,2.41900000,2.37700000,2.39600000,1355175.90000000,3252263.12690000
1761552000000,2.39600000,2.40800000,2.34600000,2.37300000,2230018.10000000,5289329.49950000
1761566400000,2.37200000,2.37400000,2.31100000,2.35700000,3257795.60000000,7631452.05310000
1761580800000,2.35700000,2.40300000,2.35700000,2.36000000,2251164.10000000,5363363.65080000
1761595200000,2.36000000,2.36300000,2.31600000,2.33200000,1472492.20000000,3449946.69270000
1761609600000,2.33200000,2.34500000,2.30100000,2.31800000,1532681.20000000,3564009.77420000
1761624000000,2.31700000,2.36200000,2.30500000,2.32700000,2001944.90000000,4669275.08640000
1761638400000,2.32800000,2.34300000,2.32000000,2.32300000,840404.60000000,1958419.41350000
1761652800000,2.32300000,2.38400000,2.28100000,2.32400000,3449429.60000000,8084907.58450000
1761667200000,2.32300000,2.35000000,2.25600000,2.26900000,1979808.10000000,4553291.64650000
1761681600000,2.26800000,2.26800000,2.20200000,2.23400000,3012918.60000000,6732037.26430000
1761696000000,2.23500000,2.25300000,2.22400000,2.23500000,971970.20000000,2172441.16330000
1761710400000,2.23400000,2.25400000,2.23300000,2.24800000,1114531.60000000,2499417.49010000
1761724800000,2.24800000,2.31100000,2.23600000,2.29600000,1883602.60000000,4294535.77160000
1761739200000,2.29700000,2.32400000,2.25200000,2.27000000,1705426.50000000,3920051.77640000
1761753600000,2.27000000,2.34900000,2.23000000,2.31500000,5646456.70000000,12939944.75290000
1761768000000,2.31500000,2.34000000,2.26400000,2.27600000,1554091.60000000,3585619.33670000
1761782400000,2.27600000,2.30700000,2.26300000,2.27800000,1209085.90000000,2767547.60670000
1761796800000,2.27900000,2.27900000,2.19300000,2.26100000,3593204.60000000,8027497.81700000
1761811200000,2.26100000,2.26100000,2.18600000,2.19200000,1935210.90000000,4296415.17090000
1761825600000,2.19100000,2.19400000,2.08800000,2.09600000,3302690.20000000,7059693.49630000
1761840000000,2.09500000,2.11300000,2.02900000,2.03600000,2798764.20000000,5793029.46740000
1761854400000,2.03500000,2.10200000,2.02900000,2.10000000,2261719.70000000,4674240.10480000
1761868800000,2.10000000,2.13100000,2.09200000,2.12100000,1681942.40000000,3556388.37570000
1761883200000,2.12100000,2.14200000,2.10200000,2.11000000,1361506.80000000,2888132.95750000
1761897600000,2.11000000,2.13100000,2.08900000,2.12900000,1349785.30000000,2839038.00970000
1761912000000,2.12800000,2.15900000,2.10300000,2.13700000,1793381.00000000,3819634.67080000
1761926400000,2.13700000,2.14100000,2.06900000,2.13200000,2401335.40000000,5044771.16330000
1761940800000,2.13200000,2.13500000,2.09400000,2.09900000,1010264.90000000,2129753.79590000
1761955200000,2.09900000,2.13100000,2.08700000,2.12900000,701165.10000000,1479176.77830000
1761969600000,2.12900000,2.14400000,2.10500000,2.13900000,1134972.60000000,2409521.32210000
1761984000000,2.13900000,2.16800000,2.13000000,2.16100000,1547090.10000000,3320542.38420000
1761998400000,2.16200000,2.18400000,2.14200000,2.16100000,2472612.20000000,5348432.40270000
1762012800000,2.16100000,2.17700000,2.15300000,2.16800000,976472.20000000,2112390.04690000
1762027200000,2.16900000,2.18300000,2.14800000,2.17400000,1347987.10000000,2923281.20230000
1762041600000,2.17300000,2.17400000,2.15300000,2.16000000,745756.70000000,1613209.50670000
1762056000000,2.15900000,2.19900000,2.15800000,2.19400000,1064487.60000000,2317910.11530000
1762070400000,2.19400000,2.19600000,2.14700000,2.18600000,1584945.00000000,3441283.46810000
1762084800000,2.18700000,2.18800000,2.10700000,2.12200000,1181938.50000000,2530704.97130000
1762099200000,2.12200000,2.14200000,2.10300000,2.12100000,654600.40000000,1389722.07330000
1762113600000,2.12200000,2.20200000,2.11200000,2.19000000,1512271.00000000,3259218.59590000
1762128000000,2.18900000,2.20400000,2.03800000,2.04100000,2538791.60000000,5383209.53590000
1762142400000,2.04000000,2.07100000,2.00300000,2.04100000,3048286.50000000,6193271.04930000
1762156800000,2.04000000,2.05500000,1.96900000,2.00200000,2855192.60000000,5743465.86430000
1762171200000,2.00200000,2.04500000,1.83000000,1.90100000,8611127.80000000,16668299.67850000
1762185600000,1.90100000,1.97200000,1.88800000,1.91100000,3741689.10000000,7241464.19140000
1762200000000,1.91100000,1.91700000,1.87700000,1.91200000,3039928.00000000,5779701.47340000
1762214400000,1.91200000,1.94600000,1.89200000,1.94200000,2213880.50000000,4262290.61080000
1762228800000,1.94300000,1.95000000,1.82500000,1.84000000,6418301.60000000,12005897.24320000
1762243200000,1.83900000,1.91500000,1.83200000,1.89400000,3603259.50000000,6791468.71680000
1762257600000,1.89400000,1.94200000,1.86400000,1.89700000,3967655.50000000,7551340.11930000
1762272000000,1.89700000,1.91300000,1.76600000,1.79600000,7186244.30000000,13135855.81960000
1762286400000,1.79700000,1.85700000,1.72000000,1.83100000,10470739.60000000,18630342.45450000
1762300800000,1.83100000,1.86700000,1.73600000,1.86200000,5702437.40000000,10339753.14720000
1762315200000,1.86200000,1.86900000,1.84000000,1.86300000,1835753.80000000,3404706.12010000
1762329600000,1.86300000,1.88500000,1.82900000,1.88100000,2539224.90000000,4716414.79090000
1762344000000,1.88000000,1.91100000,1.86800000,1.90900000,2778707.40000000,5248770.97410000
1762358400000,1.91000000,1.95400000,1.88900000,1.93600000,3060980.60000000,5895439.95750000
1762372800000,1.93600000,1.97200000,1.92700000,1.95100000,2553213.90000000,4964767.98740000
1762387200000,1.95100000,1.95500000,1.91200000,1.92300000,2740647.40000000,5301587.91190000
1762401600000,1.92300000,1.94400000,1.88900000,1.89800000,2115640.30000000,4050312.55780000
1762416000000,1.89700000,1.91200000,1.88800000,1.90200000,2063478.30000000,3920261.23800000
1762430400000,1.90200000,2.04000000,1.89700000,1.97100000,13766642.80000000,27267674.47750000
1762444800000,1.97100000,2.08500000,1.90600000,2.06800000,7060615.00000000,14153575.19570000
1762459200000,2.06800000,2.10400000,2.03800000,2.09700000,7178784.40000000,14881686.23750000
1762473600000,2.09700000,2.17100000,2.07800000,2.15500000,10716088.50000000,22729090.19050000
1762488000000,2.15500000,2.27400000,2.11900000,2.24500000,8439283.70000000,18733029.05160000
1762502400000,2.24500000,2.35700000,2.20900000,2.27800000,19168737.20000000,43828971.18850000
1762516800000,2.27900000,2.59100000,2.24900000,2.52200000,26589152.20000000,64323656.84310000
1762531200000,2.52200000,2.94500000,2.51300000,2.79400000,32735580.10000000,90251099.49960000
1762545600000,2.79300000,2.97300000,2.73900000,2.76800000,14658469.20000000,41380250.29610000
1762560000000,2.76800000,2.83700000,2.59800000,2.69000000,15305193.70000000,41734815.30730000
1762574400000,2.69100000,2.76200000,2.60400000,2.66300000,9710779.70000000,25882184.14510000
1762588800000,2.66300000,3.18500000,2.62200000,3.00900000,28952092.20000000,84212385.60900000
1762603200000,3.00900000,3.04200000,2.79000000,2.81100000,17312461.70000000,50236389.94270000
1762617600000,2.81100000,2.92500000,2.72500000,2.84700000,9720716.10000000,27385481.49180000
1762632000000,2.84700000,2.96400000,2.81400000,2.93700000,4738107.10000000,13589947.48080000
1762646400000,2.93700000,3.08400000,2.79000000,2.82000000,20969753.80000000,61894762.29990000
1762660800000,2.82000000,2.87500000,2.73500000,2.78200000,8439304.90000000,23563432.31170000
1762675200000,2.78200000,2.80100000,2.66700000,2.73000000,8557189.50000000,23374982.61850000
1762689600000,2.73000000,2.97100000,2.69000000,2.88400000,10530526.90000000,29850557.76750000
1762704000000,2.88500000,3.03000000,2.84400000,3.02500000,8529832.40000000,24983225.06900000
1762718400000,3.02400000,3.08300000,2.88300000,3.07500000,7440401.30000000,22143486.54180000
1762732800000,3.07500000,3.07600000,2.89800000,3.01600000,10555384.60000000,31337849.23090000
1762747200000,3.01600000,3.15000000,2.90600000,2.98200000,10984123.80000000,33504571.20670000
1762761600000,2.98200000,3.07000000,2.82900000,2.88300000,8609184.90000000,25250278.59770000
1762776000000,2.88300000,2.90400000,2.79200000,2.84200000,6634601.80000000,18921764.94720000
1762790400000,2.84200000,2.88400000,2.80700000,2.84800000,3415371.90000000,9731317.91070000
1762804800000,2.84800000,2.88200000,2.75000000,2.78700000,6901948.10000000,19262355.20790000
1762819200000,2.78800000,2.82600000,2.72800000,2.81600000,4577511.90000000,12694860.18160000
1762833600000,2.81600000,2.83600000,2.64700000,2.66100000,5976726.60000000,16349296.70960000
1762848000000,2.66100000,2.69600000,2.63300000,2.66500000,4005143.90000000,10674382.70800000
1762862400000,2.66600000,2.72900000,2.63500000,2.70900000,6406528.30000000,17152608.46930000
1762876800000,2.70900000,2.72400000,2.61400000,2.62200000,2686240.40000000,7161234.80680000
1762891200000,2.62200000,2.63100000,2.52900000,2.54800000,3537332.80000000,9137674.21000000
1762905600000,2.54800000,2.59600000,2.54000000,2.57700000,2694973.80000000,6927466.25890000
1762920000000,2.57700000,2.60600000,2.55700000,2.56500000,1594325.80000000,4113888.76260000
1762934400000,2.56500000,2.66400000,2.56200000,2.64000000,3397950.30000000,8954566.07960000
1762948800000,2.64100000,2.65900000,2.51000000,2.52900000,4372833.90000000,11267344.26370000
1762963200000,2.52900000,2.54000000,2.47800000,2.50500000,3943829.40000000,9879833.04730000
1762977600000,2.50400000,2.57400000,2.50000000,2.53500000,1730068.00000000,4406515.81650000
1762992000000,2.53400000,2.58300000,2.49700000,2.55500000,2381486.50000000,6049610.16900000
1763006400000,2.55500000,2.60500000,2.53800000,2.55800000,2477154.90000000,6382186.58170000
1763020800000,2.55900000,2.59400000,2.53600000,2.53900000,1273855.60000000,3262610.38580000
1763035200000,2.53900000,2.60300000,2.49800000,2.51900000,2542210.10000000,6491182.20430000
1763049600000,2.51900000,2.52700000,2.39200000,2.40900000,4647166.40000000,11349345.93500000
1763064000000,2.40800000,2.46900000,2.39200000,2.44800000,2243380.40000000,5440470.42960000
1763078400000,2.44800000,2.45000000,2.37300000,2.39000000,2545796.90000000,6151916.56890000
1763092800000,2.39000000,2.43800000,2.30600000,2.39800000,3650499.80000000,8685784.11930000
1763107200000,2.39700000,2.40100000,2.35400000,2.37200000,2534657.60000000,6016175.66090000
1763121600000,2.37200000,2.46300000,2.33300000,2.44100000,6413447.20000000,15430829.56940000
1763136000000,2.44200000,2.45200000,2.39200000,2.43800000,2518501.40000000,6102813.32880000
1763150400000,2.43900000,2.43900000,2.31700000,2.35500000,2542153.20000000,6032452.02670000
1763164800000,2.35500000,2.49300000,2.35200000,2.48000000,2888913.00000000,7012412.40590000
1763179200000,2.48100000,2.62400000,2.47400000,2.53400000,9302487.90000000,23804188.24300000
1763193600000,2.53300000,2.54000000,2.44700000,2.48800000,3553411.40000000,8826788.92450000
1763208000000,2.48800000,2.55600000,2.47600000,2.47900000,3451144.00000000,8680797.91270000
1763222400000,2.47900000,2.48700000,2.44700000,2.45400000,2179906.20000000,5369753.19750000
1763236800000,2.45500000,2.45600000,2.39000000,2.40700000,2066927.50000000,4991732.04680000
1763251200000,2.40800000,2.44400000,2.36400000,2.44200000,2387578.30000000,5741146.53390000
1763265600000,2.44200000,2.51000000,2.41900000,2.47400000,3651949.70000000,9033040.99580000
1763280000000,2.47300000,2.57200000,2.44800000,2.48300000,6009194.40000000,15097859.42940000
1763294400000,2.48200000,2.51500000,2.33800000,2.34200000,5347230.10000000,12992652.29750000
1763308800000,2.34300000,2.36100000,2.26600000,2.27600000,4774283.10000000,11041300.34010000
1763323200000,2.27600000,2.31900000,2.23000000,2.29000000,4860745.40000000,11041895.49670000
1763337600000,2.29000000,2.35200000,2.24900000,2.31600000,3867054.90000000,8945583.15250000
1763352000000,2.31600000,2.33500000,2.29500000,2.31800000,1897147.30000000,4392487.02560000
1763366400000,2.31800000,2.33700000,2.29200000,2.31100000,1667778.80000000,3855688.29420000
1763380800000,2.31000000,2.33800000,2.21800000,2.27300000,6095555.90000000,13877765.74110000
1763395200000,2.27300000,2.33400000,2.17500000,2.19800000,7240717.50000000,16244268.03390000
1763409600000,2.19700000,2.27200000,2.17600000,2.27000000,3470099.30000000,7679007.94020000
1763424000000,2.27100000,2.32900000,2.23200000,2.30700000,4681979.00000000,10661305.71800000
1763438400000,2.30800000,2.31000000,2.23000000,2.25800000,3884921.20000000,8821116.43780000
1763452800000,2.25800000,2.29600000,2.21600000,2.22100000,3920559.20000000,8844855.65680000
1763467200000,2.22200000,2.29300000,2.20100000,2.26100000,11374332.00000000,25573225.29580000
1763481600000,2.26200000,2.35500000,2.25300000,2.30500000,5144317.30000000,11859833.45210000
1763496000000,2.30600000,2.31200000,2.26600000,2.27600000,2252722.80000000,5164382.69660000
1763510400000,2.27600000,2.30900000,2.25100000,2.25900000,1868626.90000000,4263885.35570000
1763524800000,2.25800000,2.27100000,2.19000000,2.24300000,2959662.40000000,6571211.66420000
1763539200000,2.24200000,2.31000000,2.22400000,2.30100000,3237129.30000000,7344954.70210000
1763553600000,2.30200000,2.33700000,2.22300000,2.23200000,4488076.50000000,10204816.85920000
1763568000000,2.23200000,2.25400000,2.14900000,2.20000000,6222233.90000000,13690677.44060000
1763582400000,2.20000000,2.40700000,2.17800000,2.37700000,7956054.40000000,18307906.23710000
1763596800000,2.37700000,2.41400000,2.33800000,2.36000000,4342730.40000000,10299098.82290000
1763611200000,2.36000000,2.40000000,2.34900000,2.39700000,3257374.00000000,7729075.36880000
1763625600000,2.39700000,2.39800000,2.33300000,2.35300000,3316659.70000000,7837857.56790000
1763640000000,2.35300000,2.37400000,2.25500000,2.26000000,7004241.40000000,16257666.97990000
1763654400000,2.25900000,2.26200000,2.09800000,2.12100000,10448498.60000000,22590313.21270000
1763668800000,2.12200000,2.16600000,2.06600000,2.07400000,4371118.30000000,9234642.40500000
1763683200000,2.07400000,2.09000000,2.03600000,2.05300000,4623689.60000000,9548711.30430000
1763697600000,2.05300000,2.05900000,1.83200000,1.95300000,8464262.50000000,16732025.67370000
1763712000000,1.95200000,1.99100000,1.89400000,1.90000000,6148633.30000000,11980278.30350000
1763726400000,1.90100000,1.97200000,1.86300000,1.89200000,9384608.60000000,18040169.16900000
1763740800000,1.89200000,1.93300000,1.85200000,1.87200000,6236182.00000000,11802237.67570000
1763755200000,1.87100000,1.89100000,1.82100000,1.86400000,4062393.00000000,7523417.86380000
1763769600000,1.86400000,1.90200000,1.84100000,1.88000000,3233085.90000000,6075620.02220000
1763784000000,1.88000000,1.88300000,1.83100000,1.84700000,2902588.30000000,5380277.83590000
1763798400000,1.84700000,1.85700000,1.81200000,1.84000000,2921695.40000000,5354044.00000000
1763812800000,1.84000000,1.84800000,1.79800000,1.81600000,3845805.60000000,6996340.55690000
1763827200000,1.81600000,1.83400000,1.80000000,1.81100000,1827132.80000000,3319785.50010000
1763841600000,1.81100000,1.86900000,1.80000000,1.84100000,1611953.40000000,2952272.57860000
1763856000000,1.84200000,1.90900000,1.84200000,1.89800000,3330247.70000000,6270618.83160000
1763870400000,1.89800000,1.91500000,1.85000000,1.85800000,2035875.20000000,3825789.21190000
1763884800000,1.85700000,1.88200000,1.83100000,1.84800000,1787487.00000000,3325109.49170000
1763899200000,1.84800000,1.87900000,1.83900000,1.86200000,2121834.40000000,3942640.21250000
1763913600000,1.86200000,1.87000000,1.81400000,1.84900000,1738813.80000000,3199633.58230000
1763928000000,1.84900000,1.86600000,1.81800000,1.82200000,1857207.20000000,3425362.18130000
1763942400000,1.82200000,1.88800000,1.79800000,1.87300000,3296580.20000000,6085789.30950000
1763956800000,1.87300000,1.89300000,1.83400000,1.84800000,2230293.70000000,4150009.59230000
1763971200000,1.84800000,1.87100000,1.82400000,1.86600000,1596687.20000000,2945777.46080000
1763985600000,1.86600000,1.94700000,1.84600000,1.92800000,7157799.20000000,13644853.14410000
1764000000000,1.92700000,1.98800000,1.91700000,1.95100000,5478848.10000000,10709574.33530000
1764014400000,1.95100000,1.96900000,1.90500000,1.90500000,2685439.20000000,5204429.97660000
1764028800000,1.90500000,1.94900000,1.90000000,1.91000000,2481790.20000000,4768754.11280000
1764043200000,1.90900000,1.91600000,1.84600000,1.85000000,3131183.40000000,5883979.46440000
1764057600000,1.85100000,1.86700000,1.83900000,1.85600000,2455861.30000000,4555284.07250000
1764072000000,1.85600000,1.88300000,1.81700000,1.84300000,3474568.60000000,6437330.65520000
1764086400000,1.84300000,1.93600000,1.84000000,1.89200000,3922362.20000000,7413600.67440000
1764100800000,1.89300000,1.93500000,1.87100000,1.91300000,2561785.10000000,4881150.11770000
1764115200000,1.91300000,1.92800000,1.88000000,1.88300000,2029138.60000000,3868649.72290000
1764129600000,1.88300000,1.89800000,1.87200000,1.88900000,1691200.30000000,3183941.90640000
1764144000000,1.88900000,1.88900000,1.84500000,1.85800000,1482059.50000000,2762217.06930000
1764158400000,1.85800000,1.89100000,1.83600000,1.86000000,1845367.40000000,3444120.97030000
1764172800000,1.86000000,1.96000000,1.86000000,1.94400000,3578095.40000000,6877320.48920000
1764187200000,1.94300000,1.95100000,1.92800000,1.93700000,1354733.50000000,2625992.09300000
1764201600000,1.93800000,1.95500000,1.91300000,1.91600000,1963111.90000000,3796331.37080000
1764216000000,1.91600000,1.93900000,1.91400000,1.92600000,1034071.00000000,1989792.78840000
1764230400000,1.92500000,1.94400000,1.91400000,1.91800000,1789581.40000000,3451272.55670000
1764244800000,1.91800000,1.93700000,1.90100000,1.93500000,1898535.40000000,3639770.17240000
1764259200000,1.93400000,1.95100000,1.92800000,1.93900000,1352692.70000000,2625387.00440000
1764273600000,1.93900000,1.94500000,1.89900000,1.90600000,1282877.70000000,2462385.58480000
1764288000000,1.90700000,1.91900000,1.86800000,1.89100000,1418887.50000000,2680181.80050000
1764302400000,1.89000000,1.89500000,1.87300000,1.88700000,1092661.10000000,2057960.39000000
1764316800000,1.88700000,1.94000000,1.88500000,1.89800000,1884586.40000000,3610700.97080000
1764331200000,1.89800000,1.95600000,1.88900000,1.93300000,2493600.40000000,4795069.81680000
1764345600000,1.93400000,1.93700000,1.85000000,1.88800000,2745265.40000000,5178803.73430000
1764360000000,1.88700000,1.89000000,1.86400000,1.87900000,1088502.10000000,2042471.26240000
1764374400000,1.87900000,1.88600000,1.86500000,1.87900000,762941.30000000,1430925.48460000
1764388800000,1.87800000,1.90500000,1.87000000,1.87300000,1150070.60000000,2170541.66140000
1764403200000,1.87200000,1.89700000,1.86700000,1.89100000,1000696.00000000,1881849.11540000
1764417600000,1.89000000,1.89200000,1.86000000,1.87700000,1172372.00000000,2196955.46740000
1764432000000,1.87700000,1.87900000,1.83100000,1.84400000,1809818.20000000,3348078.98310000
1764446400000,1.84400000,1.85600000,1.83700000,1.85100000,600487.00000000,1108668.62470000
1764460800000,1.85100000,1.86600000,1.82600000,1.85400000,975042.70000000,1802737.00750000
1764475200000,1.85500000,1.85900000,1.83600000,1.85100000,650995.70000000,1203348.91120000
1764489600000,1.85100000,1.86100000,1.83500000,1.83600000,908428.40000000,1679138.68390000
1764504000000,1.83600000,1.86600000,1.82600000,1.84400000,1621252.50000000,3000484.85580000
1764518400000,1.84400000,1.86900000,1.84400000,1.85700000,1368167.80000000,2543458.07080000
1764532800000,1.85600000,1.86800000,1.80300000,1.80500000,1687234.90000000,3098019.91160000
1764547200000,1.80500000,1.81200000,1.66900000,1.67400000,7077640.90000000,12191142.79180000
1764561600000,1.67400000,1.68300000,1.64800000,1.66600000,2751427.40000000,4581400.74240000
1764576000000,1.66500000,1.67300000,1.62800000,1.63400000,2305903.90000000,3810877.00460000
1764590400000,1.63400000,1.64000000,1.58400000,1.61500000,4464692.00000000,7204512.34900000
1764604800000,1.61600000,1.62200000,1.59400000,1.60400000,2546437.70000000,4092540.29320000
1764619200000,1.60500000,1.64100000,1.60500000,1.62700000,2201325.40000000,3584900.60990000
1764633600000,1.62600000,1.66200000,1.62400000,1.65700000,1826225.30000000,2999729.72270000
1764648000000,1.65800000,1.68400000,1.65100000,1.68200000,2188371.10000000,3651483.61840000
1764662400000,1.68200000,1.72700000,1.66700000,1.72200000,3514842.50000000,5953704.42150000
1764676800000,1.72200000,1.83500000,1.72200000,1.82200000,6166480.80000000,10861058.26110000
1764691200000,1.82200000,1.83100000,1.79800000,1.80600000,3659262.50000000,6644345.98240000
1764705600000,1.80600000,1.82600000,1.78700000,1.80400000,1767641.50000000,3184069.92050000
1764720000000,1.80300000,1.82500000,1.78800000,1.81600000,2625924.20000000,4740248.63640000
1764734400000,1.81600000,1.84900000,1.80400000,1.81500000,3355219.60000000,6107278.06870000
1764748800000,1.81600000,1.82400000,1.78800000,1.80000000,1783540.40000000,3225633.64710000
1764763200000,1.80000000,1.81900000,1.75700000,1.80200000,4978145.00000000,8912074.04610000
1764777600000,1.80300000,1.83100000,1.78800000,1.82400000,2205482.70000000,3992376.14780000
1764792000000,1.82400000,1.87100000,1.81000000,1.84500000,2920228.90000000,5381905.80470000
1764806400000,1.84600000,1.87700000,1.83500000,1.86200000,2166331.30000000,4030018.37410000
1764820800000,1.86200000,1.88600000,1.84500000,1.85700000,2361190.60000000,4406357.22890000
1764835200000,1.85700000,1.90000000,1.85200000,1.86300000,2810061.00000000,5287212.84250000
1764849600000,1.86300000,1.86900000,1.81600000,1.83500000,2643311.30000000,4857545.23150000
1764864000000,1.83400000,1.83900000,1.74700000,1.79000000,3223560.60000000,5779440.28790000
1764878400000,1.78900000,1.81000000,1.77700000,1.79700000,1162792.80000000,2086914.30540000
1764892800000,1.79700000,1.81800000,1.79400000,1.79600000,1012116.00000000,1825897.24130000
1764907200000,1.79500000,1.79900000,1.77200000,1.79000000,1248213.00000000,2226820.42680000
1764921600000,1.79000000,1.79000000,1.72500000,1.73700000,3732341.20000000,6540341.70420000
1764936000000,1.73700000,1.75200000,1.69000000,1.71300000,4964405.00000000,8550547.42190000
1764950400000,1.71300000,1.71700000,1.65900000,1.68000000,4031174.50000000,6783154.77740000
1764964800000,1.68000000,1.69400000,1.66800000,1.68100000,1318327.00000000,2217553.97620000
1764979200000,1.68100000,1.69900000,1.67000000,1.68500000,1074540.30000000,1811350.67770000
1764993600000,1.68500000,1.69100000,1.66700000,1.68300000,1794577.90000000,3007666.18230000
1765008000000,1.68200000,1.71500000,1.68000000,1.70400000,2215755.10000000,3768614.51270000
1765022400000,1.70400000,1.74800000,1.70200000,1.70900000,2296005.10000000,3960548.29100000
1765036800000,1.71000000,1.74100000,1.70800000,1.71400000,1513836.20000000,2606201.32310000
1765051200000,1.71400000,1.72300000,1.69800000,1.70900000,952538.80000000,1629776.40730000
1765065600000,1.70900000,1.72900000,1.70700000,1.71800000,783352.10000000,1346317.47570000
1765080000000,1.71700000,1.72500000,1.70300000,1.70800000,812135.10000000,1391894.85300000
1765094400000,1.70800000,1.71700000,1.68200000,1.68800000,1170890.10000000,1983626.01760000
1765108800000,1.68900000,1.70100000,1.63900000,1.69900000,4588770.70000000,7653394.91050000
1765123200000,1.69800000,1.74800000,1.68400000,1.73800000,2919790.60000000,5023860.55790000
1765137600000,1.73900000,1.77300000,1.68300000,1.70200000,3206405.80000000,5528653.92510000
1765152000000,1.70200000,1.74200000,1.69100000,1.72400000,1724779.00000000,2961840.47250000
1765166400000,1.72400000,1.80100000,1.72400000,1.78100000,2019065.70000000,3564571.85110000
1765180800000,1.78200000,1.79700000,1.76700000,1.78000000,1489672.90000000,2653290.70910000
1765195200000,1.78000000,1.79300000,1.74400000,1.75500000,2828307.50000000,5007583.61540000
1765209600000,1.75400000,1.78700000,1.73900000,1.74900000,2967363.40000000,5232712.04110000
1765224000000,1.75000000,1.78000000,1.73600000,1.74500000,2213859.90000000,3892705.19690000
1765238400000,1.74500000,1.75200000,1.71300000,1.73300000,1688184.40000000,2920296.88070000
1765252800000,1.73400000,1.73600000,1.69800000,1.73300000,1623676.50000000,2783737.25340000
1765267200000,1.73300000,1.73500000,1.71200000,1.72600000,1012582.10000000,1742628.73350000
1765281600000,1.72600000,1.84200000,1.72100000,1.83500000,5220808.40000000,9304117.36350000
1765296000000,1.83500000,1.88500000,1.83500000,1.84800000,6732153.40000000,12525232.56750000
1765310400000,1.84800000,1.85000000,1.78400000,1.81100000,2307915.30000000,4196800.59060000
1765324800000,1.81000000,1.81500000,1.78800000,1.79600000,1303042.20000000,2344389.40590000
1765339200000,1.79600000,1.80100000,1.77200000,1.78300000,1228020.60000000,2196046.07660000
1765353600000,1.78200000,1.78300000,1.74300000,1.75300000,3548050.70000000,6243887.25830000
1765368000000,1.75300000,1.76500000,1.73500000,1.75700000,2943783.90000000,5144008.81000000
1765382400000,1.75700000,1.82300000,1.75100000,1.81500000,4512436.20000000,8092401.60150000
1765396800000,1.81500000,1.86400000,1.74800000,1.76000000,4871686.40000000,8778235.17630000
1765411200000,1.76000000,1.76300000,1.65900000,1.66700000,3567115.50000000,6056509.49360000
1765425600000,1.66700000,1.69600000,1.65900000,1.67400000,1875295.80000000,3151147.53140000
1765440000000,1.67400000,1.67800000,1.65100000,1.66500000,1469781.40000000,2446962.70700000
1765454400000,1.66400000,1.67500000,1.64600000,1.65400000,2819727.80000000,4681774.71530000
1765468800000,1.65400000,1.68300000,1.62700000,1.66100000,3956739.90000000,6527354.44380000
1765483200000,1.66100000,1.72600000,1.66000000,1.67300000,3213997.20000000,5442413.68360000
1765497600000,1.67400000,1.69900000,1.64600000,1.68200000,2242209.00000000,3747110.56190000
1765512000000,1.68100000,1.72000000,1.67200000,1.70400000,2176926.10000000,3698984.99860000
1765526400000,1.70400000,1.70900000,1.68600000,1.70200000,1568129.50000000,2664057.85140000
1765540800000,1.70200000,1.70800000,1.60000000,1.61000000,4881038.30000000,8114243.15470000
1765555200000,1.60900000,1.63200000,1.58400000,1.61100000,3705938.90000000,5957546.45260000
1765569600000,1.61100000,1.63900000,1.60900000,1.63700000,1166129.80000000,1892707.06040000
1765584000000,1.63800000,1.65400000,1.63200000,1.64900000,936876.60000000,1536163.35760000
1765598400000,1.65000000,1.65900000,1.64300000,1.65000000,851204.40000000,1404210.85920000
1765612800000,1.65100000,1.68500000,1.65100000,1.67600000,1540618.20000000,2574241.68240000
1765627200000,1.67600000,1.67800000,1.64900000,1.65600000,1496432.60000000,2486006.19650000
1765641600000,1.65700000,1.67000000,1.65300000,1.66100000,730450.20000000,1211948.95620000
1765656000000,1.66100000,1.66700000,1.63900000,1.66400000,1127715.50000000,1863965.63450000
1765670400000,1.66400000,1.67000000,1.64800000,1.65100000,699463.50000000,1159959.80190000
1765684800000,1.65000000,1.65100000,1.62800000,1.63300000,1113723.90000000,1821162.25480000
1765699200000,1.63400000,1.63900000,1.60800000,1.62400000,1685885.50000000,2740913.40070000
1765713600000,1.62400000,1.63600000,1.60300000,1.60900000,1754814.00000000,2839576.40510000
1765728000000,1.60900000,1.62200000,1.58700000,1.59600000,1477019.40000000,2364097.21570000
1765742400000,1.59600000,1.60700000,1.57000000,1.59100000,2275877.00000000,3616367.93100000
1765756800000,1.59100000,1.64700000,1.58800000,1.62500000,1621286.60000000,2621496.73390000
1765771200000,1.62500000,1.63900000,1.61500000,1.62000000,919240.00000000,1497318.14660000
1765785600000,1.62000000,1.63300000,1.61400000,1.61900000,1209746.30000000,1963675.50270000
1765800000000,1.61800000,1.62600000,1.52700000,1.53400000,6283724.00000000,9860444.90060000
1765814400000,1.53300000,1.54000000,1.48900000,1.52700000,5158310.20000000,7833541.95040000
1765828800000,1.52600000,1.55400000,1.51100000,1.54500000,2167538.70000000,3326115.76350000
1765843200000,1.54500000,1.55300000,1.53100000,1.54300000,1731392.90000000,2668478.14530000
1765857600000,1.54400000,1.54600000,1.51600000,1.52100000,2079878.90000000,3189651.11300000
1765872000000,1.52100000,1.55500000,1.51800000,1.54400000,2257962.00000000,3463041.96300000
1765886400000,1.54400000,1.56300000,1.50600000,1.55800000,5780970.50000000,8864079.19520000
1765900800000,1.55800000,1.60000000,1.54900000,1.58200000,4139611.00000000,6486616.27220000
1765915200000,1.58200000,1.62000000,1.56200000,1.57000000,2330092.20000000,3710061.29300000
1765929600000,1.56900000,1.57500000,1.55400000,1.55600000,1337149.00000000,2090469.16650000
1765944000000,1.55600000,1.56000000,1.53600000,1.54800000,1246860.70000000,1931394.27790000
1765958400000,1.54700000,1.54900000,1.52800000,1.53800000,1289248.60000000,1983140.31260000
1765972800000,1.53900000,1.61500000,1.51800000,1.53900000,5815888.00000000,9081459.38460000
1765987200000,1.53800000,1.54900000,1.46700000,1.48600000,7236945.30000000,10834584.20480000
1766001600000,1.48700000,1.49900000,1.46800000,1.48100000,1464348.00000000,2172779.83570000
1766016000000,1.48100000,1.48700000,1.46100000,1.46500000,2100173.60000000,3099945.89180000
1766030400000,1.46600000,1.47800000,1.45200000,1.47600000,1611160.50000000,2359871.26730000
1766044800000,1.47600000,1.48900000,1.46500000,1.47500000,2028761.30000000,2997363.48800000
1766059200000,1.47600000,1.58900000,1.47000000,1.56700000,5858480.60000000,8942241.92570000
1766073600000,1.56700000,1.60000000,1.42500000,1.42800000,8517725.00000000,12897244.66770000
1766088000000,1.42900000,1.45600000,1.41900000,1.42700000,7950983.90000000,11412752.95740000
1766102400000,1.42800000,1.48600000,1.40500000,1.47500000,3446446.60000000,4948737.90190000
1766116800000,1.47600000,1.50500000,1.46100000,1.49300000,2470552.20000000,3655910.12400000
1766131200000,1.49300000,1.51000000,1.48300000,1.50800000,1539765.80000000,2302036.55240000
1766145600000,1.50700000,1.54200000,1.48700000,1.51400000,6337892.70000000,9565200.28600000
1766160000000,1.51500000,1.56000000,1.50200000,1.55100000,3570993.00000000,5456407.55060000
1766174400000,1.55100000,1.56000000,1.53500000,1.53900000,1699902.40000000,2628954.03980000
1766188800000,1.53900000,1.53900000,1.51200000,1.51600000,1076690.20000000,1638093.44190000
1766203200000,1.51600000,1.53900000,1.50500000,1.53400000,1587133.40000000,2409551.64880000
1766217600000,1.53300000,1.54600000,1.51400000,1.52200000,1161129.10000000,1777747.12540000
1766232000000,1.52200000,1.52300000,1.50500000,1.51800000,1344400.50000000,2036029.83430000
1766246400000,1.51800000,1.52600000,1.51400000,1.51800000,724584.70000000,1100895.38270000
1766260800000,1.51700000,1.52700000,1.51500000,1.52300000,1100458.70000000,1673104.28080000
1766275200000,1.52300000,1.52900000,1.49200000,1.50600000,1527275.80000000,2301026.05420000
1766289600000,1.50600000,1.52100000,1.50600000,1.51600000,670062.50000000,1013603.96390000
1766304000000,1.51600000,1.53600000,1.51000000,1.51400000,1322098.00000000,2014168.16090000
1766318400000,1.51500000,1.52300000,1.45300000,1.46400000,3073463.50000000,4546773.35710000
1766332800000,1.46300000,1.49100000,1.45600000,1.48900000,1397967.60000000,2059112.39790000
1766347200000,1.48900000,1.52800000,1.46700000,1.50900000,2112025.30000000,3165526.85330000
1766361600000,1.51000000,1.54300000,1.49300000,1.51600000,3039227.20000000,4611082.42590000
1766376000000,1.51700000,1.53800000,1.51600000,1.53500000,1698523.60000000,2595793.96330000
1766390400000,1.53500000,1.57000000,1.53400000,1.56000000,2459922.90000000,3836400.73610000
1766404800000,1.56000000,1.58700000,1.54300000,1.55800000,3275481.60000000,5128972.16280000
1766419200000,1.55800000,1.57400000,1.50400000,1.50400000,2119295.80000000,3270866.56270000
1766433600000,1.50500000,1.52100000,1.49200000,1.50500000,1964635.10000000,2952403.46610000
1766448000000,1.50500000,1.52600000,1.47700000,1.49400000,2592140.00000000,3887498.45750000
1766462400000,1.49300000,1.50000000,1.47300000,1.47800000,1519175.10000000,2254555.88010000
1766476800000,1.47800000,1.49900000,1.47300000,1.49300000,830238.40000000,1234398.97310000
1766491200000,1.49200000,1.50000000,1.46200000,1.48800000,3096540.40000000,4591131.78720000
1766505600000,1.48700000,1.53200000,1.48400000,1.50600000,2967280.40000000,4471233.91000000
1766520000000,1.50600000,1.53000000,1.48300000,1.48600000,1171436.70000000,1761369.12680000
1766534400000,1.48600000,1.48900000,1.45300000,1.47100000,1827006.50000000,2684932.66670000
1766548800000,1.47100000,1.48000000,1.44300000,1.44300000,2004778.20000000,2920876.43150000
1766563200000,1.44300000,1.45400000,1.44000000,1.44700000,1115432.10000000,1613127.48040000
1766577600000,1.44600000,1.47000000,1.43600000,1.46800000,2314328.80000000,3367716.41000000
1766592000000,1.46800000,1.47200000,1.44400000,1.45900000,1458534.60000000,2126702.65750000
1766606400000,1.45900000,1.47500000,1.45200000,1.45500000,1160540.60000000,1698494.89580000
1766620800000,1.45500000,1.50300000,1.45400000,1.49800000,1960566.10000000,2905802.47050000
1766635200000,1.49800000,1.51300000,1.48600000,1.50100000,1625099.20000000,2434465.63750000
1766649600000,1.50100000,1.51100000,1.46300000,1.47200000,1638651.00000000,2433957.21960000
1766664000000,1.47100000,1.50700000,1.46800000,1.50000000,1678536.60000000,2497640.47040000
1766678400000,1.50000000,1.51000000,1.48200000,1.50500000,1675559.10000000,2510837.14460000
1766692800000,1.50500000,1.50600000,1.43300000,1.43900000,1932045.40000000,2827706.54440000
1766707200000,1.43800000,1.54200000,1.43200000,1.52700000,5649980.50000000,8460695.16270000
1766721600000,1.52700000,1.56300000,1.51700000,1.52300000,2665886.30000000,4105865.18920000
1766736000000,1.52400000,1.53700000,1.51700000,1.52600000,1164603.80000000,1778194.31640000
1766750400000,1.52600000,1.53500000,1.48700000,1.51300000,4063965.70000000,6134334.76730000
1766764800000,1.51300000,1.53100000,1.49900000,1.52600000,2022756.20000000,3059697.13100000
1766779200000,1.52500000,1.52900000,1.51400000,1.51900000,722335.10000000,1098615.43180000
1766793600000,1.51800000,1.53900000,1.51100000,1.53800000,906626.70000000,1380475.54030000
1766808000000,1.53900000,1.54600000,1.51800000,1.51900000,1059333.10000000,1619421.89170000
1766822400000,1.51900000,1.53500000,1.50200000,1.53300000,1589568.40000000,2410216.53480000
1766836800000,1.53300000,1.55400000,1.52600000,1.55200000,1678123.50000000,2579073.48690000
1766851200000,1.55300000,1.58300000,1.54700000,1.55000000,1918914.10000000,2992290.43990000
1766865600000,1.55000000,1.60400000,1.54700000,1.59500000,2054133.80000000,3234612.01000000
1766880000000,1.59500000,1.59800000,1.58500000,1.59200000,964238.80000000,1533891.39090000
1766894400000,1.59200000,1.61500000,1.59200000,1.60500000,1090576.20000000,1747566.70140000
1766908800000,1.60500000,1.61500000,1.58700000,1.59500000,1082338.70000000,1733881.30200000
1766923200000,1.59500000,1.59600000,1.56900000,1.59000000,1405720.80000000,2227540.15270000
1766937600000,1.59000000,1.59300000,1.55500000,1.55700000,2016140.60000000,3167945.97220000
1766952000000,1.55600000,1.58600000,1.55300000,1.58200000,1490139.60000000,2335599.47570000
1766966400000,1.58200000,1.61200000,1.57800000,1.60500000,2298410.10000000,3669930.47170000
1766980800000,1.60600000,1.60900000,1.57400000,1.58500000,1357029.00000000,2158516.87640000
1766995200000,1.58600000,1.58600000,1.53300000,1.54000000,3051441.70000000,4736879.66130000
1767009600000,1.54000000,1.54300000,1.51100000,1.52600000,3827618.40000000,5840394.44170000
1767024000000,1.52600000,1.53300000,1.51300000,1.51800000,1750965.10000000,2669127.08810000
1767038400000,1.51800000,1.53000000,1.51200000,1.52400000,899304.10000000,1368693.78800000
1767052800000,1.52400000,1.53400000,1.51200000,1.52500000,1082447.80000000,1649702.64600000
1767067200000,1.52500000,1.53600000,1.51500000,1.53100000,776300.00000000,1186279.69840000
1767081600000,1.53100000,1.56200000,1.53100000,1.54500000,1745422.10000000,2701349.41590000
1767096000000,1.54600000,1.55800000,1.52600000,1.54800000,1989222.20000000,3064579.86280000
1767110400000,1.54800000,1.55200000,1.51600000,1.53000000,1649031.60000000,2525503.26790000
1767124800000,1.52900000,1.53000000,1.51200000,1.51600000,870218.10000000,1320816.48780000
1767139200000,1.51500000,1.53100000,1.50400000,1.51800000,902126.10000000,1368415.68940000
1767153600000,1.51900000,1.52600000,1.51400000,1.51900000,589778.60000000,896396.75920000
1767168000000,1.52000000,1.52600000,1.49700000,1.51900000,1185826.20000000,1792196.04540000
1767182400000,1.51900000,1.53000000,1.50600000,1.50800000,1644049.10000000,2494584.10490000
1767196800000,1.50900000,1.51000000,1.47000000,1.49000000,1944850.00000000,2894255.23740000
1767211200000,1.48900000,1.53000000,1.47800000,1.51400000,1922050.50000000,2899339.98070000
1767225600000,1.51400000,1.52900000,1.50600000,1.50700000,998357.30000000,1514811.13270000
1767240000000,1.50700000,1.51500000,1.50100000,1.51200000,655760.80000000,988712.24160000
1767254400000,1.51200000,1.53500000,1.51100000,1.53000000,910153.80000000,1385185.01390000
1767268800000,1.53100000,1.58400000,1.52200000,1.57400000,2942173.90000000,4570121.91780000
1767283200000,1.57400000,1.61400000,1.57100000,1.61300000,2826499.00000000,4494063.90130000
1767297600000,1.61300000,1.63400000,1.59900000,1.62700000,3194344.00000000,5169918.63140000
1767312000000,1.62800000,1.66200000,1.62400000,1.65600000,2889298.20000000,4746242.01300000
1767326400000,1.65600000,1.65900000,1.62800000,1.62900000,1397047.00000000,2298244.10800000
1767340800000,1.62900000,1.66500000,1.62800000,1.63700000,2365857.30000000,3893929.29940000
1767355200000,1.63600000,1.65400000,1.61400000,1.63700000,3171030.00000000,5190371.81690000
1767369600000,1.63700000,1.69200000,1.63200000,1.68500000,3099693.20000000,5151765.72830000
1767384000000,1.68500000,1.69700000,1.67400000,1.69200000,1999606.20000000,3369299.30990000
1767398400000,1.69200000,1.71200000,1.68400000,1.70900000,1865825.70000000,3165363.52070000
1767412800000,1.70900000,1.71900000,1.65700000,1.66900000,2340437.90000000,3954327.71530000
1767427200000,1.66800000,1.68000000,1.66000000,1.67500000,1550293.20000000,2587097.71510000
1767441600000,1.67400000,1.70700000,1.67200000,1.68100000,1275585.90000000,2160129.95070000
1767456000000,1.68200000,1.71300000,1.68100000,1.70500000,1014706.20000000,1725551.81850000
1767470400000,1.70400000,1.71800000,1.69400000,1.71100000,820670.60000000,1400409.55320000
1767484800000,1.71000000,1.73200000,1.69300000,1.71300000,2052723.10000000,3512651.15080000
1767499200000,1.71300000,1.71700000,1.69200000,1.71300000,1441901.40000000,2459498.15470000
1767513600000,1.71300000,1.73100000,1.69900000,1.72400000,1633639.90000000,2804553.82140000
1767528000000,1.72400000,1.74200000,1.70800000,1.73500000,1965065.70000000,3392539.21250000
1767542400000,1.73500000,1.74300000,1.70500000,1.72400000,1707681.10000000,2949409.06040000
1767556800000,1.72400000,1.73600000,1.71100000,1.72800000,1078177.70000000,1860457.52900000
1767571200000,1.72800000,1.79900000,1.72300000,1.79300000,4100879.30000000,7214321.64300000
1767585600000,1.79300000,1.80100000,1.73300000,1.74800000,3210898.70000000,5666419.01470000
1767600000000,1.74800000,1.76000000,1.70900000,1.72000000,3193396.70000000,5503031.38890000
1767614400000,1.71900000,1.76500000,1.71200000,1.75800000,3807164.90000000,6604906.76410000
1767628800000,1.75900000,1.78300000,1.72200000,1.76700000,3501918.00000000,6158884.28090000
1767643200000,1.76800000,1.79800000,1.75400000,1.77400000,3478631.40000000,6185059.26460000
1767657600000,1.77300000,1.78900000,1.74600000,1.77900000,3137006.10000000,5556489.03860000
1767672000000,1.77800000,1.79800000,1.75000000,1.75800000,3333112.00000000,5932748.57960000
1767686400000,1.75900000,1.82700000,1.75800000,1.82200000,3092061.80000000,5524821.33650000
1767700800000,1.82100000,1.84100000,1.78300000,1.79500000,4769702.90000000,8682139.94600000
1767715200000,1.79500000,1.80600000,1.72900000,1.75200000,7457741.40000000,13145971.29770000
1767729600000,1.75200000,1.82800000,1.75200000,1.80800000,2664132.10000000,4794117.92560000
1767744000000,1.80800000,1.80900000,1.75200000,1.77200000,3227246.80000000,5721655.88220000
1767758400000,1.77200000,1.79000000,1.75500000,1.79000000,2222661.50000000,3925850.95340000
1767772800000,1.79000000,1.80400000,1.75800000,1.77400000,3302994.70000000,5866564.77330000
1767787200000,1.77300000,1.77400000,1.71000000,1.71900000,4210610.00000000,7301884.71040000
1767801600000,1.71900000,1.73700000,1.71100000,1.73100000,2186240.00000000,3768997.20340000
1767816000000,1.73100000,1.73300000,1.70300000,1.72200000,1333606.00000000,2295527.00090000
1767830400000,1.72200000,1.72900000,1.69800000,1.70100000,1705041.40000000,2928404.00750000
1767844800000,1.70100000,1.71900000,1.66700000,1.70900000,2987115.20000000,5063963.57020000
1767859200000,1.71000000,1.72000000,1.67600000,1.69100000,2889015.00000000,4894362.17440000
1767873600000,1.69000000,1.71600000,1.65700000,1.71400000,3353574.40000000,5633370.01610000
1767888000000,1.71500000,1.71900000,1.67900000,1.68500000,3795629.40000000,6435957.25500000
1767902400000,1.68500000,1.70700000,1.66500000,1.68600000,1222127.50000000,2059759.37230000
1767916800000,1.68600000,1.70900000,1.67300000,1.69600000,2535891.20000000,4281274.48610000
1767931200000,1.69500000,1.70800000,1.68500000,1.69600000,1338679.10000000,2271024.77320000
1767945600000,1.69700000,1.69900000,1.66100000,1.68300000,1784134.20000000,2997208.26460000
1767960000000,1.68300000,1.74900000,1.66900000,1.72300000,4587054.50000000,7820665.98030000
1767974400000,1.72400000,1.75700000,1.67700000,1.68500000,3506159.90000000,6019985.94750000
1767988800000,1.68500000,1.71600000,1.68300000,1.70300000,1619567.30000000,2751257.78110000
1768003200000,1.70300000,1.70500000,1.67700000,1.68700000,1391106.60000000,2352420.13990000
1768017600000,1.68700000,1.70700000,1.67400000,1.70300000,1151682.30000000,1942718.95150000
1768032000000,1.70300000,1.71600000,1.69800000,1.71300000,980814.10000000,1675056.18960000
1768046400000,1.71400000,1.73300000,1.70500000,1.70800000,878413.10000000,1509853.64600000
1768060800000,1.70800000,1.71500000,1.68900000,1.71400000,738276.00000000,1256919.82440000
1768075200000,1.71500000,1.71700000,1.68200000,1.68900000,609672.00000000,1035032.63600000
1768089600000,1.68900000,1.69800000,1.68400000,1.69400000,588035.50000000,994836.30750000
1768104000000,1.69300000,1.69600000,1.68000000,1.69000000,742536.40000000,1253495.44910000
1768118400000,1.69000000,1.70500000,1.68600000,1.70400000,820339.30000000,1393517.70820000
1768132800000,1.70400000,1.72300000,1.68800000,1.69500000,1593942.80000000,2722563.15070000
1768147200000,1.69500000,1.73900000,1.69300000,1.72100000,2136773.10000000,3671563.55740000
1768161600000,1.72000000,1.72000000,1.67100000,1.70200000,2231497.90000000,3779184.99910000
1768176000000,1.70300000,1.77000000,1.67600000,1.73600000,4276569.50000000,7369937.99340000
1768190400000,1.73600000,1.76000000,1.71600000,1.71700000,3036659.80000000,5293537.97360000
1768204800000,1.71700000,1.72300000,1.66500000,1.68300000,2899048.40000000,4886390.23620000
1768219200000,1.68200000,1.72100000,1.64400000,1.71500000,3159096.40000000,5300336.37140000
1768233600000,1.71400000,1.73900000,1.68100000,1.69600000,2773102.60000000,4734789.43150000
1768248000000,1.69600000,1.71100000,1.66300000,1.67500000,1177542.50000000,1980164.16490000
1768262400000,1.67400000,1.72600000,1.67300000,1.69700000,1954368.20000000,3324493.48810000
1768276800000,1.69600000,1.75100000,1.69600000,1.74000000,2304129.60000000,3981628.02760000
1768291200000,1.73900000,1.80000000,1.72800000,1.76800000,5751929.30000000,10153426.17530000
1768305600000,1.76800000,1.82600000,1.75500000,1.81200000,5239868.10000000,9385194.10110000
1768320000000,1.81200000,1.85400000,1.80500000,1.84800000,4228452.00000000,7733959.95990000
1768334400000,1.84900000,1.89400000,1.81800000,1.85900000,4348242.50000000,8084038.38700000
1768348800000,1.86000000,1.87800000,1.84900000,1.85900000,2399239.70000000,4475152.38650000
1768363200000,1.85900000,1.86100000,1.82300000,1.84000000,2205403.60000000,4060010.33680000
1768377600000,1.84000000,1.86400000,1.82600000,1.82900000,2210239.40000000,4086766.69590000
1768392000000,1.83000000,1.85400000,1.80800000,1.84300000,3430932.30000000,6288348.35770000
1768406400000,1.84400000,1.86400000,1.79900000,1.82300000,4261264.60000000,7788029.46340000
1768420800000,1.82400000,1.83400000,1.78700000,1.79900000,2244226.40000000,4061805.98930000
1768435200000,1.80000000,1.81500000,1.74300000,1.75000000,3496819.50000000,6239020.63900000
1768449600000,1.75000000,1.79000000,1.74500000,1.78400000,1500758.10000000,2646338.86470000
1768464000000,1.78300000,1.80100000,1.76800000,1.79100000,1793211.50000000,3201150.34340000
1768478400000,1.79000000,1.81400000,1.72000000,1.74600000,3790253.30000000,6695950.47370000
1768492800000,1.74500000,1.75500000,1.69800000,1.71300000,3080217.10000000,5318031.34980000
1768507200000,1.71400000,1.72900000,1.69900000,1.72200000,1487627.90000000,2552290.35550000
1768521600000,1.72200000,1.73100000,1.70200000,1.71700000,1184833.40000000,2034199.68620000
1768536000000,1.71700000,1.75100000,1.70700000,1.74500000,1297329.00000000,2246029.80520000
1768550400000,1.74500000,1.75600000,1.72000000,1.72900000,1356733.10000000,2357685.71400000
1768564800000,1.72900000,1.73000000,1.67600000,1.68800000,2434212.90000000,4151880.25460000
1768579200000,1.68700000,1.70400000,1.67400000,1.69200000,2484974.80000000,4196761.30990000
1768593600000,1.69200000,1.74500000,1.68300000,1.73100000,2124594.40000000,3662175.89400000
1768608000000,1.73200000,1.74000000,1.72300000,1.72800000,836142.40000000,1448328.90520000
1768622400000,1.72800000,1.77300000,1.72100000,1.77100000,1155514.40000000,2022530.33270000
1768636800000,1.77200000,1.80300000,1.76400000,1.76700000,3464634.60000000,6182283.94360000
1768651200000,1.76700000,1.81000000,1.76600000,1.78800000,2299445.70000000,4117488.02300000
1768665600000,1.78900000,1.79400000,1.76700000,1.78500000,1570040.20000000,2795830.42190000
1768680000000,1.78500000,1.78700000,1.74700000,1.75100000,1365359.40000000,2409806.54550000
1768694400000,1.75100000,1.76800000,1.71600000,1.72300000,2252249.70000000,3909757.72420000
1768708800000,1.72200000,1.72300000,1.70000000,1.70900000,1439652.80000000,2465479.24570000
1768723200000,1.70900000,1.71600000,1.69900000,1.70900000,1239666.50000000,2117026.54970000
1768737600000,1.70900000,1.72300000,1.69100000,1.72100000,2298979.00000000,3924088.27770000
1768752000000,1.72100000,1.74200000,1.71100000,1.72000000,2727887.30000000,4714072.69290000
1768766400000,1.71900000,1.73700000,1.62400000,1.62900000,3272247.70000000,5488105.11870000
1768780800000,1.62800000,1.62800000,1.44900000,1.59400000,15295052.20000000,23733695.31000000
1768795200000,1.59400000,1.59700000,1.55400000,1.56100000,5296142.90000000,8325290.32370000
1768809600000,1.56100000,1.58300000,1.55000000,1.55500000,2492934.10000000,3901926.62890000
1768824000000,1.55500000,1.57100000,1.54600000,1.56300000,2146295.70000000,3345116.92480000
1768838400000,1.56300000,1.62100000,1.56100000,1.60700000,2401060.40000000,3809262.55420000
1768852800000,1.60700000,1.60800000,1.57300000,1.59700000,2030802.70000000,3237515.65500000
1768867200000,1.59800000,1.60400000,1.57800000,1.58800000,2084253.50000000,3318335.41530000
1768881600000,1.58700000,1.59000000,1.55200000,1.55300000,2835961.20000000,4457660.17200000
1768896000000,1.55300000,1.56400000,1.53300000,1.53800000,2225094.40000000,3441232.01400000
1768910400000,1.53800000,1.56600000,1.51900000,1.52800000,4583181.80000000,7051290.69540000
1768924800000,1.52800000,1.53800000,1.50700000,1.52000000,3791619.50000000,5774025.40660000
1768939200000,1.51900000,1.52900000,1.48900000,1.50600000,2044982.80000000,3089117.44580000
1768953600000,1.50600000,1.55300000,1.50400000,1.54300000,1923808.90000000,2956298.11720000
1768968000000,1.54300000,1.54900000,1.52900000,1.53300000,1074830.30000000,1653246.09990000
1768982400000,1.53300000,1.53900000,1.50800000,1.51500000,1415944.00000000,2157853.59960000
1768996800000,1.51400000,1.56200000,1.49600000,1.55300000,4145755.10000000,6338364.86120000
1769011200000,1.55300000,1.57000000,1.48300000,1.56900000,4452683.90000000,6782300.72750000
1769025600000,1.57000000,1.57400000,1.52400000,1.52900000,2124494.20000000,3306073.69670000
1769040000000,1.52900000,1.55600000,1.52900000,1.53700000,1578700.90000000,2436221.43780000
1769054400000,1.53700000,1.55900000,1.53700000,1.54700000,881659.20000000,1364572.13350000
1769068800000,1.54700000,1.55900000,1.53100000,1.53200000,1266844.00000000,1960474.44140000
1769083200000,1.53100000,1.54100000,1.49600000,1.51200000,2402960.10000000,3647493.86180000
1769097600000,1.51300000,1.53400000,1.50900000,1.52400000,1400305.50000000,2131951.34020000
1769112000000,1.52300000,1.52700000,1.50200000,1.51300000,890517.80000000,1347758.93010000
1769126400000,1.51300000,1.53200000,1.50900000,1.52900000,880013.80000000,1339514.91600000
1769140800000,1.53000000,1.54200000,1.51400000,1.51900000,745795.60000000,1139399.13530000
1769155200000,1.51800000,1.52500000,1.50300000,1.52200000,669161.70000000,1013865.42050000
1769169600000,1.52200000,1.53300000,1.49200000,1.52700000,1785194.30000000,2700366.89160000
1769184000000,1.52700000,1.55100000,1.50000000,1.50700000,2612661.80000000,3988139.94400000
1769198400000,1.50700000,1.51900000,1.49100000,1.50900000,830309.70000000,1251025.07000000
1769212800000,1.50900000,1.51800000,1.50100000,1.51100000,696515.10000000,1050414.71170000
1769227200000,1.51100000,1.51900000,1.50800000,1.51300000,584620.40000000,884727.58440000
1769241600000,1.51300000,1.52100000,1.50700000,1.50900000,354577.40000000,536757.09110000
1769256000000,1.50800000,1.51200000,1.49400000,1.49500000,685932.00000000,1031277.98320000
1769270400000,1.49600000,1.50500000,1.48900000,1.49800000,653742.60000000,979528.10180000
1769284800000,1.49700000,1.51400000,1.49700000,1.50600000,475012.60000000,715624.89960000
1769299200000,1.50700000,1.51600000,1.49400000,1.49900000,674691.90000000,1017469.45600000
1769313600000,1.49900000,1.51300000,1.49600000,1.50200000,580074.30000000,872790.49010000
1769328000000,1.50300000,1.51200000,1.48400000,1.49600000,1274469.30000000,1906346.46570000
1769342400000,1.49600000,1.49900000,1.47500000,1.49100000,1388304.30000000,2066329.47070000
1769356800000,1.49000000,1.49000000,1.41100000,1.41900000,3747936.60000000,5439167.90500000
1769371200000,1.42000000,1.44100000,1.40900000,1.43600000,2008595.10000000,2860120.28390000
1769385600000,1.43600000,1.47100000,1.43200000,1.44700000,1548503.40000000,2252663.40430000
1769400000000,1.44800000,1.47500000,1.44800000,1.46900000,1128755.30000000,1652544.39370000
1769414400000,1.46900000,1.47900000,1.45000000,1.45300000,864337.20000000,1262924.86690000
1769428800000,1.45300000,1.48800000,1.44700000,1.46400000,1796361.50000000,2635569.23820000
1769443200000,1.46400000,1.47500000,1.44100000,1.46000000,1481618.90000000,2163020.92750000
1769457600000,1.46000000,1.48000000,1.45000000,1.46300000,1023343.40000000,1500354.26560000
1769472000000,1.46300000,1.48000000,1.46100000,1.47300000,810961.00000000,1193309.84030000
1769486400000,1.47300000,1.48200000,1.46800000,1.47100000,564482.60000000,832175.84690000
1769500800000,1.47100000,1.47500000,1.45500000,1.45700000,636894.50000000,930419.89850000
1769515200000,1.45700000,1.47000000,1.44700000,1.47000000,1491445.50000000,2175983.14260000
1769529600000,1.46900000,1.50500000,1.45100000,1.48100000,3164267.30000000,4668573.53370000
1769544000000,1.48100000,1.50500000,1.48000000,1.49000000,1572770.60000000,2347033.25110000
1769558400000,1.49100000,1.49600000,1.47500000,1.47600000,1257492.60000000,1867993.60620000
1769572800000,1.47600000,1.48900000,1.46900000,1.47900000,871205.00000000,1288971.43300000
1769587200000,1.47900000,1.49700000,1.46400000,1.49600000,1160266.10000000,1714446.09650000
1769601600000,1.49600000,1.49700000,1.46000000,1.46700000,1995732.40000000,2952350.71510000
1769616000000,1.46800000,1.48700000,1.45900000,1.47800000,1855355.20000000,2729181.17320000
1769630400000,1.47700000,1.50100000,1.46400000,1.48900000,2254885.10000000,3353113.16880000
1769644800000,1.48900000,1.49600000,1.44300000,1.44900000,2368879.20000000,3468447.07610000
1769659200000,1.44800000,1.45500000,1.43600000,1.44100000,1374515.50000000,1988133.84700000
1769673600000,1.44200000,1.44300000,1.41900000,1.42000000,1407317.20000000,2013946.20150000
1769688000000,1.41900000,1.43000000,1.35400000,1.37500000,4564334.30000000,6317869.67190000
1769702400000,1.37400000,1.40500000,1.34400000,1.36200000,5084330.20000000,6953871.70760000
1769716800000,1.36200000,1.38500000,1.35800000,1.37500000,1634026.50000000,2245860.16960000
1769731200000,1.37600000,1.38200000,1.31600000,1.32800000,6177570.10000000,8300015.96870000
1769745600000,1.32800000,1.34700000,1.29700000,1.33500000,3310233.50000000,4379332.77040000
1769760000000,1.33400000,1.34900000,1.31400000,1.34300000,1759448.30000000,2334265.45240000
1769774400000,1.34300000,1.34600000,1.30000000,1.32300000,3650835.20000000,4828912.98300000
1769788800000,1.32200000,1.35100000,1.28900000,1.33900000,4629182.50000000,6133537.83460000
1769803200000,1.33800000,1.33800000,1.31300000,1.32300000,2936705.60000000,3885910.60590000
1769817600000,1.32200000,1.32900000,1.31500000,1.32500000,990060.50000000,1308968.39450000
1769832000000,1.32500000,1.32900000,1.29600000,1.30600000,984542.50000000,1294510.72920000
1769846400000,1.30600000,1.30800000,1.27600000,1.28000000,2533808.10000000,3268028.29750000
1769860800000,1.28100000,1.28500000,1.20900000,1.23500000,6178052.40000000,7674645.77960000
1769875200000,1.23600000,1.25800000,1.09100000,1.17300000,18071937.10000000,21144837.62440000
1769889600000,1.17300000,1.21300000,1.16000000,1.20600000,3442180.90000000,4066183.20710000
1769904000000,1.20600000,1.21700000,1.19500000,1.20700000,2448063.10000000,2950510.05100000
1769918400000,1.20800000,1.21300000,1.18800000,1.20000000,2034221.60000000,2444064.63380000
1769932800000,1.20000000,1.21200000,1.18400000,1.20000000,2416468.40000000,2894520.33920000
1769947200000,1.20100000,1.21000000,1.15100000,1.17000000,4007403.90000000,4740521.27840000
1769961600000,1.17100000,1.19400000,1.15600000,1.16900000,4026080.20000000,4721327.75720000
1769976000000,1.16800000,1.19300000,1.14300000,1.17300000,4569726.90000000,5342388.47210000
1769990400000,1.17300000,1.20600000,1.13700000,1.18000000,5719257.40000000,6707568.06190000
1770004800000,1.18000000,1.19300000,1.13600000,1.15900000,4953669.90000000,5773164.44830000
1770019200000,1.15900000,1.19100000,1.15800000,1.18100000,3726638.10000000,4381736.04570000
1770033600000,1.18200000,1.23900000,1.18200000,1.22900000,5105774.60000000,6186333.55160000
1770048000000,1.22900000,1.23800000,1.21200000,1.21200000,1984392.10000000,2432160.25710000
1770062400000,1.21200000,1.21600000,1.19700000,1.20000000,1442714.20000000,1741225.35720000
1770076800000,1.20000000,1.20700000,1.17200000,1.19800000,1796089.40000000,2135285.88520000
1770091200000,1.19700000,1.20600000,1.18300000,1.20000000,1770270.80000000,2115373.29810000
1770105600000,1.20000000,1.21100000,1.18100000,1.19300000,2177802.10000000,2600901.22980000
1770120000000,1.19300000,1.21200000,1.17400000,1.20600000,3818470.60000000,4563532.71160000
1770134400000,1.20600000,1.20600000,1.12300000,1.18000000,6088215.60000000,7054752.37530000
1770148800000,1.18000000,1.23100000,1.16600000,1.17600000,5012965.70000000,6026360.03810000
1770163200000,1.17600000,1.20600000,1.17100000,1.20100000,1668850.90000000,1987183.83020000
1770177600000,1.20000000,1.20400000,1.18300000,1.19200000,1226070.40000000,1462635.39380000
1770192000000,1.19300000,1.19800000,1.17400000,1.18500000,1792305.90000000,2123647.41700000
1770206400000,1.18500000,1.18700000,1.13300000,1.14900000,3995599.10000000,4628506.48130000
1770220800000,1.14900000,1.18600000,1.12800000,1.18100000,6997517.70000000,8043792.08860000
1770235200000,1.18200000,1.18400000,1.14000000,1.16000000,3248134.10000000,3776604.14810000
1770249600000,1.16000000,1.16800000,1.13600000,1.14000000,3813453.20000000,4396211.58090000
1770264000000,1.14000000,1.14600000,1.11400000,1.11800000,4321307.10000000,4884653.74990000
1770278400000,1.11900000,1.14200000,1.08600000,1.10700000,3407739.30000000,3799558.41350000
1770292800000,1.10800000,1.13800000,1.03300000,1.06000000,13787593.30000000,14954792.28650000
1770307200000,1.06000000,1.08900000,1.01200000,1.01600000,15013224.50000000,15744027.89400000
1770321600000,1.01600000,1.02400000,0.96300000,0.97600000,20254261.60000000,19966619.26440000
1770336000000,0.97700000,0.98500000,0.84100000,0.96000000,26414076.30000000,24176891.23650000
1770350400000,0.96000000,1.00700000,0.95400000,0.97800000,4538037.40000000,4461766.20940000
1770364800000,0.97800000,1.02100000,0.96900000,1.01800000,4896863.10000000,4879255.42270000
1770379200000,1.01700000,1.06600000,1.01000000,1.06300000,5406336.60000000,5624336.79050000
1770393600000,1.06400000,1.11400000,1.05800000,1.09100000,5323524.90000000,5781646.73670000
1770408000000,1.09000000,1.10200000,1.07500000,1.08700000,2470070.00000000,2684482.37660000
1770422400000,1.08700000,1.09400000,1.07000000,1.09100000,2614824.00000000,2823217.46400000
1770436800000,1.09100000,1.10300000,1.04500000,1.05500000,3468367.60000000,3728267.14980000
1770451200000,1.05400000,1.06300000,1.04000000,1.04500000,1821221.00000000,1913508.87070000
1770465600000,1.04400000,1.08100000,1.04300000,1.07100000,2774418.10000000,2957204.66640000
1770480000000,1.07200000,1.10600000,1.06800000,1.08300000,12012446.70000000,13069943.08630000
1770494400000,1.08300000,1.08900000,1.06800000,1.07500000,792935.70000000,856231.37060000
1770508800000,1.07400000,1.07700000,1.06100000,1.06300000,722289.60000000,772491.74600000
1770523200000,1.06300000,1.06800000,1.05500000,1.06200000,709139.30000000,752554.00690000
1770537600000,1.06200000,1.08000000,1.05300000,1.07400000,1241588.50000000,1326041.65110000
1770552000000,1.07400000,1.07500000,1.05200000,1.05700000,2579961.40000000,2744241.71990000
1770566400000,1.05700000,1.05900000,1.03000000,1.05500000,1408345.60000000,1469968.31140000
1770580800000,1.05400000,1.06300000,1.02800000,1.03800000,1851609.00000000,1928609.96810000
1770595200000,1.03800000,1.05100000,1.03100000,1.04900000,1777197.40000000,1847510.68230000
1770609600000,1.04900000,1.04900000,1.02600000,1.02800000,1449034.40000000,1499388.29930000
1770624000000,1.02800000,1.03100000,0.98600000,0.99100000,3304332.70000000,3310860.81530000
1770638400000,0.99100000,1.01500000,0.99000000,1.00900000,2762366.00000000,2765249.27950000
1770652800000,1.01000000,1.04300000,1.00200000,1.04100000,2573042.10000000,2639950.55390000
1770667200000,1.04100000,1.04600000,1.02400000,1.03000000,1127320.90000000,1167479.82220000
1770681600000,1.03100000,1.03700000,1.00400000,1.01300000,1383114.10000000,1413045.56000000
1770696000000,1.01300000,1.01600000,0.98300000,0.99800000,2526065.10000000,2527111.77020000
1770710400000,0.99800000,1.00900000,0.99400000,0.99500000,1360615.50000000,1360644.95140000
1770724800000,0.99600000,1.00300000,0.98300000,0.99800000,6761555.20000000,6708109.55090000
1770739200000,0.99800000,1.00800000,0.98200000,0.98800000,4760947.00000000,4744783.24420000
1770753600000,0.98800000,0.99500000,0.98400000,0.99300000,2015027.50000000,1995746.28250000
1770768000000,0.99300000,1.00400000,0.98600000,0.99100000,2028671.70000000,2020580.14160000
1770782400000,0.99100000,0.99300000,0.95400000,0.95600000,5121170.50000000,4967338.34420000
1770796800000,0.95600000,0.96100000,0.94400000,0.95900000,2398319.60000000,2284598.72520000
1770811200000,0.96000000,0.99900000,0.93800000,0.94700000,6910830.20000000,6659472.36900000
1770825600000,0.94700000,0.97700000,0.94500000,0.96600000,4409990.30000000,4244739.69430000
1770840000000,0.96600000,0.98700000,0.95500000,0.96200000,3338536.70000000,3239864.60620000
1770854400000,0.96200000,0.98000000,0.96200000,0.97600000,2092194.50000000,2033661.36910000
1770868800000,0.97600000,0.99000000,0.96300000,0.98900000,2164122.60000000,2112609.67930000
1770883200000,0.98900000,1.01100000,0.98000000,0.99300000,2935540.50000000,2921777.48570000
1770897600000,0.99300000,0.99400000,0.95200000,0.95600000,6486018.30000000,6248745.15530000
1770912000000,0.95600000,0.96700000,0.93400000,0.95400000,4990803.00000000,4726812.35300000
1770926400000,0.95500000,0.96400000,0.94000000,0.96400000,1659024.90000000,1578761.10380000
1770940800000,0.96400000,0.96900000,0.95500000,0.96300000,1739115.60000000,1674793.93740000
1770955200000,0.96300000,0.99000000,0.95800000,0.98100000,3968976.20000000,3869040.97260000
1770969600000,0.98000000,0.99100000,0.97600000,0.98100000,1963669.70000000,1931293.53870000
1770984000000,0.98000000,1.02700000,0.97400000,1.01000000,5699236.50000000,5689323.57700000
1770998400000,1.00900000,1.02800000,1.00800000,1.02200000,2955226.90000000,3013763.40170000
1771012800000,1.02200000,1.03100000,1.01800000,1.02400000,1485440.70000000,1521128.06720000
1771027200000,1.02400000,1.03000000,1.01900000,1.02800000,1730459.10000000,1774662.14200000
1771041600000,1.02800000,1.03200000,1.01600000,1.03100000,3107300.90000000,3185737.49250000
1771056000000,1.03000000,1.05400000,1.03000000,1.05300000,2157811.60000000,2248100.35670000
1771070400000,1.05300000,1.07000000,1.04400000,1.06900000,3497663.50000000,3695366.73320000
1771084800000,1.06900000,1.09500000,1.05900000,1.09100000,3868034.50000000,4163495.01970000
1771099200000,1.09200000,1.10200000,1.08100000,1.08600000,3417778.00000000,3727153.01220000
1771113600000,1.08500000,1.08600000,1.05700000,1.07200000,3037936.10000000,3258532.32180000
1771128000000,1.07200000,1.09100000,1.07200000,1.08700000,3154447.80000000,3406983.97980000
1771142400000,1.08800000,1.09000000,1.06700000,1.08300000,2767096.10000000,2979690.29780000
1771156800000,1.08400000,1.08500000,1.04800000,1.05800000,5547970.90000000,5887174.21540000
1771171200000,1.05800000,1.05900000,1.03100000,1.04100000,4402736.50000000,4592450.34910000
1771185600000,1.04000000,1.05800000,1.03700000,1.05600000,1970278.40000000,2063124.03180000
1771200000000,1.05600000,1.06400000,1.04400000,1.04900000,3026980.20000000,3192058.00930000
1771214400000,1.05000000,1.06000000,1.04000000,1.04400000,1821648.40000000,1910353.20360000
1771228800000,1.04400000,1.05600000,1.03200000,1.04800000,2500453.70000000,2615933.20180000
1771243200000,1.04800000,1.07500000,1.02500000,1.03100000,6425933.80000000,6744783.29820000
1771257600000,1.03100000,1.05900000,1.03000000,1.05500000,2664967.60000000,2784455.42780000
1771272000000,1.05400000,1.06600000,1.05000000,1.05800000,2304020.10000000,2439312.07400000
1771286400000,1.05800000,1.06300000,1.04500000,1.05500000,1853306.30000000,1955784.43900000
1771300800000,1.05500000,1.06100000,1.04000000,1.05300000,1603490.70000000,1687178.58480000
1771315200000,1.05400000,1.05700000,1.04500000,1.05500000,1296439.40000000,1364064.86830000
1771329600000,1.05600000,1.06800000,1.02900000,1.04000000,5004603.40000000,5254269.36350000
1771344000000,1.04000000,1.05900000,1.02800000,1.04600000,3601922.80000000,3764712.56420000
1771358400000,1.04600000,1.04800000,1.03700000,1.04400000,1329699.00000000,1387401.37960000
1771372800000,1.04400000,1.05100000,1.03700000,1.04900000,1085458.30000000,1133402.82290000
1771387200000,1.04900000,1.05300000,1.04200000,1.05100000,767370.70000000,804302.41720000
1771401600000,1.05100000,1.05900000,1.03700000,1.04100000,1335382.50000000,1401826.78740000
1771416000000,1.04000000,1.06600000,1.02900000,1.05200000,3052721.60000000,3187566.76490000
1771430400000,1.05300000,1.05400000,1.01200000,1.01900000,3245288.40000000,3351018.35090000
1771444800000,1.01900000,1.02700000,1.00600000,1.01700000,1500085.80000000,1521986.01490000
1771459200000,1.01800000,1.01800000,1.00400000,1.01500000,1374938.00000000,1392205.23320000
1771473600000,1.01400000,1.02300000,1.00900000,1.02000000,1014052.50000000,1029998.44200000
1771488000000,1.02000000,1.02000000,1.00200000,1.00600000,1575524.30000000,1589339.23940000
1771502400000,1.00600000,1.01100000,0.98900000,0.99200000,2940025.30000000,2939115.04210000
1771516800000,0.99100000,1.00900000,0.98100000,1.00100000,2366411.00000000,2356212.18430000
1771531200000,1.00100000,1.00800000,0.99500000,1.00700000,1274036.80000000,1276969.71750000
1771545600000,1.00700000,1.01500000,1.00400000,1.01100000,1499518.20000000,1514049.30040000
1771560000000,1.01000000,1.02000000,1.00200000,1.01600000,1460420.00000000,1476403.57290000
1771574400000,1.01600000,1.02400000,1.00800000,1.01500000,1660601.40000000,1687598.25820000
1771588800000,1.01400000,1.05600000,1.00300000,1.04100000,4836545.10000000,4995649.03740000
1771603200000,1.04100000,1.04600000,1.01700000,1.04100000,3659471.50000000,3796082.83830000
1771617600000,1.04000000,1.05500000,1.03800000,1.05400000,1311703.20000000,1374843.58930000
1771632000000,1.05400000,1.06600000,1.04200000,1.05800000,1604105.90000000,1690883.95000000
1771646400000,1.05700000,1.07500000,1.05600000,1.06700000,1789777.80000000,1912431.87110000
1771660800000,1.06600000,1.10900000,1.06600000,1.09200000,5295470.30000000,5779030.03890000
1771675200000,1.09200000,1.09500000,1.05900000,1.06000000,2971543.00000000,3194503.35890000
1771689600000,1.06000000,1.06000000,1.04900000,1.05500000,999645.20000000,1052949.56400000
1771704000000,1.05400000,1.06300000,1.05000000,1.05900000,1117316.40000000,1181392.70600000
1771718400000,1.05800000,1.05800000,1.02700000,1.03200000,2563259.60000000,2667859.40990000
1771732800000,1.03100000,1.03700000,1.02500000,1.03200000,1567204.10000000,1617410.60890000
1771747200000,1.03200000,1.03400000,1.02400000,1.03000000,806324.40000000,830682.34700000
1771761600000,1.02900000,1.02900000,1.00600000,1.01600000,1669263.30000000,1693554.08580000
1771776000000,1.01500000,1.02200000,1.00900000,1.01200000,616821.00000000,626256.19550000
1771790400000,1.01200000,1.02400000,1.00400000,1.02200000,759936.80000000,771040.49090000
1771804800000,1.02300000,1.03000000,0.97200000,0.98600000,4718322.90000000,4703326.43150000
1771819200000,0.98700000,1.02000000,0.98000000,1.00300000,1633105.10000000,1640441.13840000
1771833600000,1.00200000,1.01700000,0.99400000,1.01000000,1000235.80000000,1007329.56560000
1771848000000,1.00900000,1.02100000,0.98500000,0.98700000,2649693.40000000,2651937.57180000
1771862400000,0.98700000,0.99100000,0.96700000,0.97200000,1750826.40000000,1714683.95760000
1771876800000,0.97200000,0.98800000,0.96400000,0.98100000,1287750.10000000,1258739.70210000
1771891200000,0.98100000,0.99300000,0.96600000,0.97700000,2577856.30000000,2532151.95220000
1771905600000,0.97800000,0.98000000,0.96700000,0.97300000,930648.70000000,905358.32780000
1771920000000,0.97300000,0.97800000,0.96900000,0.97200000,572459.70000000,557395.07100000
1771934400000,0.97100000,0.98000000,0.95300000,0.97400000,3202732.00000000,3107963.97960000
1771948800000,0.97300000,0.99100000,0.97200000,0.97600000,1434300.50000000,1407345.46430000
1771963200000,0.97600000,0.97900000,0.96100000,0.96700000,637929.10000000,619063.74270000
1771977600000,0.96700000,1.01400000,0.96500000,0.98700000,3164550.60000000,3144841.08190000
1771992000000,0.98800000,0.99400000,0.97700000,0.99300000,1432138.50000000,1412340.74490000
1772006400000,0.99400000,1.03000000,0.99100000,1.02900000,2311814.60000000,2347459.69570000
1772020800000,1.02900000,1.11400000,1.02900000,1.10500000,10959441.10000000,11807275.74120000
1772035200000,1.10500000,1.20000000,1.10500000,1.19900000,8831040.40000000,10161835.74280000
1772049600000,1.19900000,1.26000000,1.16300000,1.17200000,11263474.40000000,13743714.78560000
1772064000000,1.17200000,1.18400000,1.15100000,1.16000000,4480634.90000000,5238075.30010000
1772078400000,1.15900000,1.17200000,1.12500000,1.13200000,2512810.10000000,2880106.61570000
1772092800000,1.13200000,1.14300000,1.11900000,1.12200000,2032416.60000000,2303768.85080000
1772107200000,1.12100000,1.16000000,1.10800000,1.12000000,3997041.70000000,4529011.38240000
1772121600000,1.12000000,1.12300000,1.08400000,1.11700000,3641497.80000000,4015316.94940000
1772136000000,1.11800000,1.13400000,1.10600000,1.12700000,1542898.80000000,1728534.28400000
1772150400000,1.12800000,1.13100000,1.10800000,1.12800000,3932316.00000000,4404924.78260000
1772164800000,1.12900000,1.14700000,1.12800000,1.14000000,1999599.50000000,2277676.45500000
1772179200000,1.14100000,1.14500000,1.12000000,1.12300000,3393153.60000000,3847243.50350000
1772193600000,1.12300000,1.12300000,1.09900000,1.10800000,6208952.00000000,6878505.35030000
1772208000000,1.10700000,1.11300000,1.08200000,1.08700000,2112134.20000000,2317690.01530000
1772222400000,1.08600000,1.09600000,1.07300000,1.09400000,1648017.00000000,1788968.48070000
1772236800000,1.09400000,1.09700000,1.08000000,1.08500000,1049055.90000000,1142719.47170000
1772251200000,1.08500000,1.08500000,1.02800000,1.05700000,4120824.30000000,4350514.74830000
1772265600000,1.05700000,1.07000000,1.03800000,1.04400000,3760583.00000000,3951726.97350000
1772280000000,1.04500000,1.07700000,1.04400000,1.06700000,3068014.60000000,3260808.84800000
1772294400000,1.06600000,1.13600000,1.06400000,1.12500000,5441592.20000000,5958534.76420000
1772308800000,1.12600000,1.17400000,1.12500000,1.17200000,7458297.00000000,8599912.49280000
1772323200000,1.17200000,1.19600000,1.12800000,1.15200000,9901587.20000000,11560786.58710000
1772337600000,1.15200000,1.20500000,1.13900000,1.20300000,4345555.30000000,5095128.72210000
1772352000000,1.20300000,1.21100000,1.14600000,1.14800000,3418054.30000000,4015222.40260000
1772366400000,1.14800000,1.18300000,1.13700000,1.15200000,2764405.00000000,3208219.34010000
1772380800000,1.15300000,1.16100000,1.12800000,1.13000000,2262022.60000000,2585767.55090000
1772395200000,1.13000000,1.15900000,1.11200000,1.15000000,3192624.20000000,3626050.17620000
1772409600000,1.15000000,1.20100000,1.14200000,1.19500000,4241187.70000000,4986786.11390000
1772424000000,1.19500000,1.22600000,1.17400000,1.20300000,12097275.10000000,14526822.22270000
1772438400000,1.20400000,1.21600000,1.17000000,1.20200000,6193118.70000000,7379556.78840000
1772452800000,1.20200000,1.32300000,1.20000000,1.30700000,15047678.20000000,19064828.06040000
1772467200000,1.30700000,1.34100000,1.27800000,1.32900000,11646579.60000000,15320035.68440000
1772481600000,1.32900000,1.41400000,1.31100000,1.36000000,13436400.60000000,18346112.15040000
1772496000000,1.36000000,1.42400000,1.34600000,1.42000000,12501893.00000000,17322587.63480000
1772510400000,1.42100000,1.45500000,1.33500000,1.34300000,14242883.50000000,19761362.70630000
1772524800000,1.34300000,1.41200000,1.31900000,1.33100000,12487232.50000000,16931580.80840000
1772539200000,1.33100000,1.39900000,1.31800000,1.39100000,10595731.00000000,14330376.43640000
1772553600000,1.39200000,1.41200000,1.34900000,1.36500000,6986320.70000000,9645445.08880000
1772568000000,1.36500000,1.37400000,1.34100000,1.35800000,2833111.20000000,3845423.32100000
1772582400000,1.35800000,1.41600000,1.34800000,1.39500000,6363566.60000000,8806408.00590000
1772596800000,1.39500000,1.39700000,1.33700000,1.36700000,6004058.60000000,8192453.35220000
1772611200000,1.36600000,1.41200000,1.33500000,1.33800000,9247055.40000000,12731534.88460000
1772625600000,1.33800000,1.37500000,1.32600000,1.35800000,7157573.50000000,9625477.49040000
1772640000000,1.35800000,1.35900000,1.30300000,1.32500000,6429665.60000000,8540855.01120000
1772654400000,1.32500000,1.32900000,1.30200000,1.31100000,2806487.30000000,3687830.19100000
1772668800000,1.31200000,1.31200000,1.24500000,1.28000000,4316236.10000000,5484164.42060000
1772683200000,1.27900000,1.29700000,1.26800000,1.29500000,2865765.90000000,3681062.94230000
1772697600000,1.29600000,1.33400000,1.28000000,1.29100000,5462156.50000000,7128566.26200000
1772712000000,1.29100000,1.30500000,1.26400000,1.27000000,4328483.70000000,5568549.07710000
1772726400000,1.27100000,1.28600000,1.24900000,1.26200000,4448193.10000000,5639316.13220000
1772740800000,1.26300000,1.28800000,1.25900000,1.27100000,1969677.60000000,2517892.81380000
1772755200000,1.27100000,1.30000000,1.26100000,1.28300000,3281975.40000000,4205754.68430000
1772769600000,1.28300000,1.28400000,1.25600000,1.26900000,2126547.70000000,2698067.82610000
1772784000000,1.26900000,1.27300000,1.24600000,1.25200000,1985231.50000000,2503385.94610000
1772798400000,1.25300000,1.27100000,1.22600000,1.23000000,5396883.90000000,6728555.82780000
1772812800000,1.23000000,1.24500000,1.21600000,1.23200000,3369623.00000000,4145915.04830000
1772827200000,1.23100000,1.24500000,1.22500000,1.22700000,1118424.50000000,1381490.70990000
1772841600000,1.22600000,1.24700000,1.22500000,1.23500000,1370139.80000000,1695704.69920000
1772856000000,1.23400000,1.23600000,1.20900000,1.21500000,996973.30000000,1215661.58820000
1772870400000,1.21500000,1.23000000,1.21400000,1.22200000,967493.40000000,1181205.86920000
1772884800000,1.22200000,1.23900000,1.21600000,1.22200000,1772047.80000000,2174242.17290000
1772899200000,1.22100000,1.23300000,1.20400000,1.21000000,1193862.80000000,1454986.56960000
1772913600000,1.21000000,1.22000000,1.20800000,1.21400000,820834.00000000,996476.14520000
1772928000000,1.21500000,1.21900000,1.20000000,1.21600000,1240859.10000000,1500490.29610000
1772942400000,1.21600000,1.21900000,1.19400000,1.20200000,1285400.80000000,1548733.82150000
1772956800000,1.20200000,1.25600000,1.19800000,1.24500000,3616882.00000000,4469613.81350000
1772971200000,1.24400000,1.25600000,1.21000000,1.21600000,4197746.60000000,5180749.04750000
1772985600000,1.21600000,1.24000000,1.20400000,1.23200000,1707337.90000000,2081837.70960000
1773000000000,1.23200000,1.23900000,1.18900000,1.21200000,3255185.80000000,3952894.18870000
1773014400000,1.21200000,1.26900000,1.20400000,1.24100000,4428724.00000000,5473697.16350000
1773028800000,1.24000000,1.25700000,1.21900000,1.24200000,3505245.90000000,4346798.16300000
1773043200000,1.24200000,1.25900000,1.21900000,1.23100000,2886792.60000000,3581820.95430000
1773057600000,1.23100000,1.26900000,1.22600000,1.25400000,4710744.00000000,5909728.86710000
1773072000000,1.25400000,1.28200000,1.23300000,1.25400000,3980535.60000000,4986032.90080000
1773086400000,1.25400000,1.25800000,1.21700000,1.23500000,2955460.10000000,3648812.54660000
1773100800000,1.23400000,1.26400000,1.22500000,1.24500000,3548126.00000000,4426565.68020000
1773115200000,1.24500000,1.28900000,1.24500000,1.28100000,3325941.60000000,4224601.64410000
1773129600000,1.28100000,1.31800000,1.28000000,1.30700000,4693860.00000000,6107177.79470000
1773144000000,1.30600000,1.33300000,1.28000000,1.30600000,5125669.40000000,6692532.43380000
1773158400000,1.30500000,1.31900000,1.27600000,1.27800000,4776537.30000000,6204124.95840000
1773172800000,1.27800000,1.29300000,1.26700000,1.28400000,1952537.80000000,2499688.82670000
1773187200000,1.28300000,1.30300000,1.27200000,1.28300000,3292114.60000000,4236386.59240000
1773201600000,1.28200000,1.29200000,1.26800000,1.27600000,2188482.60000000,2802887.07520000
1773216000000,1.27700000,1.28900000,1.26900000,1.28500000,2147382.00000000,2745186.27730000
1773230400000,1.28600000,1.32300000,1.28300000,1.29600000,5869985.60000000,7648010.26850000
1773244800000,1.29600000,1.30600000,1.28600000,1.29500000,3085921.10000000,3994832.00120000
1773259200000,1.29500000,1.30500000,1.28800000,1.29900000,1419286.50000000,1840513.11450000
1773273600000,1.29800000,1.30700000,1.28300000,1.28700000,2725268.20000000,3530726.99470000
1773288000000,1.28600000,1.32600000,1.27800000,1.32500000,3159574.70000000,4132096.02820000
1773302400000,1.32500000,1.34200000,1.31200000,1.32400000,4208688.10000000,5589558.19180000
1773316800000,1.32400000,1.33500000,1.30400000,1.32300000,3162871.60000000,4170988.56610000
1773331200000,1.32300000,1.35300000,1.31400000,1.34000000,4867839.20000000,6507973.71990000
1773345600000,1.33900000,1.37200000,1.32300000,1.36800000,3034912.60000000,4100346.08240000
1773360000000,1.36800000,1.42200000,1.36400000,1.38800000,8573162.70000000,11951103.60060000
1773374400000,1.38700000,1.38800000,1.34300000,1.34500000,2946269.00000000,4017474.23350000
1773388800000,1.34500000,1.35600000,1.31900000,1.35000000,8319641.10000000,11127065.23160000
1773403200000,1.35000000,1.36800000,1.34200000,1.35200000,6064466.30000000,8220903.34810000
1773417600000,1.35300000,1.37600000,1.34000000,1.34500000,2955319.50000000,4005727.73900000
1773432000000,1.34500000,1.35700000,1.32600000,1.33600000,2244987.50000000,3006746.16170000
1773446400000,1.33500000,1.34200000,1.31500000,1.33300000,2167945.20000000,2880387.81850000
1773460800000,1.33300000,1.33500000,1.31100000,1.31700000,1600166.20000000,2114013.22140000
1773475200000,1.31600000,1.32000000,1.30300000,1.30600000,1160084.50000000,1519803.78890000
1773489600000,1.30600000,1.31400000,1.29700000,1.31000000,1609952.90000000,2104165.80050000
1773504000000,1.31000000,1.31600000,1.30300000,1.30600000,673710.10000000,881789.91920000
1773518400000,1.30500000,1.32800000,1.30300000,1.32500000,1122128.80000000,1475751.07570000
1773532800000,1.32500000,1.37800000,1.31700000,1.35600000,3047740.80000000,4106297.96930000
1773547200000,1.35600000,1.36600000,1.33100000,1.33800000,1893928.80000000,2545530.92920000
1773561600000,1.33800000,1.35800000,1.33600000,1.35200000,1427883.60000000,1925378.99810000
1773576000000,1.35200000,1.36500000,1.32500000,1.33800000,2169794.50000000,2914574.98910000
1773590400000,1.33700000,1.35300000,1.33300000,1.34100000,1415756.90000000,1898942.23400000
1773604800000,1.34100000,1.36300000,1.33800000,1.35000000,2822459.60000000,3813780.86990000
1773619200000,1.35100000,1.40600000,1.34000000,1.38900000,4513867.20000000,6210427.50600000
1773633600000,1.39000000,1.41900000,1.38900000,1.39300000,3569505.40000000,5009081.43310000
1773648000000,1.39400000,1.40700000,1.37000000,1.39200000,2744251.00000000,3800962.91630000
1773662400000,1.39200000,1.43800000,1.38900000,1.41400000,7014119.00000000,9924465.97880000
1773676800000,1.41500000,1.45000000,1.41300000,1.44600000,4760398.10000000,6844474.02290000
1773691200000,1.44600000,1.51000000,1.44200000,1.49000000,6955591.60000000,10339773.44920000
1773705600000,1.49100000,1.51000000,1.44900000,1.45600000,6122730.60000000,9040945.39340000
1773720000000,1.45600000,1.46800000,1.42400000,1.46200000,3286786.40000000,4748972.72870000
1773734400000,1.46200000,1.47600000,1.44000000,1.44400000,3395543.30000000,4945940.06350000
1773748800000,1.44300000,1.46200000,1.43100000,1.46100000,2853317.30000000,4126510.83090000
1773763200000,1.46000000,1.46600000,1.45200000,1.45400000,1537792.80000000,2244699.57330000
1773777600000,1.45400000,1.46700000,1.45100000,1.45200000,992096.20000000,1447110.46290000
1773792000000,1.45200000,1.47100000,1.44900000,1.45900000,2020311.20000000,2946086.02230000
1773806400000,1.45900000,1.46800000,1.43100000,1.43900000,1904864.90000000,2757792.37050000
1773820800000,1.43900000,1.45800000,1.42400000,1.43400000,2867961.00000000,4142520.47330000
1773835200000,1.43300000,1.43800000,1.38000000,1.38600000,6369593.80000000,8959473.25730000
1773849600000,1.38600000,1.40600000,1.37300000,1.39200000,5295331.90000000,7362790.84340000
1773864000000,1.39100000,1.40400000,1.38000000,1.38600000,2454270.30000000,3411931.09800000
1773878400000,1.38700000,1.39700000,1.37100000,1.38500000,1543774.30000000,2133740.17360000
1773892800000,1.38600000,1.38600000,1.34300000,1.35400000,2582245.70000000,3519342.69290000
1773907200000,1.35400000,1.36400000,1.34700000,1.35500000,1136430.60000000,1540778.63260000
1773921600000,1.35500000,1.35600000,1.32200000,1.33600000,5064793.40000000,6757017.97500000
1773936000000,1.33600000,1.35000000,1.32200000,1.34300000,1819627.30000000,2430626.67820000
1773950400000,1.34300000,1.34600000,1.32300000,1.33500000,1963050.40000000,2617201.34250000
1773964800000,1.33500000,1.35900000,1.33300000,1.34600000,1935558.10000000,2611576.83650000
1773979200000,1.34600000,1.36500000,1.33900000,1.35200000,2622507.60000000,3546245.41420000
1773993600000,1.35200000,1.36000000,1.33000000,1.33400000,1835664.30000000,2469938.56760000
1774008000000,1.33400000,1.34500000,1.31500000,1.33200000,2933099.10000000,3907888.44000000
1774022400000,1.33300000,1.33900000,1.30900000,1.32200000,2138719.10000000,2833066.20870000
1774036800000,1.32300000,1.33700000,1.31100000,1.31600000,1534951.70000000,2031453.06590000
1774051200000,1.31600000,1.32300000,1.31200000,1.31500000,863136.10000000,1136191.69570000
1774065600000,1.31400000,1.32100000,1.31300000,1.31600000,677430.20000000,892125.17560000
1774080000000,1.31700000,1.32300000,1.31000000,1.31400000,546593.70000000,718780.42300000
1774094400000,1.31400000,1.33000000,1.30500000,1.33000000,833701.60000000,1096327.08550000
1774108800000,1.33000000,1.33200000,1.31800000,1.32000000,760872.60000000,1006979.08090000
1774123200000,1.32000000,1.32600000,1.27000000,1.28100000,2216157.20000000,2867545.92270000
1774137600000,1.28100000,1.30600000,1.26000000,1.29700000,2636389.20000000,3391445.53380000
1774152000000,1.29700000,1.30400000,1.29100000,1.29200000,994551.60000000,1291914.18870000
1774166400000,1.29100000,1.30100000,1.27700000,1.27800000,1211489.20000000,1562384.39420000
1774180800000,1.27800000,1.29700000,1.27400000,1.28600000,1315398.90000000,1686896.95030000
1774195200000,1.28700000,1.29500000,1.27200000,1.27700000,831118.30000000,1066130.57980000
1774209600000,1.27800000,1.28600000,1.26400000,1.27400000,1491009.50000000,1902571.59360000
1774224000000,1.27400000,1.29200000,1.26500000,1.28300000,1537980.60000000,1970813.48750000
1774238400000,1.28300000,1.29400000,1.25600000,1.26500000,1917113.00000000,2439472.18550000
1774252800000,1.26500000,1.33200000,1.25200000,1.30200000,6127079.10000000,7970392.57330000
1774267200000,1.30300000,1.32600000,1.29000000,1.29300000,5119728.50000000,6690300.06570000
1774281600000,1.29400000,1.32000000,1.29000000,1.30500000,2239693.50000000,2918979.99000000
1774296000000,1.30500000,1.32700000,1.30200000,1.31100000,1572610.00000000,2068085.00590000
1774310400000,1.31100000,1.31700000,1.29500000,1.30700000,2611943.40000000,3410098.03610000
1774324800000,1.30800000,1.32200000,1.29800000,1.31900000,2102669.10000000,2748996.39110000
1774339200000,1.31900000,1.33000000,1.29600000,1.30000000,2252373.80000000,2964578.34950000
1774353600000,1.30000000,1.30400000,1.28100000,1.28300000,2533196.40000000,3276810.45710000
1774368000000,1.28300000,1.29700000,1.27300000,1.29300000,1543941.40000000,1985415.86750000
1774382400000,1.29300000,1.30400000,1.28400000,1.29200000,1545171.60000000,2001235.32120000
1774396800000,1.29200000,1.30300000,1.28600000,1.29300000,1083315.60000000,1402069.11150000
1774411200000,1.29300000,1.31000000,1.26800000,1.27600000,2830372.80000000,3637110.37600000
1774425600000,1.27700000,1.30800000,1.27600000,1.30800000,2225408.20000000,2882305.81020000
1774440000000,1.30700000,1.31200000,1.28000000,1.28200000,3644465.20000000,4727330.45270000
1774454400000,1.28300000,1.29900000,1.27200000,1.28000000,2259962.40000000,2898239.39220000
1774468800000,1.28000000,1.28600000,1.27000000,1.28000000,1634992.70000000,2088027.56130000
1774483200000,1.28000000,1.28000000,1.25300000,1.25400000,1628172.70000000,2059645.66760000
1774497600000,1.25500000,1.25600000,1.22900000,1.23500000,1599093.50000000,1983495.24450000
1774512000000,1.23400000,1.23600000,1.21800000,1.22500000,1464940.70000000,1792262.39750000
1774526400000,1.22400000,1.24000000,1.21800000,1.22000000,1943011.60000000,2387556.56860000
1774540800000,1.22000000,1.22600000,1.20300000,1.20700000,1241250.80000000,1505958.88810000
1774555200000,1.20700000,1.23400000,1.20400000,1.22400000,1452813.10000000,1778805.12690000
1774569600000,1.22300000,1.24000000,1.22300000,1.22900000,1033269.10000000,1274873.14710000
1774584000000,1.23000000,1.23800000,1.22100000,1.23700000,1276480.30000000,1565231.30700000
1774598400000,1.23700000,1.23900000,1.18300000,1.18700000,3467429.10000000,4149765.56730000
1774612800000,1.18700000,1.19200000,1.17500000,1.18000000,4811285.20000000,5690697.64340000
1774627200000,1.18100000,1.19000000,1.17500000,1.18000000,1250732.20000000,1477949.07600000
1774641600000,1.18000000,1.18500000,1.16900000,1.18000000,695645.30000000,817944.19280000
1774656000000,1.18100000,1.18200000,1.16200000,1.16600000,764341.50000000,893915.65780000
1774670400000,1.16500000,1.17800000,1.16200000,1.17600000,530245.30000000,621157.28160000
1774684800000,1.17600000,1.17900000,1.16100000,1.17100000,528205.60000000,616857.20190000
1774699200000,1.17000000,1.18900000,1.16200000,1.18500000,1775590.00000000,2095104.56660000
1774713600000,1.18500000,1.19000000,1.17800000,1.18800000,701003.20000000,831011.61130000
1774728000000,1.18900000,1.19200000,1.16500000,1.17300000,1011988.00000000,1193902.13160000
1774742400000,1.17300000,1.17700000,1.16100000,1.17100000,2597505.40000000,3034678.86810000
1774756800000,1.17000000,1.17300000,1.16200000,1.16300000,756428.40000000,883658.46980000
1774771200000,1.16200000,1.16700000,1.15400000,1.16400000,1366153.60000000,1587798.69520000
1774785600000,1.16300000,1.16500000,1.15100000,1.15900000,1221468.10000000,1415107.59340000
1774800000000,1.15900000,1.16200000,1.14900000,1.15700000,769654.90000000,889028.54730000
1774814400000,1.15800000,1.17600000,1.12900000,1.16400000,1786095.80000000,2063771.87910000
1774828800000,1.16500000,1.19800000,1.16400000,1.18900000,1339908.60000000,1582257.59650000
1774843200000,1.19000000,1.20700000,1.18600000,1.20500000,1452049.10000000,1739575.67250000
1774857600000,1.20500000,1.22600000,1.19500000,1.20000000,1533282.30000000,1853438.82180000
1774872000000,1.20100000,1.20800000,1.17600000,1.18000000,1413464.30000000,1685170.27270000
1774886400000,1.18100000,1.18100000,1.14800000,1.15400000,2663074.80000000,3093491.45780000
1774900800000,1.15400000,1.17400000,1.14900000,1.16200000,1052384.40000000,1221864.40000000
1774915200000,1.16200000,1.20300000,1.16100000,1.18000000,1794251.80000000,2120243.30180000
1774929600000,1.18000000,1.18700000,1.17300000,1.18700000,997133.20000000,1176563.20940000
1774944000000,1.18600000,1.18700000,1.16200000,1.17600000,1624917.20000000,1904563.19750000
1774958400000,1.17500000,1.20000000,1.17200000,1.17400000,2484139.70000000,2945230.46080000
1774972800000,1.17400000,1.20300000,1.17300000,1.18800000,2449824.90000000,2916673.52800000
1774987200000,1.18700000,1.19000000,1.17600000,1.18900000,1112768.50000000,1316866.74870000
1775001600000,1.18800000,1.19300000,1.17800000,1.19300000,1063296.90000000,1261761.18430000
1775016000000,1.19200000,1.22800000,1.18800000,1.21800000,1692203.00000000,2046946.65860000
1775030400000,1.21700000,1.22300000,1.19900000,1.21200000,1375253.60000000,1664196.43320000
1775044800000,1.21300000,1.23000000,1.20100000,1.20700000,2371385.70000000,2876827.00820000
1775059200000,1.20600000,1.21500000,1.19700000,1.20200000,1293379.30000000,1558363.67940000
1775073600000,1.20100000,1.20600000,1.18600000,1.19100000,1146754.30000000,1370571.33820000
1775088000000,1.19100000,1.20600000,1.15300000,1.15700000,2798865.40000000,3291865.43340000
1775102400000,1.15600000,1.16800000,1.14500000,1.16600000,1837505.80000000,2125575.94070000
1775116800000,1.16600000,1.16600000,1.14600000,1.15300000,1315744.00000000,1520833.48700000
1775131200000,1.15300000,1.17000000,1.14000000,1.15800000,1887968.10000000,2182710.46580000
1775145600000,1.15700000,1.16700000,1.14800000,1.15800000,988100.60000000,1142329.87200000
1775160000000,1.15800000,1.16400000,1.15300000,1.16200000,766995.30000000,889304.05370000
1775174400000,1.16300000,1.17900000,1.15800000,1.17700000,866004.30000000,1010103.55310000
1775188800000,1.17700000,1.21100000,1.17400000,1.20500000,1783393.20000000,2131141.11200000
1775203200000,1.20600000,1.22800000,1.20400000,1.22300000,2252929.60000000,2744740.07440000
1775217600000,1.22400000,1.23000000,1.20300000,1.20500000,2381444.00000000,2895741.28010000
1775232000000,1.20400000,1.21300000,1.19700000,1.20600000,962366.40000000,1160742.50140000
1775246400000,1.20600000,1.22100000,1.20500000,1.20900000,816553.80000000,988505.11410000
1775260800000,1.20900000,1.22500000,1.20700000,1.22300000,660168.80000000,800663.13790000
1775275200000,1.22200000,1.23400000,1.21800000,1.23100000,689063.70000000,844022.91920000
1775289600000,1.23200000,1.23700000,1.22400000,1.23200000,960098.80000000,1182119.48540000
1775304000000,1.23200000,1.26800000,1.23100000,1.26400000,3089193.60000000,3871209.85290000
1775318400000,1.26500000,1.28800000,1.25200000,1.27000000,3960075.70000000,5038947.76430000
1775332800000,1.27000000,1.27300000,1.25200000,1.25500000,989414.40000000,1249400.73350000
1775347200000,1.25600000,1.26600000,1.25300000,1.26100000,1112168.90000000,1399702.76540000
1775361600000,1.26100000,1.27100000,1.23800000,1.24000000,1624830.10000000,2033610.62280000
1775376000000,1.24000000,1.25000000,1.23900000,1.24700000,709218.20000000,882777.53600000
1775390400000,1.24700000,1.26300000,1.23400000,1.24700000,1749275.70000000,2179989.67300000
1775404800000,1.24700000,1.25100000,1.22700000,1.23300000,635176.70000000,786169.91300000
1775419200000,1.23300000,1.25200000,1.22400000,1.24800000,1632897.10000000,2023164.64160000
1775433600000,1.24800000,1.27700000,1.24700000,1.27400000,1742827.10000000,2201457.22160000
1775448000000,1.27400000,1.28000000,1.26300000,1.26900000,1357553.80000000,1728422.32580000
1775462400000,1.26800000,1.30100000,1.26800000,1.29500000,1895210.40000000,2438249.52240000
1775476800000,1.29600000,1.30200000,1.27100000,1.27900000,1994074.00000000,2565317.33930000
1775491200000,1.27900000,1.28600000,1.26700000,1.27400000,1138977.00000000,1453285.78940000
1775505600000,1.27300000,1.28000000,1.23700000,1.24800000,2293736.70000000,2889975.52500000
1775520000000,1.24800000,1.25000000,1.23000000,1.24000000,1304786.00000000,1615966.43960000
1775534400000,1.24000000,1.24200000,1.22600000,1.23600000,1173137.30000000,1448424.83190000
1775548800000,1.23600000,1.25600000,1.23400000,1.23600000,1260979.50000000,1568681.75100000
1775563200000,1.23600000,1.24900000,1.22100000,1.23900000,1961094.00000000,2420988.49190000
1775577600000,1.23800000,1.26600000,1.23400000,1.26200000,2035254.10000000,2540600.37150000
1775592000000,1.26200000,1.34000000,1.26200000,1.31000000,6040573.20000000,7900027.88700000
1775606400000,1.30900000,1.31300000,1.28500000,1.29900000,2087163.90000000,2706752.91000000
1775620800000,1.29900000,1.35200000,1.29800000,1.35100000,4775917.10000000,6360663.56190000
1775635200000,1.35100000,1.37800000,1.34000000,1.36000000,5543160.50000000,7540800.31950000
1775649600000,1.36000000,1.39200000,1.34500000,1.35000000,5816561.90000000,7958489.52610000
1775664000000,1.35000000,1.36800000,1.34000000,1.34500000,2196957.40000000,2967331.95960000
1775678400000,1.34500000,1.35500000,1.32800000,1.33000000,2650783.00000000,3557579.10880000
1775692800000,1.33000000,1.34300000,1.32000000,1.33100000,3609829.80000000,4807531.50850000
1775707200000,1.33000000,1.35600000,1.32700000,1.35000000,2327246.70000000,3119682.31830000
1775721600000,1.34900000,1.35000000,1.32700000,1.32900000,1359087.70000000,1815087.38020000
1775736000000,1.33000000,1.39200000,1.32400000,1.38000000,4305396.40000000,5839555.11730000
1775750400000,1.38100000,1.39200000,1.34900000,1.36200000,3439641.70000000,4697280.76900000
1775764800000,1.36200000,1.38800000,1.35200000,1.36600000,2910640.60000000,3979595.86660000
1775779200000,1.36600000,1.37800000,1.35200000,1.35700000,2754153.90000000,3755404.08920000
1775793600000,1.35800000,1.37700000,1.34800000,1.35600000,1912927.90000000,2605114.04510000
1775808000000,1.35600000,1.38400000,1.34500000,1.36500000,2063517.50000000,2820831.19530000
1775822400000,1.36400000,1.39500000,1.35400000,1.37700000,3032491.10000000,4167714.70560000
1775836800000,1.37600000,1.38100000,1.36000000,1.37800000,1396846.80000000,1915731.72570000
1775851200000,1.37800000,1.38000000,1.34700000,1.36100000,1774187.50000000,2409697.33520000
1775865600000,1.36100000,1.36500000,1.33900000,1.35300000,1271942.40000000,1721791.97880000
1775880000000,1.35400000,1.35500000,1.33100000,1.34000000,1246755.00000000,1671428.90770000
1775894400000,1.34000000,1.35300000,1.33900000,1.35200000,832921.90000000,1120661.27290000
1775908800000,1.35200000,1.36900000,1.34800000,1.36700000,1084388.40000000,1471140.52740000
1775923200000,1.36800000,1.42200000,1.36700000,1.40800000,4106679.50000000,5747369.35330000
1775937600000,1.40800000,1.42500000,1.39400000,1.40200000,2646532.40000000,3720441.52340000
1775952000000,1.40300000,1.40700000,1.33500000,1.34300000,2883017.40000000,3928216.26580000
1775966400000,1.34300000,1.34500000,1.33000000,1.33600000,1108023.60000000,1482521.11360000
1775980800000,1.33600000,1.34200000,1.32300000,1.33200000,1699511.10000000,2262356.53260000
1775995200000,1.33100000,1.35300000,1.32900000,1.33600000,2231779.80000000,2989044.02250000
1776009600000,1.33500000,1.36800000,1.33400000,1.35600000,1303975.70000000,1763277.53570000
1776024000000,1.35700000,1.36900000,1.34300000,1.34600000,1770366.10000000,2401299.04280000
1776038400000,1.34700000,1.38800000,1.34500000,1.36800000,2979133.70000000,4077460.49450000
1776052800000,1.36800000,1.39500000,1.34900000,1.38700000,2907659.90000000,3997756.47640000
1776067200000,1.38700000,1.39500000,1.37000000,1.38000000,2491404.50000000,3447363.75810000
1776081600000,1.38000000,1.41000000,1.36400000,1.37700000,4163381.40000000,5765089.91430000
1776096000000,1.37700000,1.41400000,1.37400000,1.40800000,1981051.60000000,2764116.13170000
1776110400000,1.40700000,1.42100000,1.38600000,1.41900000,2505402.70000000,3519088.27760000
1776124800000,1.41900000,1.42300000,1.40400000,1.41000000,2213109.00000000,3128368.59320000
1776139200000,1.40900000,1.43400000,1.39900000,1.43300000,2006401.80000000,2848299.85340000
1776153600000,1.43400000,1.43900000,1.39900000,1.40500000,2727546.10000000,3864340.83620000
1776168000000,1.40400000,1.41500000,1.36900000,1.38400000,5028294.90000000,6996653.09090000
1776182400000,1.38300000,1.38900000,1.35600000,1.37000000,3179754.70000000,4355789.84240000
1776196800000,1.37000000,1.37300000,1.35100000,1.36000000,1487425.20000000,2024786.77930000
1776211200000,1.36000000,1.37100000,1.35800000,1.36700000,1277596.60000000,1742356.87250000
1776225600000,1.36700000,1.37300000,1.34200000,1.34500000,1094736.20000000,1486478.10070000
1776240000000,1.34400000,1.38700000,1.34300000,1.38100000,2165129.80000000,2956381.01400000
1776254400000,1.38100000,1.40200000,1.37900000,1.39900000,3178939.00000000,4423763.38830000
1776268800000,1.39900000,1.41600000,1.39100000,1.41300000,1605398.60000000,2253456.63390000
1776283200000,1.41300000,1.42200000,1.40100000,1.40900000,1468147.60000000,2071940.74300000
1776297600000,1.41000000,1.43000000,1.40000000,1.43000000,1752148.20000000,2481624.94170000
1776312000000,1.42900000,1.44300000,1.42100000,1.43300000,2349418.00000000,3365206.09910000
1776326400000,1.43200000,1.43300000,1.39800000,1.40500000,3413115.20000000,4821686.85450000
1776340800000,1.40500000,1.41600000,1.36700000,1.41500000,4102239.00000000,5710668.83550000
1776355200000,1.41600000,1.43500000,1.38400000,1.43200000,3025003.10000000,4261582.05260000
1776369600000,1.43200000,1.44200000,1.41800000,1.43200000,1924901.00000000,2752053.48750000
1776384000000,1.43200000,1.43400000,1.40400000,1.40900000,1408248.50000000,1999825.67250000
1776398400000,1.40900000,1.42700000,1.39400000,1.42500000,1271162.10000000,1789493.45230000
1776412800000,1.42600000,1.43200000,1.36900000,1.39400000,8218535.20000000,11437198.38580000
1776427200000,1.39500000,1.44200000,1.38900000,1.41100000,5681314.30000000,8048608.55160000
1776441600000,1.41200000,1.43100000,1.40900000,1.42400000,2958395.30000000,4206007.09860000
1776456000000,1.42400000,1.42800000,1.40300000,1.40700000,1503363.20000000,2128304.41410000
1776470400000,1.40600000,1.40800000,1.39100000,1.39800000,2232201.90000000,3121811.38050000
1776484800000,1.39900000,1.42100000,1.39700000,1.41800000,1517781.70000000,2141655.96570000
1776499200000,1.41800000,1.42000000,1.38500000,1.39000000,2763250.80000000,3872420.56290000
1776513600000,1.39000000,1.39300000,1.37000000,1.37700000,1474093.50000000,2035586.80730000
1776528000000,1.37600000,1.38500000,1.35100000,1.35800000,2348185.80000000,3203496.85460000
1776542400000,1.35800000,1.36000000,1.34300000,1.34300000,1398276.90000000,1888355.13330000
1776556800000,1.34400000,1.35000000,1.33000000,1.34300000,1642146.50000000,2198039.24880000
1776571200000,1.34200000,1.35800000,1.32400000,1.33400000,1670386.50000000,2237399.05580000
1776585600000,1.33500000,1.36000000,1.33000000,1.35900000,1220389.40000000,1640776.30020000
1776600000000,1.35900000,1.38900000,1.35000000,1.36600000,5326129.90000000,7320938.10600000
1776614400000,1.36600000,1.36800000,1.34500000,1.35900000,1904641.50000000,2583176.59060000
1776628800000,1.35900000,1.35900000,1.32200000,1.32500000,1822252.80000000,2434983.82990000
1776643200000,1.32600000,1.36000000,1.32500000,1.35900000,1802351.20000000,2426832.34830000
1776657600000,1.35900000,1.36500000,1.33900000,1.34900000,1587156.80000000,2143198.51440000
1776672000000,1.34900000,1.36000000,1.33900000,1.35000000,1411556.80000000,1906018.82450000
1776686400000,1.35000000,1.36400000,1.33500000,1.35200000,2568845.60000000,3478372.06640000
1776700800000,1.35200000,1.37100000,1.34400000,1.36000000,1367274.20000000,1859553.57490000
1776715200000,1.36000000,1.37300000,1.35400000,1.36200000,1446974.80000000,1974922.88000000
1776729600000,1.36300000,1.37200000,1.34900000,1.35500000,1141554.50000000,1552022.89100000
1776744000000,1.35500000,1.38200000,1.35200000,1.38000000,1218639.30000000,1669799.66620000
1776758400000,1.37900000,1.39900000,1.37500000,1.39400000,1706917.90000000,2368166.19970000
1776772800000,1.39400000,1.39600000,1.36400000,1.37600000,3351435.00000000,4609031.88530000
1776787200000,1.37600000,1.38200000,1.35100000,1.35600000,2060367.50000000,2812747.97550000
1776801600000,1.35500000,1.38800000,1.35400000,1.38500000,1337632.50000000,1834539.02430000
1776816000000,1.38600000,1.40500000,1.37700000,1.40500000,1728007.20000000,2407419.97480000
1776830400000,1.40500000,1.41500000,1.39900000,1.41400000,1993741.00000000,2807498.86590000
1776844800000,1.41400000,1.42700000,1.41300000,1.42400000,1220649.10000000,1732121.72860000
1776859200000,1.42500000,1.43200000,1.41000000,1.42400000,1909896.80000000,2715020.92640000
1776873600000,1.42400000,1.42400000,1.40500000,1.41600000,1452493.60000000,2058877.88080000
1776888000000,1.41700000,1.41700000,1.39900000,1.40200000,953750.40000000,1344140.13430000
1776902400000,1.40200000,1.40800000,1.37500000,1.38000000,1767632.40000000,2461206.56860000
1776916800000,1.38000000,1.39300000,1.37700000,1.38500000,1008077.10000000,1396789.74480000
1776931200000,1.38500000,1.39100000,1.37000000,1.39000000,1128274.30000000,1555828.31600000
1776945600000,1.38900000,1.41200000,1.38300000,1.40900000,1541748.00000000,2150809.51200000
1776960000000,1.41000000,1.41400000,1.37700000,1.39300000,2173562.00000000,3032035.75840000
1776974400000,1.39200000,1.40900000,1.39200000,1.40500000,1056125.90000000,1480162.57750000
1776988800000,1.40600000,1.41200000,1.39600000,1.40600000,905907.50000000,1272275.44830000
1777003200000,1.40600000,1.41700000,1.40100000,1.40900000,700452.90000000,987145.16870000
1777017600000,1.40900000,1.42500000,1.40400000,1.42100000,1288764.70000000,1822176.14250000
1777032000000,1.42000000,1.42800000,1.40600000,1.42700000,1255245.80000000,1777750.88110000
1777046400000,1.42700000,1.43300000,1.40900000,1.41300000,2146063.40000000,3047862.50620000
1777060800000,1.41400000,1.41900000,1.40000000,1.40900000,958797.40000000,1351357.57840000
1777075200000,1.40800000,1.41800000,1.40200000,1.41600000,902148.30000000,1270581.66160000
1777089600000,1.41700000,1.42200000,1.41100000,1.41500000,824758.70000000,1167832.71230000
1777104000000,1.41500000,1.41900000,1.40200000,1.40500000,484797.40000000,684372.68380000
1777118400000,1.40500000,1.40800000,1.39900000,1.40200000,590811.10000000,829644.84600000
1777132800000,1.40200000,1.40500000,1.38800000,1.39100000,617531.40000000,861177.68140000
1777147200000,1.39100000,1.40400000,1.39000000,1.40200000,534342.90000000,747017.53660000
1777161600000,1.40200000,1.40200000,1.38700000,1.39400000,683181.90000000,952215.59160000
1777176000000,1.39400000,1.41200000,1.39300000,1.40800000,757923.60000000,1063810.98370000
1777190400000,1.40900000,1.41300000,1.40300000,1.40400000,1258137.50000000,1769494.72520000
1777204800000,1.40400000,1.40400000,1.38500000,1.39000000,1738546.80000000,2421065.80210000
1777219200000,1.39000000,1.39800000,1.38400000,1.39100000,693138.70000000,963346.73100000
1777233600000,1.39200000,1.39900000,1.37900000,1.39400000,1272614.50000000,1770563.82140000
1777248000000,1.39500000,1.41300000,1.39200000,1.40500000,1518877.10000000,2132190.39160000
1777262400000,1.40400000,1.40500000,1.36700000,1.37000000,2105394.30000000,2910710.48880000
1777276800000,1.37000000,1.38100000,1.36700000,1.37800000,746864.50000000,1027071.27460000
1777291200000,1.37900000,1.38000000,1.34600000,1.34800000,3128743.60000000,4274145.25980000
1777305600000,1.34700000,1.35800000,1.34000000,1.34600000,741228.40000000,1000856.35300000
1777320000000,1.34600000,1.36600000,1.34600000,1.36400000,579801.90000000,785968.00240000
1777334400000,1.36400000,1.36400000,1.35200000,1.36000000,675491.10000000,918010.36680000
1777348800000,1.36000000,1.36700000,1.34600000,1.35200000,770150.10000000,1044988.26820000
1777363200000,1.35200000,1.35500000,1.34200000,1.34700000,531786.70000000,717039.70050000
1777377600000,1.34700000,1.36100000,1.33000000,1.33400000,1556019.80000000,2095750.40790000
1777392000000,1.33300000,1.35400000,1.33100000,1.35000000,1148099.60000000,1541324.23950000
1777406400000,1.35100000,1.35400000,1.34400000,1.34700000,433649.70000000,584986.08660000
1777420800000,1.34700000,1.36600000,1.34400000,1.36500000,777227.80000000,1052705.72110000
1777435200000,1.36500000,1.37400000,1.36100000,1.36200000,883900.00000000,1208838.55620000
1777449600000,1.36200000,1.37300000,1.35500000,1.35600000,1053271.30000000,1434861.21300000
1777464000000,1.35700000,1.35700000,1.31700000,1.32000000,1781418.60000000,2386889.64620000
1777478400000,1.32000000,1.32900000,1.29300000,1.31200000,2143324.10000000,2813767.38120000
1777492800000,1.31300000,1.32900000,1.31200000,1.32800000,611934.90000000,809158.84640000
1777507200000,1.32800000,1.34300000,1.32200000,1.33000000,647288.90000000,862485.14210000
1777521600000,1.32900000,1.33000000,1.31500000,1.32800000,739859.70000000,978298.90650000
1777536000000,1.32900000,1.33200000,1.31800000,1.32400000,838215.40000000,1110465.26010000
1777550400000,1.32500000,1.32900000,1.30600000,1.31200000,742361.60000000,977763.94940000
1777564800000,1.31200000,1.31300000,1.30100000,1.30400000,459814.00000000,601319.89590000
1777579200000,1.30300000,1.30500000,1.29100000,1.29700000,522147.00000000,677964.95120000
1777593600000,1.29800000,1.32000000,1.29300000,1.30900000,873999.00000000,1140414.65970000
1777608000000,1.31000000,1.31400000,1.29500000,1.29800000,469270.00000000,612000.41240000
1777622400000,1.29800000,1.30200000,1.29400000,1.29900000,432250.40000000,561234.63740000
1777636800000,1.29800000,1.31300000,1.28700000,1.29500000,2033029.30000000,2649388.69570000
1777651200000,1.29500000,1.29800000,1.28600000,1.29400000,1434524.10000000,1850205.91580000
1777665600000,1.29400000,1.29400000,1.27900000,1.28800000,788755.40000000,1015343.84940000
1777680000000,1.28900000,1.30000000,1.28600000,1.29700000,632975.00000000,819192.83520000
1777694400000,1.29800000,1.29900000,1.28500000,1.28900000,640547.10000000,826512.42150000
1777708800000,1.29000000,1.29600000,1.27800000,1.28100000,580978.60000000,747865.91960000
1777723200000,1.28200000,1.28900000,1.27800000,1.28800000,573917.50000000,736148.72800000
1777737600000,1.28800000,1.30100000,1.28700000,1.29200000,444352.20000000,574284.57340000
1777752000000,1.29300000,1.30500000,1.29000000,1.30000000,623367.20000000,809034.20030000
1777766400000,1.30100000,1.30400000,1.27700000,1.28300000,563048.20000000,726467.52400000
1777780800000,1.28200000,1.28700000,1.27500000,1.28000000,523280.40000000,670385.33030000
1777795200000,1.27900000,1.28400000,1.26800000,1.27700000,626271.70000000,799330.35850000
1777809600000,1.27700000,1.28300000,1.26800000,1.27300000,811229.60000000,1034095.18940000
1777824000000,1.27400000,1.27900000,1.26900000,1.27800000,496233.50000000,632313.29120000
1777838400000,1.27800000,1.28600000,1.26900000,1.27500000,1036760.30000000,1325972.76520000
1777852800000,1.27600000,1.30100000,1.26200000,1.29700000,1723627.70000000,2214018.29230000
1777867200000,1.29800000,1.31200000,1.28100000,1.28400000,1379004.90000000,1787761.73700000
1777881600000,1.28400000,1.28500000,1.24500000,1.25300000,3060394.20000000,3862914.63680000
1777896000000,1.25300000,1.28300000,1.24700000,1.26800000,3327545.00000000,4207532.61080000
1777910400000,1.26900000,1.28300000,1.26100000,1.27600000,1526003.60000000,1943665.78300000
1777924800000,1.27600000,1.28800000,1.25600000,1.26200000,3599828.10000000,4566115.21180000
1777939200000,1.26200000,1.27600000,1.25800000,1.27000000,1996466.30000000,2526975.98430000
1777953600000,1.27000000,1.28100000,1.26900000,1.27300000,1409782.40000000,1798464.94800000
1777968000000,1.27300000,1.28100000,1.26900000,1.28000000,1460420.70000000,1862042.54140000
1777982400000,1.28000000,1.29500000,1.27300000,1.27300000,2031123.00000000,2608262.36990000
1777996800000,1.27400000,1.29100000,1.26500000,1.29100000,1441924.80000000,1838638.23620000
1778011200000,1.29000000,1.31700000,1.28800000,1.29600000,3545315.50000000,4621100.62160000
1778025600000,1.29600000,1.32200000,1.28800000,1.31700000,1707838.40000000,2227619.22760000
1778040000000,1.31800000,1.35900000,1.30800000,1.35900000,4107993.10000000,5453750.01850000
1778054400000,1.35900000,1.48200000,1.35800000,1.48200000,11321738.70000000,16119520.79120000
1778068800000,1.48200000,1.51700000,1.43100000,1.51000000,10127093.90000000,14934470.78930000
1778083200000,1.51000000,1.52800000,1.49300000,1.50400000,5843646.50000000,8824860.32240000
1778097600000,1.50500000,1.54700000,1.47600000,1.48700000,4858101.40000000,7311117.79330000
1778112000000,1.48800000,1.50200000,1.46400000,1.48800000,4554134.80000000,6751559.46620000
1778126400000,1.48700000,1.52900000,1.48100000,1.50400000,4921352.30000000,7399480.35530000
1778140800000,1.50300000,1.50400000,1.46500000,1.47400000,2142994.80000000,3175856.78490000
1778155200000,1.47400000,1.50500000,1.46600000,1.48300000,3156861.70000000,4690351.69830000
1778169600000,1.48200000,1.49400000,1.45500000,1.45900000,2025839.70000000,2989309.26630000
1778184000000,1.45900000,1.47300000,1.45100000,1.47000000,1667644.50000000,2439704.09750000
1778198400000,1.47000000,1.48700000,1.45500000,1.48200000,1228745.50000000,1808813.20780000
1778212800000,1.48100000,1.53900000,1.47800000,1.53500000,4540145.80000000,6874348.95490000
1778227200000,1.53500000,1.58200000,1.51100000,1.55100000,8721976.90000000,13573118.03790000
1778241600000,1.55000000,1.58800000,1.52200000,1.58200000,4988998.70000000,7764807.53270000
1778256000000,1.58100000,1.58300000,1.53500000,1.57000000,4397709.40000000,6853626.28130000
1778270400000,1.57000000,1.60300000,1.56800000,1.59800000,2457254.30000000,3892963.18570000
1778284800000,1.59800000,1.61800000,1.57900000,1.60000000,3605113.80000000,5770199.04750000
1778299200000,1.60000000,1.60600000,1.56700000,1.57400000,2012671.90000000,3192049.26830000
1778313600000,1.57400000,1.59000000,1.56400000,1.58800000,1411980.10000000,2228689.05920000
1778328000000,1.58800000,1.59100000,1.55100000,1.55700000,2060695.60000000,3226248.16370000
1778342400000,1.55700000,1.57700000,1.55000000,1.56100000,1103772.00000000,1722163.05900000
1778356800000,1.56100000,1.57400000,1.55600000,1.56800000,799902.70000000,1251239.25450000
1778371200000,1.56800000,1.56800000,1.54500000,1.55500000,1125578.20000000,1750197.52330000
1778385600000,1.55600000,1.57300000,1.54900000,1.56300000,744397.10000000,1160082.65230000
1778400000000,1.56300000,1.58100000,1.56200000,1.56300000,1226477.80000000,1926548.21050000
1778414400000,1.56300000,1.58500000,1.56200000,1.58000000,1463325.30000000,2303398.84360000
1778428800000,1.58000000,1.62600000,1.57600000,1.62300000,2445251.30000000,3911347.57010000
1778443200000,1.62300000,1.63100000,1.53600000,1.56400000,4468817.10000000,7008846.93300000
1778457600000,1.56400000,1.57100000,1.52100000,1.52900000,2101513.30000000,3247751.70330000
1778472000000,1.52900000,1.56500000,1.51800000,1.56100000,1937463.40000000,2991391.65710000
1778486400000,1.56200000,1.57500000,1.54000000,1.54400000,1978661.80000000,3076142.13280000
1778500800000,1.54500000,1.55200000,1.51000000,1.52200000,3622841.30000000,5541688.89890000
1778515200000,1.52100000,1.55400000,1.51800000,1.55200000,1757884.00000000,2698210.11780000
1778529600000,1.55200000,1.56000000,1.53600000,1.54800000,1466170.70000000,2273694.46520000
1778544000000,1.54800000,1.54900000,1.50400000,1.52100000,1697206.40000000,2591473.12650000
1778558400000,1.52100000,1.58800000,1.52000000,1.58100000,3579987.80000000,5596048.08640000
1778572800000,1.58200000,1.60800000,1.53700000,1.55200000,5124034.50000000,8058160.93670000
1778587200000,1.55300000,1.57700000,1.51500000,1.55100000,4008869.00000000,6204564.33660000
1778601600000,1.55100000,1.64400000,1.52600000,1.60200000,8727727.90000000,13985103.93600000
1778616000000,1.60300000,1.65000000,1.59400000,1.60900000,3289126.30000000,5330441.35140000
1778630400000,1.60900000,1.69200000,1.60100000,1.68800000,7056564.20000000,11729233.28990000
1778644800000,1.68800000,1.68800000,1.60800000,1.62000000,3664075.10000000,6012142.98900000
1778659200000,1.61900000,1.63200000,1.58400000,1.59300000,5163271.00000000,8316834.57610000
1778673600000,1.59400000,1.59900000,1.54900000,1.55300000,6713686.30000000,10561248.03280000
1778688000000,1.55300000,1.61500000,1.55300000,1.58700000,4896303.00000000,7755693.24740000
1778702400000,1.58600000,1.59400000,1.55600000,1.57400000,1392232.40000000,2190924.67750000
1778716800000,1.57400000,1.62200000,1.53900000,1.55200000,3393891.60000000,5363810.42120000
1778731200000,1.55300000,1.58400000,1.54700000,1.57600000,1980003.70000000,3096682.61390000
1778745600000,1.57600000,1.59200000,1.54900000,1.56200000,2474221.20000000,3873283.46540000
1778760000000,1.56100000,1.62000000,1.55400000,1.61600000,2458335.90000000,3896822.38300000
1778774400000,1.61600000,1.63500000,1.57900000,1.58100000,3287192.20000000,5275576.77540000
1778788800000,1.58100000,1.59200000,1.56300000,1.57300000,1699752.50000000,2683686.68780000
1778803200000,1.57300000,1.58100000,1.55200000,1.57500000,1773979.00000000,2781881.36600000
1778817600000,1.57500000,1.59300000,1.53900000,1.57800000,2879257.80000000,4494224.73850000
1778832000000,1.57800000,1.58400000,1.53600000,1.55400000,1860756.60000000,2887709.44660000
1778846400000,1.55400000,1.55900000,1.50900000,1.52300000,3275149.80000000,5011815.94530000
1778860800000,1.52400000,1.57700000,1.52200000,1.54600000,2305996.90000000,3589682.80650000
1778875200000,1.54600000,1.54700000,1.53100000,1.54500000,975514.30000000,1500221.11150000
1778889600000,1.54400000,1.55400000,1.53600000,1.55300000,885792.40000000,1366851.48260000
1778904000000,1.55300000,1.55500000,1.48600000,1.50300000,2919655.50000000,4409419.54890000
1778918400000,1.50200000,1.51600000,1.48000000,1.49500000,3809622.40000000,5709102.43820000
1778932800000,1.49600000,1.50200000,1.47900000,1.49000000,1257283.30000000,1872205.70210000
1778947200000,1.49100000,1.50500000,1.48900000,1.50200000,998800.30000000,1496334.59840000
1778961600000,1.50200000,1.50200000,1.49000000,1.49600000,324457.10000000,485264.51680000
1778976000000,1.49700000,1.51000000,1.47800000,1.50500000,1335850.60000000,1990546.00110000
1778990400000,1.50400000,1.53700000,1.50300000,1.53200000,1075764.10000000,1637931.46180000
1779004800000,1.53300000,1.56000000,1.52400000,1.55300000,1626597.00000000,2515700.09650000
1779019200000,1.55300000,1.55700000,1.52100000,1.52500000,1275839.10000000,1957606.08870000
1779033600000,1.52600000,1.53300000,1.51300000,1.52700000,885387.30000000,1348189.15930000
1779048000000,1.52600000,1.54900000,1.46900000,1.50800000,2686404.60000000,4046970.25710000
1779062400000,1.50800000,1.52100000,1.49100000,1.50200000,1824711.00000000,2748274.54650000
1779076800000,1.50300000,1.51500000,1.48100000,1.48400000,1991646.60000000,2980704.22350000
1779091200000,1.48400000,1.53000000,1.47800000,1.52000000,2474777.40000000,3722610.23150000
1779105600000,1.52100000,1.53500000,1.48700000,1.51400000,2748827.80000000,4149952.10670000
1779120000000,1.51500000,1.58600000,1.51000000,1.57500000,3998591.30000000,6184011.45090000
1779134400000,1.57500000,1.62900000,1.57500000,1.62600000,3456813.30000000,5542943.27740000
1779148800000,1.62600000,1.64000000,1.60200000,1.61000000,2639385.70000000,4277219.11200000
1779163200000,1.61100000,1.66700000,1.59200000,1.65600000,2995898.60000000,4883494.39890000
1779177600000,1.65600000,1.65900000,1.58100000,1.59700000,3197624.70000000,5192961.25690000
1779192000000,1.59800000,1.63700000,1.59500000,1.62400000,3168622.40000000,5118262.91510000
1779206400000,1.62300000,1.68700000,1.61900000,1.62800000,4786464.80000000,7919923.91090000
1779220800000,1.62800000,1.63400000,1.59800000,1.60200000,1703716.60000000,2753488.45750000
1779235200000,1.60300000,1.60700000,1.58100000,1.59500000,1990836.90000000,3172758.13300000
1779249600000,1.59600000,1.67300000,1.59400000,1.65000000,4522278.80000000,7448874.47220000
1779264000000,1.65000000,1.66000000,1.63500000,1.64000000,2010954.90000000,3310924.81290000
1779278400000,1.64000000,1.71100000,1.62800000,1.68700000,5770711.50000000,9658828.64460000
1779292800000,1.68800000,1.70200000,1.66000000,1.68900000,4812854.50000000,8084002.51080000
1779307200000,1.68800000,1.72900000,1.67300000,1.70300000,4185240.80000000,7114424.07310000
1779321600000,1.70300000,1.75800000,1.69600000,1.73700000,4384005.00000000,7565192.80450000
1779336000000,1.73800000,1.78300000,1.70300000,1.72400000,4755647.50000000,8307026.50080000
1779350400000,1.72500000,1.78500000,1.72200000,1.74000000,5027087.00000000,8824955.45130000
1779364800000,1.74000000,1.83000000,1.72300000,1.80700000,6379914.40000000,11344108.98190000
1779379200000,1.80600000,1.93300000,1.76500000,1.92400000,10125499.50000000,18699809.57560000
1779393600000,1.92400000,1.96700000,1.91200000,1.92700000,7891729.50000000,15304453.82980000
1779408000000,1.92700000,2.13400000,1.91800000,2.12000000,15569369.20000000,31832005.77180000
1779422400000,2.11900000,2.26800000,2.10300000,2.24200000,17331735.50000000,37875101.33960000
1779436800000,2.24100000,2.30500000,2.19500000,2.23000000,14606816.70000000,32957746.30230000
1779451200000,2.23000000,2.33700000,2.18500000,2.19900000,17105902.80000000,38688446.94960000
1779465600000,2.19800000,2.23800000,2.09900000,2.11700000,10339094.60000000,22418646.75360000
1779480000000,2.11700000,2.13900000,2.05100000,2.10200000,8343801.90000000,17442614.78490000
1779494400000,2.10300000,2.13600000,2.06700000,2.11400000,8477891.90000000,17777355.33030000
1779508800000,2.11400000,2.11900000,2.01800000,2.02700000,6830609.70000000,14061042.98850000
1779523200000,2.02800000,2.10100000,2.01000000,2.08200000,4975468.90000000,10287366.41350000
1779537600000,2.08100000,2.27500000,2.03900000,2.26000000,14262056.20000000,30845017.72940000
1779552000000,2.26000000,2.47400000,2.24100000,2.39000000,21461329.50000000,50847696.49000000
1779566400000,2.38900000,2.47400000,2.33900000,2.45200000,13080493.40000000,31595737.14120000
1779580800000,2.45200000,2.46400000,2.35700000,2.38700000,6608935.20000000,15848402.82920000
1779595200000,2.38800000,2.43400000,2.32900000,2.39000000,7446955.00000000,17735927.96930000
1779609600000,2.39000000,2.40400000,2.33400000,2.40000000,3892121.80000000,9229548.05070000
1779624000000,2.40000000,2.50900000,2.35600000,2.44000000,10889154.70000000,26509957.25620000
1779638400000,2.44000000,2.47800000,2.39200000,2.42500000,7051829.00000000,17163000.94430000
1779652800000,2.42600000,2.50500000,2.37100000,2.39500000,7548249.10000000,18366975.46430000
1779667200000,2.39600000,2.42600000,2.33700000,2.34900000,5494825.20000000,13061486.65420000
1779681600000,2.34900000,2.41600000,2.34200000,2.38400000,4121603.00000000,9809944.46270000
1779696000000,2.38400000,2.47500000,2.36800000,2.44200000,7284219.60000000,17692941.16030000
1779710400000,2.44200000,2.71900000,2.43000000,2.71300000,21587446.70000000,56190949.00710000
1779724800000,2.71300000,2.82400000,2.67000000,2.75700000,13560210.20000000,37268032.31570000
1779739200000,2.75700000,2.80600000,2.71900000,2.77200000,7761303.80000000,21470849.47410000
1779753600000,2.77200000,2.77600000,2.66600000,2.72300000,9989870.20000000,27209730.29920000
1779768000000,2.72400000,2.80600000,2.70500000,2.72100000,9109018.70000000,25071114.22150000
1779782400000,2.72100000,2.97800000,2.68100000,2.85500000,16304048.00000000,46105639.16080000
1779796800000,2.85400000,2.91300000,2.73800000,2.76300000,19367671.60000000,54504716.31730000
1779811200000,2.76300000,2.76300000,2.59000000,2.65400000,9231405.10000000,24749423.70810000
1779825600000,2.65400000,2.67600000,2.52700000,2.55300000,6562209.40000000,17153941.97290000
1779840000000,2.55400000,2.60300000,2.46100000,2.48900000,13621309.00000000,34362127.87990000
1779854400000,2.48800000,2.55000000,2.46900000,2.52300000,5947278.70000000,14975847.98550000
1779868800000,2.52300000,2.58300000,2.45300000,2.52200000,10946485.70000000,27554941.86900000
1779883200000,2.52200000,2.62500000,2.49900000,2.58100000,10857092.60000000,27672503.86250000
1779897600000,2.58000000,2.73900000,2.50800000,2.67200000,10938527.40000000,28352702.16490000
1779912000000,2.67200000,2.67400000,2.47000000,2.48900000,8759521.50000000,22473190.33260000
1779926400000,2.48900000,2.50800000,2.36800000,2.38500000,7737773.00000000,18804537.42500000
1779940800000,2.38500000,2.43600000,2.36400000,2.41500000,7238196.10000000,17362561.20820000
1779955200000,2.41500000,2.42900000,2.36600000,2.38800000,4008354.90000000,9618507.42490000
1779969600000,2.38700000,2.38900000,2.26900000,2.30200000,10294799.80000000,23934416.37180000
1779984000000,2.30100000,2.43600000,2.29000000,2.39000000,4775471.30000000,11320379.51300000
1779998400000,2.39100000,2.47900000,2.35500000,2.42000000,5979353.20000000,14561464.14720000
1780012800000,2.42000000,2.56200000,2.41900000,2.45800000,12076979.60000000,30266491.16420000
1780027200000,2.45800000,2.57600000,2.44500000,2.50000000,6095643.60000000,15288643.67040000
1780041600000,2.49900000,2.55100000,2.47500000,2.48700000,9311202.80000000,23290022.23970000
1780056000000,2.48700000,2.60300000,2.40600000,2.55400000,12170470.40000000,30141171.95350000
1780070400000,2.55300000,2.63300000,2.51900000,2.53900000,8504253.80000000,21980954.46120000
1780084800000,2.54000000,2.56400000,2.36200000,2.38000000,8815073.60000000,21677795.56310000
1780099200000,2.38000000,2.40300000,2.35400000,2.35500000,3652856.50000000,8690563.69300000
1780113600000,2.35500000,2.40200000,2.24800000,2.40000000,6444975.60000000,15007342.08100000
1780128000000,2.39900000,2.44400000,2.38500000,2.41400000,3666745.30000000,8854769.90830000
1780142400000,2.41500000,2.43200000,2.33000000,2.34100000,3517084.30000000,8391620.23590000
1780156800000,2.34100000,2.36200000,2.27600000,2.30400000,4053622.10000000,9398761.59920000
1780171200000,2.30500000,2.32500000,2.22600000,2.25000000,3818054.40000000,8687495.76910000
1780185600000,2.25100000,2.28600000,2.23000000,2.27900000,3308599.20000000,7462072.56170000
1780200000000,2.27800000,2.35000000,2.27100000,2.30500000,5618904.80000000,13032559.39260000
1780214400000,2.30500000,2.31600000,2.23900000,2.27400000,5689998.00000000,12922700.26260000
1780228800000,2.27300000,2.35400000,2.26800000,2.31600000,5332091.10000000,12324037.35680000
1780243200000,2.31600000,2.32200000,2.21500000,2.24600000,3421985.00000000,7728059.29790000
1780257600000,2.24600000,2.35800000,2.24100000,2.32000000,4025509.50000000,9308648.07550000
1780272000000,2.32100000,2.42100000,2.26100000,2.38100000,7320889.10000000,17230273.46020000
1780286400000,2.38100000,2.39900000,2.29100000,2.30800000,5682850.60000000,13256764.96460000
1780300800000,2.30800000,2.37000000,2.28600000,2.32000000,5922949.90000000,13776230.43530000
1780315200000,2.32000000,2.45000000,2.29700000,2.41000000,13628310.10000000,32484000.98050000
1780329600000,2.40900000,2.65300000,2.38200000,2.61500000,13328045.10000000,33573032.44980000
1780344000000,2.61500000,2.70900000,2.56900000,2.63800000,11886693.40000000,31444191.46320000
1780358400000,2.63800000,2.75500000,2.56200000,2.73400000,9784485.70000000,25816574.04420000
1780372800000,2.73400000,2.75900000,2.56700000,2.60100000,7433737.10000000,19596563.52970000
1780387200000,2.60200000,2.71800000,2.59200000,2.67400000,9111367.90000000,24177520.81720000
1780401600000,2.67300000,2.73700000,2.45900000,2.48400000,13402262.70000000,34835201.20800000
1780416000000,2.48400000,2.65700000,2.45500000,2.63100000,12985399.30000000,33280207.75510000
1780430400000,2.63100000,2.77500000,2.53700000,2.62800000,13737335.20000000,36520005.05270000
1780444800000,2.62900000,2.77300000,2.62800000,2.68200000,11248920.90000000,30434778.63160000
1780459200000,2.68200000,2.89600000,2.68000000,2.85900000,10341617.80000000,29146241.51760000
1780473600000,2.85800000,2.97700000,2.81800000,2.95100000,14920330.90000000,43197938.28090000
1780488000000,2.95100000,3.08700000,2.90300000,2.94400000,18921736.40000000,56697032.44880000
1780502400000,2.94400000,2.95500000,2.76300000,2.85300000,16632144.60000000,47375875.81180000
1780516800000,2.85200000,2.93700000,2.77500000,2.81700000,7163293.40000000,20407853.22600000
1780531200000,2.81700000,2.85400000,2.63200000,2.73200000,16839024.40000000,46361913.02380000
1780545600000,2.73100000,2.75800000,2.37900000,2.40400000,16914679.30000000,42876959.94000000
1780560000000,2.40300000,2.44900000,2.29400000,2.44900000,18767558.70000000,44240471.24650000
1780574400000,2.44900000,2.48900000,2.34500000,2.39200000,13846685.50000000,33315564.64210000
1780588800000,2.39300000,2.48600000,2.32600000,2.34800000,7924597.50000000,19060875.42810000
1780603200000,2.34800000,2.35200000,2.17000000,2.20000000,10739137.80000000,24133765.97300000
1780617600000,2.20000000,2.30300000,2.09200000,2.12800000,13251107.80000000,29094158.06580000
1780632000000,2.12800000,2.23600000,1.98700000,2.10100000,22512489.30000000,47418819.23620000
1780646400000,2.10200000,2.11700000,1.99600000,2.01800000,11392010.40000000,23379780.48040000
1780660800000,2.01700000,2.08300000,1.90700000,1.92000000,16931971.50000000,33828018.00490000
1780675200000,1.91900000,2.00500000,1.82500000,1.97500000,17911851.50000000,34529427.54840000
1780689600000,1.97500000,2.04800000,1.93600000,1.96900000,8516748.90000000,16974495.82230000
1780704000000,1.96900000,2.00700000,1.94100000,1.94600000,5149246.30000000,10170807.34400000
1780718400000,1.94600000,1.97300000,1.82900000,1.93700000,9996619.50000000,19097210.76700000
1780732800000,1.93800000,1.95200000,1.85400000,1.91800000,5167203.60000000,9830459.79210000
1780747200000,1.91700000,1.92100000,1.82700000,1.88700000,5765628.30000000,10811134.43160000
1780761600000,1.88800000,1.91500000,1.85000000,1.86100000,3913539.30000000,7348636.73510000
1780776000000,1.86000000,1.89400000,1.84600000,1.85900000,2504560.30000000,4675004.56780000
1780790400000,1.85900000,1.95500000,1.81300000,1.84900000,14687346.40000000,27693586.44790000
1780804800000,1.84900000,1.95100000,1.83900000,1.91000000,6022173.40000000,11446765.10650000
1780819200000,1.91000000,1.96200000,1.88200000,1.91900000,4717051.90000000,9058762.85170000
1780833600000,1.91900000,2.06200000,1.85700000,2.02400000,10493812.30000000,20723444.23720000
1780848000000,2.02400000,2.10100000,1.95500000,1.96800000,10788522.40000000,21999757.83640000
1780862400000,1.96700000,2.10000000,1.95600000,2.05900000,5624907.00000000,11412250.07080000
1780876800000,2.05900000,2.11000000,2.01400000,2.07600000,6950529.10000000,14372920.20020000
1780891200000,2.07600000,2.19700000,2.01900000,2.14300000,10080122.30000000,21339925.89410000
1780905600000,2.14200000,2.18500000,2.10500000,2.12500000,5813714.30000000,12459990.52840000
1780920000000,2.12500000,2.23100000,2.09500000,2.21300000,7842979.90000000,16990126.76940000
1780934400000,2.21300000,2.26500000,2.16800000,2.18900000,7011077.60000000,15482155.95070000
1780948800000,2.19000000,2.20700000,2.11800000,2.13000000,5327073.00000000,11468876.23670000
1780963200000,2.13000000,2.13800000,2.04500000,2.05100000,5587770.20000000,11588961.69790000
1780977600000,2.05000000,2.20400000,2.04700000,2.18200000,4878336.20000000,10458380.43200000
1780992000000,2.18200000,2.20100000,2.12700000,2.15900000,4226009.10000000,9125064.43310000
1781006400000,2.15800000,2.19100000,2.04800000,2.07800000,6511693.50000000,13837581.36040000
1781020800000,2.07700000,2.22000000,2.03300000,2.21800000,7282463.70000000,15447268.25880000
1781035200000,2.21900000,2.26100000,2.14200000,2.15200000,5225072.20000000,11505545.00000000
1781049600000,2.15100000,2.20600000,2.11300000,2.13400000,6524271.80000000,14053167.00380000
1781064000000,2.13500000,2.15100000,2.00100000,2.08200000,5833421.30000000,12082574.77650000
1781078400000,2.08300000,2.10000000,2.03000000,2.03900000,3488318.90000000,7208871.29330000
1781092800000,2.03900000,2.17500000,2.02600000,2.09500000,7622474.90000000,16086728.27460000
1781107200000,2.09500000,2.11300000,2.00300000,2.01000000,5372746.40000000,10983425.41390000
1781121600000,2.00900000,2.02500000,1.93000000,1.96900000,5846387.90000000,11521026.15480000
1781136000000,1.97000000,2.05000000,1.95000000,2.02800000,5775474.50000000,11524738.63590000
1781150400000,2.02800000,2.08400000,2.00900000,2.03800000,4488488.70000000,9196828.18760000
1781164800000,2.03900000,2.07900000,1.98700000,2.06400000,6562444.20000000,13313748.61640000
1781179200000,2.06400000,2.07000000,1.98400000,2.01200000,6082896.10000000,12284410.38640000
1781193600000,2.01200000,2.08200000,1.95900000,2.04000000,6321750.30000000,12835486.30580000
1781208000000,2.04100000,2.11900000,2.01400000,2.06600000,3599451.00000000,7446647.22730000
1781222400000,2.06600000,2.10900000,2.03200000,2.08300000,2511023.70000000,5212988.60680000
1781236800000,2.08300000,2.13400000,2.02000000,2.08900000,4343354.60000000,9026928.64130000
1781251200000,2.08900000,2.15500000,2.07800000,2.09300000,3918312.80000000,8283983.98940000
1781265600000,2.09200000,2.12700000,2.03300000,2.03800000,5988536.90000000,12467322.40850000
1781280000000,2.03800000,2.07100000,2.00600000,2.00800000,3386226.30000000,6904602.53850000
1781294400000,2.00800000,2.02100000,1.97700000,2.01100000,2791067.00000000,5583444.49050000
1781308800000,2.01100000,2.03500000,1.99800000,2.01400000,2019759.50000000,4066178.34170000
1781323200000,2.01300000,2.05700000,1.99000000,2.02700000,2426878.70000000,4902931.74010000
1781337600000,2.02600000,2.04800000,2.01400000,2.04300000,1893808.20000000,3847883.97100000
1781352000000,2.04200000,2.18400000,2.03900000,2.18000000,4706732.80000000,9877237.89340000
1781366400000,2.18000000,2.18700000,2.09100000,2.10400000,4638869.70000000,9876939.26250000
1781380800000,2.10400000,2.14300000,2.08600000,2.12900000,1821225.60000000,3854078.72050000
1781395200000,2.12800000,2.17300000,2.10900000,2.14000000,3702696.60000000,7927480.09250000
1781409600000,2.14000000,2.14300000,2.09000000,2.10300000,1998634.20000000,4226105.30890000
1781424000000,2.10400000,2.13200000,2.08500000,2.10900000,1939841.40000000,4094357.89440000
1781438400000,2.11000000,2.11500000,2.06300000,2.07000000,2270205.90000000,4731734.80570000
1781452800000,2.07000000,2.11100000,2.06800000,2.10300000,1828756.90000000,3818609.22490000
1781467200000,2.10400000,2.23700000,2.10100000,2.21800000,5810641.10000000,12716311.23830000
1781481600000,2.21800000,2.32200000,2.21000000,2.31800000,5039247.60000000,11388237.03980000
1781496000000,2.31900000,2.41300000,2.31700000,2.37500000,6262518.70000000,14825995.67770000
1781510400000,2.37500000,2.50100000,2.34900000,2.49500000,7484724.60000000,18159661.84900000
1781524800000,2.49600000,2.54500000,2.44200000,2.48800000,9281032.60000000,23109834.16510000
1781539200000,2.48800000,2.53100000,2.46100000,2.46800000,3937245.20000000,9811453.86200000
1781553600000,2.46800000,2.49100000,2.36800000,2.39400000,4641852.40000000,11246178.49620000
1781568000000,2.39400000,2.43000000,2.34100000,2.39900000,3219750.80000000,7686056.51080000
1781582400000,2.39900000,2.46500000,2.36800000,2.45300000,3221928.40000000,7810500.37310000
1781596800000,2.45300000,2.56200000,2.42500000,2.43900000,8482558.90000000,21122517.90860000
1781611200000,2.44000000,2.45700000,2.31000000,2.33900000,9293945.80000000,22023655.54360000
1781625600000,2.33900000,2.36000000,2.28900000,2.30400000,3770031.70000000,8765326.80970000
1781640000000,2.30400000,2.38600000,2.30000000,2.30800000,3382845.50000000,7919436.15100000
1781654400000,2.30800000,2.36000000,2.30300000,2.31600000,3468496.30000000,8081130.78250000
1781668800000,2.31700000,2.34800000,2.27100000,2.31600000,2968331.10000000,6866930.26070000
1781683200000,2.31600000,2.32000000,2.25800000,2.28600000,2563785.50000000,5852058.63560000
1781697600000,2.28600000,2.38500000,2.27300000,2.38200000,4111385.10000000,9535214.47610000
1781712000000,2.38200000,2.38900000,2.23000000,2.23700000,7588243.60000000,17478925.64690000
1781726400000,2.23700000,2.27500000,2.17200000,2.18200000,7880007.60000000,17417649.02410000
1781740800000,2.18100000,2.24700000,2.17600000,2.20700000,3125069.70000000,6908868.71100000
1781755200000,2.20700000,2.22200000,2.15000000,2.21700000,3321478.90000000,7245173.53100000
1781769600000,2.21700000,2.23800000,2.18700000,2.20500000,2393543.90000000,5313416.76750000
1781784000000,2.20500000,2.30100000,2.16800000,2.18000000,6532455.60000000,14675396.31840000
1781798400000,2.17900000,2.23000000,2.13000000,2.19700000,5808880.70000000,12688274.24970000
1781812800000,2.19800000,2.24000000,2.18400000,2.23700000,2102810.70000000,4646330.78040000
1781827200000,2.23700000,2.25500000,2.10400000,2.13500000,4032409.80000000,8776982.86680000
1781841600000,2.13500000,2.15400000,2.09500000,2.11900000,3440103.10000000,7314824.99630000
1781856000000,2.12000000,2.15100000,2.09700000,2.10100000,2432330.80000000,5148752.05910000
1781870400000,2.10200000,2.18100000,2.08400000,2.16500000,4179646.30000000,8938557.43900000
1781884800000,2.16500000,2.18200000,2.11900000,2.12300000,1873084.90000000,4025111.04840000
1781899200000,2.12400000,2.19200000,2.12200000,2.18700000,1270965.80000000,2739859.32450000
1781913600000,2.18600000,2.19200000,2.15200000,2.16000000,1461290.70000000,3174430.62340000
1781928000000,2.16100000,2.19300000,2.13800000,2.14100000,1527005.30000000,3310511.99810000
1781942400000,2.14100000,2.16000000,2.12200000,2.13500000,1233423.20000000,2641373.66130000
1781956800000,2.13500000,2.18000000,2.09900000,2.16400000,3416339.80000000,7304071.04580000
1781971200000,2.16500000,2.19700000,2.13500000,2.15500000,2186048.20000000,4724746.07770000
1781985600000,2.15500000,2.20500000,2.14600000,2.19400000,1477903.10000000,3218188.22170000
1782000000000,2.19400000,2.22700000,2.16900000,2.20800000,1664121.30000000,3658224.08710000
1782014400000,2.20800000,2.25000000,2.18800000,2.21800000,1609575.80000000,3567782.83610000
1782028800000,2.21800000,2.27900000,2.20100000,2.23500000,3303074.00000000,7419783.21250000
1782043200000,2.23500000,2.23600000,2.16000000,2.20400000,2330176.20000000,5101782.28270000
1782057600000,2.20400000,2.20600000,2.14500000,2.18100000,2114409.00000000,4593189.91580000
1782072000000,2.18200000,2.18200000,2.09000000,2.10200000,3824908.10000000,8110847.57470000
1782086400000,2.10200000,2.18500000,2.09700000,2.14000000,3120002.80000000,6726523.00080000
1782100800000,2.14100000,2.19900000,2.13000000,2.17200000,1736765.50000000,3752389.08790000
1782115200000,2.17200000,2.17300000,2.13400000,2.16600000,1924249.60000000,4142346.96850000
1782129600000,2.16600000,2.19100000,2.11300000,2.12100000,3487467.10000000,7513666.27170000
1782144000000,2.12100000,2.14000000,2.10300000,2.11300000,1480342.50000000,3138236.45170000
1782158400000,2.11200000,2.14900000,2.05600000,2.06900000,3630978.30000000,7633948.50380000
1782172800000,2.06800000,2.07000000,2.02000000,2.06300000,3487673.20000000,7134617.39150000
1782187200000,2.06200000,2.07000000,1.99900000,2.01800000,4456161.40000000,9047190.25830000
1782201600000,2.01800000,2.02300000,1.96200000,2.01100000,3348498.40000000,6666879.19870000
1782216000000,2.01100000,2.01300000,1.96700000,1.98000000,3379866.80000000,6738783.32480000
1782230400000,1.97900000,2.00700000,1.96400000,1.98100000,2088104.30000000,4132957.94320000
1782244800000,1.98100000,2.00200000,1.96900000,1.98200000,1273546.70000000,2528192.05070000
1782259200000,1.98200000,2.00500000,1.95600000,1.97000000,1362484.20000000,2701022.90140000
1782273600000,1.97000000,1.99100000,1.94900000,1.95600000,1515992.70000000,2986201.87400000
1782288000000,1.95600000,1.98400000,1.93800000,1.97400000,1613339.20000000,3155482.45850000
1782302400000,1.97400000,1.98100000,1.89500000,1.91400000,4099014.60000000,7933677.18700000
1782316800000,1.91400000,1.93200000,1.86000000,1.90700000,5518180.20000000,10417307.07800000
1782331200000,1.90700000,1.98000000,1.90200000,1.96500000,2522137.60000000,4918065.48420000
1782345600000,1.96500000,1.97200000,1.93500000,1.94300000,908500.60000000,1773641.95680000
1782360000000,1.94300000,1.97800000,1.92800000,1.97100000,1577302.30000000,3090231.78940000
1782374400000,1.97100000,1.97400000,1.90300000,1.90500000,3008963.20000000,5838036.14030000
1782388800000,1.90500000,1.95000000,1.80500000,1.86400000,8554548.00000000,15997375.00870000
1782403200000,1.86400000,1.89000000,1.82100000,1.83300000,4078799.30000000,7576809.16750000
1782417600000,1.83300000,1.86100000,1.77700000,1.83500000,4935251.40000000,8993372.46220000
1782432000000,1.83500000,1.84200000,1.75800000,1.82600000,4619476.20000000,8278364.16090000
1782446400000,1.82600000,1.86400000,1.79800000,1.85000000,3719228.50000000,6837675.09140000
1782460800000,1.85000000,1.85100000,1.78100000,1.79000000,3155271.10000000,5711876.57690000
1782475200000,1.79100000,1.81800000,1.75200000,1.80300000,5435312.60000000,9727792.52370000
1782489600000,1.80400000,1.84200000,1.78900000,1.80700000,4975643.90000000,9023272.93960000
1782504000000,1.80700000,1.83000000,1.78000000,1.80400000,4715350.20000000,8492976.84590000
1782518400000,1.80400000,1.83700000,1.79000000,1.81000000,1749346.50000000,3173695.96220000
1782532800000,1.81000000,1.82000000,1.79700000,1.81300000,2170585.30000000,3924858.85080000
1782547200000,1.81300000,1.82500000,1.79200000,1.82200000,1396072.60000000,2521459.69270000
1782561600000,1.82200000,1.90300000,1.81200000,1.89500000,4564920.10000000,8473602.66060000
1782576000000,1.89500000,1.93000000,1.83500000,1.86100000,6322958.70000000,11906520.90040000
1782590400000,1.86100000,1.91400000,1.85600000,1.86800000,3126290.50000000,5876707.92830000
1782604800000,1.86900000,1.95000000,1.86900000,1.91000000,3589349.20000000,6864300.78730000
1782619200000,1.91000000,1.91000000,1.84200000,1.87300000,2374801.10000000,4435335.70950000
1782633600000,1.87300000,1.89200000,1.85000000,1.87000000,1825245.20000000,3412165.76370000
1782648000000,1.86900000,1.88600000,1.84800000,1.86600000,1977913.30000000,3691724.83070000
1782662400000,1.86700000,1.87100000,1.81300000,1.82500000,3910391.10000000,7173446.30370000
1782676800000,1.82500000,1.85400000,1.80300000,1.83400000,2700269.50000000,4945855.88820000
1782691200000,1.83400000,1.88200000,1.80700000,1.86700000,2216474.00000000,4077080.14220000
1782705600000,1.86600000,1.87700000,1.82100000,1.86600000,1577144.80000000,2921911.39820000
1782720000000,1.86700000,1.87400000,1.83100000,1.84000000,1887027.60000000,3484010.82550000
1782734400000,1.84100000,1.87700000,1.81500000,1.84700000,4389139.90000000,8087433.97430000
1782748800000,1.84700000,1.91600000,1.84000000,1.89500000,3103721.90000000,5865286.30250000
1782763200000,1.89500000,1.90000000,1.85400000,1.86500000,2979931.10000000,5573930.98950000
1782777600000,1.86500000,1.86700000,1.82800000,1.85200000,1745197.70000000,3212730.16200000
1782792000000,1.85100000,1.87500000,1.84200000,1.85800000,1906306.90000000,3548221.30610000
1782806400000,1.85700000,1.86200000,1.83100000,1.84600000,2410700.20000000,4445851.56750000
1782820800000,1.84600000,1.84600000,1.75900000,1.78800000,6141507.90000000,10995987.69240000
1782835200000,1.78800000,1.81200000,1.77400000,1.79800000,2638982.00000000,4739230.81950000
1782849600000,1.79700000,1.80200000,1.77800000,1.78200000,1046755.40000000,1872695.05350000
1782864000000,1.78300000,1.84400000,1.72300000,1.84100000,4442920.80000000,7899801.80430000
1782878400000,1.84100000,1.85500000,1.78800000,1.79500000,2350757.30000000,4286299.03040000
1782892800000,1.79500000,1.80300000,1.77400000,1.78900000,3179461.50000000,5680614.51640000
1782907200000,1.79000000,1.87900000,1.76900000,1.84100000,5489454.60000000,10037246.82800000
1782921600000,1.84200000,1.85100000,1.81600000,1.82900000,3308770.10000000,6073297.73350000
1782936000000,1.83000000,1.87800000,1.80300000,1.80700000,2727419.80000000,5033114.69600000
1782950400000,1.80700000,1.92700000,1.80200000,1.92300000,6745102.80000000,12671241.67790000
1782964800000,1.92300000,1.92600000,1.89400000,1.91700000,1990714.80000000,3810567.37620000
1782979200000,1.91600000,1.95500000,1.91100000,1.94600000,3269212.90000000,6333560.15390000
1782993600000,1.94600000,1.95500000,1.90000000,1.91400000,3684903.00000000,7103853.90640000
1783008000000,1.91500000,1.95100000,1.90500000,1.94000000,1737039.50000000,3358254.13960000
1783022400000,1.94000000,1.94900000,1.91700000,1.94300000,1957191.10000000,3782773.87530000
1783036800000,1.94300000,1.96800000,1.92000000,1.95900000,2252808.20000000,4393051.61790000
1783051200000,1.95900000,1.96800000,1.93500000,1.95600000,1339469.50000000,2616252.31080000
1783065600000,1.95600000,2.02200000,1.95000000,2.01500000,2741882.20000000,5447327.96480000
1783080000000,2.01500000,2.11600000,2.01500000,2.03500000,7352795.60000000,15219578.40850000
1783094400000,2.03500000,2.04200000,1.99600000,2.01000000,2755862.60000000,5557873.33420000
1783108800000,2.01000000,2.06200000,2.00200000,2.04500000,2179858.30000000,4440324.89980000
1783123200000,2.04400000,2.05700000,2.00300000,2.01000000,2170500.90000000,4396419.86750000
1783137600000,2.00900000,2.01700000,1.96900000,1.97900000,2122157.30000000,4229939.57780000
1783152000000,1.98000000,1.98400000,1.95800000,1.96800000,1484182.70000000,2924622.87480000
1783166400000,1.96800000,2.04700000,1.96600000,2.03700000,2963392.80000000,5940503.34600000
1783180800000,2.03800000,2.04000000,1.99200000,2.00400000,2035429.40000000,4108993.51360000
1783195200000,2.00400000,2.01400000,1.98100000,1.99900000,1284926.00000000,2567629.39070000
1783209600000,1.99800000,2.00000000,1.96000000,1.96600000,1678940.20000000,3318795.19380000
1783224000000,1.96600000,1.97800000,1.93800000,1.95800000,1566171.70000000,3063185.11410000
1783238400000,1.95800000,1.96500000,1.92100000,1.94700000,1388831.20000000,2698192.47700000
1783252800000,1.94700000,1.99400000,1.94000000,1.98000000,1354559.10000000,2672517.32950000
1783267200000,1.98000000,2.00700000,1.96500000,1.99900000,874723.50000000,1734959.34260000
1783281600000,2.00000000,2.06000000,1.99900000,2.01700000,2022070.90000000,4097402.77670000
1783296000000,2.01700000,2.03900000,1.97600000,1.99700000,2263084.70000000,4541591.29250000
1783310400000,1.99700000,1.99800000,1.96900000,1.99000000,1318902.30000000,2616968.97730000
1783324800000,1.99100000,2.03600000,1.96900000,1.99600000,1759802.40000000,3522808.65600000
1783339200000,1.99600000,2.09500000,1.95200000,2.07700000,8579709.30000000,17293227.75080000
1783353600000,2.07700000,2.11000000,2.04800000,2.06900000,3933023.40000000,8161277.47230000
1783368000000,2.07000000,2.10000000,2.04900000,2.05300000,1669895.10000000,3461067.89240000
1783382400000,2.05300000,2.08200000,2.01500000,2.02100000,2030001.40000000,4166623.02240000
1783396800000,2.02000000,2.04100000,1.98500000,2.02400000,2133292.60000000,4293358.51020000
1783411200000,2.02500000,2.03400000,2.00000000,2.03100000,2048786.80000000,4134477.71600000
1783425600000,2.03100000,2.06900000,1.98000000,2.06500000,3863593.00000000,7818797.33210000
1783440000000,2.06500000,2.07800000,1.99700000,2.01900000,3700202.30000000,7589451.52300000
1783454400000,2.02000000,2.02600000,1.96800000,1.97700000,1976992.50000000,3938033.16910000
1783468800000,1.97700000,1.99400000,1.88800000,1.92900000,4634650.50000000,8938279.40380000
1783483200000,1.92900000,1.93600000,1.89500000,1.90500000,1627138.60000000,3116842.22370000
1783497600000,1.90500000,1.91900000,1.86000000,1.88100000,3597440.40000000,6775718.97650000
1783512000000,1.88200000,1.88800000,1.84200000,1.85500000,2927248.20000000,5464758.11590000
1783526400000,1.85600000,1.88900000,1.85300000,1.88200000,1404770.90000000,2633749.65850000
1783540800000,1.88200000,1.89900000,1.86000000,1.89200000,1095447.90000000,2061523.98780000
1783555200000,1.89200000,1.92100000,1.87400000,1.90000000,1437832.20000000,2723108.06110000
1783569600000,1.90100000,1.94000000,1.89400000,1.91800000,1858104.80000000,3570447.84100000
1783584000000,1.91700000,1.93100000,1.89200000,1.90000000,1070422.60000000,2044836.06600000
1783598400000,1.90100000,1.94700000,1.89700000,1.91500000,2988962.80000000,5748356.41170000
1783612800000,1.91400000,1.94200000,1.90500000,1.92000000,1652758.30000000,3180543.64380000
1783627200000,1.92100000,1.93100000,1.91400000,1.92000000,590633.80000000,1135708.33530000
1783641600000,1.92000000,1.96700000,1.90300000,1.94300000,1986619.90000000,3854292.50470000
1783656000000,1.94200000,1.94600000,1.92600000,1.93200000,712059.60000000,1379705.77750000
1783670400000,1.93200000,1.95300000,1.93100000,1.93500000,1392686.40000000,2705718.91480000
1783684800000,1.93500000,1.93900000,1.87800000,1.89900000,3195723.90000000,6092057.54520000
1783699200000,1.89900000,1.90800000,1.85800000,1.87600000,2104734.80000000,3966365.28250000
1783713600000,1.87600000,1.89900000,1.86600000,1.89300000,640409.10000000,1205614.99440000
1783728000000,1.89200000,1.91900000,1.88700000,1.91100000,706428.40000000,1345098.76550000
1783742400000,1.91200000,1.91500000,1.87800000,1.88300000,889461.70000000,1689977.68820000
1783756800000,1.88300000,1.90500000,1.87700000,1.90300000,874081.20000000,1654415.36460000
1783771200000,1.90300000,1.92400000,1.89200000,1.90500000,1451847.20000000,2768355.27810000
1783785600000,1.90500000,1.91200000,1.89100000,1.90300000,836338.60000000,1590753.11730000
1783800000000,1.90300000,1.91900000,1.86500000,1.86900000,1432202.20000000,2716495.00320000
1783814400000,1.86800000,1.89100000,1.85700000,1.89000000,1178992.20000000,2211458.24460000
1783828800000,1.89000000,1.89500000,1.86100000,1.87600000,821822.40000000,1543237.55210000
1783843200000,1.87600000,1.89500000,1.87000000,1.89100000,731437.60000000,1379132.81940000
1783857600000,1.89000000,1.91100000,1.88100000,1.90000000,1167832.60000000,2210809.58540000
1783872000000,1.90000000,1.93700000,1.89200000,1.93300000,1726261.10000000,3301937.93330000
1783886400000,1.93400000,1.93900000,1.88400000,1.88900000,1628777.90000000,3102962.16750000
1783900800000,1.88900000,1.93400000,1.86000000,1.86700000,2367486.10000000,4487549.13050000
1783915200000,1.86700000,1.92200000,1.85700000,1.91100000,1598974.40000000,3022440.70950000
1783929600000,1.91200000,1.93200000,1.90700000,1.91400000,1993352.30000000,3827870.05630000
1783944000000,1.91500000,1.97700000,1.88900000,1.93800000,4251066.40000000,8218947.55710000
1783958400000,1.93800000,1.96300000,1.88800000,1.91600000,3291242.00000000,6337463.14070000
1783972800000,1.91500000,1.92200000,1.87700000,1.92200000,1856510.50000000,3525367.16570000
1783987200000,1.92300000,1.97000000,1.91400000,1.96100000,2450865.70000000,4775105.07500000
1784001600000,1.96100000,2.01400000,1.95400000,1.99300000,4084822.50000000,8135862.83030000
1784016000000,1.99200000,2.01000000,1.96800000,1.98900000,1765142.60000000,3510417.86050000
1784030400000,1.98900000,2.06600000,1.97600000,2.04600000,5952204.10000000,12078405.12560000
1784044800000,2.04600000,2.04700000,2.01800000,2.02300000,1740294.70000000,3537865.23210000
1784059200000,2.02300000,2.03000000,2.00200000,2.01300000,2026291.20000000,4087935.07670000
1784073600000,2.01300000,2.02800000,2.00100000,2.02200000,1485567.70000000,2991783.56960000
1784088000000,2.02100000,2.04200000,2.00200000,2.00700000,1207398.80000000,2440856.56310000
1784102400000,2.00800000,2.09400000,1.99900000,2.08000000,2530631.60000000,5195600.66360000
1784116800000,2.08000000,2.10800000,2.06300000,2.07800000,3439686.20000000,7173372.21260000
1784131200000,2.07800000,2.08200000,2.03300000,2.03700000,1681459.50000000,3462699.94400000
1784145600000,2.03700000,2.08700000,2.03600000,2.06700000,1001844.90000000,2069175.89360000
1784160000000,2.06700000,2.08200000,2.05200000,2.06500000,1025903.40000000,2118277.43390000
1784174400000,2.06500000,2.06500000,2.04300000,2.05100000,1481080.60000000,3039769.72840000
1784188800000,2.05100000,2.05300000,2.00800000,2.03200000,2827453.70000000,5740160.20920000
1784203200000,2.03200000,2.08500000,2.02100000,2.06800000,2251764.00000000,4644264.28210000
1784217600000,2.06700000,2.08200000,2.01800000,2.02800000,1713199.50000000,3512700.95780000
1784232000000,2.02800000,2.04700000,1.95900000,1.96500000,1851457.20000000,3696285.49890000
1784246400000,1.96400000,2.00800000,1.95800000,1.99200000,1646301.40000000,3258123.42940000
1784260800000,1.99100000,1.99800000,1.93000000,1.94000000,2542859.60000000,4962453.10230000
1784275200000,1.94000000,1.94300000,1.88000000,1.91500000,2758259.60000000,5264296.75950000
1784289600000,1.91500000,1.94800000,1.89300000,1.92000000,3074620.40000000,5892430.69160000
1784304000000,1.92000000,1.94100000,1.91200000,1.92600000,1429168.10000000,2749668.30180000
1784318400000,1.92500000,1.93700000,1.91500000,1.92700000,674692.60000000,1297826.03130000
1784332800000,1.92800000,1.94500000,1.92100000,1.93700000,853891.70000000,1651554.65120000
1784347200000,1.93700000,1.93800000,1.90500000,1.90900000,721507.40000000,1383699.21130000
1784361600000,1.90800000,1.93000000,1.89300000,1.90600000,2379819.90000000,4538617.63040000
1784376000000,1.90600000,1.93100000,1.90400000,1.91700000,1370408.70000000,2624355.16980000
1784390400000,1.91700000,1.94600000,1.91300000,1.93400000,1069323.60000000,2063297.49270000
1784404800000,1.93500000,1.94200000,1.92600000,1.93200000,766896.00000000,1482942.96380000
1784419200000,1.93200000,1.93800000,1.91600000,1.91900000,584997.10000000,1126574.55900000
1784433600000,1.91900000,1.94100000,1.91500000,1.93500000,406342.90000000,784071.97880000
1784448000000,1.93600000,1.94800000,1.91900000,1.92200000,878596.50000000,1698175.72580000
1784462400000,1.92200000,1.93600000,1.91200000,1.92000000,1927546.70000000,3705610.12090000
1784476800000,1.92100000,1.92300000,1.89600000,1.91800000,3850948.00000000,7362904.21150000
1784491200000,1.91800000,1.93100000,1.90300000,1.91700000,1011760.30000000,1937613.19210000
1784505600000,1.91700000,1.94100000,1.90200000,1.92600000,1666610.10000000,3208895.06450000
1784520000000,1.92600000,1.92900000,1.89900000,1.92600000,1082409.80000000,2069946.54720000
1784534400000,1.92600000,1.96500000,1.91800000,1.95900000,2064290.30000000,3998745.60360000
1784548800000,1.96000000,1.98800000,1.94600000,1.98200000,3714154.30000000,7323028.49260000
1784563200000,1.98200000,1.99000000,1.95800000,1.96900000,1680582.50000000,3322311.21520000
1784577600000,1.97000000,1.98400000,1.95700000,1.98000000,531080.20000000,1047199.92610000
1784592000000,1.97900000,2.02800000,1.97200000,2.02500000,1626132.60000000,3257112.18800000
1784606400000,2.02500000,2.06600000,2.01600000,2.01800000,1905383.70000000,3883194.39620000
1784620800000,2.01700000,2.02200000,1.98900000,2.00000000,1483404.50000000,2974720.24040000
1784635200000,1.99900000,2.00200000,1.94800000,1.95400000,2337598.50000000,4618740.89150000
1784649600000,1.95400000,1.95900000,1.91700000,1.93500000,2422293.30000000,4684028.70420000
1784664000000,1.93500000,1.94000000,1.92400000,1.93800000,983343.50000000,1902567.62820000
1784678400000,1.93700000,1.95400000,1.90900000,1.91300000,1275614.00000000,2467129.30180000
1784692800000,1.91300000,1.92600000,1.86700000,1.88000000,2138535.70000000,4054312.50150000
1784707200000,1.88000000,1.89300000,1.86600000,1.88800000,1835179.10000000,3451194.80920000
1784721600000,1.88900000,1.90300000,1.87100000,1.89000000,2162843.00000000,4082000.74780000
1784736000000,1.89000000,1.90100000,1.85100000,1.86000000,2103171.30000000,3935947.35620000
1784750400000,1.85900000,1.87200000,1.85300000,1.86900000,810744.20000000,1510983.36920000
1784764800000,1.87000000,1.88100000,1.86000000,1.86600000,837242.20000000,1565671.24490000
1784779200000,1.86500000,1.87800000,1.85400000,1.86400000,936372.40000000,1747370.27550000
1784793600000,1.86300000,1.90500000,1.86000000,1.88800000,1244714.30000000,2345465.53530000
1784808000000,1.88800000,1.89900000,1.86900000,1.88100000,1759334.50000000,3314577.84280000
1784822400000,1.88100000,1.89500000,1.86900000,1.87800000,833628.40000000,1567999.35370000
1784836800000,1.87800000,1.89600000,1.87800000,1.88400000,506768.10000000,956224.86920000
1784851200000,1.88400000,1.90500000,1.87500000,1.90300000,1081032.90000000,2045270.13380000
1784865600000,1.90300000,1.91700000,1.89100000,1.90200000,1102971.40000000,2099253.13090000
1784880000000,1.90200000,1.91700000,1.87700000,1.88600000,792070.10000000,1501600.01770000
1784894400000,1.88600000,1.88600000,1.79000000,1.82200000,4182916.70000000,7650523.31870000
1784908800000,1.82100000,1.82400000,1.79900000,1.80800000,1139828.70000000,2065314.68030000
1784923200000,1.80900000,1.82000000,1.80100000,1.80600000,860415.30000000,1559185.87080000
1784937600000,1.80700000,1.81500000,1.78900000,1.81500000,973188.20000000,1753296.64250000
1784952000000,1.81400000,1.81700000,1.77600000,1.78400000,1335056.00000000,2391489.06740000
1784966400000,1.78300000,1.79500000,1.77800000,1.79000000,657675.90000000,1175148.84790000
1784980800000,1.79100000,1.80200000,1.78600000,1.79700000,688390.10000000,1235397.51330000
1784995200000,1.79700000,1.80300000,1.78800000,1.79700000,477167.30000000,857385.01140000
1785009600000,1.79700000,1.80300000,1.79000000,1.79200000,418989.00000000,752778.82980000
1785024000000,1.79300000,1.79900000,1.78600000,1.79800000,482434.00000000,864826.20760000
1785038400000,1.79900000,1.81400000,1.78800000,1.80300000,1152238.10000000,2075909.10850000
1785052800000,1.80400000,1.81000000,1.79600000,1.79700000,805971.70000000,1452505.35750000
1785067200000,1.79700000,1.80400000,1.78800000,1.80300000,902504.90000000,1620799.17700000
1785081600000,1.80300000,1.80600000,1.78800000,1.79500000,443641.80000000,797042.79180000
1785096000000,1.79500000,1.84300000,1.79000000,1.83700000,1407698.20000000,2556479.98300000
1785110400000,1.83800000,1.86000000,1.82200000,1.85800000,1341724.70000000,2472588.13000000
1785124800000,1.85800000,1.86000000,1.83700000,1.83900000,1011384.20000000,1870365.06670000
1785139200000,1.84000000,1.85000000,1.82500000,1.82700000,766432.00000000,1409427.12720000
1785153600000,1.82700000,1.83500000,1.77100000,1.77300000,2356007.60000000,4251360.54220000
1785168000000,1.77300000,1.78600000,1.72500000,1.74300000,3818398.30000000,6667707.04700000
1785182400000,1.74300000,1.74900000,1.68000000,1.69000000,2722051.30000000,4654233.35750000
1785196800000,1.69000000,1.69700000,1.66800000,1.68200000,1662062.70000000,2795758.60880000
1785211200000,1.68300000,1.68300000,1.65500000,1.67700000,1116930.40000000,1864106.85090000
1785225600000,1.67700000,1.68500000,1.65700000,1.66100000,920890.70000000,1539970.27830000
1785240000000,1.66200000,1.67800000,1.62200000,1.66600000,2795853.30000000,4614071.94820000
1785254400000,1.66500000,1.66600000,1.63500000,1.64200000,1050124.00000000,1730769.51650000
1785268800000,1.64200000,1.66300000,1.64100000,1.65400000,816825.90000000,1347173.66690000
1785283200000,1.65400000,1.66800000,1.60600000,1.60700000,1485969.40000000,2429517.07600000
1785297600000,1.60800000,1.62700000,1.58800000,1.60800000,3390427.60000000,5445465.67720000
1785312000000,1.60800000,1.60800000,1.57100000,1.59100000,3501579.00000000,5562399.92260000
1785326400000,1.59100000,1.59900000,1.57200000,1.58100000,1367063.80000000,2169586.69410000
1785340800000,1.58100000,1.64000000,1.57700000,1.59800000,2462599.40000000,3966090.53810000
1785355200000,1.59800000,1.62500000,1.57200000,1.62200000,2033756.30000000,3247051.89510000
1785369600000,1.62200000,1.63400000,1.60600000,1.62800000,1031309.90000000,1672440.78060000
1785384000000,1.62900000,1.64300000,1.61800000,1.62800000,983526.70000000,1605043.53670000
1785398400000,1.62800000,1.67200000,1.62200000,1.65700000,1858167.80000000,3067510.48000000
1785412800000,1.65800000,1.66800000,1.64400000,1.66600000,1786523.40000000,2957394.21340000
1785427200000,1.66600000,1.69300000,1.65700000,1.69000000,1182210.00000000,1982900.40590000
1785441600000,1.69000000,1.69900000,1.67300000,1.67700000,1083330.30000000,1828363.41920000
1785456000000,1.67800000,1.68600000,1.63500000,1.65100000,1684004.10000000,2799250.73400000
1785470400000,1.65100000,1.66700000,1.64100000,1.65800000,912446.40000000,1508476.96240000
1785484800000,1.65700000,1.65900000,1.63500000,1.64300000,742931.20000000,1223278.40430000
1785499200000,1.64300000,1.69300000,1.63700000,1.66500000,5185288.80000000,8648290.91930000
1785513600000,1.66600000,1.71000000,1.66100000,1.69000000,2090808.00000000,3540349.88360000
1785528000000,1.69000000,1.69100000,1.65700000,1.66500000,1147622.60000000,1919172.01130000
1785542400000,1.66500000,1.68500000,1.65900000,1.67400000,969617.50000000,1621704.07820000
1785556800000,1.67400000,1.68000000,1.66100000,1.66300000,653004.10000000,1090972.34580000
1785571200000,1.66300000,1.66800000,1.64400000,1.66300000,986070.40000000,1632976.24500000
1785585600000,1.66300000,1.68200000,1.65400000,1.66900000,1533516.40000000,2555288.37520000
1785600000000,1.67000000,1.68700000,1.64700000,1.65900000,1559575.10000000,2600185.90130000
1785614400000,1.65800000,1.68000000,1.65400000,1.67400000,551319.40000000,919779.06490000
1785628800000,1.67500000,1.71000000,1.67200000,1.70800000,2226234.40000000,3785738.91310000
1785643200000,1.70900000,1.73300000,1.70500000,1.71800000,1367238.30000000,2350526.29530000
1785657600000,1.71800000,1.72400000,1.69200000,1.69900000,750093.40000000,1283353.08720000
1785672000000,1.69900000,1.70500000,1.69300000,1.69500000,399390.70000000,678742.47020000
1785686400000,1.69500000,1.72500000,1.69100000,1.70700000,3932622.00000000,6717275.64460000
1785700800000,1.70800000,1.72500000,1.70400000,1.71800000,730041.10000000,1253020.78350000
1785715200000,1.71700000,1.72000000,1.69300000,1.70300000,719873.70000000,1228096.43250000
1785729600000,1.70200000,1.72000000,1.70100000,1.70900000,692251.40000000,1184488.18010000
1785744000000,1.71000000,1.73000000,1.70600000,1.71000000,1215124.30000000,2088019.81410000
1785758400000,1.71000000,1.75300000,1.70100000,1.74800000,1746666.20000000,3032245.85030000
1785772800000,1.74800000,1.75400000,1.73400000,1.74200000,1159904.50000000,2023284.39040000
1785787200000,1.74200000,1.75100000,1.72800000,1.73600000,464740.80000000,809040.38600000
1785801600000,1.73500000,1.76900000,1.73100000,1.76300000,917411.30000000,1606925.28600000
1785816000000,1.76200000,1.77000000,1.74200000,1.75100000,858789.50000000,1510298.28230000
1785830400000,1.75100000,1.75400000,1.73300000,1.74500000,441366.80000000,768640.20320000
1785844800000,1.74400000,1.74400000,1.71800000,1.73400000,1503475.80000000,2607289.79950000
1785859200000,1.73400000,1.74900000,1.72200000,1.74200000,608599.70000000,1056705.10380000
1785873600000,1.74200000,1.74600000,1.72900000,1.73100000,413437.40000000,718168.72720000
1785888000000,1.73100000,1.73500000,1.69100000,1.70200000,1388684.20000000,2386824.87280000
1785902400000,1.70100000,1.73000000,1.69400000,1.72700000,742700.20000000,1273121.90310000
1785916800000,1.72700000,1.72800000,1.69500000,1.69900000,797609.00000000,1364298.61040000
1785931200000,1.69900000,1.71000000,1.68000000,1.69400000,1471524.50000000,2493903.29620000
1785945600000,1.69400000,1.72200000,1.69100000,1.70500000,750283.80000000,1283854.45710000
1785960000000,1.70500000,1.71200000,1.69200000,1.69900000,613068.30000000,1042123.76880000
1785974400000,1.69900000,1.72000000,1.69500000,1.71700000,1174627.00000000,2007449.54860000
1785988800000,1.71800000,1.73400000,1.71300000,1.71400000,1057341.90000000,1825195.07690000
1786003200000,1.71400000,1.71400000,1.67400000,1.69100000,1254990.60000000,2119298.63250000
1786017600000,1.69100000,1.70400000,1.67100000,1.67500000,1575502.10000000,2660084.00550000
1786032000000,1.67400000,1.67800000,1.65200000,1.65800000,2352708.40000000,3918415.84180000
1786046400000,1.65800000,1.66800000,1.65300000,1.65700000,542955.40000000,900566.07530000
1786060800000,1.65800000,1.67000000,1.64300000,1.64300000,975263.90000000,1615592.30710000
1786075200000,1.64300000,1.64900000,1.62000000,1.64400000,2133317.50000000,3491267.88170000
1786089600000,1.64500000,1.66800000,1.64200000,1.64800000,2184216.70000000,3612393.62170000
1786104000000,1.64800000,1.65800000,1.61200000,1.61300000,2442341.10000000,3995126.03390000
1786118400000,1.61300000,1.61900000,1.58800000,1.59100000,2012378.50000000,3221232.84210000
1786132800000,1.59000000,1.59900000,1.57800000,1.59200000,1445651.90000000,2299025.90660000
1786147200000,1.59200000,1.61000000,1.58400000,1.60900000,1034992.70000000,1651055.71970000
1786161600000,1.60900000,1.61200000,1.58400000,1.58900000,1143082.20000000,1826010.00260000
1786176000000,1.59000000,1.61800000,1.58900000,1.61400000,1350044.30000000,2167016.04870000
1786190400000,1.61400000,1.63400000,1.60200000,1.62700000,1458666.40000000,2361287.60280000
1786204800000,1.62700000,1.63700000,1.61900000,1.62800000,1840284.70000000,2993998.94010000
1786219200000,1.62800000,1.63500000,1.60700000,1.61200000,1253583.10000000,2034609.87680000
1786233600000,1.61100000,1.62800000,1.60700000,1.61700000,854810.20000000,1382027.27080000
1786248000000,1.61700000,1.63200000,1.60600000,1.62500000,685004.30000000,1110485.37910000
1786262400000,1.62500000,1.62900000,1.60800000,1.61100000,498723.90000000,806400.60630000
1786276800000,1.61200000,1.63600000,1.61100000,1.63600000,820276.40000000,1330797.06490000
1786291200000,1.63600000,1.64800000,1.62300000,1.63500000,891285.90000000,1459236.42150000
1786305600000,1.63400000,1.64800000,1.59400000,1.60000000,1331054.00000000,2157869.05080000
1786320000000,1.59900000,1.62800000,1.59500000,1.61200000,1466159.10000000,2365126.18660000
1786334400000,1.61200000,1.66300000,1.61000000,1.65200000,1975738.50000000,3248713.47900000
1786348800000,1.65300000,1.66700000,1.64300000,1.65700000,1486686.40000000,2461146.87430000
1786363200000,1.65700000,1.66500000,1.61700000,1.61800000,2026669.60000000,3339298.39030000
1786377600000,1.61700000,1.62600000,1.59500000,1.60500000,2034011.10000000,3274403.42210000
1786392000000,1.60500000,1.61200000,1.59000000,1.60000000,1355318.10000000,2170126.50740000
1786406400000,1.60100000,1.61400000,1.59600000,1.60100000,1471981.90000000,2362980.52770000
1786420800000,1.60100000,1.61700000,1.59500000,1.60100000,1412139.80000000,2264301.20690000
1786435200000,1.60100000,1.61300000,1.59000000,1.59300000,1482217.00000000,2370696.07940000
1786449600000,1.59400000,1.59800000,1.53800000,1.55300000,3449929.50000000,5404402.30460000
1786464000000,1.55200000,1.57500000,1.54600000,1.57500000,1840485.20000000,2868696.81220000
1786478400000,1.57500000,1.62300000,1.57400000,1.62100000,1272419.60000000,2034497.24950000
1786492800000,1.62100000,1.66700000,1.61400000,1.66200000,2691744.40000000,4429080.62230000
1786507200000,1.66300000,1.68300000,1.63700000,1.64900000,2900172.70000000,4822895.14730000
1786521600000,1.64800000,1.66700000,1.63400000,1.64900000,1250941.80000000,2064139.98840000
1786536000000,1.64900000,1.66100000,1.61200000,1.63000000,2668229.80000000,4373633.67820000
1786550400000,1.63000000,1.65700000,1.62900000,1.63500000,1276088.40000000,2098210.36100000
1786564800000,1.63500000,1.64700000,1.61400000,1.64400000,976429.20000000,1593931.84240000
1786579200000,1.64400000,1.66000000,1.63400000,1.65600000,912278.70000000,1504087.46290000
1786593600000,1.65600000,1.68000000,1.65500000,1.67800000,1311485.60000000,2186448.15840000
1786608000000,1.67900000,1.68200000,1.64800000,1.65000000,1152534.50000000,1916185.46520000
1786622400000,1.65000000,1.67300000,1.64000000,1.64100000,1076136.40000000,1784133.86840000
1786636800000,1.64100000,1.64400000,1.62300000,1.62600000,1066088.30000000,1743095.65330000
1786651200000,1.62600000,1.64300000,1.62200000,1.63900000,991279.90000000,1617882.67270000
1786665600000,1.64000000,1.64300000,1.60600000,1.60900000,1651125.00000000,2679477.57050000
1786680000000,1.60800000,1.62200000,1.60100000,1.60300000,925973.00000000,1491137.58990000
1786694400000,1.60400000,1.61200000,1.59800000,1.60100000,649742.10000000,1042640.81090000
1786708800000,1.60100000,1.60400000,1.58100000,1.59200000,1788251.30000000,2844620.59020000
1786723200000,1.59200000,1.61000000,1.59000000,1.60900000,1828669.40000000,2923356.44690000
1786737600000,1.61000000,1.64200000,1.60900000,1.64000000,1575807.80000000,2556331.54280000
1786752000000,1.64100000,1.66900000,1.63800000,1.64600000,1501309.60000000,2477487.27250000
1786766400000,1.64700000,1.65000000,1.63000000,1.63600000,726016.10000000,1190448.30470000
1786780800000,1.63600000,1.64600000,1.62800000,1.63700000,516645.90000000,846233.96560000
1786795200000,1.63700000,1.64100000,1.63100000,1.63600000,539013.20000000,881910.92550000
1786809600000,1.63600000,1.64800000,1.63300000,1.64100000,773079.20000000,1269159.57600000
1786824000000,1.64100000,1.64200000,1.61700000,1.62000000,407776.60000000,664228.97310000
1786838400000,1.61900000,1.61900000,1.60600000,1.61100000,620854.80000000,1001198.80000000
1786852800000,1.61200000,1.61600000,1.60500000,1.61300000,263548.40000000,424678.44170000
1786867200000,1.61400000,1.62700000,1.61100000,1.62700000,343270.20000000,555616.44140000
1786881600000,1.62700000,1.62900000,1.61900000,1.62500000,429204.40000000,697093.02530000
1786896000000,1.62500000,1.62800000,1.60700000,1.61100000,241109.10000000,389511.32660000
1786910400000,1.61100000,1.61300000,1.58500000,1.60300000,797416.50000000,1273969.92530000
1786924800000,1.60300000,1.62500000,1.60000000,1.62300000,834726.60000000,1347739.87460000
1786939200000,1.62300000,1.65600000,1.62100000,1.64500000,1775635.50000000,2911383.58700000
1786953600000,1.64500000,1.65000000,1.62700000,1.64200000,1377722.70000000,2256348.11580000
1786968000000,1.64200000,1.65300000,1.62700000,1.64200000,1662906.30000000,2727485.50290000
1786982400000,1.64200000,1.64200000,1.60600000,1.61800000,1881599.90000000,3047878.44550000
1786996800000,1.61800000,1.64300000,1.61200000,1.63800000,1023554.10000000,1670050.09830000
1787011200000,1.63800000,1.65000000,1.62100000,1.63700000,1226366.50000000,2005455.69260000
1787025600000,1.63600000,1.66600000,1.62900000,1.63200000,1466587.00000000,2419241.41780000
1787040000000,1.63200000,1.63200000,1.61000000,1.62500000,763663.50000000,1236189.68180000
1787054400000,1.62500000,1.64700000,1.60900000,1.63400000,1517354.60000000,2465351.73190000
1787068800000,1.63500000,1.63500000,1.59800000,1.60900000,1613494.10000000,2603284.61130000
1787083200000,1.60900000,1.60900000,1.58600000,1.58800000,1233185.50000000,1968512.08310000
1787097600000,1.58900000,1.60100000,1.56400000,1.60100000,1742271.40000000,2756388.92320000
1787112000000,1.60100000,1.62700000,1.58700000,1.61300000,2326084.90000000,3741587.25720000
1787126400000,1.61200000,1.62900000,1.59900000,1.61900000,1446958.20000000,2337233.48530000
1787140800000,1.61900000,1.69700000,1.61500000,1.66000000,5519985.10000000,9139174.58500000
1787155200000,1.66000000,1.71100000,1.65800000,1.70000000,3054631.30000000,5159119.73070000
1787169600000,1.70100000,1.77200000,1.69900000,1.73100000,4566028.00000000,7923992.66820000
1787184000000,1.73100000,1.75500000,1.71200000,1.71800000,2216883.80000000,3857857.95690000
1787198400000,1.71800000,1.74900000,1.71600000,1.74000000,1015820.50000000,1759525.40280000
1787212800000,1.74000000,1.76900000,1.73800000,1.74900000,2744996.90000000,4822151.12310000
1787227200000,1.74900000,1.75000000,1.70400000,1.73600000,3430120.00000000,5922013.34850000
1787241600000,1.73700000,1.77200000,1.71500000,1.72600000,3173391.90000000,5541010.79520000
1787256000000,1.72600000,1.78200000,1.72200000,1.76600000,1796467.50000000,3159168.51160000
1787270400000,1.76700000,1.81800000,1.76000000,1.80400000,3528385.90000000,6292506.97800000
1787284800000,1.80400000,1.92800000,1.79600000,1.91800000,6412099.90000000,11814053.60040000
1787299200000,1.91800000,1.94900000,1.86500000,1.88600000,8140918.30000000,15481673.15390000
1787313600000,1.88600000,1.93100000,1.85300000,1.89900000,5015027.20000000,9495323.08210000
1787328000000,1.89900000,1.91100000,1.86300000,1.87200000,2200991.40000000,4160203.70780000
1787342400000,1.87200000,1.98900000,1.86600000,1.96800000,6628763.10000000,12983754.61100000
1787356800000,1.96700000,2.12200000,1.95000000,2.09800000,9984156.10000000,20345428.35180000
1787371200000,2.09800000,2.14700000,1.72800000,1.99400000,19986448.10000000,38817149.42110000
1787385600000,1.99500000,1.99800000,1.86200000,1.89700000,8099333.20000000,15548111.76000000
1787400000000,1.89600000,1.92200000,1.86300000,1.86900000,4119128.30000000,7793189.11020000
1787414400000,1.86800000,1.97400000,1.85600000,1.94700000,4970146.60000000,9502327.79530000
1787428800000,1.94700000,1.96600000,1.86600000,1.87700000,3992447.40000000,7619657.40240000
1787443200000,1.87700000,1.92600000,1.82200000,1.83900000,3716551.60000000,6946123.01980000
1787457600000,1.83800000,1.86400000,1.80400000,1.85200000,3685140.20000000,6740785.40270000
1787472000000,1.85100000,1.96600000,1.84500000,1.95900000,5021323.90000000,9652412.19010000
1787486400000,1.95900000,1.99700000,1.90000000,1.95100000,5503932.40000000,10763004.94480000
1787500800000,1.95100000,1.98600000,1.94100000,1.96400000,2777402.40000000,5457534.43870000
1787515200000,1.96300000,2.04000000,1.94700000,2.01600000,5408098.00000000,10864185.48540000
1787529600000,2.01600000,2.07500000,1.94800000,1.97700000,8441974.60000000,17097996.42100000
1787544000000,1.97700000,2.04900000,1.96300000,2.00900000,6082258.60000000,12173321.08620000
1787558400000,2.00900000,2.01300000,1.93400000,1.99100000,4241512.00000000,8364048.78240000
1787572800000,1.99100000,2.04100000,1.94000000,1.99200000,6613393.20000000,13192636.28640000
1787587200000,1.99300000,2.02800000,1.92700000,1.92900000,4359509.00000000,8573123.60140000
1787601600000,1.93000000,1.96100000,1.92900000,1.95500000,1350313.80000000,2627281.50420000
1787616000000,1.95500000,2.00800000,1.93400000,1.97000000,3685873.20000000,7273588.61910000
1787630400000,1.97100000,2.00900000,1.90400000,1.92900000,4259861.10000000,8361353.82480000
1787644800000,1.93000000,1.94900000,1.89900000,1.91900000,3271607.40000000,6293861.97880000
1787659200000,1.91900000,1.93700000,1.88300000,1.91600000,4166924.40000000,7962543.95580000
1787673600000,1.91600000,1.91700000,1.86300000,1.86500000,3065389.50000000,5791731.96650000
1787688000000,1.86600000,1.88900000,1.83100000,1.86000000,2446205.70000000,4557043.85730000
1787702400000,1.86100000,1.90500000,1.85400000,1.87800000,1837928.80000000,3459670.47400000
1787716800000,1.87800000,1.88500000,1.85500000,1.85800000,1201856.30000000,2244638.45920000
1787731200000,1.85700000,1.87500000,1.83800000,1.84800000,1549381.70000000,2873799.96990000
1787745600000,1.84900000,1.86500000,1.80700000,1.82700000,3288064.90000000,6039858.89960000
1787760000000,1.82700000,1.84400000,1.81300000,1.83700000,1723811.40000000,3153889.27430000
1787774400000,1.83600000,1.90800000,1.81700000,1.90100000,2701403.40000000,5058978.42780000
1787788800000,1.90000000,1.90000000,1.85700000,1.86000000,2281901.90000000,4284929.39900000
1787803200000,1.86100000,1.88700000,1.84400000,1.88500000,1257245.10000000,2342396.00070000
1787817600000,1.88600000,1.94700000,1.88000000,1.89300000,3823104.30000000,7334033.83820000
1787832000000,1.89200000,1.93700000,1.88500000,1.91700000,2773061.40000000,5307898.88210000
1787846400000,1.91700000,1.94400000,1.89800000,1.91400000,2247527.60000000,4326377.62210000
1787860800000,1.91400000,1.96100000,1.90600000,1.92800000,1921259.70000000,3726468.44810000
1787875200000,1.92800000,1.96900000,1.87000000,1.88600000,3012310.10000000,5766742.57310000
1787889600000,1.88600000,1.89500000,1.86500000,1.87100000,1215398.80000000,2281223.58330000
1787904000000,1.87200000,1.87600000,1.84700000,1.87300000,1542158.00000000,2873194.00250000
1787918400000,1.87300000,1.88300000,1.83300000,1.83600000,3015759.00000000,5603776.95290000
1787932800000,1.83500000,1.84100000,1.80000000,1.81600000,3400249.80000000,6185184.61720000
1787947200000,1.81600000,1.82700000,1.80000000,1.82400000,1082569.90000000,1965782.01740000
1787961600000,1.82400000,1.83100000,1.80000000,1.80300000,865042.20000000,1567646.84890000
1787976000000,1.80300000,1.81800000,1.78800000,1.79300000,1005997.80000000,1811232.49520000
1787990400000,1.79300000,1.80400000,1.77900000,1.79600000,1090963.90000000,1953661.94640000
1788004800000,1.79700000,1.85300000,1.79500000,1.84000000,1863708.60000000,3403272.04040000
1788019200000,1.84000000,1.86800000,1.83200000,1.85700000,2099479.90000000,3884307.04340000
1788033600000,1.85800000,1.88600000,1.85700000,1.86800000,1686149.00000000,3151072.43120000
1788048000000,1.86800000,1.88800000,1.84600000,1.87400000,1598091.60000000,2986489.42940000
1788062400000,1.87400000,1.89900000,1.86300000,1.88400000,1659416.70000000,3129092.69520000
1788076800000,1.88400000,1.89800000,1.86700000,1.88100000,1330699.80000000,2505484.68040000
1788091200000,1.88200000,1.89700000,1.86800000,1.87100000,1308699.30000000,2459819.32050000
1788105600000,1.87200000,1.92900000,1.87000000,1.89500000,2490457.60000000,4727715.69690000
1788120000000,1.89500000,1.92200000,1.78900000,1.82000000,5623578.90000000,10431276.44270000
1788134400000,1.81900000,1.87600000,1.80700000,1.82400000,3276623.50000000,6031573.10820000
1788148800000,1.82500000,1.85300000,1.81200000,1.84400000,1221624.20000000,2243519.67750000
1788163200000,1.84400000,1.87800000,1.83200000,1.85600000,1210510.40000000,2244800.69440000
1788177600000,1.85700000,1.89600000,1.83400000,1.85700000,3096514.20000000,5774423.03240000
1788192000000,1.85700000,1.88900000,1.84900000,1.87100000,2610649.30000000,4876463.08770000
1788206400000,1.87100000,1.93200000,1.87000000,1.92200000,2329150.00000000,4428513.99510000
1788220800000,1.92100000,1.98700000,1.91600000,1.97600000,3609064.80000000,7029363.90610000
1788235200000,1.97700000,1.99500000,1.93600000,1.94000000,2943169.50000000,5792548.57990000
1788249600000,1.94000000,1.98900000,1.91100000,1.98000000,3317279.80000000,6440478.49520000
1788264000000,1.98000000,2.04700000,1.95100000,2.01900000,5558607.00000000,11150758.90560000
1788278400000,2.01800000,2.02500000,1.88600000,1.90000000,5919850.20000000,11523594.47340000
1788292800000,1.90100000,1.91600000,1.87700000,1.88700000,2461109.30000000,4662733.19230000
1788307200000,1.88700000,1.89700000,1.83100000,1.87300000,2767933.40000000,5157819.98640000
1788321600000,1.87400000,1.88800000,1.85100000,1.86000000,1570820.60000000,2937369.79910000
1788336000000,1.86000000,1.86600000,1.82700000,1.85900000,3298572.90000000,6087317.35840000
1788350400000,1.85800000,1.87500000,1.83100000,1.85200000,2360280.60000000,4369472.15250000
1788364800000,1.85200000,1.86600000,1.83700000,1.86100000,1398461.10000000,2589493.99760000
1788379200000,1.86000000,1.89000000,1.85600000,1.88800000,2032854.50000000,3803369.97850000
1788393600000,1.88700000,1.91600000,1.85100000,1.90200000,2326510.90000000,4393086.85100000
1788408000000,1.90100000,1.90900000,1.87100000,1.89000000,2008993.00000000,3805970.78940000
1788422400000,1.89000000,1.90600000,1.86400000,1.90000000,2819596.20000000,5313481.75110000
1788436800000,1.90000000,1.99200000,1.89800000,1.98700000,4807302.50000000,9317541.73760000
1788451200000,1.98800000,2.02000000,1.96000000,1.98100000,3406760.40000000,6772372.60170000
1788465600000,1.98100000,1.99400000,1.94300000,1.95500000,1586417.10000000,3121428.33910000
1788480000000,1.95500000,1.96000000,1.93000000,1.95400000,1876090.70000000,3651443.52050000
1788494400000,1.95400000,1.99100000,1.91600000,1.95800000,3987419.80000000,7789378.20210000
1788508800000,1.95900000,2.03700000,1.95300000,2.02200000,6183459.70000000,12365188.55410000
1788523200000,2.02300000,2.02800000,1.90700000,1.94400000,7041994.80000000,13758011.86100000
1788537600000,1.94300000,2.18700000,1.94000000,2.16500000,8932518.00000000,18409760.01770000
1788552000000,2.16500000,2.19700000,2.08600000,2.17200000,6860171.10000000,14640247.73940000
1788566400000,2.17300000,2.27300000,2.16900000,2.22500000,6514220.90000000,14485605.38790000
1788580800000,2.22500000,2.28800000,2.18200000,2.22700000,4985692.80000000,11139165.18130000
1788595200000,2.22700000,2.28600000,2.20600000,2.28200000,2867497.00000000,6426695.79820000
1788609600000,2.28100000,2.28900000,2.15800000,2.17700000,4069462.10000000,9018102.41040000
1788624000000,2.17700000,2.27300000,2.17400000,2.18700000,4384498.80000000,9758118.49560000
1788638400000,2.18700000,2.20100000,2.16200000,2.19200000,2351561.70000000,5132297.11290000
1788652800000,2.19200000,2.23600000,2.17200000,2.21700000,3031598.70000000,6685444.10240000
1788667200000,2.21600000,2.31200000,2.17500000,2.30300000,5635687.20000000,12632704.52310000
1788681600000,2.30300000,2.41500000,2.25300000,2.39300000,11699398.70000000,27490339.24440000
1788696000000,2.39300000,2.48700000,2.33300000,2.38800000,8895216.90000000,21389556.62240000
1788710400000,2.38800000,2.44900000,2.36700000,2.42200000,4544474.90000000,10951912.53110000
1788724800000,2.42100000,2.49800000,2.39800000,2.43900000,3919573.30000000,9574832.76280000
1788739200000,2.43900000,2.44400000,2.34800000,2.40300000,3656265.90000000,8768385.37890000
1788753600000,2.40200000,2.44700000,2.29300000,2.30200000,6015119.30000000,14313761.60790000
1788768000000,2.30200000,2.36300000,2.30000000,2.34800000,2845295.10000000,6670489.10620000
1788782400000,2.34800000,2.40500000,2.28500000,2.29500000,3774394.40000000,8879005.88130000
1788796800000,2.29500000,2.33900000,2.29100000,2.32200000,1962458.10000000,4536389.58800000
1788811200000,2.32100000,2.33300000,2.26700000,2.30800000,2022553.10000000,4658544.04080000
1788825600000,2.30800000,2.38300000,2.27600000,2.28000000,2670009.60000000,6219797.20700000
1788840000000,2.28000000,2.33400000,2.24800000,2.32100000,2977041.40000000,6800395.48940000
1788854400000,2.32000000,2.35600000,2.27100000,2.28200000,3262578.30000000,7574920.85220000
1788868800000,2.28200000,2.44000000,2.24300000,2.41400000,6470114.80000000,15269033.82270000
1788883200000,2.41400000,2.41900000,2.31600000,2.32900000,3174287.20000000,7514627.35700000
1788897600000,2.32900000,2.35100000,2.28300000,2.32000000,3295200.00000000,7620174.10680000
1788912000000,2.32100000,2.36600000,2.25600000,2.27300000,3172962.20000000,7336109.91350000
1788926400000,2.27300000,2.49000000,2.27300000,2.43600000,6276453.30000000,15000088.93500000
1788940800000,2.43700000,2.61000000,2.42200000,2.59500000,12703008.10000000,31780613.01490000
1788955200000,2.59500000,2.64400000,2.53000000,2.59100000,11268317.50000000,29255684.13890000
1788969600000,2.59200000,2.65100000,2.49900000,2.51200000,6182004.50000000,15978238.16570000
1788984000000,2.51200000,2.52100000,2.42300000,2.48500000,5022013.30000000,12430710.85480000
1788998400000,2.48600000,2.54700000,2.42700000,2.53800000,4359111.00000000,10839865.86300000
1789012800000,2.53700000,2.55200000,2.39000000,2.42100000,4372703.40000000,10810323.97910000
1789027200000,2.42100000,2.44000000,2.37800000,2.40800000,4594427.70000000,11092459.84500000
1789041600000,2.40700000,2.47800000,2.36000000,2.47200000,7223448.90000000,17448134.74820000
1789056000000,2.47200000,2.52900000,2.41700000,2.47000000,3468676.00000000,8602092.94020000
1789070400000,2.47100000,2.54200000,2.42800000,2.44200000,3948908.60000000,9850125.53100000
1789084800000,2.44200000,2.52600000,2.37900000,2.42200000,4257365.20000000,10416758.26150000
1789099200000,2.42100000,2.52200000,2.41000000,2.45400000,3352247.30000000,8283144.64020000
1789113600000,2.45400000,2.50300000,2.41600000,2.45800000,2838294.80000000,6973063.11600000
1789128000000,2.45800000,2.72800000,2.39700000,2.62000000,18723159.90000000,48630420.65350000
1789142400000,2.62000000,2.67500000,2.47900000,2.50800000,6079740.30000000,15649229.53220000
1789156800000,2.50800000,2.53600000,2.35100000,2.36400000,5125165.60000000,12498552.21660000
1789171200000,2.36500000,2.39500000,2.32700000,2.38500000,3342356.60000000,7887653.63080000
1789185600000,2.38500000,2.38600000,2.33500000,2.36300000,2754360.00000000,6496249.44550000
1789200000000,2.36400000,2.39300000,2.35600000,2.37000000,2256177.70000000,5353521.50610000
1789214400000,2.36900000,2.42300000,2.35100000,2.40600000,3028930.80000000,7229174.82950000
1789228800000,2.40500000,2.41800000,2.32900000,2.34200000,2199616.20000000,5235277.35070000
1789243200000,2.34200000,2.37700000,2.33700000,2.37100000,1600430.10000000,3769778.51690000
1789257600000,2.37100000,2.38100000,2.34000000,2.34700000,1317009.00000000,3112715.41810000
1789272000000,2.34800000,2.35800000,2.29100000,2.30200000,1910991.30000000,4432220.93910000
1789286400000,2.30100000,2.33100000,2.26500000,2.30000000,4949775.60000000,11384928.90510000
1789300800000,2.30000000,2.32200000,2.28300000,2.28700000,1719389.50000000,3960104.76510000
1789315200000,2.28700000,2.38100000,2.28600000,2.32800000,1973156.90000000,4621441.92160000
1789329600000,2.32900000,2.35600000,2.28200000,2.29800000,1890070.00000000,4371874.49670000
1789344000000,2.29800000,2.39400000,2.28000000,2.37800000,2473318.80000000,5792642.01770000
1789358400000,2.37900000,2.45500000,2.37800000,2.42000000,3139702.90000000,7594787.69350000
1789372800000,2.42100000,2.43300000,2.39200000,2.42000000,1919557.90000000,4630193.60350000
1789387200000,2.41900000,2.43600000,2.37900000,2.39700000,2586258.20000000,6226629.83440000
1789401600000,2.39600000,2.59700000,2.39400000,2.53200000,6060843.40000000,15340824.59350000
1789416000000,2.53300000,2.59100000,2.45400000,2.46900000,2930782.30000000,7370719.88760000
1789430400000,2.46900000,2.48700000,2.41400000,2.41900000,1798882.10000000,4401917.20810000
1789444800000,2.42000000,2.45700000,2.33700000,2.35800000,3033523.10000000,7253437.87460000
1789459200000,2.35700000,2.40800000,2.35100000,2.37200000,3239178.00000000,7712404.22050000
1789473600000,2.37100000,2.40700000,2.32800000,2.36900000,3108730.40000000,7355103.65980000
1789488000000,2.36900000,2.42400000,2.29800000,2.33800000,4692252.30000000,11057365.61100000
1789502400000,2.33700000,2.34800000,2.30300000,2.33700000,1796814.90000000,4179339.99200000
1789516800000,2.33700000,2.36600000,2.29700000,2.34800000,1563820.70000000,3654406.59840000
1789531200000,2.34800000,2.37600000,2.33000000,2.33300000,1710390.20000000,4022109.72420000
1789545600000,2.33200000,2.48800000,2.31200000,2.48600000,5623540.80000000,13578707.53350000
1789560000000,2.48500000,2.50200000,2.42200000,2.45700000,9414055.60000000,23181804.02440000
1789574400000,2.45700000,2.58000000,2.43900000,2.55000000,11641179.70000000,29276431.14070000
1789588800000,2.54900000,2.63500000,2.52300000,2.62100000,4730083.30000000,12216894.60590000
1789603200000,2.62100000,2.71800000,2.59000000,2.69800000,6026157.50000000,16008526.96030000
1789617600000,2.69700000,2.76100000,2.63600000,2.72300000,5460928.00000000,14745716.80060000
1789632000000,2.72300000,2.87700000,2.71000000,2.87400000,10268729.40000000,28860715.29290000
1789646400000,2.87400000,2.91700000,2.80400000,2.87800000,13906657.70000000,39873935.51720000
1789660800000,2.87800000,3.07700000,2.87500000,3.04700000,27181035.30000000,81109262.85730000
1789675200000,3.04800000,3.20300000,2.98100000,3.14700000,11152614.10000000,34484810.81870000
1789689600000,3.14600000,3.50800000,3.06300000,3.49700000,24351790.00000000,79801074.28310000
1789704000000,3.49800000,3.57200000,3.41800000,3.50000000,16898477.80000000,58920109.88630000
1789718400000,3.50000000,3.59400000,3.41000000,3.50500000,17167049.00000000,59844804.16220000
1789732800000,3.50500000,3.79700000,3.47000000,3.65300000,18108178.10000000,66211231.99700000
1789747200000,3.65300000,3.83500000,3.57900000,3.67400000,13155124.60000000,49086971.69210000
1789761600000,3.67400000,3.81800000,3.61400000,3.76300000,7387708.00000000,27494957.94170000
1789776000000,3.76200000,3.91400000,3.68900000,3.75700000,8830112.50000000,33559422.22640000
1789790400000,3.75700000,3.79600000,3.63200000,3.68600000,7036806.00000000,26020668.58350000
1789804800000,3.68700000,3.74800000,3.62200000,3.68400000,7684708.00000000,28294365.04860000
1789819200000,3.68500000,3.68700000,3.54100000,3.61800000,10132374.50000000,36364559.59350000
1789833600000,3.61800000,3.68200000,3.40300000,3.52400000,12031845.70000000,43170618.05680000
1789848000000,3.52300000,3.63000000,3.51200000,3.58800000,4436989.10000000,15794404.21480000
1789862400000,3.58900000,3.61100000,3.46800000,3.51100000,6693249.70000000,23677486.24230000
1789876800000,3.51100000,3.51600000,3.42400000,3.45900000,10172783.80000000,35222129.73390000
1789891200000,3.46000000,3.67100000,3.46000000,3.61700000,23871161.50000000,84809559.94350000
1789905600000,3.61600000,3.91900000,3.56100000,3.91200000,16520561.50000000,61330385.99720000
1789920000000,3.91200000,4.30500000,3.85300000,4.15700000,23271450.30000000,95902640.65710000
1789934400000,4.15800000,4.27300000,4.04700000,4.16700000,8358186.40000000,34798655.70520000
