open_time,open,high,low,close,volume,quote_volume
1744372800000,0.70560000,0.92500000,0.70560000,0.89380000,8993604.10000000,8006099.78012000
1744387200000,0.89400000,0.92100000,0.87740000,0.90330000,7412860.00000000,6715827.84358000
1744401600000,0.90370000,0.92870000,0.88620000,0.89380000,3574089.00000000,3243116.86131000
1744416000000,0.89390000,0.90180000,0.87560000,0.87590000,2523104.40000000,2242155.28741000
1744430400000,0.87580000,0.88780000,0.86440000,0.88460000,3091575.10000000,2714766.46695000
1744444800000,0.88450000,0.89450000,0.87180000,0.87580000,2566254.50000000,2262916.01921000
1744459200000,0.87590000,0.92500000,0.87360000,0.91300000,5782411.60000000,5238646.78155000
1744473600000,0.91300000,0.91550000,0.89300000,0.91290000,1889435.70000000,1714432.46565000
1744488000000,0.91270000,0.92670000,0.90220000,0.90520000,2230648.30000000,2045923.25925000
1744502400000,0.90530000,0.92740000,0.90130000,0.90480000,3053637.40000000,2785911.09080000
1744516800000,0.90500000,0.90600000,0.88090000,0.88110000,1581163.70000000,1409242.09594000
1744531200000,0.88090000,0.90240000,0.87660000,0.88430000,1702481.90000000,1513905.96897000
1744545600000,0.88420000,0.89070000,0.86640000,0.87150000,2131583.00000000,1868700.08906000
1744560000000,0.87150000,0.90000000,0.85200000,0.86260000,3161044.80000000,2787099.65635000
1744574400000,0.86360000,0.87310000,0.83840000,0.84760000,3080099.30000000,2632057.60734000
1744588800000,0.84760000,0.88980000,0.84490000,0.86280000,3665147.00000000,3191193.01642000
1744603200000,0.86290000,0.88050000,0.85940000,0.86640000,1815302.50000000,1577904.99432000
1744617600000,0.86670000,0.89680000,0.86510000,0.89530000,2465981.50000000,2175236.95236000
1744632000000,0.89540000,0.91360000,0.87140000,0.87540000,5406479.20000000,4850574.53649000
1744646400000,0.87550000,0.89570000,0.87110000,0.88850000,3143991.40000000,2777072.88952000
1744660800000,0.88910000,0.89070000,0.87380000,0.87570000,1888814.90000000,1667091.53215000
1744675200000,0.87580000,0.89100000,0.86820000,0.87390000,2146603.70000000,1883252.94597000
1744689600000,0.87400000,0.88490000,0.86480000,0.87960000,1836101.70000000,1605252.84366000
1744704000000,0.87990000,0.91000000,0.86630000,0.87210000,4911519.00000000,4332978.47833000
1744718400000,0.87210000,0.88500000,0.85110000,0.85410000,4495807.90000000,3892075.65180000
1744732800000,0.85400000,0.85950000,0.84100000,0.84410000,1877742.00000000,1594612.06138000
1744747200000,0.84420000,0.84860000,0.82780000,0.83210000,1861860.00000000,1558314.54728000
1744761600000,0.83200000,0.83680000,0.81840000,0.82930000,2046153.40000000,1697716.43772000
1744776000000,0.82920000,0.83190000,0.81030000,0.81390000,2634857.10000000,2170940.66148000
1744790400000,0.81390000,0.82940000,0.80810000,0.82090000,2194758.70000000,1797788.71807000
1744804800000,0.82090000,0.84430000,0.81040000,0.82960000,2804564.70000000,2318467.33583000
1744819200000,0.82970000,0.84420000,0.80220000,0.83670000,4172807.70000000,3433767.75787000
1744833600000,0.83660000,0.84330000,0.81670000,0.81940000,1692761.20000000,1405522.93658000
1744848000000,0.81930000,0.83630000,0.81740000,0.82670000,1439686.90000000,1189763.42104000
1744862400000,0.82660000,0.85080000,0.82460000,0.84380000,1711003.10000000,1437020.91872000
1744876800000,0.84400000,0.84630000,0.83330000,0.84200000,1550394.90000000,1301776.97214000
1744891200000,0.84180000,0.84870000,0.82180000,0.83830000,2957407.10000000,2476310.28883000
1744905600000,0.83830000,0.85160000,0.82710000,0.83240000,2828653.40000000,2380404.92252000
1744920000000,0.83240000,0.83990000,0.82410000,0.82910000,1298296.10000000,1080989.14730000
1744934400000,0.82920000,0.83350000,0.82180000,0.82870000,1090728.20000000,903135.53187000
1744948800000,0.82860000,0.83130000,0.82280000,0.83050000,1031927.80000000,853340.69814000
1744963200000,0.83060000,0.83670000,0.82610000,0.83150000,1126919.20000000,936326.11653000
1744977600000,0.83150000,0.83820000,0.82250000,0.82380000,1395473.30000000,1159409.50172000
1744992000000,0.82390000,0.83610000,0.82220000,0.83210000,1110768.00000000,923167.75596000
1745006400000,0.83210000,0.83510000,0.82590000,0.83080000,770658.20000000,640551.88518000
1745020800000,0.83060000,0.84870000,0.82880000,0.84350000,1315138.70000000,1104027.90956000
1745035200000,0.84340000,0.84920000,0.83580000,0.84470000,697577.90000000,588176.83945000
1745049600000,0.84460000,0.84940000,0.83610000,0.84030000,931333.30000000,785640.87612000
1745064000000,0.84040000,0.85100000,0.84010000,0.84470000,1066242.10000000,901209.34480000
1745078400000,0.84470000,0.85610000,0.83970000,0.85080000,1548820.10000000,1314132.21497000
1745092800000,0.85090000,0.85860000,0.84960000,0.85490000,948267.10000000,811251.88517000
1745107200000,0.85500000,0.86280000,0.84910000,0.85180000,1633182.80000000,1399133.09548000
1745121600000,0.85170000,0.85910000,0.84270000,0.84710000,987919.90000000,840247.15480000
1745136000000,0.84700000,0.84700000,0.82290000,0.82720000,1113709.80000000,929679.21070000
1745150400000,0.82700000,0.83140000,0.82100000,0.82200000,1175995.30000000,972647.67622000
1745164800000,0.82190000,0.83990000,0.81990000,0.83990000,1046538.60000000,867187.84144000
1745179200000,0.84000000,0.84700000,0.82610000,0.83820000,1468806.00000000,1229487.99989000
1745193600000,0.83820000,0.88100000,0.83570000,0.87040000,5293220.20000000,4585138.19442000
1745208000000,0.87050000,0.88490000,0.86670000,0.88200000,1934353.10000000,1695619.69081000
1745222400000,0.88210000,0.89170000,0.87050000,0.87500000,1963147.90000000,1730311.93843000
1745236800000,0.87500000,0.88350000,0.86400000,0.86740000,3367823.50000000,2947447.76785000
1745251200000,0.86750000,0.86910000,0.83810000,0.85760000,3177773.60000000,2704358.31759000
1745265600000,0.85750000,0.85750000,0.84480000,0.85130000,850955.60000000,724052.69475000
1745280000000,0.85100000,0.87210000,0.83650000,0.85760000,2800812.00000000,2397667.51424000
1745294400000,0.85750000,0.86630000,0.84260000,0.86610000,1975969.20000000,1690430.65777000
1745308800000,0.86600000,0.86840000,0.85400000,0.86400000,3347196.60000000,2882183.93093000
1745323200000,0.86400000,0.90790000,0.86120000,0.89150000,6642459.40000000,5880470.88089000
1745337600000,0.89150000,0.89750000,0.88310000,0.89490000,2582093.90000000,2301557.53316000
1745352000000,0.89490000,0.92220000,0.88890000,0.91510000,3725707.80000000,3389793.11208000
1745366400000,0.91510000,0.93330000,0.91050000,0.93190000,4967990.30000000,4575621.80661000
1745380800000,0.93180000,0.95320000,0.92420000,0.94540000,4385041.90000000,4124094.44659000
1745395200000,0.94520000,0.95260000,0.92300000,0.92820000,3773000.90000000,3543309.97111000
1745409600000,0.92830000,0.94930000,0.90330000,0.92450000,6854115.30000000,6356839.75908000
1745424000000,0.92460000,0.93890000,0.91160000,0.91580000,3809577.40000000,3522492.92467000
1745438400000,0.91580000,0.92550000,0.91070000,0.91540000,1859629.50000000,1706376.28926000
1745452800000,0.91540000,0.92160000,0.88210000,0.88270000,3227971.60000000,2907147.72109000
1745467200000,0.88270000,0.89510000,0.87350000,0.87680000,3750490.10000000,3314418.50852000
1745481600000,0.87670000,0.88840000,0.86630000,0.88340000,3216158.90000000,2819065.33786000
1745496000000,0.88350000,1.05000000,0.87890000,1.01050000,25510061.50000000,24952472.50931000
1745510400000,1.01060000,1.02100000,0.96310000,0.98600000,12219192.40000000,12065182.41375000
1745524800000,0.98600000,0.99090000,0.95880000,0.97920000,4098291.80000000,3994691.17569000
1745539200000,0.97910000,0.98670000,0.94290000,0.96410000,8648708.20000000,8326306.08661000
1745553600000,0.96390000,1.01000000,0.95710000,1.00770000,7846951.20000000,7753614.07489000
1745568000000,1.00770000,1.03760000,0.99740000,1.02080000,10460076.60000000,10628235.46633000
1745582400000,1.02090000,1.02790000,0.98400000,0.99740000,11586195.70000000,11621021.67810000
1745596800000,0.99750000,1.02220000,0.98360000,1.00030000,7774673.90000000,7793397.26384000
1745611200000,1.00040000,1.00400000,0.98460000,0.98970000,3547549.50000000,3530494.41649000
1745625600000,0.99000000,1.02960000,0.99000000,1.02960000,5248942.70000000,5323474.46182000
1745640000000,1.02960000,1.05000000,1.00880000,1.02810000,6049060.70000000,6213347.52329000
1745654400000,1.02810000,1.03320000,0.99710000,0.99990000,5567489.90000000,5658203.53233000
1745668800000,0.99990000,1.01710000,0.98410000,1.01010000,4288111.50000000,4287614.68900000
1745683200000,1.00990000,1.01240000,0.98870000,0.99340000,3083175.30000000,3075418.17216000
1745697600000,0.99320000,0.99970000,0.98760000,0.99460000,2502852.30000000,2488868.62811000
1745712000000,0.99470000,1.00730000,0.95710000,0.97250000,7673166.60000000,7505976.73557000
1745726400000,0.97240000,0.97420000,0.94870000,0.96270000,5849401.00000000,5603090.06527000
1745740800000,0.96270000,0.96860000,0.95620000,0.96180000,2726789.90000000,2625422.02900000
1745755200000,0.96170000,0.96210000,0.93490000,0.94860000,5211148.50000000,4952122.68256000
1745769600000,0.94860000,0.96100000,0.94110000,0.96040000,3987680.60000000,3790027.71168000
1745784000000,0.96040000,0.96590000,0.94230000,0.94450000,3017616.00000000,2879753.68878000
1745798400000,0.94450000,0.95420000,0.91390000,0.94660000,7861998.30000000,7334103.79493000
1745812800000,0.94670000,0.98650000,0.94670000,0.98390000,8101750.90000000,7822036.10442000
1745827200000,0.98390000,0.99620000,0.95650000,0.98470000,9539476.80000000,9373790.58716000
1745841600000,0.98490000,0.99460000,0.95090000,0.95730000,10464094.60000000,10145674.39054000
1745856000000,0.95730000,0.98470000,0.94740000,0.98220000,4688390.30000000,4524224.59000000
1745870400000,0.98200000,0.98260000,0.96500000,0.97330000,2113109.00000000,2056994.63312000
1745884800000,0.97340000,0.99120000,0.96600000,0.98010000,5077040.80000000,4968660.48424000
1745899200000,0.98010000,0.98240000,0.96090000,0.98050000,3570475.00000000,3471312.93495000
1745913600000,0.98050000,0.98500000,0.96580000,0.97060000,3060061.10000000,2982842.33671000
1745928000000,0.97060000,0.97300000,0.95110000,0.95700000,4425659.00000000,4244228.82463000
1745942400000,0.95710000,0.97040000,0.95260000,0.95380000,2911099.40000000,2794290.13039000
1745956800000,0.95390000,0.95600000,0.91840000,0.92950000,5064572.20000000,4738011.34158000
1745971200000,0.92960000,0.94290000,0.91620000,0.94090000,4094512.00000000,3809855.05852000
1745985600000,0.94090000,0.94340000,0.92170000,0.92860000,1734909.30000000,1620479.62434000
1746000000000,0.92870000,0.93470000,0.92360000,0.93050000,2474433.90000000,2297228.73176000
1746014400000,0.93050000,0.93140000,0.87410000,0.89880000,9810103.30000000,8815480.86801000
1746028800000,0.89890000,0.91910000,0.88800000,0.90530000,3400723.70000000,3070916.54507000
1746043200000,0.90550000,0.92530000,0.90340000,0.90730000,3074392.00000000,2807079.51058000
1746057600000,0.90730000,0.92560000,0.90530000,0.90620000,4069975.50000000,3738116.25775000
1746072000000,0.90630000,0.91810000,0.90280000,0.90920000,2763260.60000000,2511826.39050000
1746086400000,0.90910000,0.93500000,0.90620000,0.92520000,4488281.60000000,4142754.00971000
1746100800000,0.92520000,0.93670000,0.90500000,0.91030000,8786335.90000000,8095154.10363000
1746115200000,0.91020000,0.92330000,0.90620000,0.91010000,3718244.50000000,3400747.22205000
1746129600000,0.91000000,0.92330000,0.90720000,0.91400000,1777800.00000000,1627850.00627000
1746144000000,0.91420000,0.92790000,0.91070000,0.91850000,1748635.60000000,1606195.47761000
1746158400000,0.91850000,0.92070000,0.89110000,0.89260000,2966774.20000000,2688463.98471000
1746172800000,0.89270000,0.90850000,0.89220000,0.90500000,1968470.60000000,1779896.55295000
1746187200000,0.90500000,0.92310000,0.89680000,0.91170000,3508516.30000000,3198703.28026000
1746201600000,0.91170000,0.92650000,0.91000000,0.91220000,1903932.80000000,1750063.87223000
1746216000000,0.91230000,0.92290000,0.90910000,0.92220000,1836786.00000000,1686774.73240000
1746230400000,0.92210000,0.92240000,0.90300000,0.90610000,1603271.40000000,1458270.93571000
1746244800000,0.90610000,0.90730000,0.89510000,0.89890000,1606862.70000000,1448208.75506000
1746259200000,0.89890000,0.90170000,0.88330000,0.88540000,1835609.70000000,1636000.75118000
1746273600000,0.88550000,0.89860000,0.88510000,0.89160000,1292812.70000000,1154443.14798000
1746288000000,0.89170000,0.89190000,0.86810000,0.88610000,2659536.00000000,2338611.63258000
1746302400000,0.88610000,0.88740000,0.87030000,0.87470000,1912459.40000000,1679099.07979000
1746316800000,0.87470000,0.88760000,0.86700000,0.87120000,1809068.90000000,1583586.96547000
1746331200000,0.87130000,0.88080000,0.86710000,0.87250000,1623441.80000000,1417185.59408000
1746345600000,0.87250000,0.87330000,0.85900000,0.86580000,1869472.40000000,1617963.27183000
1746360000000,0.86590000,0.87180000,0.85510000,0.86310000,2397549.30000000,2069859.25386000
1746374400000,0.86300000,0.86520000,0.85130000,0.85950000,1688331.10000000,1448065.17733000
1746388800000,0.85950000,0.86810000,0.85180000,0.85870000,1272253.10000000,1094924.32374000
1746403200000,0.85860000,0.87420000,0.85270000,0.86390000,2135490.60000000,1845465.84227000
1746417600000,0.86390000,0.89000000,0.86380000,0.88950000,1823600.10000000,1602288.54356000
1746432000000,0.88940000,0.89120000,0.85930000,0.86360000,2048333.00000000,1793004.37322000
1746446400000,0.86370000,0.89000000,0.85470000,0.86060000,4076988.40000000,3537118.01958000
1746460800000,0.86060000,0.87950000,0.85890000,0.86660000,1687367.60000000,1468402.02383000
1746475200000,0.86660000,0.87630000,0.85140000,0.86760000,1363883.10000000,1180508.12534000
1746489600000,0.86780000,0.87110000,0.85340000,0.86660000,1331976.60000000,1148980.21072000
1746504000000,0.86670000,0.87070000,0.85980000,0.86040000,1347801.60000000,1166388.88743000
1746518400000,0.86030000,0.86130000,0.82850000,0.83490000,2780341.60000000,2346847.13634000
1746532800000,0.83490000,0.85170000,0.83120000,0.84280000,2093435.50000000,1761272.84398000
1746547200000,0.84290000,0.85800000,0.83670000,0.85140000,1741228.80000000,1476043.08830000
1746561600000,0.85150000,0.86980000,0.82860000,0.86760000,3492754.10000000,2984146.58678000
1746576000000,0.86770000,0.88320000,0.85920000,0.86760000,2208552.30000000,1926926.08292000
1746590400000,0.86760000,0.87270000,0.85780000,0.87240000,1653586.70000000,1432282.00608000
1746604800000,0.87240000,0.88150000,0.86750000,0.87320000,2098801.80000000,1837245.92569000
1746619200000,0.87330000,0.87440000,0.85770000,0.86130000,2016171.70000000,1745154.13934000
1746633600000,0.86120000,0.86820000,0.84630000,0.85450000,4170569.10000000,3573491.65512000
1746648000000,0.85470000,0.87930000,0.85070000,0.87250000,1635845.60000000,1417153.94293000
1746662400000,0.87250000,0.91760000,0.87160000,0.91560000,5850482.60000000,5263724.60181000
1746676800000,0.91570000,0.92600000,0.90770000,0.91960000,4540455.50000000,4167148.94906000
1746691200000,0.91970000,0.93540000,0.91900000,0.92480000,3859753.70000000,3574040.15929000
1746705600000,0.92480000,0.96150000,0.92050000,0.94900000,6887018.80000000,6466220.98181000
1746720000000,0.94910000,0.96010000,0.94220000,0.95790000,3750608.40000000,3564888.92135000
1746734400000,0.95770000,0.98610000,0.95090000,0.97570000,6281744.20000000,6085170.20692000
1746748800000,0.97560000,1.00630000,0.96410000,0.97440000,5298563.60000000,5208408.66343000
1746763200000,0.97440000,1.03500000,0.97230000,1.02170000,5511498.10000000,5504479.87695000
1746777600000,1.02170000,1.06200000,0.99910000,1.02630000,11589784.70000000,11908264.45596000
1746792000000,1.02630000,1.04420000,1.00220000,1.01610000,6839143.70000000,6991633.54791000
1746806400000,1.01620000,1.02620000,0.99950000,1.00630000,5492952.50000000,5567647.87285000
1746820800000,1.00640000,1.01510000,1.00160000,1.00560000,2591421.00000000,2612692.87142000
1746835200000,1.00570000,1.02660000,0.99310000,1.01340000,3776681.50000000,3811891.47755000
1746849600000,1.01330000,1.04190000,1.00250000,1.03550000,3910796.30000000,4003391.11176000
1746864000000,1.03570000,1.05050000,1.01290000,1.01460000,5791515.40000000,5980121.09246000
1746878400000,1.01470000,1.03770000,1.01470000,1.02790000,3747014.50000000,3857663.83194000
1746892800000,1.02780000,1.06980000,1.02330000,1.05700000,6821082.00000000,7166314.37008000
1746907200000,1.05710000,1.10810000,1.04900000,1.10180000,7191577.90000000,7770021.19382000
1746921600000,1.10170000,1.11000000,1.05440000,1.06220000,7229595.80000000,7807278.80523000
1746936000000,1.06210000,1.07050000,1.01770000,1.02400000,5417781.80000000,5656048.51909000
1746950400000,1.02390000,1.04360000,1.01850000,1.04330000,3051453.10000000,3152423.67229000
1746964800000,1.04310000,1.05090000,1.00950000,1.01600000,6386219.60000000,6605689.08163000
1746979200000,1.01620000,1.04400000,1.00670000,1.03610000,3889752.00000000,3992865.16720000
1746993600000,1.03620000,1.04690000,1.02530000,1.03900000,3461763.90000000,3581637.78174000
1747008000000,1.03910000,1.06690000,1.02740000,1.06350000,5203182.00000000,5462674.40969000
1747022400000,1.06340000,1.11040000,1.04610000,1.07940000,6584505.50000000,7098876.95024000
1747036800000,1.07940000,1.09330000,1.05270000,1.05570000,5685864.70000000,6119809.79927000
1747051200000,1.05560000,1.08890000,1.02100000,1.02790000,10355799.70000000,10921898.33213000
1747065600000,1.02800000,1.04530000,0.97430000,1.01530000,7890713.30000000,7975075.74420000
1747080000000,1.01520000,1.03860000,1.01000000,1.02930000,3921420.20000000,4027033.19483000
1747094400000,1.02930000,1.03100000,0.97250000,0.97500000,4864251.80000000,4854747.82042000
1747108800000,0.97490000,1.00900000,0.97240000,1.00180000,3371510.70000000,3350868.73025000
1747123200000,1.00180000,1.02370000,0.99830000,1.01490000,3398509.70000000,3440514.21865000
1747137600000,1.01480000,1.04080000,0.99210000,1.01670000,7566538.50000000,7697635.39464000
1747152000000,1.01670000,1.07860000,1.01430000,1.05860000,7651251.50000000,7973601.76087000
1747166400000,1.05840000,1.06240000,1.03910000,1.04400000,5693032.80000000,5990032.30507000
1747180800000,1.04390000,1.07530000,1.01980000,1.02880000,5472950.60000000,5663467.24338000
1747195200000,1.02870000,1.04730000,1.02260000,1.02970000,3470096.80000000,3595439.26923000
1747209600000,1.02970000,1.03360000,0.99660000,1.01480000,6971160.90000000,7047347.88326000
1747224000000,1.01500000,1.14400000,0.99860000,1.05500000,29435903.70000000,31506450.52579000
1747238400000,1.05480000,1.05520000,1.01410000,1.03280000,6194315.60000000,6391884.72340000
1747252800000,1.03290000,1.03940000,0.99850000,1.00860000,4894844.40000000,4961145.07079000
1747267200000,1.00870000,1.03170000,0.99350000,0.99890000,6562582.20000000,6626937.37116000
1747281600000,0.99880000,1.00760000,0.95680000,0.95920000,7690556.80000000,7535871.02396000
1747296000000,0.95910000,0.98080000,0.95260000,0.97000000,6371573.30000000,6161907.73505000
1747310400000,0.96990000,0.99980000,0.95130000,0.99240000,12748776.00000000,12451788.32834000
1747324800000,0.99230000,1.01780000,0.97120000,0.98300000,5922350.90000000,5902132.11891000
1747339200000,0.98310000,0.98910000,0.94640000,0.96840000,4685998.80000000,4538434.76998000
1747353600000,0.96850000,0.99730000,0.96300000,0.99470000,4081064.30000000,4009994.14172000
1747368000000,0.99480000,0.99870000,0.98070000,0.98800000,2318494.40000000,2294555.97509000
1747382400000,0.98810000,0.99810000,0.96620000,0.98390000,4622026.60000000,4555128.21679000
1747396800000,0.98380000,0.98720000,0.96260000,0.97380000,4196857.30000000,4097113.85956000
1747411200000,0.97380000,0.98160000,0.95750000,0.96910000,3296361.40000000,3182528.62806000
1747425600000,0.96900000,0.97110000,0.92280000,0.93750000,5161611.60000000,4876148.79811000
1747440000000,0.93750000,0.93900000,0.90400000,0.92510000,7936757.80000000,7285436.72730000
1747454400000,0.92510000,0.93190000,0.91580000,0.92470000,3551267.10000000,3282448.57570000
1747468800000,0.92450000,0.92990000,0.90980000,0.91590000,2811147.40000000,2584121.95086000
1747483200000,0.91600000,0.92310000,0.90360000,0.91600000,3239097.40000000,2964396.57781000
1747497600000,0.91600000,0.92160000,0.90160000,0.91070000,2797437.20000000,2554332.59296000
1747512000000,0.91060000,0.92260000,0.90470000,0.91460000,2393623.40000000,2186601.52335000
1747526400000,0.91460000,0.92690000,0.91390000,0.91670000,1916341.50000000,1763460.66747000
1747540800000,0.91680000,0.93800000,0.91670000,0.93700000,3076916.50000000,2861751.85494000
1747555200000,0.93710000,0.94620000,0.92960000,0.93010000,2845472.70000000,2671242.30179000
1747569600000,0.93020000,0.97410000,0.92410000,0.97140000,5317314.30000000,5060021.50465000
1747584000000,0.97140000,0.97980000,0.91210000,0.91270000,7287518.60000000,6904099.47772000
1747598400000,0.91270000,0.96560000,0.89040000,0.95900000,6790640.10000000,6227786.35242000
1747612800000,0.95910000,0.97120000,0.90500000,0.90690000,5626374.60000000,5243309.41114000
1747627200000,0.90690000,0.91470000,0.88550000,0.90250000,6917237.10000000,6229965.87275000
1747641600000,0.90260000,0.90570000,0.88460000,0.89600000,5948880.40000000,5329694.00643000
1747656000000,0.89590000,0.92320000,0.88400000,0.91610000,5014285.80000000,4530652.36063000
1747670400000,0.91620000,0.93590000,0.90810000,0.92530000,3503320.00000000,3229958.03994000
1747684800000,0.92520000,0.93040000,0.91770000,0.92710000,2091644.20000000,1933657.22621000
1747699200000,0.92720000,0.96040000,0.92190000,0.94330000,4962895.70000000,4678286.68759000
1747713600000,0.94330000,0.95450000,0.93230000,0.93620000,2911213.00000000,2747591.56566000
1747728000000,0.93610000,0.94410000,0.92360000,0.93000000,2246577.50000000,2101406.55124000
1747742400000,0.93010000,0.93510000,0.91510000,0.93300000,3258664.40000000,3008335.31269000
1747756800000,0.93300000,0.94430000,0.91920000,0.94010000,2140155.80000000,1995769.56371000
1747771200000,0.94000000,0.95430000,0.93170000,0.94390000,2445266.40000000,2306658.37395000
1747785600000,0.94400000,0.95210000,0.93080000,0.94620000,2264405.50000000,2134023.41476000
1747800000000,0.94630000,0.96420000,0.94070000,0.94470000,3558691.00000000,3397271.89728000
1747814400000,0.94480000,0.95050000,0.93100000,0.94410000,2114295.10000000,1987106.89499000
1747828800000,0.94400000,0.97760000,0.93830000,0.97570000,5246651.30000000,5037552.03506000
1747843200000,0.97590000,0.99840000,0.94130000,0.96730000,10473430.40000000,10103539.00246000
1747857600000,0.96700000,0.99200000,0.95620000,0.97530000,4546437.30000000,4412896.03711000
1747872000000,0.97530000,1.00350000,0.97530000,0.99950000,5686470.60000000,5629759.79089000
1747886400000,0.99960000,1.00750000,0.99040000,1.00600000,5470096.00000000,5462694.10122000
1747900800000,1.00600000,1.02120000,0.99630000,1.00510000,5784943.20000000,5838455.21906000
1747915200000,1.00510000,1.02470000,0.99420000,1.01600000,5623143.70000000,5676917.39108000
1747929600000,1.01610000,1.02600000,1.00800000,1.01160000,3746730.90000000,3812529.00891000
1747944000000,1.01170000,1.02020000,1.00280000,1.01950000,3055059.00000000,3090385.60451000
1747958400000,1.01950000,1.05120000,1.00980000,1.04670000,7946395.60000000,8235388.74850000
1747972800000,1.04670000,1.04790000,1.00450000,1.01360000,5933318.10000000,6068656.48557000
1747987200000,1.01360000,1.04030000,0.97170000,0.97810000,8951774.40000000,9020016.38581000
1748001600000,0.97810000,0.99490000,0.94010000,0.97100000,13006648.90000000,12603223.20725000
1748016000000,0.97090000,0.98470000,0.96250000,0.96920000,3732805.60000000,3636214.01056000
1748030400000,0.96910000,0.96910000,0.92420000,0.93340000,4460735.80000000,4226848.20571000
1748044800000,0.93330000,0.95330000,0.92720000,0.95320000,2594347.30000000,2439971.06931000
1748059200000,0.95320000,0.95770000,0.94480000,0.94830000,1673983.30000000,1592579.73133000
1748073600000,0.94840000,0.96570000,0.94210000,0.95720000,1879873.90000000,1793841.53132000
1748088000000,0.95730000,0.96190000,0.95070000,0.95710000,1750173.30000000,1673666.33366000
1748102400000,0.95710000,0.96050000,0.94630000,0.94840000,1406908.20000000,1339578.70296000
1748116800000,0.94850000,0.95310000,0.93400000,0.93980000,1819965.40000000,1717119.27434000
1748131200000,0.93990000,0.94620000,0.92070000,0.94050000,2690738.40000000,2508567.53193000
1748145600000,0.94040000,0.94410000,0.92710000,0.92920000,1542962.50000000,1445395.40463000
1748160000000,0.92930000,0.92940000,0.91260000,0.92040000,2742241.90000000,2521106.64503000
1748174400000,0.92030000,0.92910000,0.90360000,0.91430000,2353638.40000000,2158235.11420000
1748188800000,0.91440000,0.92980000,0.90410000,0.92560000,2183210.40000000,1996800.79346000
1748203200000,0.92570000,0.95190000,0.91860000,0.95050000,2157828.80000000,2025909.31683000
1748217600000,0.95060000,0.96040000,0.94230000,0.95420000,2235747.10000000,2131231.64699000
1748232000000,0.95440000,0.97200000,0.95110000,0.97200000,2583110.80000000,2483572.87832000
1748246400000,0.97200000,0.97300000,0.94800000,0.95190000,2324500.00000000,2231482.70568000
1748260800000,0.95190000,0.95850000,0.93600000,0.95060000,2724267.50000000,2579963.49589000
1748275200000,0.95070000,0.95450000,0.93000000,0.93260000,2131369.50000000,1998473.72757000
1748289600000,0.93260000,0.94540000,0.92960000,0.94020000,1660433.40000000,1556749.77537000
1748304000000,0.94030000,0.94560000,0.91530000,0.93190000,2306000.40000000,2141577.33653000
1748318400000,0.93200000,0.94670000,0.92490000,0.94560000,2468586.50000000,2311924.89611000
1748332800000,0.94570000,0.95340000,0.94300000,0.94970000,2674811.60000000,2537751.49661000
1748347200000,0.94950000,0.96990000,0.93940000,0.95720000,3723902.20000000,3558668.82512000
1748361600000,0.95730000,0.97080000,0.95380000,0.96210000,3303741.20000000,3184547.47370000
1748376000000,0.96210000,0.96470000,0.94300000,0.94840000,2109856.90000000,2013878.76263000
1748390400000,0.94850000,0.95500000,0.93740000,0.94740000,1438723.50000000,1360589.84490000
1748404800000,0.94730000,0.95090000,0.93660000,0.94220000,1402917.30000000,1322791.32970000
1748419200000,0.94220000,0.95380000,0.93420000,0.95260000,2521725.30000000,2381720.93553000
1748433600000,0.95260000,0.96300000,0.91930000,0.92190000,3998661.20000000,3761465.71199000
1748448000000,0.92200000,0.93500000,0.90790000,0.90950000,2581495.20000000,2376376.24574000
1748462400000,0.90950000,0.93470000,0.90910000,0.93360000,1953637.70000000,1797538.23843000
1748476800000,0.93350000,0.95740000,0.92730000,0.94510000,4742483.00000000,4482480.08481000
1748491200000,0.94500000,0.94630000,0.92350000,0.93380000,2174466.70000000,2030472.37574000
1748505600000,0.93390000,0.94220000,0.92930000,0.94070000,2946556.20000000,2760314.77346000
1748520000000,0.94070000,0.94170000,0.91000000,0.91510000,3759672.40000000,3474215.68464000
1748534400000,0.91530000,0.91820000,0.89850000,0.90290000,3552283.00000000,3225629.73813000
1748548800000,0.90290000,0.91660000,0.89470000,0.90000000,2942614.40000000,2662636.21171000
1748563200000,0.89980000,0.90510000,0.84200000,0.87610000,10704612.30000000,9321109.94876000
1748577600000,0.87590000,0.88090000,0.85860000,0.86310000,3283300.20000000,2854276.88320000
1748592000000,0.86320000,0.87210000,0.85370000,0.86680000,3079750.70000000,2659660.90605000
1748606400000,0.86690000,0.87000000,0.84970000,0.85480000,4621646.00000000,3971245.91903000
1748620800000,0.85480000,0.85790000,0.81370000,0.84730000,9003236.90000000,7484216.76534000
1748635200000,0.84710000,0.84960000,0.80730000,0.81790000,4198045.80000000,3461998.26605000
1748649600000,0.81790000,0.81960000,0.78350000,0.79680000,6574919.10000000,5241393.17897000
1748664000000,0.79680000,0.81420000,0.78890000,0.81250000,2507480.50000000,2019788.49561000
1748678400000,0.81260000,0.81540000,0.80210000,0.80520000,2193878.50000000,1773840.82186000
1748692800000,0.80500000,0.83040000,0.80330000,0.82210000,2580602.60000000,2119297.97084000
1748707200000,0.82210000,0.84120000,0.81940000,0.83770000,1501676.20000000,1249523.44274000
1748721600000,0.83780000,0.84230000,0.83060000,0.83140000,1493584.20000000,1250970.79619000
1748736000000,0.83150000,0.83610000,0.81810000,0.82380000,1297054.80000000,1071528.91223000
1748750400000,0.82390000,0.83640000,0.82120000,0.82650000,997768.20000000,826778.22816000
1748764800000,0.82650000,0.82910000,0.80690000,0.81870000,1633006.60000000,1335876.48724000
1748779200000,0.81880000,0.83160000,0.81090000,0.82890000,1335246.00000000,1099720.04662000
1748793600000,0.82890000,0.83970000,0.82080000,0.83330000,1452135.70000000,1208731.07945000
1748808000000,0.83350000,0.84780000,0.82910000,0.84440000,1207396.90000000,1015523.30583000
1748822400000,0.84450000,0.85100000,0.82840000,0.83010000,1574815.10000000,1323425.13308000
1748836800000,0.83000000,0.84060000,0.82290000,0.83440000,1006306.70000000,835127.33094000
1748851200000,0.83440000,0.83960000,0.81830000,0.82560000,2230204.80000000,1838917.69598000
1748865600000,0.82560000,0.83770000,0.82070000,0.83320000,1789595.30000000,1484325.42762000
1748880000000,0.83330000,0.83780000,0.82220000,0.82740000,937512.80000000,778548.02789000
1748894400000,0.82750000,0.85540000,0.82750000,0.85080000,1550738.30000000,1315125.52155000
1748908800000,0.85080000,0.86920000,0.84770000,0.85140000,2680976.30000000,2301758.80361000
1748923200000,0.85150000,0.85660000,0.84540000,0.85030000,1385169.90000000,1180364.68510000
1748937600000,0.85040000,0.85940000,0.84350000,0.85690000,1492889.60000000,1271826.69677000
1748952000000,0.85690000,0.86970000,0.85420000,0.86310000,2619683.70000000,2257342.78459000
1748966400000,0.86310000,0.86460000,0.85360000,0.86160000,1426427.00000000,1225274.27108000
1748980800000,0.86160000,0.86280000,0.84000000,0.85020000,1752396.00000000,1492148.56019000
1748995200000,0.85020000,0.86110000,0.84380000,0.85580000,1542480.30000000,1319182.42587000
1749009600000,0.85580000,0.85850000,0.84710000,0.85010000,1731712.00000000,1477889.72149000
1749024000000,0.85020000,0.85780000,0.84100000,0.84120000,1450234.80000000,1233766.64229000
1749038400000,0.84130000,0.85160000,0.83040000,0.84920000,2024335.40000000,1699873.93438000
1749052800000,0.84930000,0.84990000,0.83670000,0.83690000,1098719.30000000,926725.95982000
1749067200000,0.83680000,0.83950000,0.82510000,0.83140000,1213039.40000000,1008522.36269000
1749081600000,0.83130000,0.83690000,0.82550000,0.83100000,1084478.90000000,901877.49176000
1749096000000,0.83110000,0.83500000,0.81850000,0.82260000,1250750.30000000,1032456.97096000
1749110400000,0.82270000,0.82810000,0.81480000,0.82090000,981922.70000000,805320.89258000
1749124800000,0.82070000,0.83840000,0.80820000,0.82060000,2900097.20000000,2387363.07959000
1749139200000,0.82070000,0.82150000,0.78500000,0.79040000,3572561.80000000,2862764.77441000
1749153600000,0.79040000,0.79240000,0.75770000,0.77510000,9423981.70000000,7284472.19051000
1749168000000,0.77510000,0.79500000,0.76790000,0.79380000,2127444.90000000,1663852.60298000
1749182400000,0.79390000,0.80340000,0.79100000,0.79790000,2001184.50000000,1598037.45038000
1749196800000,0.79800000,0.80650000,0.79800000,0.80250000,1088711.40000000,872463.24163000
1749211200000,0.80260000,0.82250000,0.80160000,0.81630000,2212498.80000000,1795945.68405000
1749225600000,0.81640000,0.81850000,0.79950000,0.80290000,1566225.90000000,1264563.04227000
1749240000000,0.80290000,0.81040000,0.80070000,0.80500000,687422.10000000,553432.40544000
1749254400000,0.80510000,0.82150000,0.80170000,0.82090000,1048875.50000000,851346.12458000
1749268800000,0.82090000,0.83270000,0.81860000,0.82890000,938301.60000000,775221.69573000
1749283200000,0.82890000,0.83680000,0.82670000,0.83500000,1221355.10000000,1016140.47850000
1749297600000,0.83500000,0.84300000,0.83110000,0.83310000,1453200.90000000,1216235.68076000
1749312000000,0.83310000,0.83970000,0.82440000,0.83280000,2093114.60000000,1739838.52227000
1749326400000,0.83290000,0.84010000,0.83250000,0.83600000,900740.90000000,752519.25625000
1749340800000,0.83600000,0.83730000,0.82840000,0.83180000,981601.10000000,816820.31152000
1749355200000,0.83180000,0.83510000,0.82590000,0.82660000,859857.30000000,714230.39720000
1749369600000,0.82660000,0.83360000,0.81800000,0.83210000,1772210.90000000,1459946.75371000
1749384000000,0.83220000,0.83720000,0.82360000,0.83190000,2106602.20000000,1747741.12930000
1749398400000,0.83200000,0.84290000,0.83200000,0.84260000,1510040.20000000,1266744.64274000
1749412800000,0.84250000,0.84770000,0.82910000,0.83180000,1472013.30000000,1234934.80086000
1749427200000,0.83170000,0.83370000,0.82240000,0.82910000,1413835.30000000,1171639.91433000
1749441600000,0.82900000,0.83000000,0.81840000,0.82330000,988544.20000000,813696.45740000
1749456000000,0.82330000,0.84680000,0.82140000,0.84670000,2163268.40000000,1814448.21246000
1749470400000,0.84680000,0.84870000,0.83670000,0.84080000,2372347.40000000,2000287.01675000
1749484800000,0.84080000,0.85220000,0.84000000,0.84330000,1637301.10000000,1387200.52133000
1749499200000,0.84340000,0.87830000,0.84340000,0.87520000,3549121.30000000,3085911.15175000
1749513600000,0.87530000,0.88420000,0.86910000,0.87000000,2577313.20000000,2259580.80177000
1749528000000,0.87000000,0.87420000,0.85790000,0.87110000,1664778.20000000,1443313.40638000
1749542400000,0.87120000,0.89830000,0.86760000,0.89660000,3022895.90000000,2674849.54213000
1749556800000,0.89660000,0.90590000,0.86900000,0.88140000,4002691.00000000,3560690.78129000
1749571200000,0.88140000,0.89690000,0.87270000,0.88790000,1940720.00000000,1714981.44400000
1749585600000,0.88790000,0.89940000,0.87940000,0.89940000,1812087.30000000,1610924.17865000
1749600000000,0.89950000,0.90120000,0.87800000,0.88900000,1738643.20000000,1545422.14070000
1749614400000,0.88900000,0.90250000,0.88340000,0.89870000,2618141.40000000,2342945.75908000
1749628800000,0.89870000,0.90400000,0.87960000,0.88320000,3093465.20000000,2750940.50210000
1749643200000,0.88330000,0.91930000,0.87940000,0.91700000,5588915.60000000,5050640.70545000
1749657600000,0.91700000,0.92030000,0.88560000,0.88740000,3696796.90000000,3343061.05726000
1749672000000,0.88740000,0.89180000,0.85430000,0.86650000,4165839.10000000,3622176.12667000
1749686400000,0.86660000,0.86820000,0.84880000,0.85080000,2956663.70000000,2537526.04370000
1749700800000,0.85070000,0.85480000,0.84280000,0.84520000,3739281.60000000,3175529.26042000
1749715200000,0.84520000,0.84710000,0.83220000,0.83430000,2361645.40000000,1983320.94356000
1749729600000,0.83450000,0.85890000,0.83240000,0.83800000,4222819.80000000,3572341.50168000
1749744000000,0.83800000,0.85880000,0.82120000,0.82720000,3697360.10000000,3104921.93919000
1749758400000,0.82700000,0.83090000,0.80610000,0.81350000,4739501.20000000,3864449.02552000
1749772800000,0.81370000,0.81400000,0.75080000,0.78100000,17966086.90000000,13862221.94371000
1749787200000,0.78110000,0.78370000,0.76570000,0.77880000,5420355.40000000,4208590.08001000
1749801600000,0.77880000,0.78960000,0.77070000,0.78120000,3883384.50000000,3022605.29120000
1749816000000,0.78130000,0.79370000,0.76890000,0.78840000,3663399.30000000,2859069.81254000
1749830400000,0.78850000,0.80030000,0.77220000,0.77770000,3321954.20000000,2607174.75648000
1749844800000,0.77780000,0.79840000,0.77560000,0.79730000,1413497.30000000,1113839.31304000
1749859200000,0.79730000,0.79900000,0.78830000,0.79190000,1198662.90000000,950844.18023000
1749873600000,0.79190000,0.79720000,0.78610000,0.79100000,812188.20000000,644053.28137000
1749888000000,0.79090000,0.80120000,0.78670000,0.79550000,3703436.00000000,2942477.06954000
1749902400000,0.79540000,0.79750000,0.78030000,0.78440000,1340739.70000000,1059955.95551000
1749916800000,0.78440000,0.78690000,0.76900000,0.77420000,1888103.60000000,1465280.93034000
1749931200000,0.77420000,0.78810000,0.76840000,0.78550000,1190364.90000000,928620.74390000
1749945600000,0.78550000,0.79100000,0.78400000,0.78840000,1000068.90000000,787006.92293000
1749960000000,0.78830000,0.79770000,0.78440000,0.78640000,2824959.30000000,2232786.67570000
1749974400000,0.78630000,0.78710000,0.77550000,0.78110000,2564006.30000000,2000086.43280000
1749988800000,0.78120000,0.79440000,0.77870000,0.78620000,2624690.00000000,2061204.25496000
1750003200000,0.78630000,0.79410000,0.78360000,0.78650000,680241.00000000,535947.01391000
1750017600000,0.78660000,0.79420000,0.77480000,0.79240000,1329817.70000000,1043716.47517000
1750032000000,0.79250000,0.80950000,0.78560000,0.80270000,1832678.80000000,1463099.77224000
1750046400000,0.80280000,0.82590000,0.80240000,0.82490000,2515603.20000000,2053439.56638000
1750060800000,0.82500000,0.82790000,0.81110000,0.82070000,1925128.90000000,1581555.21669000
1750075200000,0.82050000,0.83510000,0.81710000,0.82460000,2530426.20000000,2093144.60848000
1750089600000,0.82490000,0.83960000,0.82450000,0.83660000,926054.90000000,770390.07036000
1750104000000,0.83650000,0.84060000,0.78920000,0.79190000,3511030.00000000,2858176.67456000
1750118400000,0.79180000,0.79760000,0.76810000,0.78920000,8566242.10000000,6723337.57584000
1750132800000,0.78930000,0.79190000,0.77030000,0.77200000,5509830.50000000,4289508.26499000
1750147200000,0.77190000,0.77430000,0.75980000,0.76390000,4128045.70000000,3161193.45492000
1750161600000,0.76390000,0.77140000,0.73710000,0.74490000,5738661.50000000,4341139.16971000
1750176000000,0.74480000,0.75360000,0.72720000,0.74860000,5306125.40000000,3919140.36872000
1750190400000,0.74870000,0.75180000,0.73630000,0.74360000,1583237.90000000,1177592.79504000
1750204800000,0.74370000,0.75580000,0.74290000,0.75320000,1802168.10000000,1352368.44135000
1750219200000,0.75310000,0.76460000,0.74990000,0.75470000,1619718.70000000,1225628.25813000
1750233600000,0.75440000,0.75850000,0.72770000,0.73960000,2002493.20000000,1484262.38245000
1750248000000,0.73970000,0.74880000,0.72010000,0.74330000,4054323.70000000,2979575.85765000
1750262400000,0.74320000,0.75410000,0.73210000,0.74000000,3168655.20000000,2350332.38951000
1750276800000,0.74010000,0.78640000,0.73800000,0.77610000,7519892.10000000,5818526.53113000
1750291200000,0.77610000,0.78590000,0.76800000,0.78060000,3099611.30000000,2407157.12347000
1750305600000,0.78070000,0.78630000,0.77450000,0.77870000,2505738.90000000,1955212.96769000
1750320000000,0.77870000,0.79220000,0.77800000,0.77930000,2533372.00000000,1989218.89122000
1750334400000,0.77920000,0.78350000,0.76090000,0.76370000,3161962.40000000,2433206.40500000
1750348800000,0.76380000,0.77720000,0.75780000,0.76520000,2067940.50000000,1585213.51535000
1750363200000,0.76530000,0.77620000,0.76120000,0.76830000,1374902.30000000,1058269.71273000
1750377600000,0.76840000,0.77340000,0.76300000,0.76320000,1106701.90000000,848957.38325000
1750392000000,0.76310000,0.77570000,0.75590000,0.77520000,1526040.50000000,1165573.94335000
1750406400000,0.77530000,0.78060000,0.76970000,0.77660000,2433156.80000000,1887427.86218000
1750420800000,0.77660000,0.78180000,0.74700000,0.75090000,3448640.60000000,2629413.93607000
1750435200000,0.75100000,0.75210000,0.72160000,0.74050000,4795179.00000000,3529996.24323000
1750449600000,0.74040000,0.74800000,0.72670000,0.73610000,1464340.10000000,1078280.21097000
1750464000000,0.73610000,0.74520000,0.73380000,0.74180000,1022142.80000000,754894.60648000
1750478400000,0.74170000,0.74240000,0.73600000,0.73840000,972289.30000000,718536.12938000
1750492800000,0.73850000,0.74320000,0.73660000,0.73940000,849991.00000000,628358.22071000
1750507200000,0.73930000,0.74110000,0.72100000,0.72620000,1579176.80000000,1149080.06891000
1750521600000,0.72620000,0.72960000,0.69030000,0.69050000,5842698.60000000,4128658.59880000
1750536000000,0.69050000,0.70160000,0.67510000,0.69410000,6250793.60000000,4293406.38429000
1750550400000,0.69420000,0.70700000,0.67890000,0.68610000,4603774.30000000,3193473.53122000
1750564800000,0.68600000,0.69690000,0.68360000,0.68590000,1235555.10000000,854049.73050000
1750579200000,0.68600000,0.68710000,0.66850000,0.67310000,2537166.10000000,1713698.98874000
1750593600000,0.67310000,0.67780000,0.63460000,0.63760000,10160774.80000000,6587561.81115000
1750608000000,0.63760000,0.65550000,0.63570000,0.63790000,2843808.90000000,1833785.02680000
1750622400000,0.63790000,0.67300000,0.62140000,0.67260000,6308302.60000000,4096289.86875000
1750636800000,0.67260000,0.67960000,0.66760000,0.67500000,2765998.70000000,1865269.52889000
1750651200000,0.67510000,0.69160000,0.67360000,0.68230000,2910250.70000000,1991573.40582000
1750665600000,0.68240000,0.69750000,0.66480000,0.67000000,3943758.20000000,2658479.30471000
1750680000000,0.67010000,0.69350000,0.66580000,0.67140000,4593732.20000000,3126258.63098000
1750694400000,0.67130000,0.70260000,0.65040000,0.70010000,8330760.70000000,5639603.71956000
1750708800000,0.70010000,0.79660000,0.69880000,0.75530000,13089790.80000000,9755578.17141000
1750723200000,0.75530000,0.76100000,0.74560000,0.75050000,3536147.10000000,2664015.12620000
1750737600000,0.75040000,0.78950000,0.75010000,0.76830000,5100251.50000000,3944834.33235000
1750752000000,0.76820000,0.77780000,0.75810000,0.77040000,4674953.10000000,3588616.25278000
1750766400000,0.77040000,0.78250000,0.76390000,0.77680000,3914525.70000000,3024831.00770000
1750780800000,0.77690000,0.79480000,0.76410000,0.77310000,3586598.50000000,2794281.37712000
1750795200000,0.77300000,0.78380000,0.76880000,0.78380000,1678070.20000000,1304614.87482000
1750809600000,0.78380000,0.78790000,0.77310000,0.78200000,3193182.30000000,2498201.33532000
1750824000000,0.78210000,0.78680000,0.77320000,0.78500000,2320096.60000000,1811193.27494000
1750838400000,0.78500000,0.78610000,0.77020000,0.78070000,2451588.80000000,1908037.26541000
1750852800000,0.78080000,0.78750000,0.75940000,0.76060000,4244092.10000000,3282917.87397000
1750867200000,0.76070000,0.77080000,0.75540000,0.76810000,3510063.40000000,2677471.81109000
1750881600000,0.76800000,0.77180000,0.75290000,0.75980000,1185831.20000000,904890.60037000
1750896000000,0.75990000,0.80000000,0.75170000,0.76550000,5469883.50000000,4187493.82259000
1750910400000,0.76560000,0.76970000,0.75530000,0.76600000,1911118.70000000,1456680.45725000
1750924800000,0.76590000,0.77190000,0.74660000,0.74880000,2324233.90000000,1756127.43491000
1750939200000,0.74860000,0.74950000,0.73140000,0.73860000,3753432.40000000,2774579.93290000
1750953600000,0.73860000,0.74490000,0.72990000,0.74090000,1452036.40000000,1071025.29475000
1750968000000,0.74090000,0.75400000,0.72970000,0.73350000,2219240.10000000,1641041.43953000
1750982400000,0.73350000,0.74200000,0.72210000,0.73940000,1836343.10000000,1347597.85895000
1750996800000,0.73930000,0.74600000,0.73240000,0.73410000,1510666.10000000,1115315.75164000
1751011200000,0.73420000,0.74620000,0.73290000,0.74080000,2350815.70000000,1740426.08159000
1751025600000,0.74080000,0.74920000,0.73080000,0.74760000,1988926.60000000,1469249.11210000
1751040000000,0.74770000,0.75890000,0.73000000,0.73810000,2762103.10000000,2054184.30483000
1751054400000,0.73810000,0.74950000,0.73700000,0.74670000,787304.80000000,586502.99331000
1751068800000,0.74670000,0.75020000,0.74220000,0.74670000,818163.00000000,610685.92472000
1751083200000,0.74680000,0.75320000,0.74280000,0.75280000,889772.10000000,665571.10207000
1751097600000,0.75290000,0.75670000,0.74820000,0.75250000,1206108.90000000,907323.44381000
1751112000000,0.75250000,0.75650000,0.74570000,0.75570000,1397449.20000000,1048419.34172000
1751126400000,0.75580000,0.76500000,0.75230000,0.76040000,1445234.30000000,1097108.97455000
1751140800000,0.76040000,0.76570000,0.75460000,0.76110000,1266543.80000000,961787.49070000
1751155200000,0.76110000,0.77230000,0.75610000,0.75800000,2660577.40000000,2034251.19214000
1751169600000,0.75810000,0.76650000,0.75680000,0.76640000,844619.90000000,643113.21779000
1751184000000,0.76640000,0.77430000,0.76390000,0.77200000,2044405.70000000,1574664.73257000
1751198400000,0.77200000,0.77340000,0.75950000,0.76130000,1602308.00000000,1228441.96233000
1751212800000,0.76130000,0.76910000,0.75760000,0.76690000,1586320.80000000,1208760.61365000
1751227200000,0.76690000,0.79970000,0.76140000,0.79150000,3200673.30000000,2508553.80549000
1751241600000,0.79150000,0.79710000,0.77730000,0.78170000,2155278.20000000,1696193.97467000
1751256000000,0.78170000,0.78240000,0.76580000,0.77550000,1483708.40000000,1150722.80729000
1751270400000,0.77540000,0.77790000,0.76430000,0.76610000,1761460.60000000,1354852.01199000
1751284800000,0.76600000,0.77360000,0.75240000,0.76760000,3130981.10000000,2387162.69274000
1751299200000,0.76770000,0.78810000,0.76480000,0.78740000,1951036.50000000,1511053.20815000
1751313600000,0.78740000,0.78890000,0.76770000,0.76900000,1155689.10000000,898556.58455000
1751328000000,0.76910000,0.77210000,0.76010000,0.76450000,1452724.40000000,1112715.73676000
1751342400000,0.76440000,0.76450000,0.74770000,0.75810000,1889469.90000000,1426743.67177000
1751356800000,0.75810000,0.76190000,0.74840000,0.75070000,2168008.20000000,1638533.00097000
1751371200000,0.75080000,0.75600000,0.73900000,0.74600000,1892155.20000000,1413142.87283000
1751385600000,0.74590000,0.75040000,0.73530000,0.73540000,1269070.50000000,944554.37705000
1751400000000,0.73550000,0.74410000,0.73340000,0.74150000,721104.80000000,532571.85303000
1751414400000,0.74150000,0.75050000,0.73390000,0.74820000,1679951.20000000,1249234.46725000
1751428800000,0.74830000,0.76380000,0.74600000,0.76080000,1994250.00000000,1509511.14831000
1751443200000,0.76080000,0.76930000,0.75920000,0.76330000,1459141.70000000,1115099.57397000
1751457600000,0.76330000,0.78440000,0.75770000,0.78270000,2291035.50000000,1765182.71838000
1751472000000,0.78260000,0.80210000,0.78180000,0.80110000,3874360.70000000,3075757.08683000
1751486400000,0.80110000,0.80430000,0.78450000,0.78520000,2212983.40000000,1761949.62185000
1751500800000,0.78510000,0.79370000,0.78190000,0.78660000,2332930.40000000,1838962.32159000
1751515200000,0.78650000,0.81510000,0.78490000,0.80570000,3119230.90000000,2496571.88267000
1751529600000,0.80580000,0.81580000,0.79750000,0.80320000,2969175.70000000,2394222.24019000
1751544000000,0.80310000,0.81410000,0.77920000,0.78040000,4738140.00000000,3784770.26588000
1751558400000,0.78040000,0.79850000,0.78000000,0.79650000,3126561.00000000,2470738.56577000
1751572800000,0.79650000,0.80330000,0.79470000,0.79700000,1156089.00000000,924074.99718000
1751587200000,0.79700000,0.80400000,0.78580000,0.78580000,1814687.40000000,1439241.91502000
1751601600000,0.78580000,0.78790000,0.76810000,0.77000000,2694706.10000000,2098529.16454000
1751616000000,0.77000000,0.78050000,0.76470000,0.77810000,1010877.60000000,783736.98814000
1751630400000,0.77820000,0.79730000,0.76700000,0.77340000,5521099.80000000,4310396.46069000
1751644800000,0.77330000,0.77830000,0.76270000,0.76630000,1714170.00000000,1321615.23817000
1751659200000,0.76620000,0.78080000,0.76540000,0.77430000,1294586.30000000,1002454.45507000
1751673600000,0.77420000,0.78080000,0.76770000,0.77760000,1308384.20000000,1014976.25868000
1751688000000,0.77770000,0.78460000,0.77010000,0.77840000,1000077.60000000,777387.60106000
1751702400000,0.77850000,0.78140000,0.77100000,0.78030000,984936.10000000,764803.73005000
1751716800000,0.78030000,0.78110000,0.77250000,0.77540000,1253394.70000000,973143.49699000
1751731200000,0.77550000,0.78050000,0.76620000,0.77540000,1377807.40000000,1064234.49362000
1751745600000,0.77540000,0.78440000,0.77340000,0.78210000,682536.10000000,532397.18552000
1751760000000,0.78220000,0.78260000,0.77430000,0.77690000,546352.90000000,425091.32737000
1751774400000,0.77680000,0.78010000,0.77270000,0.77630000,662476.50000000,514349.41694000
1751788800000,0.77630000,0.78110000,0.77240000,0.77840000,1019529.20000000,791755.70561000
1751803200000,0.77840000,0.79690000,0.77670000,0.78920000,2117134.60000000,1669384.65328000
1751817600000,0.78930000,0.79770000,0.78690000,0.79470000,889166.40000000,704648.52370000
1751832000000,0.79470000,0.80800000,0.79250000,0.79650000,1725990.70000000,1383379.42517000
1751846400000,0.79650000,0.80400000,0.78970000,0.79670000,2077908.30000000,1652178.72677000
1751860800000,0.79670000,0.81480000,0.79060000,0.79870000,3885491.40000000,3123884.06968000
1751875200000,0.79860000,0.79910000,0.78660000,0.78990000,3213228.50000000,2545613.72097000
1751889600000,0.78990000,0.79550000,0.78160000,0.78340000,1851098.10000000,1457912.68460000
1751904000000,0.78340000,0.78610000,0.77160000,0.77750000,1825744.50000000,1422971.62697000
1751918400000,0.77760000,0.78110000,0.76810000,0.78040000,1223771.00000000,948523.91998000
1751932800000,0.78040000,0.78370000,0.76950000,0.77440000,1874401.50000000,1454377.33722000
1751947200000,0.77440000,0.78250000,0.77150000,0.78180000,990118.20000000,769414.61508000
1751961600000,0.78190000,0.79110000,0.77840000,0.78690000,1208647.70000000,948112.14180000
1751976000000,0.78700000,0.79750000,0.78530000,0.78800000,1864638.40000000,1473773.80916000
1751990400000,0.78820000,0.80590000,0.78670000,0.80140000,1986859.90000000,1589465.93665000
1752004800000,0.80140000,0.80300000,0.79870000,0.80200000,941441.40000000,753782.49746000
1752019200000,0.80200000,0.80250000,0.79250000,0.79320000,1267421.10000000,1010243.40751000
1752033600000,0.79320000,0.80700000,0.79210000,0.80460000,1622450.20000000,1300644.36397000
1752048000000,0.80470000,0.81270000,0.80190000,0.81060000,1544452.10000000,1245286.31813000
1752062400000,0.81070000,0.82540000,0.80820000,0.81600000,3865284.60000000,3161645.19764000
1752076800000,0.81610000,0.83990000,0.80960000,0.83570000,2922484.70000000,2413583.38406000
1752091200000,0.83560000,0.83830000,0.82350000,0.83260000,3574407.10000000,2973520.33871000
1752105600000,0.83270000,0.84310000,0.82650000,0.84160000,2731888.00000000,2282817.45069000
1752120000000,0.84150000,0.85580000,0.83680000,0.84950000,2414540.80000000,2045490.37646000
1752134400000,0.84950000,0.85610000,0.84380000,0.84810000,3091586.50000000,2627070.09418000
1752148800000,0.84800000,0.84830000,0.83640000,0.84240000,2168859.50000000,1826526.43799000
1752163200000,0.84250000,0.87650000,0.84200000,0.86780000,5984695.50000000,5183270.63037000
1752177600000,0.86780000,0.90150000,0.86770000,0.89380000,7017807.70000000,6251076.09590000
1752192000000,0.89380000,0.90730000,0.87530000,0.90590000,4779202.60000000,4268518.81044000
1752206400000,0.90580000,0.92810000,0.89500000,0.89940000,4807284.50000000,4376400.14752000
1752220800000,0.89940000,0.92150000,0.89870000,0.91430000,3525668.00000000,3218470.89702000
1752235200000,0.91430000,0.93820000,0.90180000,0.90540000,8153547.90000000,7523593.57173000
1752249600000,0.90550000,0.92140000,0.89610000,0.92120000,4718264.20000000,4281895.50500000
1752264000000,0.92110000,0.92260000,0.86900000,0.88460000,5147950.70000000,4588027.38440000
1752278400000,0.88470000,0.94000000,0.87110000,0.89800000,4331407.10000000,3871845.14447000
1752292800000,0.89810000,0.90020000,0.87820000,0.89000000,2939640.70000000,2615311.60890000
1752307200000,0.89000000,0.90150000,0.88350000,0.89020000,2622169.70000000,2341978.40421000
1752321600000,0.89020000,0.89170000,0.85220000,0.85920000,5818000.70000000,5051243.80021000
1752336000000,0.85930000,0.87720000,0.85580000,0.87270000,1499416.40000000,1301931.52748000
1752350400000,0.87270000,0.87680000,0.85940000,0.87360000,962799.50000000,837016.16014000
1752364800000,0.87370000,0.88240000,0.87070000,0.87890000,1706688.00000000,1497169.47340000
1752379200000,0.87890000,0.89660000,0.87440000,0.89580000,1820596.70000000,1613475.74531000
1752393600000,0.89580000,0.91100000,0.88740000,0.90360000,2781731.30000000,2497477.97805000
1752408000000,0.90350000,0.92880000,0.90080000,0.90850000,5621279.60000000,5147040.16022000
1752422400000,0.90860000,0.91850000,0.90080000,0.90560000,2261046.50000000,2059047.21314000
1752436800000,0.90560000,0.91270000,0.88900000,0.90420000,1880316.80000000,1689511.25363000
1752451200000,0.90430000,0.93990000,0.89970000,0.93530000,4823489.30000000,4450018.88820000
1752465600000,0.93540000,0.96120000,0.92280000,0.95530000,5536165.30000000,5224455.17345000
1752480000000,0.95540000,0.95680000,0.93430000,0.94620000,4714713.70000000,4463547.16995000
1752494400000,0.94610000,0.95870000,0.90140000,0.91050000,8356788.50000000,7790027.44110000
1752508800000,0.91040000,0.91710000,0.89040000,0.89810000,4789474.80000000,4329570.52292000
1752523200000,0.89810000,0.93870000,0.88850000,0.92260000,4854099.60000000,4456037.64741000
1752537600000,0.92260000,0.92750000,0.88020000,0.89100000,6855096.70000000,6163205.50553000
1752552000000,0.89100000,0.90660000,0.88180000,0.89330000,2982148.50000000,2674635.65596000
1752566400000,0.89330000,0.90840000,0.88400000,0.90500000,3708669.40000000,3337434.24399000
1752580800000,0.90510000,0.93540000,0.89040000,0.91800000,6788430.60000000,6210987.88905000
1752595200000,0.91790000,0.94330000,0.91400000,0.91530000,4827306.70000000,4483619.32319000
1752609600000,0.91520000,0.94530000,0.91230000,0.93860000,3843156.70000000,3581324.98794000
1752624000000,0.93840000,0.94790000,0.92370000,0.93610000,4258294.50000000,3985690.73990000
1752638400000,0.93610000,0.95110000,0.92810000,0.94800000,2200305.90000000,2072425.50072000
1752652800000,0.94810000,0.95560000,0.93960000,0.94490000,2301847.10000000,2181273.07309000
1752667200000,0.94480000,0.96550000,0.94030000,0.95070000,4540125.20000000,4320042.01585000
1752681600000,0.95070000,0.97640000,0.94740000,0.96680000,4349809.60000000,4189900.62346000
1752696000000,0.96670000,0.98270000,0.95150000,0.95870000,3019129.70000000,2925206.77445000
1752710400000,0.95870000,0.97050000,0.93080000,0.93870000,5032887.00000000,4776972.41688000
1752724800000,0.93860000,0.96770000,0.93690000,0.96410000,3838997.80000000,3667411.51246000
1752739200000,0.96410000,0.98500000,0.95790000,0.96550000,3446443.50000000,3359507.38534000
1752753600000,0.96550000,1.04950000,0.96550000,1.03690000,21361587.20000000,21779386.82491000
1752768000000,1.03680000,1.04250000,1.00880000,1.01330000,8522719.60000000,8733104.55973000
1752782400000,1.01330000,1.06210000,0.99600000,1.03440000,9811980.20000000,10173022.77846000
1752796800000,1.03440000,1.07900000,1.02440000,1.06710000,8839891.40000000,9358287.31131000
1752811200000,1.06720000,1.09230000,1.04520000,1.04630000,9473333.50000000,10159330.21272000
1752825600000,1.04630000,1.06230000,1.03040000,1.04100000,6823801.00000000,7136136.16283000
1752840000000,1.04110000,1.06410000,1.00830000,1.01900000,7611505.40000000,7880296.99365000
1752854400000,1.01900000,1.03490000,1.00440000,1.01180000,3357136.30000000,3425742.95310000
1752868800000,1.01180000,1.01660000,0.98320000,1.00670000,5081821.10000000,5086557.28913000
1752883200000,1.00680000,1.08600000,0.98900000,1.02360000,4265975.60000000,4335645.26766000
1752897600000,1.02360000,1.03470000,1.01890000,1.02540000,3736448.10000000,3840990.32796000
1752912000000,1.02550000,1.02780000,1.00450000,1.00800000,3437085.00000000,3495616.44839000
1752926400000,1.00830000,1.04700000,0.99830000,1.02200000,3613927.30000000,3659550.11852000
1752940800000,1.02200000,1.03050000,1.01420000,1.02760000,1630116.20000000,1665432.00193000
1752955200000,1.02750000,1.03800000,1.01290000,1.03130000,1773570.70000000,1825863.71879000
1752969600000,1.03130000,1.05000000,1.02070000,1.03290000,2677210.80000000,2762264.34574000
1752984000000,1.03290000,1.05070000,1.02980000,1.04260000,2864718.70000000,2972717.96461000
1752998400000,1.04270000,1.06840000,1.04230000,1.06140000,5073397.60000000,5357345.86558000
1753012800000,1.06140000,1.07630000,1.05360000,1.07470000,3800144.60000000,4039828.56334000
1753027200000,1.07480000,1.08270000,1.05460000,1.06630000,4654882.70000000,4981432.81896000
1753041600000,1.06640000,1.06730000,1.02570000,1.04750000,4195743.20000000,4393210.96309000
1753056000000,1.04740000,1.06350000,1.02430000,1.05990000,5242778.20000000,5463047.73300000
1753070400000,1.05990000,1.08420000,1.05430000,1.07820000,5144498.80000000,5494680.22529000
1753084800000,1.07830000,1.09060000,1.06260000,1.08760000,4841381.30000000,5213305.51790000
1753099200000,1.08770000,1.12750000,1.07770000,1.10320000,9676959.20000000,10724061.46798000
1753113600000,1.10310000,1.10620000,1.05610000,1.06010000,6340494.30000000,6848226.92373000
1753128000000,1.06010000,1.08190000,1.05420000,1.07540000,4175745.10000000,4462859.81116000
1753142400000,1.07540000,1.10070000,1.04080000,1.06660000,8542288.40000000,9173020.63843000
1753156800000,1.06650000,1.07040000,1.03010000,1.05520000,5784337.10000000,6095482.45730000
1753171200000,1.05520000,1.05600000,1.02010000,1.05520000,6282544.60000000,6531249.78795000
1753185600000,1.05510000,1.06640000,1.02700000,1.05330000,6331004.40000000,6649705.27288000
1753200000000,1.05330000,1.07030000,1.04280000,1.04650000,3980182.00000000,4207280.66382000
1753214400000,1.04650000,1.16950000,1.04410000,1.14310000,12942606.30000000,14394045.97641000
1753228800000,1.14320000,1.14720000,1.09810000,1.10220000,9211072.80000000,10351027.04798000
1753243200000,1.10230000,1.12440000,1.09870000,1.10430000,6526611.50000000,7250361.48339000
1753257600000,1.10420000,1.10770000,1.06730000,1.07430000,5034584.10000000,5458951.46911000
1753272000000,1.07420000,1.07980000,1.00500000,1.04690000,14712251.70000000,15289427.73070000
1753286400000,1.04690000,1.04690000,0.99730000,1.02070000,9013895.90000000,9204982.00021000
1753300800000,1.02070000,1.04410000,0.98760000,1.03040000,7113892.80000000,7220955.67945000
1753315200000,1.03050000,1.04560000,1.02130000,1.03300000,3991910.80000000,4132486.21026000
1753329600000,1.03310000,1.03430000,0.94920000,0.99150000,10680385.80000000,10511236.77900000
1753344000000,0.99150000,1.02760000,0.98460000,1.02280000,6139110.60000000,6158180.28748000
1753358400000,1.02280000,1.06290000,1.01020000,1.05830000,7318628.30000000,7576670.92802000
1753372800000,1.05840000,1.08000000,1.03480000,1.05570000,8472084.00000000,9007334.50811000
1753387200000,1.05580000,1.06070000,1.01340000,1.01800000,3631527.30000000,3768839.36011000
1753401600000,1.01810000,1.01840000,0.98160000,0.99330000,6570459.90000000,6572365.48031000
1753416000000,0.99320000,1.00940000,0.97950000,0.99980000,4908455.70000000,4885188.06748000
1753430400000,0.99970000,1.03970000,0.99860000,1.02860000,6652849.10000000,6798962.21512000
1753444800000,1.02870000,1.03980000,0.98830000,1.00280000,6913290.70000000,7033097.43945000
1753459200000,1.00260000,1.02130000,0.99590000,1.01540000,2389804.90000000,2411487.49682000
1753473600000,1.01530000,1.04150000,1.01350000,1.03790000,3026135.40000000,3123466.46196000
1753488000000,1.03790000,1.04830000,1.03150000,1.04300000,2816596.50000000,2926917.69370000
1753502400000,1.04290000,1.05100000,1.03960000,1.04140000,2316591.40000000,2420611.20868000
1753516800000,1.04140000,1.05770000,1.04140000,1.04720000,2453978.30000000,2575632.57524000
1753531200000,1.04710000,1.05690000,1.04260000,1.05540000,2976593.80000000,3128272.94083000
1753545600000,1.05540000,1.06220000,1.04370000,1.05600000,2037000.00000000,2148200.12874000
1753560000000,1.05600000,1.05930000,1.03980000,1.04210000,2102016.50000000,2205094.78200000
1753574400000,1.04210000,1.05970000,1.03970000,1.05290000,2581330.30000000,2710038.53357000
1753588800000,1.05300000,1.06670000,1.04790000,1.05540000,2239734.80000000,2368627.40331000
1753603200000,1.05540000,1.05680000,1.03810000,1.04640000,3746516.90000000,3927174.43237000
1753617600000,1.04640000,1.05410000,1.03630000,1.04300000,3295996.60000000,3443840.45062000
1753632000000,1.04310000,1.05720000,1.03800000,1.05130000,4335369.40000000,4550685.45361000
1753646400000,1.05130000,1.07100000,1.04390000,1.06830000,4051917.90000000,4294287.63366000
1753660800000,1.06840000,1.07850000,1.04750000,1.06530000,4414169.90000000,4695075.27527000
1753675200000,1.06520000,1.08380000,1.05480000,1.06030000,5417127.30000000,5783921.35699000
1753689600000,1.06020000,1.06680000,1.04570000,1.05430000,3646214.60000000,3861945.25417000
1753704000000,1.05430000,1.05930000,1.00380000,1.01100000,5868166.40000000,6024234.69397000
1753718400000,1.01110000,1.01740000,0.98860000,1.00000000,4434916.00000000,4439760.68974000
1753732800000,1.00000000,1.00160000,0.98500000,0.99200000,2812390.50000000,2791121.54264000
1753747200000,0.99210000,1.00010000,0.96910000,0.98910000,4910902.50000000,4830929.12834000
1753761600000,0.98920000,1.01470000,0.97870000,1.00810000,3896343.60000000,3887697.17666000
1753776000000,1.00820000,1.01040000,0.97500000,0.98150000,3277714.80000000,3248675.81072000
1753790400000,0.98150000,0.99490000,0.95280000,0.95900000,5932270.90000000,5746453.36091000
1753804800000,0.95900000,0.96750000,0.94420000,0.95180000,3470506.10000000,3321741.43192000
1753819200000,0.95190000,0.96230000,0.93470000,0.95960000,4111724.70000000,3900559.95863000
1753833600000,0.95960000,0.96450000,0.94160000,0.95930000,2863469.90000000,2734004.92634000
1753848000000,0.95930000,0.96350000,0.94660000,0.95480000,1665304.40000000,1592188.03488000
1753862400000,0.95470000,0.96010000,0.92430000,0.93040000,3917824.40000000,3693427.34441000
1753876800000,0.93040000,0.95980000,0.92430000,0.95390000,5032840.10000000,4727753.08202000
1753891200000,0.95400000,0.96310000,0.90140000,0.94610000,6173344.00000000,5755189.85987000
1753905600000,0.94600000,0.95760000,0.93420000,0.94540000,3376270.80000000,3190363.51078000
1753920000000,0.94530000,0.97140000,0.94200000,0.96870000,3247178.00000000,3124997.73860000
1753934400000,0.96880000,0.98430000,0.96570000,0.97940000,2563465.40000000,2500386.00436000
1753948800000,0.97940000,1.00480000,0.97730000,0.98080000,4287078.50000000,4247385.11823000
1753963200000,0.98080000,0.98120000,0.94110000,0.95340000,5825187.40000000,5584134.29126000
1753977600000,0.95340000,1.00220000,0.94630000,0.94880000,9448811.60000000,9184049.34391000
1753992000000,0.94870000,0.95080000,0.91500000,0.91920000,5076802.90000000,4745981.04000000
1754006400000,0.91920000,0.92760000,0.88830000,0.91610000,10450956.40000000,9524335.76175000
1754020800000,0.91610000,0.91610000,0.89130000,0.90310000,5863648.60000000,5302700.47761000
1754035200000,0.90300000,0.91080000,0.88400000,0.90980000,5849354.50000000,5244991.99012000
1754049600000,0.90980000,0.92640000,0.88670000,0.91670000,9501184.50000000,8649763.75874000
1754064000000,0.91660000,0.92280000,0.89020000,0.91070000,6410486.10000000,5791545.92380000
1754078400000,0.91060000,0.91340000,0.86660000,0.88980000,7208434.70000000,6400413.60717000
1754092800000,0.88970000,0.90800000,0.88630000,0.90400000,2650042.00000000,2381947.82923000
1754107200000,0.90410000,0.90910000,0.88000000,0.90120000,3780976.50000000,3389341.11100000
1754121600000,0.90110000,0.90450000,0.87650000,0.88360000,3143208.00000000,2791688.60989000
1754136000000,0.88360000,0.89080000,0.86400000,0.86690000,3785708.60000000,3325718.50558000
1754150400000,0.86690000,0.87920000,0.84430000,0.86110000,5641544.70000000,4858002.75739000
1754164800000,0.86120000,0.90000000,0.86020000,0.87490000,2958269.20000000,2587564.81418000
1754179200000,0.87500000,0.89360000,0.85850000,0.89050000,3500103.40000000,3076852.48683000
1754193600000,0.89060000,0.89920000,0.88570000,0.89920000,1751695.90000000,1560821.55840000
1754208000000,0.89920000,0.91780000,0.89760000,0.91270000,2681566.00000000,2434709.03388000
1754222400000,0.91270000,0.91650000,0.90380000,0.91570000,2748715.90000000,2503052.45314000
1754236800000,0.91560000,0.92710000,0.90890000,0.92050000,2251639.70000000,2069745.10459000
1754251200000,0.92060000,0.92640000,0.91640000,0.92110000,1242457.00000000,1143604.11007000
1754265600000,0.92120000,0.94350000,0.91950000,0.92880000,3575916.90000000,3330541.47759000
1754280000000,0.92890000,0.93230000,0.91660000,0.92740000,2553215.00000000,2356072.32385000
1754294400000,0.92750000,0.93320000,0.91930000,0.92320000,1927249.00000000,1783804.09410000
1754308800000,0.92330000,0.94700000,0.92060000,0.93890000,5259373.80000000,4917731.00518000
1754323200000,0.93890000,0.95800000,0.93580000,0.93710000,3036727.50000000,2873759.91976000
1754337600000,0.93720000,0.95630000,0.93470000,0.95010000,2655240.30000000,2519972.03844000
1754352000000,0.95010000,0.95080000,0.92950000,0.93010000,2508479.20000000,2356686.33260000
1754366400000,0.93010000,0.93370000,0.90760000,0.91450000,2943571.80000000,2713208.79608000
1754380800000,0.91440000,0.94950000,0.91090000,0.94230000,2981395.50000000,2785743.06280000
1754395200000,0.94240000,0.94410000,0.90490000,0.91080000,6306998.10000000,5815819.89309000
1754409600000,0.91080000,0.94710000,0.90240000,0.90610000,5313478.40000000,4865019.86360000
1754424000000,0.90610000,0.93160000,0.90330000,0.92000000,4158200.50000000,3810762.91688000
1754438400000,0.92000000,0.92050000,0.90180000,0.90580000,2106981.80000000,1917836.66968000
1754452800000,0.90580000,0.92760000,0.89910000,0.92430000,2544335.60000000,2331934.37678000
1754467200000,0.92430000,0.93960000,0.91570000,0.92260000,2528599.20000000,2335417.28910000
1754481600000,0.92280000,0.93820000,0.90970000,0.93600000,4058068.30000000,3744371.69948000
1754496000000,0.93610000,0.94610000,0.92830000,0.94360000,2292819.00000000,2149380.28110000
1754510400000,0.94370000,0.94490000,0.93600000,0.94110000,914907.40000000,861235.96372000
1754524800000,0.94110000,0.95090000,0.93240000,0.93250000,2612956.00000000,2459973.84040000
1754539200000,0.93250000,0.95420000,0.93050000,0.95050000,3197721.60000000,3028081.62388000
1754553600000,0.95060000,0.98430000,0.94940000,0.98380000,4428651.70000000,4286621.26375000
1754568000000,0.98380000,0.99790000,0.97640000,0.98970000,7093770.30000000,7002256.20801000
1754582400000,0.98960000,0.99600000,0.96760000,0.99600000,3294180.30000000,3239531.40994000
1754596800000,0.99600000,1.01220000,0.99440000,1.00990000,4230603.90000000,4246618.01587000
1754611200000,1.00990000,1.01980000,0.99940000,1.01110000,6599501.40000000,6652347.62658000
1754625600000,1.01120000,1.01940000,1.00140000,1.01720000,4014617.80000000,4051213.14972000
1754640000000,1.01710000,1.02380000,1.00770000,1.01810000,2944258.40000000,2989572.68119000
1754654400000,1.01820000,1.03180000,1.00020000,1.00950000,4300928.80000000,4369668.65758000
1754668800000,1.00940000,1.03160000,1.00560000,1.02860000,3408777.70000000,3481523.93752000
1754683200000,1.02860000,1.02990000,1.01940000,1.02080000,1698810.20000000,1741093.24658000
1754697600000,1.02080000,1.02480000,1.01480000,1.01790000,2562658.70000000,2612990.08438000
1754712000000,1.01790000,1.04630000,1.01560000,1.03890000,4552256.60000000,4711861.74385000
1754726400000,1.03900000,1.05800000,1.03750000,1.04310000,4668671.70000000,4889595.44174000
1754740800000,1.04320000,1.05840000,1.03160000,1.04300000,4389203.00000000,4586217.19060000
1754755200000,1.04300000,1.05320000,1.03890000,1.04970000,2690369.90000000,2816790.68304000
1754769600000,1.04980000,1.05800000,1.03670000,1.03740000,3591750.50000000,3756270.66427000
1754784000000,1.03750000,1.05370000,1.03120000,1.04740000,5765044.50000000,6008074.96712000
1754798400000,1.04740000,1.05680000,1.00690000,1.01020000,5941558.20000000,6147031.15944000
1754812800000,1.01030000,1.02170000,0.99840000,1.00730000,4656147.20000000,4703120.39988000
1754827200000,1.00740000,1.03220000,1.00260000,1.02790000,3408088.20000000,3468746.80147000
1754841600000,1.02790000,1.03630000,1.02340000,1.02980000,2124485.60000000,2187701.87569000
1754856000000,1.02980000,1.03070000,1.01090000,1.02540000,3049351.00000000,3111765.54331000
1754870400000,1.02550000,1.05360000,1.02080000,1.04700000,4907351.40000000,5118726.11893000
1754884800000,1.04710000,1.05570000,1.02430000,1.02740000,3086264.10000000,3222999.98118000
1754899200000,1.02740000,1.03470000,0.99020000,0.99460000,5435916.30000000,5512239.40660000
1754913600000,0.99470000,1.02110000,0.98870000,1.01670000,5837593.70000000,5848135.52686000
1754928000000,1.01670000,1.02940000,0.99000000,0.99830000,3351302.00000000,3383417.01266000
1754942400000,0.99820000,1.01060000,0.97570000,0.98380000,3232140.60000000,3202414.07451000
1754956800000,0.98380000,1.00450000,0.98220000,0.99450000,2167831.00000000,2153742.03111000
1754971200000,0.99450000,0.99780000,0.97540000,0.99460000,2396408.20000000,2367786.60981000
1754985600000,0.99470000,0.99570000,0.96890000,0.98400000,2849459.10000000,2796809.50770000
1755000000000,0.98390000,1.04460000,0.97920000,1.04320000,10018533.90000000,10192953.49312000
1755014400000,1.04330000,1.06990000,1.03990000,1.05210000,7405870.60000000,7821686.59431000
1755028800000,1.05220000,1.06290000,1.04640000,1.06070000,3666170.40000000,3865566.48437000
1755043200000,1.06060000,1.07140000,1.04460000,1.06870000,4736594.30000000,5020938.37175000
1755057600000,1.06870000,1.07500000,1.04840000,1.06560000,3477477.20000000,3690598.95396000
1755072000000,1.06550000,1.09000000,1.06510000,1.07290000,5568166.70000000,6000681.36849000
1755086400000,1.07300000,1.08700000,1.05000000,1.06170000,5390533.20000000,5751982.50240000
1755100800000,1.06170000,1.07380000,1.05470000,1.07230000,2877864.30000000,3066282.78354000
1755115200000,1.07240000,1.08530000,1.06460000,1.07660000,3284542.00000000,3527900.91773000
1755129600000,1.07670000,1.11110000,1.06340000,1.10540000,6375497.90000000,6916112.82926000
1755144000000,1.10550000,1.10950000,1.06540000,1.07990000,7848061.90000000,8511210.97385000
1755158400000,1.08000000,1.08190000,1.04830000,1.05770000,5622783.10000000,5965341.23868000
1755172800000,1.05780000,1.07050000,0.98710000,1.01090000,19217246.80000000,19571641.07672000
1755187200000,1.01080000,1.01110000,0.98060000,0.99970000,5760176.20000000,5729995.71057000
1755201600000,0.99960000,1.00560000,0.97770000,1.00140000,2551013.50000000,2533235.65144000
1755216000000,1.00130000,1.02200000,0.99350000,1.02150000,2745074.40000000,2761655.69999000
1755230400000,1.02160000,1.02730000,1.00710000,1.01900000,2954597.10000000,3008971.44761000
1755244800000,1.01900000,1.02890000,1.00760000,1.00900000,3981820.50000000,4051056.10724000
1755259200000,1.00900000,1.02130000,0.96270000,0.97020000,8628048.80000000,8558742.72380000
1755273600000,0.97010000,0.98250000,0.96000000,0.96890000,3881434.30000000,3771023.57536000
1755288000000,0.96900000,1.00280000,0.96510000,0.99010000,1736441.70000000,1705850.68537000
1755302400000,0.99000000,1.00140000,0.98420000,0.98490000,2304376.10000000,2288418.42121000
1755316800000,0.98490000,0.99420000,0.98170000,0.99190000,2629253.60000000,2596094.45248000
1755331200000,0.99190000,0.99400000,0.97840000,0.98020000,2551360.40000000,2516503.20572000
1755345600000,0.98030000,1.00490000,0.97670000,1.00460000,3052394.50000000,3030197.69956000
1755360000000,1.00470000,1.00940000,0.99340000,0.99760000,1727969.10000000,1730906.16531000
1755374400000,0.99750000,1.00270000,0.99380000,1.00110000,981098.40000000,979647.12590000
1755388800000,1.00110000,1.00950000,0.99520000,1.00710000,1649920.90000000,1654034.07073000
1755403200000,1.00710000,1.01690000,1.00600000,1.01320000,1880498.70000000,1903521.24754000
1755417600000,1.01330000,1.02510000,1.01170000,1.02420000,2070626.10000000,2110329.67317000
1755432000000,1.02420000,1.03580000,1.01250000,1.03580000,2340692.70000000,2397131.51389000
1755446400000,1.03590000,1.04190000,1.00440000,1.00870000,4084186.60000000,4178997.89837000
1755460800000,1.00880000,1.02180000,1.00560000,1.00760000,1907842.00000000,1930723.56241000
1755475200000,1.00750000,1.00920000,0.95940000,0.96940000,5845416.40000000,5749917.64569000
1755489600000,0.96940000,0.97780000,0.95090000,0.95710000,4809976.80000000,4634799.02611000
1755504000000,0.95710000,0.96040000,0.94120000,0.94950000,4864147.60000000,4620026.64089000
1755518400000,0.94940000,0.96870000,0.94480000,0.96050000,4041384.70000000,3860045.75717000
1755532800000,0.96040000,0.97290000,0.94910000,0.96340000,2510587.70000000,2414590.68997000
1755547200000,0.96340000,0.97740000,0.95620000,0.96020000,2326269.10000000,2250943.88819000
1755561600000,0.96030000,0.97450000,0.93700000,0.93910000,4484701.60000000,4283987.53557000
1755576000000,0.93900000,0.95000000,0.93030000,0.94240000,3886009.60000000,3653289.61320000
1755590400000,0.94240000,0.96000000,0.93600000,0.95820000,2932917.90000000,2786075.09441000
1755604800000,0.95820000,0.96160000,0.92310000,0.92540000,4971530.10000000,4672594.48326000
1755619200000,0.92540000,0.92750000,0.90670000,0.91400000,3663905.40000000,3367287.92214000
1755633600000,0.91400000,0.92410000,0.90770000,0.91040000,2573216.50000000,2357519.17658000
1755648000000,0.91050000,0.92680000,0.90640000,0.92010000,3111384.00000000,2851287.40703000
1755662400000,0.92010000,0.93170000,0.91990000,0.92470000,1971237.30000000,1826721.34762000
1755676800000,0.92480000,0.93750000,0.91870000,0.92930000,2735226.80000000,2543049.62429000
1755691200000,0.92940000,0.94540000,0.90330000,0.93320000,6430669.60000000,5942344.53671000
1755705600000,0.93320000,0.95310000,0.92960000,0.95240000,3098312.70000000,2917997.30093000
1755720000000,0.95240000,0.95310000,0.94160000,0.94620000,2296311.50000000,2177472.35630000
1755734400000,0.94620000,0.95490000,0.93450000,0.94090000,2446977.50000000,2310783.71962000
1755748800000,0.94090000,0.94790000,0.93120000,0.94040000,2315701.30000000,2178759.73409000
1755763200000,0.94040000,0.94170000,0.92560000,0.92930000,2193464.20000000,2043282.55353000
1755777600000,0.92920000,0.93670000,0.91440000,0.91550000,4678219.60000000,4330168.04159000
1755792000000,0.91550000,0.92760000,0.91140000,0.91510000,2030231.70000000,1862475.99413000
1755806400000,0.91510000,0.92500000,0.91140000,0.91680000,1342613.20000000,1233833.44082000
1755820800000,0.91680000,0.93280000,0.91080000,0.91730000,2390948.50000000,2205936.83652000
1755835200000,0.91740000,0.92930000,0.91690000,0.92650000,2501077.90000000,2310051.72050000
1755849600000,0.92640000,0.93340000,0.90660000,0.90670000,2902098.20000000,2666141.33299000
1755864000000,0.90670000,0.99090000,0.89100000,0.97880000,19452611.50000000,18484061.51752000
1755878400000,0.97880000,1.01420000,0.97880000,1.01030000,8325886.00000000,8328409.72048000
1755892800000,1.01030000,1.01860000,1.00510000,1.01120000,4903344.90000000,4959936.66255000
1755907200000,1.01130000,1.01330000,0.97710000,0.98210000,4903648.50000000,4873344.58449000
1755921600000,0.98220000,1.02200000,0.98170000,1.00320000,4247624.20000000,4286748.95132000
1755936000000,1.00330000,1.00650000,0.99180000,0.99500000,2396483.60000000,2392534.70793000
1755950400000,0.99510000,1.00110000,0.98890000,0.99560000,2512508.60000000,2498930.25885000
1755964800000,0.99560000,1.01260000,0.99080000,1.01190000,3205466.00000000,3207660.25516000
1755979200000,1.01200000,1.01290000,0.99580000,1.00190000,3431380.60000000,3441107.45727000
1755993600000,1.00190000,1.01050000,0.99200000,0.99900000,2641119.20000000,2643446.51470000
1756008000000,0.99910000,1.00190000,0.97950000,0.98020000,3074112.10000000,3042742.72379000
1756022400000,0.98030000,0.98570000,0.95650000,0.96300000,5068280.50000000,4916058.60812000
1756036800000,0.96300000,0.98350000,0.96160000,0.97290000,3154502.30000000,3063090.99594000
1756051200000,0.97300000,1.02880000,0.96750000,0.99210000,11950378.50000000,11895615.85161000
1756065600000,0.99220000,0.99300000,0.96500000,0.97250000,6134692.60000000,6009278.88693000
1756080000000,0.97260000,0.98890000,0.94860000,0.97380000,5288257.30000000,5136531.65878000
1756094400000,0.97380000,0.97610000,0.92680000,0.93040000,6752461.20000000,6409329.97153000
1756108800000,0.93040000,0.93670000,0.91520000,0.92670000,4802383.90000000,4448578.52619000
1756123200000,0.92680000,0.93590000,0.91640000,0.92590000,5669900.80000000,5263782.69468000
1756137600000,0.92600000,0.93290000,0.89670000,0.89760000,5454730.60000000,4990080.62325000
1756152000000,0.89770000,0.90300000,0.87640000,0.89230000,13146695.10000000,11656109.12040000
1756166400000,0.89230000,0.91140000,0.88540000,0.89960000,6199107.40000000,5557017.25801000
1756180800000,0.89970000,0.91260000,0.89730000,0.90740000,3411758.60000000,3088304.38448000
1756195200000,0.90730000,0.91140000,0.90010000,0.90600000,3364890.10000000,3045746.28870000
1756209600000,0.90610000,0.92810000,0.89940000,0.91650000,6978881.80000000,6373150.41933000
1756224000000,0.91650000,0.95090000,0.91310000,0.94890000,2970519.90000000,2763145.23171000
1756238400000,0.94890000,0.95290000,0.93680000,0.94120000,3212610.00000000,3032906.29458000
1756252800000,0.94130000,0.94260000,0.92620000,0.93470000,3539493.40000000,3310382.81783000
1756267200000,0.93470000,0.94600000,0.92740000,0.93330000,3488506.80000000,3264142.49939000
1756281600000,0.93330000,0.94480000,0.92870000,0.94190000,2537866.10000000,2380908.76930000
1756296000000,0.94190000,0.95220000,0.93170000,0.94890000,4664953.60000000,4398110.77372000
1756310400000,0.94900000,0.95460000,0.93380000,0.93850000,2323452.80000000,2195741.39552000
1756324800000,0.93850000,0.95010000,0.92500000,0.92740000,6092794.80000000,5718964.12153000
1756339200000,0.92730000,0.94110000,0.91980000,0.93680000,4213411.30000000,3922240.50131000
1756353600000,0.93670000,0.94580000,0.93410000,0.94080000,3132161.30000000,2942081.51612000
1756368000000,0.94090000,0.94800000,0.93320000,0.94440000,3352544.30000000,3156900.38925000
1756382400000,0.94450000,0.95290000,0.93570000,0.93860000,5263777.80000000,4974915.09664000
1756396800000,0.93870000,0.94600000,0.92560000,0.92560000,2305508.50000000,2160704.69169000
1756411200000,0.92560000,0.94920000,0.92430000,0.94580000,2068203.50000000,1944980.71484000
1756425600000,0.94570000,0.95000000,0.92860000,0.93670000,3427769.60000000,3217230.26281000
1756440000000,0.93670000,0.93840000,0.90940000,0.91280000,3977032.40000000,3683867.10522000
1756454400000,0.91280000,0.91690000,0.89720000,0.91170000,4332318.80000000,3935162.16169000
1756468800000,0.91170000,0.93550000,0.89630000,0.90110000,9239493.40000000,8434289.88654000
1756483200000,0.90110000,0.90720000,0.89090000,0.90160000,3444409.90000000,3094995.83012000
1756497600000,0.90160000,0.90860000,0.89150000,0.90580000,2447209.70000000,2202475.39836000
1756512000000,0.90580000,0.92140000,0.89330000,0.91510000,3093715.60000000,2809687.28564000
1756526400000,0.91510000,0.92120000,0.91150000,0.92050000,1668483.00000000,1529499.52554000
1756540800000,0.92050000,0.92120000,0.91000000,0.91330000,1733835.80000000,1586237.58182000
1756555200000,0.91330000,0.91510000,0.89770000,0.91260000,2476886.60000000,2243084.01651000
1756569600000,0.91260000,0.91260000,0.90130000,0.90570000,1349238.10000000,1222368.31852000
1756584000000,0.90580000,0.90840000,0.90080000,0.90830000,897662.00000000,811856.18605000
1756598400000,0.90830000,0.91950000,0.90730000,0.91940000,1870229.40000000,1710853.80067000
1756612800000,0.91950000,0.91970000,0.90950000,0.91230000,1227364.60000000,1120460.58429000
1756627200000,0.91230000,0.92070000,0.90780000,0.91530000,1982367.70000000,1814681.22247000
1756641600000,0.91520000,0.91580000,0.90440000,0.90920000,1941681.80000000,1766082.01019000
1756656000000,0.90920000,0.91530000,0.90470000,0.90830000,1438396.40000000,1307643.96329000
1756670400000,0.90830000,0.91340000,0.89640000,0.89710000,1905821.20000000,1723827.89751000
1756684800000,0.89710000,0.89710000,0.87070000,0.87590000,7816747.30000000,6898498.74658000
1756699200000,0.87590000,0.90350000,0.86880000,0.90330000,3817899.40000000,3360175.91367000
1756713600000,0.90340000,0.91170000,0.88720000,0.88980000,4146908.10000000,3740165.23108000
1756728000000,0.88990000,0.89600000,0.88080000,0.88290000,2722507.80000000,2419265.03120000
1756742400000,0.88280000,0.88820000,0.87390000,0.88770000,2111831.60000000,1860977.87400000
1756756800000,0.88780000,0.88780000,0.85900000,0.88010000,5477898.30000000,4770988.77437000
1756771200000,0.88020000,0.91870000,0.87610000,0.90380000,6264188.30000000,5617805.69460000
1756785600000,0.90390000,0.93000000,0.90070000,0.91570000,4222726.30000000,3865505.07300000
1756800000000,0.91560000,0.92440000,0.91290000,0.91450000,3012477.90000000,2766143.28608000
1756814400000,0.91450000,0.92640000,0.89280000,0.90390000,8813265.60000000,8034707.56353000
1756828800000,0.90390000,0.94330000,0.90350000,0.93110000,6950131.80000000,6430804.24631000
1756843200000,0.93100000,0.95370000,0.92840000,0.94830000,4952882.90000000,4678632.48228000
1756857600000,0.94820000,0.97500000,0.94130000,0.96490000,8612806.20000000,8274579.81139000
1756872000000,0.96490000,0.96920000,0.94790000,0.96290000,4142231.10000000,3973520.71907000
1756886400000,0.96280000,0.97430000,0.95940000,0.97050000,4634115.00000000,4485555.45734000
1756900800000,0.97050000,0.98640000,0.96140000,0.97200000,8741095.40000000,8507170.73224000
1756915200000,0.97210000,0.97400000,0.95520000,0.96210000,4240299.70000000,4080328.96235000
1756929600000,0.96230000,0.96260000,0.93850000,0.94110000,4424869.60000000,4195836.91760000
1756944000000,0.94120000,0.94700000,0.92950000,0.93010000,3737035.60000000,3501760.44199000
1756958400000,0.93010000,0.93120000,0.91570000,0.92020000,3299869.30000000,3044148.97918000
1756972800000,0.92020000,0.93190000,0.92000000,0.92130000,4399270.70000000,4075541.41746000
1756987200000,0.92140000,0.92630000,0.90820000,0.91310000,4827496.50000000,4428850.65730000
1757001600000,0.91320000,0.91480000,0.90380000,0.90520000,2479908.00000000,2253654.14078000
1757016000000,0.90520000,0.91940000,0.90490000,0.90980000,2001221.50000000,1827727.80887000
1757030400000,0.90970000,0.91870000,0.90630000,0.91840000,1844983.80000000,1685027.63749000
1757044800000,0.91850000,0.93530000,0.91550000,0.93420000,6200505.20000000,5727489.06692000
1757059200000,0.93430000,0.93450000,0.92270000,0.93000000,1858794.50000000,1726792.66968000
1757073600000,0.92990000,0.94220000,0.90540000,0.91040000,10861657.70000000,10036861.92829000
1757088000000,0.91050000,0.91940000,0.90600000,0.91790000,2487151.80000000,2267010.68707000
1757102400000,0.91790000,0.91960000,0.90900000,0.91100000,2424769.40000000,2215884.99308000
1757116800000,0.91110000,0.91550000,0.90900000,0.91220000,1758513.90000000,1605900.81847000
1757131200000,0.91230000,0.91230000,0.90240000,0.90550000,1539930.20000000,1395036.66972000
1757145600000,0.90550000,0.90630000,0.89750000,0.90160000,1839337.60000000,1658987.38124000
1757160000000,0.90150000,0.90600000,0.89900000,0.89950000,1654934.80000000,1492713.64237000
1757174400000,0.89940000,0.90380000,0.89610000,0.89710000,1701589.60000000,1531611.24692000
1757188800000,0.89710000,0.90290000,0.89680000,0.90150000,1115091.50000000,1003023.81425000
1757203200000,0.90160000,0.90660000,0.90010000,0.90460000,1924049.70000000,1737964.52498000
1757217600000,0.90470000,0.91000000,0.90260000,0.90470000,2161838.00000000,1958158.05924000
1757232000000,0.90480000,0.90990000,0.90390000,0.90980000,1903409.30000000,1726317.55857000
1757246400000,0.90980000,0.91380000,0.90430000,0.91260000,2536125.10000000,2305794.83786000
1757260800000,0.91260000,0.91360000,0.89980000,0.90360000,1822618.10000000,1650181.13948000
1757275200000,0.90360000,0.91450000,0.90240000,0.91060000,2103314.60000000,1909472.46507000
1757289600000,0.91070000,0.92060000,0.90450000,0.91470000,3115253.10000000,2839697.05065000
1757304000000,0.91480000,0.91920000,0.90830000,0.91560000,3438285.50000000,3142149.76681000
1757318400000,0.91570000,0.93330000,0.91460000,0.92760000,4998622.00000000,4624288.36888000
1757332800000,0.92770000,0.94600000,0.92700000,0.94260000,8473959.90000000,7936556.75010000
1757347200000,0.94250000,0.94470000,0.92640000,0.92850000,4086523.40000000,3815752.74712000
1757361600000,0.92860000,0.93660000,0.92230000,0.93260000,1999171.80000000,1858883.44009000
1757376000000,0.93270000,0.94180000,0.92370000,0.93780000,4416686.50000000,4125846.48953000
1757390400000,0.93780000,0.97150000,0.93510000,0.96940000,6678899.70000000,6367468.94063000
1757404800000,0.96940000,0.97930000,0.96540000,0.96770000,5557003.30000000,5400046.51930000
1757419200000,0.96780000,0.97820000,0.94030000,0.94380000,12681441.10000000,12215776.36181000
1757433600000,0.94380000,0.95790000,0.94230000,0.95480000,3253111.90000000,3090934.22877000
1757448000000,0.95480000,0.96100000,0.94790000,0.95360000,2657508.60000000,2533856.41264000
1757462400000,0.95360000,1.06200000,0.95350000,1.03690000,27802858.00000000,28296824.08375000
1757476800000,1.03700000,1.04730000,0.99790000,1.00800000,12483328.90000000,12701719.78490000
1757491200000,1.00800000,1.02860000,1.00370000,1.00930000,5287264.00000000,5366869.54134000
1757505600000,1.00930000,1.04130000,1.00550000,1.03350000,11410453.00000000,11712094.69810000
1757520000000,1.03370000,1.03440000,1.00210000,1.00500000,4245337.70000000,4323212.22903000
1757534400000,1.00510000,1.02780000,1.00460000,1.02380000,2931834.00000000,2989056.95297000
1757548800000,1.02380000,1.02420000,1.00690000,1.01610000,4171348.40000000,4228302.09310000
1757563200000,1.01610000,1.01630000,1.00500000,1.01120000,3583703.30000000,3618929.07186000
1757577600000,1.01120000,1.03020000,1.00810000,1.01780000,3585899.10000000,3653163.52029000
1757592000000,1.01780000,1.03040000,0.99830000,1.01350000,10362257.10000000,10520728.74700000
1757606400000,1.01360000,1.07340000,1.01360000,1.06130000,9701548.30000000,10109254.88409000
1757620800000,1.06140000,1.08170000,1.05350000,1.08070000,10303423.50000000,11011298.56284000
1757635200000,1.08080000,1.13550000,1.07970000,1.10390000,18021051.80000000,19984638.53085000
1757649600000,1.10400000,1.10810000,1.08440000,1.09830000,9021005.90000000,9880499.05046000
1757664000000,1.09830000,1.09830000,1.07490000,1.07800000,5290387.30000000,5735674.84077000
1757678400000,1.07810000,1.09680000,1.06590000,1.09120000,8849730.10000000,9592478.80557000
1757692800000,1.09110000,1.11120000,1.08850000,1.11020000,7086135.00000000,7792616.42130000
1757707200000,1.11010000,1.11130000,1.09670000,1.10100000,4761539.60000000,5253142.21033000
1757721600000,1.10110000,1.11220000,1.08770000,1.10000000,4156773.70000000,4571707.71553000
1757736000000,1.09990000,1.10130000,1.08910000,1.09410000,2677831.70000000,2929035.24498000
1757750400000,1.09410000,1.11940000,1.09400000,1.11920000,4819016.30000000,5346201.98368000
1757764800000,1.11920000,1.12000000,1.08400000,1.08760000,6631459.10000000,7317359.48143000
1757779200000,1.08770000,1.09180000,1.06640000,1.08130000,4751386.50000000,5125190.59791000
1757793600000,1.08130000,1.09180000,1.07900000,1.09130000,1943181.50000000,2103776.33743000
1757808000000,1.09130000,1.09140000,1.06510000,1.06640000,8383643.00000000,9024366.70023000
1757822400000,1.06640000,1.07460000,1.05340000,1.06390000,6468020.70000000,6893854.71902000
1757836800000,1.06390000,1.07070000,1.05300000,1.05500000,2695172.20000000,2864093.76282000
1757851200000,1.05510000,1.05940000,1.03180000,1.04210000,6679478.40000000,6979748.24220000
1757865600000,1.04210000,1.05910000,1.04020000,1.04970000,1876735.60000000,1973179.68180000
1757880000000,1.04960000,1.06250000,1.04570000,1.04930000,1457202.40000000,1535290.28115000
1757894400000,1.04930000,1.06240000,1.03830000,1.06040000,4548748.60000000,4793277.48074000
1757908800000,1.06050000,1.07660000,1.04440000,1.05000000,6671211.20000000,7089782.21383000
1757923200000,1.04990000,1.05070000,1.01890000,1.02710000,8857907.70000000,9140636.31947000
1757937600000,1.02700000,1.03290000,1.01100000,1.01840000,5265350.90000000,5385599.38062000
1757952000000,1.01840000,1.02850000,1.00760000,1.02440000,3472959.80000000,3535627.14561000
1757966400000,1.02430000,1.03740000,1.02280000,1.03680000,2808211.60000000,2897154.12461000
1757980800000,1.03680000,1.03680000,1.01640000,1.01650000,3260572.90000000,3343735.21744000
1757995200000,1.01650000,1.03490000,1.00760000,1.03460000,2605847.00000000,2672284.36051000
1758009600000,1.03470000,1.04790000,1.03440000,1.04240000,4194225.30000000,4369034.73257000
1758024000000,1.04250000,1.04750000,1.02010000,1.03310000,4696102.10000000,4850842.07883000
1758038400000,1.03320000,1.03720000,1.01610000,1.02600000,3400960.70000000,3490021.33622000
1758052800000,1.02590000,1.03000000,1.01720000,1.02090000,1894639.40000000,1938951.86770000
1758067200000,1.02100000,1.02630000,1.01180000,1.01290000,3474514.20000000,3538750.55108000
1758081600000,1.01300000,1.02790000,1.00410000,1.02550000,5988929.70000000,6069485.74315000
1758096000000,1.02550000,1.02570000,1.00680000,1.01010000,2272576.30000000,2302737.45841000
1758110400000,1.01010000,1.02460000,1.00560000,1.00760000,3725053.30000000,3779160.21941000
1758124800000,1.00760000,1.04340000,1.00090000,1.04040000,11290057.10000000,11503064.20032000
1758139200000,1.04030000,1.07290000,1.02060000,1.06640000,5532373.70000000,5807329.60963000
1758153600000,1.06650000,1.07280000,1.04940000,1.06700000,8100798.70000000,8599754.00699000
1758168000000,1.06700000,1.06950000,1.04260000,1.04900000,5619109.40000000,5925875.51340000
1758182400000,1.04910000,1.05810000,1.04600000,1.05170000,3737805.20000000,3937645.49314000
1758196800000,1.05160000,1.08890000,1.04710000,1.08190000,6266890.70000000,6686000.30965000
1758211200000,1.08200000,1.09390000,1.07330000,1.09310000,4033911.80000000,4372000.11102000
1758225600000,1.09310000,1.09510000,1.07070000,1.07760000,5240666.20000000,5679785.31485000
1758240000000,1.07760000,1.08960000,1.06080000,1.06170000,5346541.50000000,5754173.69821000
1758254400000,1.06170000,1.06840000,1.05130000,1.05810000,6255152.50000000,6635254.67035000
1758268800000,1.05810000,1.06480000,1.03290000,1.03770000,4393374.30000000,4610118.81996000
1758283200000,1.03770000,1.04750000,1.02000000,1.02770000,6660537.70000000,6890070.87297000
1758297600000,1.02760000,1.03540000,1.01540000,1.01620000,2809049.10000000,2877972.27043000
1758312000000,1.01610000,1.02790000,1.01230000,1.02230000,2028527.70000000,2071758.50398000
1758326400000,1.02230000,1.02630000,1.01070000,1.01640000,2814125.40000000,2867848.08625000
1758340800000,1.01640000,1.03110000,1.01370000,1.03090000,1951064.00000000,1991724.41978000
1758355200000,1.03090000,1.03090000,1.01200000,1.01680000,2938483.20000000,2989668.13964000
1758369600000,1.01670000,1.03280000,1.01370000,1.02580000,2606387.60000000,2663467.01804000
1758384000000,1.02590000,1.03060000,1.01290000,1.01490000,2032946.50000000,2071620.29170000
1758398400000,1.01500000,1.02220000,1.01270000,1.01480000,1308348.20000000,1329992.23091000
1758412800000,1.01480000,1.01970000,1.00910000,1.01840000,1930331.90000000,1959536.38555000
1758427200000,1.01840000,1.02320000,1.01350000,1.01600000,2191074.70000000,2229150.93408000
1758441600000,1.01600000,1.01760000,0.99830000,1.00360000,3432187.20000000,3454257.50920000
1758456000000,1.00360000,1.01170000,0.99660000,1.00010000,2718913.80000000,2732725.16103000
1758470400000,1.00020000,1.00360000,0.98900000,0.99970000,3489238.70000000,3475279.42395000
1758484800000,0.99960000,0.99990000,0.98940000,0.98960000,1835774.00000000,1823584.35409000
1758499200000,0.98970000,0.99440000,0.94680000,0.95580000,10240242.30000000,9876313.21963000
1758513600000,0.95590000,0.96140000,0.88960000,0.92120000,13599597.50000000,12563027.89334000
1758528000000,0.92120000,0.93760000,0.91260000,0.92870000,5819675.30000000,5380553.96291000
1758542400000,0.92880000,0.94640000,0.92600000,0.93030000,5851236.60000000,5479889.96623000
1758556800000,0.93040000,0.93450000,0.91430000,0.91600000,3715786.90000000,3433592.93924000
1758571200000,0.91600000,0.94260000,0.91520000,0.94070000,2663540.80000000,2483488.32295000
1758585600000,0.94080000,0.95120000,0.91710000,0.93010000,5452303.00000000,5099114.43216000
1758600000000,0.93010000,0.94420000,0.92190000,0.93750000,4214299.80000000,3938659.92569000
1758614400000,0.93760000,0.94610000,0.93160000,0.93780000,3039819.30000000,2852637.52470000
1758628800000,0.93770000,0.95110000,0.93330000,0.93860000,4040346.40000000,3806337.48817000
1758643200000,0.93870000,0.94780000,0.91590000,0.91810000,3890022.80000000,3620031.86894000
1758657600000,0.91820000,0.92950000,0.91470000,0.91770000,2021370.00000000,1863571.91458000
1758672000000,0.91760000,0.93330000,0.90950000,0.91050000,3142778.60000000,2895128.19082000
1758686400000,0.91050000,0.93310000,0.90000000,0.93150000,4798159.20000000,4411222.63449000
1758700800000,0.93160000,0.93690000,0.92740000,0.93480000,2854176.30000000,2661047.54919000
1758715200000,0.93480000,0.94480000,0.92920000,0.93670000,3107606.90000000,2906132.87041000
1758729600000,0.93670000,0.94010000,0.92920000,0.93370000,2429522.00000000,2271752.70876000
1758744000000,0.93370000,0.93510000,0.92210000,0.92430000,2225274.70000000,2065705.93081000
1758758400000,0.92430000,0.92740000,0.90450000,0.91030000,4687106.10000000,4290373.50953000
1758772800000,0.91020000,0.91270000,0.89410000,0.89830000,5533646.80000000,4984959.54519000
1758787200000,0.89840000,0.90580000,0.89020000,0.89130000,4354976.60000000,3913582.18985000
1758801600000,0.89130000,0.90980000,0.87900000,0.89640000,7754889.00000000,6935591.92364000
1758816000000,0.89640000,0.89810000,0.85740000,0.88190000,9455961.80000000,8275941.74937000
1758830400000,0.88200000,0.88480000,0.86560000,0.87260000,3772315.20000000,3303415.96337000
1758844800000,0.87280000,0.89100000,0.87270000,0.88770000,4180863.90000000,3697957.68126000
1758859200000,0.88770000,0.88910000,0.87110000,0.87760000,3718513.60000000,3269318.68547000
1758873600000,0.87770000,0.88200000,0.85920000,0.86770000,5204919.10000000,4528525.47547000
1758888000000,0.86780000,0.88720000,0.86000000,0.88350000,7053588.50000000,6180855.49733000
1758902400000,0.88350000,0.90710000,0.88250000,0.89500000,3515648.00000000,3153423.94892000
1758916800000,0.89500000,0.89950000,0.89190000,0.89660000,1864578.80000000,1669451.58197000
1758931200000,0.89660000,0.89670000,0.88910000,0.89010000,2077478.10000000,1854176.17197000
1758945600000,0.89000000,0.89590000,0.88690000,0.88810000,1530709.20000000,1363457.27637000
1758960000000,0.88820000,0.89100000,0.88060000,0.88730000,1672191.20000000,1482152.56210000
1758974400000,0.88740000,0.89260000,0.88230000,0.89060000,1578698.70000000,1401459.76325000
1758988800000,0.89060000,0.89110000,0.87820000,0.88100000,2161147.50000000,1905354.89255000
1759003200000,0.88100000,0.89200000,0.87980000,0.88440000,1088631.50000000,964428.35005000
1759017600000,0.88440000,0.88610000,0.87330000,0.87950000,1909159.60000000,1677335.83022000
1759032000000,0.87950000,0.88280000,0.87270000,0.87890000,1559334.10000000,1369747.21290000
1759046400000,0.87880000,0.88120000,0.86740000,0.87100000,3506145.70000000,3063758.38504000
1759060800000,0.87110000,0.88190000,0.86460000,0.88190000,2259462.20000000,1973174.34506000
1759075200000,0.88190000,0.89050000,0.88100000,0.88820000,1482916.80000000,1313312.77414000
1759089600000,0.88830000,0.90980000,0.88820000,0.90610000,2388179.10000000,2153063.28113000
1759104000000,0.90610000,0.90630000,0.89200000,0.89480000,2300006.30000000,2067314.38638000
1759118400000,0.89480000,0.89540000,0.88220000,0.88880000,1596766.40000000,1418019.45974000
1759132800000,0.88890000,0.89440000,0.87560000,0.87990000,2381256.70000000,2107353.28888000
1759147200000,0.87980000,0.90400000,0.87200000,0.88790000,5213491.40000000,4638922.48457000
1759161600000,0.88800000,0.89750000,0.88080000,0.89640000,2703130.20000000,2401944.05543000
1759176000000,0.89640000,0.90630000,0.89300000,0.89330000,2128081.40000000,1915874.42021000
1759190400000,0.89340000,0.89590000,0.88330000,0.88430000,2972168.80000000,2640175.26237000
1759204800000,0.88430000,0.88690000,0.87640000,0.87820000,2169326.10000000,1914552.80269000
1759219200000,0.87820000,0.88440000,0.87370000,0.87950000,3523421.90000000,3095519.76023000
1759233600000,0.87940000,0.89030000,0.86330000,0.86670000,7689172.90000000,6748829.62330000
1759248000000,0.86660000,0.88530000,0.86200000,0.88350000,3632641.30000000,3162311.11610000
1759262400000,0.88350000,0.89220000,0.87640000,0.88400000,2573623.40000000,2278664.61459000
1759276800000,0.88410000,0.89030000,0.87640000,0.87740000,1919515.50000000,1696254.45370000
1759291200000,0.87730000,0.89690000,0.87660000,0.88620000,3843907.70000000,3410446.34369000
1759305600000,0.88610000,0.93020000,0.88450000,0.92030000,9197999.60000000,8430621.40476000
1759320000000,0.92020000,0.93350000,0.91010000,0.93240000,7317075.80000000,6731277.93362000
1759334400000,0.93240000,0.93620000,0.92050000,0.93160000,3424994.50000000,3180875.75316000
1759348800000,0.93160000,0.93710000,0.92080000,0.93630000,2280132.90000000,2116041.86237000
1759363200000,0.93640000,0.95080000,0.93330000,0.94610000,4986474.90000000,4701583.43288000
1759377600000,0.94600000,0.95350000,0.94030000,0.94410000,2423324.40000000,2295001.28452000
1759392000000,0.94420000,0.95490000,0.94260000,0.94710000,2324062.80000000,2203789.20744000
1759406400000,0.94720000,0.95100000,0.92510000,0.94530000,9195510.60000000,8629239.56485000
1759420800000,0.94520000,0.96800000,0.94340000,0.96600000,6106497.10000000,5823306.43604000
1759435200000,0.96610000,0.96640000,0.95340000,0.95710000,2497593.70000000,2394747.63439000
1759449600000,0.95720000,0.95920000,0.93990000,0.95050000,5100430.80000000,4843334.47813000
1759464000000,0.95050000,0.96030000,0.94110000,0.94520000,2667484.80000000,2534994.08944000
1759478400000,0.94510000,0.94890000,0.93880000,0.94350000,2709586.50000000,2560136.83205000
1759492800000,0.94350000,0.96460000,0.93780000,0.96390000,4343912.40000000,4119322.81704000
1759507200000,0.96390000,0.97940000,0.93870000,0.95500000,6469226.80000000,6196747.04263000
1759521600000,0.95500000,0.95600000,0.94210000,0.94270000,2536401.50000000,2409791.23513000
1759536000000,0.94280000,0.94570000,0.92630000,0.93040000,4596299.80000000,4289731.03512000
1759550400000,0.93050000,0.93950000,0.92890000,0.93180000,1576487.70000000,1471824.09081000
1759564800000,0.93180000,0.93340000,0.91780000,0.91960000,2668419.00000000,2467195.65545000
1759579200000,0.91950000,0.92810000,0.90700000,0.91000000,5846456.40000000,5358421.91134000
1759593600000,0.91000000,0.91600000,0.90750000,0.91510000,1739825.30000000,1587237.89111000
1759608000000,0.91510000,0.92490000,0.91480000,0.92250000,1045364.40000000,961595.44533000
1759622400000,0.92260000,0.93860000,0.91490000,0.93270000,2919188.20000000,2710946.82286000
1759636800000,0.93260000,0.95920000,0.93140000,0.95810000,4098909.10000000,3877023.80785000
1759651200000,0.95820000,0.96540000,0.93480000,0.94350000,4132528.00000000,3922272.79064000
1759665600000,0.94340000,0.94490000,0.92890000,0.93070000,3188996.00000000,2982758.08943000
1759680000000,0.93070000,0.93630000,0.91240000,0.91330000,3010687.90000000,2786121.54444000
1759694400000,0.91340000,0.92090000,0.90310000,0.91700000,2767150.10000000,2524888.20882000
1759708800000,0.91710000,0.92530000,0.91000000,0.91980000,4105794.20000000,3772030.55097000
1759723200000,0.91980000,0.92930000,0.91130000,0.91840000,2637611.30000000,2423691.81418000
1759737600000,0.91860000,0.93310000,0.91810000,0.92720000,2463604.10000000,2276073.04433000
1759752000000,0.92720000,0.98350000,0.92710000,0.96720000,13704950.30000000,13126116.54075000
1759766400000,0.96710000,0.97490000,0.95800000,0.97220000,5587112.50000000,5399415.21791000
1759780800000,0.97230000,0.97390000,0.95990000,0.96200000,4723675.40000000,4565650.38561000
1759795200000,0.96200000,0.96940000,0.95900000,0.96590000,2913717.40000000,2810924.17617000
1759809600000,0.96590000,0.97040000,0.94240000,0.94520000,4215913.60000000,4038765.70874000
1759824000000,0.94520000,0.95110000,0.93290000,0.94830000,5244474.70000000,4944304.97392000
1759838400000,0.94830000,0.95800000,0.90590000,0.91110000,13282832.40000000,12365523.75389000
1759852800000,0.91110000,0.91970000,0.90230000,0.90530000,5264794.50000000,4788957.75642000
1759867200000,0.90540000,0.91830000,0.90460000,0.90860000,2950421.80000000,2690250.58067000
1759881600000,0.90860000,0.92050000,0.89520000,0.90190000,4216645.80000000,3837953.49043000
1759896000000,0.90200000,0.90930000,0.89610000,0.90880000,3570808.30000000,3222267.28990000
1759910400000,0.90870000,0.91590000,0.90550000,0.90850000,3012304.90000000,2742865.59667000
1759924800000,0.90850000,0.92120000,0.90210000,0.90650000,4144960.30000000,3776611.99709000
1759939200000,0.90660000,0.93400000,0.90470000,0.92460000,4944381.70000000,4565705.42908000
1759953600000,0.92470000,0.93050000,0.91770000,0.92310000,3970743.20000000,3669356.36419000
1759968000000,0.92320000,0.92730000,0.89580000,0.90550000,3306903.40000000,3006909.97872000
1759982400000,0.90550000,0.91020000,0.89680000,0.89750000,2480317.30000000,2240637.67754000
1759996800000,0.89750000,0.89910000,0.88140000,0.89180000,4671068.90000000,4152911.84758000
1760011200000,0.89180000,0.90040000,0.87320000,0.87640000,5029403.70000000,4453732.49852000
1760025600000,0.87640000,0.88260000,0.86710000,0.88070000,4805244.30000000,4209980.89888000
1760040000000,0.88070000,0.89130000,0.87790000,0.88390000,2231961.30000000,1967844.82095000
1760054400000,0.88390000,0.89170000,0.87510000,0.88480000,3388002.50000000,2993002.02263000
1760068800000,0.88480000,0.89120000,0.87510000,0.87550000,6776754.90000000,5979879.46089000
1760083200000,0.87560000,0.89030000,0.87360000,0.88890000,4135117.80000000,3650345.81980000
1760097600000,0.88890000,0.90220000,0.83670000,0.84940000,14104621.00000000,12244944.95773000
1760112000000,0.84950000,0.85500000,0.81580000,0.82530000,11221126.00000000,9404796.24802000
1760126400000,0.82540000,0.97000000,0.25520000,0.69080000,94177347.00000000,59596274.76674000
1760140800000,0.69230000,0.75960000,0.68150000,0.73520000,31672943.70000000,22901829.08833000
1760155200000,0.73530000,0.75680000,0.72690000,0.73690000,14685798.60000000,10892172.81285000
1760169600000,0.73690000,0.77030000,0.73640000,0.76270000,8138193.60000000,6144029.63190000
1760184000000,0.76270000,0.77000000,0.73610000,0.75260000,6923731.40000000,5187716.33319000
1760198400000,0.75260000,0.75630000,0.71200000,0.71920000,5484610.50000000,4062286.40194000
1760212800000,0.71920000,0.72260000,0.69480000,0.71750000,6766697.00000000,4817370.31285000
1760227200000,0.71750000,0.72860000,0.69920000,0.72540000,6307553.10000000,4505248.77147000
1760241600000,0.72550000,0.76320000,0.72410000,0.75720000,4867063.40000000,3656023.17533000
1760256000000,0.75720000,0.76340000,0.73940000,0.75410000,3927000.30000000,2945475.29752000
1760270400000,0.75400000,0.80020000,0.74250000,0.78840000,11943726.90000000,9191303.11896000
1760284800000,0.78860000,0.82500000,0.78860000,0.81980000,9765310.30000000,7890305.73868000
1760299200000,0.81970000,0.83590000,0.80750000,0.81530000,6879939.00000000,5641705.65119000
1760313600000,0.81530000,0.82760000,0.80230000,0.80540000,5383274.10000000,4363174.24600000
1760328000000,0.80540000,0.83060000,0.80110000,0.82450000,5640806.30000000,4597632.93695000
1760342400000,0.82440000,0.83590000,0.79040000,0.80420000,6534918.60000000,5338374.45132000
1760356800000,0.80410000,0.82890000,0.79740000,0.81020000,7065939.50000000,5743505.42106000
1760371200000,0.81020000,0.83860000,0.79970000,0.82980000,6268515.50000000,5124514.97907000
1760385600000,0.82980000,0.84320000,0.82580000,0.83350000,2837694.80000000,2365589.62532000
1760400000000,0.83360000,0.83890000,0.80960000,0.81720000,4137621.50000000,3403749.83004000
1760414400000,0.81720000,0.81900000,0.71310000,0.76410000,12000727.20000000,9303469.74923000
1760428800000,0.76400000,0.77310000,0.74350000,0.76270000,7532244.20000000,5730065.63796000
1760443200000,0.76270000,0.78950000,0.74010000,0.78870000,7753250.50000000,5900850.33239000
1760457600000,0.78890000,0.80820000,0.78010000,0.79350000,11386989.20000000,9070817.72811000
1760472000000,0.79360000,0.80200000,0.78630000,0.80030000,3051267.10000000,2423768.85933000
1760486400000,0.80030000,0.80560000,0.78800000,0.79190000,3115091.80000000,2479862.76966000
1760500800000,0.79200000,0.80520000,0.78820000,0.80410000,2714823.80000000,2162219.08546000
1760515200000,0.80400000,0.82040000,0.78940000,0.79360000,4376109.10000000,3518887.05005000
1760529600000,0.79350000,0.79690000,0.76630000,0.77050000,6819430.80000000,5335341.01163000
1760544000000,0.77050000,0.77270000,0.75940000,0.76340000,3531319.50000000,2708186.78702000
1760558400000,0.76350000,0.76790000,0.75110000,0.76350000,4276659.90000000,3247543.29499000
1760572800000,0.76350000,0.77030000,0.75650000,0.76270000,2763162.20000000,2111104.75351000
1760587200000,0.76260000,0.77070000,0.75510000,0.76370000,2535351.70000000,1937122.98374000
1760601600000,0.76380000,0.77670000,0.73760000,0.77430000,6453089.20000000,4898100.53670000
1760616000000,0.77430000,0.77970000,0.72950000,0.73320000,7732478.00000000,5815736.20474000
1760630400000,0.73310000,0.75130000,0.71940000,0.72640000,9516290.60000000,6988045.15161000
1760644800000,0.72640000,0.73090000,0.71360000,0.72760000,5436583.30000000,3924732.23577000
1760659200000,0.72750000,0.73350000,0.72020000,0.72900000,3417296.30000000,2484723.77882000
1760673600000,0.72910000,0.72910000,0.67720000,0.68080000,9339245.50000000,6544313.61456000
1760688000000,0.68090000,0.70640000,0.66510000,0.70140000,11963899.00000000,8182628.37272000
1760702400000,0.70130000,0.70650000,0.68200000,0.70220000,7424759.80000000,5158137.68894000
1760716800000,0.70220000,0.71140000,0.69390000,0.70070000,4812640.30000000,3377593.19440000
1760731200000,0.70080000,0.71490000,0.69930000,0.70440000,1772765.70000000,1255299.87368000
1760745600000,0.70440000,0.72000000,0.70270000,0.71540000,4147514.30000000,2947971.64782000
1760760000000,0.71530000,0.72570000,0.70660000,0.71400000,2447050.20000000,1750814.02544000
1760774400000,0.71390000,0.72350000,0.71130000,0.72080000,1701977.90000000,1220189.61798000
1760788800000,0.72080000,0.72340000,0.70570000,0.70920000,2440756.20000000,1738942.13151000
1760803200000,0.70920000,0.71390000,0.70140000,0.71360000,2950449.90000000,2084888.52307000
1760817600000,0.71370000,0.71850000,0.71000000,0.71370000,1696096.20000000,1212170.92193000
1760832000000,0.71370000,0.71560000,0.70580000,0.71400000,1026303.70000000,728682.52234000
1760846400000,0.71390000,0.71450000,0.70560000,0.70940000,945293.50000000,671020.81854000
1760860800000,0.70950000,0.73360000,0.70090000,0.72670000,4533608.60000000,3253960.83771000
1760875200000,0.72670000,0.74650000,0.72130000,0.74130000,3619333.20000000,2665831.15338000
1760889600000,0.74140000,0.74770000,0.73590000,0.74280000,2163926.40000000,1605200.20523000
1760904000000,0.74280000,0.74560000,0.73030000,0.73160000,1412109.00000000,1044287.88514000
1760918400000,0.73150000,0.75300000,0.71410000,0.75040000,3742630.10000000,2725271.70632000
1760932800000,0.75050000,0.77370000,0.74420000,0.76620000,4153561.00000000,3159249.43351000
1760947200000,0.76610000,0.76820000,0.75460000,0.76150000,2664621.40000000,2027148.01254000
1760961600000,0.76140000,0.77040000,0.75660000,0.75660000,3540357.10000000,2706915.17590000
1760976000000,0.75650000,0.75870000,0.74360000,0.75250000,3267388.20000000,2450895.25036000
1760990400000,0.75260000,0.75530000,0.74560000,0.75190000,1915567.80000000,1439441.60626000
1761004800000,0.75190000,0.75450000,0.73620000,0.73690000,2261374.90000000,1683534.30827000
1761019200000,0.73690000,0.73750000,0.72130000,0.72810000,3570166.40000000,2595398.99702000
1761033600000,0.72800000,0.73170000,0.71830000,0.72690000,2318442.90000000,1679293.10881000
1761048000000,0.72690000,0.77880000,0.72320000,0.77420000,7534257.60000000,5654649.25660000
1761062400000,0.77410000,0.78210000,0.75680000,0.75820000,4311078.20000000,3307881.62379000
1761076800000,0.75820000,0.75960000,0.72250000,0.72390000,4096235.20000000,3027140.92796000
1761091200000,0.72390000,0.72880000,0.71790000,0.72220000,3189194.00000000,2306470.12485000
1761105600000,0.72220000,0.73020000,0.71390000,0.72110000,1964779.20000000,1415422.24900000
1761120000000,0.72120000,0.72560000,0.70630000,0.71940000,2899831.20000000,2075810.01979000
1761134400000,0.71920000,0.72790000,0.71080000,0.71950000,4556763.50000000,3277421.87309000
1761148800000,0.71960000,0.72250000,0.70260000,0.70910000,4158129.80000000,2961408.37426000
1761163200000,0.70910000,0.71190000,0.68370000,0.70290000,4375749.20000000,3044000.45029000
1761177600000,0.70300000,0.71430000,0.70130000,0.70870000,1860230.60000000,1317591.85973000
1761192000000,0.70880000,0.72380000,0.70770000,0.72110000,4256595.80000000,3044435.32402000
1761206400000,0.72120000,0.72640000,0.71470000,0.71600000,1304045.50000000,941295.16537000
1761220800000,0.71590000,0.72490000,0.70930000,0.72040000,2996635.10000000,2149168.91332000
1761235200000,0.72050000,0.73340000,0.71810000,0.72350000,2090218.40000000,1516531.48482000
1761249600000,0.72340000,0.72380000,0.71210000,0.72210000,1398996.80000000,1005010.70050000
1761264000000,0.72220000,0.72780000,0.71870000,0.72100000,2028803.60000000,1465366.54665000
1761278400000,0.72100000,0.73750000,0.71900000,0.73080000,2542563.50000000,1855747.74035000
1761292800000,0.73090000,0.73770000,0.72860000,0.73710000,1707057.60000000,1252471.80655000
1761307200000,0.73720000,0.75440000,0.72500000,0.72800000,4086360.00000000,3013061.76211000
1761321600000,0.72810000,0.74110000,0.72270000,0.73940000,2242864.30000000,1643839.54471000
1761336000000,0.73940000,0.74530000,0.73890000,0.74430000,1205823.20000000,894989.43210000
1761350400000,0.74420000,0.74460000,0.73040000,0.73040000,1803803.20000000,1331540.85083000
1761364800000,0.73050000,0.73360000,0.71980000,0.72090000,1946251.70000000,1414204.48341000
1761379200000,0.72090000,0.72780000,0.71990000,0.72620000,1742918.50000000,1262159.67386000
1761393600000,0.72620000,0.73450000,0.72610000,0.73080000,1107325.40000000,808913.89437000
1761408000000,0.73090000,0.73940000,0.72990000,0.73860000,1182076.20000000,868383.88649000
1761422400000,0.73870000,0.74020000,0.73390000,0.73420000,930449.90000000,685855.57092000
1761436800000,0.73410000,0.73640000,0.72250000,0.72420000,1508809.20000000,1100020.82682000
1761451200000,0.72430000,0.73400000,0.72360000,0.73340000,803069.00000000,586784.57669000
1761465600000,0.73320000,0.75390000,0.73320000,0.75300000,2221985.30000000,1651734.11908000
1761480000000,0.75300000,0.76060000,0.74980000,0.75740000,2134190.30000000,1611076.54024000
1761494400000,0.75750000,0.75780000,0.75040000,0.75270000,892786.90000000,672929.82051000
1761508800000,0.75240000,0.77050000,0.74740000,0.76670000,2234809.90000000,1700560.75824000
1761523200000,0.76670000,0.77730000,0.76440000,0.76790000,2316420.70000000,1786377.43533000
1761537600000,0.76790000,0.77940000,0.76070000,0.76470000,2440851.70000000,1879115.78670000
1761552000000,0.76460000,0.76660000,0.74680000,0.75140000,4256247.10000000,3206530.40399000
1761566400000,0.75140000,0.75670000,0.74050000,0.75180000,3557488.90000000,2667030.98758000
1761580800000,0.75190000,0.76720000,0.75190000,0.75370000,3416763.30000000,2596507.61690000
1761595200000,0.75360000,0.75370000,0.73950000,0.74610000,1854286.20000000,1386198.38857000
1761609600000,0.74620000,0.75280000,0.73850000,0.74140000,2373031.50000000,1770169.49586000
1761624000000,0.74130000,0.75540000,0.73630000,0.74610000,2097735.70000000,1562205.36792000
1761638400000,0.74610000,0.75380000,0.74510000,0.74730000,2182668.60000000,1637265.66557000
1761652800000,0.74720000,0.76210000,0.73840000,0.74660000,4422161.40000000,3328860.15151000
1761667200000,0.74650000,0.75300000,0.73080000,0.73440000,2459118.00000000,1827337.72025000
1761681600000,0.73430000,0.73460000,0.71540000,0.72910000,3697692.90000000,2681308.21194000
1761696000000,0.72900000,0.73520000,0.72620000,0.73130000,1018178.20000000,743374.74731000
1761710400000,0.73140000,0.73800000,0.72960000,0.73230000,1179922.10000000,865124.91258000
1761724800000,0.73230000,0.73980000,0.72870000,0.73790000,1835691.50000000,1344744.21805000
1761739200000,0.73780000,0.74430000,0.72300000,0.72630000,2419597.90000000,1779846.20975000
1761753600000,0.72630000,0.76000000,0.71640000,0.74070000,8793787.70000000,6484227.12734000
1761768000000,0.74060000,0.74990000,0.72320000,0.72870000,2900028.40000000,2145126.57704000
1761782400000,0.72870000,0.73810000,0.72200000,0.73280000,2131196.20000000,1559538.86313000
1761796800000,0.73270000,0.73450000,0.70400000,0.73440000,3927620.70000000,2828772.25740000
1761811200000,0.73430000,0.73460000,0.71380000,0.71440000,3033152.40000000,2182558.10087000
1761825600000,0.71440000,0.71600000,0.67780000,0.68020000,6350943.40000000,4415309.83330000
1761840000000,0.68030000,0.68660000,0.66450000,0.66710000,3774628.90000000,2547678.91888000
1761854400000,0.66700000,0.68940000,0.66470000,0.68880000,2133876.60000000,1443715.39324000
1761868800000,0.68860000,0.69950000,0.68710000,0.69600000,1747181.90000000,1212362.70013000
1761883200000,0.69600000,0.70350000,0.68750000,0.68980000,1555204.40000000,1082384.61036000
1761897600000,0.68980000,0.69810000,0.68530000,0.69740000,1707060.40000000,1179146.42073000
1761912000000,0.69740000,0.70170000,0.68580000,0.69310000,2868269.70000000,1989975.64712000
1761926400000,0.69300000,0.69560000,0.67290000,0.69250000,2506556.20000000,1710086.63218000
1761940800000,0.69240000,0.69300000,0.68400000,0.68730000,1605915.30000000,1104715.24359000
1761955200000,0.68730000,0.69290000,0.67900000,0.69150000,1543816.00000000,1058264.21824000
1761969600000,0.69160000,0.69510000,0.68460000,0.69380000,1956535.30000000,1348242.08080000
1761984000000,0.69390000,0.70000000,0.69180000,0.69960000,2349174.40000000,1634762.35467000
1761998400000,0.69970000,0.70040000,0.68870000,0.69730000,2077590.50000000,1444449.34915000
1762012800000,0.69730000,0.70600000,0.69550000,0.70600000,3594102.80000000,2518340.86510000
1762027200000,0.70600000,0.71060000,0.69660000,0.70300000,4206174.20000000,2963505.63392000
1762041600000,0.70300000,0.70310000,0.69600000,0.69750000,1690884.80000000,1182795.93650000
1762056000000,0.69740000,0.70930000,0.69690000,0.70850000,1625493.10000000,1146932.17627000
1762070400000,0.70860000,0.70910000,0.69630000,0.70690000,1864410.20000000,1309528.39066000
1762084800000,0.70700000,0.70710000,0.68420000,0.68750000,2244578.40000000,1556605.33034000
1762099200000,0.68740000,0.69050000,0.68000000,0.68390000,1453857.60000000,996758.63429000
1762113600000,0.68390000,0.70000000,0.68250000,0.69780000,1367626.50000000,943461.38475000
1762128000000,0.69770000,0.69990000,0.65140000,0.65300000,4217931.90000000,2827968.52979000
1762142400000,0.65300000,0.66160000,0.64080000,0.64710000,6107853.80000000,3968249.71348000
1762156800000,0.64710000,0.65420000,0.63620000,0.64470000,4210883.90000000,2716811.27857000
1762171200000,0.64480000,0.65000000,0.59090000,0.60960000,13400747.60000000,8318604.53441000
1762185600000,0.60960000,0.63470000,0.60480000,0.61480000,5292306.50000000,3288092.18610000
1762200000000,0.61480000,0.61610000,0.60010000,0.61500000,4478653.70000000,2730512.11594000
1762214400000,0.61500000,0.62710000,0.60750000,0.62560000,5787384.60000000,3587547.92124000
1762228800000,0.62560000,0.62870000,0.59110000,0.59630000,8455658.40000000,5115954.35875000
1762243200000,0.59610000,0.61620000,0.59200000,0.61050000,4889721.40000000,2957579.21940000
1762257600000,0.61040000,0.61760000,0.59310000,0.60120000,5483270.70000000,3315326.12128000
1762272000000,0.60110000,0.60510000,0.56660000,0.57790000,10259777.60000000,5993869.73869000
1762286400000,0.57800000,0.60270000,0.54980000,0.59330000,15011011.30000000,8611554.27720000
1762300800000,0.59320000,0.60480000,0.56250000,0.60190000,7158158.60000000,4193005.42199000
1762315200000,0.60180000,0.60720000,0.59770000,0.60310000,2865883.40000000,1725650.62594000
1762329600000,0.60310000,0.60550000,0.59010000,0.60440000,3613173.40000000,2158644.73144000
1762344000000,0.60440000,0.61570000,0.60210000,0.61470000,4364023.70000000,2656914.77081000
1762358400000,0.61470000,0.62100000,0.60660000,0.61640000,2860450.80000000,1760168.33591000
1762372800000,0.61640000,0.61940000,0.61030000,0.61650000,1771423.30000000,1089059.54274000
1762387200000,0.61640000,0.61750000,0.60260000,0.61230000,1961275.00000000,1198584.79549000
1762401600000,0.61230000,0.61370000,0.59930000,0.60010000,1775126.60000000,1073029.74365000
1762416000000,0.60000000,0.60350000,0.59540000,0.60040000,2045020.60000000,1225463.60406000
1762430400000,0.60050000,0.60560000,0.57950000,0.58250000,3828088.10000000,2265721.05511000
1762444800000,0.58250000,0.59660000,0.57030000,0.59180000,4891767.70000000,2855742.59758000
1762459200000,0.59190000,0.59710000,0.58430000,0.59540000,2377790.30000000,1406924.62247000
1762473600000,0.59540000,0.61390000,0.59350000,0.61250000,3175460.80000000,1918772.33756000
1762488000000,0.61260000,0.62100000,0.60530000,0.62100000,2237470.00000000,1373506.79811000
1762502400000,0.62100000,0.62320000,0.59700000,0.60490000,3275170.00000000,1997394.64200000
1762516800000,0.60490000,0.63430000,0.59120000,0.63270000,5776230.40000000,3526538.60908000
1762531200000,0.63280000,0.68830000,0.62980000,0.67600000,8149606.20000000,5414951.73081000
1762545600000,0.67590000,0.68620000,0.66400000,0.66720000,4292138.50000000,2904790.72133000
1762560000000,0.66720000,0.68180000,0.66340000,0.66420000,3138544.10000000,2112933.96859000
1762574400000,0.66420000,0.67590000,0.65190000,0.66100000,2447284.50000000,1619923.04301000
1762588800000,0.66090000,0.67510000,0.65740000,0.66890000,1730108.60000000,1153249.80780000
1762603200000,0.66890000,0.67250000,0.64190000,0.64520000,2241713.20000000,1472169.50920000
1762617600000,0.64530000,0.65650000,0.64010000,0.65370000,1337244.10000000,867698.37311000
1762632000000,0.65370000,0.66130000,0.64990000,0.66010000,774471.70000000,509094.75547000
1762646400000,0.66010000,0.66040000,0.63190000,0.63610000,1778836.70000000,1150277.48682000
1762660800000,0.63620000,0.64780000,0.63540000,0.64770000,839625.00000000,538583.99804000
1762675200000,0.64760000,0.64970000,0.63380000,0.64670000,1276413.90000000,819069.58229000
1762689600000,0.64680000,0.67060000,0.64500000,0.66450000,2457277.60000000,1620824.91981000
1762704000000,0.66440000,0.67750000,0.65960000,0.67740000,1203985.50000000,802973.55020000
1762718400000,0.67750000,0.67910000,0.66620000,0.67150000,1402572.40000000,943900.59192000
1762732800000,0.67170000,0.69060000,0.66640000,0.68470000,2339773.00000000,1596615.17414000
1762747200000,0.68450000,0.69590000,0.68150000,0.69460000,2755715.20000000,1900878.97753000
1762761600000,0.69460000,0.70220000,0.68780000,0.69310000,2176786.70000000,1510929.35248000
1762776000000,0.69320000,0.69630000,0.67280000,0.68090000,2935067.00000000,2008432.35630000
1762790400000,0.68070000,0.68970000,0.67150000,0.68360000,1698426.50000000,1154936.72029000
1762804800000,0.68350000,0.69850000,0.67680000,0.69320000,1709882.80000000,1174258.40285000
1762819200000,0.69330000,0.70570000,0.68320000,0.69640000,2560645.30000000,1782582.05096000
1762833600000,0.69640000,0.69810000,0.66800000,0.66820000,2068401.20000000,1405422.00290000
1762848000000,0.66810000,0.67870000,0.66730000,0.67500000,1687846.60000000,1135682.72092000
1762862400000,0.67490000,0.67850000,0.66220000,0.66710000,2626863.30000000,1757885.02149000
1762876800000,0.66710000,0.67460000,0.65580000,0.65770000,1768431.90000000,1176802.42351000
1762891200000,0.65780000,0.65920000,0.64680000,0.64910000,1652595.90000000,1079442.84062000
1762905600000,0.64920000,0.65900000,0.64400000,0.65460000,1578340.70000000,1029545.44443000
1762920000000,0.65470000,0.66230000,0.65170000,0.65240000,1056682.30000000,693722.94526000
1762934400000,0.65250000,0.67450000,0.65250000,0.67040000,1391416.40000000,928787.21211000
1762948800000,0.67040000,0.67590000,0.64240000,0.64480000,2888430.50000000,1908399.30727000
1762963200000,0.64470000,0.64640000,0.62820000,0.63530000,3034565.20000000,1933012.77374000
1762977600000,0.63520000,0.64370000,0.63300000,0.63740000,1130632.20000000,723658.29086000
1762992000000,0.63730000,0.65500000,0.63330000,0.64820000,1810928.50000000,1169188.04448000
1763006400000,0.64820000,0.66300000,0.64350000,0.65680000,1897543.30000000,1240851.85735000
1763020800000,0.65680000,0.66210000,0.65130000,0.65380000,1123682.90000000,737330.21780000
1763035200000,0.65380000,0.65620000,0.63610000,0.63870000,3120589.70000000,2015781.46204000
1763049600000,0.63870000,0.63930000,0.59720000,0.59980000,6154053.20000000,3768749.90003000
1763064000000,0.59970000,0.62070000,0.59420000,0.61370000,3199932.00000000,1932559.89057000
1763078400000,0.61360000,0.61610000,0.60190000,0.60570000,2445225.30000000,1488469.80205000
1763092800000,0.60560000,0.60860000,0.58280000,0.60350000,3598272.30000000,2145289.20214000
1763107200000,0.60350000,0.60370000,0.58610000,0.58980000,2200355.80000000,1308536.46681000
1763121600000,0.58970000,0.60180000,0.57380000,0.59550000,5025357.30000000,2948057.89888000
1763136000000,0.59560000,0.60510000,0.58890000,0.59900000,2412701.60000000,1438804.96704000
1763150400000,0.59900000,0.60070000,0.56660000,0.57520000,2724567.30000000,1584310.76039000
1763164800000,0.57530000,0.59300000,0.57470000,0.59120000,2211784.20000000,1297250.54660000
1763179200000,0.59130000,0.59340000,0.58470000,0.58710000,947538.90000000,556921.84591000
1763193600000,0.58710000,0.58760000,0.57470000,0.57870000,1404690.60000000,815277.93025000
1763208000000,0.57860000,0.58900000,0.57660000,0.58280000,1054673.00000000,616167.20673000
1763222400000,0.58280000,0.59090000,0.57810000,0.58690000,1008748.00000000,590868.62946000
1763236800000,0.58700000,0.58840000,0.57980000,0.58290000,1069879.60000000,625894.40404000
1763251200000,0.58290000,0.58860000,0.57180000,0.58560000,1753400.10000000,1018107.05723000
1763265600000,0.58560000,0.58910000,0.58060000,0.58910000,904692.40000000,529226.31160000
1763280000000,0.58900000,0.59200000,0.57680000,0.57830000,1608400.90000000,943303.12591000
1763294400000,0.57830000,0.58140000,0.55870000,0.56150000,1863252.30000000,1063939.92232000
1763308800000,0.56150000,0.56720000,0.54730000,0.55460000,4248492.10000000,2362517.28216000
1763323200000,0.55470000,0.56240000,0.54460000,0.55770000,2412321.80000000,1333698.07987000
1763337600000,0.55780000,0.56550000,0.54980000,0.56330000,1981431.80000000,1106803.20772000
1763352000000,0.56340000,0.56710000,0.55840000,0.56490000,1166364.70000000,656428.87753000
1763366400000,0.56490000,0.56970000,0.55830000,0.56530000,1372034.20000000,772603.62583000
1763380800000,0.56520000,0.56680000,0.53860000,0.54130000,4862753.70000000,2679815.98220000
1763395200000,0.54130000,0.55190000,0.52230000,0.52450000,4460854.10000000,2385771.87896000
1763409600000,0.52430000,0.53290000,0.51920000,0.53150000,2978591.60000000,1564370.18993000
1763424000000,0.53160000,0.53600000,0.51840000,0.53300000,3901622.70000000,2058573.54734000
1763438400000,0.53310000,0.53960000,0.52210000,0.53240000,3003725.50000000,1593403.12463000
1763452800000,0.53230000,0.54030000,0.53140000,0.53380000,2175502.50000000,1166464.27811000
1763467200000,0.53380000,0.54720000,0.52730000,0.54280000,3501206.00000000,1877860.18129000
1763481600000,0.54270000,0.55470000,0.54070000,0.55080000,3605449.10000000,1981979.75359000
1763496000000,0.55090000,0.55340000,0.54210000,0.54620000,1452206.80000000,795094.18172000
1763510400000,0.54620000,0.54840000,0.53600000,0.53720000,1484322.00000000,805722.57035000
1763524800000,0.53720000,0.53850000,0.52220000,0.53610000,2112385.30000000,1122050.81194000
1763539200000,0.53600000,0.53780000,0.52980000,0.53380000,1611038.50000000,860242.95274000
1763553600000,0.53380000,0.54090000,0.51880000,0.52020000,3318233.90000000,1758918.66614000
1763568000000,0.52010000,0.52410000,0.50170000,0.50560000,4088513.10000000,2087722.75868000
1763582400000,0.50560000,0.53150000,0.50450000,0.52950000,3518506.50000000,1829210.72829000
1763596800000,0.52950000,0.53590000,0.52680000,0.53390000,1237980.50000000,658181.59107000
1763611200000,0.53380000,0.54110000,0.53080000,0.54080000,1583155.70000000,846975.42767000
1763625600000,0.54090000,0.54540000,0.53500000,0.54100000,2327407.70000000,1259557.94505000
1763640000000,0.54080000,0.55000000,0.52940000,0.53000000,4207940.00000000,2277394.78074000
1763654400000,0.52990000,0.53080000,0.49430000,0.50580000,6365970.80000000,3220644.17178000
1763668800000,0.50570000,0.51960000,0.49870000,0.50060000,2478931.00000000,1260216.77553000
1763683200000,0.50050000,0.51000000,0.48860000,0.49180000,4617282.90000000,2303185.14173000
1763697600000,0.49170000,0.49580000,0.44770000,0.46920000,8590367.90000000,4087585.67127000
1763712000000,0.46930000,0.47400000,0.45400000,0.45570000,7117873.30000000,3298214.80668000
1763726400000,0.45590000,0.47600000,0.44400000,0.46410000,7777908.80000000,3598174.18221000
1763740800000,0.46410000,0.48140000,0.45780000,0.46990000,4628696.00000000,2177923.62356000
1763755200000,0.46980000,0.47100000,0.45230000,0.46660000,3162169.60000000,1463987.17005000
1763769600000,0.46660000,0.47200000,0.46340000,0.46580000,1714897.10000000,800740.22260000
1763784000000,0.46580000,0.46610000,0.45350000,0.46410000,3117549.00000000,1433455.16078000
1763798400000,0.46410000,0.46410000,0.45410000,0.46170000,3019241.00000000,1384076.81969000
1763812800000,0.46170000,0.46500000,0.45240000,0.45910000,2069351.60000000,951797.46487000
1763827200000,0.45900000,0.46550000,0.45760000,0.45920000,1122672.00000000,517604.51543000
1763841600000,0.45920000,0.46880000,0.45530000,0.46270000,1478010.90000000,680959.55343000
1763856000000,0.46260000,0.47210000,0.46000000,0.46940000,2250754.30000000,1053323.33208000
1763870400000,0.46950000,0.47550000,0.46440000,0.46840000,1805905.90000000,849909.14963000
1763884800000,0.46850000,0.47280000,0.46760000,0.47100000,1623868.00000000,762736.57401000
1763899200000,0.47100000,0.48000000,0.46970000,0.47820000,2817314.20000000,1335274.25167000
1763913600000,0.47820000,0.48400000,0.47310000,0.48170000,1445184.50000000,690831.54329000
1763928000000,0.48180000,0.48590000,0.47450000,0.47530000,1433831.90000000,689647.29379000
1763942400000,0.47530000,0.48610000,0.46960000,0.48220000,2587826.20000000,1236850.72736000
1763956800000,0.48220000,0.48610000,0.47300000,0.47840000,2654988.00000000,1272336.37487000
1763971200000,0.47840000,0.47880000,0.46790000,0.47390000,2357359.10000000,1114376.50978000
1763985600000,0.47390000,0.48070000,0.46830000,0.47870000,2824956.40000000,1340562.88320000
1764000000000,0.47870000,0.50460000,0.47870000,0.50100000,3799760.90000000,1882113.91922000
1764014400000,0.50110000,0.50820000,0.49900000,0.49980000,1802429.30000000,907336.44006000
1764028800000,0.49970000,0.50200000,0.49380000,0.49700000,1617523.70000000,806988.97542000
1764043200000,0.49690000,0.50130000,0.49300000,0.49330000,1316679.80000000,655481.04203000
1764057600000,0.49340000,0.49960000,0.48980000,0.49470000,2083842.70000000,1031271.03846000
1764072000000,0.49480000,0.50030000,0.48520000,0.49500000,4455269.20000000,2199773.82130000
1764086400000,0.49500000,0.50740000,0.49240000,0.50030000,2992655.00000000,1500322.54612000
1764100800000,0.50050000,0.51030000,0.49460000,0.50560000,1560926.10000000,785756.74938000
1764115200000,0.50570000,0.50800000,0.49910000,0.49930000,1784026.80000000,898194.98238000
1764129600000,0.49930000,0.50600000,0.49780000,0.50570000,1946433.20000000,978521.46775000
1764144000000,0.50570000,0.50590000,0.49680000,0.49760000,2064720.80000000,1031881.52134000
1764158400000,0.49760000,0.50120000,0.49240000,0.49550000,3049427.90000000,1513114.29204000
1764172800000,0.49540000,0.51960000,0.49530000,0.51800000,3660364.60000000,1865948.06875000
1764187200000,0.51800000,0.52690000,0.51320000,0.51700000,2594862.20000000,1341579.21857000
1764201600000,0.51690000,0.52680000,0.51450000,0.51710000,4175326.00000000,2174114.57776000
1764216000000,0.51720000,0.52100000,0.51530000,0.51810000,1176643.20000000,609839.40665000
1764230400000,0.51800000,0.52260000,0.51500000,0.51740000,1216617.30000000,630767.46271000
1764244800000,0.51740000,0.52870000,0.51540000,0.52770000,2005900.90000000,1046009.47985000
1764259200000,0.52770000,0.53990000,0.52630000,0.53190000,3461207.90000000,1842281.01717000
1764273600000,0.53180000,0.53220000,0.51800000,0.52180000,1991746.00000000,1046467.82060000
1764288000000,0.52170000,0.52370000,0.51270000,0.51870000,1735423.20000000,897977.52516000
1764302400000,0.51870000,0.52050000,0.51470000,0.51530000,1228740.20000000,635996.29212000
1764316800000,0.51530000,0.52960000,0.51530000,0.52250000,1817411.40000000,951962.38668000
1764331200000,0.52240000,0.53390000,0.52030000,0.53000000,2398162.90000000,1264789.46560000
1764345600000,0.53000000,0.53010000,0.51070000,0.52000000,2379997.30000000,1231677.44413000
1764360000000,0.51990000,0.52030000,0.51440000,0.51560000,724820.20000000,375205.24676000
1764374400000,0.51550000,0.51990000,0.51360000,0.51540000,825686.10000000,426643.98603000
1764388800000,0.51540000,0.51970000,0.51110000,0.51260000,699193.60000000,360008.01011000
1764403200000,0.51260000,0.51610000,0.50930000,0.51570000,825587.40000000,423043.92401000
1764417600000,0.51560000,0.51670000,0.50840000,0.51360000,1176853.40000000,601966.81925000
1764432000000,0.51370000,0.51370000,0.50480000,0.50880000,1408982.10000000,716627.68699000
1764446400000,0.50880000,0.51250000,0.50730000,0.50950000,680173.00000000,346834.59182000
1764460800000,0.50950000,0.51360000,0.50600000,0.51340000,896541.90000000,457344.01740000
1764475200000,0.51350000,0.51390000,0.50860000,0.51300000,834205.80000000,426677.76436000
1764489600000,0.51300000,0.51600000,0.50860000,0.50910000,1401315.80000000,717987.54350000
1764504000000,0.50920000,0.52010000,0.50740000,0.51350000,1350042.20000000,695625.72045000
1764518400000,0.51350000,0.52100000,0.51350000,0.51650000,1017480.40000000,526889.54435000
1764532800000,0.51660000,0.51880000,0.50280000,0.50390000,1215889.10000000,623081.61310000
1764547200000,0.50390000,0.50520000,0.46420000,0.46570000,6774300.60000000,3251051.38614000
1764561600000,0.46570000,0.46770000,0.46170000,0.46740000,2504726.90000000,1163105.40942000
1764576000000,0.46730000,0.46880000,0.46080000,0.46120000,1692733.80000000,787162.31464000
1764590400000,0.46120000,0.46620000,0.44670000,0.45470000,3206644.60000000,1465190.88568000
1764604800000,0.45470000,0.45480000,0.44830000,0.45070000,1950439.60000000,880173.61400000
1764619200000,0.45070000,0.46660000,0.45070000,0.46280000,1925398.90000000,882608.90368000
1764633600000,0.46270000,0.46980000,0.45660000,0.46160000,1884352.80000000,870976.35772000
1764648000000,0.46160000,0.46360000,0.45730000,0.46010000,2084294.50000000,959717.50197000
1764662400000,0.46010000,0.46700000,0.45470000,0.46570000,1463587.00000000,673166.79825000
1764676800000,0.46580000,0.51190000,0.46360000,0.51090000,4470200.00000000,2178379.59316000
1764691200000,0.51100000,0.51560000,0.50470000,0.50470000,2868473.20000000,1462629.88103000
1764705600000,0.50480000,0.50710000,0.49700000,0.50150000,2006284.30000000,1007580.06736000
1764720000000,0.50160000,0.51000000,0.49980000,0.50580000,2692925.10000000,1360206.49269000
1764734400000,0.50570000,0.51930000,0.50460000,0.51070000,3482158.50000000,1787339.23280000
1764748800000,0.51080000,0.51300000,0.50360000,0.50850000,2077825.70000000,1055880.24193000
1764763200000,0.50850000,0.51250000,0.49500000,0.50400000,4358588.80000000,2198146.10047000
1764777600000,0.50410000,0.51220000,0.50000000,0.50940000,1346884.40000000,681716.72015000
1764792000000,0.50950000,0.52050000,0.50730000,0.51300000,1631569.70000000,836686.00863000
1764806400000,0.51310000,0.52000000,0.50960000,0.51060000,2340267.30000000,1202964.50731000
1764820800000,0.51070000,0.51150000,0.50390000,0.50640000,2895365.60000000,1469684.81768000
1764835200000,0.50640000,0.51000000,0.50190000,0.50320000,1744722.10000000,882308.09337000
1764849600000,0.50330000,0.50510000,0.49420000,0.50110000,3359832.50000000,1678575.41051000
1764864000000,0.50100000,0.50220000,0.48160000,0.49130000,3380996.70000000,1669614.74128000
1764878400000,0.49120000,0.49470000,0.48880000,0.49120000,669336.20000000,329230.05892000
1764892800000,0.49110000,0.49460000,0.48750000,0.48850000,835500.20000000,410273.32130000
1764907200000,0.48840000,0.49240000,0.48390000,0.49210000,726747.10000000,354710.11672000
1764921600000,0.49210000,0.49210000,0.47780000,0.47990000,2056230.70000000,992728.65296000
1764936000000,0.47980000,0.48580000,0.47240000,0.47670000,2307648.40000000,1102758.91308000
1764950400000,0.47670000,0.47690000,0.45530000,0.46190000,3676797.00000000,1705670.70864000
1764964800000,0.46190000,0.46450000,0.45920000,0.46360000,881626.60000000,407036.78634000
1764979200000,0.46360000,0.46860000,0.46230000,0.46850000,847916.80000000,394839.84366000
1764993600000,0.46860000,0.47030000,0.46160000,0.46400000,2317263.00000000,1080232.12832000
1765008000000,0.46410000,0.46540000,0.46140000,0.46480000,818950.50000000,379634.43740000
1765022400000,0.46490000,0.47080000,0.46440000,0.46560000,1257788.70000000,587311.80824000
1765036800000,0.46570000,0.46930000,0.46380000,0.46500000,1536558.00000000,717080.50354000
1765051200000,0.46510000,0.47020000,0.46480000,0.46790000,735711.30000000,343560.99862000
1765065600000,0.46790000,0.47030000,0.46760000,0.46900000,710711.10000000,333282.61598000
1765080000000,0.46910000,0.46960000,0.46360000,0.46570000,704581.00000000,328535.29535000
1765094400000,0.46570000,0.46570000,0.45920000,0.46010000,1070377.10000000,493639.58687000
1765108800000,0.46010000,0.46380000,0.44620000,0.46130000,5082585.50000000,2305468.94466000
1765123200000,0.46140000,0.47830000,0.45650000,0.47290000,4046362.60000000,1895148.82072000
1765137600000,0.47290000,0.47410000,0.45090000,0.45580000,2172914.80000000,1001858.11134000
1765152000000,0.45590000,0.46690000,0.45360000,0.46360000,1907838.70000000,879156.89581000
1765166400000,0.46360000,0.47120000,0.46360000,0.46910000,1211122.90000000,566071.67027000
1765180800000,0.46920000,0.47840000,0.46800000,0.47140000,1702409.80000000,804603.15665000
1765195200000,0.47130000,0.51050000,0.46880000,0.47780000,23741757.90000000,11662079.83042000
1765209600000,0.47780000,0.47960000,0.46700000,0.47430000,3585194.30000000,1702660.91718000
1765224000000,0.47430000,0.48530000,0.47380000,0.48470000,2631486.20000000,1266053.36232000
1765238400000,0.48480000,0.48500000,0.47380000,0.48010000,2438472.20000000,1167215.19269000
1765252800000,0.48020000,0.48320000,0.47190000,0.47840000,2690799.30000000,1281533.30742000
1765267200000,0.47840000,0.48090000,0.47300000,0.48060000,2322954.60000000,1106818.48456000
1765281600000,0.48070000,0.49980000,0.47890000,0.49900000,4908601.10000000,2382175.08485000
1765296000000,0.49910000,0.52030000,0.49910000,0.50820000,6474831.10000000,3302166.50489000
1765310400000,0.50810000,0.50830000,0.49350000,0.49920000,2733003.30000000,1370078.70275000
1765324800000,0.49920000,0.50130000,0.49280000,0.49780000,1537442.10000000,763178.72506000
1765339200000,0.49770000,0.50300000,0.49480000,0.49650000,1451732.80000000,724322.93696000
1765353600000,0.49650000,0.50130000,0.48920000,0.49140000,2433143.00000000,1202200.83900000
1765368000000,0.49130000,0.49640000,0.48990000,0.49200000,2100812.20000000,1035979.68218000
1765382400000,0.49210000,0.50770000,0.49110000,0.50410000,5475944.00000000,2740490.87888000
1765396800000,0.50420000,0.51630000,0.48750000,0.48970000,3921980.40000000,1966690.94655000
1765411200000,0.48960000,0.49040000,0.46390000,0.46520000,3232882.20000000,1532094.29264000
1765425600000,0.46520000,0.47250000,0.46380000,0.46810000,2029943.10000000,952948.73478000
1765440000000,0.46800000,0.46870000,0.46460000,0.46700000,1502255.50000000,700857.30920000
1765454400000,0.46690000,0.47030000,0.46140000,0.46500000,3060409.60000000,1426288.45642000
1765468800000,0.46500000,0.47030000,0.46050000,0.46500000,3666475.20000000,1705557.34186000
1765483200000,0.46490000,0.48320000,0.46470000,0.47370000,1980090.30000000,939871.35173000
1765497600000,0.47380000,0.47980000,0.46790000,0.47380000,2762502.40000000,1313144.12216000
1765512000000,0.47370000,0.47930000,0.47100000,0.47500000,2138352.80000000,1014123.74689000
1765526400000,0.47500000,0.47950000,0.47180000,0.47680000,1413555.70000000,672463.90075000
1765540800000,0.47670000,0.47940000,0.45370000,0.45610000,5438062.90000000,2543478.81003000
1765555200000,0.45610000,0.46070000,0.44860000,0.45590000,5027119.00000000,2282287.07661000
1765569600000,0.45580000,0.46030000,0.45380000,0.45860000,1854965.70000000,846179.12166000
1765584000000,0.45870000,0.46340000,0.45860000,0.46210000,745849.40000000,343781.00309000
1765598400000,0.46220000,0.46280000,0.45830000,0.46080000,457273.30000000,210626.78484000
1765612800000,0.46090000,0.46530000,0.46090000,0.46220000,675909.80000000,312927.75617000
1765627200000,0.46220000,0.46460000,0.45990000,0.46310000,1315494.30000000,608084.72847000
1765641600000,0.46300000,0.46440000,0.46120000,0.46300000,938245.20000000,434498.69732000
1765656000000,0.46300000,0.46370000,0.45870000,0.46320000,645286.70000000,298129.35236000
1765670400000,0.46320000,0.46600000,0.46150000,0.46400000,624271.90000000,289384.23798000
1765684800000,0.46400000,0.46460000,0.45880000,0.46110000,544658.10000000,250880.47534000
1765699200000,0.46100000,0.46210000,0.44930000,0.45420000,2157021.50000000,982656.96565000
1765713600000,0.45410000,0.45650000,0.44880000,0.45040000,1570788.40000000,710736.93346000
1765728000000,0.45030000,0.45280000,0.44580000,0.44720000,2285385.10000000,1025199.06581000
1765742400000,0.44720000,0.44940000,0.43720000,0.44160000,3170014.40000000,1405303.14474000
1765756800000,0.44170000,0.45580000,0.44090000,0.44970000,2295342.00000000,1028857.44475000
1765771200000,0.44980000,0.45300000,0.44740000,0.44830000,1058715.40000000,477245.83811000
1765785600000,0.44820000,0.45410000,0.44770000,0.45050000,1225708.90000000,551978.79533000
1765800000000,0.45050000,0.45210000,0.41640000,0.41910000,7647720.10000000,3309461.94755000
1765814400000,0.41900000,0.42050000,0.40360000,0.40690000,4727556.20000000,1952197.06581000
1765828800000,0.40690000,0.41680000,0.40260000,0.41670000,2304865.60000000,943182.09932000
1765843200000,0.41670000,0.41760000,0.40010000,0.40600000,2670660.00000000,1084642.51130000
1765857600000,0.40610000,0.41050000,0.39870000,0.40320000,1812328.40000000,733880.41101000
1765872000000,0.40330000,0.41500000,0.40160000,0.41430000,3633298.30000000,1476286.67454000
1765886400000,0.41430000,0.41880000,0.40410000,0.41680000,5405037.40000000,2225373.72467000
1765900800000,0.41680000,0.41740000,0.40870000,0.41370000,2350811.20000000,971338.38339000
1765915200000,0.41360000,0.41640000,0.41210000,0.41510000,579468.50000000,240068.56327000
1765929600000,0.41500000,0.41910000,0.41270000,0.41480000,894260.30000000,371860.11638000
1765944000000,0.41490000,0.41590000,0.40700000,0.40970000,1142250.90000000,469183.09902000
1765958400000,0.40970000,0.40970000,0.40390000,0.40770000,1015661.00000000,412301.03369000
1765972800000,0.40760000,0.42420000,0.40100000,0.40260000,4514607.60000000,1854580.71509000
1765987200000,0.40250000,0.40550000,0.38540000,0.39120000,4168964.60000000,1639962.12199000
1766001600000,0.39130000,0.39370000,0.38610000,0.39050000,1544549.20000000,601939.46560000
1766016000000,0.39050000,0.39200000,0.38590000,0.38720000,1267153.00000000,492343.40107000
1766030400000,0.38730000,0.38910000,0.38050000,0.38410000,1310895.90000000,503450.59507000
1766044800000,0.38420000,0.39000000,0.38370000,0.38800000,1806842.50000000,700152.45860000
1766059200000,0.38800000,0.40680000,0.38630000,0.40040000,4164552.90000000,1654929.81861000
1766073600000,0.40040000,0.40070000,0.36590000,0.36710000,4859317.00000000,1851889.09145000
1766088000000,0.36700000,0.37600000,0.36610000,0.36850000,2181942.70000000,808787.99637000
1766102400000,0.36860000,0.38130000,0.36010000,0.37760000,3054372.30000000,1124945.74947000
1766116800000,0.37780000,0.38930000,0.37660000,0.38470000,1795151.20000000,683103.17497000
1766131200000,0.38470000,0.38840000,0.38240000,0.38790000,925614.50000000,356635.02675000
1766145600000,0.38800000,0.39930000,0.38520000,0.39100000,2926866.10000000,1141289.33326000
1766160000000,0.39090000,0.40070000,0.38730000,0.39750000,2483358.20000000,978131.51973000
1766174400000,0.39750000,0.40150000,0.39610000,0.39780000,1043213.60000000,415933.22710000
1766188800000,0.39770000,0.39860000,0.39390000,0.39650000,1059916.20000000,419728.27589000
1766203200000,0.39650000,0.40080000,0.39380000,0.40070000,526367.50000000,208708.14129000
1766217600000,0.40070000,0.40280000,0.39720000,0.40070000,1001056.30000000,401027.27101000
1766232000000,0.40080000,0.40110000,0.39590000,0.39980000,1098130.90000000,437775.04603000
1766246400000,0.39980000,0.40030000,0.39640000,0.39820000,592915.40000000,235860.79820000
1766260800000,0.39820000,0.40140000,0.39780000,0.39900000,712799.00000000,284664.23025000
1766275200000,0.39890000,0.39900000,0.39270000,0.39540000,748160.60000000,296052.92864000
1766289600000,0.39560000,0.39630000,0.39300000,0.39450000,361419.90000000,142481.61531000
1766304000000,0.39450000,0.39970000,0.39330000,0.39380000,908945.30000000,360774.35057000
1766318400000,0.39390000,0.39590000,0.38050000,0.38460000,2308341.50000000,892230.06952000
1766332800000,0.38450000,0.38880000,0.38300000,0.38810000,989971.80000000,382422.35199000
1766347200000,0.38820000,0.39250000,0.38420000,0.39060000,1425758.70000000,553223.35648000
1766361600000,0.39060000,0.40170000,0.38590000,0.39210000,1876674.00000000,738690.67401000
1766376000000,0.39220000,0.39690000,0.39170000,0.39630000,491856.30000000,193779.11829000
1766390400000,0.39630000,0.40070000,0.39500000,0.39850000,1161562.10000000,462389.56435000
1766404800000,0.39850000,0.40420000,0.39660000,0.40130000,2391001.40000000,957061.72897000
1766419200000,0.40140000,0.40390000,0.38940000,0.39040000,1567750.60000000,624497.27132000
1766433600000,0.39030000,0.39480000,0.38760000,0.39370000,855696.60000000,334447.14148000
1766448000000,0.39370000,0.39700000,0.38800000,0.39090000,988005.70000000,388662.42991000
1766462400000,0.39080000,0.39200000,0.38570000,0.38690000,1983279.30000000,769560.02641000
1766476800000,0.38690000,0.39090000,0.38500000,0.39020000,654740.70000000,253992.67685000
1766491200000,0.39010000,0.39080000,0.38120000,0.38570000,2305182.50000000,891334.84348000
1766505600000,0.38570000,0.39080000,0.38270000,0.38790000,2251646.90000000,872352.25740000
1766520000000,0.38800000,0.39210000,0.38420000,0.38660000,888464.60000000,344740.67116000
1766534400000,0.38660000,0.38980000,0.37800000,0.38290000,1701019.00000000,652154.60511000
1766548800000,0.38290000,0.38450000,0.37560000,0.37570000,1136527.70000000,429852.84592000
1766563200000,0.37560000,0.37780000,0.37410000,0.37660000,1425713.30000000,535913.09140000
1766577600000,0.37650000,0.37800000,0.37070000,0.37470000,1979390.80000000,742923.98054000
1766592000000,0.37470000,0.37840000,0.37320000,0.37680000,1562658.10000000,586869.46107000
1766606400000,0.37680000,0.37970000,0.37560000,0.37620000,995293.10000000,375520.35881000
1766620800000,0.37630000,0.38080000,0.37510000,0.37960000,817371.90000000,308517.83049000
1766635200000,0.37960000,0.38070000,0.37640000,0.37770000,642241.30000000,243108.59901000
1766649600000,0.37770000,0.38020000,0.37220000,0.37340000,1301882.60000000,488806.15892000
1766664000000,0.37340000,0.38240000,0.37260000,0.38090000,1367044.30000000,514764.13741000
1766678400000,0.38100000,0.38390000,0.37700000,0.38360000,1105375.20000000,421243.55221000
1766692800000,0.38350000,0.38370000,0.36660000,0.36820000,1508613.60000000,565171.53734000
1766707200000,0.36810000,0.38430000,0.36620000,0.38270000,2739813.20000000,1032447.09865000
1766721600000,0.38270000,0.38500000,0.37810000,0.37890000,1584240.50000000,604890.63926000
1766736000000,0.37890000,0.38290000,0.37880000,0.38010000,1092775.00000000,416327.91301000
1766750400000,0.38000000,0.38370000,0.37080000,0.37260000,2119616.30000000,797131.84698000
1766764800000,0.37250000,0.37570000,0.36900000,0.37520000,1120564.50000000,417305.55459000
1766779200000,0.37510000,0.37710000,0.37310000,0.37560000,395602.90000000,148464.24214000
1766793600000,0.37550000,0.37830000,0.37500000,0.37660000,532535.90000000,200354.21779000
1766808000000,0.37670000,0.37690000,0.37280000,0.37600000,1003443.30000000,376138.75554000
1766822400000,0.37600000,0.37930000,0.37380000,0.37880000,638015.70000000,240471.31310000
1766836800000,0.37890000,0.38040000,0.37600000,0.37960000,677894.00000000,256341.18013000
1766851200000,0.37970000,0.38040000,0.37730000,0.37930000,636026.50000000,241049.52181000
1766865600000,0.37940000,0.38930000,0.37930000,0.38780000,923154.70000000,353940.29342000
1766880000000,0.38790000,0.38860000,0.38540000,0.38820000,535266.90000000,207341.08496000
1766894400000,0.38810000,0.39070000,0.38630000,0.38990000,692094.40000000,268863.59841000
1766908800000,0.38990000,0.39230000,0.38870000,0.38990000,660671.50000000,258103.17839000
1766923200000,0.38990000,0.39240000,0.38640000,0.39010000,796177.70000000,309767.86995000
1766937600000,0.39000000,0.39120000,0.38320000,0.38370000,877441.30000000,339076.69213000
1766952000000,0.38360000,0.38820000,0.38290000,0.38770000,522223.80000000,201274.64636000
1766966400000,0.38770000,0.39880000,0.38630000,0.39830000,1612452.00000000,632514.82215000
1766980800000,0.39840000,0.40020000,0.39020000,0.39200000,1578458.00000000,624036.15078000
1766995200000,0.39200000,0.39400000,0.38300000,0.38430000,1557323.70000000,603743.39362000
1767009600000,0.38430000,0.38510000,0.37760000,0.38250000,2102739.80000000,801821.67070000
1767024000000,0.38240000,0.38250000,0.37710000,0.37840000,1974440.40000000,749818.68704000
1767038400000,0.37840000,0.38000000,0.37630000,0.37690000,1062268.50000000,401575.24431000
1767052800000,0.37680000,0.37830000,0.37310000,0.37720000,1062023.60000000,399226.10383000
1767067200000,0.37720000,0.37800000,0.37370000,0.37580000,899607.40000000,338371.76475000
1767081600000,0.37570000,0.38180000,0.37560000,0.37870000,1121114.80000000,424666.92848000
1767096000000,0.37870000,0.38190000,0.37470000,0.37980000,1589981.00000000,600923.41518000
1767110400000,0.37990000,0.38260000,0.37280000,0.37590000,1766435.90000000,666705.60221000
1767124800000,0.37590000,0.37600000,0.37250000,0.37460000,865095.50000000,323678.35551000
1767139200000,0.37450000,0.37750000,0.37260000,0.37540000,971396.60000000,364216.80144000
1767153600000,0.37550000,0.37610000,0.37300000,0.37480000,825157.80000000,308910.31397000
1767168000000,0.37460000,0.37790000,0.37340000,0.37750000,1167574.80000000,438232.96051000
1767182400000,0.37750000,0.37790000,0.37010000,0.37120000,1906995.60000000,713699.76562000
1767196800000,0.37130000,0.37220000,0.36100000,0.36260000,3224313.60000000,1178477.16868000
1767211200000,0.36260000,0.36490000,0.35850000,0.35910000,2278017.80000000,822562.40988000
1767225600000,0.35920000,0.36220000,0.35790000,0.35870000,1713180.10000000,617481.63150000
1767240000000,0.35870000,0.36080000,0.35500000,0.35900000,1534521.60000000,549066.10631000
1767254400000,0.35890000,0.36520000,0.35890000,0.36470000,1157324.80000000,419473.74926000
1767268800000,0.36470000,0.37640000,0.36290000,0.37320000,1645913.30000000,608476.91577000
1767283200000,0.37330000,0.38270000,0.37200000,0.38270000,1561314.50000000,588943.93860000
1767297600000,0.38270000,0.38760000,0.37890000,0.38720000,1414405.20000000,541540.34942000
1767312000000,0.38730000,0.39640000,0.38400000,0.39450000,2222927.70000000,863664.05154000
1767326400000,0.39460000,0.39540000,0.38970000,0.39220000,1140060.00000000,447048.21593000
1767340800000,0.39230000,0.40540000,0.39200000,0.39900000,3373202.40000000,1349128.07590000
1767355200000,0.39900000,0.41080000,0.39750000,0.40750000,4336524.40000000,1749964.11887000
1767369600000,0.40760000,0.42020000,0.40670000,0.41960000,4069378.90000000,1690799.49731000
1767384000000,0.41970000,0.42800000,0.41950000,0.42380000,2177706.40000000,923849.04623000
1767398400000,0.42380000,0.43010000,0.42330000,0.42860000,1163926.30000000,495732.27403000
1767412800000,0.42860000,0.42940000,0.41030000,0.41280000,2089819.00000000,878502.10445000
1767427200000,0.41270000,0.41840000,0.41070000,0.41590000,1657459.90000000,688136.28097000
1767441600000,0.41590000,0.42280000,0.41500000,0.41810000,1446718.20000000,606189.89602000
1767456000000,0.41820000,0.42440000,0.41820000,0.42440000,1093300.10000000,461403.25129000
1767470400000,0.42450000,0.42900000,0.42110000,0.42780000,791919.10000000,336831.42987000
1767484800000,0.42780000,0.43590000,0.42590000,0.43440000,2499567.70000000,1076725.73026000
1767499200000,0.43440000,0.44550000,0.43200000,0.43450000,2043329.50000000,893730.72483000
1767513600000,0.43440000,0.44010000,0.43000000,0.43750000,1961675.70000000,855747.45958000
1767528000000,0.43750000,0.44230000,0.43580000,0.44160000,1930228.30000000,848282.84066000
1767542400000,0.44150000,0.44490000,0.43280000,0.43660000,2298914.70000000,1012555.98655000
1767556800000,0.43660000,0.44150000,0.43510000,0.43880000,1259129.40000000,552385.58209000
1767571200000,0.43880000,0.44970000,0.43690000,0.44400000,2602254.60000000,1156720.82590000
1767585600000,0.44400000,0.44470000,0.43140000,0.44000000,2256090.00000000,987714.51029000
1767600000000,0.44000000,0.44230000,0.43400000,0.43690000,1728530.70000000,756370.89586000
1767614400000,0.43690000,0.44410000,0.43280000,0.44350000,2328528.80000000,1017929.91485000
1767628800000,0.44370000,0.45470000,0.43780000,0.45140000,2121107.60000000,948128.05726000
1767643200000,0.45140000,0.46230000,0.45100000,0.45500000,2124112.40000000,971240.93968000
1767657600000,0.45500000,0.46220000,0.44930000,0.45880000,2371840.60000000,1082817.43767000
1767672000000,0.45880000,0.46090000,0.44630000,0.44760000,2632328.60000000,1197990.21845000
1767686400000,0.44760000,0.45710000,0.44650000,0.45660000,1631104.20000000,735435.86006000
1767700800000,0.45670000,0.47090000,0.45550000,0.45850000,4168959.90000000,1929797.89378000
1767715200000,0.45850000,0.46150000,0.43340000,0.44130000,4650089.60000000,2069948.40036000
1767729600000,0.44120000,0.45860000,0.44120000,0.45740000,2313147.60000000,1048540.54588000
1767744000000,0.45750000,0.45750000,0.44030000,0.44460000,2308303.00000000,1028363.95221000
1767758400000,0.44470000,0.44890000,0.44120000,0.44890000,1011326.90000000,449159.39730000
1767772800000,0.44890000,0.45140000,0.43740000,0.43990000,2164762.80000000,958533.71608000
1767787200000,0.43990000,0.44000000,0.42360000,0.42580000,3332961.60000000,1435422.83321000
1767801600000,0.42570000,0.42910000,0.41950000,0.42330000,1951979.30000000,828474.13870000
1767816000000,0.42340000,0.42490000,0.41840000,0.42260000,1349873.70000000,569902.27067000
1767830400000,0.42270000,0.42670000,0.41710000,0.41750000,1512452.80000000,638406.77347000
1767844800000,0.41750000,0.42090000,0.40740000,0.41440000,2351497.70000000,975438.00309000
1767859200000,0.41450000,0.41700000,0.40480000,0.40550000,1948672.60000000,796561.22019000
1767873600000,0.40560000,0.41410000,0.39940000,0.41360000,2344774.60000000,949884.54562000
1767888000000,0.41360000,0.41430000,0.40620000,0.40710000,1641066.20000000,673324.00756000
1767902400000,0.40710000,0.41130000,0.40320000,0.40760000,1023139.70000000,416759.19195000
1767916800000,0.40770000,0.41100000,0.40300000,0.40710000,1282935.90000000,521569.39993000
1767931200000,0.40710000,0.40740000,0.40390000,0.40420000,1122911.30000000,455398.24435000
1767945600000,0.40420000,0.40490000,0.39750000,0.40210000,1448448.40000000,582088.68662000
1767960000000,0.40200000,0.41460000,0.39810000,0.40790000,2498295.90000000,1012026.17684000
1767974400000,0.40800000,0.41380000,0.39780000,0.39970000,1727906.60000000,702390.22026000
1767988800000,0.39960000,0.40410000,0.39930000,0.40250000,717976.70000000,288463.07794000
1768003200000,0.40250000,0.40260000,0.39880000,0.40140000,496526.00000000,198904.29386000
1768017600000,0.40140000,0.40330000,0.39870000,0.40200000,467344.30000000,187274.19771000
1768032000000,0.40200000,0.40560000,0.40130000,0.40540000,727882.70000000,293875.21863000
1768046400000,0.40540000,0.40750000,0.40070000,0.40100000,1037603.00000000,418664.24165000
1768060800000,0.40100000,0.40250000,0.39920000,0.40190000,964575.80000000,386669.36513000
1768075200000,0.40200000,0.40210000,0.39740000,0.39940000,538545.30000000,215391.06352000
1768089600000,0.39930000,0.40190000,0.39890000,0.40050000,596328.70000000,238876.03065000
1768104000000,0.40050000,0.40450000,0.39970000,0.40230000,828067.70000000,332881.49816000
1768118400000,0.40240000,0.40420000,0.40120000,0.40200000,672674.30000000,270754.18252000
1768132800000,0.40200000,0.40490000,0.39880000,0.40000000,1444069.10000000,580657.33534000
1768147200000,0.40010000,0.40490000,0.39880000,0.39970000,1061944.30000000,426708.28120000
1768161600000,0.39960000,0.39960000,0.39130000,0.39940000,1310150.00000000,518685.68976000
1768176000000,0.39940000,0.40840000,0.39300000,0.40170000,1655128.60000000,665199.97621000
1768190400000,0.40180000,0.40560000,0.39500000,0.39570000,1836433.20000000,736712.61630000
1768204800000,0.39560000,0.39800000,0.38970000,0.39320000,1364467.70000000,536263.72694000
1768219200000,0.39320000,0.39640000,0.38560000,0.39570000,1639693.80000000,641003.51769000
1768233600000,0.39560000,0.40010000,0.38980000,0.39410000,1578164.10000000,623407.00380000
1768248000000,0.39400000,0.39640000,0.38570000,0.38700000,628895.00000000,245115.45691000
1768262400000,0.38690000,0.39110000,0.38450000,0.39000000,1011345.70000000,392884.79241000
1768276800000,0.39010000,0.39590000,0.38930000,0.39070000,1336298.40000000,525075.21196000
1768291200000,0.39060000,0.40110000,0.38900000,0.39840000,3143233.70000000,1248416.33139000
1768305600000,0.39850000,0.40840000,0.39770000,0.40840000,3845455.90000000,1548072.45009000
1768320000000,0.40850000,0.41060000,0.40350000,0.40720000,3712513.40000000,1511107.75286000
1768334400000,0.40730000,0.42260000,0.40370000,0.41590000,6409893.00000000,2654215.53330000
1768348800000,0.41600000,0.42090000,0.41430000,0.41940000,3155223.30000000,1317816.13354000
1768363200000,0.41940000,0.42040000,0.41000000,0.41430000,3220068.90000000,1335790.39780000
1768377600000,0.41420000,0.41640000,0.40510000,0.40580000,2489561.80000000,1026576.56831000
1768392000000,0.40580000,0.41760000,0.40280000,0.41350000,4216889.60000000,1726836.39909000
1768406400000,0.41360000,0.41920000,0.39850000,0.40330000,7509591.90000000,3062134.20534000
1768420800000,0.40330000,0.40710000,0.39780000,0.40110000,4189715.80000000,1683994.46562000
1768435200000,0.40110000,0.40130000,0.38330000,0.38440000,4899051.10000000,1920630.27428000
1768449600000,0.38440000,0.39330000,0.38330000,0.39090000,5821182.70000000,2263208.63824000
1768464000000,0.39080000,0.39520000,0.38930000,0.39100000,3730086.30000000,1461372.73281000
1768478400000,0.39090000,0.39490000,0.37890000,0.38590000,3530557.50000000,1371269.29140000
1768492800000,0.38580000,0.38680000,0.37480000,0.37890000,2502558.10000000,952345.26869000
1768507200000,0.37890000,0.38130000,0.37540000,0.38020000,1149094.80000000,435234.78953000
1768521600000,0.38020000,0.38330000,0.37750000,0.37860000,1117465.30000000,425002.85490000
1768536000000,0.37860000,0.38100000,0.37630000,0.37930000,1382427.80000000,523564.89840000
1768550400000,0.37940000,0.38180000,0.37800000,0.37920000,858115.70000000,326083.76026000
1768564800000,0.37910000,0.38130000,0.36960000,0.37240000,2313224.00000000,869662.83043000
1768579200000,0.37230000,0.37750000,0.37170000,0.37590000,1239945.90000000,465153.58032000
1768593600000,0.37580000,0.38750000,0.37390000,0.38360000,1452228.30000000,557081.70008000
1768608000000,0.38370000,0.38710000,0.38260000,0.38570000,918599.50000000,353313.65846000
1768622400000,0.38570000,0.39010000,0.38480000,0.38860000,1370828.20000000,530927.36580000
1768636800000,0.38870000,0.39120000,0.38320000,0.38500000,2072269.00000000,802945.85261000
1768651200000,0.38500000,0.39820000,0.38480000,0.39490000,2830335.70000000,1112512.42541000
1768665600000,0.39490000,0.39540000,0.38840000,0.39090000,1689901.00000000,660426.37441000
1768680000000,0.39100000,0.39190000,0.38360000,0.38520000,1474616.20000000,570800.02120000
1768694400000,0.38520000,0.38950000,0.38350000,0.38470000,1419736.80000000,547920.83067000
1768708800000,0.38470000,0.38720000,0.38350000,0.38490000,1504653.10000000,579620.56479000
1768723200000,0.38490000,0.38560000,0.37700000,0.37870000,2430976.40000000,928357.36829000
1768737600000,0.37880000,0.37990000,0.36850000,0.37200000,7375089.90000000,2754762.41946000
1768752000000,0.37190000,0.37300000,0.36480000,0.36590000,6551003.80000000,2419149.63187000
1768766400000,0.36590000,0.37130000,0.35300000,0.35510000,11137265.00000000,4043242.53695000
1768780800000,0.35500000,0.35500000,0.32270000,0.34110000,19028553.70000000,6472361.83034000
1768795200000,0.34100000,0.34200000,0.33550000,0.33720000,4681754.60000000,1584799.78839000
1768809600000,0.33710000,0.34170000,0.33420000,0.33740000,6918748.60000000,2335448.78064000
1768824000000,0.33730000,0.33960000,0.33440000,0.33950000,2626162.20000000,886101.17215000
1768838400000,0.33950000,0.35190000,0.33930000,0.34980000,4191884.10000000,1451984.16050000
1768852800000,0.34990000,0.35080000,0.34390000,0.34870000,3042371.00000000,1057378.63530000
1768867200000,0.34870000,0.34980000,0.34530000,0.34740000,2905488.30000000,1010063.75650000
1768881600000,0.34730000,0.34880000,0.34010000,0.34020000,3192987.70000000,1099638.96702000
1768896000000,0.34020000,0.34170000,0.33690000,0.33950000,2956498.40000000,1003361.99304000
1768910400000,0.33960000,0.34300000,0.33440000,0.33780000,2884215.10000000,976085.25352000
1768924800000,0.33780000,0.33900000,0.33060000,0.33380000,3050784.20000000,1019262.77134000
1768939200000,0.33370000,0.33680000,0.32670000,0.32920000,2899835.40000000,961726.82159000
1768953600000,0.32930000,0.33840000,0.32920000,0.33640000,2047600.20000000,687657.23693000
1768968000000,0.33640000,0.34170000,0.33500000,0.33550000,2639839.50000000,892495.65060000
1768982400000,0.33540000,0.33690000,0.32950000,0.33020000,1993642.70000000,665627.13833000
1768996800000,0.33020000,0.34170000,0.32540000,0.34040000,5942311.00000000,1983134.69647000
1769011200000,0.34050000,0.34910000,0.32450000,0.34860000,5350624.90000000,1793792.03572000
1769025600000,0.34860000,0.34900000,0.33880000,0.34010000,2369977.10000000,815572.53644000
1769040000000,0.34010000,0.34700000,0.34010000,0.34230000,2115219.70000000,728207.19561000
1769054400000,0.34230000,0.34470000,0.34130000,0.34250000,1355095.00000000,465095.06773000
1769068800000,0.34250000,0.34550000,0.34150000,0.34340000,1317824.80000000,452545.11908000
1769083200000,0.34330000,0.34590000,0.33440000,0.33820000,2399822.70000000,815716.49067000
1769097600000,0.33820000,0.34540000,0.33750000,0.34140000,2307196.20000000,788361.67837000
1769112000000,0.34150000,0.34500000,0.33800000,0.34230000,1333202.60000000,454569.12735000
1769126400000,0.34220000,0.34650000,0.34140000,0.34620000,1924078.60000000,663086.72482000
1769140800000,0.34610000,0.35470000,0.34540000,0.35330000,3133355.20000000,1101939.06180000
1769155200000,0.35320000,0.35470000,0.34760000,0.35090000,2541346.10000000,891641.34064000
1769169600000,0.35080000,0.35710000,0.34450000,0.35660000,4312608.90000000,1518395.72929000
1769184000000,0.35670000,0.36290000,0.34820000,0.34980000,4437359.80000000,1582677.87255000
1769198400000,0.34990000,0.35040000,0.34490000,0.34700000,1434160.80000000,498896.86251000
1769212800000,0.34700000,0.34870000,0.34340000,0.34770000,987937.10000000,341898.29271000
1769227200000,0.34770000,0.34850000,0.34460000,0.34550000,1071189.20000000,370845.17826000
1769241600000,0.34540000,0.34770000,0.33990000,0.34460000,3004284.40000000,1033098.62573000
1769256000000,0.34460000,0.34640000,0.34160000,0.34390000,1249716.00000000,430392.68989000
1769270400000,0.34390000,0.34690000,0.34250000,0.34310000,1186641.40000000,408627.08131000
1769284800000,0.34310000,0.34530000,0.34310000,0.34360000,1034155.40000000,355815.48846000
1769299200000,0.34350000,0.34390000,0.33680000,0.33880000,2030279.10000000,689180.02773000
1769313600000,0.33870000,0.33960000,0.33530000,0.33680000,1118505.80000000,377124.58845000
1769328000000,0.33660000,0.34100000,0.33470000,0.33980000,1218480.60000000,411635.94167000
1769342400000,0.33970000,0.34010000,0.33350000,0.33420000,1315896.30000000,443592.00638000
1769356800000,0.33420000,0.33420000,0.31660000,0.31890000,5284330.60000000,1721163.27245000
1769371200000,0.31890000,0.32430000,0.31790000,0.32260000,2116378.30000000,679987.14310000
1769385600000,0.32280000,0.33100000,0.32180000,0.32570000,2077097.70000000,680309.54791000
1769400000000,0.32580000,0.33160000,0.32580000,0.33080000,1720485.90000000,565864.27229000
1769414400000,0.33090000,0.33410000,0.32690000,0.32990000,1587946.30000000,524373.89353000
1769428800000,0.32980000,0.33810000,0.32790000,0.33250000,2617923.50000000,868944.26053000
1769443200000,0.33250000,0.33930000,0.33170000,0.33410000,4006032.50000000,1344798.19990000
1769457600000,0.33400000,0.33770000,0.33170000,0.33190000,1385684.50000000,463319.70445000
1769472000000,0.33190000,0.33740000,0.33050000,0.33610000,1563099.80000000,522973.94066000
1769486400000,0.33600000,0.33780000,0.33340000,0.33450000,762819.00000000,255427.54675000
1769500800000,0.33440000,0.33530000,0.33110000,0.33200000,1139093.70000000,378978.81855000
1769515200000,0.33200000,0.33350000,0.32740000,0.33000000,1818724.20000000,599761.29816000
1769529600000,0.33000000,0.33550000,0.32380000,0.33140000,2898571.80000000,956269.88391000
1769544000000,0.33150000,0.34210000,0.33110000,0.34080000,4262189.90000000,1442847.48371000
1769558400000,0.34080000,0.34140000,0.33660000,0.33780000,1383481.30000000,469168.60743000
1769572800000,0.33770000,0.34210000,0.33590000,0.34070000,4478802.40000000,1522973.07632000
1769587200000,0.34070000,0.34800000,0.33810000,0.34750000,1602410.40000000,549585.08397000
1769601600000,0.34750000,0.35300000,0.33500000,0.33650000,14430934.00000000,4948887.99679000
1769616000000,0.33650000,0.34320000,0.33450000,0.34150000,2182586.60000000,740577.35495000
1769630400000,0.34140000,0.35040000,0.33790000,0.34630000,2494735.40000000,857266.46590000
1769644800000,0.34630000,0.34710000,0.33160000,0.33530000,2295190.30000000,777225.53493000
1769659200000,0.33520000,0.33620000,0.33230000,0.33420000,1641345.80000000,548737.26956000
1769673600000,0.33420000,0.33480000,0.32770000,0.32950000,2982086.90000000,987699.70541000
1769688000000,0.32940000,0.33270000,0.28500000,0.31730000,8440000.40000000,2673843.20094000
1769702400000,0.31730000,0.32330000,0.30660000,0.30950000,7247146.40000000,2272145.37261000
1769716800000,0.30950000,0.31690000,0.30850000,0.31510000,2313518.20000000,727170.48859000
1769731200000,0.31530000,0.31820000,0.30170000,0.30620000,6257701.50000000,1936591.31217000
1769745600000,0.30620000,0.31390000,0.30350000,0.31060000,3653032.30000000,1132505.42087000
1769760000000,0.31060000,0.31490000,0.30480000,0.31340000,1628803.30000000,503018.93948000
1769774400000,0.31340000,0.31470000,0.30710000,0.31200000,3330619.70000000,1035803.71497000
1769788800000,0.31200000,0.32040000,0.30330000,0.31740000,4291508.70000000,1346300.20463000
1769803200000,0.31740000,0.31740000,0.30980000,0.31160000,2563766.40000000,801465.46055000
1769817600000,0.31170000,0.31220000,0.30920000,0.31110000,876111.00000000,272444.76881000
1769832000000,0.31110000,0.31480000,0.30640000,0.30720000,2435224.40000000,757704.45432000
1769846400000,0.30730000,0.30760000,0.29870000,0.30090000,3255231.00000000,982966.61613000
1769860800000,0.30100000,0.30170000,0.28190000,0.28840000,8398413.20000000,2440054.67960000
1769875200000,0.28840000,0.29290000,0.25600000,0.27710000,20129267.70000000,5529110.61758000
1769889600000,0.27710000,0.29040000,0.27310000,0.28780000,4132451.60000000,1159796.33887000
1769904000000,0.28770000,0.29080000,0.28390000,0.29000000,2887633.80000000,831938.91893000
1769918400000,0.29010000,0.29130000,0.28700000,0.28930000,2046332.20000000,591899.64770000
1769932800000,0.28940000,0.29220000,0.28430000,0.28660000,2715152.10000000,783385.66611000
1769947200000,0.28670000,0.28720000,0.27250000,0.27630000,6093933.10000000,1707859.01302000
1769961600000,0.27620000,0.28480000,0.27350000,0.27770000,5053467.50000000,1407164.55258000
1769976000000,0.27760000,0.28090000,0.26840000,0.27490000,5211646.90000000,1436036.01620000
1769990400000,0.27500000,0.28300000,0.26450000,0.27560000,5702666.90000000,1567115.92968000
1770004800000,0.27570000,0.27900000,0.26480000,0.27370000,6962714.20000000,1893387.86341000
1770019200000,0.27380000,0.28090000,0.27330000,0.27880000,4347198.30000000,1209129.30557000
1770033600000,0.27880000,0.28950000,0.27880000,0.28760000,5073175.90000000,1443373.23669000
1770048000000,0.28760000,0.28850000,0.28290000,0.28340000,3133504.40000000,895276.27953000
1770062400000,0.28330000,0.28540000,0.28120000,0.28430000,1193814.80000000,338790.15709000
1770076800000,0.28430000,0.28470000,0.27660000,0.28240000,2482351.50000000,695651.72123000
1770091200000,0.28220000,0.28520000,0.27970000,0.28350000,1880714.40000000,531147.71532000
1770105600000,0.28350000,0.28540000,0.27880000,0.28130000,2471455.60000000,696276.54272000
1770120000000,0.28130000,0.29680000,0.27990000,0.29610000,13202985.50000000,3792087.60060000
1770134400000,0.29620000,0.29630000,0.26820000,0.28230000,11586036.20000000,3235765.93173000
1770148800000,0.28220000,0.29500000,0.27700000,0.27890000,5866192.20000000,1682098.19188000
1770163200000,0.27870000,0.28680000,0.27640000,0.28450000,4595517.80000000,1298124.24627000
1770177600000,0.28450000,0.28640000,0.28210000,0.28500000,2331946.30000000,662968.50710000
1770192000000,0.28510000,0.28570000,0.27650000,0.28030000,2198852.20000000,616764.64339000
1770206400000,0.28040000,0.28110000,0.26640000,0.26970000,6019289.30000000,1644034.78177000
1770220800000,0.26970000,0.27760000,0.26350000,0.27710000,6853161.70000000,1842112.56603000
1770235200000,0.27720000,0.27730000,0.26490000,0.27000000,3638692.80000000,985222.92580000
1770249600000,0.27010000,0.27340000,0.26360000,0.26420000,3478577.40000000,933046.67065000
1770264000000,0.26430000,0.26800000,0.26000000,0.26070000,4671005.30000000,1229132.41218000
1770278400000,0.26080000,0.26490000,0.24980000,0.25260000,4085055.80000000,1047970.92792000
1770292800000,0.25270000,0.25810000,0.23570000,0.24220000,12240282.70000000,3010419.15130000
1770307200000,0.24230000,0.24710000,0.23230000,0.23310000,9976387.80000000,2389107.43627000
1770321600000,0.23310000,0.23520000,0.22120000,0.22510000,17619967.70000000,3996602.52655000
1770336000000,0.22510000,0.23340000,0.20180000,0.22940000,22672570.60000000,4926873.50172000
1770350400000,0.22950000,0.23990000,0.22860000,0.23230000,4731324.70000000,1108365.15085000
1770364800000,0.23230000,0.24710000,0.23060000,0.24500000,12300940.00000000,2968556.34803000
1770379200000,0.24480000,0.26040000,0.24270000,0.25490000,18599858.60000000,4695909.65930000
1770393600000,0.25500000,0.26980000,0.25380000,0.25900000,13392042.40000000,3501485.39397000
1770408000000,0.25890000,0.26240000,0.25610000,0.25820000,2560017.00000000,663038.57869000
1770422400000,0.25820000,0.25840000,0.25260000,0.25670000,3385676.70000000,864638.80345000
1770436800000,0.25660000,0.26110000,0.24640000,0.24960000,9028090.80000000,2291421.12241000
1770451200000,0.24960000,0.25160000,0.24760000,0.24950000,3134623.50000000,783023.67145000
1770465600000,0.24940000,0.25860000,0.24910000,0.25670000,5056012.30000000,1287579.71005000
1770480000000,0.25670000,0.26370000,0.25540000,0.26170000,10690877.80000000,2777207.29559000
1770494400000,0.26170000,0.26870000,0.26080000,0.26250000,3022972.00000000,799667.04258000
1770508800000,0.26260000,0.26300000,0.25850000,0.25890000,2418621.60000000,629776.70644000
1770523200000,0.25890000,0.26050000,0.25690000,0.25900000,3958952.60000000,1023468.20376000
1770537600000,0.25900000,0.26420000,0.25830000,0.26270000,4416148.50000000,1155325.16137000
1770552000000,0.26270000,0.26340000,0.25870000,0.25990000,4422656.30000000,1153796.18980000
1770566400000,0.25990000,0.26100000,0.25350000,0.26080000,1559652.90000000,401887.69944000
1770580800000,0.26080000,0.26440000,0.25530000,0.25790000,1490764.50000000,385439.04904000
1770595200000,0.25780000,0.25870000,0.25290000,0.25830000,6689902.70000000,1704936.74942000
1770609600000,0.25820000,0.25820000,0.24750000,0.24770000,15805949.20000000,3975511.10237000
1770624000000,0.24780000,0.24850000,0.24050000,0.24290000,7084884.40000000,1735022.89794000
1770638400000,0.24300000,0.25010000,0.24070000,0.24900000,3652228.40000000,895369.19323000
1770652800000,0.24920000,0.25580000,0.24700000,0.25320000,2591932.20000000,654634.01662000
1770667200000,0.25300000,0.25430000,0.24850000,0.25060000,1525128.80000000,383754.13113000
1770681600000,0.25060000,0.25390000,0.24650000,0.24880000,2064846.00000000,516759.53094000
1770696000000,0.24870000,0.25040000,0.24300000,0.24540000,2849005.60000000,702617.80510000
1770710400000,0.24540000,0.24760000,0.24480000,0.24490000,1293651.70000000,318368.70220000
1770724800000,0.24500000,0.24880000,0.24370000,0.24740000,2750544.90000000,677566.80644000
1770739200000,0.24730000,0.25160000,0.24380000,0.24630000,2490033.90000000,617685.89861000
1770753600000,0.24620000,0.24790000,0.24480000,0.24760000,1053149.40000000,259619.28707000
1770768000000,0.24770000,0.25070000,0.24550000,0.24840000,1676577.20000000,416702.70795000
1770782400000,0.24830000,0.24860000,0.23930000,0.24010000,3670188.60000000,890976.73684000
1770796800000,0.24000000,0.24040000,0.23740000,0.23990000,1732751.60000000,413799.37003000
1770811200000,0.24000000,0.25160000,0.23540000,0.23830000,5791231.90000000,1402758.56928000
1770825600000,0.23840000,0.24500000,0.23650000,0.24290000,3380153.80000000,812749.48422000
1770840000000,0.24280000,0.24790000,0.23970000,0.24130000,2591631.90000000,631433.42590000
1770854400000,0.24140000,0.24750000,0.24140000,0.24610000,1591569.10000000,390205.80407000
1770868800000,0.24610000,0.25110000,0.24440000,0.25100000,1440635.10000000,356274.73266000
1770883200000,0.25110000,0.26000000,0.24940000,0.25720000,2263212.90000000,576853.05370000
1770897600000,0.25720000,0.25780000,0.24910000,0.24940000,3228018.40000000,819187.59134000
1770912000000,0.24950000,0.25230000,0.24280000,0.24810000,3670337.30000000,904789.08398000
1770926400000,0.24820000,0.25220000,0.24470000,0.25130000,1352795.30000000,335523.38632000
1770940800000,0.25120000,0.25250000,0.24720000,0.24880000,1241910.10000000,309327.85972000
1770955200000,0.24880000,0.25060000,0.24600000,0.24890000,947509.50000000,235014.27749000
1770969600000,0.24880000,0.25560000,0.24850000,0.25400000,1396000.90000000,353866.89971000
1770984000000,0.25400000,0.26500000,0.25210000,0.26010000,2882971.00000000,743702.86065000
1770998400000,0.26020000,0.26580000,0.25900000,0.26300000,1872939.10000000,492836.84012000
1771012800000,0.26300000,0.26540000,0.26230000,0.26340000,1372247.20000000,361920.15399000
1771027200000,0.26340000,0.27280000,0.26340000,0.27250000,3189598.30000000,860669.89723000
1771041600000,0.27240000,0.27630000,0.26940000,0.27370000,2429788.20000000,664259.26519000
1771056000000,0.27390000,0.28360000,0.27390000,0.28300000,4140646.90000000,1157414.37338000
1771070400000,0.28310000,0.28560000,0.27770000,0.28550000,3682183.70000000,1036095.02608000
1771084800000,0.28550000,0.29560000,0.28080000,0.29460000,2442922.10000000,702424.02992000
1771099200000,0.29460000,0.29770000,0.29070000,0.29440000,4178630.70000000,1229607.15581000
1771113600000,0.29430000,0.29790000,0.28570000,0.29100000,4275020.60000000,1245595.42694000
1771128000000,0.29110000,0.29680000,0.29070000,0.29200000,2936372.00000000,860155.28325000
1771142400000,0.29200000,0.29220000,0.28400000,0.28600000,1809801.10000000,518936.15833000
1771156800000,0.28610000,0.28670000,0.27580000,0.28080000,2878418.00000000,806534.67817000
1771171200000,0.28080000,0.28080000,0.26980000,0.27180000,2922236.80000000,801131.11993000
1771185600000,0.27170000,0.27690000,0.27060000,0.27570000,1451675.90000000,397839.21342000
1771200000000,0.27560000,0.27800000,0.27370000,0.27530000,1411514.10000000,389338.53116000
1771214400000,0.27530000,0.27870000,0.27290000,0.27480000,875446.70000000,241215.02898000
1771228800000,0.27480000,0.27920000,0.27200000,0.27530000,1224190.50000000,338491.64821000
1771243200000,0.27540000,0.28250000,0.26860000,0.27060000,2973144.00000000,817742.61279000
1771257600000,0.27060000,0.27570000,0.27040000,0.27430000,898420.30000000,245703.65626000
1771272000000,0.27440000,0.27900000,0.27340000,0.27850000,879438.70000000,243845.91945000
1771286400000,0.27850000,0.27900000,0.27460000,0.27700000,659209.60000000,182706.43040000
1771300800000,0.27690000,0.27880000,0.27390000,0.27630000,432739.20000000,119599.22466000
1771315200000,0.27630000,0.27730000,0.27260000,0.27430000,753034.60000000,206839.05202000
1771329600000,0.27420000,0.27860000,0.26990000,0.27440000,1939539.40000000,531104.81391000
1771344000000,0.27450000,0.28080000,0.27190000,0.27510000,2129680.30000000,587493.63505000
1771358400000,0.27510000,0.27640000,0.27340000,0.27460000,804039.20000000,220942.86971000
1771372800000,0.27460000,0.27620000,0.27160000,0.27580000,673791.50000000,184584.86263000
1771387200000,0.27580000,0.27930000,0.27490000,0.27820000,766993.60000000,211954.51952000
1771401600000,0.27830000,0.27950000,0.27120000,0.27180000,872887.70000000,240885.32676000
1771416000000,0.27180000,0.27790000,0.26940000,0.27440000,1534803.80000000,419058.22765000
1771430400000,0.27430000,0.27440000,0.26370000,0.26530000,1859025.40000000,500792.72923000
1771444800000,0.26520000,0.26710000,0.26290000,0.26470000,2512843.60000000,666721.20715000
1771459200000,0.26490000,0.26810000,0.26310000,0.26790000,1242634.00000000,331331.78701000
1771473600000,0.26780000,0.26870000,0.26520000,0.26740000,495502.40000000,132324.48493000
1771488000000,0.26740000,0.26740000,0.26040000,0.26080000,2106619.20000000,553379.18398000
1771502400000,0.26080000,0.26090000,0.25560000,0.25750000,2069852.20000000,535145.47721000
1771516800000,0.25740000,0.26130000,0.25430000,0.26040000,1273900.20000000,329147.07843000
1771531200000,0.26040000,0.26210000,0.25890000,0.26200000,640755.70000000,166827.88825000
1771545600000,0.26190000,0.26460000,0.26140000,0.26270000,792464.30000000,208753.10374000
1771560000000,0.26270000,0.26470000,0.25980000,0.26300000,910231.40000000,238881.02868000
1771574400000,0.26290000,0.26720000,0.26220000,0.26310000,1345066.00000000,356441.10065000
1771588800000,0.26310000,0.27000000,0.25630000,0.26990000,2957063.90000000,779423.10962000
1771603200000,0.27000000,0.27240000,0.26270000,0.26720000,3686984.30000000,989297.79519000
1771617600000,0.26710000,0.26860000,0.26550000,0.26760000,1446025.50000000,386722.16042000
1771632000000,0.26760000,0.26930000,0.26580000,0.26780000,845754.70000000,226094.41163000
1771646400000,0.26760000,0.26920000,0.26650000,0.26790000,640010.20000000,171226.22190000
1771660800000,0.26790000,0.27350000,0.26760000,0.27200000,1599126.10000000,433965.39884000
1771675200000,0.27210000,0.27500000,0.26960000,0.27190000,1638194.10000000,446177.63354000
1771689600000,0.27190000,0.27200000,0.26850000,0.26950000,996327.50000000,268956.50523000
1771704000000,0.26940000,0.27020000,0.26660000,0.26720000,1791542.30000000,480063.56428000
1771718400000,0.26710000,0.26760000,0.26240000,0.26440000,1767789.60000000,469029.40197000
1771732800000,0.26430000,0.26550000,0.26230000,0.26290000,1127225.20000000,297698.35481000
1771747200000,0.26290000,0.26630000,0.25970000,0.26540000,2221920.80000000,584610.25581000
1771761600000,0.26540000,0.26570000,0.25940000,0.26150000,1445480.70000000,378935.17630000
1771776000000,0.26140000,0.26150000,0.25890000,0.25960000,819963.20000000,213352.37420000
1771790400000,0.25950000,0.26270000,0.25910000,0.26250000,1017350.90000000,265761.41217000
1771804800000,0.26250000,0.26300000,0.24680000,0.24970000,4287956.50000000,1081037.27262000
1771819200000,0.24980000,0.25470000,0.24780000,0.25310000,1735618.90000000,437494.20750000
1771833600000,0.25310000,0.25860000,0.25100000,0.25580000,2490028.30000000,634591.36690000
1771848000000,0.25570000,0.26030000,0.25170000,0.25220000,2527554.10000000,645731.02708000
1771862400000,0.25210000,0.25340000,0.24590000,0.24720000,2512956.50000000,627197.93605000
1771876800000,0.24710000,0.25130000,0.24580000,0.24870000,1482296.70000000,369472.59478000
1771891200000,0.24870000,0.25060000,0.24380000,0.24520000,2869283.70000000,709747.28906000
1771905600000,0.24530000,0.24660000,0.24330000,0.24470000,1295463.80000000,317088.36296000
1771920000000,0.24460000,0.24590000,0.24250000,0.24350000,917714.20000000,223624.23174000
1771934400000,0.24360000,0.25130000,0.24180000,0.24800000,10204432.80000000,2512993.38903000
1771948800000,0.24800000,0.25200000,0.24790000,0.25000000,4596336.60000000,1150441.51568000
1771963200000,0.24990000,0.25040000,0.24590000,0.24640000,1646200.00000000,407374.68319000
1771977600000,0.24650000,0.25860000,0.24560000,0.25340000,4471507.20000000,1137832.52209000
1771992000000,0.25340000,0.25480000,0.24930000,0.25340000,1709471.70000000,431895.39837000
1772006400000,0.25330000,0.25770000,0.25260000,0.25720000,1473404.60000000,377121.29700000
1772020800000,0.25730000,0.27230000,0.25680000,0.27150000,3783216.00000000,1003538.21458000
1772035200000,0.27160000,0.28500000,0.27060000,0.28460000,6478933.70000000,1791508.31776000
1772049600000,0.28460000,0.29220000,0.27270000,0.27570000,8257252.30000000,2344931.23234000
1772064000000,0.27570000,0.27740000,0.27220000,0.27440000,4707630.00000000,1295149.56028000
1772078400000,0.27430000,0.27730000,0.26960000,0.27060000,3857590.80000000,1055452.18513000
1772092800000,0.27060000,0.27590000,0.26870000,0.26980000,2399870.70000000,654618.00369000
1772107200000,0.26990000,0.27280000,0.26540000,0.26880000,3523297.30000000,948194.69634000
1772121600000,0.26890000,0.26910000,0.25820000,0.26550000,4447341.60000000,1168813.46671000
1772136000000,0.26540000,0.26670000,0.26360000,0.26600000,971508.80000000,258102.05315000
1772150400000,0.26600000,0.26790000,0.26300000,0.26750000,910100.90000000,241109.80066000
1772164800000,0.26740000,0.27270000,0.26740000,0.27130000,1639040.40000000,442742.43628000
1772179200000,0.27120000,0.27340000,0.26080000,0.26170000,2405123.50000000,642358.15482000
1772193600000,0.26170000,0.26340000,0.25790000,0.25910000,2768643.20000000,720988.69900000
1772208000000,0.25900000,0.25930000,0.25450000,0.25490000,1695947.90000000,435388.71488000
1772222400000,0.25490000,0.25740000,0.25190000,0.25690000,2815774.80000000,720682.97361000
1772236800000,0.25690000,0.25870000,0.25600000,0.25620000,768127.10000000,197743.97752000
1772251200000,0.25610000,0.25620000,0.24130000,0.24510000,4754937.90000000,1176752.41854000
1772265600000,0.24510000,0.24510000,0.23980000,0.24050000,2562159.50000000,620400.36700000
1772280000000,0.24070000,0.24960000,0.24000000,0.24710000,3990212.00000000,979512.19898000
1772294400000,0.24710000,0.25910000,0.24560000,0.25730000,4755640.60000000,1191375.12743000
1772308800000,0.25730000,0.26510000,0.25660000,0.26140000,2834490.50000000,739857.45991000
1772323200000,0.26130000,0.27270000,0.25730000,0.26620000,3389795.00000000,904643.30216000
1772337600000,0.26620000,0.26720000,0.26190000,0.26380000,3339382.20000000,881779.54899000
1772352000000,0.26390000,0.26490000,0.25680000,0.25820000,1985672.10000000,516321.08318000
1772366400000,0.25820000,0.26360000,0.25530000,0.25890000,2880349.60000000,747502.70140000
1772380800000,0.25900000,0.26130000,0.25140000,0.25180000,4352514.20000000,1118180.79153000
1772395200000,0.25170000,0.25580000,0.24750000,0.25190000,3262301.70000000,820882.87757000
1772409600000,0.25200000,0.25870000,0.25190000,0.25600000,2182736.00000000,555720.60007000
1772424000000,0.25610000,0.25660000,0.24940000,0.25160000,1880441.40000000,478104.21638000
1772438400000,0.25150000,0.25480000,0.24960000,0.25260000,2347318.00000000,592559.12011000
1772452800000,0.25250000,0.26740000,0.24960000,0.26530000,3838750.70000000,991293.74543000
1772467200000,0.26540000,0.27090000,0.25980000,0.26180000,4946590.80000000,1311963.35048000
1772481600000,0.26190000,0.26350000,0.25700000,0.25780000,2539705.80000000,660058.19212000
1772496000000,0.25790000,0.25870000,0.25380000,0.25660000,1409679.00000000,361851.39874000
1772510400000,0.25660000,0.25780000,0.25350000,0.25540000,1248042.70000000,318652.51956000
1772524800000,0.25540000,0.25630000,0.24860000,0.25030000,2621030.70000000,657240.34156000
1772539200000,0.25040000,0.25470000,0.24740000,0.25260000,2715659.90000000,680320.57951000
1772553600000,0.25260000,0.25910000,0.25110000,0.25480000,2619365.00000000,668777.60867000
1772568000000,0.25490000,0.25750000,0.25090000,0.25580000,2290128.20000000,584534.04403000
1772582400000,0.25580000,0.25910000,0.25250000,0.25570000,3348058.20000000,855602.45127000
1772596800000,0.25570000,0.26020000,0.25320000,0.25900000,2090383.50000000,534616.29381000
1772611200000,0.25900000,0.27360000,0.25780000,0.26600000,7725635.00000000,2061190.99832000
1772625600000,0.26600000,0.27710000,0.26270000,0.27690000,9379089.60000000,2522115.08701000
1772640000000,0.27680000,0.27830000,0.27130000,0.27440000,5670752.70000000,1558698.12993000
1772654400000,0.27450000,0.27500000,0.26690000,0.26920000,3424727.90000000,928690.74005000
1772668800000,0.26910000,0.27070000,0.26530000,0.26670000,1773072.10000000,474616.37656000
1772683200000,0.26670000,0.26890000,0.26380000,0.26500000,2484738.80000000,662961.53037000
1772697600000,0.26500000,0.27300000,0.26390000,0.26940000,3405405.60000000,914566.91852000
1772712000000,0.26950000,0.27180000,0.26330000,0.26470000,4250107.20000000,1136789.89984000
1772726400000,0.26470000,0.26570000,0.25920000,0.26360000,3769720.40000000,986694.00935000
1772740800000,0.26350000,0.26760000,0.26330000,0.26490000,1453535.60000000,386215.08035000
1772755200000,0.26500000,0.26940000,0.26330000,0.26910000,1908552.20000000,508421.57861000
1772769600000,0.26920000,0.26980000,0.26590000,0.26870000,1540215.30000000,412393.06386000
1772784000000,0.26860000,0.26860000,0.26170000,0.26190000,2017847.60000000,533648.67519000
1772798400000,0.26190000,0.26330000,0.25240000,0.25340000,5643037.60000000,1454899.04101000
1772812800000,0.25330000,0.25640000,0.25120000,0.25440000,3633745.50000000,920764.48017000
1772827200000,0.25430000,0.25650000,0.25320000,0.25560000,958151.40000000,244373.60033000
1772841600000,0.25560000,0.25620000,0.25290000,0.25300000,1735843.20000000,441876.54956000
1772856000000,0.25310000,0.25370000,0.25070000,0.25220000,1282848.90000000,323710.11697000
1772870400000,0.25210000,0.25460000,0.25120000,0.25320000,1083196.80000000,273853.82138000
1772884800000,0.25320000,0.25330000,0.24910000,0.25050000,3214282.60000000,807860.53347000
1772899200000,0.25040000,0.25200000,0.24770000,0.24860000,2060188.80000000,514924.16254000
1772913600000,0.24860000,0.24990000,0.24680000,0.24910000,1502039.90000000,373691.28960000
1772928000000,0.24910000,0.24980000,0.24410000,0.24520000,2267037.00000000,559971.08272000
1772942400000,0.24510000,0.24740000,0.24360000,0.24660000,1348814.20000000,331197.17474000
1772956800000,0.24660000,0.25160000,0.24570000,0.24830000,2144203.60000000,532278.14833000
1772971200000,0.24830000,0.24970000,0.24410000,0.24550000,1528647.80000000,376616.56774000
1772985600000,0.24540000,0.24900000,0.24350000,0.24760000,1771687.00000000,434821.96816000
1773000000000,0.24770000,0.24880000,0.24090000,0.24370000,2383858.60000000,583505.78351000
1773014400000,0.24370000,0.25100000,0.24350000,0.24800000,1948387.60000000,480768.72508000
1773028800000,0.24800000,0.25300000,0.24630000,0.24850000,2658755.70000000,664384.98103000
1773043200000,0.24860000,0.25270000,0.24700000,0.24900000,1848932.00000000,461802.29005000
1773057600000,0.24900000,0.25480000,0.24900000,0.25120000,3692748.70000000,931564.11110000
1773072000000,0.25120000,0.25860000,0.24950000,0.25410000,3295770.70000000,832675.64783000
1773086400000,0.25410000,0.25570000,0.25020000,0.25080000,1925597.50000000,487623.03354000
1773100800000,0.25080000,0.25900000,0.25060000,0.25430000,1586802.40000000,405221.84558000
1773115200000,0.25440000,0.25730000,0.25340000,0.25690000,1555098.20000000,397609.51606000
1773129600000,0.25700000,0.26200000,0.25690000,0.25940000,3142992.80000000,817282.78410000
1773144000000,0.25950000,0.26590000,0.25420000,0.26310000,4107530.80000000,1070138.71636000
1773158400000,0.26320000,0.26540000,0.25440000,0.25520000,3451457.10000000,899838.59018000
1773172800000,0.25520000,0.25690000,0.25280000,0.25540000,1245297.10000000,317433.32895000
1773187200000,0.25540000,0.25560000,0.25230000,0.25360000,1234070.80000000,313254.22597000
1773201600000,0.25350000,0.25540000,0.25160000,0.25300000,964355.70000000,244648.77750000
1773216000000,0.25300000,0.25470000,0.25220000,0.25300000,1546419.80000000,391392.14823000
1773230400000,0.25310000,0.26220000,0.25230000,0.25670000,3238281.30000000,833386.31663000
1773244800000,0.25670000,0.25990000,0.25560000,0.25800000,2068678.20000000,532717.91949000
1773259200000,0.25790000,0.25900000,0.25520000,0.25560000,1302625.00000000,334989.74202000
1773273600000,0.25570000,0.25590000,0.25140000,0.25230000,1020670.00000000,258650.31954000
1773288000000,0.25230000,0.25470000,0.25080000,0.25450000,1096752.00000000,277310.95925000
1773302400000,0.25450000,0.25790000,0.25290000,0.25650000,2099876.40000000,537372.99867000
1773316800000,0.25660000,0.25820000,0.25190000,0.25590000,2048864.10000000,523144.76965000
1773331200000,0.25590000,0.25980000,0.25450000,0.25900000,1807686.20000000,464958.27718000
1773345600000,0.25910000,0.26070000,0.25700000,0.25940000,1738577.20000000,449574.53180000
1773360000000,0.25950000,0.26770000,0.25880000,0.26710000,4088410.50000000,1082613.81402000
1773374400000,0.26690000,0.26920000,0.26500000,0.26700000,2847725.70000000,759600.28639000
1773388800000,0.26690000,0.27090000,0.26540000,0.26930000,3182160.10000000,856282.75984000
1773403200000,0.26930000,0.27760000,0.26740000,0.26830000,8513235.70000000,2324761.55506000
1773417600000,0.26840000,0.26980000,0.26340000,0.26570000,3396759.30000000,904874.48250000
1773432000000,0.26560000,0.26680000,0.26110000,0.26320000,1913703.60000000,504980.24035000
1773446400000,0.26310000,0.26480000,0.26140000,0.26420000,1260914.70000000,331695.86339000
1773460800000,0.26420000,0.26570000,0.25900000,0.25950000,1910510.50000000,500797.30164000
1773475200000,0.25940000,0.26080000,0.25750000,0.26080000,971579.30000000,251760.87707000
1773489600000,0.26060000,0.26120000,0.25810000,0.25910000,1749347.20000000,454231.10317000
1773504000000,0.25900000,0.26050000,0.25830000,0.25830000,1079655.90000000,280249.84036000
1773518400000,0.25840000,0.26290000,0.25810000,0.26270000,1272519.20000000,331250.57750000
1773532800000,0.26270000,0.26650000,0.26050000,0.26480000,2059095.20000000,542710.18933000
1773547200000,0.26490000,0.26660000,0.26280000,0.26390000,2043898.30000000,540644.30142000
1773561600000,0.26400000,0.26700000,0.26400000,0.26680000,1372423.50000000,364555.56293000
1773576000000,0.26690000,0.26700000,0.26280000,0.26410000,2141780.40000000,567111.80359000
1773590400000,0.26410000,0.26730000,0.26380000,0.26620000,1435309.50000000,380911.16518000
1773604800000,0.26630000,0.27250000,0.26530000,0.27030000,3022397.90000000,814452.05066000
1773619200000,0.27040000,0.27800000,0.26890000,0.27520000,4228768.70000000,1155065.70732000
1773633600000,0.27530000,0.28300000,0.27530000,0.28150000,4534598.40000000,1267274.26603000
1773648000000,0.28160000,0.28410000,0.27780000,0.27990000,4081391.20000000,1144672.57279000
1773662400000,0.27990000,0.28490000,0.27770000,0.27950000,5151273.00000000,1448579.15139000
1773676800000,0.27950000,0.28760000,0.27950000,0.28510000,4074659.50000000,1159789.60087000
1773691200000,0.28520000,0.29130000,0.28440000,0.28920000,3878102.60000000,1117596.49597000
1773705600000,0.28930000,0.29170000,0.28230000,0.28360000,6043982.70000000,1740165.36853000
1773720000000,0.28360000,0.28450000,0.27930000,0.28280000,2924663.30000000,823426.24547000
1773734400000,0.28280000,0.28400000,0.28040000,0.28100000,2601469.30000000,733247.84372000
1773748800000,0.28090000,0.28270000,0.27800000,0.28030000,3395987.20000000,950208.30842000
1773763200000,0.28040000,0.28340000,0.27970000,0.28100000,1371440.80000000,386322.69318000
1773777600000,0.28100000,0.28530000,0.28080000,0.28120000,1233287.00000000,348731.62448000
1773792000000,0.28110000,0.28560000,0.27840000,0.28390000,1696820.70000000,479217.08875000
1773806400000,0.28400000,0.28500000,0.27960000,0.28050000,913893.30000000,257662.25550000
1773820800000,0.28070000,0.28230000,0.27190000,0.27320000,2403528.20000000,665181.46704000
1773835200000,0.27310000,0.27340000,0.26230000,0.26470000,4509856.60000000,1209777.46774000
1773849600000,0.26460000,0.26850000,0.26180000,0.26440000,2974510.90000000,787692.86356000
1773864000000,0.26440000,0.26800000,0.26190000,0.26720000,2283294.50000000,606000.59076000
1773878400000,0.26730000,0.26920000,0.26460000,0.26690000,1157719.70000000,308800.00340000
1773892800000,0.26680000,0.26710000,0.25920000,0.26100000,3233207.00000000,849875.29912000
1773907200000,0.26110000,0.26350000,0.26010000,0.26020000,2055347.90000000,537408.56275000
1773921600000,0.26010000,0.26010000,0.25380000,0.25610000,2900605.40000000,745197.26057000
1773936000000,0.25610000,0.25810000,0.25280000,0.25600000,2414116.50000000,614819.52968000
1773950400000,0.25600000,0.25870000,0.25560000,0.25770000,1883423.50000000,485113.44795000
1773964800000,0.25780000,0.26090000,0.25730000,0.26030000,2139898.30000000,554530.08097000
1773979200000,0.26030000,0.26290000,0.25890000,0.26160000,1795047.40000000,468537.94604000
1773993600000,0.26160000,0.26430000,0.25860000,0.26060000,5540420.10000000,1445190.68893000
1774008000000,0.26060000,0.26120000,0.25690000,0.25890000,2687514.10000000,695732.76392000
1774022400000,0.25900000,0.25940000,0.25550000,0.25780000,1582857.00000000,408414.36774000
1774036800000,0.25790000,0.26150000,0.25580000,0.26020000,1363878.70000000,353486.49308000
1774051200000,0.26030000,0.26150000,0.25980000,0.26030000,921099.00000000,239953.36984000
1774065600000,0.26030000,0.26200000,0.25990000,0.26090000,905312.80000000,236137.58420000
1774080000000,0.26080000,0.26200000,0.25850000,0.25860000,825136.70000000,214393.26600000
1774094400000,0.25860000,0.26130000,0.25800000,0.26130000,1252407.70000000,325296.02954000
1774108800000,0.26120000,0.26130000,0.25910000,0.25980000,870581.70000000,226377.04108000
1774123200000,0.25980000,0.26100000,0.25080000,0.25280000,2086917.20000000,533362.75315000
1774137600000,0.25250000,0.25630000,0.24860000,0.25430000,2614760.80000000,659396.23316000
1774152000000,0.25420000,0.25570000,0.25090000,0.25090000,1421272.40000000,360414.95850000
1774166400000,0.25090000,0.25130000,0.24710000,0.24740000,1823405.10000000,454224.76953000
1774180800000,0.24740000,0.25010000,0.24740000,0.24870000,1164708.90000000,289562.30073000
1774195200000,0.24860000,0.24880000,0.24520000,0.24600000,2277578.40000000,563082.92852000
1774209600000,0.24610000,0.24760000,0.24250000,0.24560000,3431522.10000000,841873.56534000
1774224000000,0.24570000,0.24850000,0.24450000,0.24630000,1716150.80000000,423005.90041000
1774238400000,0.24630000,0.24890000,0.24280000,0.24420000,2004548.90000000,492168.64369000
1774252800000,0.24440000,0.25880000,0.24190000,0.25250000,8762134.70000000,2208455.76751000
1774267200000,0.25260000,0.26030000,0.25080000,0.25300000,5327008.60000000,1362720.95608000
1774281600000,0.25310000,0.25530000,0.25000000,0.25030000,2679700.80000000,678313.67580000
1774296000000,0.25020000,0.25450000,0.24970000,0.25420000,1351856.20000000,341601.83758000
1774310400000,0.25420000,0.25500000,0.25120000,0.25310000,2135411.70000000,539791.31412000
1774324800000,0.25310000,0.25780000,0.25140000,0.25750000,1601389.90000000,407090.18713000
1774339200000,0.25760000,0.26760000,0.25440000,0.25770000,7668022.90000000,1989511.94172000
1774353600000,0.25780000,0.26030000,0.25170000,0.25270000,8462714.70000000,2165892.32053000
1774368000000,0.25270000,0.25410000,0.24810000,0.24880000,5776238.10000000,1444820.49006000
1774382400000,0.24880000,0.25730000,0.24870000,0.25600000,3748616.20000000,954401.50190000
1774396800000,0.25610000,0.25760000,0.25330000,0.25540000,2936956.10000000,751290.36620000
1774411200000,0.25530000,0.26130000,0.25460000,0.25990000,5056318.70000000,1305625.72044000
1774425600000,0.26000000,0.26300000,0.26000000,0.26220000,3326677.40000000,869325.26209000
1774440000000,0.26220000,0.26350000,0.25750000,0.25800000,4967180.30000000,1292648.43038000
1774454400000,0.25800000,0.26320000,0.25690000,0.26270000,5418705.10000000,1412877.20116000
1774468800000,0.26280000,0.26760000,0.25980000,0.26540000,3568010.80000000,943265.75146000
1774483200000,0.26540000,0.27390000,0.26540000,0.26920000,7716113.00000000,2079757.95056000
1774497600000,0.26920000,0.27000000,0.25990000,0.26380000,8784438.60000000,2318079.80267000
1774512000000,0.26390000,0.26410000,0.25520000,0.25550000,5978028.90000000,1543505.72453000
1774526400000,0.25540000,0.26550000,0.25420000,0.26300000,6637194.20000000,1735233.69831000
1774540800000,0.26300000,0.26450000,0.25770000,0.25880000,9183085.70000000,2392463.56795000
1774555200000,0.25880000,0.27030000,0.25800000,0.26910000,7130541.00000000,1896009.87260000
1774569600000,0.26920000,0.29000000,0.26870000,0.28030000,19036880.90000000,5335009.53519000
1774584000000,0.28040000,0.29140000,0.27670000,0.28070000,21062588.10000000,6000813.78809000
1774598400000,0.28070000,0.28160000,0.26660000,0.26690000,20688003.50000000,5684157.58697000
1774612800000,0.26700000,0.26740000,0.25980000,0.26600000,8959775.70000000,2363226.04482000
1774627200000,0.26610000,0.27170000,0.26160000,0.27040000,10652829.20000000,2833464.64939000
1774641600000,0.27040000,0.27470000,0.26800000,0.26890000,9607095.00000000,2610333.35042000
1774656000000,0.26880000,0.27160000,0.26020000,0.26390000,8015230.60000000,2127556.56534000
1774670400000,0.26390000,0.26710000,0.26080000,0.26480000,9897254.70000000,2599134.75598000
1774684800000,0.26480000,0.26860000,0.26260000,0.26840000,5560346.50000000,1474488.46316000
1774699200000,0.26830000,0.27930000,0.26600000,0.27690000,9677822.90000000,2637103.39180000
1774713600000,0.27700000,0.27830000,0.27280000,0.27490000,3912161.90000000,1077545.47693000
1774728000000,0.27490000,0.27740000,0.26720000,0.26860000,4038690.60000000,1103040.61896000
1774742400000,0.26850000,0.27180000,0.26710000,0.27100000,3287004.60000000,885488.06201000
1774756800000,0.27090000,0.27170000,0.26790000,0.26840000,2840526.80000000,765751.02905000
1774771200000,0.26830000,0.27000000,0.26550000,0.26780000,2941805.50000000,786985.67667000
1774785600000,0.26770000,0.26820000,0.26200000,0.26280000,3278455.90000000,866528.96446000
1774800000000,0.26270000,0.26390000,0.25880000,0.25890000,2197161.10000000,573552.17665000
1774814400000,0.25890000,0.26150000,0.25150000,0.25760000,5528838.40000000,1423089.96655000
1774828800000,0.25770000,0.27110000,0.25720000,0.26900000,3841511.20000000,1019745.74947000
1774843200000,0.26910000,0.27170000,0.26700000,0.27060000,2608426.70000000,702787.78727000
1774857600000,0.27070000,0.27260000,0.26630000,0.26810000,3661901.10000000,985978.51342000
1774872000000,0.26810000,0.27210000,0.26420000,0.27040000,2782512.50000000,745509.51197000
1774886400000,0.27050000,0.27150000,0.26150000,0.26310000,2699369.80000000,721848.50765000
1774900800000,0.26320000,0.26820000,0.26140000,0.26200000,1863875.10000000,493424.11674000
1774915200000,0.26200000,0.26780000,0.26110000,0.26400000,2257917.70000000,596845.02120000
1774929600000,0.26410000,0.26450000,0.26000000,0.26140000,3093555.20000000,810761.69880000
1774944000000,0.26150000,0.26300000,0.25600000,0.25810000,2743965.60000000,709572.12212000
1774958400000,0.25820000,0.26750000,0.25710000,0.26240000,3785086.20000000,995317.04339000
1774972800000,0.26240000,0.27270000,0.26230000,0.27170000,4993364.70000000,1341905.96974000
1774987200000,0.27170000,0.28090000,0.27070000,0.27290000,5489555.50000000,1513033.13035000
1775001600000,0.27290000,0.27550000,0.27030000,0.27400000,3019812.00000000,824620.10470000
1775016000000,0.27390000,0.27920000,0.27300000,0.27430000,6354762.80000000,1751978.88920000
1775030400000,0.27440000,0.27510000,0.27150000,0.27370000,2505684.50000000,684939.20667000
1775044800000,0.27360000,0.27740000,0.26970000,0.27350000,4489760.50000000,1223869.19104000
1775059200000,0.27350000,0.27590000,0.26840000,0.27050000,2993344.90000000,813693.01625000
1775073600000,0.27060000,0.27220000,0.26890000,0.27020000,1410814.40000000,381427.53644000
1775088000000,0.27020000,0.27380000,0.25890000,0.26030000,4462834.90000000,1182883.82184000
1775102400000,0.26020000,0.26370000,0.25820000,0.26200000,2566845.00000000,668690.26229000
1775116800000,0.26190000,0.26310000,0.25650000,0.25720000,2792692.70000000,726405.71223000
1775131200000,0.25720000,0.26120000,0.25250000,0.25850000,3224484.20000000,828697.55893000
1775145600000,0.25850000,0.26140000,0.25670000,0.25810000,2713519.30000000,702098.14999000
1775160000000,0.25800000,0.25960000,0.25630000,0.25770000,2433620.40000000,626978.23009000
1775174400000,0.25780000,0.25960000,0.25660000,0.25880000,2294326.40000000,591705.40233000
1775188800000,0.25870000,0.26370000,0.25830000,0.26240000,2783755.90000000,726954.77345000
1775203200000,0.26220000,0.26450000,0.26070000,0.26160000,1957544.60000000,513974.78055000
1775217600000,0.26160000,0.26490000,0.25950000,0.25950000,2191868.00000000,572970.67232000
1775232000000,0.25950000,0.26200000,0.25880000,0.26000000,1304525.00000000,339776.17354000
1775246400000,0.26010000,0.26140000,0.25830000,0.25930000,705461.90000000,183525.81187000
1775260800000,0.25940000,0.25990000,0.25760000,0.25800000,595905.00000000,154171.00883000
1775275200000,0.25800000,0.25980000,0.25780000,0.25840000,571855.60000000,147935.75229000
1775289600000,0.25840000,0.25940000,0.25660000,0.25740000,919225.80000000,236785.25238000
1775304000000,0.25730000,0.25820000,0.25500000,0.25630000,1089550.40000000,279550.53297000
1775318400000,0.25630000,0.25910000,0.25500000,0.25650000,1313297.20000000,337196.04123000
1775332800000,0.25650000,0.25660000,0.25450000,0.25560000,1279435.60000000,326938.92445000
1775347200000,0.25570000,0.25580000,0.25270000,0.25380000,2393813.10000000,608172.48748000
1775361600000,0.25380000,0.25380000,0.24860000,0.24910000,3520259.80000000,882520.86420000
1775376000000,0.24910000,0.25080000,0.24880000,0.24960000,2410713.90000000,601932.39148000
1775390400000,0.24950000,0.25240000,0.24700000,0.25050000,3251895.00000000,809325.85081000
1775404800000,0.25050000,0.25150000,0.24920000,0.25010000,1423327.20000000,356623.48209000
1775419200000,0.25010000,0.25890000,0.24970000,0.25860000,2533057.60000000,643511.98817000
1775433600000,0.25870000,0.26730000,0.25850000,0.26530000,4071991.90000000,1069958.01504000
1775448000000,0.26530000,0.26860000,0.26090000,0.26340000,11517592.50000000,3039817.72591000
1775462400000,0.26340000,0.27040000,0.26270000,0.26840000,4613992.60000000,1234246.52720000
1775476800000,0.26850000,0.26920000,0.26310000,0.26470000,3700178.50000000,982242.10270000
1775491200000,0.26470000,0.26570000,0.26090000,0.26200000,2724982.20000000,716786.93125000
1775505600000,0.26200000,0.26340000,0.25470000,0.25600000,3364368.10000000,875542.01113000
1775520000000,0.25590000,0.25730000,0.25240000,0.25410000,2309140.70000000,587524.51983000
1775534400000,0.25400000,0.25480000,0.25100000,0.25250000,2759061.60000000,697745.77848000
1775548800000,0.25240000,0.25580000,0.24930000,0.25010000,3085456.70000000,777961.15950000
1775563200000,0.25010000,0.25400000,0.24800000,0.24980000,8550971.60000000,2150200.91977000
1775577600000,0.24980000,0.25440000,0.24970000,0.25370000,2611659.00000000,657991.59045000
1775592000000,0.25370000,0.27320000,0.25370000,0.26970000,7853446.40000000,2073366.97662000
1775606400000,0.26970000,0.27100000,0.26700000,0.26950000,3922389.60000000,1055799.95447000
1775620800000,0.26950000,0.27290000,0.26930000,0.26980000,3622355.00000000,980922.09843000
1775635200000,0.26980000,0.27160000,0.26660000,0.26780000,2744519.50000000,739821.44681000
1775649600000,0.26790000,0.27090000,0.26040000,0.26260000,4406974.60000000,1170265.91924000
1775664000000,0.26250000,0.26450000,0.25860000,0.25930000,2340691.60000000,612513.90866000
1775678400000,0.25940000,0.26140000,0.25540000,0.25580000,1716097.20000000,442084.57929000
1775692800000,0.25580000,0.25630000,0.25010000,0.25040000,10343906.70000000,2609284.36442000
1775707200000,0.25030000,0.25410000,0.24910000,0.25270000,6230479.20000000,1564456.09427000
1775721600000,0.25270000,0.25450000,0.25180000,0.25230000,2835936.60000000,717622.70913000
1775736000000,0.25220000,0.25880000,0.25060000,0.25760000,4444114.90000000,1128217.50880000
1775750400000,0.25770000,0.25930000,0.25400000,0.25580000,4444655.50000000,1139987.12529000
1775764800000,0.25580000,0.26320000,0.25330000,0.25440000,4193632.80000000,1078158.20294000
1775779200000,0.25440000,0.25570000,0.25110000,0.25320000,4944366.80000000,1254353.56865000
1775793600000,0.25320000,0.25670000,0.25200000,0.25250000,2435600.10000000,620334.49468000
1775808000000,0.25260000,0.25490000,0.25150000,0.25410000,2188023.40000000,554511.91377000
1775822400000,0.25410000,0.25820000,0.25200000,0.25230000,4395927.00000000,1121949.41480000
1775836800000,0.25250000,0.25830000,0.25230000,0.25810000,1709524.10000000,436449.74105000
1775851200000,0.25810000,0.25880000,0.25600000,0.25660000,2657281.30000000,683977.91589000
1775865600000,0.25660000,0.25710000,0.25390000,0.25390000,1741319.50000000,445116.06875000
1775880000000,0.25400000,0.25480000,0.25250000,0.25410000,1796766.90000000,455886.85037000
1775894400000,0.25410000,0.25510000,0.25310000,0.25370000,1829700.40000000,464435.14213000
1775908800000,0.25370000,0.25430000,0.25160000,0.25420000,2243458.40000000,567260.44235000
1775923200000,0.25420000,0.26180000,0.25410000,0.26150000,4779622.10000000,1231366.20360000
1775937600000,0.26160000,0.26210000,0.25550000,0.25620000,2900600.30000000,750525.67713000
1775952000000,0.25620000,0.25710000,0.24720000,0.24760000,5826314.80000000,1457622.38105000
1775966400000,0.24760000,0.24890000,0.24660000,0.24850000,2143550.00000000,530768.27555000
1775980800000,0.24850000,0.24940000,0.24540000,0.24690000,2474372.60000000,611891.76897000
1775995200000,0.24700000,0.24810000,0.24410000,0.24500000,4052821.40000000,997516.93177000
1776009600000,0.24500000,0.24680000,0.24350000,0.24390000,2823230.10000000,692449.14485000
1776024000000,0.24390000,0.24610000,0.24130000,0.24250000,4114412.30000000,1000896.11181000
1776038400000,0.24250000,0.24610000,0.24230000,0.24540000,1642482.40000000,401786.26969000
1776052800000,0.24530000,0.24920000,0.24350000,0.24510000,7849167.10000000,1939199.31734000
1776067200000,0.24520000,0.24800000,0.24440000,0.24780000,1720594.30000000,423348.45066000
1776081600000,0.24790000,0.25450000,0.24650000,0.24860000,11049146.90000000,2767282.30325000
1776096000000,0.24850000,0.25210000,0.24670000,0.25160000,2864910.90000000,714112.65188000
1776110400000,0.25160000,0.25890000,0.24910000,0.25760000,6579665.00000000,1682346.88320000
1776124800000,0.25770000,0.25810000,0.25330000,0.25530000,3870005.90000000,986266.51373000
1776139200000,0.25530000,0.25580000,0.25210000,0.25350000,2613303.20000000,663104.32927000
1776153600000,0.25360000,0.25750000,0.25280000,0.25510000,3660363.80000000,935579.88090000
1776168000000,0.25510000,0.26120000,0.25340000,0.25420000,8468897.60000000,2178311.91843000
1776182400000,0.25420000,0.25580000,0.24770000,0.25060000,3565153.60000000,896942.91897000
1776196800000,0.25070000,0.25180000,0.24960000,0.25120000,2092523.60000000,524241.79550000
1776211200000,0.25120000,0.25440000,0.25090000,0.25190000,1791795.20000000,452561.84007000
1776225600000,0.25190000,0.25360000,0.24900000,0.24940000,1921202.40000000,482210.90835000
1776240000000,0.24940000,0.25430000,0.24910000,0.25310000,2202588.70000000,554542.39293000
1776254400000,0.25310000,0.25590000,0.25130000,0.25240000,3004428.00000000,761151.54397000
1776268800000,0.25240000,0.25930000,0.25210000,0.25830000,3164705.70000000,809203.04018000
1776283200000,0.25840000,0.26030000,0.25620000,0.25870000,3202900.00000000,826909.42514000
1776297600000,0.25880000,0.26140000,0.25630000,0.26060000,2693239.80000000,697137.55900000
1776312000000,0.26060000,0.26480000,0.26020000,0.26280000,4840427.50000000,1270289.91127000
1776326400000,0.26280000,0.26550000,0.26050000,0.26350000,4556423.70000000,1197495.45120000
1776340800000,0.26360000,0.26940000,0.25860000,0.26870000,10357683.90000000,2738648.47433000
1776355200000,0.26860000,0.27350000,0.26430000,0.27290000,5588409.10000000,1503742.49563000
1776369600000,0.27300000,0.27380000,0.26790000,0.26960000,3346498.10000000,905515.18049000
1776384000000,0.26960000,0.27010000,0.26290000,0.26440000,7714721.20000000,2045004.07441000
1776398400000,0.26440000,0.26610000,0.26160000,0.26550000,4246009.10000000,1120858.52937000
1776412800000,0.26550000,0.26860000,0.26230000,0.26650000,4916816.20000000,1305352.90002000
1776427200000,0.26660000,0.27600000,0.26620000,0.27420000,12235797.10000000,3330215.48922000
1776441600000,0.27420000,0.28000000,0.27190000,0.27400000,9476385.40000000,2612318.52446000
1776456000000,0.27410000,0.27500000,0.26920000,0.27050000,2267044.60000000,617418.63717000
1776470400000,0.27040000,0.27170000,0.26780000,0.26940000,2578357.20000000,695485.16198000
1776484800000,0.26940000,0.27220000,0.26870000,0.27140000,2123111.30000000,575396.30738000
1776499200000,0.27140000,0.27140000,0.25950000,0.26110000,5057110.80000000,1336331.44971000
1776513600000,0.26100000,0.26200000,0.25820000,0.26070000,3798092.90000000,990678.19251000
1776528000000,0.26060000,0.26120000,0.25560000,0.25720000,3013173.50000000,778292.82838000
1776542400000,0.25730000,0.26060000,0.25650000,0.25810000,1696827.30000000,438654.85769000
1776556800000,0.25810000,0.25820000,0.25380000,0.25610000,2223628.30000000,569437.13721000
1776571200000,0.25610000,0.25720000,0.25260000,0.25470000,2092639.40000000,533535.17194000
1776585600000,0.25460000,0.25660000,0.25260000,0.25640000,1574840.40000000,400460.97868000
1776600000000,0.25640000,0.26130000,0.25570000,0.25870000,3111081.40000000,805361.46372000
1776614400000,0.25880000,0.25920000,0.25310000,0.25500000,4019716.60000000,1025867.56288000
1776628800000,0.25490000,0.25490000,0.24940000,0.25030000,3327541.20000000,836775.99765000
1776643200000,0.25030000,0.25380000,0.24990000,0.25320000,1961705.70000000,495197.21786000
1776657600000,0.25320000,0.25660000,0.24960000,0.25280000,3565359.00000000,898695.34357000
1776672000000,0.25290000,0.25530000,0.25130000,0.25350000,1774379.90000000,449532.84059000
1776686400000,0.25340000,0.25540000,0.25090000,0.25340000,2389853.20000000,605356.99232000
1776700800000,0.25340000,0.25740000,0.25220000,0.25610000,2003089.30000000,511248.63880000
1776715200000,0.25610000,0.25750000,0.25380000,0.25530000,1306617.00000000,334395.50593000
1776729600000,0.25540000,0.25870000,0.25370000,0.25530000,1762785.10000000,451101.08018000
1776744000000,0.25530000,0.25840000,0.25460000,0.25770000,1291447.40000000,331630.90235000
1776758400000,0.25760000,0.26160000,0.25740000,0.25980000,2797426.40000000,726221.87329000
1776772800000,0.25980000,0.26020000,0.25550000,0.25750000,3969593.30000000,1021436.33099000
1776787200000,0.25760000,0.25840000,0.25220000,0.25310000,3093784.80000000,789999.63509000
1776801600000,0.25310000,0.25830000,0.25290000,0.25810000,1582524.50000000,404748.52672000
1776816000000,0.25830000,0.26570000,0.25750000,0.26410000,3515507.80000000,919935.90018000
1776830400000,0.26420000,0.27060000,0.26330000,0.26880000,4191505.30000000,1123894.59160000
1776844800000,0.26890000,0.27200000,0.26810000,0.27040000,5015148.30000000,1356633.17851000
1776859200000,0.27040000,0.27100000,0.26630000,0.26760000,2560641.80000000,686566.94219000
1776873600000,0.26760000,0.26810000,0.26310000,0.26440000,4648480.90000000,1235467.45565000
1776888000000,0.26440000,0.26490000,0.26100000,0.26100000,1265954.70000000,332876.80477000
1776902400000,0.26100000,0.26190000,0.25530000,0.25680000,2839587.30000000,733750.40598000
1776916800000,0.25680000,0.25970000,0.25630000,0.25880000,1186524.70000000,306474.21292000
1776931200000,0.25890000,0.25920000,0.25510000,0.25790000,1915857.60000000,491751.05216000
1776945600000,0.25790000,0.26340000,0.25770000,0.26330000,1915497.70000000,497233.16912000
1776960000000,0.26330000,0.26360000,0.25670000,0.25820000,3355476.60000000,869713.23436000
1776974400000,0.25810000,0.26250000,0.25810000,0.26230000,1358802.60000000,353440.49107000
1776988800000,0.26240000,0.26580000,0.26070000,0.26180000,1777928.50000000,467580.39822000
1777003200000,0.26180000,0.26290000,0.26030000,0.26140000,1368673.10000000,358111.50474000
1777017600000,0.26150000,0.26520000,0.25990000,0.26400000,1803876.10000000,473578.93738000
1777032000000,0.26420000,0.26690000,0.26180000,0.26690000,1744292.50000000,460385.55008000
1777046400000,0.26690000,0.26740000,0.26370000,0.26570000,2185272.10000000,581160.84513000
1777060800000,0.26580000,0.26600000,0.26160000,0.26210000,1300872.60000000,343432.52406000
1777075200000,0.26200000,0.26380000,0.26050000,0.26370000,2288331.30000000,600846.87404000
1777089600000,0.26360000,0.26380000,0.26170000,0.26220000,951780.80000000,250155.88104000
1777104000000,0.26210000,0.26420000,0.26060000,0.26150000,1037506.90000000,272531.56557000
1777118400000,0.26150000,0.26260000,0.25910000,0.26050000,1545662.50000000,403636.90303000
1777132800000,0.26040000,0.26080000,0.25780000,0.25840000,1086545.20000000,281289.57119000
1777147200000,0.25850000,0.26130000,0.25820000,0.26120000,647466.50000000,168393.99494000
1777161600000,0.26110000,0.26110000,0.25830000,0.25940000,1376217.70000000,357080.21282000
1777176000000,0.25930000,0.26370000,0.25880000,0.26360000,1374792.00000000,359864.29044000
1777190400000,0.26360000,0.27500000,0.26280000,0.27090000,7949611.00000000,2134302.94622000
1777204800000,0.27100000,0.27310000,0.26690000,0.26980000,5975326.50000000,1612103.00928000
1777219200000,0.26980000,0.27060000,0.26740000,0.26820000,2630603.90000000,707335.90625000
1777233600000,0.26820000,0.26930000,0.26560000,0.26720000,2609363.50000000,698113.98698000
1777248000000,0.26730000,0.27350000,0.26630000,0.27140000,4268912.20000000,1157317.67635000
1777262400000,0.27140000,0.27190000,0.26100000,0.26170000,4107261.10000000,1089568.52484000
1777276800000,0.26160000,0.26310000,0.25980000,0.26210000,4193122.70000000,1095159.54291000
1777291200000,0.26210000,0.26540000,0.25750000,0.26040000,3215779.00000000,839775.96905000
1777305600000,0.26040000,0.26300000,0.25960000,0.26050000,2158870.70000000,564619.39046000
1777320000000,0.26050000,0.26650000,0.26020000,0.26640000,1107489.50000000,291054.50372000
1777334400000,0.26650000,0.26740000,0.26240000,0.26320000,2852730.00000000,756334.99454000
1777348800000,0.26320000,0.26500000,0.26030000,0.26190000,1640262.30000000,431149.67871000
1777363200000,0.26190000,0.26310000,0.25980000,0.26070000,1587418.10000000,415308.60218000
1777377600000,0.26080000,0.26480000,0.25900000,0.26470000,2688870.20000000,701578.50209000
1777392000000,0.26480000,0.26520000,0.26210000,0.26390000,2330495.90000000,614981.14881000
1777406400000,0.26400000,0.26510000,0.26280000,0.26440000,999163.40000000,263597.98883000
1777420800000,0.26440000,0.26720000,0.26370000,0.26700000,1628667.80000000,432528.34662000
1777435200000,0.26710000,0.26850000,0.26540000,0.26570000,2062030.80000000,550512.61577000
1777449600000,0.26580000,0.27050000,0.26430000,0.26930000,2774540.10000000,743882.05457000
1777464000000,0.26930000,0.26950000,0.26040000,0.26100000,3447619.70000000,913121.54397000
1777478400000,0.26100000,0.26270000,0.25410000,0.25820000,4353187.00000000,1123335.94422000
1777492800000,0.25840000,0.26380000,0.25820000,0.26350000,1286954.60000000,336554.63785000
1777507200000,0.26360000,0.26820000,0.26150000,0.26270000,2208629.00000000,585612.77933000
1777521600000,0.26260000,0.26410000,0.25880000,0.26410000,1743148.20000000,455542.22484000
1777536000000,0.26410000,0.26610000,0.26210000,0.26360000,2569887.60000000,677974.60092000
1777550400000,0.26360000,0.26500000,0.26180000,0.26430000,1704227.70000000,448693.80450000
1777564800000,0.26420000,0.26430000,0.26230000,0.26300000,1171156.80000000,308706.05762000
1777579200000,0.26290000,0.26400000,0.26150000,0.26260000,532019.40000000,139809.78574000
1777593600000,0.26260000,0.26890000,0.26230000,0.26720000,2070064.80000000,549012.37155000
1777608000000,0.26710000,0.26860000,0.26450000,0.26640000,1986397.90000000,530017.34198000
1777622400000,0.26640000,0.26820000,0.26480000,0.26560000,1494385.30000000,398349.64572000
1777636800000,0.26560000,0.27260000,0.26530000,0.27150000,5683242.30000000,1530529.13887000
1777651200000,0.27160000,0.27380000,0.26930000,0.27150000,4107937.40000000,1116319.02491000
1777665600000,0.27160000,0.27170000,0.26720000,0.26790000,1474379.40000000,396648.97989000
1777680000000,0.26790000,0.27040000,0.26730000,0.26970000,1299539.60000000,349966.95388000
1777694400000,0.26960000,0.27230000,0.26770000,0.26990000,2802232.30000000,756746.51317000
1777708800000,0.26990000,0.27830000,0.26940000,0.27510000,4952674.80000000,1358299.46427000
1777723200000,0.27500000,0.29070000,0.27440000,0.28940000,11169977.80000000,3161499.70198000
1777737600000,0.28940000,0.28990000,0.28180000,0.28660000,7399475.60000000,2116051.31518000
1777752000000,0.28670000,0.28780000,0.28200000,0.28360000,2770174.40000000,787799.05049000
1777766400000,0.28360000,0.28430000,0.27690000,0.27840000,3366012.10000000,942423.22583000
1777780800000,0.27840000,0.28010000,0.27650000,0.27910000,1813992.60000000,505114.53885000
1777795200000,0.27910000,0.28130000,0.27490000,0.27720000,3930675.30000000,1090942.90036000
1777809600000,0.27710000,0.27940000,0.27710000,0.27740000,1494358.50000000,416010.86709000
1777824000000,0.27750000,0.29570000,0.27710000,0.29250000,7160418.20000000,2063441.56328000
1777838400000,0.29250000,0.29410000,0.28590000,0.28730000,8695656.70000000,2511790.44106000
1777852800000,0.28740000,0.30300000,0.28440000,0.29970000,7592370.20000000,2249858.92914000
1777867200000,0.29970000,0.31910000,0.29760000,0.30700000,17169052.90000000,5313808.24352000
1777881600000,0.30690000,0.31810000,0.30090000,0.30350000,21139873.70000000,6537738.10910000
1777896000000,0.30340000,0.31960000,0.30070000,0.31050000,19890026.20000000,6169322.31739000
1777910400000,0.31050000,0.32630000,0.30670000,0.32410000,14705205.40000000,4648385.83375000
1777924800000,0.32410000,0.32460000,0.31420000,0.31420000,8940059.30000000,2852303.66878000
1777939200000,0.31430000,0.32260000,0.30620000,0.32250000,8284602.70000000,2595621.41991000
1777953600000,0.32260000,0.32730000,0.31540000,0.31890000,12456682.10000000,3995197.48448000
1777968000000,0.31880000,0.32760000,0.31660000,0.32210000,9293102.70000000,2994534.55046000
1777982400000,0.32210000,0.32420000,0.31410000,0.31630000,10198775.50000000,3253104.50667000
1777996800000,0.31630000,0.32090000,0.31310000,0.31400000,4900354.80000000,1553205.79702000
1778011200000,0.31390000,0.32920000,0.31290000,0.32120000,11190588.20000000,3593465.09834000
1778025600000,0.32120000,0.32580000,0.31560000,0.32050000,7856170.20000000,2513968.85664000
1778040000000,0.32060000,0.32300000,0.31490000,0.32110000,6994050.40000000,2225710.58205000
1778054400000,0.32110000,0.32590000,0.31940000,0.32050000,7310847.10000000,2359165.74208000
1778068800000,0.32060000,0.33890000,0.30880000,0.32870000,23012604.60000000,7524313.03349000
1778083200000,0.32860000,0.33320000,0.32260000,0.32590000,7404375.50000000,2424776.45175000
1778097600000,0.32600000,0.32980000,0.32110000,0.32360000,4655754.90000000,1515107.46475000
1778112000000,0.32360000,0.32400000,0.31680000,0.32330000,5704458.10000000,1823595.01009000
1778126400000,0.32320000,0.34810000,0.32230000,0.34650000,9569155.00000000,3205924.20237000
1778140800000,0.34660000,0.35740000,0.33790000,0.34940000,15137379.10000000,5266429.36364000
1778155200000,0.34920000,0.38300000,0.34820000,0.35660000,33243118.80000000,12093036.25839000
1778169600000,0.35660000,0.36120000,0.34540000,0.35110000,14170301.20000000,4998328.67268000
1778184000000,0.35110000,0.35410000,0.34620000,0.35260000,6602746.90000000,2314057.36819000
1778198400000,0.35270000,0.36110000,0.34390000,0.35910000,10793413.40000000,3824312.86349000
1778212800000,0.35900000,0.37040000,0.35650000,0.36600000,12883253.40000000,4669583.94185000
1778227200000,0.36590000,0.40980000,0.36510000,0.39690000,29522853.10000000,11534644.63602000
1778241600000,0.39700000,0.42690000,0.38840000,0.42530000,31221733.70000000,12731065.79425000
1778256000000,0.42530000,0.46540000,0.41540000,0.43360000,45394420.70000000,20136600.64696000
1778270400000,0.43360000,0.47600000,0.43000000,0.45170000,28650901.40000000,12771179.60290000
1778284800000,0.45170000,0.48770000,0.44370000,0.45030000,51927905.50000000,24053403.24191000
1778299200000,0.45030000,0.45500000,0.43330000,0.43500000,22903503.40000000,10136814.99969000
1778313600000,0.43500000,0.43700000,0.41290000,0.42600000,23179504.90000000,9825296.85850000
1778328000000,0.42610000,0.43000000,0.41940000,0.42180000,10066082.50000000,4264609.80018000
1778342400000,0.42170000,0.43370000,0.41960000,0.42510000,8519104.20000000,3633998.05325000
1778356800000,0.42510000,0.42600000,0.41790000,0.41840000,3453042.50000000,1457633.17680000
1778371200000,0.41830000,0.42500000,0.40890000,0.41050000,13942166.30000000,5792619.75133000
1778385600000,0.41040000,0.41480000,0.40190000,0.40590000,7376875.10000000,3013829.78921000
1778400000000,0.40590000,0.42190000,0.40440000,0.41470000,9010147.20000000,3717076.21295000
1778414400000,0.41480000,0.41810000,0.40910000,0.41720000,6879118.40000000,2840631.11257000
1778428800000,0.41710000,0.42380000,0.41210000,0.41800000,9285944.10000000,3883356.86350000
1778443200000,0.41790000,0.43000000,0.40280000,0.42380000,12413014.70000000,5175171.15396000
1778457600000,0.42390000,0.44700000,0.41970000,0.43720000,29677053.70000000,12866521.82143000
1778472000000,0.43710000,0.46160000,0.42710000,0.42930000,31601113.20000000,14098562.09598000
1778486400000,0.42940000,0.43110000,0.41860000,0.42120000,11118655.10000000,4716613.97920000
1778500800000,0.42110000,0.44170000,0.41490000,0.43370000,14824923.30000000,6310531.61315000
1778515200000,0.43370000,0.43540000,0.42230000,0.43250000,8340715.50000000,3573323.28214000
1778529600000,0.43250000,0.43900000,0.42650000,0.42880000,9061344.30000000,3916067.83225000
1778544000000,0.42890000,0.44760000,0.42580000,0.42800000,18589467.80000000,8119234.54614000
1778558400000,0.42790000,0.43710000,0.42000000,0.42020000,11064923.10000000,4742508.62359000
1778572800000,0.42030000,0.42300000,0.40580000,0.40940000,14842996.70000000,6144864.03564000
1778587200000,0.40930000,0.41390000,0.38900000,0.38960000,18778924.10000000,7549747.60220000
1778601600000,0.38970000,0.39900000,0.38780000,0.39540000,8192262.40000000,3216750.58909000
1778616000000,0.39540000,0.39540000,0.38830000,0.38880000,4835956.60000000,1894457.60515000
1778630400000,0.38850000,0.40940000,0.38800000,0.40810000,12625285.40000000,5065077.73947000
1778644800000,0.40800000,0.40960000,0.39610000,0.39860000,6580037.50000000,2645513.75873000
1778659200000,0.39860000,0.40950000,0.39290000,0.39410000,7134089.90000000,2860003.46866000
1778673600000,0.39400000,0.39430000,0.37870000,0.37960000,11969072.20000000,4633132.01126000
1778688000000,0.37960000,0.38790000,0.37960000,0.38140000,5586862.40000000,2145731.26760000
1778702400000,0.38140000,0.38630000,0.38040000,0.38560000,3513020.50000000,1347127.10507000
1778716800000,0.38550000,0.38640000,0.37380000,0.37450000,6041078.50000000,2296932.56086000
1778731200000,0.37450000,0.39000000,0.37360000,0.38530000,6102794.40000000,2334531.96863000
1778745600000,0.38520000,0.38640000,0.37950000,0.38040000,3611447.20000000,1385262.86127000
1778760000000,0.38030000,0.41570000,0.38010000,0.40320000,17404358.10000000,6970432.39568000
1778774400000,0.40320000,0.40530000,0.39270000,0.39410000,9197184.90000000,3676160.97347000
1778788800000,0.39410000,0.39530000,0.38650000,0.38830000,4231100.80000000,1653630.65645000
1778803200000,0.38830000,0.39490000,0.38720000,0.38900000,6092542.10000000,2383258.12485000
1778817600000,0.38910000,0.39020000,0.37630000,0.38100000,6336497.50000000,2416732.88404000
1778832000000,0.38110000,0.38300000,0.37610000,0.38120000,3382570.60000000,1282496.50564000
1778846400000,0.38110000,0.38240000,0.36000000,0.36150000,12865577.00000000,4735779.77805000
1778860800000,0.36160000,0.37180000,0.35920000,0.36750000,4881474.90000000,1788324.15559000
1778875200000,0.36760000,0.36770000,0.36170000,0.36320000,2087616.70000000,760232.55688000
1778889600000,0.36330000,0.36480000,0.35870000,0.36010000,2748360.00000000,992270.31015000
1778904000000,0.36000000,0.36010000,0.34620000,0.34680000,6013700.60000000,2119725.60624000
1778918400000,0.34670000,0.34940000,0.34070000,0.34510000,7317041.80000000,2521029.36196000
1778932800000,0.34510000,0.34860000,0.34270000,0.34700000,3644165.10000000,1259629.12035000
1778947200000,0.34700000,0.34970000,0.34550000,0.34730000,3192216.70000000,1110587.84519000
1778961600000,0.34740000,0.34780000,0.34340000,0.34430000,1833703.40000000,633630.57318000
1778976000000,0.34430000,0.34610000,0.33950000,0.34290000,4005689.60000000,1371648.58810000
1778990400000,0.34280000,0.36090000,0.34270000,0.35800000,6394394.70000000,2263294.13290000
1779004800000,0.35790000,0.36360000,0.35430000,0.35630000,6173469.60000000,2209299.65214000
1779019200000,0.35620000,0.35860000,0.35000000,0.35200000,3861237.90000000,1364593.84625000
1779033600000,0.35210000,0.35630000,0.34710000,0.35550000,3462518.10000000,1215036.79753000
1779048000000,0.35530000,0.35670000,0.33410000,0.34610000,6081336.40000000,2103359.19106000
1779062400000,0.34590000,0.34600000,0.33920000,0.34020000,6003656.10000000,2052874.14686000
1779076800000,0.34010000,0.34370000,0.33680000,0.33930000,3669254.20000000,1246924.55844000
1779091200000,0.33950000,0.34200000,0.33320000,0.34090000,5963744.90000000,2008538.38067000
1779105600000,0.34090000,0.34990000,0.33780000,0.34160000,9804739.50000000,3376753.92390000
1779120000000,0.34150000,0.34950000,0.33800000,0.34780000,5193584.90000000,1783972.59360000
1779134400000,0.34800000,0.38800000,0.34800000,0.38620000,21292078.70000000,7952891.96681000
1779148800000,0.38620000,0.39760000,0.37770000,0.39540000,21479137.60000000,8362831.04797000
1779163200000,0.39550000,0.39990000,0.38050000,0.38760000,14525061.60000000,5673857.88498000
1779177600000,0.38760000,0.38770000,0.36620000,0.36730000,12280226.90000000,4635598.39089000
1779192000000,0.36730000,0.37250000,0.35910000,0.36540000,16459212.50000000,6012723.67928000
1779206400000,0.36540000,0.37970000,0.36370000,0.36450000,8774017.80000000,3268043.85336000
1779220800000,0.36450000,0.37040000,0.36210000,0.36910000,4964306.50000000,1814845.56172000
1779235200000,0.36910000,0.37900000,0.36320000,0.37160000,9582225.40000000,3547606.71907000
1779249600000,0.37160000,0.38800000,0.37140000,0.37660000,10783101.90000000,4097681.81839000
1779264000000,0.37660000,0.38950000,0.37280000,0.38680000,14407082.10000000,5472313.40331000
1779278400000,0.38700000,0.40690000,0.37880000,0.40340000,24117240.50000000,9444603.49974000
1779292800000,0.40330000,0.40890000,0.39370000,0.39930000,14609847.90000000,5845885.81845000
1779307200000,0.39930000,0.40660000,0.39350000,0.40190000,11235364.30000000,4509176.12366000
1779321600000,0.40200000,0.41440000,0.39650000,0.40810000,14099480.40000000,5725306.47313000
1779336000000,0.40810000,0.41100000,0.39830000,0.40600000,10239158.50000000,4138471.20221000
1779350400000,0.40610000,0.41820000,0.39620000,0.40690000,20424494.50000000,8291462.03016000
1779364800000,0.40670000,0.41750000,0.39640000,0.40920000,14852301.80000000,6018103.25171000
1779379200000,0.40920000,0.42990000,0.40650000,0.41770000,16504180.00000000,6917754.86171000
1779393600000,0.41790000,0.42740000,0.41300000,0.41440000,10531144.80000000,4426164.83958000
1779408000000,0.41430000,0.42120000,0.40880000,0.41180000,7559041.80000000,3126301.96185000
1779422400000,0.41180000,0.41550000,0.40480000,0.40940000,6856536.60000000,2809051.94091000
1779436800000,0.40950000,0.44070000,0.40850000,0.42800000,37386397.00000000,16006398.47121000
1779451200000,0.42800000,0.47570000,0.42690000,0.44390000,56230710.10000000,25644410.83216000
1779465600000,0.44380000,0.44880000,0.39030000,0.39180000,36840459.80000000,15366654.14877000
1779480000000,0.39190000,0.39730000,0.37860000,0.38400000,17986116.20000000,6988220.18249000
1779494400000,0.38400000,0.38670000,0.37660000,0.38290000,15823099.30000000,6048574.61587000
1779508800000,0.38280000,0.38680000,0.37400000,0.37960000,18410617.70000000,7030513.16796000
1779523200000,0.37960000,0.40370000,0.37740000,0.39300000,21927362.80000000,8615521.32672000
1779537600000,0.39300000,0.42220000,0.39060000,0.41690000,26673079.00000000,10931760.98893000
1779552000000,0.41690000,0.42760000,0.40960000,0.42640000,13562871.70000000,5657679.73506000
1779566400000,0.42640000,0.42780000,0.41470000,0.42650000,14207869.30000000,6004668.85500000
1779580800000,0.42660000,0.43720000,0.41820000,0.42270000,14763736.20000000,6306088.73036000
1779595200000,0.42270000,0.44300000,0.41980000,0.43240000,13490457.60000000,5820230.12508000
1779609600000,0.43250000,0.44530000,0.43240000,0.44290000,13398522.40000000,5888842.45837000
1779624000000,0.44290000,0.45140000,0.42870000,0.44320000,24134820.10000000,10627347.19468000
1779638400000,0.44320000,0.45280000,0.43680000,0.43790000,13619564.00000000,6066558.57153000
1779652800000,0.43790000,0.44230000,0.42240000,0.44010000,11538027.10000000,5006815.93366000
1779667200000,0.44010000,0.44920000,0.43630000,0.43870000,10059084.10000000,4456959.33338000
1779681600000,0.43860000,0.44590000,0.43490000,0.44370000,7966838.00000000,3509190.23096000
1779696000000,0.44360000,0.44440000,0.42790000,0.43140000,8384712.20000000,3640677.52507000
1779710400000,0.43130000,0.44400000,0.42850000,0.43630000,11261159.20000000,4921569.51190000
1779724800000,0.43630000,0.44240000,0.43130000,0.43570000,8399843.40000000,3669621.29249000
1779739200000,0.43560000,0.44370000,0.42420000,0.42780000,11299208.80000000,4901301.23503000
1779753600000,0.42790000,0.43000000,0.40860000,0.41370000,19990568.00000000,8292118.76403000
1779768000000,0.41380000,0.42550000,0.41380000,0.42070000,8938792.10000000,3763846.65445000
1779782400000,0.42080000,0.43320000,0.41700000,0.42070000,11169469.70000000,4758251.82809000
1779796800000,0.42080000,0.42310000,0.41050000,0.41830000,27813728.60000000,11618520.40829000
1779811200000,0.41820000,0.42980000,0.40480000,0.40770000,14308082.80000000,5957287.92326000
1779825600000,0.40780000,0.41320000,0.40470000,0.40560000,4825783.40000000,1972548.99072000
1779840000000,0.40560000,0.41310000,0.40230000,0.40760000,6204296.30000000,2527569.25568000
1779854400000,0.40760000,0.41470000,0.40380000,0.40690000,4826975.80000000,1975252.29210000
1779868800000,0.40690000,0.40900000,0.39480000,0.39680000,9030402.20000000,3612984.68411000
1779883200000,0.39670000,0.40770000,0.39250000,0.40250000,9277076.00000000,3707312.63037000
1779897600000,0.40250000,0.40390000,0.39180000,0.39690000,4323527.90000000,1712856.84352000
1779912000000,0.39680000,0.40100000,0.38320000,0.38340000,5438390.90000000,2124308.27278000
1779926400000,0.38330000,0.38600000,0.36050000,0.36080000,14098927.40000000,5283545.67610000
1779940800000,0.36070000,0.36490000,0.35130000,0.36240000,28608021.00000000,10197551.96962000
1779955200000,0.36230000,0.36570000,0.35510000,0.35910000,10671860.10000000,3843345.32913000
1779969600000,0.35910000,0.36550000,0.35460000,0.36150000,12266068.90000000,4415067.39149000
1779984000000,0.36150000,0.37610000,0.35970000,0.36950000,10999694.30000000,4082361.15608000
1779998400000,0.36960000,0.37530000,0.36610000,0.36930000,6234467.50000000,2313175.32001000
1780012800000,0.36920000,0.37360000,0.36430000,0.36450000,4403699.10000000,1629670.04640000
1780027200000,0.36470000,0.37430000,0.36190000,0.36890000,3840713.00000000,1413081.24533000
1780041600000,0.36890000,0.37500000,0.36290000,0.36580000,8432728.70000000,3119522.00932000
1780056000000,0.36570000,0.37300000,0.35540000,0.36960000,8435734.20000000,3064434.87398000
1780070400000,0.36960000,0.37130000,0.36010000,0.36220000,5493024.30000000,2018049.09016000
1780084800000,0.36240000,0.37070000,0.35330000,0.35490000,5868203.90000000,2106333.82753000
1780099200000,0.35490000,0.35580000,0.34510000,0.34940000,10575889.90000000,3709549.87287000
1780113600000,0.34940000,0.35340000,0.34490000,0.34630000,3990634.60000000,1392745.18261000
1780128000000,0.34620000,0.34870000,0.34370000,0.34820000,3625411.60000000,1255564.73448000
1780142400000,0.34820000,0.34850000,0.34130000,0.34300000,8169334.80000000,2817685.27305000
1780156800000,0.34300000,0.35780000,0.34210000,0.35550000,7874412.50000000,2746947.88260000
1780171200000,0.35560000,0.37930000,0.35380000,0.37610000,16315888.40000000,6038619.50956000
1780185600000,0.37620000,0.39000000,0.36280000,0.37640000,17406639.50000000,6557907.56328000
1780200000000,0.37650000,0.37880000,0.36070000,0.36180000,9177770.40000000,3390329.41278000
1780214400000,0.36180000,0.36770000,0.35720000,0.35890000,7418187.00000000,2686343.28550000
1780228800000,0.35900000,0.36280000,0.35360000,0.36010000,6704331.90000000,2399845.42069000
1780243200000,0.36010000,0.36140000,0.35410000,0.35810000,2985289.70000000,1066274.63874000
1780257600000,0.35820000,0.36730000,0.35820000,0.36430000,3794812.90000000,1379175.51654000
1780272000000,0.36410000,0.37350000,0.35990000,0.37010000,6936640.30000000,2552846.59961000
1780286400000,0.37000000,0.37210000,0.35200000,0.35330000,6717431.90000000,2409896.27052000
1780300800000,0.35320000,0.38000000,0.34790000,0.35240000,17727387.60000000,6369469.07057000
1780315200000,0.35240000,0.35790000,0.34400000,0.34700000,9263558.20000000,3244644.25703000
1780329600000,0.34690000,0.36020000,0.34360000,0.35820000,5984612.60000000,2119199.39696000
1780344000000,0.35810000,0.35900000,0.34930000,0.35670000,3779199.60000000,1342466.67447000
1780358400000,0.35680000,0.36790000,0.34530000,0.36440000,6829007.50000000,2420106.66265000
1780372800000,0.36440000,0.36790000,0.34850000,0.35420000,8631281.60000000,3087049.00400000
1780387200000,0.35420000,0.36230000,0.35070000,0.35940000,7111549.80000000,2539701.10120000
1780401600000,0.35940000,0.37800000,0.35240000,0.36400000,22393397.20000000,8211693.72896000
1780416000000,0.36390000,0.39680000,0.36110000,0.38540000,35307704.60000000,13511580.09634000
1780430400000,0.38550000,0.40300000,0.37860000,0.38880000,44756704.10000000,17635670.83785000
1780444800000,0.38880000,0.39580000,0.37690000,0.37900000,14242890.80000000,5525368.39665000
1780459200000,0.37900000,0.42100000,0.37890000,0.41110000,36384947.70000000,14825485.51219000
1780473600000,0.41110000,0.42990000,0.40890000,0.41430000,18197580.40000000,7600808.09537000
1780488000000,0.41440000,0.43340000,0.41190000,0.42310000,19299202.10000000,8200827.06053000
1780502400000,0.42310000,0.43010000,0.41450000,0.42300000,12927374.40000000,5456002.01146000
1780516800000,0.42280000,0.42930000,0.40920000,0.41380000,16645194.40000000,6982662.73432000
1780531200000,0.41380000,0.42520000,0.37690000,0.41000000,34556220.60000000,13954475.42941000
1780545600000,0.41020000,0.41190000,0.37890000,0.37920000,21590622.40000000,8392690.54507000
1780560000000,0.37930000,0.38250000,0.35000000,0.36270000,57328079.80000000,20656312.57544000
1780574400000,0.36270000,0.39160000,0.36170000,0.38250000,28755390.30000000,10819513.51018000
1780588800000,0.38240000,0.39520000,0.37560000,0.38200000,13936132.80000000,5369439.96873000
1780603200000,0.38190000,0.38240000,0.36320000,0.37040000,8373998.90000000,3109645.71620000
1780617600000,0.37040000,0.37560000,0.35640000,0.35780000,11640063.70000000,4270077.63400000
1780632000000,0.35790000,0.37060000,0.34300000,0.36480000,18190252.80000000,6482642.35293000
1780646400000,0.36490000,0.36490000,0.34820000,0.35060000,13426051.80000000,4766942.93493000
1780660800000,0.35050000,0.36310000,0.32610000,0.33060000,28258483.90000000,9710886.82932000
1780675200000,0.33040000,0.34590000,0.32130000,0.33290000,22271965.90000000,7413362.63404000
1780689600000,0.33280000,0.35230000,0.32770000,0.34430000,10582134.80000000,3608608.12831000
1780704000000,0.34420000,0.34900000,0.32610000,0.32980000,5431483.70000000,1828430.91811000
1780718400000,0.32960000,0.33570000,0.31310000,0.33060000,9900893.20000000,3215776.79880000
1780732800000,0.33070000,0.33890000,0.31950000,0.32380000,7642680.10000000,2514253.98865000
1780747200000,0.32380000,0.33210000,0.32120000,0.32560000,4635617.90000000,1513207.35051000
1780761600000,0.32550000,0.33080000,0.31910000,0.31970000,4509803.80000000,1466422.55642000
1780776000000,0.31960000,0.32630000,0.31820000,0.32470000,2808075.30000000,905903.11993000
1780790400000,0.32460000,0.33940000,0.32240000,0.33370000,5823137.10000000,1943159.99475000
1780804800000,0.33360000,0.39140000,0.33070000,0.34960000,13806950.30000000,4807777.39336000
1780819200000,0.34960000,0.35810000,0.33980000,0.34370000,11062310.20000000,3835774.92682000
1780833600000,0.34380000,0.35270000,0.33310000,0.34870000,10216502.00000000,3526213.92561000
1780848000000,0.34870000,0.35170000,0.33020000,0.33290000,8453252.90000000,2892181.02683000
1780862400000,0.33280000,0.35390000,0.33160000,0.34950000,5327332.70000000,1825369.10048000
1780876800000,0.34940000,0.35460000,0.34340000,0.34980000,4521495.60000000,1576446.46458000
1780891200000,0.34980000,0.36660000,0.34200000,0.36250000,8755010.20000000,3107789.27230000
1780905600000,0.36240000,0.37070000,0.35510000,0.36400000,9210381.60000000,3333546.49807000
1780920000000,0.36410000,0.37110000,0.35850000,0.37000000,16602311.50000000,6074963.86541000
1780934400000,0.37000000,0.37990000,0.36640000,0.37490000,11803443.00000000,4404993.92248000
1780948800000,0.37500000,0.37830000,0.36330000,0.36470000,7449061.00000000,2760125.67438000
1780963200000,0.36470000,0.36510000,0.35250000,0.35590000,5557362.30000000,1987361.07718000
1780977600000,0.35580000,0.37380000,0.35490000,0.37240000,6025995.90000000,2217497.03973000
1780992000000,0.37250000,0.37500000,0.35970000,0.36100000,7011456.00000000,2567533.89783000
1781006400000,0.36090000,0.36840000,0.35550000,0.35670000,9025594.30000000,3261285.98491000
1781020800000,0.35660000,0.36480000,0.34730000,0.36130000,8051433.90000000,2861763.86527000
1781035200000,0.36130000,0.36840000,0.35550000,0.35770000,4980470.90000000,1795649.03558000
1781049600000,0.35780000,0.36490000,0.35070000,0.35180000,4971466.90000000,1771728.59626000
1781064000000,0.35170000,0.35230000,0.34400000,0.34880000,4155581.90000000,1446233.17910000
1781078400000,0.34890000,0.34900000,0.33930000,0.34090000,4522604.00000000,1555366.90544000
1781092800000,0.34080000,0.36010000,0.33920000,0.35350000,9027384.30000000,3173916.44146000
1781107200000,0.35350000,0.35470000,0.33410000,0.33480000,7142437.30000000,2437315.07695000
1781121600000,0.33490000,0.33630000,0.32710000,0.33320000,6973424.00000000,2312330.26230000
1781136000000,0.33330000,0.34880000,0.33240000,0.34590000,6455350.60000000,2183330.54495000
1781150400000,0.34590000,0.34890000,0.34290000,0.34670000,2830384.90000000,979650.22794000
1781164800000,0.34670000,0.35270000,0.34400000,0.34910000,3954114.20000000,1375285.63733000
1781179200000,0.34920000,0.35700000,0.34240000,0.35020000,7972916.20000000,2789887.02391000
1781193600000,0.35040000,0.36380000,0.34410000,0.36290000,5559488.00000000,1973547.70284000
1781208000000,0.36290000,0.36960000,0.35680000,0.36580000,4373529.50000000,1591945.67123000
1781222400000,0.36580000,0.36960000,0.36160000,0.36400000,3304581.60000000,1210020.60728000
1781236800000,0.36410000,0.36720000,0.35370000,0.35750000,3543163.40000000,1276977.64259000
1781251200000,0.35740000,0.36890000,0.35720000,0.36620000,6779302.30000000,2478329.84814000
1781265600000,0.36630000,0.37070000,0.35630000,0.35950000,7231126.90000000,2635259.37491000
1781280000000,0.35950000,0.36930000,0.35800000,0.35870000,4198217.70000000,1526064.33841000
1781294400000,0.35870000,0.35910000,0.35190000,0.35390000,3640098.10000000,1293283.98364000
1781308800000,0.35400000,0.36020000,0.35280000,0.35540000,2659719.30000000,948588.03537000
1781323200000,0.35540000,0.36570000,0.35300000,0.36540000,3299263.10000000,1183191.87297000
1781337600000,0.36540000,0.36850000,0.36110000,0.36720000,3806321.90000000,1386716.22635000
1781352000000,0.36710000,0.37670000,0.36600000,0.37190000,7279640.30000000,2709341.42839000
1781366400000,0.37190000,0.37220000,0.36480000,0.36560000,5444240.50000000,2000724.22191000
1781380800000,0.36570000,0.37050000,0.36220000,0.36500000,3676890.60000000,1345878.94883000
1781395200000,0.36490000,0.36640000,0.36000000,0.36230000,3078862.00000000,1119160.42138000
1781409600000,0.36220000,0.36330000,0.35690000,0.35900000,3338089.40000000,1200616.97101000
1781424000000,0.35910000,0.36250000,0.35620000,0.35650000,3797640.60000000,1366641.36535000
1781438400000,0.35660000,0.35690000,0.34390000,0.34870000,9766640.70000000,3408954.35827000
1781452800000,0.34870000,0.35100000,0.34460000,0.34580000,4502097.90000000,1565147.62328000
1781467200000,0.34590000,0.37040000,0.34500000,0.36790000,8706097.30000000,3159214.69520000
1781481600000,0.36780000,0.38280000,0.36280000,0.37850000,7736900.80000000,2886145.27595000
1781496000000,0.37850000,0.38760000,0.37680000,0.37760000,11991228.60000000,4570184.55027000
1781510400000,0.37760000,0.38630000,0.37700000,0.38320000,7173175.50000000,2738163.76177000
1781524800000,0.38320000,0.39230000,0.37770000,0.38950000,10963011.40000000,4230162.77750000
1781539200000,0.38950000,0.38950000,0.37360000,0.37540000,6875947.40000000,2627417.84914000
1781553600000,0.37540000,0.37790000,0.36570000,0.37010000,4610288.30000000,1710482.92607000
1781568000000,0.37010000,0.37550000,0.36310000,0.37500000,5560222.80000000,2057478.34325000
1781582400000,0.37500000,0.37890000,0.36740000,0.37830000,5401649.00000000,2014809.79270000
1781596800000,0.37830000,0.39110000,0.37690000,0.38470000,8503991.70000000,3270028.16395000
1781611200000,0.38470000,0.38750000,0.36560000,0.37030000,14904111.40000000,5583856.37973000
1781625600000,0.37030000,0.37290000,0.36480000,0.36730000,7538327.20000000,2778665.07358000
1781640000000,0.36720000,0.37970000,0.36570000,0.36980000,4112117.40000000,1534842.45242000
1781654400000,0.36990000,0.38350000,0.36990000,0.37850000,8320867.90000000,3136188.95674000
1781668800000,0.37860000,0.38290000,0.36970000,0.37170000,7145074.90000000,2686076.90830000
1781683200000,0.37170000,0.37310000,0.36570000,0.37140000,7065137.10000000,2610907.65525000
1781697600000,0.37140000,0.38290000,0.36420000,0.38290000,7356779.70000000,2751973.41857000
1781712000000,0.38290000,0.38480000,0.36520000,0.36700000,13531988.40000000,5092801.72046000
1781726400000,0.36690000,0.37150000,0.35770000,0.36500000,8810062.20000000,3221986.06574000
1781740800000,0.36510000,0.37260000,0.36290000,0.36480000,8176092.00000000,3009480.17041000
1781755200000,0.36480000,0.36580000,0.35340000,0.36440000,7408664.10000000,2666211.60121000
1781769600000,0.36440000,0.37190000,0.36000000,0.36230000,6591194.10000000,2408409.53165000
1781784000000,0.36240000,0.37880000,0.35580000,0.35640000,21857394.40000000,8090671.37391000
1781798400000,0.35650000,0.36430000,0.35000000,0.35710000,11473532.30000000,4087743.59804000
1781812800000,0.35710000,0.36680000,0.35710000,0.36640000,4136188.90000000,1495003.32069000
1781827200000,0.36640000,0.36700000,0.35420000,0.35800000,4951595.70000000,1786632.72806000
1781841600000,0.35790000,0.36090000,0.34730000,0.34910000,4664923.40000000,1648723.74367000
1781856000000,0.34910000,0.35350000,0.34530000,0.34870000,4601246.60000000,1604481.79078000
1781870400000,0.34880000,0.36030000,0.34550000,0.35490000,5460403.80000000,1933982.00086000
1781884800000,0.35510000,0.35750000,0.34830000,0.34960000,3323324.40000000,1174619.24127000
1781899200000,0.34970000,0.35690000,0.34800000,0.35570000,2600420.70000000,913038.26007000
1781913600000,0.35570000,0.35690000,0.34850000,0.35010000,3113722.80000000,1096312.65995000
1781928000000,0.35010000,0.35490000,0.34920000,0.35050000,3237539.60000000,1137602.31505000
1781942400000,0.35060000,0.35280000,0.34700000,0.34790000,2584087.80000000,905409.79833000
1781956800000,0.34790000,0.34970000,0.33730000,0.34440000,9630327.70000000,3311530.26998000
1781971200000,0.34450000,0.34450000,0.33610000,0.33890000,3633332.70000000,1233018.96356000
1781985600000,0.33900000,0.34610000,0.33770000,0.34360000,4169738.60000000,1429928.96480000
1782000000000,0.34360000,0.34390000,0.33780000,0.34030000,2967682.70000000,1009351.64425000
1782014400000,0.34030000,0.34160000,0.33630000,0.33880000,2471245.30000000,836693.46666000
1782028800000,0.33890000,0.34310000,0.33440000,0.33700000,5000111.10000000,1695991.54609000
1782043200000,0.33700000,0.34280000,0.33590000,0.34170000,3340951.80000000,1134667.45121000
1782057600000,0.34160000,0.34190000,0.33610000,0.34050000,3890001.70000000,1319135.48080000
1782072000000,0.34060000,0.34070000,0.32940000,0.32980000,4297410.10000000,1434552.10178000
1782086400000,0.32980000,0.34200000,0.32980000,0.33360000,3615693.10000000,1216126.37616000
1782100800000,0.33360000,0.33980000,0.33280000,0.33750000,2537148.10000000,854521.76090000
1782115200000,0.33760000,0.34000000,0.33380000,0.33940000,2016765.60000000,678233.07366000
1782129600000,0.33950000,0.34400000,0.33200000,0.33310000,5736845.50000000,1943810.32128000
1782144000000,0.33310000,0.33410000,0.32900000,0.33080000,2658362.00000000,881316.97804000
1782158400000,0.33090000,0.33340000,0.32580000,0.32910000,2663430.20000000,876642.60849000
1782172800000,0.32910000,0.32940000,0.32220000,0.32480000,4276541.90000000,1392355.75721000
1782187200000,0.32490000,0.32530000,0.31050000,0.31450000,6478600.30000000,2050280.04104000
1782201600000,0.31460000,0.31700000,0.30900000,0.31360000,6018236.90000000,1882438.84872000
1782216000000,0.31370000,0.31600000,0.30810000,0.31100000,5765448.40000000,1800183.55978000
1782230400000,0.31090000,0.31320000,0.30840000,0.31160000,4416400.00000000,1372226.70598000
1782244800000,0.31160000,0.31660000,0.31160000,0.31480000,2438741.00000000,766026.57924000
1782259200000,0.31480000,0.31590000,0.30770000,0.30920000,2284592.30000000,712594.06841000
1782273600000,0.30920000,0.31210000,0.30600000,0.30730000,2408035.00000000,744579.11423000
1782288000000,0.30740000,0.30940000,0.30180000,0.30700000,3278912.60000000,1001911.61190000
1782302400000,0.30710000,0.30860000,0.29680000,0.29840000,7747970.70000000,2339512.14491000
1782316800000,0.29840000,0.30450000,0.29370000,0.30190000,7436708.60000000,2220638.51964000
1782331200000,0.30200000,0.31470000,0.30140000,0.31450000,4508421.20000000,1396609.44942000
1782345600000,0.31460000,0.31980000,0.31280000,0.31510000,4883959.70000000,1545219.94272000
1782360000000,0.31520000,0.32390000,0.31260000,0.32010000,5167170.30000000,1649266.40176000
1782374400000,0.32020000,0.32040000,0.31170000,0.31280000,2557205.50000000,805787.20425000
1782388800000,0.31280000,0.32070000,0.29550000,0.30900000,11312201.20000000,3479008.98431000
1782403200000,0.30900000,0.31360000,0.30320000,0.30680000,3815666.20000000,1180618.88755000
1782417600000,0.30670000,0.31550000,0.30670000,0.31410000,3006240.40000000,938431.20139000
1782432000000,0.31420000,0.31590000,0.30170000,0.30920000,4811629.40000000,1476405.95068000
1782446400000,0.30920000,0.31860000,0.30640000,0.31730000,2734440.20000000,852280.04440000
1782460800000,0.31730000,0.31790000,0.30570000,0.30670000,2962758.70000000,921387.78837000
1782475200000,0.30680000,0.31710000,0.30320000,0.31540000,4753058.70000000,1478565.12880000
1782489600000,0.31550000,0.32090000,0.31290000,0.31740000,4007391.00000000,1272665.55228000
1782504000000,0.31750000,0.32130000,0.31440000,0.31720000,2027321.40000000,642841.59915000
1782518400000,0.31730000,0.32290000,0.31420000,0.32120000,2935628.00000000,936578.57077000
1782532800000,0.32130000,0.32340000,0.31760000,0.31940000,2186871.40000000,700657.35684000
1782547200000,0.31940000,0.31940000,0.31510000,0.31820000,1348824.40000000,427633.19576000
1782561600000,0.31810000,0.32160000,0.31640000,0.31910000,1955912.90000000,624581.82595000
1782576000000,0.31910000,0.31940000,0.30950000,0.31200000,2602061.80000000,818865.28052000
1782590400000,0.31210000,0.31480000,0.30960000,0.31110000,1486729.40000000,463975.83042000
1782604800000,0.31120000,0.31340000,0.30810000,0.31040000,1149621.20000000,356819.35072000
1782619200000,0.31030000,0.31120000,0.30670000,0.31070000,1192486.40000000,368502.67992000
1782633600000,0.31060000,0.31330000,0.30770000,0.31000000,1119234.40000000,346848.09194000
1782648000000,0.30990000,0.31270000,0.30770000,0.30850000,1089161.00000000,337715.87698000
1782662400000,0.30860000,0.30980000,0.30530000,0.30750000,1538855.40000000,473121.92413000
1782676800000,0.30740000,0.31110000,0.30430000,0.30980000,1473571.60000000,453626.58416000
1782691200000,0.30990000,0.31350000,0.30560000,0.31250000,4797657.50000000,1488098.00780000
1782705600000,0.31250000,0.31340000,0.30780000,0.31160000,2652602.50000000,824502.66056000
1782720000000,0.31160000,0.31500000,0.30950000,0.31110000,3666004.00000000,1145450.36193000
1782734400000,0.31120000,0.31670000,0.30820000,0.31220000,4416956.40000000,1379018.46000000
1782748800000,0.31210000,0.32300000,0.31100000,0.31970000,4098943.40000000,1303488.02318000
1782763200000,0.31970000,0.32020000,0.31580000,0.31740000,1674698.30000000,532200.82633000
1782777600000,0.31730000,0.31770000,0.31110000,0.31220000,1926877.00000000,604336.50591000
1782792000000,0.31200000,0.31770000,0.31080000,0.31430000,1800983.80000000,567437.88598000
1782806400000,0.31430000,0.31450000,0.30830000,0.30900000,2435925.20000000,756784.41517000
1782820800000,0.30890000,0.31200000,0.30470000,0.30890000,4314460.60000000,1329028.46676000
1782835200000,0.30890000,0.31280000,0.30680000,0.31200000,1862755.10000000,577192.85183000
1782849600000,0.31190000,0.31360000,0.30800000,0.30840000,1468878.00000000,455611.97867000
1782864000000,0.30850000,0.31530000,0.30300000,0.31480000,3429353.20000000,1062015.22653000
1782878400000,0.31490000,0.31650000,0.30850000,0.31150000,2409147.40000000,753029.16507000
1782892800000,0.31150000,0.31320000,0.30840000,0.31060000,1610565.30000000,500486.14849000
1782907200000,0.31080000,0.32150000,0.30760000,0.32070000,5810238.00000000,1833540.68596000
1782921600000,0.32080000,0.32240000,0.31670000,0.31830000,2971163.40000000,949891.01586000
1782936000000,0.31840000,0.33100000,0.31690000,0.32470000,3541577.60000000,1154279.17623000
1782950400000,0.32480000,0.33700000,0.32240000,0.33370000,4953726.90000000,1637743.17519000
1782964800000,0.33370000,0.33400000,0.32820000,0.33080000,3014753.50000000,997904.51641000
1782979200000,0.33080000,0.33560000,0.33020000,0.33410000,3093508.40000000,1031019.39266000
1782993600000,0.33400000,0.33950000,0.33070000,0.33300000,6018234.10000000,2020101.09811000
1783008000000,0.33320000,0.33480000,0.33040000,0.33130000,2056723.30000000,683259.11050000
1783022400000,0.33120000,0.33200000,0.32620000,0.32840000,1814721.40000000,596900.78069000
1783036800000,0.32850000,0.33500000,0.32770000,0.33180000,2665886.90000000,884218.27152000
1783051200000,0.33180000,0.33210000,0.32890000,0.33060000,1610111.30000000,531951.81773000
1783065600000,0.33070000,0.33390000,0.32880000,0.33390000,3566203.50000000,1181365.78321000
1783080000000,0.33390000,0.33820000,0.33160000,0.33220000,4221328.90000000,1413350.29136000
1783094400000,0.33220000,0.33780000,0.33030000,0.33530000,2028063.20000000,677176.86301000
1783108800000,0.33520000,0.33930000,0.33360000,0.33410000,2082628.00000000,699895.50310000
1783123200000,0.33410000,0.33830000,0.33150000,0.33600000,1889774.90000000,633166.54973000
1783137600000,0.33600000,0.34000000,0.33140000,0.33280000,2290230.70000000,768161.84388000
1783152000000,0.33280000,0.33460000,0.32960000,0.33160000,1749549.10000000,579644.88542000
1783166400000,0.33150000,0.33710000,0.33110000,0.33620000,2224228.40000000,743542.56265000
1783180800000,0.33630000,0.34800000,0.33500000,0.33990000,4843481.80000000,1657572.87438000
1783195200000,0.33980000,0.34130000,0.33410000,0.33580000,1749640.30000000,591475.64757000
1783209600000,0.33580000,0.33580000,0.32610000,0.32720000,2589887.30000000,855169.23488000
1783224000000,0.32710000,0.32980000,0.32660000,0.32970000,1462480.60000000,480099.64661000
1783238400000,0.32970000,0.33030000,0.32300000,0.32480000,3538869.20000000,1151852.15988000
1783252800000,0.32480000,0.33180000,0.32410000,0.33020000,1892243.30000000,621380.55230000
1783267200000,0.33030000,0.33090000,0.32670000,0.32980000,1097917.50000000,360653.97018000
1783281600000,0.32990000,0.33660000,0.32860000,0.33300000,2409260.50000000,802868.62585000
1783296000000,0.33310000,0.33530000,0.32730000,0.32830000,2401139.60000000,795495.90017000
1783310400000,0.32820000,0.32850000,0.32400000,0.32680000,1439934.60000000,469849.83324000
1783324800000,0.32680000,0.33480000,0.32410000,0.32910000,11934601.10000000,3931228.14228000
1783339200000,0.32910000,0.33660000,0.32330000,0.33610000,7153470.10000000,2348985.02918000
1783353600000,0.33620000,0.33980000,0.33410000,0.33790000,5249093.00000000,1771281.25544000
1783368000000,0.33800000,0.34170000,0.33300000,0.33310000,3160354.10000000,1066802.97672000
1783382400000,0.33320000,0.33710000,0.32790000,0.32870000,2781708.40000000,925163.15328000
1783396800000,0.32880000,0.33270000,0.32680000,0.33090000,1571573.30000000,518089.91431000
1783411200000,0.33100000,0.33320000,0.32870000,0.33230000,2117923.20000000,702060.98222000
1783425600000,0.33240000,0.33710000,0.32820000,0.33700000,6823747.20000000,2271449.48340000
1783440000000,0.33710000,0.33800000,0.32760000,0.33150000,2769622.30000000,923063.27692000
1783454400000,0.33160000,0.33230000,0.32540000,0.32780000,1788839.30000000,587682.81689000
1783468800000,0.32790000,0.33250000,0.32330000,0.32780000,3360614.00000000,1102222.85071000
1783483200000,0.32770000,0.32770000,0.31770000,0.32090000,3498212.30000000,1124917.73218000
1783497600000,0.32090000,0.32320000,0.31470000,0.31960000,4422743.70000000,1406491.71136000
1783512000000,0.31950000,0.32040000,0.30930000,0.31160000,5257649.90000000,1652715.72100000
1783526400000,0.31150000,0.31860000,0.31150000,0.31520000,2699980.60000000,851095.04779000
1783540800000,0.31520000,0.31710000,0.31270000,0.31600000,935742.60000000,294693.38299000
1783555200000,0.31600000,0.31680000,0.30960000,0.31340000,2193611.40000000,684767.36832000
1783569600000,0.31350000,0.32200000,0.31320000,0.31910000,2710257.20000000,860627.60842000
1783584000000,0.31900000,0.32010000,0.31630000,0.31810000,1416932.10000000,451140.20716000
1783598400000,0.31810000,0.32060000,0.31460000,0.31700000,4699344.30000000,1492618.49160000
1783612800000,0.31710000,0.32040000,0.31370000,0.31850000,2519891.20000000,801217.57928000
1783627200000,0.31840000,0.31890000,0.31580000,0.31670000,1159351.90000000,367725.87294000
1783641600000,0.31660000,0.32300000,0.31470000,0.32060000,2716865.20000000,867467.91316000
1783656000000,0.32070000,0.32500000,0.32020000,0.32100000,2136783.50000000,688843.70551000
1783670400000,0.32110000,0.32840000,0.32060000,0.32720000,3213515.30000000,1044778.25720000
1783684800000,0.32720000,0.33070000,0.32230000,0.32640000,5109457.30000000,1672970.06285000
1783699200000,0.32640000,0.32930000,0.32440000,0.32650000,1975320.00000000,646475.82858000
1783713600000,0.32650000,0.33050000,0.32470000,0.32840000,1334606.50000000,438059.91522000
1783728000000,0.32830000,0.33250000,0.32700000,0.32960000,2261849.40000000,745194.06288000
1783742400000,0.32950000,0.33000000,0.32620000,0.32720000,1119774.10000000,367586.73384000
1783756800000,0.32720000,0.33440000,0.32670000,0.33370000,2922252.50000000,967982.14819000
1783771200000,0.33380000,0.33760000,0.33180000,0.33440000,3218608.60000000,1077264.11441000
1783785600000,0.33440000,0.33630000,0.33240000,0.33480000,1494119.50000000,499910.99333000
1783800000000,0.33490000,0.33540000,0.32420000,0.32420000,2086509.40000000,686105.31588000
1783814400000,0.32410000,0.32660000,0.32250000,0.32630000,1705681.20000000,554039.30891000
1783828800000,0.32640000,0.32740000,0.32320000,0.32570000,1405389.10000000,457114.33908000
1783843200000,0.32560000,0.33080000,0.32540000,0.32870000,1574758.80000000,516477.50612000
1783857600000,0.32880000,0.33100000,0.32580000,0.32760000,1505064.30000000,493797.55397000
1783872000000,0.32760000,0.32880000,0.32420000,0.32710000,1332299.80000000,434247.83989000
1783886400000,0.32710000,0.32710000,0.32120000,0.32290000,1224401.90000000,396189.01124000
1783900800000,0.32290000,0.32800000,0.31460000,0.31660000,3275977.80000000,1050465.68256000
1783915200000,0.31650000,0.32020000,0.31580000,0.31900000,1280933.40000000,407371.84788000
1783929600000,0.31920000,0.32110000,0.31850000,0.31850000,910113.60000000,291403.25920000
1783944000000,0.31850000,0.31890000,0.31350000,0.31590000,2220440.50000000,702530.83410000
1783958400000,0.31590000,0.31680000,0.31030000,0.31330000,3072253.90000000,960692.43542000
1783972800000,0.31320000,0.31350000,0.30780000,0.31090000,2752266.20000000,853958.86280000
1783987200000,0.31100000,0.31250000,0.30530000,0.30620000,2764819.60000000,854806.78776000
1784001600000,0.30610000,0.31050000,0.30610000,0.30780000,1380596.90000000,426903.23918000
1784016000000,0.30780000,0.30970000,0.30710000,0.30800000,2609878.80000000,805256.50535000
1784030400000,0.30810000,0.31890000,0.30690000,0.31550000,7597515.00000000,2389223.40950000
1784044800000,0.31550000,0.31690000,0.31350000,0.31530000,2515213.10000000,793116.07924000
1784059200000,0.31530000,0.31630000,0.31340000,0.31490000,1119062.40000000,352226.28895000
1784073600000,0.31500000,0.32330000,0.31500000,0.32220000,3673637.00000000,1173163.02583000
1784088000000,0.32220000,0.32400000,0.31730000,0.31820000,2915126.20000000,934774.91975000
1784102400000,0.31820000,0.32430000,0.31700000,0.32310000,2451955.00000000,786812.17158000
1784116800000,0.32320000,0.34100000,0.32240000,0.33340000,21427182.80000000,7153075.10926000
1784131200000,0.33340000,0.33690000,0.32710000,0.33390000,4789796.90000000,1590423.32693000
1784145600000,0.33390000,0.37060000,0.33390000,0.36510000,30690007.50000000,10998953.24073000
1784160000000,0.36510000,0.37320000,0.35800000,0.36820000,14682682.00000000,5366397.76832000
1784174400000,0.36810000,0.37740000,0.36070000,0.37070000,15627992.10000000,5805181.32812000
1784188800000,0.37070000,0.37700000,0.36600000,0.37440000,12515383.80000000,4648906.40714000
1784203200000,0.37440000,0.39470000,0.37190000,0.38420000,28658376.10000000,11055858.37462000
1784217600000,0.38430000,0.38980000,0.37250000,0.37590000,11029280.00000000,4205029.59224000
1784232000000,0.37590000,0.37790000,0.36060000,0.36390000,12085849.30000000,4438734.61112000
1784246400000,0.36370000,0.37210000,0.35980000,0.36800000,7922145.50000000,2902244.95780000
1784260800000,0.36790000,0.37400000,0.35980000,0.36420000,17741083.30000000,6467632.18833000
1784275200000,0.36400000,0.38510000,0.36220000,0.38040000,12793611.80000000,4799614.63577000
1784289600000,0.38030000,0.38410000,0.36540000,0.37800000,13172641.30000000,4922424.00556000
1784304000000,0.37800000,0.38130000,0.37440000,0.37540000,5568928.20000000,2102941.76542000
1784318400000,0.37540000,0.37540000,0.36800000,0.37310000,2127183.50000000,790715.73933000
1784332800000,0.37310000,0.38850000,0.36990000,0.37810000,4470500.50000000,1694561.19713000
1784347200000,0.37800000,0.37860000,0.36640000,0.36670000,4375385.70000000,1622894.16390000
1784361600000,0.36670000,0.37120000,0.34030000,0.34400000,33662807.10000000,11765048.26316000
1784376000000,0.34400000,0.34590000,0.33770000,0.34000000,12571282.10000000,4292676.08483000
1784390400000,0.34000000,0.34960000,0.33800000,0.34840000,6633154.90000000,2286759.53548000
1784404800000,0.34850000,0.35280000,0.34540000,0.34700000,5032809.90000000,1753312.30897000
1784419200000,0.34700000,0.34720000,0.34070000,0.34280000,2531825.90000000,871314.95644000
1784433600000,0.34270000,0.35180000,0.34180000,0.35100000,5123228.60000000,1783469.69388000
1784448000000,0.35100000,0.35730000,0.34980000,0.35310000,6700468.10000000,2372585.97381000
1784462400000,0.35300000,0.35310000,0.34670000,0.34800000,3262533.50000000,1138149.08782000
1784476800000,0.34800000,0.34840000,0.34260000,0.34750000,2017750.10000000,697577.91463000
1784491200000,0.34760000,0.35190000,0.34430000,0.34560000,2123298.90000000,738005.96627000
1784505600000,0.34560000,0.35050000,0.34380000,0.34610000,2213693.20000000,768446.53715000
1784520000000,0.34600000,0.34780000,0.33900000,0.34290000,2624944.40000000,898637.04839000
1784534400000,0.34280000,0.35600000,0.34000000,0.35400000,4964478.70000000,1724461.22198000
1784548800000,0.35380000,0.35590000,0.34400000,0.35310000,6456524.90000000,2262319.76907000
1784563200000,0.35320000,0.36240000,0.35120000,0.35630000,6780501.10000000,2419911.13944000
1784577600000,0.35630000,0.36010000,0.35270000,0.35830000,2966088.90000000,1056972.35343000
1784592000000,0.35810000,0.36500000,0.35740000,0.36360000,3906170.10000000,1408404.47755000
1784606400000,0.36360000,0.39490000,0.36140000,0.39060000,19132837.20000000,7322302.02448000
1784620800000,0.39070000,0.40900000,0.38570000,0.40110000,25449639.90000000,10112917.25298000
1784635200000,0.40120000,0.41180000,0.39880000,0.40780000,14727671.20000000,5969664.25956000
1784649600000,0.40780000,0.40810000,0.39490000,0.40130000,7945663.10000000,3179058.39700000
1784664000000,0.40140000,0.40290000,0.39100000,0.40170000,4494322.50000000,1787065.36313000
1784678400000,0.40180000,0.40700000,0.39600000,0.39670000,3840008.50000000,1545033.21869000
1784692800000,0.39680000,0.40420000,0.39500000,0.40000000,5776757.40000000,2303072.65640000
1784707200000,0.39990000,0.41980000,0.39910000,0.41040000,11256719.80000000,4607202.38082000
1784721600000,0.41040000,0.42270000,0.40440000,0.41370000,11386863.00000000,4705128.01335000
1784736000000,0.41360000,0.42000000,0.40680000,0.41080000,6972932.30000000,2874023.78910000
1784750400000,0.41070000,0.42100000,0.41040000,0.41300000,7488587.70000000,3109411.00664000
1784764800000,0.41300000,0.41620000,0.39930000,0.40990000,7350860.30000000,2998244.78584000
1784779200000,0.40990000,0.41460000,0.40210000,0.40500000,4062225.30000000,1659897.84641000
1784793600000,0.40500000,0.40740000,0.40270000,0.40380000,2781704.70000000,1126528.07694000
1784808000000,0.40390000,0.40920000,0.39880000,0.40080000,7480597.40000000,3012565.80026000
1784822400000,0.40090000,0.40610000,0.39520000,0.40100000,3993170.50000000,1598397.98473000
1784836800000,0.40090000,0.40530000,0.40020000,0.40140000,3028013.40000000,1219042.20019000
1784851200000,0.40150000,0.40530000,0.39340000,0.40460000,5469135.30000000,2187280.85358000
1784865600000,0.40470000,0.40740000,0.40000000,0.40080000,3031706.40000000,1224009.42065000
1784880000000,0.40090000,0.40100000,0.39090000,0.39350000,3122042.50000000,1233675.99348000
1784894400000,0.39350000,0.39590000,0.38070000,0.39390000,9172690.90000000,3559601.35752000
1784908800000,0.39370000,0.39520000,0.38790000,0.38960000,2313653.30000000,906928.34772000
1784923200000,0.38960000,0.39080000,0.37850000,0.38370000,6082934.50000000,2331674.95819000
1784937600000,0.38360000,0.38460000,0.37450000,0.37520000,4122173.50000000,1561189.34960000
1784952000000,0.37520000,0.37960000,0.37360000,0.37700000,2439468.50000000,918513.99963000
1784966400000,0.37720000,0.38400000,0.37190000,0.38020000,4880969.10000000,1845224.65978000
1784980800000,0.38020000,0.38460000,0.37860000,0.38130000,2637183.50000000,1005963.82581000
1784995200000,0.38130000,0.38610000,0.38070000,0.38300000,2608326.60000000,1000993.71654000
1785009600000,0.38300000,0.38350000,0.37780000,0.37830000,1691294.70000000,643385.15771000
1785024000000,0.37820000,0.38540000,0.37670000,0.38500000,3681506.70000000,1406957.44393000
1785038400000,0.38510000,0.39130000,0.38340000,0.38750000,3631467.90000000,1408200.47040000
1785052800000,0.38730000,0.38930000,0.38400000,0.38450000,3112195.30000000,1202401.41336000
1785067200000,0.38460000,0.39660000,0.38220000,0.39590000,5121010.90000000,1985669.94402000
1785081600000,0.39600000,0.40930000,0.39600000,0.40030000,9228669.40000000,3708468.59381000
1785096000000,0.40020000,0.40710000,0.39620000,0.40510000,4119575.50000000,1660344.50435000
1785110400000,0.40500000,0.41390000,0.40080000,0.40570000,6840990.40000000,2790345.72608000
1785124800000,0.40580000,0.41780000,0.40390000,0.41480000,5020867.40000000,2067833.38927000
1785139200000,0.41480000,0.41870000,0.40570000,0.40590000,6054554.70000000,2496362.90558000
1785153600000,0.40580000,0.41830000,0.39890000,0.40310000,9961310.30000000,4063966.38886000
1785168000000,0.40310000,0.41290000,0.39830000,0.40450000,5632093.30000000,2287466.65168000
1785182400000,0.40460000,0.40560000,0.39090000,0.39420000,5351724.40000000,2123195.11979000
1785196800000,0.39430000,0.39610000,0.38700000,0.39210000,4701606.10000000,1839661.57288000
1785211200000,0.39220000,0.39700000,0.38820000,0.39020000,2529784.60000000,992339.96617000
1785225600000,0.39040000,0.39140000,0.38430000,0.38950000,3835456.60000000,1488048.02613000
1785240000000,0.38940000,0.41300000,0.38830000,0.41000000,10483103.60000000,4216790.70287000
1785254400000,0.41000000,0.41420000,0.40040000,0.40610000,4964723.70000000,2016962.78918000
1785268800000,0.40620000,0.41240000,0.40250000,0.40620000,4867323.30000000,1985300.36966000
1785283200000,0.40630000,0.40860000,0.39270000,0.39420000,3331162.30000000,1334752.73818000
1785297600000,0.39430000,0.40730000,0.39220000,0.40480000,3763716.00000000,1509964.07467000
1785312000000,0.40490000,0.40950000,0.40100000,0.40400000,3724748.40000000,1509034.44951000
1785326400000,0.40390000,0.40390000,0.39190000,0.39360000,5315540.30000000,2114330.71437000
1785340800000,0.39370000,0.41200000,0.39110000,0.39830000,6937432.10000000,2784093.73866000
1785355200000,0.39830000,0.40820000,0.39240000,0.40380000,4423499.30000000,1774148.38885000
1785369600000,0.40390000,0.41150000,0.40050000,0.40270000,3333738.80000000,1356035.21742000
1785384000000,0.40290000,0.41070000,0.39960000,0.40940000,3627190.10000000,1473983.13049000
1785398400000,0.40940000,0.42410000,0.40860000,0.42180000,9516732.10000000,3965173.94237000
1785412800000,0.42170000,0.42790000,0.41650000,0.41860000,9722552.40000000,4106563.25888000
1785427200000,0.41860000,0.42780000,0.41210000,0.42090000,7851210.00000000,3285274.22001000
1785441600000,0.42090000,0.42360000,0.41550000,0.41600000,3103618.90000000,1299519.46999000
1785456000000,0.41600000,0.41930000,0.40570000,0.40800000,5445171.20000000,2240002.19862000
1785470400000,0.40800000,0.40860000,0.40120000,0.40440000,4434803.80000000,1792925.95758000
1785484800000,0.40430000,0.40790000,0.39940000,0.40230000,3776779.80000000,1526049.17922000
1785499200000,0.40240000,0.40570000,0.39620000,0.39820000,6768739.10000000,2715338.48265000
1785513600000,0.39820000,0.40100000,0.39460000,0.39670000,3696000.80000000,1470719.89017000
1785528000000,0.39670000,0.39710000,0.38910000,0.39020000,3930477.60000000,1543947.39812000
1785542400000,0.39030000,0.39370000,0.38930000,0.39210000,3441864.00000000,1349417.55868000
1785556800000,0.39220000,0.39340000,0.38480000,0.38640000,4188962.90000000,1624903.64344000
1785571200000,0.38650000,0.38770000,0.38240000,0.38550000,3937070.70000000,1517079.07165000
1785585600000,0.38560000,0.39150000,0.38550000,0.38770000,2911573.80000000,1133394.79615000
1785600000000,0.38780000,0.38840000,0.37850000,0.37850000,3916183.90000000,1499124.56829000
1785614400000,0.37850000,0.38400000,0.37640000,0.38000000,2941044.20000000,1119784.64631000
1785628800000,0.38010000,0.39600000,0.37920000,0.39430000,4479139.90000000,1738038.08738000
1785643200000,0.39430000,0.39660000,0.38850000,0.39200000,4334082.60000000,1698941.77576000
1785657600000,0.39200000,0.39220000,0.38400000,0.38480000,3368357.70000000,1307595.62097000
1785672000000,0.38480000,0.38710000,0.38370000,0.38510000,2169137.60000000,836461.88608000
1785686400000,0.38500000,0.38960000,0.38360000,0.38930000,1498566.50000000,579885.69832000
1785700800000,0.38940000,0.39130000,0.37710000,0.37970000,6777799.90000000,2599890.03096000
1785715200000,0.37950000,0.37980000,0.36850000,0.37180000,7356788.00000000,2738245.61683000
1785729600000,0.37180000,0.37380000,0.36620000,0.37050000,4591704.40000000,1698799.49169000
1785744000000,0.37050000,0.37300000,0.36810000,0.37200000,2346218.40000000,869912.92229000
1785758400000,0.37210000,0.37960000,0.37120000,0.37580000,4733587.10000000,1778073.16334000
1785772800000,0.37580000,0.37960000,0.37290000,0.37490000,3537412.20000000,1329844.43657000
1785787200000,0.37500000,0.37640000,0.37010000,0.37190000,1888852.20000000,704931.31874000
1785801600000,0.37190000,0.37570000,0.36880000,0.37210000,3517547.90000000,1308266.30291000
1785816000000,0.37220000,0.37360000,0.36430000,0.36970000,4253982.40000000,1571723.36622000
1785830400000,0.36970000,0.37480000,0.36730000,0.37370000,4533257.90000000,1681962.63234000
1785844800000,0.37360000,0.37410000,0.36590000,0.36840000,3754077.30000000,1389317.42616000
1785859200000,0.36840000,0.37620000,0.36540000,0.37450000,5204823.40000000,1930206.20223000
1785873600000,0.37440000,0.37870000,0.37170000,0.37390000,3441964.40000000,1291300.85825000
1785888000000,0.37400000,0.38120000,0.37010000,0.37640000,4103109.30000000,1545412.36425000
1785902400000,0.37630000,0.38710000,0.37600000,0.38170000,4150419.80000000,1586924.05887000
1785916800000,0.38180000,0.38580000,0.37890000,0.38400000,2881580.80000000,1101859.96447000
1785931200000,0.38410000,0.38960000,0.37610000,0.37810000,5658933.30000000,2164806.94880000
1785945600000,0.37810000,0.38390000,0.37610000,0.37630000,2516649.70000000,956184.75103000
1785960000000,0.37630000,0.37730000,0.37270000,0.37390000,2451435.60000000,919569.38779000
1785974400000,0.37400000,0.37540000,0.36960000,0.37170000,2594637.50000000,964540.11915000
1785988800000,0.37170000,0.37740000,0.37140000,0.37370000,2274122.20000000,852106.66728000
1786003200000,0.37370000,0.37590000,0.36750000,0.37160000,5343301.50000000,1982531.43986000
1786017600000,0.37160000,0.37250000,0.36540000,0.36930000,3585062.20000000,1321409.10325000
1786032000000,0.36930000,0.37180000,0.36630000,0.36670000,1157373.10000000,427267.64364000
1786046400000,0.36690000,0.36820000,0.35750000,0.35890000,3917019.70000000,1416647.25409000
1786060800000,0.35890000,0.35940000,0.35070000,0.35090000,5912324.10000000,2100517.94671000
1786075200000,0.35080000,0.35440000,0.34300000,0.34990000,13099789.30000000,4561931.29594000
1786089600000,0.34990000,0.35370000,0.34830000,0.35260000,6484181.40000000,2275317.33452000
1786104000000,0.35250000,0.35510000,0.34810000,0.34930000,6047993.40000000,2131027.50529000
1786118400000,0.34950000,0.35040000,0.34390000,0.34730000,4120898.40000000,1431646.58553000
1786132800000,0.34730000,0.35050000,0.34540000,0.34790000,2759146.80000000,961207.98391000
1786147200000,0.34800000,0.35450000,0.34590000,0.35270000,2196935.20000000,768522.93209000
1786161600000,0.35280000,0.35520000,0.35100000,0.35480000,2026119.60000000,714878.29919000
1786176000000,0.35490000,0.35580000,0.35180000,0.35280000,1438138.80000000,508577.44241000
1786190400000,0.35270000,0.35790000,0.35120000,0.35700000,3015677.10000000,1069336.20486000
1786204800000,0.35700000,0.35930000,0.35380000,0.35490000,2048090.50000000,729899.55493000
1786219200000,0.35480000,0.35580000,0.35150000,0.35190000,1073049.30000000,379483.49112000
1786233600000,0.35200000,0.35220000,0.34600000,0.34900000,2617483.40000000,912214.32494000
1786248000000,0.34910000,0.35040000,0.34620000,0.34790000,1966904.60000000,684927.03007000
1786262400000,0.34790000,0.34970000,0.34720000,0.34800000,1841164.20000000,641499.49616000
1786276800000,0.34790000,0.35450000,0.34720000,0.35420000,2913660.10000000,1023317.81004000
1786291200000,0.35420000,0.35460000,0.35060000,0.35190000,1863441.60000000,657421.44593000
1786305600000,0.35180000,0.35930000,0.34720000,0.34840000,5881587.80000000,2084396.49864000
1786320000000,0.34830000,0.35230000,0.34770000,0.34850000,2688455.50000000,940733.21181000
1786334400000,0.34840000,0.35450000,0.34830000,0.35250000,3486232.60000000,1227255.98265000
1786348800000,0.35260000,0.35430000,0.34940000,0.35400000,2874970.10000000,1010534.12206000
1786363200000,0.35400000,0.35420000,0.34420000,0.34710000,4100920.60000000,1429547.14937000
1786377600000,0.34700000,0.34900000,0.34320000,0.34480000,2833241.90000000,979475.86882000
1786392000000,0.34480000,0.34660000,0.33760000,0.34000000,3089081.40000000,1056733.92630000
1786406400000,0.34010000,0.34260000,0.33660000,0.33990000,4162352.50000000,1411212.08414000
1786420800000,0.33990000,0.34000000,0.33700000,0.33740000,1860831.70000000,630173.66292000
1786435200000,0.33740000,0.34140000,0.33660000,0.33980000,2964565.60000000,1005215.75085000
1786449600000,0.33980000,0.33980000,0.33120000,0.33330000,5944210.00000000,1994475.16002000
1786464000000,0.33320000,0.33640000,0.33210000,0.33610000,3287228.70000000,1098048.91100000
1786478400000,0.33610000,0.33790000,0.33470000,0.33600000,1969969.10000000,661636.55986000
1786492800000,0.33590000,0.33880000,0.33490000,0.33610000,2590197.10000000,872545.98102000
1786507200000,0.33610000,0.33750000,0.33110000,0.33390000,4230626.10000000,1414656.35111000
1786521600000,0.33380000,0.33870000,0.33200000,0.33780000,2962923.20000000,994530.82978000
1786536000000,0.33790000,0.34060000,0.33200000,0.33470000,5637145.10000000,1897463.29923000
1786550400000,0.33470000,0.33510000,0.32930000,0.33070000,3265869.40000000,1086508.31653000
1786564800000,0.33080000,0.33260000,0.32560000,0.33050000,2935537.20000000,964235.85889000
1786579200000,0.33040000,0.33570000,0.33030000,0.33480000,2445962.00000000,815007.51779000
1786593600000,0.33500000,0.33720000,0.33430000,0.33480000,1654678.50000000,555371.23923000
1786608000000,0.33480000,0.33650000,0.33220000,0.33250000,2407438.80000000,804945.37398000
1786622400000,0.33240000,0.33980000,0.33200000,0.33480000,3320289.40000000,1117467.35312000
1786636800000,0.33490000,0.33630000,0.33050000,0.33330000,2783673.00000000,928063.84373000
1786651200000,0.33330000,0.33580000,0.33230000,0.33500000,1556635.00000000,520015.83689000
1786665600000,0.33510000,0.33550000,0.33060000,0.33070000,2423297.80000000,807645.84423000
1786680000000,0.33060000,0.33280000,0.32950000,0.33120000,2037390.40000000,675167.09180000
1786694400000,0.33120000,0.33170000,0.32660000,0.32680000,2821124.50000000,926892.96574000
1786708800000,0.32670000,0.32960000,0.32270000,0.32720000,5443616.40000000,1777478.89345000
1786723200000,0.32710000,0.32890000,0.32210000,0.32410000,3295331.10000000,1072745.43577000
1786737600000,0.32410000,0.32730000,0.32140000,0.32730000,1940156.00000000,628602.69911000
1786752000000,0.32740000,0.33150000,0.32710000,0.33050000,2310666.80000000,760984.02417000
1786766400000,0.33060000,0.33110000,0.32610000,0.32630000,2279557.90000000,748690.88073000
1786780800000,0.32630000,0.32820000,0.32550000,0.32600000,2233493.20000000,729642.06392000
1786795200000,0.32590000,0.32960000,0.32570000,0.32710000,1693043.40000000,555194.38909000
1786809600000,0.32710000,0.32740000,0.32460000,0.32560000,1084458.60000000,353581.13492000
1786824000000,0.32560000,0.32600000,0.32330000,0.32350000,1034585.30000000,335719.54355000
1786838400000,0.32360000,0.32830000,0.32210000,0.32480000,2093528.10000000,680118.68491000
1786852800000,0.32480000,0.32540000,0.32320000,0.32430000,1801879.00000000,583880.69693000
1786867200000,0.32430000,0.32710000,0.32400000,0.32620000,1348441.40000000,438957.90278000
1786881600000,0.32610000,0.33410000,0.32550000,0.33280000,3086906.90000000,1017085.90456000
1786896000000,0.33290000,0.33380000,0.33020000,0.33200000,2021226.10000000,670662.78671000
1786910400000,0.33210000,0.33230000,0.32650000,0.33050000,1425255.50000000,469473.93082000
1786924800000,0.33050000,0.33580000,0.32890000,0.33380000,2888330.20000000,963734.64878000
1786939200000,0.33390000,0.33960000,0.33370000,0.33830000,3165360.40000000,1066546.40404000
1786953600000,0.33820000,0.34190000,0.33530000,0.34100000,3087771.40000000,1045369.16522000
1786968000000,0.34110000,0.34230000,0.33680000,0.33870000,4119287.60000000,1397646.53139000
1786982400000,0.33880000,0.33880000,0.33250000,0.33310000,2624649.80000000,881217.92992000
1786996800000,0.33300000,0.33670000,0.33210000,0.33640000,1562307.60000000,521864.12601000
1787011200000,0.33640000,0.33660000,0.32770000,0.33040000,3554090.40000000,1180836.72080000
1787025600000,0.33050000,0.33290000,0.32880000,0.32940000,1673566.90000000,553000.92321000
1787040000000,0.32940000,0.33200000,0.32790000,0.33150000,1130127.50000000,372961.83223000
1787054400000,0.33160000,0.33460000,0.32830000,0.33390000,3617194.20000000,1197057.14025000
1787068800000,0.33400000,0.33440000,0.32990000,0.33080000,1401343.90000000,464675.79018000
1787083200000,0.33090000,0.33100000,0.32350000,0.32630000,3028036.70000000,988935.67981000
1787097600000,0.32640000,0.32650000,0.32160000,0.32570000,2560923.00000000,829741.40449000
1787112000000,0.32580000,0.32590000,0.32230000,0.32450000,1685390.00000000,546568.41105000
1787126400000,0.32450000,0.32680000,0.32300000,0.32590000,1713380.60000000,556188.75683000
1787140800000,0.32590000,0.35000000,0.32520000,0.34030000,11922259.90000000,4041836.14522000
1787155200000,0.34020000,0.34170000,0.33560000,0.34120000,5426818.20000000,1841023.98452000
1787169600000,0.34110000,0.35530000,0.34070000,0.34720000,12704984.90000000,4434098.96025000
1787184000000,0.34710000,0.35220000,0.34130000,0.34200000,6153905.40000000,2138385.24213000
1787198400000,0.34180000,0.34750000,0.34140000,0.34360000,4854927.50000000,1673533.67149000
1787212800000,0.34360000,0.35680000,0.34290000,0.35340000,11518822.60000000,4047956.92090000
1787227200000,0.35330000,0.35800000,0.34710000,0.35700000,11476580.60000000,4044048.40452000
1787241600000,0.35700000,0.36240000,0.34670000,0.34740000,9517728.90000000,3371771.07817000
1787256000000,0.34750000,0.35730000,0.34660000,0.35560000,7239130.20000000,2548933.73800000
1787270400000,0.35570000,0.36940000,0.35280000,0.36400000,13668563.90000000,4942705.09380000
1787284800000,0.36400000,0.37570000,0.36250000,0.37400000,10003552.80000000,3678623.44989000
1787299200000,0.37410000,0.38220000,0.36670000,0.37220000,18343025.50000000,6874123.02538000
1787313600000,0.37230000,0.40060000,0.37110000,0.39960000,18346973.40000000,7089178.29315000
1787328000000,0.39960000,0.40660000,0.37520000,0.37910000,17924548.00000000,7053644.23406000
1787342400000,0.37920000,0.40290000,0.37770000,0.39680000,10199005.30000000,4008101.38882000
1787356800000,0.39680000,0.42480000,0.39310000,0.41930000,20805422.20000000,8494589.36654000
1787371200000,0.41940000,0.42820000,0.33840000,0.38410000,39322466.40000000,15298736.76903000
1787385600000,0.38430000,0.38440000,0.36050000,0.37070000,17248828.40000000,6406681.01618000
1787400000000,0.37060000,0.37700000,0.36290000,0.36820000,12659817.50000000,4679853.38968000
1787414400000,0.36810000,0.37680000,0.36650000,0.37380000,4903718.40000000,1831132.05135000
1787428800000,0.37380000,0.37790000,0.36250000,0.36360000,6900900.50000000,2539301.31891000
1787443200000,0.36370000,0.37040000,0.35280000,0.35600000,12556862.50000000,4547657.56893000
1787457600000,0.35590000,0.35940000,0.34810000,0.35730000,10615734.80000000,3758958.67107000
1787472000000,0.35720000,0.37540000,0.35620000,0.37020000,11675533.40000000,4271817.62355000
1787486400000,0.37030000,0.38940000,0.36820000,0.38440000,15173169.50000000,5747244.11763000
1787500800000,0.38450000,0.39180000,0.37830000,0.38110000,12556281.10000000,4843816.96999000
1787515200000,0.38110000,0.38900000,0.37880000,0.38270000,4915154.00000000,1889442.34197000
1787529600000,0.38280000,0.38310000,0.36570000,0.36950000,9777944.30000000,3650573.63214000
1787544000000,0.36960000,0.37610000,0.36940000,0.37330000,5795499.00000000,2162411.80489000
1787558400000,0.37340000,0.38330000,0.36780000,0.38110000,6986989.80000000,2624905.95329000
1787572800000,0.38110000,0.38870000,0.37390000,0.37680000,17021401.60000000,6498571.05737000
1787587200000,0.37680000,0.38590000,0.37230000,0.38190000,11959632.50000000,4538921.69063000
1787601600000,0.38210000,0.38790000,0.37960000,0.38190000,4889366.60000000,1875161.40405000
1787616000000,0.38180000,0.39930000,0.37920000,0.39170000,13414197.90000000,5249208.19304000
1787630400000,0.39170000,0.39630000,0.37940000,0.38220000,9380437.80000000,3660501.91862000
1787644800000,0.38230000,0.38710000,0.37730000,0.37780000,7384927.20000000,2819750.09984000
1787659200000,0.37790000,0.37960000,0.36750000,0.37340000,8083202.70000000,3012862.98134000
1787673600000,0.37340000,0.37430000,0.36860000,0.36910000,2913446.30000000,1081611.29594000
1787688000000,0.36900000,0.36970000,0.35630000,0.36390000,6357826.50000000,2314115.42113000
1787702400000,0.36390000,0.36980000,0.36090000,0.36700000,2992250.70000000,1096097.70452000
1787716800000,0.36690000,0.37060000,0.36440000,0.36670000,2256227.80000000,828047.14039000
1787731200000,0.36670000,0.37070000,0.36110000,0.36570000,3919782.30000000,1432527.74909000
1787745600000,0.36580000,0.37010000,0.35520000,0.35900000,6083885.50000000,2202147.74754000
1787760000000,0.35900000,0.36480000,0.35660000,0.36450000,2654822.00000000,959643.90131000
1787774400000,0.36440000,0.37550000,0.35990000,0.37460000,3931178.10000000,1448741.78154000
1787788800000,0.37450000,0.37650000,0.36860000,0.37040000,4284096.30000000,1593557.35756000
1787803200000,0.37050000,0.37320000,0.36620000,0.37280000,2892926.40000000,1071778.63956000
1787817600000,0.37290000,0.38090000,0.37000000,0.37290000,8258873.20000000,3099518.93479000
1787832000000,0.37280000,0.37990000,0.37150000,0.37880000,6396649.70000000,2409724.50536000
1787846400000,0.37890000,0.38420000,0.37370000,0.37510000,6468700.90000000,2451359.19686000
1787860800000,0.37510000,0.38260000,0.37330000,0.37710000,8051523.70000000,3045910.97173000
1787875200000,0.37710000,0.38690000,0.36850000,0.37040000,6338433.90000000,2383155.75410000
1787889600000,0.37040000,0.37320000,0.36740000,0.36810000,4559218.70000000,1684768.71268000
1787904000000,0.36830000,0.37100000,0.36380000,0.36780000,4702346.70000000,1727730.03548000
1787918400000,0.36780000,0.37250000,0.35990000,0.36090000,7630052.80000000,2795906.68434000
1787932800000,0.36110000,0.36180000,0.35010000,0.35300000,8840036.10000000,3141884.95670000
1787947200000,0.35280000,0.35650000,0.35140000,0.35640000,2364776.10000000,837594.56194000
1787961600000,0.35630000,0.35740000,0.35010000,0.35010000,2417986.90000000,854053.87809000
1787976000000,0.35010000,0.35230000,0.34820000,0.34880000,2909507.30000000,1018537.61528000
1787990400000,0.34870000,0.35090000,0.34720000,0.34970000,2279616.50000000,795918.09833000
1788004800000,0.34970000,0.35560000,0.34930000,0.35370000,3419379.90000000,1204773.92980000
1788019200000,0.35380000,0.35550000,0.35050000,0.35340000,2326481.60000000,821537.57783000
1788033600000,0.35340000,0.35460000,0.35150000,0.35320000,1329011.00000000,469402.27741000
1788048000000,0.35320000,0.35400000,0.34960000,0.35070000,2221965.50000000,780205.85035000
1788062400000,0.35060000,0.35810000,0.35030000,0.35500000,2465655.80000000,874331.34443000
1788076800000,0.35500000,0.35590000,0.35190000,0.35590000,2499722.90000000,884577.98898000
1788091200000,0.35590000,0.36310000,0.35540000,0.35860000,4910555.90000000,1762991.48302000
1788105600000,0.35870000,0.36370000,0.35770000,0.35800000,6773019.80000000,2443253.97669000
1788120000000,0.35800000,0.35950000,0.33830000,0.34410000,8427526.90000000,2932941.03556000
1788134400000,0.34410000,0.34800000,0.34070000,0.34580000,3218231.40000000,1109735.83492000
1788148800000,0.34580000,0.34980000,0.34270000,0.34850000,2822283.10000000,979520.45054000
1788163200000,0.34850000,0.35010000,0.34550000,0.34630000,2810151.10000000,976839.70566000
1788177600000,0.34630000,0.34840000,0.34170000,0.34400000,3745836.80000000,1292007.76185000
1788192000000,0.34400000,0.35000000,0.34250000,0.34690000,4007113.80000000,1387751.61279000
1788206400000,0.34690000,0.34960000,0.34440000,0.34610000,1794183.60000000,622661.25900000
1788220800000,0.34610000,0.35040000,0.34500000,0.34890000,2767932.40000000,961359.02039000
1788235200000,0.34900000,0.35450000,0.34790000,0.35010000,4272779.60000000,1499422.49138000
1788249600000,0.35020000,0.35140000,0.34380000,0.34930000,4463653.70000000,1549177.04216000
1788264000000,0.34940000,0.34970000,0.34240000,0.34630000,7460860.40000000,2577464.40149000
1788278400000,0.34630000,0.34650000,0.33710000,0.34250000,4851983.20000000,1659086.07002000
1788292800000,0.34260000,0.34360000,0.33810000,0.34060000,2222135.60000000,756415.86224000
1788307200000,0.34070000,0.34420000,0.33570000,0.34270000,3831602.00000000,1301727.80113000
1788321600000,0.34270000,0.34530000,0.34100000,0.34270000,2362061.20000000,810754.99044000
1788336000000,0.34280000,0.34500000,0.33730000,0.34180000,5425792.60000000,1851058.48876000
1788350400000,0.34180000,0.34540000,0.33900000,0.34130000,3101094.30000000,1060065.54368000
1788364800000,0.34120000,0.34300000,0.33830000,0.34210000,2233240.50000000,761732.71941000
1788379200000,0.34220000,0.34870000,0.34200000,0.34840000,2665328.60000000,920089.57245000
1788393600000,0.34830000,0.35500000,0.34530000,0.34960000,5515122.10000000,1935490.90492000
1788408000000,0.34970000,0.35440000,0.34740000,0.35120000,3095300.80000000,1088015.60052000
1788422400000,0.35130000,0.35730000,0.35020000,0.35510000,4329136.70000000,1531081.56118000
1788436800000,0.35500000,0.37230000,0.35370000,0.37120000,10006507.50000000,3627114.06903000
1788451200000,0.37130000,0.37180000,0.36540000,0.36740000,5199725.00000000,1914012.42040000
1788465600000,0.36730000,0.36920000,0.36090000,0.36300000,4320315.20000000,1577395.16641000
1788480000000,0.36300000,0.36630000,0.35970000,0.36340000,3901512.10000000,1417116.61081000
1788494400000,0.36340000,0.36620000,0.35870000,0.36110000,3493341.10000000,1264003.85704000
1788508800000,0.36120000,0.36960000,0.36030000,0.36680000,5823751.80000000,2131600.95167000
1788523200000,0.36690000,0.36760000,0.34950000,0.35380000,12254006.00000000,4375608.21914000
1788537600000,0.35370000,0.36130000,0.35250000,0.35830000,5252294.10000000,1873331.58386000
1788552000000,0.35840000,0.35910000,0.35460000,0.35760000,2638855.90000000,942466.35242000
1788566400000,0.35760000,0.37000000,0.35720000,0.36740000,6754796.10000000,2467727.03088000
1788580800000,0.36750000,0.37650000,0.36590000,0.36970000,9638887.30000000,3581257.74336000
1788595200000,0.36960000,0.37040000,0.36730000,0.36940000,4243394.70000000,1564742.67724000
1788609600000,0.36950000,0.37350000,0.36790000,0.36890000,3983959.20000000,1475623.94790000
1788624000000,0.36890000,0.37140000,0.36720000,0.36910000,4247631.00000000,1567342.89372000
1788638400000,0.36920000,0.37410000,0.36840000,0.37010000,2776985.20000000,1029674.71839000
1788652800000,0.37020000,0.37990000,0.37000000,0.37660000,4385718.90000000,1647906.61060000
1788667200000,0.37660000,0.37780000,0.37140000,0.37570000,4098945.30000000,1535927.07936000
1788681600000,0.37590000,0.38120000,0.37310000,0.37990000,5096885.80000000,1925067.70969000
1788696000000,0.37990000,0.38190000,0.37080000,0.37430000,6192476.20000000,2335358.20674000
1788710400000,0.37440000,0.38030000,0.37360000,0.37760000,4031254.40000000,1521968.01342000
1788724800000,0.37760000,0.38850000,0.37690000,0.38760000,5604140.00000000,2147729.10012000
1788739200000,0.38750000,0.39530000,0.37900000,0.38130000,10106633.50000000,3907185.18672000
1788753600000,0.38150000,0.38960000,0.37820000,0.38200000,7558520.00000000,2907504.26795000
1788768000000,0.38200000,0.39740000,0.38190000,0.38480000,9769886.20000000,3811777.14297000
1788782400000,0.38490000,0.39370000,0.37550000,0.37840000,11981503.60000000,4614595.73064000
1788796800000,0.37830000,0.39140000,0.37810000,0.38730000,7799937.30000000,3016252.03254000
1788811200000,0.38720000,0.38760000,0.37870000,0.38380000,3494966.60000000,1340632.42159000
1788825600000,0.38370000,0.39050000,0.37670000,0.37940000,8847705.20000000,3386668.27322000
1788840000000,0.37930000,0.38040000,0.37270000,0.37610000,5613496.60000000,2113155.47595000
1788854400000,0.37600000,0.38350000,0.37360000,0.37680000,6113022.50000000,2316219.08065000
1788868800000,0.37670000,0.38570000,0.36930000,0.38560000,6917314.80000000,2606959.77320000
1788883200000,0.38560000,0.38590000,0.37310000,0.37590000,8165522.70000000,3085145.63690000
1788897600000,0.37600000,0.37980000,0.37350000,0.37470000,3022571.80000000,1135781.23948000
1788912000000,0.37480000,0.37750000,0.36980000,0.37040000,5762350.20000000,2146645.28655000
1788926400000,0.37040000,0.38020000,0.37040000,0.37900000,4898459.00000000,1844059.93475000
1788940800000,0.37910000,0.38120000,0.37260000,0.37760000,5463854.00000000,2057487.72493000
1788955200000,0.37770000,0.38010000,0.36430000,0.36910000,7905460.90000000,2949892.16782000
1788969600000,0.36900000,0.37250000,0.36490000,0.36500000,5004190.20000000,1850732.47937000
1788984000000,0.36510000,0.36740000,0.35330000,0.35970000,7559103.90000000,2724932.14177000
1788998400000,0.35970000,0.36310000,0.35370000,0.35950000,6820697.20000000,2440774.27448000
1789012800000,0.35950000,0.36150000,0.35260000,0.35390000,4665004.80000000,1666029.96492000
1789027200000,0.35380000,0.35510000,0.35170000,0.35260000,6063299.00000000,2143506.03616000
1789041600000,0.35260000,0.35380000,0.34570000,0.34850000,13269353.70000000,4639818.28495000
1789056000000,0.34840000,0.35160000,0.34290000,0.34700000,6819836.00000000,2367493.45398000
1789070400000,0.34710000,0.34970000,0.34210000,0.34260000,7375335.10000000,2556402.65981000
1789084800000,0.34280000,0.34850000,0.34280000,0.34770000,2725123.70000000,942596.31425000
1789099200000,0.34770000,0.35230000,0.34740000,0.34940000,2471984.30000000,865970.51529000
1789113600000,0.34950000,0.35250000,0.34400000,0.34730000,2760145.80000000,960301.41741000
1789128000000,0.34730000,0.36900000,0.34310000,0.35590000,12922388.30000000,4621652.71468000
1789142400000,0.35580000,0.36020000,0.34910000,0.35250000,4969735.50000000,1762641.53748000
1789156800000,0.35250000,0.35470000,0.34640000,0.35060000,2690406.20000000,943218.24503000
1789171200000,0.35060000,0.35210000,0.34950000,0.35040000,2185443.40000000,766598.22417000
1789185600000,0.35050000,0.35210000,0.34870000,0.35180000,1615528.80000000,566078.34901000
1789200000000,0.35180000,0.35340000,0.35060000,0.35260000,2117670.30000000,745320.66014000
1789214400000,0.35260000,0.35360000,0.34930000,0.35350000,3644749.70000000,1282128.89645000
1789228800000,0.35330000,0.35360000,0.34670000,0.34770000,6271822.00000000,2199078.51749000
1789243200000,0.34780000,0.34900000,0.34760000,0.34870000,1791748.30000000,624064.25490000
1789257600000,0.34870000,0.35070000,0.34650000,0.34660000,7217031.30000000,2516011.25025000
1789272000000,0.34660000,0.34810000,0.34480000,0.34540000,2177641.00000000,754330.59300000
1789286400000,0.34530000,0.34570000,0.34110000,0.34390000,3033055.30000000,1040595.87587000
1789300800000,0.34390000,0.34910000,0.34200000,0.34460000,2339566.60000000,809394.13158000
1789315200000,0.34460000,0.35300000,0.34460000,0.35000000,2333517.20000000,815203.82802000
1789329600000,0.35010000,0.35190000,0.34200000,0.34260000,2664035.30000000,924711.63466000
1789344000000,0.34270000,0.35420000,0.33930000,0.35300000,5244962.70000000,1817367.36690000
1789358400000,0.35290000,0.35830000,0.35110000,0.35590000,5778582.40000000,2049539.82667000
1789372800000,0.35590000,0.35870000,0.35260000,0.35420000,5557330.20000000,1976736.80870000
1789387200000,0.35420000,0.35570000,0.34850000,0.35220000,5521880.90000000,1945010.74557000
1789401600000,0.35210000,0.36110000,0.35140000,0.35890000,5667048.30000000,2025183.63826000
1789416000000,0.35900000,0.36520000,0.35410000,0.35480000,5079190.90000000,1829023.34885000
1789430400000,0.35480000,0.35500000,0.35070000,0.35220000,2467562.70000000,872377.75850000
1789444800000,0.35210000,0.35370000,0.34620000,0.34670000,3367147.40000000,1179346.66795000
1789459200000,0.34680000,0.35000000,0.34580000,0.34720000,2445903.10000000,850800.62215000
1789473600000,0.34730000,0.35280000,0.33700000,0.34300000,7214862.30000000,2485896.47122000
1789488000000,0.34300000,0.34690000,0.32770000,0.33490000,12607861.30000000,4240844.88317000
1789502400000,0.33490000,0.33560000,0.32560000,0.32820000,5623561.90000000,1852851.26223000
1789516800000,0.32840000,0.32960000,0.32300000,0.32810000,6019895.00000000,1967710.11038000
1789531200000,0.32820000,0.33070000,0.32610000,0.32630000,4265518.30000000,1399058.88520000
1789545600000,0.32630000,0.33010000,0.32390000,0.32910000,5262166.20000000,1718067.69984000
1789560000000,0.32910000,0.33350000,0.32410000,0.32760000,7464250.00000000,2451403.48484000
1789574400000,0.32770000,0.34140000,0.32690000,0.33830000,9948767.10000000,3320325.97241000
1789588800000,0.33850000,0.34930000,0.33620000,0.34750000,6453784.80000000,2207471.62277000
1789603200000,0.34750000,0.35590000,0.34720000,0.35060000,9925761.40000000,3488829.68024000
1789617600000,0.35060000,0.35480000,0.34660000,0.35220000,6284204.20000000,2207489.56600000
1789632000000,0.35230000,0.35500000,0.34760000,0.35020000,6273948.10000000,2205240.94698000
1789646400000,0.35030000,0.37910000,0.34970000,0.37280000,35200192.70000000,12952242.56797000
1789660800000,0.37290000,0.37990000,0.36750000,0.37430000,12267952.50000000,4590875.12762000
1789675200000,0.37430000,0.37580000,0.36600000,0.37230000,5679783.60000000,2108929.83315000
1789689600000,0.37230000,0.39640000,0.37230000,0.38890000,19316427.40000000,7484044.82949000
1789704000000,0.38890000,0.39110000,0.37970000,0.38470000,12786418.20000000,4931544.79166000
1789718400000,0.38470000,0.39390000,0.38300000,0.39110000,9999481.60000000,3884595.12613000
1789732800000,0.39100000,0.40240000,0.38920000,0.39660000,21091678.90000000,8345890.20991000
1789747200000,0.39660000,0.40280000,0.39510000,0.39830000,11766589.20000000,4689423.85259000
1789761600000,0.39820000,0.40280000,0.39450000,0.39870000,6947891.80000000,2767317.83860000
1789776000000,0.39870000,0.41530000,0.39530000,0.40790000,12238262.80000000,4971621.65197000
1789790400000,0.40780000,0.41120000,0.39340000,0.39450000,7763512.00000000,3109005.53909000
1789804800000,0.39470000,0.41540000,0.39370000,0.40940000,9021380.00000000,3670780.61308000
1789819200000,0.40930000,0.44340000,0.40890000,0.43460000,31875922.60000000,13675675.08544000
1789833600000,0.43470000,0.44050000,0.42370000,0.42480000,11724891.60000000,5081278.71744000
1789848000000,0.42480000,0.42690000,0.41140000,0.42030000,8185795.90000000,3428914.07879000
1789862400000,0.42020000,0.42300000,0.40110000,0.40650000,11927182.80000000,4901346.54145000
1789876800000,0.40660000,0.41140000,0.40450000,0.40770000,4178689.90000000,1706056.93839000
1789891200000,0.40770000,0.41570000,0.40450000,0.41340000,6812068.90000000,2793416.63904000
1789905600000,0.41330000,0.41740000,0.40550000,0.41700000,6311567.00000000,2596029.06264000
1789920000000,0.41700000,0.43430000,0.41530000,0.42780000,12337037.80000000,5239810.11160000
1789934400000,0.42770000,0.43950000,0.42040000,0.43260000,11424063.10000000,4927304.13219000
