open_time,open,high,low,close,volume,quote_volume
1704067200000,101.72000000,104.75000000,101.51000000,103.07000000,691468.73000000,71248542.96390000
1704081600000,103.07000000,103.98000000,101.44000000,102.51000000,425646.11000000,43564500.05130000
1704096000000,102.49000000,104.95000000,101.78000000,104.32000000,644538.73000000,66894049.80820000
1704110400000,104.33000000,106.39000000,103.86000000,105.98000000,779092.49000000,81912334.53690000
1704124800000,105.99000000,109.07000000,105.83000000,108.81000000,1012433.63000000,108942431.31780000
1704139200000,108.82000000,109.93000000,107.12000000,109.91000000,850130.68000000,92201924.43080000
1704153600000,109.93000000,113.15000000,108.46000000,111.41000000,1512690.67000000,167810513.48710000
1704168000000,111.41000000,114.70000000,110.89000000,114.47000000,1025196.57000000,115837242.89200000
1704182400000,114.47000000,116.95000000,112.55000000,113.86000000,1689851.48000000,194416129.78790000
1704196800000,113.86000000,114.38000000,107.66000000,109.61000000,1631668.33000000,181438995.70590000
1704211200000,109.62000000,110.48000000,106.36000000,107.67000000,1187643.71000000,128824486.79760000
1704225600000,107.67000000,108.90000000,106.02000000,106.73000000,784315.29000000,84374457.44560000
1704240000000,106.72000000,108.70000000,106.48000000,108.11000000,722979.07000000,77802973.00110000
1704254400000,108.11000000,109.90000000,107.09000000,107.81000000,911634.67000000,99048966.84410000
1704268800000,107.80000000,109.38000000,102.30000000,103.42000000,1808389.76000000,192918610.97950000
1704283200000,103.42000000,103.47000000,85.00000000,102.06000000,5272547.84000000,512867807.28680000
1704297600000,102.03000000,103.30000000,95.21000000,97.38000000,2476710.43000000,245094619.17660000
1704312000000,97.38000000,100.52000000,97.22000000,98.52000000,1028798.61000000,101947895.47680000
1704326400000,98.52000000,102.00000000,97.54000000,101.10000000,1015153.15000000,101355787.48300000
1704340800000,101.10000000,101.67000000,98.75000000,98.88000000,852262.81000000,85581013.86340000
1704355200000,98.89000000,99.26000000,96.60000000,98.51000000,955438.12000000,93812265.53040000
1704369600000,98.51000000,104.40000000,97.98000000,103.66000000,1641309.79000000,166148051.09820000
1704384000000,103.66000000,106.86000000,101.49000000,105.16000000,1539521.95000000,159701079.78580000
1704398400000,105.16000000,108.15000000,104.29000000,104.91000000,1231797.13000000,130865919.54080000
1704412800000,104.91000000,105.48000000,98.50000000,100.95000000,1322337.22000000,134987331.60450000
1704427200000,100.92000000,102.23000000,99.99000000,101.15000000,871011.61000000,88141431.71600000
1704441600000,101.16000000,103.17000000,99.07000000,99.62000000,1151219.59000000,116543617.15760000
1704456000000,99.63000000,101.44000000,96.72000000,98.03000000,1468753.85000000,145695500.65710000
1704470400000,98.03000000,98.89000000,95.23000000,97.95000000,1181102.33000000,114993605.63650000
1704484800000,97.96000000,100.47000000,97.68000000,99.94000000,709142.61000000,70293101.49230000
1704499200000,99.93000000,100.30000000,97.76000000,98.66000000,508097.15000000,50160151.56260000
1704513600000,98.66000000,98.92000000,91.53000000,94.50000000,1572363.83000000,148110729.15290000
1704528000000,94.51000000,95.70000000,93.70000000,94.45000000,700329.54000000,66337039.51900000
1704542400000,94.45000000,96.57000000,92.82000000,95.18000000,773560.19000000,73442066.32510000
1704556800000,95.18000000,97.24000000,94.52000000,95.05000000,847744.84000000,81306669.46240000
1704571200000,95.05000000,95.65000000,92.23000000,93.77000000,749382.48000000,70260505.24660000
1704585600000,93.77000000,96.30000000,91.00000000,92.90000000,966038.99000000,90724479.88850000
1704600000000,92.90000000,95.75000000,92.53000000,95.25000000,997161.49000000,94140833.87620000
1704614400000,95.26000000,95.62000000,92.91000000,94.53000000,642834.59000000,60510594.08680000
1704628800000,94.53000000,96.80000000,93.19000000,93.96000000,894548.14000000,85306822.01300000
1704643200000,93.96000000,95.00000000,93.00000000,94.75000000,588268.12000000,55425816.98700000
1704657600000,94.76000000,95.31000000,87.68000000,89.44000000,1458482.82000000,131998452.53680000
1704672000000,89.44000000,90.90000000,85.16000000,87.25000000,2096259.51000000,184954402.82870000
1704686400000,87.24000000,91.00000000,86.91000000,89.68000000,1228052.81000000,109625281.04980000
1704700800000,89.68000000,92.24000000,88.48000000,92.23000000,986399.20000000,89208816.38180000
1704715200000,92.23000000,95.56000000,92.20000000,94.67000000,2173413.10000000,204505630.08940000
1704729600000,94.69000000,99.97000000,93.76000000,99.26000000,2243530.31000000,217947749.55560000
1704744000000,99.26000000,99.43000000,96.40000000,97.88000000,949842.20000000,92699152.27940000
1704758400000,97.88000000,99.80000000,95.25000000,99.79000000,1317450.69000000,128869204.29350000
1704772800000,99.80000000,103.95000000,99.47000000,101.87000000,1593493.38000000,162525082.40120000
1704787200000,101.87000000,102.67000000,99.49000000,101.88000000,1038978.24000000,105057169.69800000
1704801600000,101.88000000,102.38000000,95.91000000,99.80000000,1665185.72000000,166867879.23240000
1704816000000,99.79000000,101.44000000,98.17000000,99.29000000,994213.37000000,99524449.79600000
1704830400000,99.30000000,104.89000000,95.50000000,99.36000000,1965609.27000000,194153066.55160000
1704844800000,99.36000000,100.21000000,97.53000000,99.65000000,709492.88000000,70284427.79470000
1704859200000,99.65000000,100.42000000,98.01000000,98.12000000,384074.56000000,38002623.50500000
1704873600000,98.13000000,98.27000000,96.28000000,97.31000000,776426.81000000,75510973.44430000
1704888000000,97.32000000,97.74000000,91.68000000,94.78000000,1930144.23000000,181236778.05210000
1704902400000,94.77000000,98.39000000,93.99000000,96.31000000,1384266.48000000,133121856.94230000
1704916800000,96.30000000,105.52000000,93.00000000,102.00000000,3449875.11000000,346116142.86700000
1704931200000,101.99000000,102.15000000,99.16000000,100.32000000,1224556.67000000,122869868.48350000
1704945600000,100.32000000,101.73000000,98.00000000,99.72000000,1007025.24000000,100702468.83900000
1704960000000,99.71000000,104.59000000,99.55000000,104.43000000,1233820.61000000,126285122.03580000
1704974400000,104.44000000,107.32000000,99.00000000,100.79000000,3350808.66000000,351051835.17920000
1704988800000,100.79000000,101.53000000,97.67000000,101.36000000,1492324.36000000,148826890.75510000
1705003200000,101.36000000,102.40000000,99.07000000,99.90000000,678147.41000000,68131540.13070000
1705017600000,99.89000000,100.34000000,97.47000000,97.73000000,637138.59000000,62952524.88170000
1705032000000,97.72000000,100.49000000,97.65000000,98.83000000,642555.02000000,63589201.70560000
1705046400000,98.83000000,99.13000000,97.58000000,98.22000000,730438.81000000,71836640.01490000
1705060800000,98.22000000,99.30000000,95.00000000,95.32000000,1335846.06000000,129943906.38340000
1705075200000,95.33000000,96.69000000,92.68000000,95.21000000,1380457.58000000,131138478.85490000
1705089600000,95.22000000,95.91000000,87.00000000,92.12000000,1735754.18000000,158266773.85610000
1705104000000,92.14000000,92.65000000,89.51000000,91.08000000,831445.34000000,75852606.24980000
1705118400000,91.08000000,93.31000000,90.92000000,92.56000000,538435.03000000,49731465.62170000
1705132800000,92.56000000,93.19000000,91.52000000,92.24000000,425308.87000000,39264240.35420000
1705147200000,92.23000000,93.35000000,91.09000000,92.89000000,562896.82000000,51895134.20170000
1705161600000,92.90000000,95.70000000,91.57000000,94.80000000,647806.00000000,60599863.68790000
1705176000000,94.80000000,97.05000000,94.70000000,95.85000000,1048118.86000000,100671271.41460000
1705190400000,95.85000000,96.99000000,94.32000000,96.93000000,774777.38000000,74088645.72920000
1705204800000,96.92000000,98.85000000,95.97000000,98.28000000,734258.02000000,71553916.89130000
1705219200000,98.28000000,98.60000000,96.59000000,96.74000000,488834.64000000,47605119.51960000
1705233600000,96.75000000,99.74000000,96.26000000,99.49000000,823949.84000000,80859307.70800000
1705248000000,99.49000000,102.87000000,96.00000000,96.14000000,1741599.78000000,174268000.34960000
1705262400000,96.14000000,97.71000000,93.62000000,93.81000000,1204485.00000000,115523823.14200000
1705276800000,93.81000000,96.96000000,93.81000000,95.90000000,614603.30000000,58865164.15070000
1705291200000,95.90000000,96.82000000,94.89000000,95.59000000,522311.88000000,50029023.48360000
1705305600000,95.58000000,95.98000000,94.41000000,95.52000000,497964.29000000,47432502.89510000
1705320000000,95.51000000,95.79000000,92.97000000,93.51000000,786246.89000000,74199117.79820000
1705334400000,93.50000000,96.82000000,93.26000000,96.01000000,697166.40000000,66531399.30020000
1705348800000,96.02000000,96.50000000,93.10000000,94.36000000,487685.55000000,46165381.28770000
1705363200000,94.35000000,96.24000000,94.34000000,96.19000000,478122.78000000,45676189.42910000
1705377600000,96.19000000,98.22000000,95.29000000,97.73000000,563768.15000000,54509091.86000000
1705392000000,97.73000000,98.29000000,96.27000000,96.70000000,713722.70000000,69485858.27700000
1705406400000,96.70000000,97.74000000,94.16000000,97.25000000,980008.84000000,94324577.26990000
1705420800000,97.25000000,97.85000000,96.10000000,96.78000000,428566.17000000,41528144.83060000
1705435200000,96.78000000,98.73000000,96.71000000,97.61000000,604099.44000000,59102293.36050000
1705449600000,97.60000000,101.09000000,97.31000000,99.96000000,980928.40000000,97756015.67610000
1705464000000,99.96000000,100.36000000,97.09000000,97.32000000,675565.79000000,66593988.12820000
1705478400000,97.32000000,102.80000000,96.50000000,102.02000000,1444536.51000000,145184355.68920000
1705492800000,102.01000000,102.75000000,99.15000000,99.38000000,1575618.10000000,159206129.96770000
1705507200000,99.37000000,101.30000000,97.25000000,100.79000000,1318994.33000000,130884486.58930000
1705521600000,100.79000000,102.35000000,100.00000000,102.10000000,936663.41000000,94884452.54230000
1705536000000,102.10000000,103.59000000,99.54000000,99.91000000,887064.02000000,89775449.93530000
1705550400000,99.91000000,101.50000000,99.46000000,100.76000000,899489.16000000,90428832.38460000
1705564800000,100.75000000,101.27000000,98.27000000,98.96000000,707369.81000000,70442965.49180000
1705579200000,98.95000000,99.25000000,97.76000000,98.25000000,584810.35000000,57664923.36330000
1705593600000,98.25000000,98.26000000,91.41000000,92.36000000,2169693.49000000,206014801.60510000
1705608000000,92.37000000,94.88000000,92.21000000,94.40000000,968246.17000000,90915263.75420000
1705622400000,94.39000000,94.79000000,91.47000000,93.09000000,835812.16000000,77769533.27680000
1705636800000,93.09000000,95.39000000,92.85000000,94.48000000,530863.14000000,50068829.15190000
1705651200000,94.49000000,95.47000000,93.83000000,94.78000000,472898.75000000,44762478.71880000
1705665600000,94.78000000,94.78000000,90.71000000,91.20000000,1258591.21000000,116711564.63250000
1705680000000,91.21000000,94.73000000,87.04000000,94.12000000,2556711.33000000,231768449.21980000
1705694400000,94.12000000,94.95000000,92.71000000,93.62000000,702566.16000000,65750261.74020000
1705708800000,93.62000000,94.27000000,92.04000000,93.58000000,471481.23000000,43945009.02600000
1705723200000,93.59000000,93.69000000,91.68000000,91.90000000,465936.53000000,43148421.02810000
1705737600000,91.89000000,92.33000000,91.10000000,91.98000000,509572.62000000,46787362.16340000
1705752000000,91.98000000,92.25000000,90.20000000,90.84000000,498680.56000000,45580997.85260000
1705766400000,90.84000000,92.58000000,90.72000000,92.01000000,437341.24000000,40101625.26100000
1705780800000,92.02000000,93.44000000,91.78000000,92.88000000,416373.69000000,38656448.49400000
1705795200000,92.88000000,93.38000000,91.84000000,92.92000000,288149.23000000,26654394.83470000
1705809600000,92.93000000,93.06000000,91.83000000,92.35000000,222610.89000000,20530506.58710000
1705824000000,92.35000000,93.93000000,92.20000000,93.16000000,468292.13000000,43598897.22190000
1705838400000,93.17000000,93.74000000,91.99000000,92.50000000,419642.97000000,39051612.96300000
1705852800000,92.51000000,92.89000000,91.67000000,92.46000000,280109.25000000,25875428.15050000
1705867200000,92.46000000,92.61000000,90.79000000,91.09000000,334947.36000000,30712250.33490000
1705881600000,91.08000000,91.90000000,88.15000000,89.34000000,827111.27000000,74434748.23570000
1705896000000,89.35000000,90.17000000,88.20000000,89.22000000,582506.83000000,52081927.47700000
1705910400000,89.22000000,89.22000000,86.20000000,88.36000000,1150124.98000000,101043425.74540000
1705924800000,88.36000000,90.00000000,85.65000000,87.26000000,1301578.02000000,113974074.80170000
1705939200000,87.29000000,87.67000000,82.06000000,83.64000000,2064016.57000000,175772693.29000000
1705953600000,83.64000000,86.35000000,83.17000000,83.84000000,1140107.15000000,96619953.80900000
1705968000000,83.84000000,85.90000000,83.60000000,85.18000000,672768.13000000,57024663.87480000
1705982400000,85.18000000,86.00000000,82.24000000,82.83000000,611901.84000000,51722346.74250000
1705996800000,82.82000000,83.50000000,79.00000000,80.22000000,2335306.51000000,188255549.66920000
1706011200000,80.21000000,83.40000000,79.00000000,82.71000000,2159919.56000000,174601773.30380000
1706025600000,82.71000000,84.00000000,80.84000000,80.92000000,1508098.52000000,124273957.24110000
1706040000000,80.92000000,84.44000000,80.41000000,84.35000000,996310.77000000,81779737.98580000
1706054400000,84.36000000,85.78000000,83.39000000,83.55000000,1275140.78000000,107853381.67600000
1706068800000,83.57000000,86.84000000,83.30000000,86.16000000,847531.75000000,72075751.25970000
1706083200000,86.16000000,88.57000000,85.94000000,87.21000000,1164441.41000000,101375089.74010000
1706097600000,87.22000000,88.00000000,85.24000000,86.99000000,1224486.77000000,105924467.94290000
1706112000000,86.99000000,87.85000000,85.54000000,86.37000000,798965.49000000,69305756.49460000
1706126400000,86.36000000,89.47000000,85.90000000,88.77000000,748327.95000000,65503598.90570000
1706140800000,88.77000000,89.64000000,87.69000000,88.35000000,687164.00000000,60857772.11710000
1706155200000,88.34000000,88.65000000,86.74000000,88.20000000,575172.26000000,50433278.36720000
1706169600000,88.19000000,89.37000000,86.55000000,89.03000000,749548.66000000,65958715.10210000
1706184000000,89.03000000,89.30000000,86.01000000,86.41000000,844054.98000000,73660358.11260000
1706198400000,86.42000000,88.19000000,85.09000000,87.75000000,789642.97000000,68390954.71050000
1706212800000,87.75000000,87.83000000,86.45000000,86.91000000,357115.33000000,31093708.06240000
1706227200000,86.90000000,88.30000000,85.96000000,87.96000000,558639.51000000,48750507.69980000
1706241600000,87.96000000,88.50000000,86.71000000,87.02000000,315256.19000000,27618420.60540000
1706256000000,87.03000000,92.40000000,87.01000000,91.95000000,1396067.64000000,125960412.08530000
1706270400000,91.96000000,92.68000000,90.12000000,92.42000000,904514.29000000,82677962.66960000
1706284800000,92.42000000,93.72000000,92.22000000,92.84000000,953739.18000000,88682620.82050000
1706299200000,92.83000000,93.72000000,91.70000000,92.28000000,565601.74000000,52251344.32640000
1706313600000,92.29000000,93.78000000,92.06000000,92.69000000,596870.97000000,55465369.11650000
1706328000000,92.70000000,92.81000000,90.78000000,91.20000000,443536.83000000,40739118.46410000
1706342400000,91.21000000,92.29000000,90.68000000,92.02000000,459934.32000000,42106027.81560000
1706356800000,92.02000000,92.99000000,91.64000000,92.83000000,377183.22000000,34839764.32490000
1706371200000,92.83000000,93.44000000,92.19000000,93.10000000,426141.43000000,39595049.68320000
1706385600000,93.11000000,94.50000000,92.86000000,94.28000000,432170.68000000,40471204.90750000
1706400000000,94.27000000,96.76000000,93.31000000,96.65000000,758044.79000000,71813475.19760000
1706414400000,96.65000000,97.38000000,95.24000000,95.76000000,875338.48000000,84344272.12550000
1706428800000,95.76000000,99.44000000,95.55000000,98.40000000,1116658.36000000,109202650.84590000
1706443200000,98.40000000,98.60000000,96.64000000,97.07000000,1277794.82000000,124597306.50310000
1706457600000,97.07000000,97.92000000,93.94000000,94.49000000,800496.46000000,76729937.34530000
1706472000000,94.48000000,96.35000000,93.45000000,95.98000000,790075.32000000,75015471.84530000
1706486400000,95.99000000,98.99000000,95.06000000,97.85000000,840744.64000000,81500372.67380000
1706500800000,97.85000000,97.99000000,96.21000000,96.72000000,589984.34000000,57273473.50230000
1706515200000,96.72000000,97.99000000,96.26000000,97.44000000,548648.95000000,53282738.44610000
1706529600000,97.44000000,100.29000000,95.50000000,99.92000000,1342616.79000000,130927997.05920000
1706544000000,99.91000000,101.79000000,98.97000000,100.54000000,1792158.16000000,180309566.24570000
1706558400000,100.54000000,101.98000000,100.51000000,101.68000000,658366.94000000,66660721.79810000
1706572800000,101.67000000,103.80000000,100.95000000,102.12000000,1148449.24000000,117714083.82470000
1706587200000,102.11000000,103.42000000,101.71000000,102.89000000,627900.83000000,64430390.61200000
1706601600000,102.88000000,106.40000000,102.40000000,106.07000000,1239398.58000000,129506653.73820000
1706616000000,106.07000000,106.49000000,103.52000000,104.78000000,1686213.37000000,176988352.33930000
1706630400000,104.77000000,105.69000000,103.25000000,105.27000000,1273742.39000000,133292821.41040000
1706644800000,105.27000000,105.60000000,101.00000000,101.40000000,1014822.84000000,104915759.44320000
1706659200000,101.40000000,101.95000000,98.66000000,101.13000000,1553627.56000000,155738200.96690000
1706673600000,101.13000000,101.82000000,100.02000000,101.66000000,765251.54000000,77234241.94860000
1706688000000,101.65000000,101.95000000,97.34000000,99.15000000,1369262.73000000,136200827.27170000
1706702400000,99.15000000,101.90000000,97.52000000,101.55000000,1749650.22000000,174509093.39870000
1706716800000,101.54000000,102.73000000,99.63000000,100.99000000,1489156.29000000,150940050.67060000
1706731200000,100.99000000,101.23000000,95.90000000,96.96000000,1683008.53000000,164797610.07720000
1706745600000,96.96000000,97.69000000,93.34000000,93.60000000,1728121.37000000,163990937.43460000
1706760000000,93.60000000,95.79000000,93.11000000,94.94000000,980985.80000000,92591302.71530000
1706774400000,94.93000000,96.75000000,94.61000000,95.46000000,807367.79000000,77276261.87510000
1706788800000,95.45000000,97.50000000,94.67000000,96.00000000,1345335.55000000,129477856.43260000
1706803200000,96.00000000,97.97000000,94.68000000,97.87000000,1180333.73000000,114123924.85770000
1706817600000,97.87000000,98.11000000,96.91000000,97.81000000,513861.83000000,50101775.38410000
1706832000000,97.81000000,100.05000000,97.39000000,98.97000000,1146659.81000000,113517119.54840000
1706846400000,98.98000000,101.53000000,98.41000000,101.21000000,769551.22000000,76799129.07030000
1706860800000,101.21000000,102.35000000,99.92000000,101.97000000,763577.08000000,77355983.97990000
1706875200000,101.97000000,102.57000000,98.32000000,101.30000000,1532271.77000000,153516038.03180000
1706889600000,101.30000000,102.20000000,98.23000000,99.46000000,868757.02000000,86776533.55290000
1706904000000,99.47000000,100.84000000,98.89000000,100.58000000,407044.94000000,40661009.48290000
1706918400000,100.57000000,101.24000000,99.15000000,99.23000000,474540.10000000,47474339.03040000
1706932800000,99.23000000,100.09000000,98.00000000,99.11000000,417433.42000000,41486729.24260000
1706947200000,99.11000000,99.38000000,98.38000000,98.66000000,359769.72000000,35559577.09900000
1706961600000,98.65000000,98.95000000,96.53000000,98.00000000,751419.05000000,73420226.47470000
1706976000000,98.00000000,98.76000000,97.20000000,98.16000000,521129.70000000,51042357.81650000
1706990400000,98.16000000,98.47000000,97.57000000,97.96000000,263081.12000000,25778795.36960000
1707004800000,97.95000000,98.59000000,96.86000000,98.35000000,427764.73000000,41917701.26980000
1707019200000,98.35000000,98.36000000,96.13000000,96.51000000,492702.96000000,47905114.64410000
1707033600000,96.51000000,98.26000000,95.90000000,97.91000000,543107.60000000,52733790.74680000
1707048000000,97.91000000,98.40000000,97.22000000,97.62000000,349239.71000000,34169203.49210000
1707062400000,97.62000000,97.68000000,96.13000000,96.35000000,514023.06000000,49761229.94120000
1707076800000,96.34000000,97.02000000,95.08000000,95.49000000,588038.28000000,56424400.70930000
1707091200000,95.48000000,96.20000000,94.11000000,96.04000000,691351.48000000,65828844.79540000
1707105600000,96.04000000,98.04000000,95.80000000,97.62000000,626648.78000000,60690357.69790000
1707120000000,97.61000000,98.24000000,96.91000000,97.88000000,552295.49000000,53901568.59330000
1707134400000,97.88000000,98.70000000,95.23000000,95.60000000,892063.58000000,86769101.82770000
1707148800000,95.61000000,96.53000000,95.34000000,95.94000000,569052.09000000,54577354.04720000
1707163200000,95.94000000,96.12000000,94.25000000,95.66000000,559734.64000000,53305541.17660000
1707177600000,95.66000000,96.79000000,95.22000000,96.01000000,549428.62000000,52715580.47210000
1707192000000,96.01000000,96.10000000,94.89000000,95.77000000,334702.53000000,31953924.97320000
1707206400000,95.76000000,96.35000000,92.88000000,94.29000000,1249842.60000000,118100858.81430000
1707220800000,94.29000000,95.85000000,93.32000000,95.76000000,850029.08000000,80304546.20060000
1707235200000,95.76000000,97.67000000,95.11000000,97.58000000,724118.49000000,69687804.73360000
1707249600000,97.58000000,97.88000000,96.69000000,96.88000000,571116.75000000,55546461.00760000
1707264000000,96.87000000,97.45000000,95.47000000,95.50000000,437450.37000000,42279289.57340000
1707278400000,95.51000000,96.20000000,95.01000000,95.57000000,418779.92000000,40043665.98170000
1707292800000,95.58000000,96.00000000,94.62000000,95.14000000,614466.99000000,58579262.01340000
1707307200000,95.14000000,96.67000000,95.10000000,96.26000000,640121.01000000,61278386.99080000
1707321600000,96.26000000,98.12000000,96.14000000,97.08000000,872832.59000000,84855787.14690000
1707336000000,97.09000000,101.58000000,97.08000000,101.14000000,1594021.18000000,159002668.21350000
1707350400000,101.14000000,102.54000000,100.92000000,101.77000000,981976.39000000,100041625.50790000
1707364800000,101.76000000,102.04000000,100.51000000,100.83000000,618679.56000000,62630870.31390000
1707379200000,100.82000000,102.32000000,100.78000000,101.24000000,663320.12000000,67394272.13840000
1707393600000,101.24000000,104.98000000,101.00000000,104.83000000,1440529.56000000,149503533.43130000
1707408000000,104.83000000,104.92000000,101.75000000,102.31000000,934610.32000000,96206229.94030000
1707422400000,102.30000000,103.40000000,102.30000000,102.76000000,443695.51000000,45638590.40050000
1707436800000,102.77000000,105.77000000,102.76000000,104.35000000,973905.65000000,101803377.98280000
1707451200000,104.34000000,105.74000000,103.78000000,105.28000000,583668.16000000,61158371.18430000
1707465600000,105.28000000,106.40000000,103.88000000,105.89000000,1048113.90000000,110454234.79790000
1707480000000,105.89000000,107.00000000,104.06000000,105.64000000,1765502.29000000,186089530.23740000
1707494400000,105.64000000,106.48000000,104.34000000,104.99000000,1087583.31000000,114660976.42300000
1707508800000,104.99000000,109.13000000,104.83000000,106.94000000,1227985.14000000,131680068.88870000
1707523200000,106.94000000,110.71000000,106.86000000,110.67000000,888250.95000000,96865012.54840000
1707537600000,110.67000000,110.86000000,108.67000000,108.87000000,621655.78000000,68212830.16600000
1707552000000,108.86000000,109.65000000,107.22000000,108.14000000,816344.09000000,88532897.29830000
1707566400000,108.14000000,108.81000000,107.15000000,108.53000000,516392.29000000,55820512.38960000
1707580800000,108.54000000,109.58000000,107.77000000,109.19000000,466641.54000000,50734030.50050000
1707595200000,109.18000000,110.42000000,108.61000000,109.01000000,630241.84000000,69006692.34060000
1707609600000,109.01000000,109.75000000,107.75000000,109.43000000,493304.62000000,53589123.20280000
1707624000000,109.43000000,109.93000000,108.75000000,109.22000000,399813.09000000,43714042.71620000
1707638400000,109.21000000,110.33000000,108.55000000,109.72000000,516671.54000000,56565574.46900000
1707652800000,109.71000000,110.67000000,108.67000000,108.82000000,523019.09000000,57293894.83820000
1707667200000,108.81000000,109.11000000,107.65000000,108.19000000,446521.69000000,48426506.73450000
1707681600000,108.19000000,108.79000000,107.24000000,107.46000000,376068.37000000,40481756.90500000
1707696000000,107.46000000,109.34000000,104.56000000,106.27000000,984697.05000000,105206777.97140000
1707710400000,106.28000000,106.41000000,104.63000000,105.93000000,488315.43000000,51609795.46590000
1707724800000,105.92000000,106.34000000,103.40000000,104.21000000,691564.24000000,72298795.23920000
1707739200000,104.21000000,109.03000000,103.79000000,108.86000000,1292541.98000000,137763413.38650000
1707753600000,108.87000000,111.30000000,107.56000000,109.79000000,1834446.52000000,201132184.56080000
1707768000000,109.79000000,112.22000000,109.67000000,111.64000000,878086.83000000,97441245.54470000
1707782400000,111.65000000,114.99000000,111.64000000,113.02000000,1210726.48000000,137731977.59690000
1707796800000,113.02000000,114.63000000,112.99000000,114.02000000,464766.69000000,52948713.15220000
1707811200000,114.02000000,115.15000000,112.28000000,114.14000000,724192.52000000,82543428.10970000
1707825600000,114.13000000,114.21000000,108.89000000,110.31000000,1507521.96000000,167854387.61180000
1707840000000,110.33000000,112.32000000,108.25000000,111.51000000,992183.95000000,109383624.95760000
1707854400000,111.52000000,113.76000000,111.47000000,112.48000000,723433.96000000,81440946.36510000
1707868800000,112.49000000,112.54000000,110.61000000,111.86000000,442337.39000000,49253561.04770000
1707883200000,111.87000000,113.31000000,111.20000000,113.06000000,409430.26000000,46074854.75070000
1707897600000,113.06000000,116.40000000,112.76000000,115.66000000,1391445.01000000,160346957.02010000
1707912000000,115.66000000,118.69000000,115.05000000,116.88000000,1448910.94000000,169642074.07960000
1707926400000,116.89000000,117.00000000,115.00000000,116.06000000,779200.82000000,90435372.16350000
1707940800000,116.05000000,117.32000000,115.93000000,116.97000000,413500.00000000,48224622.61230000
1707955200000,116.97000000,118.39000000,115.92000000,117.23000000,747962.74000000,87661476.13840000
1707969600000,117.23000000,117.27000000,114.54000000,115.01000000,598586.79000000,69223373.47530000
1707984000000,115.00000000,117.02000000,114.72000000,116.07000000,586812.87000000,68151190.58480000
1707998400000,116.06000000,117.28000000,112.97000000,114.05000000,1451979.86000000,167673075.19160000
1708012800000,114.04000000,115.06000000,112.88000000,114.02000000,846082.65000000,96392158.97800000
1708027200000,114.00000000,114.39000000,111.51000000,113.50000000,696310.59000000,78648289.60680000
1708041600000,113.50000000,114.25000000,112.12000000,113.84000000,482046.57000000,54624859.45870000
1708056000000,113.84000000,113.98000000,111.39000000,111.48000000,494106.28000000,55687069.98420000
1708070400000,111.47000000,112.69000000,110.06000000,112.11000000,763495.82000000,85108736.49270000
1708084800000,112.11000000,113.19000000,107.94000000,109.67000000,1305465.29000000,143966744.97340000
1708099200000,109.67000000,110.42000000,108.17000000,108.65000000,597058.16000000,65270115.70570000
1708113600000,108.65000000,110.71000000,108.35000000,110.33000000,304960.65000000,33413266.58760000
1708128000000,110.32000000,111.08000000,109.16000000,109.89000000,348388.49000000,38342068.56630000
1708142400000,109.89000000,110.44000000,108.62000000,110.34000000,385209.27000000,42193223.17820000
1708156800000,110.34000000,110.81000000,108.37000000,109.38000000,498632.11000000,54549923.15650000
1708171200000,109.38000000,109.55000000,105.00000000,107.20000000,1037538.38000000,111164507.22320000
1708185600000,107.19000000,108.07000000,106.47000000,108.01000000,287673.79000000,30891896.24420000
1708200000000,108.01000000,109.66000000,107.75000000,108.92000000,340263.63000000,37069161.53090000
1708214400000,108.92000000,109.76000000,107.51000000,108.38000000,391800.87000000,42499965.17570000
1708228800000,108.38000000,110.00000000,108.04000000,109.23000000,339548.73000000,37030022.95320000
1708243200000,109.23000000,112.97000000,108.82000000,111.78000000,845291.67000000,94089379.54010000
1708257600000,111.78000000,112.48000000,110.68000000,112.32000000,464848.76000000,51885739.74030000
1708272000000,112.32000000,114.04000000,111.70000000,112.73000000,593702.07000000,67122537.84430000
1708286400000,112.73000000,113.64000000,111.87000000,112.24000000,448641.63000000,50577578.21210000
1708300800000,112.25000000,112.92000000,111.21000000,111.68000000,399749.34000000,44799849.66140000
1708315200000,111.67000000,113.65000000,111.14000000,113.22000000,443044.29000000,49788178.27250000
1708329600000,113.23000000,113.37000000,110.75000000,112.67000000,636455.16000000,71331072.84100000
1708344000000,112.67000000,114.87000000,111.72000000,113.69000000,1206636.07000000,136872640.09450000
1708358400000,113.69000000,114.17000000,111.48000000,111.94000000,695200.50000000,78357525.95920000
1708372800000,111.93000000,113.06000000,111.10000000,111.53000000,365619.59000000,40980569.21710000
1708387200000,111.53000000,112.11000000,109.07000000,109.48000000,563570.58000000,62153911.96740000
1708401600000,109.49000000,111.11000000,108.00000000,109.42000000,657703.55000000,72359133.41490000
1708416000000,109.41000000,110.82000000,108.06000000,110.42000000,747892.14000000,81796876.19980000
1708430400000,110.41000000,110.75000000,103.00000000,106.62000000,2018176.69000000,217907198.32900000
1708444800000,106.62000000,107.60000000,104.69000000,107.33000000,1097803.98000000,116617774.07690000
1708459200000,107.32000000,109.80000000,106.72000000,108.31000000,591587.19000000,63868106.82190000
1708473600000,108.32000000,108.40000000,106.39000000,106.63000000,479224.04000000,51439796.96990000
1708488000000,106.63000000,107.05000000,104.36000000,104.85000000,506965.95000000,53584833.24290000
1708502400000,104.85000000,105.60000000,102.28000000,102.73000000,1000943.35000000,103878186.73890000
1708516800000,102.73000000,104.37000000,101.01000000,103.86000000,1109004.23000000,113986232.55890000
1708531200000,103.86000000,104.49000000,100.23000000,102.04000000,826865.31000000,84574286.23070000
1708545600000,102.04000000,105.69000000,101.39000000,105.03000000,829685.13000000,86159650.72930000
1708560000000,105.04000000,105.09000000,102.07000000,103.58000000,508655.85000000,52573555.44930000
1708574400000,103.59000000,105.42000000,103.21000000,105.07000000,745756.58000000,77787928.32770000
1708588800000,105.08000000,107.10000000,104.85000000,105.84000000,786446.02000000,83413068.68090000
1708603200000,105.83000000,106.15000000,103.18000000,105.39000000,666271.72000000,69800321.85050000
1708617600000,105.40000000,105.47000000,103.33000000,103.54000000,506803.21000000,52842318.87780000
1708632000000,103.55000000,105.33000000,101.53000000,101.76000000,691708.95000000,71611709.93350000
1708646400000,101.75000000,102.87000000,101.00000000,101.83000000,500181.43000000,50995639.31280000
1708660800000,101.82000000,103.10000000,101.39000000,101.98000000,381171.00000000,39012754.83010000
1708675200000,101.98000000,103.01000000,101.20000000,102.67000000,430739.21000000,44036290.19650000
1708689600000,102.68000000,102.91000000,100.18000000,100.29000000,968968.75000000,98366858.31550000
1708704000000,100.29000000,101.70000000,98.64000000,101.39000000,853409.86000000,85482691.51530000
1708718400000,101.40000000,101.76000000,98.86000000,99.90000000,412383.74000000,41430915.76820000
1708732800000,99.91000000,100.77000000,98.48000000,100.23000000,513081.40000000,51095305.00330000
1708747200000,100.22000000,102.31000000,100.18000000,102.24000000,362771.76000000,36727335.67400000
1708761600000,102.24000000,102.80000000,101.53000000,102.13000000,465600.41000000,47622320.31990000
1708776000000,102.14000000,102.58000000,101.70000000,101.95000000,250157.31000000,25557148.17280000
1708790400000,101.96000000,104.16000000,101.91000000,104.05000000,428486.50000000,44244226.50040000
1708804800000,104.05000000,104.85000000,103.68000000,104.01000000,314018.64000000,32726655.35210000
1708819200000,104.02000000,104.43000000,102.18000000,103.38000000,401467.62000000,41515907.57840000
1708833600000,103.38000000,103.67000000,102.70000000,103.03000000,330212.55000000,34062019.32050000
1708848000000,103.02000000,103.10000000,102.00000000,102.80000000,223440.98000000,22907259.54120000
1708862400000,102.79000000,103.80000000,102.29000000,102.78000000,329093.66000000,33888186.51300000
1708876800000,102.78000000,103.70000000,102.17000000,103.36000000,289063.97000000,29768452.58560000
1708891200000,103.37000000,104.34000000,103.01000000,103.47000000,393906.03000000,40841396.66910000
1708905600000,103.47000000,104.80000000,102.26000000,103.49000000,496546.78000000,51340933.97380000
1708920000000,103.48000000,104.25000000,102.92000000,103.30000000,350070.22000000,36283465.72400000
1708934400000,103.30000000,104.15000000,100.60000000,100.95000000,691208.73000000,70527326.00740000
1708948800000,100.95000000,105.05000000,100.29000000,104.97000000,1075160.64000000,110709078.99160000
1708963200000,104.96000000,110.27000000,104.53000000,109.69000000,1935451.61000000,209170233.31680000
1708977600000,109.70000000,110.89000000,108.40000000,109.90000000,843700.73000000,92382251.45120000
1708992000000,109.90000000,112.30000000,109.21000000,110.17000000,1710593.93000000,189966701.94120000
1709006400000,110.16000000,111.48000000,108.95000000,110.41000000,673077.10000000,74213527.63160000
1709020800000,110.42000000,112.18000000,110.42000000,111.50000000,680935.57000000,75799114.79530000
1709035200000,111.49000000,112.00000000,106.15000000,106.81000000,1544938.85000000,169164443.80960000
1709049600000,106.81000000,108.44000000,105.29000000,108.41000000,1093311.90000000,117069750.97430000
1709064000000,108.41000000,109.34000000,107.53000000,108.36000000,495306.17000000,53719382.04860000
1709078400000,108.35000000,109.32000000,107.25000000,107.56000000,550679.59000000,59566637.61340000
1709092800000,107.57000000,110.19000000,107.54000000,110.08000000,541533.75000000,59023730.42220000
1709107200000,110.09000000,114.98000000,109.21000000,111.39000000,2295962.23000000,257061650.77770000
1709121600000,111.39000000,113.33000000,110.48000000,113.07000000,1827602.82000000,204428537.64520000
1709136000000,113.08000000,116.86000000,106.85000000,111.34000000,4497853.00000000,508278098.12500000
1709150400000,111.33000000,119.06000000,110.10000000,119.03000000,2118650.62000000,244476405.91230000
1709164800000,119.03000000,124.34000000,117.15000000,123.52000000,2821535.99000000,341684556.20200000
1709179200000,123.51000000,126.00000000,121.47000000,125.49000000,1933791.88000000,239647422.28840000
1709193600000,125.50000000,132.94000000,125.20000000,129.18000000,3248143.12000000,420695690.77400000
1709208000000,129.17000000,134.65000000,126.99000000,132.32000000,2142155.05000000,282086243.14500000
1709222400000,132.33000000,133.03000000,126.33000000,130.19000000,2122022.66000000,273702744.74000000
1709236800000,130.18000000,131.92000000,122.50000000,125.68000000,1579438.62000000,200227200.27230000
1709251200000,125.68000000,137.20000000,125.61000000,133.94000000,2145029.58000000,285423075.64160000
1709265600000,133.95000000,137.80000000,131.59000000,131.92000000,1368623.19000000,184287276.32230000
1709280000000,131.91000000,135.47000000,130.75000000,135.37000000,1045997.04000000,139603268.54600000
1709294400000,135.37000000,135.37000000,130.23000000,131.18000000,1454338.71000000,193544872.66830000
1709308800000,131.18000000,133.70000000,129.35000000,130.93000000,1365118.01000000,179338217.10870000
1709323200000,130.92000000,131.78000000,129.32000000,129.43000000,997524.56000000,130307315.04580000
1709337600000,129.43000000,131.69000000,127.20000000,130.06000000,1210897.68000000,156701524.87700000
1709352000000,130.06000000,130.71000000,127.80000000,129.16000000,678610.33000000,87556521.62290000
1709366400000,129.16000000,130.53000000,127.28000000,128.69000000,850387.64000000,109591455.48010000
1709380800000,128.69000000,130.44000000,127.35000000,127.91000000,829198.03000000,106849721.22870000
1709395200000,127.92000000,130.79000000,127.46000000,130.63000000,570561.75000000,73543478.42050000
1709409600000,130.63000000,131.46000000,128.19000000,130.02000000,553596.51000000,71590720.54840000
1709424000000,130.03000000,130.73000000,128.23000000,130.15000000,832966.28000000,107976864.08510000
1709438400000,130.14000000,130.56000000,124.17000000,126.76000000,1015267.64000000,129677376.59800000
1709452800000,126.77000000,131.35000000,125.00000000,128.71000000,1366331.52000000,175676155.21660000
1709467200000,128.70000000,129.60000000,127.50000000,129.36000000,798463.54000000,102667436.68590000
1709481600000,129.35000000,131.14000000,128.77000000,130.17000000,639974.90000000,83322840.52860000
1709496000000,130.17000000,132.11000000,129.48000000,130.16000000,575366.98000000,75062695.46580000
1709510400000,130.16000000,133.00000000,128.42000000,128.98000000,1191076.63000000,155367843.89190000
1709524800000,128.97000000,129.89000000,128.50000000,129.60000000,570508.03000000,73687484.23060000
1709539200000,129.61000000,134.95000000,129.47000000,132.58000000,1884236.88000000,249222169.70910000
1709553600000,132.59000000,133.71000000,129.35000000,131.77000000,1364000.22000000,179989117.21660000
1709568000000,131.76000000,132.03000000,127.35000000,129.53000000,1842269.14000000,238423767.65850000
1709582400000,129.53000000,133.34000000,128.15000000,133.27000000,1201593.89000000,157346708.51380000
1709596800000,133.26000000,133.34000000,129.18000000,130.13000000,1346230.76000000,176524466.83200000
1709611200000,130.12000000,133.03000000,127.68000000,129.48000000,1839576.30000000,240404615.24320000
1709625600000,129.48000000,132.16000000,128.93000000,130.68000000,884966.69000000,115709176.52020000
1709640000000,130.68000000,142.72000000,130.68000000,139.18000000,3807676.69000000,522467133.26240000
1709654400000,139.19000000,140.59000000,105.00000000,119.24000000,5244447.06000000,682399943.64630000
1709668800000,119.24000000,127.34000000,115.95000000,125.31000000,3912345.02000000,475483429.59100000
1709683200000,125.31000000,126.87000000,120.00000000,122.38000000,1445796.70000000,178391687.69440000
1709697600000,122.37000000,133.31000000,122.34000000,133.20000000,2086351.01000000,269956968.70390000
1709712000000,133.20000000,134.95000000,129.04000000,131.93000000,1681441.20000000,222016321.16110000
1709726400000,131.93000000,132.20000000,125.33000000,128.22000000,2398700.97000000,307140714.13270000
1709740800000,128.23000000,132.00000000,128.03000000,130.81000000,1208430.97000000,156645830.48500000
1709755200000,130.82000000,132.40000000,130.02000000,130.79000000,760896.63000000,99841918.80300000
1709769600000,130.80000000,141.77000000,130.52000000,138.19000000,2756447.56000000,376623947.67210000
1709784000000,138.20000000,140.05000000,136.03000000,138.24000000,1305375.09000000,180572108.88590000
1709798400000,138.25000000,144.45000000,138.06000000,140.28000000,1842672.66000000,259754938.08690000
1709812800000,140.28000000,149.00000000,139.04000000,145.91000000,2783010.41000000,404036954.55810000
1709827200000,145.92000000,149.30000000,145.21000000,148.75000000,1293664.81000000,190444044.57590000
1709841600000,148.75000000,148.94000000,143.39000000,143.82000000,971804.77000000,141799326.69580000
1709856000000,143.82000000,146.48000000,143.03000000,144.29000000,781845.67000000,113258269.26330000
1709870400000,144.30000000,145.55000000,142.00000000,144.48000000,885703.35000000,127525360.33660000
1709884800000,144.48000000,149.18000000,144.31000000,148.98000000,902492.26000000,132187719.52740000
1709899200000,148.98000000,152.64000000,143.00000000,145.35000000,2535604.99000000,376601253.82540000
1709913600000,145.38000000,150.72000000,142.03000000,147.80000000,1959615.09000000,286798121.42150000
1709928000000,147.80000000,149.09000000,143.40000000,144.79000000,1031484.29000000,150088709.04870000
1709942400000,144.79000000,147.00000000,143.80000000,145.76000000,763013.00000000,111145202.43740000
1709956800000,145.75000000,149.15000000,145.34000000,148.33000000,669330.49000000,98900861.57430000
1709971200000,148.34000000,148.75000000,145.00000000,146.82000000,604366.52000000,88894755.48880000
1709985600000,146.83000000,147.25000000,145.00000000,147.00000000,538465.18000000,78676435.14290000
1710000000000,147.00000000,147.22000000,143.54000000,145.34000000,753323.95000000,109303285.19640000
1710014400000,145.34000000,146.70000000,144.00000000,144.29000000,358377.67000000,52105892.89420000
1710028800000,144.30000000,148.31000000,143.80000000,146.71000000,723809.70000000,106053349.72170000
1710043200000,146.70000000,148.50000000,146.58000000,148.27000000,482251.36000000,71159027.35760000
1710057600000,148.27000000,148.49000000,144.88000000,145.42000000,781503.08000000,114435372.90890000
1710072000000,145.42000000,145.86000000,141.36000000,142.91000000,1249754.78000000,179667010.74800000
1710086400000,142.91000000,145.32000000,142.78000000,145.11000000,578678.59000000,83571042.26370000
1710100800000,145.10000000,145.30000000,140.43000000,144.39000000,673521.74000000,96127686.98290000
1710115200000,144.39000000,144.50000000,136.49000000,141.17000000,1822617.17000000,254469055.64570000
1710129600000,141.16000000,148.33000000,139.54000000,147.85000000,1365388.30000000,197013181.10800000
1710144000000,147.85000000,150.20000000,147.50000000,148.26000000,1648230.26000000,245231348.08000000
1710158400000,148.27000000,150.07000000,145.58000000,147.06000000,1468084.02000000,217538640.05750000
1710172800000,147.06000000,148.31000000,145.76000000,146.67000000,937736.50000000,137786530.23420000
1710187200000,146.67000000,149.29000000,146.48000000,148.83000000,501328.10000000,74155582.54040000
1710201600000,148.83000000,155.00000000,147.12000000,150.90000000,1529311.97000000,231524404.84360000
1710216000000,150.91000000,154.54000000,149.36000000,151.86000000,1376155.81000000,210012499.87620000
1710230400000,151.86000000,153.19000000,147.90000000,150.45000000,1144017.40000000,172463947.47680000
1710244800000,150.45000000,152.00000000,147.23000000,150.22000000,1847548.37000000,276918630.03590000
1710259200000,150.23000000,150.95000000,141.50000000,149.88000000,2196939.88000000,322254636.46770000
1710273600000,149.87000000,151.29000000,146.95000000,151.05000000,836564.57000000,124561873.59880000
1710288000000,151.06000000,151.64000000,148.71000000,149.28000000,668474.65000000,100251836.41840000
1710302400000,149.28000000,153.00000000,148.74000000,150.74000000,1017300.73000000,154019357.81510000
1710316800000,150.74000000,154.69000000,150.45000000,153.73000000,932102.11000000,142203970.31920000
1710331200000,153.74000000,159.49000000,149.61000000,157.25000000,2373457.50000000,367381354.64940000
1710345600000,157.25000000,161.89000000,156.59000000,161.44000000,1431575.00000000,227957486.86800000
1710360000000,161.44000000,166.73000000,159.48000000,163.90000000,1204375.96000000,196211230.83340000
1710374400000,163.90000000,169.28000000,163.09000000,167.45000000,1505648.08000000,250924461.84910000
1710388800000,167.45000000,170.00000000,165.20000000,168.31000000,963353.27000000,161365790.65270000
1710403200000,168.30000000,174.07000000,168.14000000,173.09000000,1525778.71000000,262202265.06990000
1710417600000,173.10000000,173.37000000,164.00000000,167.64000000,2466129.79000000,415071160.29680000
1710432000000,167.64000000,170.20000000,159.20000000,162.42000000,2296858.46000000,379773572.62880000
1710446400000,162.42000000,178.50000000,161.99000000,176.65000000,1665817.55000000,285823976.30370000
1710460800000,176.65000000,186.77000000,170.00000000,176.02000000,4125370.14000000,742093732.07970000
1710475200000,176.02000000,182.03000000,171.36000000,176.07000000,3033116.76000000,535475642.89730000
1710489600000,176.07000000,177.22000000,164.50000000,170.00000000,3169022.05000000,539888512.83230000
1710504000000,170.00000000,184.81000000,168.12000000,181.84000000,3059481.20000000,547819000.06180000
1710518400000,181.85000000,188.98000000,178.18000000,183.32000000,2212480.11000000,406116041.55580000
1710532800000,183.28000000,185.60000000,175.25000000,183.95000000,1885491.34000000,339860141.98700000
1710547200000,183.95000000,189.11000000,180.41000000,187.62000000,1431059.13000000,264238456.09480000
1710561600000,187.61000000,193.76000000,185.24000000,192.94000000,1998155.57000000,379791716.25910000
1710576000000,192.93000000,197.95000000,190.51000000,192.68000000,2159303.74000000,418951230.68730000
1710590400000,192.67000000,196.04000000,187.71000000,195.08000000,2241785.20000000,428883324.45220000
1710604800000,195.09000000,195.65000000,178.61000000,180.08000000,2754005.06000000,513146330.97240000
1710619200000,180.08000000,185.91000000,176.78000000,182.05000000,2432749.31000000,440047620.99630000
1710633600000,182.05000000,189.39000000,181.75000000,186.50000000,2042310.21000000,378413626.75250000
1710648000000,186.50000000,188.80000000,178.55000000,181.86000000,2081560.59000000,383594984.12340000
1710662400000,181.85000000,193.82000000,179.80000000,191.94000000,1862858.10000000,350800070.42390000
1710676800000,191.93000000,196.00000000,188.45000000,195.60000000,1545711.17000000,297001550.22290000
1710691200000,195.60000000,198.27000000,192.25000000,195.70000000,1069978.76000000,209137343.41820000
1710705600000,195.69000000,205.20000000,195.52000000,201.86000000,1922118.23000000,385417002.57750000
1710720000000,201.85000000,205.49000000,193.80000000,203.93000000,1794881.92000000,358914643.03400000
1710734400000,203.93000000,204.99000000,200.00000000,203.22000000,1206616.28000000,244395024.17410000
1710748800000,203.23000000,210.18000000,197.90000000,208.08000000,3035253.07000000,624002030.29190000
1710763200000,208.09000000,209.40000000,198.37000000,203.81000000,2412635.25000000,492104381.83640000
1710777600000,203.80000000,206.28000000,195.41000000,198.35000000,1934601.81000000,385646985.43650000
1710792000000,198.35000000,205.97000000,195.36000000,195.92000000,1199747.75000000,239892588.40220000
1710806400000,195.92000000,198.68000000,180.11000000,184.21000000,3021264.13000000,567433118.94520000
1710820800000,184.21000000,189.16000000,179.00000000,186.14000000,2516336.08000000,465666439.52870000
1710835200000,186.14000000,186.20000000,170.00000000,177.84000000,3392104.34000000,598860915.67470000
1710849600000,177.84000000,185.90000000,174.54000000,182.98000000,2983546.27000000,539972912.34380000
1710864000000,182.98000000,186.36000000,180.00000000,181.47000000,2163096.91000000,395340546.18030000
1710878400000,181.47000000,181.98000000,166.00000000,169.82000000,2858951.14000000,490180491.82160000
1710892800000,169.82000000,177.03000000,169.29000000,169.84000000,2012298.82000000,348954501.54130000
1710907200000,169.85000000,174.31000000,162.45000000,173.36000000,2162112.40000000,363769575.64950000
1710921600000,173.35000000,175.30000000,169.39000000,172.06000000,1473386.68000000,253861672.84820000
1710936000000,172.05000000,177.01000000,170.01000000,170.53000000,1924137.78000000,334268034.07630000
1710950400000,170.54000000,184.99000000,165.51000000,182.54000000,2876238.15000000,506125311.22080000
1710964800000,182.55000000,193.19000000,181.71000000,191.77000000,1917610.85000000,361382225.50170000
1710979200000,191.76000000,195.68000000,189.30000000,190.28000000,1366473.43000000,262683785.19920000
1710993600000,190.28000000,192.31000000,184.75000000,188.55000000,1402268.41000000,265165744.31900000
1711008000000,188.56000000,191.60000000,185.01000000,189.13000000,1126070.66000000,212739888.95880000
1711022400000,189.13000000,191.43000000,183.80000000,185.32000000,1442700.85000000,271154214.28050000
1711036800000,185.32000000,187.95000000,177.03000000,177.91000000,1715999.14000000,310920452.17120000
1711051200000,177.91000000,182.08000000,175.84000000,179.46000000,1010804.07000000,181064820.99850000
1711065600000,179.46000000,181.95000000,173.94000000,179.06000000,1144824.23000000,203438642.95800000
1711080000000,179.07000000,180.89000000,177.11000000,179.08000000,870995.97000000,156092452.34610000
1711094400000,179.07000000,180.20000000,171.62000000,172.05000000,1020506.52000000,179342569.57750000
1711108800000,172.05000000,173.99000000,167.57000000,171.66000000,1745965.16000000,298519783.70590000
1711123200000,171.67000000,173.66000000,168.78000000,172.81000000,683354.41000000,116999595.69390000
1711137600000,172.81000000,175.22000000,168.20000000,175.21000000,686460.60000000,117458887.45420000
1711152000000,175.21000000,178.14000000,170.38000000,171.90000000,975886.33000000,170489840.01980000
1711166400000,171.89000000,177.60000000,171.41000000,175.98000000,444844.89000000,77541938.61090000
1711180800000,175.98000000,177.11000000,174.03000000,175.85000000,514633.10000000,90372037.27790000
1711195200000,175.84000000,179.00000000,174.44000000,175.16000000,717431.26000000,126825055.46190000
1711209600000,175.16000000,176.74000000,173.74000000,174.79000000,415032.51000000,72867149.97100000
1711224000000,174.79000000,175.49000000,172.50000000,172.65000000,436888.52000000,75984751.53840000
1711238400000,172.65000000,177.39000000,171.50000000,171.70000000,622479.41000000,108718768.07810000
1711252800000,171.70000000,173.79000000,171.25000000,173.54000000,350155.05000000,60448838.61540000
1711267200000,173.54000000,176.15000000,173.00000000,174.84000000,501816.81000000,87551020.26310000
1711281600000,174.84000000,177.25000000,174.54000000,176.21000000,508709.28000000,89548763.60180000
1711296000000,176.20000000,176.98000000,172.43000000,176.09000000,555272.00000000,97113066.66030000
1711310400000,176.08000000,186.78000000,175.42000000,183.88000000,1039826.83000000,189689528.85430000
1711324800000,183.87000000,185.47000000,180.92000000,184.81000000,767364.21000000,140490441.59160000
1711339200000,184.81000000,189.63000000,183.82000000,185.76000000,738293.79000000,137636699.44320000
1711353600000,185.76000000,191.77000000,185.61000000,187.94000000,848390.20000000,160228389.81740000
1711368000000,187.94000000,194.60000000,186.35000000,192.78000000,1324159.62000000,252684682.52890000
1711382400000,192.78000000,194.50000000,190.35000000,192.24000000,865206.62000000,166641813.86600000
1711396800000,192.24000000,193.00000000,188.37000000,188.99000000,696677.41000000,132889926.25010000
1711411200000,188.98000000,192.05000000,188.07000000,191.64000000,577089.62000000,109706738.45250000
1711425600000,191.64000000,196.57000000,191.31000000,193.99000000,834051.32000000,162314668.91470000
1711440000000,194.00000000,196.26000000,192.01000000,194.80000000,609100.30000000,118545532.07600000
1711454400000,194.80000000,195.31000000,189.48000000,190.35000000,991632.92000000,190441409.90390000
1711468800000,190.35000000,191.50000000,186.00000000,188.29000000,958384.38000000,180363154.60860000
1711483200000,188.30000000,192.58000000,188.26000000,190.46000000,495352.82000000,94498447.77080000
1711497600000,190.46000000,192.74000000,188.69000000,189.99000000,582765.60000000,111177738.69860000
1711512000000,189.99000000,190.54000000,186.04000000,186.79000000,496155.07000000,93565636.53990000
1711526400000,186.80000000,188.68000000,183.51000000,188.53000000,753924.75000000,140325657.12610000
1711540800000,188.54000000,191.20000000,180.00000000,181.11000000,2053299.99000000,381508342.88680000
1711555200000,181.11000000,184.18000000,180.00000000,182.68000000,696068.78000000,126938977.04980000
1711569600000,182.68000000,189.33000000,182.60000000,186.33000000,591714.90000000,109602972.93590000
1711584000000,186.34000000,188.09000000,180.92000000,182.17000000,635251.95000000,117068736.30550000
1711598400000,182.16000000,187.56000000,182.00000000,187.33000000,473545.97000000,87675824.57240000
1711612800000,187.32000000,188.59000000,184.70000000,185.39000000,580940.37000000,108634488.50690000
1711627200000,185.38000000,189.45000000,182.67000000,187.36000000,797146.48000000,148400491.54720000
1711641600000,187.36000000,187.39000000,184.49000000,186.27000000,453595.95000000,84388303.09360000
1711656000000,186.27000000,190.93000000,186.16000000,189.63000000,661713.42000000,124548414.45800000
1711670400000,189.64000000,190.74000000,187.60000000,188.34000000,554962.94000000,104872427.56560000
1711684800000,188.33000000,189.14000000,183.39000000,183.63000000,468011.13000000,87249348.62740000
1711699200000,183.63000000,186.45000000,183.44000000,185.83000000,468973.79000000,86754640.55240000
1711713600000,185.83000000,190.00000000,184.20000000,184.91000000,897821.47000000,168143976.87160000
1711728000000,184.92000000,187.72000000,184.33000000,187.69000000,441195.45000000,82017452.54120000
1711742400000,187.69000000,193.00000000,187.33000000,192.01000000,749150.98000000,142600721.26730000
1711756800000,192.02000000,194.52000000,190.71000000,192.77000000,571109.14000000,110016687.97540000
1711771200000,192.77000000,200.00000000,192.57000000,195.76000000,1172451.24000000,231636611.20190000
1711785600000,195.76000000,198.80000000,193.19000000,197.76000000,606776.80000000,118820561.22520000
1711800000000,197.76000000,198.50000000,195.05000000,196.29000000,417945.43000000,82255567.60430000
1711814400000,196.30000000,197.90000000,193.44000000,195.45000000,380115.04000000,74534254.57970000
1711828800000,195.45000000,196.74000000,193.26000000,194.20000000,342936.73000000,66865792.28580000
1711843200000,194.19000000,197.31000000,193.69000000,194.29000000,378849.32000000,74054534.18220000
1711857600000,194.30000000,197.34000000,194.00000000,196.74000000,327318.85000000,64056341.80030000
1711872000000,196.75000000,197.21000000,195.43000000,195.83000000,279839.23000000,54975345.78220000
1711886400000,195.83000000,197.66000000,195.46000000,195.69000000,278126.44000000,54638102.85040000
1711900800000,195.69000000,201.00000000,195.51000000,200.13000000,593458.60000000,117860095.77650000
1711915200000,200.13000000,203.17000000,198.45000000,202.45000000,540543.01000000,108424124.07240000
1711929600000,202.45000000,204.46000000,200.82000000,202.58000000,550251.68000000,111507084.31090000
1711944000000,202.57000000,203.53000000,193.25000000,197.96000000,1281097.67000000,253683048.80060000
1711958400000,197.96000000,198.00000000,194.73000000,195.14000000,567144.12000000,111447663.93660000
1711972800000,195.14000000,197.75000000,186.87000000,188.08000000,1172776.69000000,225507438.43840000
1711987200000,188.08000000,193.52000000,187.28000000,193.33000000,670939.57000000,127506836.21780000
1712001600000,193.32000000,193.96000000,191.79000000,192.24000000,357566.92000000,68968833.87280000
1712016000000,192.24000000,192.24000000,181.71000000,183.59000000,1095221.82000000,204217847.91660000
1712030400000,183.59000000,186.27000000,181.00000000,183.17000000,735087.58000000,135028156.94140000
1712044800000,183.18000000,183.85000000,177.49000000,179.87000000,935137.82000000,169187311.09240000
1712059200000,179.87000000,182.22000000,175.92000000,177.43000000,1036111.89000000,186047606.56830000
1712073600000,177.43000000,186.89000000,176.77000000,185.69000000,1199484.48000000,219240425.55970000
1712088000000,185.67000000,186.42000000,180.71000000,181.53000000,765733.81000000,140748713.57190000
1712102400000,181.53000000,189.09000000,176.92000000,188.47000000,1214450.42000000,222433052.66560000
1712116800000,188.47000000,192.00000000,186.98000000,189.54000000,1076086.80000000,203705236.92110000
1712131200000,189.54000000,191.66000000,186.41000000,187.75000000,662778.87000000,125244160.06440000
1712145600000,187.76000000,191.25000000,186.50000000,189.06000000,804628.23000000,151915776.34350000
1712160000000,189.06000000,191.03000000,184.09000000,185.65000000,801656.64000000,150088293.08630000
1712174400000,185.65000000,186.61000000,182.08000000,185.05000000,450674.61000000,83226829.79530000
1712188800000,185.05000000,187.40000000,180.83000000,181.52000000,633486.89000000,116347633.71670000
1712203200000,181.51000000,185.82000000,180.02000000,184.96000000,493357.31000000,90297636.75110000
1712217600000,184.96000000,186.34000000,184.43000000,185.62000000,387467.32000000,71881362.45920000
1712232000000,185.63000000,189.71000000,185.38000000,186.99000000,849980.54000000,159704871.99220000
1712246400000,187.00000000,190.13000000,185.47000000,185.66000000,647857.69000000,121452127.28360000
1712260800000,185.65000000,185.83000000,180.98000000,184.00000000,761597.61000000,139108871.44220000
1712275200000,184.00000000,185.07000000,177.60000000,179.42000000,609809.99000000,110159086.33110000
1712289600000,179.41000000,180.37000000,172.88000000,175.04000000,1271384.68000000,222850853.50200000
1712304000000,175.04000000,177.10000000,169.11000000,169.76000000,1021248.40000000,175876240.47510000
1712318400000,169.76000000,177.36000000,167.84000000,175.89000000,1331738.97000000,230295143.57970000
1712332800000,175.89000000,176.90000000,172.44000000,175.40000000,473629.57000000,82664511.41740000
1712347200000,175.40000000,176.83000000,174.11000000,174.37000000,293035.61000000,51430419.03540000
1712361600000,174.37000000,176.55000000,173.54000000,175.93000000,367899.21000000,64384289.25730000
1712376000000,175.93000000,178.21000000,174.89000000,177.27000000,426787.36000000,75564170.57940000
1712390400000,177.27000000,178.45000000,175.28000000,175.69000000,333909.47000000,59018918.66730000
1712404800000,175.69000000,177.32000000,173.79000000,177.17000000,356203.81000000,62443318.49980000
1712419200000,177.16000000,178.99000000,176.50000000,177.37000000,423059.92000000,75148481.70040000
1712433600000,177.37000000,179.89000000,176.74000000,178.68000000,734009.61000000,130851522.36570000
1712448000000,178.69000000,182.71000000,177.26000000,180.65000000,550262.60000000,99366432.54590000
1712462400000,180.66000000,181.31000000,179.05000000,179.75000000,244916.81000000,44169181.72140000
1712476800000,179.74000000,180.87000000,178.66000000,180.73000000,223360.58000000,40206593.05300000
1712491200000,180.72000000,182.31000000,179.49000000,179.64000000,462526.12000000,83740061.69800000
1712505600000,179.65000000,182.68000000,177.69000000,178.27000000,461763.69000000,83069135.60990000
1712520000000,178.28000000,180.05000000,176.85000000,179.52000000,292968.43000000,52313063.06820000
1712534400000,179.51000000,179.53000000,175.25000000,176.41000000,456287.36000000,80899167.93190000
1712548800000,176.40000000,181.12000000,175.75000000,180.15000000,492665.17000000,87678548.32250000
1712563200000,180.15000000,184.68000000,179.72000000,182.74000000,1183898.63000000,216034692.99470000
1712577600000,182.73000000,183.60000000,179.35000000,181.46000000,739710.58000000,133999721.32270000
1712592000000,181.46000000,182.12000000,178.54000000,179.38000000,516993.90000000,93307055.68480000
1712606400000,179.38000000,181.66000000,179.19000000,180.68000000,301146.33000000,54381521.87670000
1712620800000,180.68000000,180.90000000,176.50000000,177.50000000,427610.03000000,76592193.46970000
1712635200000,177.50000000,178.67000000,175.02000000,175.62000000,597165.43000000,105601507.12970000
1712649600000,175.61000000,176.44000000,173.17000000,176.21000000,514174.81000000,90019553.36490000
1712664000000,176.20000000,176.68000000,169.11000000,172.47000000,820285.37000000,141509902.17630000
1712678400000,172.48000000,177.65000000,171.76000000,174.33000000,694722.00000000,121403853.67180000
1712692800000,174.32000000,176.01000000,172.14000000,172.42000000,347928.25000000,60584360.43110000
1712707200000,172.41000000,173.09000000,169.24000000,171.39000000,696476.30000000,119239756.13090000
1712721600000,171.39000000,173.65000000,170.89000000,172.76000000,400528.35000000,68951026.70640000
1712736000000,172.76000000,172.78000000,168.24000000,170.21000000,530993.25000000,90530252.77990000
1712750400000,170.21000000,170.68000000,162.28000000,167.92000000,1526488.64000000,253935543.81820000
1712764800000,167.92000000,173.08000000,167.00000000,171.31000000,899262.55000000,152874506.70080000
1712779200000,171.31000000,175.50000000,170.22000000,173.31000000,599718.56000000,103836378.49390000
1712793600000,173.30000000,173.38000000,171.09000000,172.76000000,438468.34000000,75447423.22020000
1712808000000,172.77000000,175.99000000,171.65000000,174.46000000,536804.15000000,93522274.10560000
1712822400000,174.46000000,175.40000000,170.14000000,170.52000000,503011.45000000,87016359.23120000
1712836800000,170.52000000,175.40000000,170.07000000,173.39000000,1288677.37000000,222777128.88880000
1712851200000,173.40000000,176.32000000,172.00000000,174.63000000,655163.38000000,114279580.10810000
1712865600000,174.64000000,175.65000000,172.00000000,172.37000000,339072.80000000,58848552.81510000
1712880000000,172.37000000,174.34000000,172.33000000,174.06000000,396620.46000000,68768370.02170000
1712894400000,174.05000000,175.98000000,172.92000000,173.25000000,537406.83000000,93751477.11020000
1712908800000,173.24000000,173.65000000,171.34000000,172.67000000,283295.16000000,48873902.55230000
1712923200000,172.67000000,172.71000000,166.49000000,167.36000000,849612.89000000,143139146.98850000
1712937600000,167.35000000,167.82000000,141.00000000,149.26000000,3242380.93000000,505470712.32620000
1712952000000,149.25000000,154.36000000,148.73000000,153.16000000,1532779.95000000,233298540.24330000
1712966400000,153.16000000,153.46000000,145.47000000,151.77000000,1697661.28000000,253291933.59860000
1712980800000,151.77000000,155.00000000,150.55000000,151.02000000,1431561.25000000,219037474.65810000
1712995200000,151.02000000,153.39000000,149.46000000,151.23000000,675791.90000000,102218211.89170000
1713009600000,151.22000000,153.00000000,148.00000000,148.99000000,1089273.72000000,164185610.01530000
1713024000000,148.99000000,149.64000000,130.00000000,133.73000000,3995824.38000000,564582372.17570000
1713038400000,133.73000000,143.46000000,116.00000000,138.47000000,6554307.53000000,853410323.65760000
1713052800000,138.47000000,140.96000000,130.45000000,134.91000000,2765871.20000000,376452872.12670000
1713067200000,134.90000000,144.56000000,133.85000000,144.06000000,1976732.53000000,278476188.36240000
1713081600000,144.05000000,145.60000000,138.25000000,138.84000000,1375202.09000000,195368464.98990000
1713096000000,138.84000000,143.27000000,135.49000000,137.99000000,2062759.51000000,286403064.36220000
1713110400000,137.99000000,143.16000000,133.44000000,141.78000000,2453291.92000000,341824724.17750000
1713124800000,141.77000000,152.84000000,139.83000000,151.25000000,1794513.43000000,263608012.15930000
1713139200000,151.26000000,151.27000000,146.40000000,148.11000000,1218605.26000000,180948350.94130000
1713153600000,148.11000000,156.06000000,146.08000000,153.75000000,1582258.89000000,240592175.25530000
1713168000000,153.74000000,155.00000000,150.79000000,150.95000000,980783.06000000,150304233.63610000
1713182400000,150.94000000,152.24000000,141.39000000,143.31000000,2141173.52000000,314822514.19030000
1713196800000,143.32000000,144.56000000,133.56000000,137.89000000,2472010.33000000,343039121.21720000
1713211200000,137.89000000,140.17000000,135.40000000,138.51000000,937593.68000000,129342793.53190000
1713225600000,138.51000000,140.57000000,133.62000000,134.60000000,1223011.06000000,167843260.81290000
1713240000000,134.60000000,138.90000000,130.14000000,137.87000000,1443161.96000000,193944928.74830000
1713254400000,137.86000000,138.04000000,129.77000000,136.18000000,1552370.57000000,208028335.05190000
1713268800000,136.19000000,136.19000000,127.43000000,127.62000000,2410381.20000000,317651936.26560000
1713283200000,127.61000000,135.43000000,126.40000000,132.14000000,2309035.20000000,304238028.06580000
1713297600000,132.14000000,137.96000000,131.63000000,136.22000000,856751.91000000,116311185.48660000
1713312000000,136.21000000,138.24000000,134.88000000,137.41000000,803624.48000000,109705642.41870000
1713326400000,137.41000000,142.77000000,136.67000000,139.46000000,1850617.34000000,259841834.08580000
1713340800000,139.46000000,140.25000000,134.00000000,134.29000000,909203.07000000,124935191.13810000
1713355200000,134.28000000,135.15000000,127.59000000,128.71000000,2819684.71000000,370004823.08580000
1713369600000,128.72000000,137.91000000,126.87000000,134.62000000,2066828.40000000,273625457.88160000
1713384000000,134.62000000,138.00000000,131.61000000,131.84000000,1109527.27000000,149551564.47000000
1713398400000,131.84000000,136.65000000,129.65000000,135.58000000,1118786.56000000,148950463.14920000
1713412800000,135.57000000,136.83000000,128.96000000,129.43000000,1209374.80000000,160632053.16510000
1713427200000,129.44000000,137.00000000,127.62000000,135.81000000,1512577.78000000,200570989.14230000
1713441600000,135.80000000,141.50000000,131.95000000,138.99000000,2159574.21000000,294514803.02430000
1713456000000,139.00000000,141.53000000,135.51000000,140.29000000,966096.32000000,134113630.01580000
1713470400000,140.30000000,144.25000000,139.55000000,142.07000000,838658.15000000,118931541.31860000
1713484800000,142.08000000,142.08000000,128.50000000,136.54000000,3176402.61000000,425092772.73050000
1713499200000,136.54000000,146.93000000,136.20000000,143.32000000,3220539.01000000,453510998.40340000
1713513600000,143.31000000,146.01000000,142.31000000,144.44000000,1380028.93000000,199092851.19040000
1713528000000,144.43000000,147.49000000,141.67000000,146.19000000,1462528.08000000,211760883.90890000
1713542400000,146.18000000,147.46000000,143.61000000,145.49000000,1010461.30000000,146895324.18730000
1713556800000,145.50000000,145.73000000,139.97000000,142.50000000,895401.60000000,128006546.53250000
1713571200000,142.50000000,143.50000000,139.66000000,142.40000000,956835.99000000,135597347.13750000
1713585600000,142.40000000,145.00000000,141.59000000,143.51000000,749691.07000000,107820888.05640000
1713600000000,143.52000000,143.57000000,140.00000000,141.55000000,639597.43000000,90457926.10560000
1713614400000,141.55000000,147.80000000,140.96000000,147.19000000,724923.15000000,104372102.48460000
1713628800000,147.20000000,151.99000000,146.32000000,151.20000000,1205586.89000000,180217644.55210000
1713643200000,151.20000000,152.39000000,149.10000000,151.22000000,579339.14000000,87214765.60890000
1713657600000,151.21000000,153.50000000,148.07000000,150.63000000,822390.07000000,123871624.39500000
1713672000000,150.63000000,151.74000000,149.88000000,151.12000000,448813.19000000,67681459.49350000
1713686400000,151.12000000,152.65000000,149.57000000,151.46000000,597151.87000000,90294200.93120000
1713700800000,151.46000000,151.74000000,148.40000000,150.14000000,630630.77000000,94475762.11030000
1713715200000,150.14000000,150.32000000,146.68000000,148.00000000,645148.72000000,95615602.24310000
1713729600000,147.99000000,150.80000000,147.46000000,148.80000000,502666.91000000,75037193.67170000
1713744000000,148.81000000,151.50000000,146.63000000,150.35000000,1037867.97000000,154666069.72080000
1713758400000,150.35000000,156.64000000,149.93000000,153.62000000,1179394.19000000,181201994.61510000
1713772800000,153.63000000,154.64000000,152.23000000,153.28000000,594572.40000000,91254276.31000000
1713787200000,153.29000000,154.95000000,151.55000000,153.45000000,890901.31000000,136871934.76800000
1713801600000,153.44000000,156.11000000,152.41000000,154.55000000,686201.58000000,105898938.03460000
1713816000000,154.55000000,158.50000000,154.12000000,156.95000000,578422.71000000,90560492.86780000
1713830400000,156.94000000,159.33000000,155.43000000,155.51000000,670154.05000000,105585746.07730000
1713844800000,155.50000000,156.82000000,153.04000000,153.62000000,692920.52000000,107390424.80960000
1713859200000,153.62000000,155.60000000,153.16000000,154.08000000,535694.48000000,82645162.82250000
1713873600000,154.07000000,159.77000000,153.57000000,157.92000000,1099818.14000000,172628764.73680000
1713888000000,157.93000000,160.00000000,157.12000000,157.48000000,552829.62000000,87649509.63700000
1713902400000,157.49000000,157.78000000,154.57000000,154.75000000,550855.30000000,85953489.05010000
1713916800000,154.75000000,158.89000000,154.42000000,156.73000000,862194.63000000,135202803.07030000
1713931200000,156.72000000,159.80000000,156.26000000,157.84000000,939702.02000000,148777823.47320000
1713945600000,157.84000000,159.39000000,156.50000000,159.33000000,559650.23000000,88267473.18040000
1713960000000,159.32000000,159.67000000,151.10000000,151.51000000,1788056.88000000,277167985.39390000
1713974400000,151.51000000,153.85000000,147.40000000,149.83000000,1488552.87000000,224620508.39560000
1713988800000,149.82000000,150.49000000,145.58000000,147.78000000,853806.37000000,126705760.73700000
1714003200000,147.79000000,149.60000000,144.75000000,146.03000000,841499.69000000,123751528.04460000
1714017600000,146.03000000,148.55000000,144.73000000,146.30000000,666118.79000000,97939262.10850000
1714032000000,146.30000000,147.50000000,143.13000000,144.80000000,902302.33000000,131004612.30690000
1714046400000,144.80000000,148.47000000,142.09000000,147.81000000,1206599.98000000,174961675.56830000
1714060800000,147.81000000,149.60000000,146.53000000,146.86000000,972860.17000000,143917473.12920000
1714075200000,146.86000000,148.90000000,144.71000000,144.84000000,828084.31000000,121243656.89490000
1714089600000,144.83000000,145.09000000,141.44000000,143.25000000,933837.03000000,133890994.55380000
1714104000000,143.26000000,144.85000000,142.40000000,143.45000000,429890.93000000,61778839.92820000
1714118400000,143.46000000,144.60000000,142.26000000,143.15000000,482312.43000000,69238506.32190000
1714132800000,143.15000000,146.19000000,141.11000000,142.70000000,1024734.16000000,147044521.00050000
1714147200000,142.70000000,144.25000000,141.69000000,142.65000000,406828.41000000,58171031.28840000
1714161600000,142.69000000,143.81000000,138.74000000,139.23000000,471750.55000000,66413315.88890000
1714176000000,139.23000000,140.22000000,132.88000000,136.30000000,1188124.86000000,161731294.94310000
1714190400000,136.29000000,137.23000000,135.54000000,136.15000000,430598.99000000,58770336.05000000
1714204800000,136.16000000,136.81000000,135.26000000,135.89000000,365673.10000000,49749448.16210000
1714219200000,135.88000000,139.83000000,135.68000000,137.72000000,596368.54000000,82334817.36840000
1714233600000,137.72000000,142.50000000,137.46000000,142.30000000,842271.15000000,118365459.32950000
1714248000000,142.30000000,143.04000000,140.00000000,141.31000000,398025.27000000,56159708.68790000
1714262400000,141.31000000,144.82000000,140.74000000,143.83000000,459454.40000000,65735472.14890000
1714276800000,143.83000000,144.47000000,142.88000000,143.54000000,763064.64000000,109697249.85790000
1714291200000,143.54000000,143.93000000,140.89000000,141.20000000,476500.19000000,67748493.17860000
1714305600000,141.19000000,142.96000000,141.11000000,141.98000000,491143.12000000,69809754.32410000
1714320000000,141.98000000,144.00000000,141.79000000,142.06000000,269220.83000000,38462722.99400000
1714334400000,142.06000000,142.34000000,137.03000000,137.99000000,492530.38000000,68809757.31470000
1714348800000,137.99000000,138.93000000,134.52000000,134.93000000,635721.83000000,87067191.04590000
1714363200000,134.93000000,136.77000000,134.00000000,134.96000000,604121.52300000,81812278.85346000
1714377600000,134.95000000,136.71000000,133.67000000,134.68000000,573284.52800000,77496871.59253000
1714392000000,134.67000000,137.68000000,133.94000000,136.49000000,842632.26900000,114467358.28180000
1714406400000,136.49000000,136.68000000,133.38000000,134.98000000,1077050.19500000,144920165.62024000
1714420800000,134.98000000,138.69000000,134.05000000,137.77000000,535073.15200000,73182143.63484000
1714435200000,137.79000000,139.77000000,134.98000000,136.51000000,573186.10200000,78795239.71478000
1714449600000,136.52000000,136.77000000,134.66000000,135.10000000,876377.00000000,118960782.78215000
1714464000000,135.08000000,135.53000000,128.26000000,128.78000000,1198528.55200000,156950299.86783000
1714478400000,128.78000000,130.39000000,126.70000000,127.76000000,1121239.21500000,143981519.97057000
1714492800000,127.75000000,127.75000000,121.21000000,123.04000000,1432050.87300000,178096800.87084000
1714507200000,123.04000000,128.81000000,123.01000000,126.77000000,825173.74600000,103955128.15637000
1714521600000,126.76000000,127.57000000,123.77000000,126.23000000,812778.05600000,102134287.34461000
1714536000000,126.23000000,126.90000000,118.47000000,120.58000000,1564562.69400000,191391832.79874000
1714550400000,120.57000000,123.09000000,118.60000000,123.06000000,1211712.45700000,146476905.42216000
1714564800000,123.06000000,125.03000000,121.41000000,123.40000000,947679.05500000,116852604.46719000
1714579200000,123.40000000,135.97000000,122.64000000,129.73000000,2451603.72400000,318169503.30086000
1714593600000,129.74000000,135.21000000,128.81000000,134.64000000,1002989.28500000,133326652.71322000
1714608000000,134.64000000,134.98000000,128.66000000,130.06000000,1006311.59900000,131564445.31899000
1714622400000,130.06000000,135.50000000,128.19000000,131.39000000,938585.42200000,122674477.05662000
1714636800000,131.38000000,138.97000000,131.08000000,138.74000000,1256214.23200000,169994555.39265000
1714651200000,138.74000000,140.46000000,135.06000000,139.09000000,1317598.23300000,181659785.18219000
1714665600000,139.10000000,139.84000000,136.96000000,138.05000000,530073.12200000,73348725.50546000
1714680000000,138.06000000,140.90000000,135.55000000,137.58000000,694683.01300000,95997977.78644000
1714694400000,137.58000000,141.96000000,136.72000000,141.01000000,761263.86700000,106325063.64652000
1714708800000,141.01000000,141.55000000,136.68000000,137.23000000,592756.77500000,82530993.60039000
1714723200000,137.23000000,139.18000000,135.88000000,136.88000000,633247.04600000,86811050.59527000
1714737600000,136.88000000,143.97000000,136.47000000,142.09000000,1544438.09000000,218950922.97670000
1714752000000,142.09000000,143.16000000,141.14000000,142.77000000,396575.74900000,56326923.09329000
1714766400000,142.76000000,145.00000000,142.45000000,143.69000000,596574.02900000,85756295.06235000
1714780800000,143.70000000,145.00000000,142.22000000,144.22000000,439188.91300000,63182493.75974000
1714795200000,144.21000000,146.50000000,143.71000000,143.96000000,792832.95000000,114924135.38393000
1714809600000,143.96000000,149.14000000,143.92000000,146.49000000,586964.44000000,86290529.37344000
1714824000000,146.52000000,148.26000000,145.60000000,146.18000000,456236.34300000,66947011.94692000
1714838400000,146.18000000,147.50000000,145.25000000,147.40000000,320023.30400000,46856070.81888000
1714852800000,147.41000000,147.87000000,145.80000000,146.05000000,212757.29000000,31195010.85703000
1714867200000,146.05000000,147.25000000,143.10000000,144.62000000,543704.63000000,78674467.79993000
1714881600000,144.62000000,146.00000000,144.14000000,145.64000000,460898.88800000,66873524.20655000
1714896000000,145.65000000,146.74000000,145.11000000,146.63000000,230166.44800000,33581208.03608000
1714910400000,146.63000000,148.00000000,145.35000000,147.49000000,384927.68800000,56497349.62760000
1714924800000,147.50000000,147.88000000,145.67000000,146.07000000,303431.93200000,44536011.57711000
1714939200000,146.07000000,146.13000000,144.70000000,145.73000000,208720.67700000,30341509.14888000
1714953600000,145.74000000,148.08000000,145.40000000,146.28000000,329110.45600000,48313818.69068000
1714968000000,146.27000000,149.34000000,145.93000000,148.73000000,402238.18600000,59653838.99952000
1714982400000,148.74000000,156.89000000,148.73000000,153.99000000,1552163.98400000,238777788.35033000
1714996800000,153.99000000,156.31000000,149.72000000,153.82000000,1400349.58000000,214166120.02447000
1715011200000,153.83000000,154.21000000,150.84000000,153.48000000,646364.88500000,98503605.81613000
1715025600000,153.49000000,155.74000000,152.50000000,152.82000000,457214.47600000,70529454.64948000
1715040000000,152.81000000,158.05000000,151.92000000,153.89000000,804075.53200000,124881114.45941000
1715054400000,153.88000000,156.27000000,153.13000000,155.13000000,550076.50000000,85149471.05025000
1715068800000,155.14000000,159.19000000,154.84000000,154.97000000,914361.31200000,143764485.33700000
1715083200000,154.97000000,157.07000000,152.01000000,154.71000000,950603.51100000,146989681.61818000
1715097600000,154.70000000,155.50000000,150.77000000,151.19000000,689629.91400000,105140561.70849000
1715112000000,151.18000000,152.43000000,147.76000000,148.03000000,577632.82700000,86758604.17691000
1715126400000,148.03000000,149.96000000,147.20000000,149.50000000,517330.20000000,77036582.33520000
1715140800000,149.50000000,152.00000000,145.74000000,146.42000000,988747.04500000,145682990.25948000
1715155200000,146.41000000,147.00000000,144.78000000,145.39000000,568455.84400000,82927381.08623000
1715169600000,145.39000000,148.94000000,144.40000000,145.86000000,767439.34700000,112321935.38454000
1715184000000,145.86000000,149.12000000,144.65000000,145.48000000,790333.05400000,116150875.73612000
1715198400000,145.48000000,145.93000000,140.00000000,142.18000000,900959.85100000,127768733.79226000
1715212800000,142.17000000,144.87000000,141.92000000,144.14000000,431615.65200000,62028475.42993000
1715227200000,144.13000000,145.89000000,142.09000000,143.27000000,715446.30100000,103324523.06882000
1715241600000,143.26000000,144.01000000,140.61000000,142.80000000,550536.29000000,78329823.46524000
1715256000000,142.80000000,148.00000000,141.62000000,146.47000000,809945.07500000,117323549.33959000
1715270400000,146.47000000,150.98000000,145.73000000,150.86000000,709853.80600000,104985778.81424000
1715284800000,150.85000000,153.39000000,149.25000000,152.57000000,694742.78400000,105159883.29452000
1715299200000,152.56000000,155.00000000,151.34000000,153.93000000,479082.47700000,73356844.42890000
1715313600000,153.93000000,155.75000000,152.27000000,154.34000000,516045.97200000,79541740.53729000
1715328000000,154.35000000,155.18000000,152.97000000,155.01000000,398796.99600000,61371085.49678000
1715342400000,155.01000000,155.40000000,145.34000000,146.94000000,1475250.35900000,219915966.77432000
1715356800000,146.95000000,148.78000000,145.12000000,147.17000000,852954.22700000,125514296.21697000
1715371200000,147.17000000,148.05000000,144.49000000,146.01000000,402645.17700000,58848324.30795000
1715385600000,146.02000000,147.70000000,143.33000000,143.64000000,580791.51700000,84246861.59676000
1715400000000,143.65000000,146.46000000,143.54000000,145.78000000,295266.60900000,42874884.76762000
1715414400000,145.77000000,145.86000000,143.12000000,144.25000000,303068.82200000,43753908.87483000
1715428800000,144.24000000,147.04000000,143.86000000,145.65000000,400013.45200000,58111273.51729000
1715443200000,145.65000000,146.71000000,144.81000000,146.44000000,271612.52400000,39650463.07720000
1715457600000,146.43000000,146.54000000,145.09000000,145.42000000,166279.89000000,24230849.07632000
1715472000000,145.42000000,146.95000000,145.20000000,146.40000000,165344.66300000,24159819.55379000
1715486400000,146.41000000,147.80000000,143.65000000,144.22000000,313948.17000000,45789079.02583000
1715500800000,144.23000000,146.36000000,143.83000000,145.07000000,288121.49400000,41806548.60915000
1715515200000,145.07000000,145.72000000,144.00000000,145.20000000,231009.32700000,33479026.77910000
1715529600000,145.20000000,146.40000000,144.35000000,144.96000000,199633.53600000,29023787.81477000
1715544000000,144.96000000,145.27000000,142.50000000,143.43000000,224490.43700000,32259925.75966000
1715558400000,143.42000000,145.94000000,138.35000000,140.13000000,937470.43200000,132416523.83072000
1715572800000,140.13000000,144.20000000,137.78000000,143.56000000,734323.06800000,102943721.50126000
1715587200000,143.56000000,147.50000000,143.55000000,145.62000000,1028681.53200000,149435817.41302000
1715601600000,145.61000000,148.28000000,144.80000000,147.26000000,654899.72700000,95841054.39331000
1715616000000,147.26000000,150.88000000,145.79000000,148.81000000,745705.74200000,110581100.52524000
1715630400000,148.80000000,149.61000000,146.76000000,147.54000000,306849.42200000,45398802.29681000
1715644800000,147.53000000,148.27000000,145.70000000,146.34000000,403642.99200000,59292376.53655000
1715659200000,146.32000000,149.09000000,143.71000000,146.54000000,648225.37700000,94815249.38872000
1715673600000,146.54000000,147.48000000,145.36000000,146.59000000,359150.50000000,52536676.83252000
1715688000000,146.59000000,148.42000000,141.84000000,142.92000000,1127654.75200000,163282943.37859000
1715702400000,142.92000000,144.68000000,141.82000000,143.80000000,624451.86700000,89318424.82001000
1715716800000,143.80000000,143.91000000,141.90000000,142.03000000,226807.88300000,32405243.94417000
1715731200000,142.03000000,144.18000000,141.21000000,143.96000000,309201.85000000,44187068.88330000
1715745600000,143.96000000,144.62000000,143.12000000,144.29000000,471707.75700000,67869691.90529000
1715760000000,144.28000000,146.08000000,143.11000000,144.19000000,519164.02800000,75015397.58165000
1715774400000,144.19000000,154.06000000,143.64000000,151.61000000,1831283.63100000,275327700.98182000
1715788800000,151.61000000,155.00000000,150.99000000,154.92000000,766870.20700000,117617561.63493000
1715803200000,154.92000000,158.88000000,154.25000000,158.52000000,987046.73000000,154196849.28142000
1715817600000,158.52000000,163.90000000,158.14000000,163.11000000,1019708.93100000,164203785.23461000
1715832000000,163.11000000,163.64000000,161.31000000,162.78000000,605216.84700000,98260621.38922000
1715846400000,162.78000000,164.79000000,161.77000000,163.73000000,514599.31600000,83947088.68113000
1715860800000,163.72000000,163.74000000,157.60000000,160.45000000,1033162.37700000,166088877.93740000
1715875200000,160.46000000,160.55000000,156.46000000,159.08000000,748831.64800000,118814787.15354000
1715889600000,159.09000000,159.59000000,157.41000000,159.37000000,278593.64600000,44194913.77137000
1715904000000,159.36000000,162.85000000,159.32000000,162.19000000,588047.87100000,94818804.50961000
1715918400000,162.20000000,170.00000000,161.00000000,169.20000000,1166813.44400000,192909728.22970000
1715932800000,169.20000000,170.00000000,167.21000000,167.46000000,610247.53000000,102821990.64742000
1715947200000,167.46000000,170.93000000,165.78000000,169.69000000,703522.00000000,118323299.59702000
1715961600000,169.68000000,174.00000000,166.19000000,168.89000000,769476.70700000,130111259.44905000
1715976000000,168.89000000,169.85000000,167.35000000,169.44000000,259079.28900000,43684556.22898000
1715990400000,169.43000000,174.86000000,168.65000000,173.20000000,634933.98800000,109226673.70161000
1716004800000,173.21000000,173.90000000,172.05000000,172.31000000,284887.15100000,49226384.78934000
1716019200000,172.30000000,176.06000000,172.13000000,174.40000000,660216.98200000,115301197.74222000
1716033600000,174.41000000,174.70000000,171.65000000,172.42000000,560069.63300000,97010999.28340000
1716048000000,172.42000000,172.65000000,170.00000000,172.25000000,474927.80000000,81398062.85160000
1716062400000,172.25000000,173.65000000,171.62000000,172.40000000,259438.44300000,44776914.19621000
1716076800000,172.40000000,175.16000000,171.98000000,174.32000000,311572.91400000,54115952.98285000
1716091200000,174.32000000,175.50000000,172.35000000,174.17000000,287616.61200000,50004933.24742000
1716105600000,174.16000000,174.58000000,170.79000000,171.76000000,471822.50100000,81415523.21138000
1716120000000,171.75000000,171.84000000,165.96000000,168.29000000,801343.50700000,135017940.85505000
1716134400000,168.28000000,171.79000000,167.24000000,169.30000000,524725.02300000,88898404.15236000
1716148800000,169.31000000,171.70000000,168.21000000,169.93000000,299903.51700000,51055530.87676000
1716163200000,169.93000000,173.50000000,167.47000000,172.15000000,515680.30900000,88183128.67585000
1716177600000,172.14000000,178.66000000,171.80000000,178.03000000,1242368.09700000,219541014.97789000
1716192000000,178.02000000,179.41000000,175.69000000,177.70000000,642669.74900000,114169071.78389000
1716206400000,177.72000000,179.50000000,175.33000000,179.01000000,523227.56600000,92743261.71183000
1716220800000,179.01000000,188.32000000,178.11000000,187.25000000,1411629.65300000,256596696.32168000
1716235200000,187.25000000,187.70000000,182.25000000,186.70000000,1354993.62400000,250818676.19806000
1716249600000,186.69000000,188.89000000,182.79000000,184.27000000,940460.07400000,174267325.88021000
1716264000000,184.27000000,185.03000000,180.02000000,181.28000000,915949.11100000,166898967.46782000
1716278400000,181.28000000,183.84000000,180.39000000,180.40000000,596580.73600000,108651793.86875000
1716292800000,180.41000000,181.41000000,176.00000000,176.75000000,1152303.91100000,206185668.09446000
1716307200000,176.75000000,178.92000000,174.37000000,175.30000000,697821.69200000,123492654.44883000
1716321600000,175.32000000,178.63000000,175.15000000,178.15000000,424664.54000000,75502985.33570000
1716336000000,178.15000000,179.29000000,176.51000000,177.95000000,396884.92100000,70636503.61895000
1716350400000,177.95000000,183.09000000,174.96000000,179.89000000,824944.42200000,148032467.55574000
1716364800000,179.89000000,181.35000000,178.02000000,178.06000000,436735.77800000,78636496.85833000
1716379200000,178.07000000,182.77000000,176.09000000,181.39000000,826542.88500000,148547816.19156000
1716393600000,181.39000000,185.00000000,177.35000000,178.36000000,851111.08900000,153369816.65679000
1716408000000,178.36000000,180.80000000,176.29000000,176.95000000,936681.03200000,166925589.49157000
1716422400000,176.96000000,179.37000000,175.62000000,178.79000000,379238.54900000,67436418.66462000
1716436800000,178.79000000,178.86000000,176.25000000,177.44000000,729990.36000000,129442765.87671000
1716451200000,177.45000000,177.98000000,172.59000000,175.67000000,963573.06500000,168804767.23622000
1716465600000,175.67000000,176.99000000,168.82000000,172.70000000,1271448.96600000,219777785.71882000
1716480000000,172.69000000,175.25000000,170.54000000,170.92000000,534440.05600000,92211705.47097000
1716494400000,170.92000000,181.04000000,165.35000000,176.16000000,1720230.63400000,299603991.44371000
1716508800000,176.15000000,176.15000000,171.53000000,172.01000000,782830.77300000,135654497.12322000
1716523200000,172.00000000,172.01000000,165.12000000,166.16000000,1309117.63100000,220006843.76210000
1716537600000,166.15000000,166.62000000,162.50000000,166.34000000,932422.11800000,153832820.35158000
1716552000000,166.34000000,169.12000000,165.11000000,167.29000000,951745.55000000,159088803.09197000
1716566400000,167.29000000,170.61000000,164.73000000,168.33000000,600377.85200000,100674108.92502000
1716580800000,168.33000000,168.75000000,166.66000000,167.70000000,243166.71800000,40771485.05682000
1716595200000,167.70000000,169.80000000,165.90000000,169.66000000,356935.03200000,60016909.90833000
1716609600000,169.65000000,170.16000000,168.11000000,168.99000000,242806.16200000,41099683.68161000
1716624000000,168.99000000,170.55000000,168.37000000,168.61000000,394336.97900000,66811662.81956000
1716638400000,168.61000000,168.91000000,166.48000000,167.83000000,389874.69200000,65472230.88797000
1716652800000,167.83000000,168.08000000,166.35000000,167.23000000,283289.87100000,47373956.03686000
1716667200000,167.23000000,168.66000000,166.55000000,168.35000000,244200.39900000,40916869.44936000
1716681600000,168.35000000,168.40000000,164.81000000,166.28000000,375134.79000000,62441437.66602000
1716696000000,166.28000000,167.02000000,164.56000000,165.33000000,420874.58100000,69797752.10714000
1716710400000,165.33000000,165.65000000,162.23000000,164.02000000,715298.21700000,117212908.75008000
1716724800000,164.03000000,165.85000000,162.37000000,162.85000000,623994.43200000,102425726.52489000
1716739200000,162.85000000,163.49000000,161.14000000,162.71000000,622801.15200000,101102438.73766000
1716753600000,162.71000000,164.16000000,161.00000000,163.41000000,368014.81700000,59914507.63187000
1716768000000,163.42000000,166.65000000,163.26000000,165.38000000,580611.17100000,95929778.49376000
1716782400000,165.38000000,166.43000000,163.83000000,165.52000000,421905.52100000,69699683.41610000
1716796800000,165.53000000,168.08000000,165.00000000,167.74000000,517665.74100000,86197700.37730000
1716811200000,167.73000000,171.47000000,166.68000000,171.04000000,725623.66500000,122456247.11684000
1716825600000,171.03000000,172.28000000,166.98000000,168.65000000,660496.81300000,112820583.58822000
1716840000000,168.64000000,171.67000000,168.36000000,170.15000000,353714.14400000,60240149.95638000
1716854400000,170.15000000,172.09000000,166.05000000,167.40000000,701626.04200000,118304636.85335000
1716868800000,167.40000000,167.58000000,164.92000000,166.09000000,462066.44700000,76774008.22354000
1716883200000,166.10000000,170.38000000,165.88000000,169.81000000,542867.48600000,91529454.94766000
1716897600000,169.81000000,173.24000000,166.72000000,168.28000000,1229770.33700000,209117816.76915000
1716912000000,168.30000000,170.78000000,166.00000000,170.39000000,605597.76400000,101589850.62802000
1716926400000,170.39000000,170.74000000,168.31000000,168.68000000,237323.26700000,40207132.59123000
1716940800000,168.68000000,172.55000000,167.44000000,172.35000000,378770.04600000,64386736.20715000
1716955200000,172.35000000,173.93000000,170.79000000,170.80000000,519578.26800000,89546011.33888000
1716969600000,170.81000000,171.06000000,167.56000000,168.28000000,565052.79700000,95517761.53331000
1716984000000,168.28000000,170.00000000,167.00000000,168.60000000,608571.45700000,102665018.33325000
1716998400000,168.61000000,171.86000000,167.53000000,169.41000000,614669.59900000,104475839.82308000
1717012800000,169.41000000,169.94000000,167.77000000,168.32000000,259635.12700000,43852261.48033000
1717027200000,168.32000000,170.97000000,167.90000000,169.99000000,336282.02900000,56935810.72887000
1717041600000,169.99000000,170.89000000,164.23000000,165.00000000,714643.54500000,119385865.47374000
1717056000000,164.99000000,167.28000000,163.55000000,166.20000000,498420.89100000,82484560.41935000
1717070400000,166.20000000,169.66000000,166.00000000,168.48000000,625043.10800000,105112363.82584000
1717084800000,168.47000000,173.00000000,167.88000000,168.42000000,757940.49600000,129130480.44455000
1717099200000,168.43000000,168.43000000,166.18000000,166.88000000,375436.97800000,62721087.85786000
1717113600000,166.88000000,167.56000000,165.52000000,167.24000000,237144.66000000,39539745.44570000
1717128000000,167.25000000,167.68000000,165.00000000,166.62000000,294917.92600000,49015474.34887000
1717142400000,166.62000000,168.98000000,166.03000000,168.75000000,343860.02400000,57595887.39819000
1717156800000,168.74000000,170.94000000,164.75000000,164.81000000,1015530.49100000,170517874.08613000
1717171200000,164.81000000,167.01000000,163.67000000,166.33000000,456687.32100000,75493625.20809000
1717185600000,166.34000000,167.04000000,165.04000000,165.65000000,244595.96600000,40653746.45957000
1717200000000,165.65000000,167.82000000,165.64000000,167.02000000,229778.35700000,38362697.74564000
1717214400000,167.02000000,167.45000000,166.30000000,166.85000000,150431.55600000,25116283.27297000
1717228800000,166.85000000,167.36000000,166.56000000,166.88000000,181278.29900000,30269518.30256000
1717243200000,166.89000000,167.95000000,166.78000000,167.31000000,179675.63800000,30067977.60907000
1717257600000,167.31000000,167.66000000,166.85000000,167.45000000,134291.59100000,22454201.73214000
1717272000000,167.43000000,167.77000000,165.69000000,166.14000000,195043.48700000,32553753.45543000
1717286400000,166.14000000,167.10000000,165.42000000,166.20000000,225049.67500000,37442879.56375000
1717300800000,166.20000000,166.53000000,164.93000000,165.02000000,211143.19700000,34998558.34935000
1717315200000,165.02000000,166.16000000,164.00000000,166.05000000,276064.45300000,45516411.63657000
1717329600000,166.05000000,166.29000000,164.61000000,165.16000000,260463.36500000,43068532.73271000
1717344000000,165.17000000,165.37000000,161.32000000,163.12000000,498173.66300000,81324840.20654000
1717358400000,163.11000000,163.74000000,161.73000000,163.15000000,198683.63300000,32371714.00594000
1717372800000,163.14000000,165.23000000,161.79000000,163.59000000,372640.32900000,61065210.79064000
1717387200000,163.59000000,165.79000000,162.64000000,165.35000000,305890.84500000,50363150.34744000
1717401600000,165.35000000,166.85000000,164.51000000,164.83000000,271345.30500000,44916087.62319000
1717416000000,164.82000000,167.21000000,163.00000000,164.83000000,699068.52200000,115593353.12221000
1717430400000,164.84000000,166.99000000,163.50000000,166.93000000,502979.78800000,83144053.04934000
1717444800000,166.94000000,167.20000000,164.43000000,164.89000000,226091.74300000,37479933.07280000
1717459200000,164.90000000,166.83000000,164.31000000,166.47000000,190345.46000000,31564024.96313000
1717473600000,166.47000000,167.00000000,164.91000000,165.24000000,239324.31100000,39707675.24487000
1717488000000,165.25000000,165.84000000,164.45000000,165.51000000,212597.78300000,35112912.76262000
1717502400000,165.50000000,167.92000000,165.29000000,167.91000000,514163.91600000,85591725.44776000
1717516800000,167.92000000,170.39000000,167.78000000,169.47000000,673334.68400000,113875534.79284000
1717531200000,169.47000000,171.87000000,168.29000000,171.78000000,295187.86100000,50274509.62117000
1717545600000,171.78000000,174.86000000,171.11000000,172.97000000,657174.08000000,113699391.74684000
1717560000000,172.97000000,174.32000000,172.31000000,173.43000000,334179.81500000,57955893.62612000
1717574400000,173.43000000,174.11000000,172.10000000,172.85000000,319926.48900000,55367010.67614000
1717588800000,172.86000000,175.14000000,170.00000000,174.74000000,608786.20900000,105371077.92699000
1717603200000,174.74000000,175.60000000,172.50000000,172.97000000,485955.89400000,84585352.22930000
1717617600000,172.97000000,173.80000000,172.75000000,173.54000000,154201.10200000,26726085.15581000
1717632000000,173.55000000,174.40000000,173.16000000,173.85000000,191872.53300000,33362415.30570000
1717646400000,173.86000000,174.10000000,171.54000000,172.60000000,297740.33600000,51370455.25889000
1717660800000,172.59000000,173.44000000,172.14000000,173.08000000,249692.32400000,43140854.73568000
1717675200000,173.09000000,173.70000000,172.40000000,172.99000000,326983.19800000,56593652.59525000
1717689600000,172.99000000,173.07000000,168.65000000,169.12000000,550779.56900000,94407707.58565000
1717704000000,169.12000000,170.85000000,167.51000000,170.15000000,499170.27400000,84890445.22736000
1717718400000,170.15000000,170.60000000,168.99000000,170.57000000,216253.46600000,36750985.33157000
1717732800000,170.56000000,172.54000000,170.44000000,172.01000000,360360.14200000,61917088.60623000
1717747200000,172.01000000,172.40000000,170.93000000,172.20000000,213503.69500000,36657228.22747000
1717761600000,172.19000000,172.85000000,169.15000000,170.15000000,481914.21900000,82371669.37091000
1717776000000,170.15000000,170.36000000,152.92000000,162.01000000,1898650.27100000,307081706.67772000
1717790400000,162.02000000,163.23000000,161.03000000,162.50000000,368170.29800000,59795369.82816000
1717804800000,162.51000000,163.13000000,161.88000000,162.70000000,258142.12600000,41945155.59475000
1717819200000,162.70000000,163.78000000,160.88000000,163.60000000,243250.12200000,39505285.96934000
1717833600000,163.60000000,163.64000000,160.05000000,160.48000000,256348.25800000,41485476.55263000
1717848000000,160.47000000,161.35000000,158.28000000,160.15000000,517805.17900000,82797783.18252000
1717862400000,160.15000000,161.05000000,158.82000000,159.85000000,299465.81200000,47864232.20367000
1717876800000,159.85000000,159.98000000,157.37000000,157.83000000,214871.15300000,34055591.27236000
1717891200000,157.83000000,158.80000000,156.52000000,157.78000000,246099.46900000,38817917.95483000
1717905600000,157.79000000,159.79000000,157.26000000,159.01000000,231686.37400000,36764132.25438000
1717920000000,159.02000000,159.81000000,158.58000000,159.44000000,188814.24700000,30067457.41276000
1717934400000,159.44000000,161.87000000,159.21000000,161.63000000,406224.58300000,65301745.49153000
1717948800000,161.63000000,163.04000000,160.55000000,162.13000000,245826.97200000,39727636.42140000
1717963200000,162.13000000,162.39000000,161.27000000,162.12000000,126253.35500000,20430473.36111000
1717977600000,162.12000000,162.18000000,159.65000000,159.87000000,138509.87700000,22299410.96875000
1717992000000,159.88000000,160.56000000,157.46000000,157.62000000,258944.49900000,41201874.35669000
1718006400000,157.62000000,160.22000000,157.54000000,159.46000000,259285.86600000,41351943.64968000
1718020800000,159.45000000,163.18000000,157.70000000,162.38000000,430002.58900000,68837012.45247000
1718035200000,162.37000000,162.92000000,160.05000000,160.44000000,359656.58200000,58136680.06429000
1718049600000,160.45000000,160.67000000,158.17000000,159.05000000,313877.54100000,50036690.68925000
1718064000000,159.04000000,159.75000000,154.81000000,156.07000000,668886.14600000,104814494.89195000
1718078400000,156.06000000,156.18000000,152.40000000,153.39000000,524456.18500000,80791733.99788000
1718092800000,153.39000000,155.30000000,152.72000000,153.89000000,427270.45400000,65817250.06556000
1718107200000,153.89000000,154.58000000,146.29000000,147.67000000,955897.83900000,143969352.08681000
1718121600000,147.66000000,149.80000000,145.20000000,149.23000000,725789.37800000,107344319.58953000
1718136000000,149.22000000,150.27000000,148.07000000,149.31000000,344282.77500000,51363482.74475000
1718150400000,149.31000000,149.88000000,145.44000000,149.65000000,410129.70800000,60775293.75620000
1718164800000,149.65000000,151.98000000,149.58000000,151.79000000,285277.31100000,43071830.11664000
1718179200000,151.78000000,153.56000000,150.93000000,151.74000000,358621.51300000,54625541.95588000
1718193600000,151.75000000,161.84000000,151.50000000,158.84000000,1247662.62400000,197576789.62502000
1718208000000,158.85000000,159.81000000,151.16000000,153.33000000,1221325.22900000,191249485.07391000
1718222400000,153.33000000,155.63000000,152.80000000,155.22000000,328840.00900000,50862644.61374000
1718236800000,155.21000000,155.21000000,149.65000000,151.55000000,511186.40300000,77751062.46254000
1718251200000,151.56000000,152.84000000,150.78000000,152.09000000,239058.25000000,36322945.16585000
1718265600000,152.10000000,152.47000000,149.05000000,149.63000000,369201.81700000,55768569.76780000
1718280000000,149.64000000,152.30000000,146.13000000,146.87000000,661130.59400000,98700494.23540000
1718294400000,146.87000000,148.94000000,146.23000000,147.73000000,410496.88600000,60724947.51710000
1718308800000,147.72000000,148.41000000,146.03000000,147.29000000,382215.16100000,56337206.16666000
1718323200000,147.29000000,148.52000000,145.89000000,147.50000000,354002.10900000,52193605.28734000
1718337600000,147.51000000,149.00000000,146.80000000,147.62000000,359458.37300000,53148983.30083000
1718352000000,147.62000000,148.75000000,147.16000000,148.10000000,286751.23700000,42447097.30573000
1718366400000,148.11000000,149.00000000,143.00000000,143.78000000,703646.66200000,102603381.54349000
1718380800000,143.78000000,144.10000000,139.67000000,141.80000000,1096607.76600000,155210473.34170000
1718395200000,141.80000000,145.15000000,141.43000000,143.05000000,382995.34600000,54754143.32839000
1718409600000,143.04000000,144.95000000,142.92000000,144.94000000,220506.98300000,31712329.88879000
1718424000000,144.93000000,145.58000000,143.64000000,143.78000000,333384.19900000,48229296.32097000
1718438400000,143.78000000,144.64000000,143.00000000,144.50000000,192093.53900000,27642005.08990000
1718452800000,144.50000000,145.43000000,144.02000000,145.19000000,230343.78700000,33333457.41071000
1718467200000,145.18000000,145.78000000,144.10000000,144.66000000,205542.91500000,29819571.71200000
1718481600000,144.66000000,145.69000000,143.85000000,145.52000000,165053.49900000,23909578.16458000
1718496000000,145.52000000,145.58000000,143.88000000,144.01000000,134400.92800000,19448581.22656000
1718510400000,144.01000000,145.28000000,143.08000000,144.49000000,231329.46600000,33380000.94987000
1718524800000,144.50000000,145.74000000,143.82000000,145.00000000,149891.10300000,21708336.77778000
1718539200000,145.00000000,148.80000000,144.80000000,148.53000000,314665.79300000,46119025.71973000
1718553600000,148.52000000,149.36000000,147.60000000,148.78000000,266388.04600000,39548037.68512000
1718568000000,148.77000000,151.35000000,148.38000000,151.30000000,309204.09100000,46366995.73041000
1718582400000,151.30000000,151.79000000,147.08000000,147.36000000,359464.38400000,53630742.26188000
1718596800000,147.36000000,149.23000000,145.81000000,146.61000000,517419.43100000,76459713.80731000
1718611200000,146.61000000,147.28000000,141.66000000,143.94000000,672321.27400000,96966495.05727000
1718625600000,143.94000000,144.64000000,140.77000000,141.23000000,601364.88700000,86041460.88145000
1718640000000,141.23000000,146.82000000,139.85000000,144.57000000,825894.67800000,118728225.30180000
1718654400000,144.57000000,144.66000000,141.27000000,143.27000000,436495.15800000,62509810.42792000
1718668800000,143.28000000,143.82000000,127.95000000,135.62000000,2496519.16000000,337306779.12948000
1718683200000,135.61000000,137.87000000,134.74000000,136.71000000,663131.52300000,90591462.16362000
1718697600000,136.71000000,138.85000000,135.61000000,137.16000000,629381.28200000,86519154.79724000
1718712000000,137.17000000,137.85000000,132.88000000,136.01000000,1241846.30800000,168181834.32496000
1718726400000,136.01000000,136.16000000,130.41000000,133.14000000,687486.89900000,91447663.99375000
1718740800000,133.13000000,138.47000000,132.03000000,137.41000000,839611.53800000,114244286.56518000
1718755200000,137.41000000,141.50000000,135.96000000,140.15000000,798872.43800000,110978939.40886000
1718769600000,140.15000000,141.90000000,139.49000000,139.98000000,564477.19500000,79302496.94462000
1718784000000,139.99000000,140.29000000,137.00000000,137.96000000,496134.66900000,68732313.03824000
1718798400000,137.95000000,138.92000000,135.51000000,136.92000000,413227.52100000,56685504.34880000
1718812800000,136.93000000,139.05000000,135.59000000,136.67000000,685889.79600000,94040128.30834000
1718827200000,136.67000000,136.82000000,134.47000000,135.62000000,578175.84900000,78300210.72401000
1718841600000,135.62000000,137.24000000,132.60000000,133.06000000,533789.76000000,71890355.54217000
1718856000000,133.05000000,138.18000000,132.53000000,137.18000000,760721.40200000,103344163.43328000
1718870400000,137.19000000,141.29000000,136.42000000,139.34000000,626276.45400000,86838367.80936000
1718884800000,139.34000000,139.74000000,132.55000000,133.27000000,800804.87300000,108538709.43217000
1718899200000,133.27000000,135.83000000,131.90000000,134.25000000,481940.05700000,64465645.41410000
1718913600000,134.24000000,134.91000000,133.42000000,133.55000000,304147.96200000,40763294.02875000
1718928000000,133.55000000,134.85000000,131.71000000,132.68000000,476782.88300000,63528181.27253000
1718942400000,132.68000000,133.34000000,130.64000000,131.43000000,471843.47300000,62531431.76362000
1718956800000,131.43000000,132.80000000,129.66000000,132.08000000,547796.66900000,72039915.95339000
1718971200000,132.08000000,133.76000000,129.40000000,131.40000000,761219.09900000,100051815.08114000
1718985600000,131.41000000,133.95000000,128.76000000,132.64000000,567403.18400000,74315962.12488000
1719000000000,132.63000000,135.38000000,131.92000000,134.60000000,405028.71900000,54206260.60674000
1719014400000,134.61000000,135.28000000,133.00000000,135.07000000,281944.93800000,37860606.77202000
1719028800000,135.07000000,136.74000000,134.52000000,134.86000000,379616.76200000,51458547.84901000
1719043200000,134.85000000,134.94000000,133.70000000,134.52000000,235382.59100000,31596964.76359000
1719057600000,134.52000000,134.79000000,133.90000000,134.25000000,205145.20000000,27561541.17477000
1719072000000,134.25000000,135.00000000,133.91000000,134.47000000,173415.59700000,23297426.60073000
1719086400000,134.48000000,134.62000000,133.16000000,133.69000000,123710.80300000,16590432.12258000
1719100800000,133.70000000,135.09000000,133.59000000,134.77000000,212031.41700000,28548018.97898000
1719115200000,134.76000000,135.00000000,134.21000000,134.72000000,101906.33000000,13718778.43064000
1719129600000,134.71000000,134.83000000,133.48000000,134.03000000,134263.52500000,18020313.88482000
1719144000000,134.03000000,134.40000000,131.43000000,131.58000000,244230.61200000,32482342.90603000
1719158400000,131.58000000,132.53000000,130.43000000,131.46000000,281907.73100000,37053530.92225000
1719172800000,131.46000000,131.54000000,128.22000000,128.69000000,518061.61600000,67178399.10124000
1719187200000,128.68000000,129.79000000,126.00000000,126.23000000,638034.59200000,81452537.50955000
1719201600000,126.23000000,126.69000000,123.21000000,125.20000000,976442.95700000,122039450.23666000
1719216000000,125.21000000,127.50000000,122.00000000,127.07000000,1201541.58400000,150947167.69432000
1719230400000,127.06000000,129.95000000,125.64000000,126.31000000,839888.26200000,107439398.48240000
1719244800000,126.31000000,130.38000000,125.85000000,127.49000000,1066240.10300000,136249928.45533000
1719259200000,127.48000000,132.66000000,125.04000000,132.33000000,861350.27900000,111298615.90662000
1719273600000,132.34000000,136.58000000,131.20000000,135.79000000,679433.47900000,90691390.60928000
1719288000000,135.79000000,136.86000000,134.56000000,134.82000000,662791.50500000,89997518.93281000
1719302400000,134.82000000,139.16000000,133.47000000,137.80000000,800601.43100000,109231776.70753000
1719316800000,137.81000000,139.90000000,136.45000000,139.43000000,812689.94300000,112230084.32927000
1719331200000,139.43000000,139.60000000,137.01000000,138.75000000,600620.23100000,83061508.30423000
1719345600000,138.73000000,139.00000000,135.86000000,136.58000000,407525.11500000,55963608.76790000
1719360000000,136.57000000,140.41000000,136.14000000,138.46000000,544461.07800000,75300412.73739000
1719374400000,138.46000000,138.80000000,136.33000000,137.94000000,407065.09000000,55878207.82204000
1719388800000,137.94000000,138.17000000,136.03000000,137.32000000,340422.21500000,46570194.16167000
1719403200000,137.32000000,139.49000000,136.07000000,136.88000000,481893.58300000,66283304.77400000
1719417600000,136.89000000,137.83000000,134.85000000,137.76000000,439031.23800000,59695303.67444000
1719432000000,137.75000000,138.46000000,136.26000000,136.81000000,290554.86200000,39885258.95853000
1719446400000,136.81000000,137.94000000,135.61000000,137.52000000,284568.83700000,38913008.90245000
1719460800000,137.51000000,137.73000000,135.20000000,135.91000000,263693.30900000,35941411.44747000
1719475200000,135.91000000,139.47000000,135.52000000,139.05000000,454528.93900000,62718618.22975000
1719489600000,139.03000000,151.21000000,138.52000000,147.77000000,2627684.28900000,386643915.98916000
1719504000000,147.77000000,149.44000000,146.61000000,148.46000000,494099.96100000,73206152.86129000
1719518400000,148.46000000,150.52000000,148.07000000,149.71000000,326392.10100000,48828058.80046000
1719532800000,149.71000000,150.84000000,146.51000000,147.54000000,524051.98100000,77629803.06774000
1719547200000,147.54000000,147.59000000,143.79000000,145.37000000,469424.83300000,68159309.46353000
1719561600000,145.38000000,146.20000000,144.77000000,145.50000000,289064.71600000,42041845.08867000
1719576000000,145.50000000,146.93000000,140.86000000,143.23000000,1057901.80400000,152026639.19165000
1719590400000,143.22000000,143.97000000,140.12000000,140.98000000,649630.66300000,92240311.24574000
1719604800000,140.98000000,141.64000000,139.01000000,140.03000000,348957.27000000,48975993.21489000
1719619200000,140.03000000,142.60000000,139.97000000,141.77000000,311564.64100000,44128795.66926000
1719633600000,141.78000000,142.52000000,140.10000000,142.00000000,276607.09800000,39094811.21215000
1719648000000,142.00000000,143.26000000,141.49000000,142.66000000,312632.00700000,44515597.99834000
1719662400000,142.66000000,143.00000000,141.20000000,142.68000000,238770.01100000,33929539.14003000
1719676800000,142.67000000,142.83000000,140.82000000,141.72000000,145414.33700000,20627955.59929000
1719691200000,141.72000000,141.82000000,139.67000000,140.28000000,183997.44900000,25860610.22389000
1719705600000,140.28000000,141.09000000,138.02000000,138.30000000,301986.88800000,42081180.20603000
1719720000000,138.30000000,141.12000000,137.09000000,140.64000000,397920.75000000,55337789.11036000
1719734400000,140.65000000,141.79000000,140.34000000,141.18000000,273357.97200000,38578372.65890000
1719748800000,141.18000000,144.00000000,140.58000000,143.83000000,318899.05800000,45392423.61447000
1719763200000,143.82000000,145.90000000,142.75000000,144.82000000,339680.83400000,49031702.27169000
1719777600000,144.82000000,147.62000000,143.79000000,146.61000000,454824.68700000,66431716.52831000
1719792000000,146.61000000,149.13000000,145.97000000,147.61000000,480564.95200000,71040304.43956000
1719806400000,147.61000000,148.71000000,147.17000000,148.30000000,224585.49800000,33218379.12708000
1719820800000,148.30000000,149.09000000,145.87000000,146.14000000,408230.01200000,60140332.89197000
1719835200000,146.15000000,148.72000000,146.04000000,148.50000000,527808.96300000,77849208.84342000
1719849600000,148.51000000,149.36000000,146.60000000,147.32000000,418704.78200000,61930015.92478000
1719864000000,147.33000000,148.26000000,146.00000000,146.67000000,220358.62900000,32374206.00654000
1719878400000,146.68000000,149.91000000,146.14000000,149.16000000,278596.94000000,41273213.52989000
1719892800000,149.17000000,149.95000000,146.98000000,147.43000000,371612.77400000,55191762.68806000
1719907200000,147.43000000,150.10000000,146.88000000,149.68000000,354728.17400000,52780135.00626000
1719921600000,149.68000000,151.87000000,147.22000000,148.39000000,701234.40300000,104707568.01825000
1719936000000,148.40000000,153.82000000,147.65000000,152.79000000,630246.38600000,95418027.50436000
1719950400000,152.80000000,155.00000000,152.33000000,154.03000000,439642.61500000,67644710.47466000
1719964800000,154.03000000,154.50000000,149.20000000,150.56000000,618380.39700000,94000814.49226000
1719979200000,150.57000000,150.57000000,146.39000000,146.40000000,674137.14200000,100034930.82311000
1719993600000,146.39000000,147.28000000,142.77000000,144.07000000,853579.57400000,123856727.51452000
1720008000000,144.07000000,144.34000000,140.94000000,141.68000000,835975.86600000,119132851.92588000
1720022400000,141.68000000,143.23000000,139.12000000,140.43000000,649808.43200000,91971745.27046000
1720036800000,140.43000000,142.05000000,139.01000000,140.84000000,557460.52200000,78421175.74521000
1720051200000,140.84000000,142.75000000,132.21000000,137.08000000,1350869.93800000,184908830.61416000
1720065600000,137.07000000,137.35000000,133.82000000,134.38000000,495106.18400000,67037203.62354000
1720080000000,134.40000000,135.95000000,132.25000000,132.73000000,824979.01700000,110654050.98766000
1720094400000,132.73000000,135.96000000,129.58000000,135.40000000,1278998.16000000,170198393.27932000
1720108800000,135.40000000,135.98000000,133.66000000,134.00000000,536722.82500000,72343623.62405000
1720123200000,134.00000000,135.66000000,127.20000000,127.86000000,744136.03400000,97621039.37036000
1720137600000,127.85000000,129.16000000,121.00000000,123.67000000,2287258.56700000,286855095.86234000
1720152000000,123.68000000,127.72000000,121.00000000,126.72000000,1542140.71300000,193577743.80268000
1720166400000,126.72000000,130.86000000,122.07000000,130.13000000,1409241.49100000,179036855.91736000
1720180800000,130.13000000,134.99000000,128.36000000,134.93000000,1370420.45000000,180735607.34814000
1720195200000,134.94000000,136.58000000,133.71000000,134.97000000,770605.60200000,104113880.37805000
1720209600000,134.97000000,135.79000000,133.92000000,134.32000000,289804.40800000,39070134.58865000
1720224000000,134.32000000,137.83000000,132.33000000,134.44000000,507174.32300000,68324488.80262000
1720238400000,134.44000000,137.38000000,133.55000000,136.94000000,375964.82800000,50920856.80664000
1720252800000,136.93000000,140.62000000,136.44000000,138.75000000,705959.18900000,97962952.09565000
1720267200000,138.74000000,142.15000000,137.80000000,141.88000000,554434.25600000,77439055.17798000
1720281600000,141.88000000,143.54000000,140.72000000,142.82000000,414481.74500000,59023569.86192000
1720296000000,142.82000000,144.35000000,142.17000000,143.05000000,315904.79500000,45308120.16360000
1720310400000,143.05000000,143.33000000,140.29000000,142.12000000,427734.68300000,60581356.23329000
1720324800000,142.11000000,142.11000000,138.06000000,139.09000000,531839.68000000,74294360.48125000
1720339200000,139.09000000,140.68000000,138.75000000,139.89000000,220905.55400000,30859542.96053000
1720353600000,139.88000000,140.80000000,135.47000000,137.07000000,568430.77100000,78110934.69349000
1720368000000,137.08000000,139.60000000,136.76000000,137.33000000,288342.95700000,39837963.75737000
1720382400000,137.33000000,137.85000000,131.23000000,131.64000000,553551.72400000,74248130.66547000
1720396800000,131.64000000,132.97000000,127.77000000,130.71000000,1196437.18700000,155833918.92243000
1720411200000,130.70000000,134.01000000,129.88000000,132.59000000,531793.24300000,70508784.08582000
1720425600000,132.60000000,142.00000000,132.35000000,140.61000000,1457928.67300000,202725198.60841000
1720440000000,140.60000000,141.99000000,133.53000000,137.43000000,1499266.76400000,207695121.57040000
1720454400000,137.44000000,138.61000000,135.00000000,138.29000000,522437.46300000,71589278.49481000
1720468800000,138.30000000,141.00000000,137.20000000,139.81000000,500494.67800000,69881308.21805000
1720483200000,139.81000000,141.20000000,136.45000000,140.44000000,633380.57100000,87905267.13912000
1720497600000,140.44000000,143.45000000,140.06000000,142.12000000,686274.17900000,97371383.89640000
1720512000000,142.13000000,144.33000000,140.19000000,141.92000000,748625.33400000,106391950.32113000
1720526400000,141.92000000,143.08000000,138.61000000,140.52000000,555655.69900000,78161941.45793000
1720540800000,140.52000000,143.13000000,140.08000000,142.12000000,444211.25900000,63032449.08701000
1720555200000,142.13000000,143.54000000,140.85000000,141.42000000,295526.56400000,41972014.23788000
1720569600000,141.43000000,141.81000000,138.60000000,141.73000000,316105.42200000,44329835.36266000
1720584000000,141.73000000,146.20000000,141.69000000,144.17000000,732120.24600000,105710529.05211000
1720598400000,144.17000000,144.50000000,142.27000000,142.79000000,333513.52600000,47809508.58247000
1720612800000,142.79000000,143.17000000,139.97000000,141.18000000,893122.92800000,126400280.86320000
1720627200000,141.17000000,142.68000000,140.31000000,141.07000000,245853.73700000,34736200.20885000
1720641600000,141.08000000,142.47000000,140.21000000,141.98000000,180110.03400000,25447164.79123000
1720656000000,141.99000000,143.23000000,139.08000000,140.30000000,372589.44300000,52648634.54554000
1720670400000,140.31000000,142.53000000,140.10000000,142.10000000,316925.39700000,44766727.73737000
1720684800000,142.10000000,143.98000000,142.10000000,143.52000000,388262.68900000,55439699.39296000
1720699200000,143.52000000,146.10000000,137.68000000,138.45000000,1130045.60300000,160797982.68324000
1720713600000,138.44000000,139.01000000,136.40000000,136.57000000,555116.06600000,76555349.77812000
1720728000000,136.55000000,137.64000000,135.64000000,135.73000000,600154.93200000,81977398.07889000
1720742400000,135.73000000,138.19000000,134.05000000,136.53000000,604270.38500000,82373403.39045000
1720756800000,136.52000000,137.07000000,134.11000000,135.41000000,442513.46300000,60085135.09547000
1720771200000,135.41000000,135.93000000,133.92000000,135.65000000,603534.05200000,81564995.03411000
1720785600000,135.65000000,139.36000000,135.44000000,138.85000000,715854.33500000,98425564.91718000
1720800000000,138.85000000,140.55000000,137.72000000,138.49000000,353223.94800000,49107223.12517000
1720814400000,138.49000000,139.53000000,136.66000000,139.46000000,210132.24800000,29014502.57354000
1720828800000,139.47000000,139.97000000,138.28000000,138.75000000,178728.06100000,24854432.30265000
1720843200000,138.76000000,139.50000000,137.94000000,139.38000000,159528.14800000,22130835.09406000
1720857600000,139.38000000,140.94000000,138.43000000,140.12000000,219143.25000000,30649910.77618000
1720872000000,140.13000000,140.62000000,139.25000000,140.37000000,188173.11900000,26350704.22528000
1720886400000,140.37000000,140.83000000,139.20000000,139.82000000,203194.44300000,28402294.43422000
1720900800000,139.82000000,143.60000000,139.10000000,141.90000000,408410.60000000,57826064.86431000
1720915200000,141.89000000,145.18000000,141.87000000,143.96000000,676589.30300000,97629748.70361000
1720929600000,143.96000000,145.98000000,143.88000000,144.77000000,474102.33500000,68792907.27569000
1720944000000,144.78000000,147.00000000,144.66000000,144.88000000,720084.23500000,105203812.30407000
1720958400000,144.88000000,146.04000000,143.43000000,145.90000000,471994.90200000,68254035.57435000
1720972800000,145.90000000,145.98000000,144.59000000,145.22000000,191689.36000000,27835539.33936000
1720987200000,145.23000000,148.56000000,145.09000000,147.66000000,463006.62200000,68226008.17581000
1721001600000,147.66000000,152.18000000,147.00000000,151.39000000,682570.40000000,102778352.22549000
1721016000000,151.40000000,154.50000000,150.72000000,153.23000000,516924.35600000,78876441.21553000
1721030400000,153.23000000,154.45000000,150.93000000,151.64000000,542423.21200000,82682002.35785000
1721044800000,151.65000000,154.30000000,151.63000000,152.94000000,468685.64000000,71589670.96907000
1721059200000,152.94000000,157.00000000,152.53000000,155.33000000,693164.39700000,107382587.38696000
1721073600000,155.34000000,159.95000000,155.22000000,159.38000000,525080.51700000,82779240.21247000
1721088000000,159.37000000,160.22000000,156.08000000,157.88000000,609662.81600000,96204840.15765000
1721102400000,157.89000000,158.81000000,153.68000000,154.49000000,858285.40100000,133911087.63152000
1721116800000,154.48000000,157.63000000,152.57000000,157.32000000,684591.13800000,106249876.53624000
1721131200000,157.32000000,161.60000000,154.47000000,160.98000000,706170.73200000,111217266.03557000
1721145600000,160.98000000,162.49000000,158.88000000,161.94000000,765542.18700000,123205988.78221000
1721160000000,161.93000000,162.01000000,159.06000000,160.62000000,363853.18000000,58370370.85906000
1721174400000,160.62000000,163.80000000,160.02000000,160.92000000,479266.66400000,77646705.66816000
1721188800000,160.93000000,162.56000000,160.07000000,160.60000000,325242.97600000,52436702.39578000
1721203200000,160.59000000,163.61000000,159.53000000,160.84000000,568840.53100000,92077226.91428000
1721217600000,160.84000000,162.16000000,157.82000000,158.08000000,568765.12900000,91186807.67659000
1721232000000,158.09000000,158.31000000,154.68000000,156.83000000,647534.94100000,101182647.07843000
1721246400000,156.83000000,157.28000000,154.87000000,155.50000000,250932.84900000,39154618.99266000
1721260800000,155.50000000,159.94000000,155.50000000,158.93000000,428246.27300000,67737450.94321000
1721275200000,158.93000000,160.00000000,157.06000000,158.66000000,343638.15700000,54556860.55160000
1721289600000,158.66000000,159.87000000,158.00000000,159.45000000,285775.84600000,45437214.38645000
1721304000000,159.44000000,161.60000000,156.01000000,156.37000000,757587.98200000,120527967.11962000
1721318400000,156.37000000,157.70000000,155.07000000,156.98000000,513383.30600000,80364413.67780000
1721332800000,156.98000000,160.62000000,156.36000000,159.22000000,256072.56000000,40655815.77220000
1721347200000,159.22000000,162.10000000,156.07000000,161.83000000,469982.84600000,74853060.36118000
1721361600000,161.84000000,165.62000000,160.66000000,161.42000000,937245.19300000,152739902.56575000
1721376000000,161.42000000,164.00000000,159.14000000,162.65000000,693105.01400000,112006813.29044000
1721390400000,162.66000000,169.09000000,162.27000000,168.80000000,1217660.57400000,202807738.64004000
1721404800000,168.80000000,172.42000000,168.25000000,170.46000000,1067559.87400000,181662122.14364000
1721419200000,170.46000000,170.54000000,167.79000000,169.13000000,299959.73900000,50713423.77714000
1721433600000,169.12000000,171.80000000,168.26000000,169.57000000,328326.56900000,55855430.77908000
1721448000000,169.57000000,170.39000000,168.50000000,168.57000000,228489.28200000,38718268.99120000
1721462400000,168.56000000,169.84000000,167.65000000,168.03000000,210786.07300000,35570511.83642000
1721476800000,168.04000000,169.73000000,167.27000000,169.28000000,253424.77700000,42704342.23713000
1721491200000,169.28000000,174.56000000,168.87000000,172.42000000,682814.05800000,117659882.62929000
1721505600000,172.42000000,175.10000000,172.42000000,173.60000000,343955.28700000,59820927.38181000
1721520000000,173.60000000,175.50000000,172.74000000,173.14000000,275200.65500000,47854096.62383000
1721534400000,173.13000000,173.80000000,170.97000000,171.33000000,291310.48500000,50240617.07213000
1721548800000,171.33000000,173.03000000,171.24000000,172.88000000,194913.26100000,33567329.79353000
1721563200000,172.87000000,176.66000000,171.31000000,175.40000000,625577.63700000,109015999.10987000
1721577600000,175.40000000,178.18000000,170.27000000,177.98000000,1177737.50200000,206392439.51353000
1721592000000,177.98000000,185.17000000,177.42000000,184.49000000,1119796.87100000,204678820.02892000
1721606400000,184.49000000,185.00000000,180.33000000,180.94000000,499283.97700000,91155759.18353000
1721620800000,180.94000000,181.81000000,177.65000000,178.39000000,521582.38500000,93583411.73085000
1721635200000,178.39000000,180.98000000,176.71000000,180.59000000,607399.01100000,108684531.98571000
1721649600000,180.59000000,181.86000000,177.00000000,179.88000000,782779.81600000,140417167.93420000
1721664000000,179.87000000,183.00000000,178.61000000,182.86000000,433965.01500000,78528066.79557000
1721678400000,182.85000000,183.38000000,177.11000000,178.90000000,500599.32100000,90156104.35784000
1721692800000,178.90000000,180.54000000,177.14000000,179.10000000,325891.76700000,58317260.11628000
1721707200000,179.09000000,179.10000000,173.73000000,176.06000000,700281.95700000,122864807.81358000
1721721600000,176.06000000,178.73000000,174.10000000,175.62000000,689537.16100000,121971850.11502000
1721736000000,175.62000000,178.39000000,172.18000000,176.49000000,909551.26300000,159721875.69796000
1721750400000,176.48000000,176.99000000,169.72000000,171.98000000,924762.95400000,159729174.78622000
1721764800000,171.99000000,174.73000000,171.16000000,173.03000000,345802.23000000,59865110.07935000
1721779200000,173.03000000,174.49000000,170.90000000,173.65000000,377962.01300000,65241457.51169000
1721793600000,173.64000000,174.60000000,172.21000000,174.25000000,376866.01300000,65420713.73031000
1721808000000,174.25000000,178.52000000,173.66000000,177.76000000,573383.32800000,101316917.45173000
1721822400000,177.77000000,182.08000000,176.21000000,177.76000000,970674.43100000,173968729.59110000
1721836800000,177.77000000,182.50000000,176.44000000,178.20000000,1008473.01100000,181022914.96058000
1721851200000,178.20000000,180.33000000,175.53000000,178.06000000,537818.91700000,95734922.00634000
1721865600000,178.07000000,179.59000000,167.95000000,170.53000000,1374518.87000000,238212297.36288000
1721880000000,170.53000000,172.99000000,169.29000000,169.40000000,582160.39800000,99645500.28892000
1721894400000,169.40000000,171.28000000,167.04000000,168.81000000,612108.72900000,103476511.15077000
1721908800000,168.81000000,172.06000000,165.71000000,170.43000000,956375.08700000,161634503.68253000
1721923200000,170.44000000,172.50000000,166.66000000,168.13000000,718766.72300000,121920041.06511000
1721937600000,168.13000000,172.90000000,165.42000000,171.85000000,615457.62100000,104843801.25731000
1721952000000,171.86000000,176.94000000,171.69000000,175.75000000,785348.34100000,136938234.63406000
1721966400000,175.74000000,177.77000000,175.60000000,176.75000000,412264.57000000,72949085.03377000
1721980800000,176.75000000,180.06000000,176.75000000,178.81000000,410006.17000000,73268485.41484000
1721995200000,178.80000000,185.01000000,177.49000000,181.53000000,870527.27900000,157690271.84471000
1722009600000,181.53000000,182.97000000,180.71000000,182.21000000,305737.99900000,55640166.93482000
1722024000000,182.22000000,183.70000000,181.11000000,183.06000000,246718.88700000,44969365.37292000
1722038400000,183.07000000,184.29000000,181.29000000,182.66000000,246642.02900000,45040657.26377000
1722052800000,182.66000000,186.22000000,182.53000000,185.84000000,386293.47000000,71295679.40429000
1722067200000,185.83000000,187.37000000,184.21000000,185.40000000,424352.21400000,78923295.53888000
1722081600000,185.40000000,188.33000000,181.54000000,182.52000000,846154.29400000,156868061.37895000
1722096000000,182.53000000,183.33000000,179.42000000,181.48000000,608447.29500000,110444001.48260000
1722110400000,181.47000000,186.81000000,178.11000000,183.92000000,1006962.75400000,184518471.78404000
1722124800000,183.92000000,186.77000000,182.39000000,184.31000000,344588.62900000,63669955.10765000
1722139200000,184.31000000,184.86000000,181.16000000,183.84000000,310164.27800000,56633843.46048000
1722153600000,183.85000000,186.00000000,183.01000000,185.26000000,295189.49600000,54442038.52276000
1722168000000,185.26000000,186.63000000,183.69000000,184.11000000,503317.99400000,93287345.05432000
1722182400000,184.12000000,185.59000000,183.13000000,184.78000000,231458.33700000,42708250.67495000
1722196800000,184.78000000,185.40000000,182.61000000,184.90000000,216755.22300000,39920748.10827000
1722211200000,184.91000000,193.35000000,184.40000000,192.25000000,985656.06500000,186980420.17270000
1722225600000,192.25000000,193.98000000,189.87000000,192.35000000,661795.21700000,127386260.21883000
1722240000000,192.35000000,192.41000000,190.26000000,190.84000000,343557.55900000,65765240.20519000
1722254400000,190.84000000,193.20000000,184.89000000,186.95000000,911668.55200000,172299151.59248000
1722268800000,186.95000000,187.49000000,184.10000000,186.84000000,658727.52800000,122372702.13253000
1722283200000,186.85000000,186.89000000,181.57000000,182.57000000,463155.39300000,85173668.13823000
1722297600000,182.57000000,183.95000000,179.30000000,182.58000000,660171.20200000,119991073.81142000
1722312000000,182.58000000,184.95000000,181.25000000,182.39000000,473595.40600000,86511543.98731000
1722326400000,182.38000000,182.89000000,180.07000000,181.02000000,308880.44900000,55974619.98102000
1722340800000,181.01000000,182.66000000,178.70000000,181.01000000,717444.45400000,129639584.05515000
1722355200000,181.00000000,181.59000000,176.28000000,177.97000000,535129.03900000,95428360.42368000
1722369600000,177.96000000,179.94000000,175.39000000,179.16000000,379277.94300000,67756217.29956000
1722384000000,179.16000000,181.72000000,178.08000000,180.91000000,289169.28200000,52187996.15571000
1722398400000,180.91000000,185.10000000,178.09000000,183.13000000,539209.31500000,98128150.99861000
1722412800000,183.13000000,184.57000000,181.34000000,181.72000000,361162.46200000,66178081.17284000
1722427200000,181.71000000,184.28000000,179.73000000,180.08000000,564000.71300000,102579108.59999000
1722441600000,180.08000000,182.68000000,174.99000000,176.59000000,741388.09400000,132475537.38869000
1722456000000,176.58000000,177.00000000,171.61000000,171.71000000,755932.66100000,131390661.93171000
1722470400000,171.70000000,172.91000000,168.52000000,168.62000000,760011.12800000,129686483.96866000
1722484800000,168.63000000,169.74000000,166.00000000,168.23000000,816652.98400000,137382109.59938000
1722499200000,168.23000000,169.94000000,168.01000000,169.69000000,507949.12100000,85820335.39447000
1722513600000,169.69000000,171.46000000,161.25000000,162.67000000,1311560.64900000,217929352.10542000
1722528000000,162.68000000,162.91000000,157.91000000,162.40000000,1299028.95000000,209078547.07977000
1722542400000,162.39000000,168.48000000,161.20000000,167.37000000,828294.78300000,137194196.04557000
1722556800000,167.37000000,169.43000000,161.52000000,164.32000000,569896.96400000,94216662.66722000
1722571200000,164.31000000,165.32000000,159.06000000,161.44000000,587759.32100000,95200751.84583000
1722585600000,161.43000000,165.42000000,160.41000000,164.37000000,571993.56100000,93595596.26401000
1722600000000,164.36000000,167.65000000,152.80000000,156.76000000,1872429.40500000,298935429.14599000
1722614400000,156.76000000,157.46000000,150.01000000,151.30000000,900783.17400000,138669239.76190000
1722628800000,151.29000000,155.06000000,150.00000000,152.77000000,1050155.50900000,160371402.97217000
1722643200000,152.78000000,154.05000000,148.62000000,153.56000000,1008143.72000000,152627840.09911000
1722657600000,153.56000000,153.56000000,151.18000000,151.64000000,496917.12900000,75704804.00408000
1722672000000,151.64000000,152.58000000,148.35000000,152.38000000,654037.99600000,98487419.42784000
1722686400000,152.38000000,153.59000000,146.02000000,146.20000000,859088.18300000,129140526.33920000
1722700800000,146.19000000,147.61000000,140.00000000,140.42000000,1656324.11000000,237790643.95041000
1722715200000,140.42000000,143.97000000,140.07000000,142.52000000,770443.55500000,109381630.17086000
1722729600000,142.53000000,146.08000000,141.81000000,144.32000000,653389.13500000,94039247.92789000
1722744000000,144.31000000,144.48000000,140.57000000,140.82000000,446692.18700000,63752508.47202000
1722758400000,140.83000000,144.52000000,139.40000000,143.51000000,593549.30200000,84592430.69757000
1722772800000,143.50000000,145.12000000,135.00000000,135.19000000,1396293.13900000,194159469.64872000
1722787200000,135.19000000,143.00000000,131.22000000,142.00000000,2960801.96900000,403503361.84337000
1722801600000,141.99000000,143.93000000,137.35000000,138.33000000,986989.55300000,138979239.44299000
1722816000000,138.32000000,139.37000000,121.93000000,126.14000000,4875818.79000000,634923402.23390000
1722830400000,126.13000000,130.13000000,110.00000000,122.90000000,7364427.94700000,876534940.84841000
1722844800000,122.91000000,123.90000000,110.56000000,115.96000000,2953604.58500000,347000439.34676000
1722859200000,115.97000000,132.65000000,110.03000000,130.44000000,5592308.08100000,686538324.65207000
1722873600000,130.45000000,135.53000000,126.70000000,128.76000000,2324503.27900000,305747088.59168000
1722888000000,128.76000000,135.10000000,128.33000000,129.78000000,1156895.13700000,152527405.21122000
1722902400000,129.79000000,141.10000000,129.40000000,138.62000000,1712722.80700000,236146787.64633000
1722916800000,138.63000000,144.00000000,137.50000000,141.98000000,1135041.57700000,160401651.54566000
1722931200000,141.98000000,142.11000000,136.34000000,139.47000000,1354575.12900000,187789502.17899000
1722945600000,139.46000000,146.37000000,136.11000000,145.90000000,1979241.76500000,280996487.37395000
1722960000000,145.90000000,148.45000000,144.97000000,146.33000000,1157598.21000000,169758825.11128000
1722974400000,146.33000000,149.59000000,143.25000000,144.40000000,1023464.14600000,149576251.04434000
1722988800000,144.40000000,151.78000000,142.33000000,151.62000000,1519113.54300000,224843237.73574000
1723003200000,151.63000000,155.00000000,150.00000000,152.46000000,1391114.12600000,212718746.24756000
1723017600000,152.46000000,154.92000000,150.65000000,151.61000000,1114660.33100000,170461667.41045000
1723032000000,151.61000000,154.52000000,146.24000000,148.46000000,2098382.06300000,314774490.06635000
1723046400000,148.45000000,149.45000000,142.35000000,143.16000000,1269386.65900000,185037053.29211000
1723060800000,143.16000000,147.54000000,142.21000000,144.77000000,979650.86500000,141819329.82449000
1723075200000,144.78000000,156.38000000,141.40000000,153.09000000,1677591.96300000,252852264.50964000
1723089600000,153.09000000,155.53000000,151.44000000,153.65000000,775602.04500000,119093670.48313000
1723104000000,153.66000000,155.72000000,152.97000000,154.12000000,634580.56800000,97936211.76074000
1723118400000,154.13000000,160.76000000,152.50000000,160.60000000,1897336.17900000,297964112.53462000
1723132800000,160.60000000,162.82000000,155.18000000,155.81000000,1102402.69100000,175053857.52875000
1723147200000,155.80000000,163.70000000,155.36000000,163.13000000,1215620.51400000,194305428.81476000
1723161600000,163.12000000,163.54000000,158.23000000,158.94000000,789470.25300000,126943307.30079000
1723176000000,158.94000000,159.12000000,155.68000000,157.92000000,601792.02800000,94715952.56910000
1723190400000,157.91000000,159.69000000,155.32000000,156.62000000,486896.79600000,76596730.92984000
1723204800000,156.63000000,157.37000000,151.11000000,151.13000000,1073969.17500000,165486360.70588000
1723219200000,151.12000000,154.25000000,150.72000000,153.60000000,498646.75800000,76125962.32968000
1723233600000,153.61000000,157.36000000,151.50000000,156.28000000,647960.22300000,100039801.63015000
1723248000000,156.29000000,158.75000000,153.27000000,154.17000000,539441.40900000,83953080.37523000
1723262400000,154.17000000,155.44000000,152.54000000,155.43000000,257080.06600000,39598098.59345000
1723276800000,155.42000000,155.90000000,153.60000000,154.85000000,285896.71000000,44223580.62468000
1723291200000,154.86000000,155.23000000,152.80000000,153.96000000,306125.58700000,47153364.12178000
1723305600000,153.97000000,155.36000000,153.00000000,154.51000000,334625.77600000,51603615.88504000
1723320000000,154.51000000,155.15000000,153.65000000,154.01000000,162669.68500000,25132896.87079000
1723334400000,154.01000000,157.05000000,153.65000000,155.69000000,305350.51900000,47456198.11389000
1723348800000,155.70000000,156.85000000,154.80000000,156.69000000,240837.45400000,37467871.65356000
1723363200000,156.69000000,158.00000000,153.03000000,153.66000000,433119.60000000,67417416.97640000
1723377600000,153.65000000,153.80000000,148.03000000,148.73000000,874422.82900000,131487742.46716000
1723392000000,148.73000000,149.75000000,145.63000000,145.78000000,570357.26700000,84235505.94483000
1723406400000,145.78000000,145.86000000,141.20000000,141.57000000,1044226.58600000,149714505.81141000
1723420800000,141.56000000,144.84000000,141.20000000,143.92000000,642700.76700000,91990073.21212000
1723435200000,143.91000000,146.77000000,142.21000000,145.94000000,637838.06100000,91997129.58689000
1723449600000,145.94000000,150.79000000,143.58000000,150.25000000,1123595.08200000,165644075.12844000
1723464000000,150.26000000,150.51000000,143.01000000,147.58000000,1428232.39400000,210496189.28730000
1723478400000,147.58000000,148.26000000,142.94000000,143.75000000,563823.40700000,82038764.38064000
1723492800000,143.75000000,147.53000000,141.84000000,146.29000000,550755.52800000,79603794.53215000
1723507200000,146.29000000,147.36000000,142.92000000,143.66000000,571580.08200000,83163204.85974000
1723521600000,143.66000000,147.04000000,142.96000000,145.99000000,338497.03700000,49256525.77426000
1723536000000,145.99000000,146.38000000,143.24000000,145.88000000,389080.23900000,56297297.12906000
1723550400000,145.87000000,147.67000000,144.66000000,146.08000000,573081.75600000,83825668.80243000
1723564800000,146.08000000,149.82000000,144.88000000,146.55000000,725839.96100000,107117697.90290000
1723579200000,146.54000000,147.89000000,145.72000000,146.65000000,267576.34800000,39287536.34250000
1723593600000,146.65000000,147.27000000,143.58000000,145.14000000,472220.86400000,68485897.48171000
1723608000000,145.15000000,145.73000000,144.09000000,145.73000000,349703.15100000,50687899.51852000
1723622400000,145.73000000,149.04000000,144.83000000,148.01000000,502402.34000000,73950957.31095000
1723636800000,148.02000000,152.18000000,144.50000000,146.70000000,1737243.49400000,257397391.33544000
1723651200000,146.71000000,147.24000000,143.76000000,144.24000000,552718.50700000,80173209.33704000
1723665600000,144.24000000,144.70000000,142.36000000,143.71000000,312860.29100000,44983351.57908000
1723680000000,143.70000000,145.40000000,143.17000000,144.70000000,363414.77900000,52517937.05903000
1723694400000,144.71000000,144.88000000,141.04000000,142.51000000,494293.13300000,70474923.62556000
1723708800000,142.51000000,143.52000000,141.29000000,143.13000000,384782.11900000,54837146.01281000
1723723200000,143.13000000,146.60000000,142.05000000,145.95000000,853657.21300000,123491626.68807000
1723737600000,145.95000000,147.64000000,137.78000000,139.99000000,1407053.88700000,198917831.33019000
1723752000000,139.99000000,144.92000000,138.70000000,142.58000000,725837.68500000,102859083.59764000
1723766400000,142.58000000,144.43000000,140.74000000,141.99000000,549226.59300000,78133311.30192000
1723780800000,141.99000000,144.82000000,141.60000000,144.53000000,398509.22400000,57193833.14254000
1723795200000,144.53000000,144.88000000,141.71000000,141.97000000,468558.92300000,67265947.08286000
1723809600000,141.98000000,142.63000000,136.30000000,137.91000000,1164412.47900000,162401268.76183000
1723824000000,137.91000000,141.45000000,136.10000000,140.94000000,1129523.21900000,156838104.11096000
1723838400000,140.95000000,141.93000000,139.00000000,139.04000000,325090.16700000,45608344.59236000
1723852800000,139.04000000,140.30000000,137.61000000,138.89000000,336457.03600000,46774368.88706000
1723867200000,138.89000000,139.73000000,138.62000000,139.45000000,153552.67500000,21371892.74248000
1723881600000,139.45000000,140.17000000,138.12000000,139.12000000,280709.71900000,39066270.73960000
1723896000000,139.11000000,141.85000000,138.94000000,140.18000000,417691.90200000,58647836.75663000
1723910400000,140.18000000,141.65000000,140.10000000,141.11000000,229458.06600000,32303851.56027000
1723924800000,141.11000000,141.99000000,140.68000000,141.93000000,143724.70500000,20321134.60420000
1723939200000,141.92000000,143.31000000,141.00000000,141.17000000,343882.71000000,48863187.13456000
1723953600000,141.16000000,142.00000000,140.56000000,141.55000000,159697.69900000,22583881.89740000
1723968000000,141.55000000,147.31000000,141.30000000,144.62000000,618589.53600000,89180953.51671000
1723982400000,144.62000000,146.69000000,144.00000000,145.80000000,559253.86100000,81366646.04897000
1723996800000,145.79000000,146.61000000,144.09000000,146.44000000,319602.16300000,46492457.83106000
1724011200000,146.44000000,147.07000000,142.28000000,142.42000000,351020.77400000,50829919.66457000
1724025600000,142.42000000,143.47000000,141.59000000,143.23000000,440968.92000000,62818447.97804000
1724040000000,143.23000000,143.51000000,141.91000000,142.30000000,371127.41300000,52919423.26454000
1724054400000,142.31000000,143.35000000,140.33000000,142.33000000,477455.39900000,67599792.46932000
1724068800000,142.33000000,144.66000000,141.67000000,143.86000000,637842.39300000,91408987.80468000
1724083200000,143.87000000,146.19000000,142.60000000,142.95000000,566771.70500000,81622207.37718000
1724097600000,142.95000000,144.54000000,142.63000000,144.29000000,446192.12300000,64085528.97029000
1724112000000,144.28000000,147.90000000,143.36000000,145.58000000,585218.75000000,85440184.69767000
1724126400000,145.58000000,148.83000000,145.40000000,147.47000000,552787.10800000,81368174.62675000
1724140800000,147.48000000,147.71000000,145.17000000,145.40000000,397066.92200000,58092212.12152000
1724155200000,145.40000000,146.43000000,141.00000000,142.16000000,844334.15600000,121157130.91513000
1724169600000,142.16000000,144.30000000,141.63000000,144.02000000,374493.53000000,53577424.89185000
1724184000000,144.02000000,144.55000000,142.22000000,142.27000000,267567.13000000,38333339.97243000
1724198400000,142.27000000,143.10000000,141.55000000,142.53000000,237964.10300000,33880548.40223000
1724212800000,142.54000000,143.83000000,142.23000000,143.18000000,221892.06200000,31751629.57092000
1724227200000,143.18000000,143.54000000,140.93000000,141.31000000,327767.85300000,46466204.07776000
1724241600000,141.30000000,142.52000000,138.70000000,140.36000000,778075.93800000,109374204.48497000
1724256000000,140.36000000,143.66000000,139.67000000,143.43000000,495266.71800000,70377663.40005000
1724270400000,143.43000000,144.42000000,142.09000000,142.79000000,458615.18500000,65727211.85023000
1724284800000,142.78000000,143.25000000,140.63000000,141.73000000,367535.69600000,52243574.54241000
1724299200000,141.73000000,143.69000000,141.43000000,143.33000000,215092.60500000,30619708.84891000
1724313600000,143.34000000,144.83000000,142.62000000,144.53000000,412878.81500000,59317228.85025000
1724328000000,144.53000000,144.88000000,142.00000000,142.63000000,459225.95500000,65767073.41136000
1724342400000,142.64000000,143.60000000,142.40000000,142.74000000,194277.90600000,27787557.49505000
1724356800000,142.74000000,143.74000000,142.68000000,143.22000000,176391.74100000,25255294.14201000
1724371200000,143.23000000,145.73000000,143.19000000,144.48000000,394577.65600000,57059065.69385000
1724385600000,144.47000000,145.93000000,144.38000000,145.15000000,290473.64300000,42189831.34787000
1724400000000,145.15000000,145.49000000,143.40000000,143.49000000,258500.99700000,37355252.30999000
1724414400000,143.50000000,147.10000000,142.68000000,144.40000000,794478.98300000,114964366.74620000
1724428800000,144.40000000,150.20000000,144.07000000,149.70000000,1140217.99200000,168891193.64429000
1724443200000,149.70000000,154.08000000,149.68000000,153.26000000,902840.89100000,137311086.58063000
1724457600000,153.27000000,154.67000000,151.97000000,153.25000000,682026.84900000,104477242.31859000
1724472000000,153.25000000,155.39000000,153.15000000,154.61000000,469237.75700000,72415292.75013000
1724486400000,154.62000000,158.74000000,154.34000000,157.34000000,674573.85600000,105908332.17376000
1724500800000,157.33000000,159.78000000,156.97000000,159.46000000,473152.89200000,74893536.27608000
1724515200000,159.45000000,162.30000000,159.26000000,160.57000000,847811.75700000,136636894.53360000
1724529600000,160.57000000,161.16000000,157.28000000,160.67000000,592283.83800000,94325668.35468000
1724544000000,160.67000000,160.76000000,157.36000000,158.30000000,453547.49200000,72050499.49179000
1724558400000,158.30000000,159.05000000,155.25000000,156.12000000,515774.12900000,81035853.20717000
1724572800000,156.12000000,158.70000000,155.80000000,157.28000000,400078.00400000,62864945.92981000
1724587200000,157.27000000,159.92000000,156.93000000,159.35000000,442477.25300000,70230196.20894000
1724601600000,159.36000000,160.32000000,158.48000000,159.10000000,321078.04300000,51175097.52357000
1724616000000,159.11000000,162.00000000,158.41000000,158.92000000,496128.78200000,79512665.76114000
1724630400000,158.92000000,160.16000000,157.38000000,160.11000000,355285.26400000,56413064.65610000
1724644800000,160.12000000,161.12000000,158.34000000,159.11000000,415355.92700000,66320553.22117000
1724659200000,159.12000000,162.00000000,158.46000000,160.38000000,537114.89300000,86271858.55126000
1724673600000,160.37000000,161.71000000,155.95000000,157.64000000,986703.84900000,156290934.41986000
1724688000000,157.63000000,159.40000000,155.53000000,158.00000000,632485.00300000,99652860.44407000
1724702400000,158.00000000,159.28000000,156.40000000,157.12000000,391453.10500000,61748198.64411000
1724716800000,157.12000000,159.00000000,157.04000000,158.53000000,305926.51300000,48378461.47530000
1724731200000,158.54000000,159.69000000,157.25000000,157.72000000,349204.72400000,55302312.13753000
1724745600000,157.73000000,158.03000000,153.33000000,154.26000000,623715.15400000,96933108.80810000
1724760000000,154.26000000,155.82000000,152.67000000,153.75000000,729614.03000000,112494555.13027000
1724774400000,153.75000000,155.55000000,153.25000000,154.98000000,381663.75800000,58993700.89914000
1724788800000,154.98000000,155.06000000,145.03000000,146.79000000,1260251.58700000,187332348.98639000
1724803200000,146.78000000,148.32000000,145.37000000,148.17000000,498076.76100000,73012803.01260000
1724817600000,148.17000000,149.30000000,143.73000000,143.97000000,714595.85400000,104848836.17890000
1724832000000,143.97000000,148.10000000,142.72000000,147.16000000,773723.57400000,112783331.69876000
1724846400000,147.15000000,148.54000000,143.11000000,144.11000000,786781.23300000,114651634.57285000
1724860800000,144.11000000,145.63000000,140.53000000,144.26000000,1020666.90700000,145631228.55676000
1724875200000,144.26000000,146.37000000,141.60000000,143.95000000,477022.70500000,68525982.70591000
1724889600000,143.96000000,145.02000000,142.94000000,143.32000000,292776.96900000,42123256.42227000
1724904000000,143.33000000,145.38000000,143.16000000,144.66000000,408471.10300000,58947614.09845000
1724918400000,144.66000000,146.85000000,144.38000000,145.63000000,393458.31700000,57237265.98480000
1724932800000,145.64000000,147.36000000,144.73000000,146.06000000,556821.08500000,81128163.98522000
1724947200000,146.06000000,146.80000000,138.57000000,140.28000000,852825.15100000,121147071.36223000
1724961600000,140.27000000,141.40000000,138.05000000,140.00000000,417464.20400000,58305866.71075000
1724976000000,140.01000000,141.11000000,138.42000000,138.75000000,387340.99700000,54015464.76042000
1724990400000,138.75000000,139.92000000,137.15000000,139.02000000,540680.41300000,75038973.20333000
1725004800000,139.03000000,140.06000000,138.35000000,138.66000000,317539.05600000,44255253.14196000
1725019200000,138.65000000,140.73000000,132.49000000,133.32000000,1341211.74800000,183307928.55959000
1725033600000,133.33000000,137.91000000,132.04000000,135.98000000,1131431.90700000,152171213.49750000
1725048000000,135.98000000,138.48000000,135.65000000,137.99000000,320593.04800000,43983790.00291000
1725062400000,137.99000000,139.23000000,137.50000000,138.29000000,264961.29700000,36652979.84351000
1725076800000,138.29000000,138.77000000,137.38000000,137.59000000,130327.81500000,17997110.72650000
1725091200000,137.59000000,137.85000000,135.79000000,137.01000000,300188.45000000,41088763.74162000
1725105600000,137.02000000,137.29000000,135.57000000,136.63000000,177030.01400000,24156769.79492000
1725120000000,136.63000000,136.70000000,134.49000000,134.97000000,178614.81400000,24205754.78179000
1725134400000,134.97000000,136.30000000,134.51000000,135.35000000,179088.35500000,24231708.25997000
1725148800000,135.35000000,135.62000000,132.88000000,134.07000000,279306.29400000,37374882.20616000
1725163200000,134.07000000,134.09000000,131.09000000,132.81000000,397081.78400000,52586604.04217000
1725177600000,132.81000000,132.84000000,130.18000000,131.91000000,436844.47400000,57350484.44244000
1725192000000,131.91000000,134.87000000,130.00000000,134.29000000,529518.34100000,69908921.16035000
1725206400000,134.29000000,135.92000000,131.87000000,135.23000000,363573.12800000,48661065.41578000
1725220800000,135.24000000,136.15000000,127.66000000,128.50000000,922120.72000000,120933015.10871000
1725235200000,128.50000000,130.70000000,128.27000000,130.21000000,567146.12000000,73471885.60927000
1725249600000,130.21000000,130.37000000,126.80000000,127.66000000,639972.60800000,82143272.63319000
1725264000000,127.65000000,132.93000000,127.22000000,131.83000000,789983.86100000,103298000.72309000
1725278400000,131.83000000,133.45000000,130.00000000,132.54000000,511501.25300000,67517870.73850000
1725292800000,132.54000000,133.87000000,131.71000000,133.05000000,286378.41000000,38057319.13143000
1725307200000,133.04000000,135.39000000,132.81000000,134.94000000,351333.30200000,47226991.71964000
1725321600000,134.95000000,138.13000000,134.21000000,135.51000000,401897.70200000,54669397.07337000
1725336000000,135.50000000,135.89000000,133.54000000,134.60000000,337314.59100000,45399284.24237000
1725350400000,134.60000000,134.64000000,132.77000000,134.36000000,279259.92800000,37371319.40263000
1725364800000,134.36000000,135.50000000,129.31000000,129.80000000,667203.26700000,87749668.35994000
1725379200000,129.81000000,132.21000000,129.31000000,130.95000000,374791.04200000,48966902.88381000
1725393600000,130.96000000,131.61000000,127.15000000,127.54000000,566915.39500000,73262870.93057000
1725408000000,127.54000000,128.89000000,122.60000000,127.70000000,1200406.41800000,151301498.12457000
1725422400000,127.70000000,131.44000000,126.55000000,130.30000000,505116.79700000,64960360.90707000
1725436800000,130.29000000,130.71000000,128.11000000,128.43000000,398907.54100000,51665299.79244000
1725451200000,128.43000000,134.13000000,127.88000000,133.83000000,1032149.43800000,135406874.94577000
1725465600000,133.82000000,134.98000000,132.58000000,133.19000000,474295.42200000,63345364.22151000
1725480000000,133.19000000,134.66000000,132.89000000,133.64000000,203183.49300000,27184055.35559000
1725494400000,133.64000000,134.38000000,131.28000000,131.60000000,292498.45700000,38849304.31891000
1725508800000,131.60000000,134.26000000,130.84000000,133.10000000,373792.04300000,49525094.00840000
1725523200000,133.10000000,133.87000000,131.69000000,132.83000000,315818.00600000,41884821.93442000
1725537600000,132.83000000,135.58000000,130.16000000,130.61000000,905450.03300000,120317129.66727000
1725552000000,130.61000000,131.14000000,127.85000000,128.44000000,622556.00300000,80739447.65769000
1725566400000,128.44000000,129.91000000,128.13000000,129.41000000,251922.51000000,32498858.32979000
1725580800000,129.40000000,131.56000000,128.66000000,130.70000000,301311.70100000,39233401.84298000
1725595200000,130.71000000,131.18000000,127.41000000,128.09000000,352960.50500000,45552777.92937000
1725609600000,128.08000000,131.07000000,128.02000000,130.24000000,395152.43400000,51212429.59837000
1725624000000,130.25000000,134.29000000,126.86000000,128.09000000,1540693.70000000,201304216.85165000
1725638400000,128.08000000,128.33000000,123.81000000,125.14000000,1350756.16300000,170070244.45558000
1725652800000,125.14000000,126.00000000,120.00000000,125.05000000,1553377.86700000,190908576.59526000
1725667200000,125.05000000,125.74000000,124.13000000,125.17000000,267590.86200000,33460076.98312000
1725681600000,125.16000000,128.50000000,125.09000000,127.62000000,581101.73600000,73777155.00879000
1725696000000,127.62000000,127.80000000,126.68000000,126.99000000,277926.61100000,35344446.42652000
1725710400000,127.00000000,129.50000000,126.88000000,128.84000000,362828.13300000,46478577.62287000
1725724800000,128.84000000,129.18000000,126.26000000,128.31000000,438243.07900000,55896724.40997000
1725739200000,128.33000000,128.43000000,126.44000000,127.71000000,183906.54400000,23409887.10131000
1725753600000,127.72000000,128.51000000,126.90000000,128.28000000,178898.77200000,22877095.07484000
1725768000000,128.28000000,130.13000000,127.85000000,129.59000000,279081.71800000,35966495.02030000
1725782400000,129.60000000,130.97000000,129.20000000,130.08000000,401820.54200000,52320205.11121000
1725796800000,130.08000000,130.27000000,126.61000000,126.74000000,468335.18200000,60068413.90698000
1725811200000,126.75000000,129.36000000,126.63000000,128.71000000,251368.30000000,32236291.63135000
1725825600000,128.71000000,131.70000000,128.34000000,130.15000000,392415.35200000,50995738.33621000
1725840000000,130.15000000,131.02000000,127.93000000,128.59000000,398593.61500000,51627583.95035000
1725854400000,128.59000000,129.40000000,127.51000000,129.31000000,253676.24800000,32561180.15077000
1725868800000,129.30000000,131.00000000,129.19000000,129.44000000,432690.02900000,56207893.64138000
1725883200000,129.44000000,130.21000000,126.96000000,128.41000000,686717.72600000,88199679.08965000
1725897600000,128.40000000,135.00000000,128.26000000,134.98000000,1246366.43800000,165056898.49875000
1725912000000,134.98000000,137.09000000,133.72000000,135.08000000,646912.82200000,87432288.28671000
1725926400000,135.07000000,135.20000000,132.79000000,132.91000000,312201.94100000,41721130.23535000
1725940800000,132.91000000,135.29000000,132.50000000,134.96000000,262327.35900000,35161530.71952000
1725955200000,134.96000000,135.48000000,134.02000000,135.23000000,306765.68100000,41351180.79152000
1725969600000,135.23000000,136.40000000,133.37000000,134.14000000,561300.33200000,75652015.76326000
1725984000000,134.14000000,138.00000000,133.77000000,136.65000000,599603.80200000,81629216.32662000
1725998400000,136.65000000,136.79000000,135.14000000,135.63000000,262972.10500000,35714219.53188000
1726012800000,135.64000000,135.91000000,133.28000000,133.65000000,452040.70300000,60676560.63278000
1726027200000,133.64000000,133.64000000,131.07000000,132.45000000,543558.78100000,71779585.49950000
1726041600000,132.44000000,132.45000000,130.36000000,132.00000000,329135.64800000,43254042.54102000
1726056000000,131.99000000,133.33000000,128.20000000,131.17000000,990257.30900000,129484591.59238000
1726070400000,131.17000000,133.57000000,131.05000000,132.70000000,620795.53300000,82227043.37081000
1726084800000,132.70000000,133.11000000,131.99000000,132.42000000,203595.44400000,26976582.58217000
1726099200000,132.43000000,136.00000000,132.38000000,135.62000000,514934.08400000,69318793.00495000
1726113600000,135.61000000,136.25000000,134.31000000,134.90000000,286283.11800000,38665372.07595000
1726128000000,134.90000000,135.39000000,134.21000000,134.79000000,236081.50100000,31825654.54212000
1726142400000,134.80000000,136.78000000,133.42000000,133.56000000,577772.74300000,77894516.68943000
1726156800000,133.55000000,135.76000000,133.48000000,135.74000000,404865.94000000,54629946.78215000
1726171200000,135.74000000,136.72000000,135.07000000,136.05000000,253421.92300000,34445455.61161000
1726185600000,136.06000000,136.21000000,134.35000000,134.44000000,205186.86400000,27694910.81762000
1726200000000,134.45000000,134.85000000,133.73000000,134.58000000,202180.59400000,27138502.75811000
1726214400000,134.59000000,134.67000000,132.50000000,132.58000000,341690.02100000,45687559.35642000
1726228800000,132.59000000,136.69000000,131.70000000,136.59000000,829288.44900000,111189535.42162000
1726243200000,136.58000000,138.21000000,135.96000000,138.04000000,693534.99100000,95151818.77911000
1726257600000,138.05000000,139.80000000,137.92000000,139.02000000,442651.10600000,61497201.52391000
1726272000000,139.02000000,139.80000000,138.49000000,139.43000000,250546.18200000,34866486.76496000
1726286400000,139.43000000,139.55000000,137.39000000,137.51000000,309745.01600000,42818462.93858000
1726300800000,137.51000000,137.57000000,136.51000000,136.79000000,241295.44600000,33059409.32103000
1726315200000,136.80000000,138.16000000,136.57000000,137.39000000,218833.18000000,30048987.91195000
1726329600000,137.39000000,137.87000000,135.60000000,136.58000000,253206.86900000,34596468.14314000
1726344000000,136.58000000,137.35000000,136.58000000,137.14000000,123206.60500000,16879097.37186000
1726358400000,137.15000000,137.95000000,137.06000000,137.45000000,134422.78800000,18494434.81626000
1726372800000,137.45000000,137.58000000,136.82000000,137.16000000,131208.94400000,18001124.92356000
1726387200000,137.16000000,137.19000000,135.12000000,135.61000000,230673.01800000,31374038.59914000
1726401600000,135.60000000,136.40000000,134.63000000,135.76000000,339282.14500000,46019179.60124000
1726416000000,135.77000000,135.82000000,132.93000000,133.46000000,565454.69100000,75645948.93890000
1726430400000,133.45000000,133.50000000,130.43000000,131.37000000,449415.15400000,59313295.06534000
1726444800000,131.38000000,131.85000000,129.25000000,130.62000000,451354.79100000,58895304.23784000
1726459200000,130.63000000,131.42000000,130.40000000,131.25000000,232901.13700000,30491004.25306000
1726473600000,131.26000000,132.40000000,130.69000000,131.89000000,274376.17000000,36113429.45866000
1726488000000,131.88000000,132.38000000,129.96000000,131.46000000,468964.67500000,61577849.24290000
1726502400000,131.47000000,131.79000000,128.91000000,131.13000000,486903.24100000,63465553.98902000
1726516800000,131.13000000,131.92000000,129.95000000,131.47000000,221888.29100000,29063178.49216000
1726531200000,131.47000000,131.96000000,130.12000000,131.12000000,222296.47100000,29123976.62070000
1726545600000,131.12000000,132.85000000,130.73000000,132.25000000,202792.08900000,26749969.36111000
1726560000000,132.25000000,133.35000000,131.75000000,131.95000000,330055.93700000,43726311.28705000
1726574400000,131.96000000,135.55000000,130.91000000,134.67000000,783039.99000000,104658025.97303000
1726588800000,134.66000000,134.94000000,131.00000000,132.23000000,603509.99300000,80166933.21766000
1726603200000,132.22000000,132.72000000,131.20000000,131.54000000,198151.43100000,26149533.65561000
1726617600000,131.54000000,132.15000000,130.22000000,131.68000000,255751.19300000,33573705.89081000
1726632000000,131.69000000,131.84000000,130.60000000,131.35000000,246504.00000000,32320208.54008000
1726646400000,131.34000000,131.35000000,128.08000000,129.42000000,456959.20900000,59190033.35719000
1726660800000,129.41000000,130.35000000,127.07000000,127.67000000,642086.54100000,82408086.72577000
1726675200000,127.66000000,133.08000000,127.24000000,129.49000000,1266234.20700000,165341537.41313000
1726689600000,129.48000000,134.45000000,128.47000000,134.34000000,442252.10800000,58096338.88223000
1726704000000,134.34000000,138.67000000,134.27000000,138.01000000,999355.33600000,136099245.85747000
1726718400000,138.01000000,139.11000000,137.60000000,138.56000000,564479.96400000,78169221.24581000
1726732800000,138.56000000,139.63000000,138.27000000,139.48000000,422239.32600000,58644503.42178000
1726747200000,139.47000000,143.00000000,139.43000000,142.96000000,929065.97900000,131002390.94181000
1726761600000,142.96000000,144.04000000,142.46000000,143.04000000,675018.57900000,96793886.06260000
1726776000000,143.04000000,143.82000000,140.90000000,142.89000000,540276.16600000,76990174.53256000
1726790400000,142.88000000,144.70000000,141.18000000,144.66000000,419182.09700000,59751585.41535000
1726804800000,144.65000000,152.50000000,144.45000000,151.04000000,1383792.62400000,205980394.32644000
1726819200000,151.05000000,151.80000000,150.00000000,150.58000000,640849.46700000,96702190.39412000
1726833600000,150.57000000,151.15000000,145.92000000,147.88000000,1179429.01900000,174766654.96528000
1726848000000,147.88000000,148.42000000,144.81000000,146.67000000,571089.40400000,83665498.43371000
1726862400000,146.67000000,147.98000000,146.14000000,146.66000000,293758.00400000,43211623.63485000
1726876800000,146.67000000,148.00000000,144.95000000,145.97000000,363723.32200000,53233188.03970000
1726891200000,145.96000000,147.75000000,144.61000000,147.45000000,314466.29000000,45957819.61789000
1726905600000,147.44000000,147.93000000,146.44000000,147.21000000,214389.79600000,31568278.62256000
1726920000000,147.20000000,150.25000000,146.71000000,147.64000000,436739.53900000,64801449.49308000
1726934400000,147.63000000,148.79000000,147.17000000,147.38000000,385344.11500000,57047133.14701000
1726948800000,147.38000000,149.89000000,147.21000000,149.41000000,202070.15400000,30018244.28752000
1726963200000,149.42000000,149.92000000,147.12000000,148.09000000,267602.43100000,39667200.39025000
1726977600000,148.08000000,148.98000000,146.37000000,147.17000000,233435.95900000,34399587.19912000
1726992000000,147.16000000,147.57000000,144.12000000,144.87000000,405502.06400000,58994745.35869000
1727006400000,144.86000000,145.18000000,142.63000000,143.13000000,349731.52900000,50287591.18474000
1727020800000,143.12000000,145.45000000,142.41000000,144.68000000,322955.60200000,46509156.31964000
1727035200000,144.66000000,145.78000000,141.12000000,144.63000000,586735.30300000,84255450.03110000
1727049600000,144.64000000,149.07000000,142.13000000,147.73000000,746473.28400000,109294118.01947000
1727064000000,147.73000000,148.22000000,145.17000000,145.52000000,399654.21100000,58571712.47585000
1727078400000,145.52000000,145.65000000,143.07000000,143.57000000,589751.60900000,84993048.91502000
1727092800000,143.56000000,145.50000000,142.59000000,144.21000000,714090.67800000,102593041.82822000
1727107200000,144.20000000,145.03000000,142.76000000,143.31000000,410051.48600000,58914919.74383000
1727121600000,143.31000000,145.20000000,142.42000000,144.79000000,366352.50500000,52687523.83672000
1727136000000,144.79000000,146.90000000,143.09000000,146.63000000,611812.96500000,88743680.98307000
1727150400000,146.64000000,147.35000000,145.35000000,147.19000000,373567.60100000,54666332.97494000
1727164800000,147.19000000,148.76000000,145.95000000,146.46000000,564864.49300000,83221816.65996000
1727179200000,146.46000000,148.53000000,144.16000000,145.52000000,893748.02100000,130796132.55696000
1727193600000,145.53000000,148.47000000,145.34000000,148.24000000,586034.19700000,86187103.12197000
1727208000000,148.23000000,154.00000000,147.99000000,152.73000000,985475.65400000,148591518.06362000
1727222400000,152.74000000,153.93000000,151.03000000,152.00000000,684281.54000000,104274183.96130000
1727236800000,152.00000000,152.25000000,148.97000000,149.77000000,475956.07800000,71538018.84491000
1727251200000,149.77000000,151.01000000,149.43000000,150.98000000,321445.42500000,48268478.46922000
1727265600000,150.98000000,153.00000000,149.71000000,150.42000000,481193.69500000,72670297.84230000
1727280000000,150.42000000,151.97000000,148.84000000,149.99000000,465199.54300000,69984117.42605000
1727294400000,149.98000000,150.88000000,147.28000000,147.98000000,300177.06500000,44724305.11201000
1727308800000,147.97000000,149.73000000,146.57000000,149.22000000,440585.27300000,65308528.29221000
1727323200000,149.23000000,151.86000000,148.70000000,151.81000000,368625.03700000,55409605.31790000
1727337600000,151.82000000,153.18000000,150.46000000,152.91000000,631447.22200000,95929614.22088000
1727352000000,152.92000000,158.05000000,151.09000000,157.11000000,1623413.96300000,251272911.75390000
1727366400000,157.12000000,158.04000000,155.35000000,155.51000000,759217.72500000,119037366.64961000
1727380800000,155.51000000,156.41000000,153.85000000,155.55000000,427931.54300000,66457016.85054000
1727395200000,155.54000000,156.42000000,153.89000000,155.72000000,413126.04700000,64094506.02640000
1727409600000,155.72000000,158.89000000,155.63000000,157.47000000,633937.89100000,99801086.00857000
1727424000000,157.48000000,159.23000000,155.73000000,156.08000000,601504.13200000,94795750.45946000
1727438400000,156.07000000,161.43000000,155.21000000,159.03000000,1314036.04800000,208950817.95746000
1727452800000,159.03000000,159.66000000,157.02000000,157.59000000,591819.31800000,93632617.69204000
1727467200000,157.59000000,158.59000000,157.31000000,157.64000000,171237.56200000,27035789.79547000
1727481600000,157.63000000,159.43000000,157.59000000,158.65000000,254639.03500000,40354898.97361000
1727496000000,158.65000000,158.88000000,156.15000000,156.39000000,349917.81800000,55018348.16710000
1727510400000,156.39000000,157.58000000,155.00000000,157.17000000,421409.00800000,65826669.39775000
1727524800000,157.18000000,158.01000000,156.20000000,156.87000000,281619.19900000,44259266.46177000
1727539200000,156.87000000,157.45000000,156.41000000,156.88000000,149390.60200000,23435763.36130000
1727553600000,156.87000000,157.07000000,155.63000000,156.75000000,123858.67900000,19382914.95879000
1727568000000,156.75000000,158.53000000,156.23000000,157.83000000,289281.92600000,45585276.63460000
1727582400000,157.83000000,158.20000000,155.12000000,155.48000000,494071.65300000,77324833.94249000
1727596800000,155.48000000,156.87000000,155.09000000,156.75000000,228785.25600000,35696531.57599000
1727611200000,156.76000000,158.00000000,155.54000000,157.28000000,356987.42800000,56029832.50147000
1727625600000,157.27000000,159.66000000,156.67000000,159.42000000,317848.76000000,50240308.43430000
1727640000000,159.43000000,161.78000000,157.89000000,158.46000000,663683.45300000,106167567.28130000
1727654400000,158.47000000,159.77000000,155.24000000,156.19000000,822234.14700000,129200946.17241000
1727668800000,156.19000000,157.75000000,155.20000000,156.86000000,423087.02300000,66318795.90523000
1727683200000,156.86000000,156.95000000,153.74000000,155.60000000,624921.41900000,96915832.26811000
1727697600000,155.60000000,157.38000000,154.01000000,154.16000000,513507.52900000,80262153.69367000
1727712000000,154.16000000,155.73000000,153.96000000,155.06000000,371424.62200000,57489055.46326000
1727726400000,155.07000000,156.94000000,151.73000000,152.49000000,485507.46600000,75007041.71747000
1727740800000,152.51000000,155.27000000,151.48000000,155.09000000,373286.22200000,57378523.88078000
1727755200000,155.10000000,157.15000000,154.81000000,156.79000000,330208.93500000,51525213.72584000
1727769600000,156.79000000,157.34000000,155.93000000,156.46000000,354792.10900000,55595323.96694000
1727784000000,156.47000000,156.69000000,146.12000000,149.61000000,1510357.83600000,227728254.10950000
1727798400000,149.60000000,149.99000000,142.55000000,145.42000000,1525464.79100000,223772705.88707000
1727812800000,145.42000000,146.40000000,142.29000000,145.13000000,897131.52600000,129512837.41229000
1727827200000,145.12000000,148.03000000,143.42000000,147.21000000,554540.03800000,80825124.30355000
1727841600000,147.20000000,148.96000000,146.22000000,147.75000000,394164.31100000,58203538.76015000
1727856000000,147.75000000,148.48000000,145.18000000,146.14000000,493674.72700000,72407950.46634000
1727870400000,146.13000000,147.68000000,142.74000000,147.46000000,751961.67100000,109344030.01612000
1727884800000,147.46000000,148.40000000,138.61000000,139.98000000,1085645.23500000,154318887.01424000
1727899200000,139.98000000,141.71000000,138.61000000,140.18000000,537620.13700000,75471154.75062000
1727913600000,140.18000000,142.96000000,138.68000000,142.88000000,650144.34500000,91638936.33151000
1727928000000,142.88000000,142.88000000,139.82000000,139.90000000,281809.42600000,39883671.34216000
1727942400000,139.91000000,140.08000000,135.25000000,136.85000000,911085.32800000,125104051.13409000
1727956800000,136.86000000,138.57000000,133.11000000,135.58000000,1132465.54800000,153791834.24798000
1727971200000,135.58000000,137.44000000,133.64000000,137.31000000,455650.99100000,61851997.02681000
1727985600000,137.31000000,137.88000000,135.24000000,136.82000000,311192.20700000,42542451.86898000
1728000000000,136.81000000,138.68000000,135.95000000,137.33000000,361584.87800000,49722113.90277000
1728014400000,137.34000000,139.77000000,137.28000000,139.56000000,363318.13800000,50421818.29920000
1728028800000,139.55000000,141.03000000,139.17000000,140.10000000,510596.30800000,71596049.41138000
1728043200000,140.11000000,142.67000000,138.05000000,142.43000000,1156905.99400000,162958075.05278000
1728057600000,142.44000000,144.54000000,141.86000000,143.89000000,525490.00600000,75389286.40728000
1728072000000,143.89000000,144.55000000,142.60000000,143.24000000,202256.62900000,29004640.59394000
1728086400000,143.24000000,144.00000000,141.71000000,141.83000000,367130.13800000,52517471.48163000
1728100800000,141.83000000,144.58000000,141.56000000,143.80000000,250457.35000000,35909464.12865000
1728115200000,143.80000000,144.93000000,143.30000000,143.45000000,225404.31800000,32523028.47940000
1728129600000,143.45000000,144.16000000,142.50000000,142.90000000,205279.88200000,29409489.02927000
1728144000000,142.89000000,143.02000000,142.01000000,142.16000000,208110.96100000,29637229.15974000
1728158400000,142.17000000,142.98000000,141.06000000,142.59000000,218835.16700000,31083731.49638000
1728172800000,142.59000000,143.68000000,142.00000000,142.69000000,165988.74700000,23722818.14351000
1728187200000,142.69000000,143.42000000,142.09000000,142.97000000,109664.28300000,15665816.21536000
1728201600000,142.96000000,144.33000000,142.63000000,144.02000000,203994.53900000,29316705.43559000
1728216000000,144.02000000,146.70000000,143.95000000,146.00000000,374636.48700000,54432951.83638000
1728230400000,145.99000000,146.52000000,144.89000000,145.42000000,321447.48600000,46837225.59873000
1728244800000,145.42000000,146.75000000,144.31000000,146.48000000,233339.85800000,33979230.01954000
1728259200000,146.47000000,151.00000000,145.88000000,149.94000000,663108.02900000,98918237.20525000
1728273600000,149.95000000,150.54000000,146.63000000,148.02000000,508341.43400000,75740980.31404000
1728288000000,148.02000000,149.21000000,145.65000000,147.43000000,436724.34200000,64313419.41719000
1728302400000,147.44000000,152.40000000,146.38000000,148.71000000,973354.79700000,145611386.89886000
1728316800000,148.70000000,149.43000000,145.49000000,147.09000000,590377.94200000,87127857.07090000
1728331200000,147.10000000,147.26000000,143.50000000,143.96000000,435848.40700000,63345025.48926000
1728345600000,143.97000000,145.60000000,143.50000000,144.71000000,354596.44700000,51290025.50717000
1728360000000,144.71000000,145.05000000,142.17000000,143.08000000,392602.91900000,56307724.32280000
1728374400000,143.08000000,144.62000000,142.64000000,144.49000000,296039.27800000,42503122.23822000
1728388800000,144.48000000,145.52000000,141.17000000,142.80000000,638560.04300000,91569062.81994000
1728403200000,142.80000000,144.06000000,141.75000000,143.74000000,319303.44900000,45682415.18932000
1728417600000,143.74000000,144.70000000,142.67000000,143.49000000,152726.01700000,21974540.74712000
1728432000000,143.50000000,145.34000000,143.09000000,143.94000000,278138.84200000,40137692.17524000
1728446400000,143.93000000,144.31000000,142.68000000,143.17000000,223581.00800000,32068701.98752000
1728460800000,143.16000000,143.50000000,142.47000000,143.20000000,244629.29100000,34951362.81219000
1728475200000,143.19000000,143.34000000,140.19000000,142.83000000,627352.12300000,88903090.70977000
1728489600000,142.83000000,142.90000000,139.75000000,141.12000000,390227.73000000,54981985.78206000
1728504000000,141.11000000,141.11000000,138.66000000,139.33000000,307589.06700000,42934309.62808000
1728518400000,139.33000000,140.41000000,137.66000000,139.89000000,250535.32700000,34834604.67573000
1728532800000,139.89000000,140.92000000,139.48000000,139.69000000,158599.58800000,22226578.49277000
1728547200000,139.70000000,140.50000000,137.43000000,140.44000000,366584.62800000,50997438.92642000
1728561600000,140.44000000,140.83000000,136.20000000,138.67000000,668834.55000000,92471981.09785000
1728576000000,138.66000000,139.09000000,135.52000000,138.11000000,581698.32700000,79815410.75175000
1728590400000,138.11000000,139.07000000,137.14000000,139.03000000,263530.48700000,36420655.33533000
1728604800000,139.04000000,141.56000000,138.68000000,140.83000000,282670.37400000,39599513.15473000
1728619200000,140.83000000,142.12000000,140.64000000,141.17000000,345131.35100000,48829072.51678000
1728633600000,141.17000000,142.70000000,140.98000000,141.97000000,277900.41900000,39421775.09563000
1728648000000,141.98000000,145.52000000,141.88000000,144.41000000,635720.64900000,91283534.24162000
1728662400000,144.41000000,146.62000000,143.92000000,145.45000000,476034.98700000,69191043.10642000
1728676800000,145.44000000,146.41000000,145.15000000,145.53000000,251631.13800000,36699860.42499000
1728691200000,145.52000000,146.60000000,144.71000000,145.14000000,226350.19500000,32982847.31060000
1728705600000,145.15000000,145.98000000,145.15000000,145.58000000,182601.83400000,26589276.37733000
1728720000000,145.58000000,147.28000000,145.47000000,146.26000000,226761.65800000,33161984.35500000
1728734400000,146.26000000,147.27000000,145.71000000,146.09000000,368372.02000000,54002802.19640000
1728748800000,146.08000000,147.19000000,146.08000000,146.79000000,183006.23500000,26843075.82752000
1728763200000,146.79000000,147.32000000,146.34000000,146.40000000,160587.60600000,23584229.64536000
1728777600000,146.39000000,147.06000000,145.13000000,145.30000000,207924.31700000,30384565.95455000
1728792000000,145.31000000,146.99000000,145.27000000,146.42000000,130473.37200000,19080982.81045000
1728806400000,146.42000000,148.39000000,146.40000000,146.47000000,335381.44100000,49365568.20537000
1728820800000,146.47000000,148.11000000,144.45000000,145.34000000,421852.52700000,61718597.53624000
1728835200000,145.34000000,146.53000000,144.70000000,146.03000000,229003.53900000,33350109.48672000
1728849600000,146.02000000,148.86000000,145.65000000,147.74000000,274419.63700000,40492060.39062000
1728864000000,147.74000000,152.58000000,146.80000000,152.51000000,665709.53200000,99665529.38564000
1728878400000,152.51000000,153.50000000,150.90000000,153.04000000,672420.43700000,102345502.33773000
1728892800000,153.04000000,154.02000000,152.04000000,153.16000000,558063.92400000,85395444.37616000
1728907200000,153.15000000,158.10000000,152.57000000,156.71000000,1112894.31600000,172801866.90216000
1728921600000,156.70000000,156.90000000,154.56000000,155.66000000,674354.90000000,104880683.55416000
1728936000000,155.65000000,158.08000000,155.41000000,157.59000000,303612.03600000,47609937.90042000
1728950400000,157.59000000,158.44000000,155.00000000,155.46000000,427593.67600000,67134126.61850000
1728964800000,155.47000000,156.34000000,153.71000000,155.13000000,418196.24300000,64808147.64500000
1728979200000,155.13000000,155.50000000,151.80000000,152.41000000,570629.37500000,87844246.91831000
1728993600000,152.42000000,159.73000000,150.30000000,153.29000000,1902788.30700000,293831307.13988000
1729008000000,153.30000000,156.40000000,153.07000000,155.16000000,705256.48000000,109321510.97381000
1729022400000,155.17000000,155.28000000,152.00000000,154.76000000,455561.03000000,70036514.72886000
1729036800000,154.76000000,156.10000000,153.00000000,154.23000000,426999.01900000,65971403.95495000
1729051200000,154.22000000,154.96000000,153.01000000,153.67000000,335143.61800000,51568483.26294000
1729065600000,153.67000000,158.41000000,153.40000000,155.88000000,695558.97200000,108580290.37049000
1729080000000,155.88000000,156.89000000,153.69000000,155.71000000,706255.48200000,109698060.23974000
1729094400000,155.71000000,155.97000000,154.10000000,154.35000000,398717.07900000,61767588.24702000
1729108800000,154.34000000,155.14000000,153.64000000,154.28000000,289142.18000000,44653787.46236000
1729123200000,154.28000000,155.73000000,153.56000000,154.62000000,324914.86200000,50273819.53167000
1729137600000,154.62000000,154.78000000,151.60000000,152.61000000,514128.33600000,78659229.41186000
1729152000000,152.61000000,153.47000000,151.11000000,151.31000000,400878.28300000,61094773.31211000
1729166400000,151.31000000,153.25000000,150.77000000,152.89000000,562090.57400000,85419402.69342000
1729180800000,152.89000000,152.92000000,147.66000000,149.38000000,659192.34600000,98708821.85546000
1729195200000,149.39000000,150.98000000,149.27000000,150.50000000,203605.54700000,30584561.13324000
1729209600000,150.50000000,153.25000000,149.56000000,151.88000000,356195.81800000,54083011.25022000
1729224000000,151.88000000,154.23000000,151.88000000,153.89000000,264163.30700000,40508396.51163000
1729238400000,153.90000000,154.30000000,152.85000000,153.00000000,222102.85700000,34132475.58414000
1729252800000,152.99000000,155.24000000,152.14000000,154.72000000,451185.41500000,69455690.29952000
1729267200000,154.71000000,156.65000000,153.62000000,154.84000000,378066.49600000,58764970.48941000
1729281600000,154.84000000,155.18000000,153.77000000,154.94000000,157680.22500000,24361846.95932000
1729296000000,154.93000000,156.05000000,154.20000000,154.56000000,300313.22800000,46557756.78042000
1729310400000,154.56000000,155.14000000,154.12000000,154.56000000,157520.96700000,24354245.61632000
1729324800000,154.56000000,155.04000000,153.45000000,153.83000000,204435.08900000,31573074.89290000
1729339200000,153.83000000,157.50000000,153.80000000,156.51000000,366210.09400000,57077712.89914000
1729353600000,156.51000000,156.97000000,155.32000000,156.37000000,266727.71200000,41662250.88462000
1729368000000,156.38000000,159.85000000,156.13000000,159.79000000,429297.07600000,67980498.40397000
1729382400000,159.79000000,160.62000000,158.14000000,159.03000000,484070.97800000,77094694.88593000
1729396800000,159.03000000,160.64000000,158.58000000,158.78000000,334334.92800000,53338595.85835000
1729411200000,158.78000000,159.42000000,158.38000000,159.20000000,143790.47900000,22860117.37122000
1729425600000,159.19000000,161.50000000,157.58000000,160.01000000,696462.85800000,111057514.96425000
1729440000000,160.02000000,161.22000000,159.30000000,160.38000000,325550.57200000,52145044.76657000
1729454400000,160.38000000,167.94000000,160.14000000,167.40000000,1110489.01000000,182595789.03490000
1729468800000,167.40000000,170.14000000,167.20000000,169.51000000,959229.60900000,162296261.42529000
1729483200000,169.50000000,171.76000000,168.58000000,168.64000000,710586.26000000,120736626.38704000
1729497600000,168.65000000,169.62000000,165.72000000,166.42000000,748290.68100000,124997315.80221000
1729512000000,166.42000000,167.07000000,160.99000000,165.27000000,1169396.50000000,191562547.06252000
1729526400000,165.27000000,168.08000000,163.02000000,167.81000000,779341.42800000,128962255.86362000
1729540800000,167.81000000,168.16000000,166.06000000,166.17000000,440914.26400000,73693681.83764000
1729555200000,166.16000000,167.90000000,162.99000000,166.45000000,629835.74600000,104354074.71508000
1729569600000,166.45000000,168.96000000,166.18000000,167.11000000,384501.49400000,64607049.51398000
1729584000000,167.10000000,169.21000000,163.53000000,167.88000000,871885.73400000,144963153.72056000
1729598400000,167.88000000,170.99000000,164.79000000,167.78000000,1383386.75800000,232342443.49934000
1729612800000,167.79000000,169.16000000,166.00000000,168.48000000,521137.17100000,87293848.47049000
1729627200000,168.47000000,169.26000000,166.77000000,167.59000000,324938.59900000,54600110.63977000
1729641600000,167.60000000,167.96000000,164.49000000,165.51000000,481949.86200000,80060288.27030000
1729656000000,165.51000000,166.51000000,164.34000000,165.74000000,422094.69200000,69831513.94608000
1729670400000,165.73000000,166.94000000,164.13000000,166.41000000,533380.61600000,88341749.38779000
1729684800000,166.41000000,169.48000000,164.97000000,168.13000000,982150.07500000,164558694.09509000
1729699200000,168.14000000,173.76000000,164.70000000,173.02000000,1491480.31800000,251220597.73565000
1729713600000,173.02000000,174.30000000,170.00000000,170.85000000,598736.72900000,103139280.54730000
1729728000000,170.86000000,175.03000000,170.50000000,174.14000000,741675.61100000,128629434.05445000
1729742400000,174.14000000,175.26000000,172.78000000,173.56000000,479471.91200000,83296972.20850000
1729756800000,173.55000000,174.38000000,171.00000000,173.85000000,650630.25200000,112392122.79997000
1729771200000,173.85000000,177.22000000,173.72000000,175.43000000,989938.91500000,173768262.63770000
1729785600000,175.43000000,177.90000000,174.65000000,177.40000000,541594.09400000,95493740.01581000
1729800000000,177.41000000,179.30000000,176.49000000,177.19000000,489741.33600000,87096450.18715000
1729814400000,177.19000000,177.47000000,174.38000000,174.68000000,463099.85000000,81473384.29352000
1729828800000,174.69000000,175.06000000,171.46000000,171.90000000,627458.31900000,108675992.06830000
1729843200000,171.90000000,174.14000000,170.66000000,173.65000000,791411.83100000,136419177.21754000
1729857600000,173.65000000,177.60000000,171.15000000,172.45000000,1070221.22900000,187136273.14935000
1729872000000,172.45000000,173.04000000,165.11000000,167.95000000,1411688.62000000,239151405.87814000
1729886400000,167.95000000,168.84000000,159.12000000,164.90000000,1354427.21700000,222347159.51931000
1729900800000,164.91000000,165.94000000,162.43000000,165.64000000,756858.33800000,124517188.48140000
1729915200000,165.64000000,169.18000000,165.30000000,167.35000000,615142.39800000,102896407.04071000
1729929600000,167.35000000,170.30000000,167.33000000,168.65000000,428038.02900000,72323104.90627000
1729944000000,168.66000000,169.50000000,167.23000000,168.63000000,447795.69400000,75405566.69509000
1729958400000,168.63000000,172.31000000,168.36000000,171.52000000,406811.28100000,69315675.00282000
1729972800000,171.52000000,173.25000000,170.65000000,170.88000000,356057.05600000,61220458.68664000
1729987200000,170.87000000,173.26000000,170.26000000,172.14000000,327998.92400000,56376602.34558000
1730001600000,172.14000000,173.52000000,171.66000000,173.27000000,241256.15900000,41684983.56909000
1730016000000,173.26000000,175.53000000,173.17000000,174.02000000,486763.00900000,84833653.73602000
1730030400000,174.03000000,177.05000000,174.02000000,175.77000000,615231.12800000,108219652.81506000
1730044800000,175.78000000,177.80000000,174.74000000,177.21000000,603237.42100000,106464197.46815000
1730059200000,177.21000000,178.27000000,176.58000000,176.63000000,331645.13000000,58851867.59661000
1730073600000,176.63000000,177.19000000,174.68000000,175.74000000,433482.77000000,76215704.78441000
1730088000000,175.74000000,176.75000000,173.14000000,175.69000000,610018.97800000,106563472.02161000
1730102400000,175.69000000,178.59000000,175.62000000,176.95000000,517918.06400000,91852509.99849000
1730116800000,176.95000000,177.95000000,173.25000000,173.39000000,952863.09100000,167148250.07248000
1730131200000,173.39000000,178.05000000,172.45000000,176.42000000,747135.63200000,131187295.96435000
1730145600000,176.40000000,179.80000000,175.75000000,178.29000000,615911.68600000,109753464.58866000
1730160000000,178.28000000,182.30000000,177.14000000,181.81000000,938342.58100000,169071525.44099000
1730174400000,181.81000000,182.78000000,179.50000000,180.16000000,448778.81400000,81311517.79908000
1730188800000,180.16000000,181.84000000,180.00000000,180.80000000,383186.99700000,69345871.68195000
1730203200000,180.79000000,180.97000000,178.37000000,180.61000000,803468.06000000,144286171.44561000
1730217600000,180.60000000,183.38000000,178.10000000,178.17000000,1011413.56500000,183353331.29848000
1730232000000,178.17000000,180.31000000,176.41000000,179.42000000,460919.92200000,82317761.11271000
1730246400000,179.43000000,180.84000000,176.94000000,180.09000000,370309.56200000,66331482.65336000
1730260800000,180.08000000,181.36000000,178.16000000,178.69000000,299898.56700000,53877132.68885000
1730275200000,178.69000000,179.33000000,175.20000000,175.71000000,482466.83500000,85506105.67910000
1730289600000,175.70000000,177.29000000,173.15000000,173.93000000,819078.99400000,143510479.95101000
1730304000000,173.94000000,175.79000000,173.01000000,174.29000000,457150.20900000,79756089.11146000
1730318400000,174.30000000,177.06000000,173.03000000,174.87000000,464208.58400000,81386612.83647000
1730332800000,174.87000000,176.56000000,174.10000000,174.35000000,321939.58800000,56415290.32694000
1730347200000,174.35000000,176.00000000,173.11000000,174.50000000,366556.37000000,63995396.17093000
1730361600000,174.50000000,176.36000000,173.31000000,175.00000000,307230.69600000,53753145.73664000
1730376000000,175.00000000,175.45000000,169.30000000,170.65000000,774730.62200000,133036269.16609000
1730390400000,170.65000000,170.73000000,168.53000000,168.70000000,485890.13600000,82462930.70626000
1730404800000,168.69000000,170.29000000,167.56000000,168.69000000,405181.88600000,68465289.13288000
1730419200000,168.69000000,169.42000000,165.38000000,167.15000000,623504.61800000,104544535.64480000
1730433600000,167.14000000,167.63000000,165.05000000,165.96000000,318584.09500000,52963602.95389000
1730448000000,165.96000000,168.77000000,165.55000000,167.88000000,399859.00400000,66995041.25585000
1730462400000,167.88000000,174.00000000,163.43000000,164.09000000,1214760.55400000,205766165.00897000
1730476800000,164.10000000,167.81000000,163.69000000,166.60000000,547041.50400000,90869711.80792000
1730491200000,166.60000000,167.12000000,163.93000000,166.10000000,221912.67200000,36715029.85264000
1730505600000,166.11000000,168.61000000,166.05000000,167.00000000,200310.29100000,33515711.19728000
1730520000000,166.99000000,167.70000000,165.66000000,167.64000000,149039.41700000,24857786.48211000
1730534400000,167.63000000,167.86000000,165.85000000,166.04000000,175577.33300000,29259078.59378000
1730548800000,166.03000000,166.44000000,162.11000000,163.82000000,561620.36200000,92035890.56247000
1730563200000,163.82000000,165.41000000,163.00000000,165.15000000,310917.92800000,51051636.09850000
1730577600000,165.15000000,166.93000000,164.94000000,166.17000000,205808.27200000,34189837.34532000
1730592000000,166.16000000,166.61000000,160.84000000,161.94000000,546931.30300000,88998985.15772000
1730606400000,161.95000000,164.08000000,161.79000000,163.53000000,220131.90000000,35866062.75570000
1730620800000,163.53000000,164.85000000,162.65000000,163.62000000,269145.55400000,44059566.22349000
1730635200000,163.62000000,164.61000000,157.82000000,159.99000000,858274.48100000,137515612.64968000
1730649600000,159.99000000,161.83000000,158.06000000,161.06000000,472307.04600000,75649669.51776000
1730664000000,161.06000000,163.83000000,160.50000000,162.53000000,378519.54500000,61540829.66687000
1730678400000,162.52000000,165.04000000,160.48000000,162.82000000,417272.60100000,67988177.24275000
1730692800000,162.83000000,163.85000000,161.35000000,161.41000000,333015.37800000,54053296.77562000
1730707200000,161.41000000,164.93000000,160.07000000,164.08000000,537401.33900000,87373117.59434000
1730721600000,164.08000000,165.00000000,161.62000000,163.03000000,545222.22000000,89182212.99506000
1730736000000,163.04000000,163.47000000,159.14000000,159.59000000,499971.45200000,80354156.79038000
1730750400000,159.59000000,160.00000000,155.11000000,157.95000000,686368.33500000,107950176.81029000
1730764800000,157.95000000,159.71000000,156.86000000,159.66000000,523891.82300000,83033275.61684000
1730779200000,159.65000000,162.47000000,159.35000000,162.04000000,415795.44900000,66793903.78105000
1730793600000,162.04000000,163.08000000,161.03000000,162.39000000,438574.07400000,71125574.75392000
1730808000000,162.38000000,167.94000000,161.84000000,165.94000000,906118.80900000,149783933.22379000
1730822400000,165.95000000,169.30000000,163.36000000,164.09000000,702230.80300000,117427602.12838000
1730836800000,164.09000000,167.71000000,163.11000000,166.62000000,451545.91300000,74937201.83742000
1730851200000,166.63000000,185.00000000,166.40000000,184.94000000,2795820.85400000,498897714.98339000
1730865600000,184.94000000,188.36000000,182.69000000,183.83000000,2737315.05800000,508219815.52235000
1730880000000,183.82000000,186.85000000,180.11000000,186.72000000,1538526.52700000,282143103.70675000
1730894400000,186.72000000,188.70000000,184.26000000,185.51000000,1582449.54300000,295322387.69611000
1730908800000,185.51000000,188.37000000,184.74000000,188.36000000,762675.73500000,142160281.05969000
1730923200000,188.36000000,190.01000000,186.42000000,186.59000000,968448.27500000,182444610.29020000
1730937600000,186.59000000,191.95000000,185.84000000,189.08000000,943625.65500000,178728588.82834000
1730952000000,189.08000000,190.04000000,186.00000000,188.01000000,533907.60600000,100442755.03360000
1730966400000,188.01000000,189.35000000,185.96000000,186.04000000,421008.62900000,79086829.68019000
1730980800000,186.05000000,192.78000000,185.96000000,192.66000000,645310.26700000,121873226.59090000
1730995200000,192.65000000,197.84000000,190.94000000,197.00000000,1165655.32800000,226934010.25380000
1731009600000,196.99000000,197.78000000,194.13000000,196.35000000,500822.33500000,98233358.13908000
1731024000000,196.36000000,201.00000000,195.64000000,198.15000000,1108673.89700000,220306693.89181000
1731038400000,198.16000000,200.80000000,197.39000000,200.38000000,631342.98500000,125643442.12829000
1731052800000,200.38000000,205.00000000,198.09000000,203.06000000,946547.72700000,191368465.94825000
1731067200000,203.05000000,205.00000000,198.41000000,200.99000000,1122845.52500000,226690997.88189000
1731081600000,200.98000000,202.10000000,196.21000000,199.55000000,918186.55600000,182901201.97100000
1731096000000,199.54000000,200.19000000,197.10000000,199.85000000,401647.49800000,79785374.91839000
1731110400000,199.86000000,200.26000000,197.21000000,198.97000000,384331.26600000,76522942.10042000
1731124800000,198.96000000,202.41000000,198.96000000,200.26000000,454222.13800000,91163915.22233000
1731139200000,200.27000000,203.45000000,199.91000000,202.18000000,435627.47300000,88003095.29019000
1731153600000,202.17000000,202.56000000,197.35000000,198.40000000,548164.26400000,109217128.36214000
1731168000000,198.39000000,199.59000000,194.86000000,197.75000000,563185.03200000,111123672.00452000
1731182400000,197.75000000,201.99000000,197.40000000,199.89000000,447774.82300000,89514221.70245000
1731196800000,199.89000000,204.91000000,198.68000000,201.42000000,933412.98100000,188224667.17519000
1731211200000,201.41000000,209.00000000,200.92000000,205.06000000,1532725.43200000,315634066.07815000
1731225600000,205.06000000,207.39000000,204.02000000,206.59000000,766237.37500000,157394762.75279000
1731240000000,206.59000000,213.30000000,203.47000000,212.23000000,1687775.14800000,350440118.15691000
1731254400000,212.23000000,215.27000000,206.25000000,208.47000000,1506892.23400000,318940602.94142000
1731268800000,208.48000000,213.97000000,199.73000000,210.07000000,1541585.06000000,319653602.91185000
1731283200000,210.07000000,212.38000000,208.13000000,210.00000000,1104263.24900000,232462127.86022000
1731297600000,210.00000000,210.26000000,204.16000000,208.01000000,1304102.32000000,269368953.67940000
1731312000000,208.00000000,217.67000000,206.60000000,217.62000000,1420235.65100000,302895188.03195000
1731326400000,217.62000000,221.00000000,214.47000000,219.00000000,1966256.84500000,428694019.90069000
1731340800000,219.00000000,222.00000000,216.03000000,217.82000000,1544799.19100000,338323194.94407000
1731355200000,217.81000000,224.00000000,216.67000000,222.13000000,1595649.71200000,351595147.20725000
1731369600000,222.12000000,222.57000000,215.00000000,220.64000000,1382615.07200000,302604441.20911000
1731384000000,220.63000000,221.92000000,216.02000000,221.84000000,1080563.08600000,236984100.32089000
1731398400000,221.84000000,225.21000000,208.49000000,211.13000000,2565229.96600000,554510905.92973000
1731412800000,211.12000000,213.98000000,204.71000000,210.53000000,2023993.82400000,424441001.86411000
1731427200000,210.54000000,215.35000000,206.61000000,213.17000000,1048890.88700000,221929543.05839000
1731441600000,213.17000000,215.46000000,210.08000000,211.64000000,900697.82400000,191762245.44177000
1731456000000,211.63000000,213.20000000,203.02000000,203.18000000,1201202.75200000,249974375.20781000
1731470400000,203.19000000,207.27000000,200.67000000,205.22000000,1580697.64100000,322247639.46009000
1731484800000,205.22000000,209.45000000,203.85000000,207.71000000,1036765.16800000,214345134.70613000
1731499200000,207.71000000,217.30000000,205.95000000,216.40000000,3143850.08300000,669170328.58667000
1731513600000,216.39000000,220.44000000,210.31000000,210.87000000,2538588.37900000,549888310.65412000
1731528000000,210.87000000,215.50000000,205.93000000,215.13000000,1332948.77600000,281688155.26972000
1731542400000,215.14000000,219.50000000,212.05000000,219.44000000,1161417.53700000,249630990.89640000
1731556800000,219.44000000,220.73000000,215.16000000,218.12000000,1187523.43500000,259400196.07321000
1731571200000,218.12000000,222.80000000,213.51000000,216.04000000,1439076.38900000,314716195.11410000
1731585600000,216.03000000,217.96000000,209.03000000,210.84000000,1675961.20500000,357910174.60697000
1731600000000,210.84000000,217.12000000,209.85000000,215.62000000,973308.82100000,208746499.25396000
1731614400000,215.61000000,215.61000000,206.78000000,209.57000000,1021236.32100000,216441606.18672000
1731628800000,209.57000000,212.88000000,208.03000000,209.02000000,854240.33300000,179620518.69509000
1731643200000,209.01000000,210.66000000,204.48000000,209.18000000,781583.97600000,162381110.37746000
1731657600000,209.19000000,213.93000000,207.82000000,213.58000000,668365.83100000,141705728.62407000
1731672000000,213.57000000,215.33000000,206.71000000,208.32000000,1187285.68600000,251513561.71847000
1731686400000,208.32000000,213.52000000,208.04000000,212.38000000,745734.31600000,157184745.22467000
1731700800000,212.38000000,220.50000000,212.25000000,218.45000000,1033881.78200000,225145800.74735000
1731715200000,218.44000000,221.61000000,215.88000000,221.35000000,695595.97900000,152063584.48156000
1731729600000,221.34000000,221.99000000,218.45000000,218.91000000,604384.78400000,133078062.66438000
1731744000000,218.91000000,219.76000000,216.61000000,218.90000000,573347.93200000,125200398.61495000
1731758400000,218.90000000,221.80000000,213.72000000,215.03000000,1255500.89400000,273248765.42710000
1731772800000,215.03000000,217.00000000,213.35000000,216.27000000,644934.01300000,138918884.79583000
1731787200000,216.27000000,217.36000000,214.01000000,215.71000000,430705.69800000,93000677.46738000
1731801600000,215.72000000,221.50000000,212.10000000,221.37000000,1013895.45800000,219633896.59311000
1731816000000,221.37000000,239.90000000,221.37000000,237.23000000,2914764.35200000,680783933.30633000
1731830400000,237.22000000,242.33000000,234.29000000,234.81000000,1525599.25500000,363792720.75468000
1731844800000,234.81000000,236.01000000,229.40000000,233.96000000,1370098.38400000,319139534.37203000
1731859200000,233.96000000,235.59000000,231.21000000,235.40000000,732717.65700000,171037295.88799000
1731873600000,235.40000000,238.40000000,231.59000000,237.47000000,876349.09800000,206199790.77038000
1731888000000,237.47000000,244.47000000,234.01000000,244.18000000,1090259.67000000,260326461.33989000
1731902400000,244.18000000,245.27000000,239.39000000,242.05000000,1225463.04100000,297217560.79730000
1731916800000,242.06000000,248.44000000,239.74000000,242.50000000,1335868.16700000,326348553.68435000
1731931200000,242.51000000,245.00000000,238.04000000,243.33000000,1538522.32700000,371880452.07885000
1731945600000,243.33000000,243.94000000,234.26000000,236.28000000,1484981.21700000,355036477.06298000
1731960000000,236.29000000,240.90000000,235.70000000,239.79000000,810755.93900000,193681448.97471000
1731974400000,239.79000000,243.39000000,237.54000000,240.61000000,605954.56500000,145792201.71759000
1731988800000,240.60000000,244.62000000,238.70000000,243.32000000,767785.75400000,185372056.91867000
1732003200000,243.32000000,247.00000000,241.93000000,246.07000000,1000511.18000000,244850155.15609000
1732017600000,246.07000000,247.50000000,238.36000000,240.58000000,1355505.96500000,327450479.19552000
1732032000000,240.59000000,244.54000000,240.09000000,243.54000000,831755.32800000,201790506.80328000
1732046400000,243.54000000,244.23000000,233.40000000,237.63000000,1034100.61000000,245403678.30004000
1732060800000,237.64000000,237.91000000,230.37000000,233.81000000,988197.46900000,231290835.08111000
1732075200000,233.81000000,236.36000000,231.47000000,235.94000000,600896.44900000,140788240.50730000
1732089600000,235.94000000,238.78000000,234.77000000,237.55000000,740021.91500000,175638122.03352000
1732104000000,237.55000000,242.54000000,235.50000000,238.37000000,1256475.33500000,299966196.93683000
1732118400000,238.37000000,239.14000000,230.95000000,233.00000000,1227279.95900000,286575558.70016000
1732132800000,233.00000000,238.06000000,231.73000000,235.48000000,659332.34900000,155492882.05366000
1732147200000,235.48000000,238.70000000,229.60000000,235.82000000,947135.40400000,222274259.86709000
1732161600000,235.82000000,242.78000000,235.66000000,241.47000000,1355972.20300000,324969164.29306000
1732176000000,241.48000000,243.49000000,239.79000000,239.97000000,836635.15200000,202385983.71876000
1732190400000,239.98000000,253.00000000,239.95000000,248.86000000,2652802.39800000,654900051.43489000
1732204800000,248.87000000,259.80000000,248.30000000,253.93000000,2057972.41500000,525417473.84772000
1732219200000,253.93000000,257.50000000,252.89000000,256.37000000,745422.42200000,190054745.85618000
1732233600000,256.38000000,264.39000000,252.37000000,262.48000000,1254399.55500000,324600366.31623000
1732248000000,262.48000000,262.80000000,257.84000000,259.22000000,859120.93900000,223729052.12218000
1732262400000,259.23000000,260.96000000,256.23000000,259.26000000,639525.34800000,165411693.90666000
1732276800000,259.26000000,260.35000000,252.48000000,256.38000000,1165926.26400000,298252304.35433000
1732291200000,256.38000000,256.38000000,251.47000000,254.04000000,742551.80500000,188727028.03161000
1732305600000,254.04000000,257.91000000,253.28000000,256.90000000,493657.99400000,126077914.72040000
1732320000000,256.90000000,257.74000000,253.34000000,257.20000000,672673.18200000,172077869.30485000
1732334400000,257.20000000,264.00000000,256.90000000,258.26000000,1065572.41700000,277737363.74558000
1732348800000,258.27000000,259.46000000,255.80000000,256.14000000,481658.90200000,124118276.71100000
1732363200000,256.13000000,263.60000000,255.91000000,259.71000000,1063832.65600000,277189056.53191000
1732377600000,259.71000000,260.30000000,254.15000000,254.39000000,1057963.36200000,271287597.65904000
1732392000000,254.38000000,256.06000000,252.69000000,254.89000000,495082.70800000,126040414.27562000
1732406400000,254.90000000,259.78000000,254.49000000,258.57000000,487862.36800000,125921033.33406000
1732420800000,258.58000000,259.20000000,254.06000000,256.63000000,325702.12100000,83365336.98618000
1732435200000,256.63000000,256.75000000,248.00000000,248.39000000,759958.19100000,191414131.64386000
1732449600000,248.39000000,250.21000000,240.93000000,244.17000000,1137321.45700000,279922755.74370000
1732464000000,244.18000000,250.44000000,243.66000000,248.58000000,481607.78700000,119136695.13890000
1732478400000,248.57000000,254.76000000,248.14000000,252.73000000,472793.88800000,119066648.80609000
1732492800000,252.74000000,253.18000000,245.70000000,252.46000000,422026.13800000,105656563.48053000
1732507200000,252.45000000,254.06000000,251.65000000,253.28000000,428781.91900000,108477025.10642000
1732521600000,253.28000000,256.70000000,251.26000000,252.17000000,512275.36500000,130277842.36627000
1732536000000,252.17000000,252.55000000,235.04000000,244.97000000,1501239.74700000,366806191.98729000
1732550400000,244.97000000,246.13000000,237.26000000,239.65000000,902760.79700000,217466877.00062000
1732564800000,239.65000000,241.15000000,231.21000000,234.18000000,932552.35100000,220564239.75897000
1732579200000,234.18000000,239.62000000,233.57000000,237.45000000,581716.01100000,137985498.00148000
1732593600000,237.44000000,239.66000000,234.97000000,235.73000000,429029.64900000,101850704.29336000
1732608000000,235.72000000,236.60000000,221.80000000,227.73000000,1596305.16100000,366668398.25730000
1732622400000,227.73000000,232.64000000,225.81000000,227.36000000,1195646.77300000,273692512.84265000
1732636800000,227.36000000,232.49000000,223.40000000,229.03000000,743026.32700000,169613325.81680000
1732651200000,229.03000000,232.20000000,227.40000000,230.69000000,466897.53500000,107520441.80709000
1732665600000,230.69000000,233.81000000,228.14000000,231.51000000,447197.76500000,103575499.27740000
1732680000000,231.51000000,234.99000000,227.51000000,234.34000000,688861.36000000,159338686.93973000
1732694400000,234.35000000,237.08000000,232.04000000,235.00000000,644926.87200000,151279933.68882000
1732708800000,234.99000000,240.91000000,232.61000000,240.59000000,862990.42600000,204524965.82895000
1732723200000,240.59000000,241.14000000,237.71000000,239.07000000,602868.97800000,144418920.94187000
1732737600000,239.06000000,243.33000000,238.78000000,241.96000000,560438.89600000,135136391.77818000
1732752000000,241.96000000,245.28000000,238.10000000,240.01000000,608824.17900000,147640875.40034000
1732766400000,240.01000000,241.15000000,236.61000000,238.02000000,477551.91300000,113983459.43464000
1732780800000,238.03000000,239.14000000,234.37000000,236.90000000,485457.64800000,114921484.69303000
1732795200000,236.89000000,237.73000000,232.80000000,233.06000000,548113.35700000,128969342.41598000
1732809600000,233.06000000,237.04000000,233.06000000,235.47000000,369360.18600000,87019097.19779000
1732824000000,235.47000000,238.35000000,234.90000000,237.59000000,204725.77700000,48462655.74807000
1732838400000,237.58000000,243.11000000,236.55000000,241.98000000,433940.47200000,104153230.32715000
1732852800000,241.97000000,242.20000000,237.54000000,237.65000000,447424.95700000,107519291.38613000
1732867200000,237.66000000,245.49000000,237.66000000,245.22000000,437609.46400000,105657747.36145000
1732881600000,245.22000000,246.77000000,242.09000000,243.50000000,722253.07300000,176465973.50964000
1732896000000,243.51000000,244.55000000,239.97000000,241.14000000,555307.17800000,134232784.98037000
1732910400000,241.14000000,245.30000000,240.95000000,243.33000000,294270.93500000,71691076.35016000
1732924800000,243.33000000,243.35000000,239.01000000,242.88000000,396034.43600000,95541622.03189000
1732939200000,242.89000000,245.13000000,241.57000000,244.23000000,403145.97000000,98164519.14251000
1732953600000,244.22000000,245.40000000,240.06000000,241.46000000,473016.55500000,114921055.26148000
1732968000000,241.47000000,243.08000000,238.65000000,239.87000000,430330.50500000,103641221.28324000
1732982400000,239.87000000,240.55000000,238.82000000,239.92000000,248706.45500000,59600170.51927000
1732996800000,239.91000000,241.17000000,237.50000000,237.60000000,328022.89500000,78542269.52681000
1733011200000,237.60000000,239.89000000,234.10000000,235.67000000,487475.91600000,115521238.32829000
1733025600000,235.66000000,236.89000000,235.02000000,235.46000000,255635.37900000,60317197.28686000
1733040000000,235.46000000,238.74000000,235.35000000,237.09000000,406584.08400000,96376089.34811000
1733054400000,237.09000000,239.32000000,236.15000000,238.50000000,427256.11000000,101597860.49569000
1733068800000,238.51000000,239.41000000,235.05000000,236.29000000,392769.24700000,93085856.87532000
1733083200000,236.28000000,239.08000000,234.20000000,236.80000000,466152.21800000,110430915.49904000
1733097600000,236.79000000,238.20000000,228.00000000,228.47000000,1055358.25000000,247104459.50404000
1733112000000,228.46000000,230.30000000,225.93000000,228.62000000,1030548.14800000,235242882.96962000
1733126400000,228.62000000,228.80000000,222.84000000,224.77000000,981319.99700000,221149150.96926000
1733140800000,224.78000000,229.60000000,221.61000000,229.21000000,1108682.27100000,250134993.28206000
1733155200000,229.21000000,229.94000000,220.00000000,223.98000000,1072476.23100000,240475720.88260000
1733169600000,223.97000000,225.86000000,221.21000000,225.72000000,619675.37800000,138533570.19624000
1733184000000,225.73000000,229.32000000,223.15000000,227.95000000,891614.97700000,201771095.04026000
1733198400000,227.95000000,230.98000000,225.14000000,226.92000000,794241.93400000,180900808.35333000
1733212800000,226.92000000,228.50000000,222.90000000,225.59000000,637575.45300000,143755472.07528000
1733227200000,225.58000000,226.34000000,215.00000000,223.22000000,1975367.14400000,437121162.49515000
1733241600000,223.21000000,228.43000000,220.27000000,228.16000000,859986.44600000,193053606.61453000
1733256000000,228.16000000,239.60000000,227.73000000,233.92000000,1759818.77400000,412712326.43659000
1733270400000,233.92000000,240.60000000,233.92000000,237.70000000,1034788.87400000,245999967.08105000
1733284800000,237.70000000,241.00000000,235.79000000,236.58000000,577204.70000000,137366615.84162000
1733299200000,236.57000000,237.87000000,235.02000000,235.98000000,578192.38100000,136551170.42697000
1733313600000,235.98000000,236.15000000,229.92000000,233.72000000,868228.62700000,202117817.59106000
1733328000000,233.73000000,234.04000000,224.67000000,232.67000000,1040032.52300000,237885438.52088000
1733342400000,232.68000000,236.23000000,225.78000000,229.15000000,868417.10000000,200714651.09196000
1733356800000,229.15000000,238.59000000,222.95000000,232.93000000,1364017.56100000,315271252.51642000
1733371200000,232.92000000,238.23000000,231.39000000,233.89000000,845891.25800000,198784308.27694000
1733385600000,233.90000000,242.37000000,233.51000000,241.79000000,925690.01600000,219934313.12010000
1733400000000,241.79000000,244.77000000,236.21000000,239.06000000,1532559.65100000,369017355.84118000
1733414400000,239.07000000,242.93000000,232.35000000,233.07000000,1029702.19600000,245305978.24874000
1733428800000,233.08000000,240.65000000,225.00000000,235.84000000,1693689.31100000,395007018.07035000
1733443200000,235.84000000,247.00000000,234.31000000,241.98000000,1489011.60800000,359752173.28765000
1733457600000,241.98000000,242.93000000,237.67000000,239.30000000,518071.44900000,124206845.99109000
1733472000000,239.31000000,240.51000000,233.61000000,234.13000000,667868.64900000,157893609.25294000
1733486400000,234.12000000,240.00000000,230.92000000,238.02000000,1168002.05600000,275101217.53656000
1733500800000,238.01000000,240.43000000,237.04000000,239.70000000,790352.51800000,189019760.97237000
1733515200000,239.70000000,240.73000000,235.34000000,236.87000000,503247.54700000,119786044.11198000
1733529600000,236.87000000,237.44000000,234.12000000,234.86000000,383017.26000000,90325794.09855000
1733544000000,234.86000000,236.59000000,234.32000000,236.21000000,269612.20800000,63494383.03195000
1733558400000,236.21000000,239.36000000,235.01000000,238.15000000,452308.48900000,107553883.11627000
1733572800000,238.15000000,243.20000000,237.17000000,240.84000000,736213.35000000,176852563.30280000
1733587200000,240.85000000,242.54000000,238.88000000,241.67000000,528918.20600000,127552832.63951000
1733601600000,241.67000000,243.61000000,237.83000000,238.14000000,563551.92500000,135800210.44049000
1733616000000,238.14000000,241.51000000,237.60000000,240.66000000,375225.18400000,89963084.28185000
1733630400000,240.67000000,241.07000000,236.60000000,237.60000000,340971.37800000,81233355.87499000
1733644800000,237.60000000,237.78000000,233.22000000,235.96000000,504876.18900000,118781524.46901000
1733659200000,235.95000000,237.64000000,234.47000000,237.35000000,399372.36800000,94346635.65325000
1733673600000,237.34000000,237.68000000,234.09000000,236.51000000,332128.25100000,78353347.44732000
1733688000000,236.51000000,237.75000000,234.60000000,237.02000000,270264.18100000,63778109.10349000
1733702400000,237.02000000,237.28000000,230.17000000,231.83000000,600467.24500000,139850767.77437000
1733716800000,231.82000000,232.80000000,228.11000000,231.59000000,609335.59000000,140763170.06315000
1733731200000,231.59000000,231.82000000,225.29000000,225.99000000,687605.72000000,156364055.27463000
1733745600000,225.99000000,231.76000000,222.89000000,224.29000000,1289855.44600000,292666992.38762000
1733760000000,224.30000000,226.15000000,221.70000000,221.95000000,756941.26900000,169729410.87776000
1733774400000,221.95000000,225.75000000,203.00000000,216.63000000,3447378.43800000,746253813.87148000
1733788800000,216.62000000,221.06000000,206.96000000,215.80000000,1579723.20000000,339170064.22899000
1733803200000,215.79000000,218.74000000,212.14000000,217.34000000,673894.84200000,145576950.17424000
1733817600000,217.33000000,218.59000000,215.08000000,216.21000000,558496.93100000,121206679.83138000
1733832000000,216.21000000,218.60000000,206.27000000,206.55000000,1792172.94100000,382983784.21520000
1733846400000,206.58000000,212.77000000,203.21000000,212.10000000,1829416.34100000,380319988.36411000
1733860800000,212.09000000,216.29000000,211.34000000,213.60000000,585003.47500000,125144481.40154000
1733875200000,213.60000000,219.40000000,211.51000000,219.39000000,1157200.49300000,248590229.40560000
1733889600000,219.39000000,220.32000000,216.90000000,218.44000000,487675.48000000,106777144.29065000
1733904000000,218.45000000,225.41000000,218.31000000,224.79000000,757343.60300000,168632652.12427000
1733918400000,224.78000000,230.29000000,224.06000000,228.38000000,1227630.79000000,278503805.98710000
1733932800000,228.38000000,230.51000000,227.29000000,229.77000000,729220.47100000,166927369.66271000
1733947200000,229.78000000,230.65000000,226.77000000,227.29000000,329413.97100000,75334660.92488000
1733961600000,227.29000000,231.97000000,225.67000000,230.36000000,564657.11300000,128789857.40090000
1733976000000,230.37000000,232.98000000,228.98000000,230.01000000,589396.09200000,135984575.25032000
1733990400000,230.00000000,233.53000000,228.30000000,229.59000000,489415.77200000,112985041.67035000
1734004800000,229.59000000,233.28000000,228.61000000,231.30000000,713361.86600000,164772578.06356000
1734019200000,231.30000000,234.69000000,226.59000000,227.24000000,764584.49500000,176486872.42143000
1734033600000,227.25000000,229.73000000,225.71000000,226.96000000,437688.72900000,99624452.18371000
1734048000000,226.95000000,228.44000000,224.27000000,227.17000000,462297.58500000,104775269.27610000
1734062400000,227.18000000,227.51000000,223.09000000,224.81000000,436732.22100000,98419353.67250000
1734076800000,224.82000000,227.27000000,223.89000000,225.61000000,313522.21200000,70747545.90577000
1734091200000,225.60000000,226.71000000,220.70000000,221.13000000,806287.15400000,180449616.32378000
1734105600000,221.12000000,223.89000000,220.60000000,223.28000000,577586.48100000,128277409.29283000
1734120000000,223.28000000,224.92000000,223.07000000,224.79000000,293101.11800000,65616325.23240000
1734134400000,224.79000000,227.00000000,223.62000000,226.23000000,315834.83200000,71253643.38129000
1734148800000,226.23000000,227.51000000,225.14000000,225.97000000,252162.41500000,57045712.79212000
1734163200000,225.98000000,226.75000000,224.06000000,224.36000000,234050.28500000,52816427.97431000
1734177600000,224.36000000,224.64000000,220.42000000,222.56000000,390030.05500000,86643621.40794000
1734192000000,222.55000000,222.55000000,216.73000000,218.03000000,538423.09500000,118040660.91944000
1734206400000,218.04000000,220.91000000,215.13000000,219.93000000,425153.78900000,92517067.90777000
1734220800000,219.94000000,221.79000000,218.87000000,219.44000000,237204.32600000,52300917.35969000
1734235200000,219.44000000,221.86000000,215.68000000,217.27000000,321325.47500000,70444549.40352000
1734249600000,217.26000000,220.14000000,216.47000000,218.41000000,250492.73600000,54711224.03671000
1734264000000,218.41000000,221.50000000,217.38000000,220.88000000,434467.38000000,95481451.39141000
1734278400000,220.89000000,222.49000000,220.49000000,221.24000000,279372.06100000,61892666.60639000
1734292800000,221.24000000,225.50000000,216.22000000,224.27000000,608046.03100000,134299322.85250000
1734307200000,224.26000000,227.56000000,220.45000000,221.25000000,714254.97000000,160486787.86799000
1734321600000,221.25000000,223.89000000,220.60000000,223.13000000,328578.16200000,73082937.46824000
1734336000000,223.12000000,223.33000000,213.61000000,214.10000000,813002.40200000,177393653.50545000
1734350400000,214.11000000,218.09000000,213.26000000,216.98000000,828831.24000000,178999039.50788000
1734364800000,216.97000000,221.74000000,216.81000000,218.33000000,773070.13700000,169407536.43456000
1734379200000,218.34000000,218.97000000,215.86000000,216.19000000,405672.29000000,88181520.66513000
1734393600000,216.19000000,216.69000000,211.36000000,215.45000000,636926.77900000,136376523.98883000
1734408000000,215.45000000,216.54000000,213.00000000,215.57000000,390459.45100000,83834776.60432000
1734422400000,215.57000000,223.84000000,215.50000000,221.59000000,815531.48300000,180286669.39405000
1734436800000,221.60000000,227.55000000,217.00000000,220.53000000,1459005.94900000,325001547.98720000
1734451200000,220.53000000,228.95000000,219.86000000,227.45000000,1197008.00000000,270972649.96910000
1734465600000,227.46000000,228.60000000,221.65000000,223.15000000,678805.08600000,152519227.62558000
1734480000000,223.16000000,226.04000000,217.13000000,217.50000000,790234.64100000,174664609.52150000
1734494400000,217.50000000,218.30000000,213.55000000,215.91000000,730731.19500000,157835889.06637000
1734508800000,215.92000000,218.94000000,215.31000000,217.85000000,490241.56900000,106351124.90033000
1734523200000,217.85000000,218.78000000,214.64000000,217.73000000,669104.73800000,145034415.27465000
1734537600000,217.73000000,218.34000000,211.68000000,211.69000000,809950.02500000,174586068.92281000
1734552000000,211.68000000,212.80000000,204.80000000,206.53000000,2075664.39500000,432837674.73941000
1734566400000,206.53000000,209.27000000,199.39000000,208.84000000,1467696.23500000,300000830.33536000
1734580800000,208.85000000,212.14000000,207.23000000,211.81000000,474502.43600000,99471927.00701000
1734595200000,211.82000000,211.82000000,207.82000000,210.48000000,493751.11100000,103614057.46576000
1734609600000,210.47000000,211.09000000,202.40000000,205.44000000,916062.49400000,189357721.25773000
1734624000000,205.44000000,206.92000000,187.00000000,191.88000000,2673643.57600000,522646947.24646000
1734638400000,191.88000000,198.14000000,187.64000000,193.81000000,1376994.03400000,266707488.13791000
1734652800000,193.82000000,199.81000000,191.70000000,196.36000000,854901.74800000,167600902.62247000
1734667200000,196.37000000,197.40000000,188.11000000,191.37000000,905679.58000000,174928211.89352000
1734681600000,191.36000000,191.59000000,175.26000000,176.01000000,3711774.89300000,674240956.44621000
1734696000000,176.02000000,191.27000000,175.83000000,189.89000000,2390741.13600000,443778908.44677000
1734710400000,189.89000000,193.16000000,188.29000000,191.63000000,1003012.38800000,191626139.33738000
1734724800000,191.63000000,194.78000000,187.91000000,194.48000000,927273.92300000,177585635.84945000
1734739200000,194.48000000,196.69000000,193.05000000,194.28000000,528147.44500000,102831012.63293000
1734753600000,194.29000000,201.98000000,194.20000000,198.81000000,699382.87600000,138735809.47150000
1734768000000,198.80000000,198.97000000,192.20000000,192.94000000,637078.81900000,124544787.15118000
1734782400000,192.93000000,193.10000000,183.21000000,186.65000000,1638530.18200000,305695955.39643000
1734796800000,186.65000000,187.50000000,178.30000000,181.52000000,968865.50200000,176895350.67992000
1734811200000,181.51000000,183.39000000,178.72000000,181.45000000,771567.79300000,139698405.71872000
1734825600000,181.46000000,183.95000000,179.96000000,182.56000000,634879.22700000,115653932.18106000
1734840000000,182.55000000,184.81000000,177.88000000,184.32000000,657457.80400000,119230428.00242000
1734854400000,184.31000000,186.98000000,183.71000000,186.69000000,432240.98600000,80246890.01306000
1734868800000,186.69000000,187.87000000,179.03000000,181.87000000,693725.91700000,126921041.49601000
1734883200000,181.88000000,184.05000000,177.85000000,178.49000000,559463.02800000,101511742.60405000
1734897600000,178.50000000,182.41000000,176.88000000,180.52000000,595602.01000000,107102946.65905000
1734912000000,180.53000000,187.38000000,176.48000000,186.24000000,1037423.94700000,187581288.74366000
1734926400000,186.24000000,187.73000000,179.91000000,182.25000000,606463.68000000,111385466.88017000
1734940800000,182.24000000,186.67000000,181.74000000,183.59000000,459780.73000000,84916855.19790000
1734955200000,183.59000000,185.76000000,180.73000000,180.87000000,686549.87800000,125867441.27799000
1734969600000,180.87000000,189.66000000,180.74000000,187.43000000,689750.40300000,127857359.97022000
1734984000000,187.43000000,193.48000000,186.73000000,190.11000000,737695.39200000,140763063.39440000
1734998400000,190.12000000,190.41000000,186.13000000,189.97000000,375780.84900000,70875676.42629000
1735012800000,189.97000000,191.96000000,189.29000000,191.51000000,257323.34300000,49105720.11233000
1735027200000,191.51000000,193.98000000,190.56000000,192.95000000,407272.05600000,78322347.57865000
1735041600000,192.95000000,199.00000000,191.28000000,197.79000000,733727.35800000,143269662.31379000
1735056000000,197.79000000,198.64000000,194.99000000,195.25000000,654307.13200000,128569451.75487000
1735070400000,195.25000000,198.00000000,193.35000000,197.09000000,281166.93400000,55038845.06137000
1735084800000,197.09000000,201.85000000,196.40000000,199.87000000,513957.07900000,102605085.09525000
1735099200000,199.86000000,200.59000000,197.69000000,198.13000000,265967.18800000,52957697.49666000
1735113600000,198.14000000,200.54000000,195.00000000,195.79000000,389010.51900000,77000836.50871000
1735128000000,195.80000000,199.45000000,195.05000000,198.27000000,302283.38600000,59609495.19325000
1735142400000,198.26000000,199.45000000,196.00000000,199.25000000,228659.45400000,45256697.72544000
1735156800000,199.25000000,200.13000000,195.61000000,197.44000000,258766.86100000,51111867.66623000
1735171200000,197.45000000,199.71000000,195.71000000,196.62000000,355191.70400000,70135005.42933000
1735185600000,196.61000000,196.61000000,193.35000000,193.43000000,361587.90300000,70368647.84078000
1735200000000,193.43000000,193.84000000,188.23000000,189.80000000,485546.14900000,92268516.58713000
1735214400000,189.81000000,190.16000000,187.57000000,188.70000000,311724.89200000,58906346.65046000
1735228800000,188.70000000,190.97000000,187.40000000,189.17000000,274392.55300000,51870679.14285000
1735243200000,189.16000000,190.05000000,186.54000000,188.46000000,257122.89900000,48462008.96416000
1735257600000,188.46000000,190.50000000,187.28000000,189.44000000,262123.46300000,49595029.87586000
1735272000000,189.45000000,191.17000000,185.58000000,186.67000000,305766.83900000,57756124.30190000
1735286400000,186.67000000,194.39000000,186.65000000,191.32000000,484388.58100000,92750296.91365000
1735300800000,191.31000000,191.42000000,183.30000000,184.13000000,398186.84000000,74524907.20733000
1735315200000,184.12000000,187.33000000,182.74000000,186.90000000,277037.89800000,51295512.70489000
1735329600000,186.90000000,187.00000000,183.13000000,184.22000000,219006.02400000,40480224.63490000
1735344000000,184.22000000,186.01000000,183.82000000,185.03000000,183303.24500000,33907562.41958000
1735358400000,185.03000000,186.32000000,184.26000000,185.13000000,172811.41500000,32031799.05980000
1735372800000,185.13000000,187.36000000,185.00000000,187.19000000,183668.43000000,34210588.83645000
1735387200000,187.19000000,191.30000000,186.50000000,190.18000000,326507.09700000,61731702.22990000
1735401600000,190.19000000,195.35000000,189.64000000,193.76000000,348568.00700000,67426259.57765000
1735416000000,193.76000000,196.10000000,192.71000000,195.50000000,279989.67300000,54417261.54224000
1735430400000,195.50000000,195.70000000,192.42000000,194.78000000,261346.13200000,50608338.86611000
1735444800000,194.79000000,197.37000000,194.07000000,196.04000000,226220.92700000,44211367.72158000
1735459200000,196.03000000,197.34000000,194.88000000,196.09000000,216117.18700000,42381192.75845000
1735473600000,196.10000000,197.71000000,192.91000000,195.14000000,336831.56600000,65706695.87789000
1735488000000,195.15000000,195.48000000,192.16000000,192.71000000,217764.29500000,42112990.70504000
1735502400000,192.71000000,192.81000000,188.57000000,189.94000000,301909.91200000,57530450.48628000
1735516800000,189.94000000,194.40000000,189.08000000,191.38000000,332906.43500000,63967028.91258000
1735531200000,191.37000000,193.73000000,189.58000000,192.36000000,245144.78400000,46952546.01618000
1735545600000,192.37000000,194.14000000,191.52000000,193.51000000,249320.98000000,48142462.11898000
1735560000000,193.52000000,194.82000000,185.99000000,187.32000000,596411.93900000,112974597.40576000
1735574400000,187.32000000,196.30000000,185.89000000,196.21000000,593100.56100000,113727974.52767000
1735588800000,196.20000000,196.47000000,189.10000000,191.38000000,399100.78900000,76627990.39620000
1735603200000,191.37000000,192.05000000,188.33000000,189.96000000,282814.54600000,53716871.96473000
1735617600000,189.95000000,190.77000000,188.04000000,190.07000000,283226.20600000,53624011.38189000
1735632000000,190.07000000,194.96000000,190.00000000,193.79000000,448946.09700000,86673145.86902000
1735646400000,193.80000000,198.76000000,193.01000000,198.44000000,595922.95600000,117008942.14259000
1735660800000,198.44000000,199.27000000,193.22000000,193.81000000,460862.38000000,90532991.90772000
1735675200000,193.81000000,194.82000000,189.20000000,189.31000000,390206.07700000,74895113.40003000
1735689600000,189.31000000,192.66000000,189.08000000,190.43000000,300383.87900000,57398615.66134000
1735704000000,190.42000000,190.62000000,189.32000000,190.06000000,200370.13800000,38057595.36962000
1735718400000,190.06000000,191.86000000,188.00000000,191.36000000,282560.94200000,53644575.44455000
1735732800000,191.35000000,192.15000000,189.14000000,191.91000000,303578.95900000,57896196.04260000
1735747200000,191.91000000,193.91000000,189.25000000,193.10000000,292988.47200000,56082427.83940000
1735761600000,193.10000000,195.33000000,193.10000000,194.28000000,275277.71200000,53479021.34948000
1735776000000,194.28000000,199.70000000,193.43000000,198.54000000,596298.24000000,117780185.72937000
1735790400000,198.55000000,206.89000000,198.54000000,205.91000000,818936.96500000,167175465.47880000
1735804800000,205.91000000,208.88000000,205.66000000,208.51000000,492598.55500000,102023055.52721000
1735819200000,208.52000000,210.48000000,205.45000000,206.77000000,692607.42500000,144033445.88986000
1735833600000,206.77000000,209.07000000,204.67000000,206.69000000,397816.10600000,82263373.13959000
1735848000000,206.69000000,208.44000000,205.20000000,208.31000000,226666.69100000,46894886.83417000
1735862400000,208.30000000,208.45000000,205.63000000,208.05000000,285439.78900000,59102303.34890000
1735876800000,208.05000000,210.00000000,207.09000000,207.95000000,385288.93500000,80333062.92618000
1735891200000,207.95000000,215.18000000,207.60000000,214.51000000,785327.58400000,166316613.98103000
1735905600000,214.52000000,218.70000000,212.09000000,217.36000000,855675.83400000,184322726.60492000
1735920000000,217.37000000,219.83000000,216.46000000,217.10000000,608719.34300000,132625810.48224000
1735934400000,217.10000000,218.04000000,215.81000000,217.99000000,330635.07100000,71670018.67909000
1735948800000,218.00000000,218.18000000,215.67000000,216.97000000,409005.05000000,88711191.22193000
1735963200000,216.97000000,217.96000000,215.58000000,216.71000000,300841.33700000,65253660.84385000
1735977600000,216.70000000,216.73000000,214.40000000,216.45000000,307779.92500000,66401398.01218000
1735992000000,216.46000000,217.66000000,213.54000000,214.32000000,517489.08200000,111733495.33568000
1736006400000,214.31000000,215.96000000,213.73000000,215.58000000,213635.31300000,45930339.31610000
1736020800000,215.58000000,217.27000000,215.41000000,216.67000000,194960.68300000,42170242.21269000
1736035200000,216.67000000,218.99000000,215.27000000,217.96000000,446040.44500000,96804546.92282000
1736049600000,217.96000000,219.05000000,215.97000000,216.47000000,299171.90100000,65032734.88383000
1736064000000,216.47000000,216.57000000,212.91000000,213.93000000,332411.75500000,71227136.87873000
1736078400000,213.94000000,214.61000000,211.61000000,213.59000000,528394.80100000,112580130.98773000
1736092800000,213.58000000,214.29000000,211.46000000,212.79000000,293290.11600000,62396705.85633000
1736107200000,212.79000000,214.54000000,212.54000000,213.41000000,201731.52700000,43089439.04720000
1736121600000,213.41000000,216.99000000,211.56000000,215.61000000,407522.33100000,87455064.50764000
1736136000000,215.61000000,216.90000000,213.90000000,215.22000000,357605.37200000,77011170.01283000
1736150400000,215.22000000,216.27000000,213.23000000,216.26000000,283782.47600000,60943354.58959000
1736164800000,216.26000000,222.14000000,215.77000000,221.62000000,920232.20800000,201865757.17988000
1736179200000,221.62000000,223.18000000,217.34000000,220.00000000,618459.48800000,136166137.34206000
1736193600000,220.00000000,220.44000000,217.55000000,218.22000000,267760.98300000,58486950.29215000
1736208000000,218.22000000,219.11000000,216.23000000,217.34000000,332023.17700000,72246126.48348000
1736222400000,217.35000000,217.45000000,215.49000000,216.04000000,267074.14400000,57776026.42189000
1736236800000,216.04000000,216.77000000,212.88000000,214.06000000,497502.63400000,106998803.72938000
1736251200000,214.07000000,214.36000000,205.36000000,207.76000000,1416679.79600000,297239929.20852000
1736265600000,207.76000000,209.09000000,203.52000000,204.56000000,746652.76200000,154111246.22556000
1736280000000,204.56000000,204.99000000,201.80000000,202.17000000,482365.77100000,98149381.81238000
1736294400000,202.17000000,203.28000000,196.71000000,198.67000000,811404.52200000,162609566.67839000
1736308800000,198.68000000,199.57000000,193.14000000,195.71000000,897448.31400000,176142860.03124000
1736323200000,195.71000000,198.00000000,194.45000000,195.50000000,644966.99800000,126965744.24873000
1736337600000,195.51000000,199.57000000,194.86000000,197.80000000,674808.36500000,133144133.58416000
1736352000000,197.80000000,197.97000000,188.34000000,194.32000000,1060441.48700000,204944818.03982000
1736366400000,194.31000000,198.30000000,193.67000000,197.48000000,357760.54400000,70106091.16579000
1736380800000,197.48000000,199.06000000,194.15000000,194.35000000,433836.76300000,85354438.76644000
1736395200000,194.35000000,195.55000000,189.76000000,190.11000000,482716.97900000,93021196.78037000
1736409600000,190.11000000,192.83000000,189.12000000,191.18000000,434027.69800000,82908380.47588000
1736424000000,191.17000000,193.07000000,185.07000000,192.22000000,993576.04100000,187441280.72715000
1736438400000,192.22000000,192.81000000,185.72000000,185.89000000,525562.21300000,99370539.56135000
1736452800000,185.90000000,187.59000000,182.00000000,184.95000000,737427.49900000,136249077.91309000
1736467200000,184.96000000,189.56000000,184.95000000,189.14000000,432214.29700000,81017815.71957000
1736481600000,189.14000000,193.02000000,188.38000000,191.78000000,516491.01300000,98385914.72970000
1736496000000,191.77000000,192.87000000,191.13000000,191.97000000,507468.75600000,97463114.19196000
1736510400000,191.98000000,192.18000000,183.51000000,187.28000000,1220525.02700000,228612655.13933000
1736524800000,187.28000000,192.07000000,183.85000000,190.22000000,675075.97700000,127139459.47671000
1736539200000,190.22000000,190.50000000,186.71000000,187.68000000,291117.01200000,54734843.06036000
1736553600000,187.69000000,188.79000000,185.61000000,186.37000000,322477.37300000,60318240.92782000
1736568000000,186.37000000,187.20000000,185.04000000,186.24000000,305434.03700000,56806557.68099000
1736582400000,186.24000000,186.88000000,184.01000000,186.69000000,712008.85900000,131892783.79817000
1736596800000,186.69000000,188.25000000,185.87000000,186.95000000,320258.80700000,59889128.40652000
1736611200000,186.96000000,187.99000000,185.66000000,187.75000000,207932.70700000,38847438.73283000
1736625600000,187.74000000,191.91000000,187.49000000,188.09000000,336374.27300000,63779054.61464000
1736640000000,188.09000000,188.60000000,186.54000000,187.31000000,207032.08900000,38812628.59120000
1736654400000,187.31000000,187.50000000,185.60000000,186.57000000,180009.04100000,33594381.19669000
1736668800000,186.57000000,186.99000000,185.17000000,186.68000000,184152.34200000,34265213.49687000
1736683200000,186.68000000,191.00000000,186.17000000,190.45000000,302015.11400000,56972805.50934000
1736697600000,190.45000000,190.76000000,188.63000000,188.90000000,244077.75600000,46296955.90356000
1736712000000,188.90000000,189.98000000,186.59000000,188.51000000,213630.79300000,40167420.88793000
1736726400000,188.50000000,191.99000000,184.21000000,185.03000000,562485.33400000,105690808.88421000
1736740800000,185.02000000,186.98000000,181.50000000,182.46000000,495409.91300000,91017384.55912000
1736755200000,182.46000000,182.53000000,175.23000000,175.41000000,1194661.18700000,213802142.27768000
1736769600000,175.41000000,180.34000000,168.88000000,178.80000000,2001562.69600000,351727302.75893000
1736784000000,178.81000000,179.81000000,174.45000000,177.60000000,769065.43300000,136163689.29284000
1736798400000,177.60000000,183.81000000,176.61000000,182.87000000,646741.05000000,117250561.80053000
1736812800000,182.86000000,184.63000000,181.88000000,184.19000000,484091.84500000,88656699.79049000
1736827200000,184.20000000,186.91000000,184.20000000,185.61000000,368483.76900000,68404123.14045000
1736841600000,185.61000000,190.09000000,185.60000000,187.06000000,551061.88500000,103591345.36097000
1736856000000,187.05000000,190.11000000,184.69000000,186.85000000,674968.35900000,126489704.24875000
1736870400000,186.85000000,187.91000000,185.72000000,187.08000000,427393.87300000,79775851.37624000
1736884800000,187.08000000,188.81000000,185.82000000,187.57000000,231355.33300000,43340865.79558000
1736899200000,187.57000000,189.74000000,187.03000000,189.73000000,358905.82700000,67489394.82918000
1736913600000,189.73000000,190.77000000,188.35000000,190.00000000,285611.25400000,54135968.57616000
1736928000000,189.99000000,190.70000000,185.84000000,186.98000000,406200.02600000,76329801.52879000
1736942400000,186.98000000,198.03000000,185.99000000,196.52000000,1295869.18000000,250968550.27227000
1736956800000,196.52000000,202.35000000,196.43000000,201.90000000,705589.87400000,140596518.15530000
1736971200000,201.90000000,206.04000000,201.89000000,205.86000000,716434.41900000,145944811.46734000
1736985600000,205.86000000,206.29000000,201.36000000,201.99000000,523044.45000000,106506055.80451000
1737000000000,201.98000000,203.50000000,201.46000000,203.14000000,253830.60400000,51405738.82383000
1737014400000,203.15000000,212.98000000,198.47000000,212.78000000,1076998.37100000,220629627.90326000
1737028800000,212.77000000,217.14000000,205.36000000,209.07000000,2243710.68900000,474459679.21794000
1737043200000,209.07000000,215.44000000,208.83000000,214.19000000,1137533.38600000,242597711.12693000
1737057600000,214.20000000,214.54000000,208.53000000,211.14000000,475138.15700000,100538746.95762000
1737072000000,211.15000000,215.35000000,209.84000000,211.10000000,593063.20300000,126230339.88213000
1737086400000,211.10000000,213.83000000,210.94000000,213.27000000,420155.71700000,89374049.60594000
1737100800000,213.27000000,219.70000000,213.22000000,218.77000000,841428.75000000,182267924.92979000
1737115200000,218.77000000,222.11000000,216.39000000,218.60000000,1242379.46100000,272985675.21585000
1737129600000,218.60000000,221.93000000,215.66000000,217.16000000,643975.95700000,140705663.06242000
1737144000000,217.17000000,221.22000000,216.46000000,219.51000000,643469.75000000,140962618.60449000
1737158400000,219.52000000,228.80000000,217.29000000,220.47000000,1777777.77800000,396679624.12332000
1737172800000,220.47000000,238.15000000,219.85000000,232.89000000,4459351.33300000,1028311473.11235000
1737187200000,232.89000000,245.00000000,230.75000000,238.95000000,3331213.69200000,798362395.10963000
1737201600000,238.95000000,260.00000000,238.91000000,257.75000000,3192526.15600000,786913433.57690000
1737216000000,257.75000000,270.67000000,242.51000000,255.35000000,5468270.00100000,1394199570.51542000
1737230400000,255.35000000,264.68000000,247.22000000,261.97000000,1742842.62000000,445013994.21436000
1737244800000,261.97000000,265.00000000,252.08000000,255.60000000,1702621.16900000,438535083.32197000
1737259200000,255.60000000,277.99000000,254.17000000,271.53000000,4419693.79200000,1192848810.66238000
1737273600000,271.52000000,295.83000000,266.28000000,286.24000000,6221741.09000000,1742985005.28358000
1737288000000,286.23000000,289.72000000,262.95000000,270.58000000,4324670.28500000,1196081219.94236000
1737302400000,270.58000000,275.41000000,264.04000000,269.50000000,1583882.29100000,427323953.21937000
1737316800000,269.50000000,278.43000000,236.68000000,252.42000000,6799058.97300000,1736184559.55165000
1737331200000,252.40000000,252.76000000,229.44000000,241.38000000,4943604.55900000,1196293561.31970000
1737345600000,241.38000000,264.30000000,239.00000000,261.90000000,3270310.51600000,825165728.48918000
1737360000000,261.91000000,273.29000000,256.64000000,260.60000000,2305897.42500000,608950634.31458000
1737374400000,260.60000000,261.74000000,249.91000000,254.06000000,1997796.98500000,509761174.84348000
1737388800000,254.07000000,256.77000000,232.07000000,246.26000000,3268470.71300000,805849899.26783000
1737403200000,246.27000000,250.99000000,241.51000000,242.19000000,1093495.36300000,269720224.73686000
1737417600000,242.18000000,245.21000000,232.10000000,237.86000000,1804666.69300000,428386971.79522000
1737432000000,237.87000000,239.15000000,230.00000000,236.84000000,1311050.38300000,308311989.36755000
1737446400000,236.83000000,242.15000000,235.59000000,239.44000000,1166623.96500000,278626040.23955000
1737460800000,239.44000000,244.84000000,235.77000000,240.92000000,1246259.89400000,299631820.44093000
1737475200000,240.92000000,260.06000000,239.79000000,253.41000000,1506736.69700000,378597264.13393000
1737489600000,253.41000000,255.99000000,246.69000000,250.33000000,847399.62500000,213512290.80058000
1737504000000,250.33000000,256.97000000,248.43000000,254.11000000,727096.05500000,183744142.62949000
1737518400000,254.11000000,259.78000000,252.40000000,258.51000000,786417.30200000,201401166.49582000
1737532800000,258.51000000,258.94000000,252.22000000,257.76000000,613638.27500000,156541477.80526000
1737547200000,257.75000000,264.98000000,254.48000000,257.30000000,1468496.89500000,381013408.90904000
1737561600000,257.31000000,266.31000000,253.22000000,265.29000000,1123495.79200000,290895075.54367000
1737576000000,265.29000000,272.03000000,255.64000000,257.36000000,1504283.29700000,398867255.29541000
1737590400000,257.37000000,258.48000000,246.38000000,248.85000000,1002455.20400000,252083314.59555000
1737604800000,248.84000000,250.71000000,245.02000000,249.53000000,663669.15500000,164814760.90316000
1737619200000,249.52000000,249.92000000,242.33000000,244.19000000,654669.23700000,160930558.24645000
1737633600000,244.19000000,254.76000000,242.19000000,249.39000000,1651199.11300000,409825689.73054000
1737648000000,249.40000000,256.32000000,245.27000000,246.84000000,985709.88700000,247803562.52386000
1737662400000,246.84000000,258.38000000,243.62000000,253.11000000,1845060.12700000,462871374.28026000
1737676800000,253.12000000,256.46000000,247.18000000,252.23000000,823363.85800000,207112538.18151000
1737691200000,252.23000000,264.44000000,250.60000000,259.70000000,1099152.26500000,285318899.55471000
1737705600000,259.70000000,267.34000000,259.68000000,266.82000000,894766.51000000,236517110.03565000
1737720000000,266.83000000,270.18000000,260.84000000,262.28000000,1028557.94800000,273662939.07130000
1737734400000,262.28000000,265.49000000,260.45000000,262.06000000,516069.25400000,135808022.86754000
1737748800000,262.06000000,262.39000000,252.74000000,253.37000000,852384.73400000,219517637.36695000
1737763200000,253.36000000,253.71000000,248.08000000,252.74000000,779460.05600000,195437795.63478000
1737777600000,252.73000000,252.74000000,246.49000000,247.28000000,654188.15300000,162612708.83244000
1737792000000,247.27000000,250.78000000,246.33000000,249.97000000,558270.81000000,138733762.49064000
1737806400000,249.97000000,254.70000000,248.25000000,253.68000000,540860.56700000,135834732.91560000
1737820800000,253.68000000,260.78000000,253.08000000,258.50000000,770950.30700000,198106298.70262000
1737835200000,258.49000000,259.75000000,255.59000000,256.41000000,400259.40800000,103326719.64295000
1737849600000,256.40000000,259.96000000,253.58000000,258.42000000,495989.21400000,127160630.20053000
1737864000000,258.43000000,260.16000000,257.36000000,258.95000000,329320.15500000,85207452.22756000
1737878400000,258.95000000,258.95000000,252.79000000,255.59000000,398760.58300000,101766442.90757000
1737892800000,255.58000000,257.55000000,253.32000000,254.58000000,410981.14100000,104932077.23808000
1737907200000,254.59000000,258.00000000,253.83000000,256.28000000,292138.02000000,74826440.39976000
1737921600000,256.29000000,256.63000000,240.32000000,240.50000000,1100826.41100000,272595847.41149000
1737936000000,240.49000000,242.68000000,232.88000000,235.80000000,1695886.27300000,401869917.17435000
1737950400000,235.81000000,235.81000000,221.71000000,227.53000000,1931884.11300000,441486527.89460000
1737964800000,227.52000000,227.99000000,220.89000000,225.85000000,1123592.72800000,252997920.01793000
1737979200000,225.84000000,237.67000000,223.71000000,233.66000000,1670740.65500000,388763137.90929000
1737993600000,233.67000000,235.90000000,223.92000000,226.53000000,1799482.60500000,410467924.01722000
1738008000000,226.54000000,237.90000000,226.48000000,234.89000000,695034.46800000,162441529.43060000
1738022400000,234.90000000,237.80000000,233.06000000,236.69000000,493190.10800000,116236134.08770000
1738036800000,236.68000000,244.00000000,236.66000000,238.74000000,703484.20800000,169253918.20454000
1738051200000,238.74000000,239.72000000,235.32000000,238.25000000,396489.68900000,94330273.14038000
1738065600000,238.25000000,240.23000000,233.75000000,237.49000000,645380.63300000,152953138.39785000
1738080000000,237.49000000,237.78000000,230.30000000,232.19000000,574850.59800000,134444365.65912000
1738094400000,232.20000000,232.60000000,225.01000000,227.06000000,670054.85100000,152466724.57461000
1738108800000,227.06000000,232.00000000,226.79000000,231.20000000,344250.45000000,79048856.98802000
1738123200000,231.20000000,234.78000000,229.83000000,234.41000000,301325.23300000,69960929.47967000
1738137600000,234.42000000,235.90000000,230.14000000,231.99000000,299006.61300000,69549170.28094000
1738152000000,231.98000000,232.03000000,226.00000000,228.40000000,604067.51500000,137855195.49112000
1738166400000,228.41000000,236.12000000,222.63000000,231.68000000,1359642.65100000,311915136.61629000
1738180800000,231.68000000,238.49000000,227.61000000,228.16000000,935901.37600000,218650604.28133000
1738195200000,228.16000000,241.01000000,226.84000000,240.24000000,733229.26700000,171971315.88218000
1738209600000,240.25000000,242.13000000,237.20000000,238.90000000,648069.72700000,155654025.91677000
1738224000000,238.90000000,241.94000000,238.01000000,241.77000000,383272.85200000,92135944.63300000
1738238400000,241.77000000,244.70000000,239.11000000,241.09000000,712173.92200000,172041112.00810000
1738252800000,241.08000000,243.42000000,238.72000000,241.13000000,486005.19000000,117090688.85447000
1738267200000,241.14000000,242.20000000,238.30000000,238.31000000,378515.01500000,90873656.40878000
1738281600000,238.30000000,239.19000000,235.13000000,235.95000000,417851.74900000,99099203.49110000
1738296000000,235.95000000,238.41000000,234.92000000,235.73000000,240051.31500000,56843274.10627000
1738310400000,235.73000000,239.05000000,234.19000000,238.76000000,465802.41000000,109974754.85814000
1738324800000,238.77000000,241.82000000,236.05000000,240.09000000,703507.60900000,168421797.86906000
1738339200000,240.10000000,240.18000000,230.17000000,230.52000000,711126.27000000,166895852.51588000
1738353600000,230.51000000,231.86000000,228.24000000,231.77000000,403826.21400000,92836807.80698000
1738368000000,231.77000000,236.46000000,230.61000000,231.46000000,449454.29600000,104525028.00245000
1738382400000,231.47000000,233.08000000,230.00000000,230.68000000,177240.93600000,41040835.35308000
1738396800000,230.67000000,230.93000000,226.29000000,228.11000000,417385.94100000,95214841.57238000
1738411200000,228.10000000,229.53000000,224.83000000,226.38000000,481443.38000000,109355996.61740000
1738425600000,226.38000000,227.66000000,220.86000000,221.75000000,383407.86700000,86104622.96087000
1738440000000,221.76000000,221.76000000,212.74000000,213.03000000,940816.23000000,203943144.47875000
1738454400000,213.03000000,218.90000000,206.83000000,207.11000000,981358.92900000,209144570.74814000
1738468800000,207.11000000,214.08000000,206.74000000,211.78000000,762187.95700000,160799178.92166000
1738483200000,211.77000000,215.79000000,207.71000000,208.68000000,632307.73400000,134114030.30533000
1738497600000,208.67000000,214.19000000,208.24000000,212.07000000,625738.95400000,132201835.49095000
1738512000000,212.06000000,212.13000000,195.00000000,203.54000000,2317261.69200000,469595652.82478000
1738526400000,203.53000000,206.78000000,192.31000000,203.51000000,1936645.06700000,390488557.44952000
1738540800000,203.52000000,203.89000000,175.89000000,197.92000000,5016897.62900000,956909604.25415000
1738555200000,197.92000000,199.97000000,189.27000000,199.09000000,1445560.26300000,281805386.56544000
1738569600000,199.09000000,202.15000000,193.38000000,198.74000000,1367106.37100000,270395538.86477000
1738584000000,198.74000000,210.00000000,189.90000000,207.02000000,2581912.42500000,516183543.18438000
1738598400000,207.01000000,215.27000000,203.61000000,215.20000000,1317827.50000000,275468892.59481000
1738612800000,215.19000000,218.70000000,209.89000000,216.28000000,1107666.07700000,237559137.57389000
1738627200000,216.27000000,219.97000000,213.89000000,215.48000000,652129.03300000,141396041.92493000
1738641600000,215.48000000,216.08000000,201.87000000,204.23000000,1393539.96600000,288532211.84827000
1738656000000,204.22000000,210.80000000,202.43000000,207.67000000,751118.20400000,154942198.43093000
1738670400000,207.67000000,216.74000000,207.67000000,215.65000000,1074095.20500000,228326034.57172000
1738684800000,215.65000000,218.35000000,208.27000000,208.29000000,991416.18800000,212795042.95470000
1738699200000,208.29000000,210.49000000,202.52000000,206.64000000,1161895.79100000,239065015.73447000
1738713600000,206.64000000,209.39000000,205.11000000,207.38000000,483143.03400000,100049768.59671000
1738728000000,207.38000000,208.32000000,203.54000000,205.07000000,404922.44800000,83121995.00032000
1738742400000,205.06000000,206.94000000,202.92000000,206.33000000,377347.79900000,77338715.14512000
1738756800000,206.32000000,207.62000000,201.42000000,201.77000000,569999.38400000,116833476.10702000
1738771200000,201.76000000,202.12000000,196.42000000,199.56000000,899147.82800000,178949929.52236000
1738785600000,199.56000000,200.67000000,195.14000000,196.12000000,420241.54400000,83130801.30339000
1738800000000,196.12000000,201.27000000,195.93000000,200.71000000,353973.63900000,70406610.63202000
1738814400000,200.71000000,203.98000000,200.27000000,202.00000000,624228.00100000,126469586.75592000
1738828800000,202.00000000,202.93000000,198.66000000,200.26000000,309073.48400000,62235855.18653000
1738843200000,200.27000000,200.65000000,190.52000000,191.23000000,751294.29300000,147174157.15090000
1738857600000,191.23000000,192.95000000,188.36000000,189.90000000,790564.32700000,150545082.17482000
1738872000000,189.91000000,194.66000000,187.39000000,189.54000000,615633.40300000,117579935.32226000
1738886400000,189.53000000,195.87000000,189.18000000,193.31000000,654145.61700000,125982095.35492000
1738900800000,193.30000000,195.36000000,189.02000000,192.54000000,418918.36700000,80571228.70925000
1738915200000,192.54000000,198.66000000,191.69000000,198.47000000,465203.27400000,91203369.60865000
1738929600000,198.47000000,203.42000000,195.84000000,198.07000000,1340794.29900000,267302918.02095000
1738944000000,198.08000000,199.15000000,194.62000000,195.44000000,534240.03400000,105174454.15489000
1738958400000,195.44000000,195.64000000,188.12000000,191.99000000,512295.18200000,97759657.97693000
1738972800000,192.00000000,194.34000000,191.38000000,192.98000000,329062.38800000,63475956.91790000
1738987200000,192.98000000,193.34000000,189.81000000,192.79000000,309755.50400000,59283200.58013000
1739001600000,192.79000000,194.99000000,191.65000000,194.39000000,273834.17700000,52969819.40505000
1739016000000,194.39000000,196.45000000,192.74000000,193.41000000,365749.78000000,71113544.09724000
1739030400000,193.42000000,198.40000000,193.20000000,196.90000000,407289.94900000,79749388.74591000
1739044800000,196.89000000,200.88000000,196.74000000,199.32000000,281904.95400000,56025714.69058000
1739059200000,199.32000000,207.00000000,198.52000000,206.95000000,503666.49100000,101891541.75934000
1739073600000,206.95000000,207.37000000,203.80000000,203.96000000,447511.43700000,91848365.65586000
1739088000000,203.96000000,204.58000000,201.22000000,201.44000000,395010.63400000,80008870.28437000
1739102400000,201.44000000,203.05000000,196.44000000,200.70000000,586084.55700000,117016671.48333000
1739116800000,200.70000000,202.24000000,197.81000000,199.08000000,269886.79400000,54125522.52327000
1739131200000,199.07000000,203.00000000,193.53000000,200.47000000,676978.54700000,133433841.39045000
1739145600000,200.47000000,205.10000000,195.85000000,201.97000000,950196.09900000,190593220.56820000
1739160000000,201.97000000,204.60000000,199.95000000,202.77000000,686800.00000000,139068883.58578000
1739174400000,202.77000000,205.97000000,202.56000000,204.50000000,598303.09600000,122353039.20992000
1739188800000,204.50000000,209.05000000,201.48000000,203.07000000,938392.15700000,192601120.79425000
1739203200000,203.07000000,204.41000000,201.03000000,201.37000000,504649.56600000,102480631.76013000
1739217600000,201.36000000,203.00000000,199.27000000,200.47000000,362499.63000000,72824309.09545000
1739232000000,200.47000000,204.66000000,199.94000000,201.11000000,738179.62600000,149206830.23277000
1739246400000,201.11000000,206.18000000,201.04000000,204.39000000,977810.06300000,199502809.95473000
1739260800000,204.39000000,205.95000000,201.20000000,203.40000000,683735.41200000,139253956.39153000
1739275200000,203.39000000,203.40000000,197.80000000,199.47000000,729499.57000000,145971524.81133000
1739289600000,199.47000000,200.12000000,195.12000000,195.65000000,410134.51400000,80977298.90485000
1739304000000,195.65000000,199.49000000,195.52000000,197.96000000,390879.15000000,77270313.40235000
1739318400000,197.95000000,198.56000000,193.85000000,194.33000000,354024.06100000,69458313.90530000
1739332800000,194.33000000,196.24000000,193.13000000,195.19000000,301343.64600000,58692035.43573000
1739347200000,195.20000000,198.01000000,195.09000000,197.37000000,278926.39000000,54787301.71710000
1739361600000,197.36000000,198.55000000,188.48000000,192.00000000,1549087.93700000,297751697.10273000
1739376000000,192.01000000,196.66000000,189.34000000,193.70000000,880298.93600000,170469014.59583000
1739390400000,193.71000000,198.48000000,193.02000000,196.78000000,534852.35100000,104917674.93060000
1739404800000,196.78000000,198.19000000,194.96000000,198.19000000,382446.09400000,75202225.01608000
1739419200000,198.19000000,198.47000000,192.75000000,193.07000000,331597.03000000,64655012.37741000
1739433600000,193.07000000,193.52000000,191.10000000,191.91000000,349096.99300000,67228894.90476000
1739448000000,191.91000000,193.12000000,188.78000000,191.94000000,678383.08900000,129527643.45974000
1739462400000,191.93000000,194.60000000,190.02000000,192.68000000,426547.36400000,81843771.50493000
1739476800000,192.68000000,195.45000000,192.57000000,194.25000000,259701.30600000,50517529.90912000
1739491200000,194.24000000,197.35000000,194.11000000,197.00000000,285494.12500000,55889399.58812000
1739505600000,197.00000000,197.37000000,194.72000000,196.59000000,218751.65100000,42870468.57274000
1739520000000,196.59000000,201.40000000,196.35000000,199.59000000,733906.76600000,146270694.40990000
1739534400000,199.59000000,202.12000000,196.45000000,200.86000000,689105.00700000,137062939.57508000
1739548800000,200.85000000,205.34000000,198.84000000,201.56000000,932944.27600000,189260159.26336000
1739563200000,201.56000000,202.24000000,198.09000000,199.39000000,867484.23800000,173639592.03124000
1739577600000,199.40000000,200.27000000,196.76000000,198.36000000,414076.40200000,82200404.83955000
1739592000000,198.36000000,198.87000000,195.25000000,195.90000000,218487.32300000,43013345.51234000
1739606400000,195.90000000,196.74000000,193.89000000,194.85000000,390328.09600000,76111459.77406000
1739620800000,194.85000000,196.06000000,193.26000000,194.66000000,286063.63900000,55694975.24633000
1739635200000,194.66000000,195.10000000,193.32000000,194.17000000,158861.55400000,30880383.48960000
1739649600000,194.18000000,195.03000000,192.61000000,194.48000000,165483.38500000,32079709.97378000
1739664000000,194.47000000,195.51000000,193.05000000,194.73000000,235252.67700000,45712123.51467000
1739678400000,194.72000000,196.24000000,192.34000000,192.89000000,215253.65100000,41804132.11647000
1739692800000,192.90000000,194.00000000,192.21000000,193.73000000,165937.55000000,32064588.99271000
1739707200000,193.72000000,193.78000000,189.23000000,190.32000000,597166.25600000,113886411.03976000
1739721600000,190.32000000,191.27000000,187.64000000,189.23000000,472254.80400000,89361123.17569000
1739736000000,189.22000000,189.92000000,186.30000000,188.27000000,323515.92400000,60876468.83309000
1739750400000,188.26000000,189.72000000,185.28000000,186.34000000,308179.29100000,57897127.63392000
1739764800000,186.33000000,186.49000000,180.77000000,181.35000000,907107.25300000,166127399.17862000
1739779200000,181.36000000,185.50000000,180.12000000,184.25000000,666016.01100000,122215088.88522000
1739793600000,184.25000000,186.94000000,179.84000000,180.36000000,811889.16900000,149008577.66108000
1739808000000,180.37000000,181.41000000,174.63000000,177.09000000,1137362.38000000,202108449.31300000
1739822400000,177.10000000,181.30000000,177.01000000,177.53000000,457019.62600000,81914547.91040000
1739836800000,177.53000000,179.09000000,175.46000000,177.98000000,424751.03900000,75397927.11475000
1739851200000,177.98000000,178.01000000,163.93000000,165.72000000,1970470.55900000,332957282.39645000
1739865600000,165.73000000,170.92000000,163.17000000,168.72000000,1242682.47900000,207809592.77651000
1739880000000,168.71000000,171.50000000,164.34000000,165.95000000,885722.24300000,148959923.75885000
1739894400000,165.95000000,167.11000000,160.88000000,165.31000000,1151366.32200000,188640345.37949000
1739908800000,165.31000000,169.78000000,163.93000000,169.32000000,644193.52400000,107753477.26390000
1739923200000,169.32000000,170.86000000,166.66000000,167.48000000,554842.05000000,93719055.21040000
1739937600000,167.48000000,169.84000000,163.75000000,168.95000000,584091.10200000,97533437.70031000
1739952000000,168.96000000,174.30000000,168.42000000,173.92000000,651909.87700000,111766699.17323000
1739966400000,173.92000000,174.13000000,168.14000000,169.74000000,669116.55300000,114515795.26457000
1739980800000,169.74000000,173.44000000,168.15000000,168.70000000,517873.50000000,88352855.80972000
1739995200000,168.70000000,169.96000000,166.41000000,168.93000000,500486.18000000,84224609.66135000
1740009600000,168.94000000,172.89000000,167.66000000,172.44000000,466976.70800000,79469944.45011000
1740024000000,172.43000000,174.96000000,170.86000000,171.77000000,406781.52600000,70194322.86892000
1740038400000,171.77000000,175.15000000,170.92000000,173.99000000,511460.33800000,88568240.85741000
1740052800000,173.99000000,176.65000000,171.21000000,171.61000000,756247.57700000,131597843.56569000
1740067200000,171.62000000,175.46000000,171.22000000,174.98000000,400408.09200000,69451949.52641000
1740081600000,174.97000000,176.54000000,173.17000000,176.00000000,396879.09400000,69246533.55468000
1740096000000,176.00000000,176.47000000,173.00000000,173.28000000,329030.90000000,57350634.21105000
1740110400000,173.27000000,176.80000000,173.27000000,175.86000000,449693.28900000,78663446.53791000
1740124800000,175.86000000,180.28000000,175.83000000,177.21000000,679578.44300000,121146690.61969000
1740139200000,177.20000000,180.52000000,170.56000000,173.17000000,1089040.98700000,192025115.33369000
1740153600000,173.16000000,175.66000000,168.18000000,168.42000000,1109214.47600000,190840729.32110000
1740168000000,168.42000000,169.97000000,167.15000000,168.94000000,447124.76200000,75409545.63199000
1740182400000,168.94000000,172.76000000,168.07000000,170.35000000,496900.53800000,84879962.32254000
1740196800000,170.35000000,173.14000000,170.09000000,171.74000000,293626.83500000,50404650.75511000
1740211200000,171.74000000,174.14000000,171.36000000,173.56000000,363880.98100000,62816399.87288000
1740225600000,173.56000000,174.60000000,172.66000000,174.23000000,280181.57400000,48629311.34332000
1740240000000,174.23000000,174.68000000,172.30000000,172.64000000,291277.22600000,50476251.33825000
1740254400000,172.63000000,173.62000000,171.89000000,172.07000000,160946.30300000,27776742.75692000
1740268800000,172.07000000,172.30000000,170.19000000,170.61000000,250405.79800000,42829721.46055000
1740283200000,170.61000000,173.07000000,169.95000000,172.85000000,209356.91700000,35835050.19431000
1740297600000,172.85000000,172.91000000,169.36000000,169.59000000,179421.50500000,30690094.45033000
1740312000000,169.60000000,169.92000000,166.60000000,166.76000000,417303.44300000,70379097.06334000
1740326400000,166.76000000,168.72000000,166.75000000,167.71000000,244872.64900000,41075839.82166000
1740340800000,167.71000000,168.86000000,166.42000000,167.94000000,186950.44700000,31326515.56586000
1740355200000,167.94000000,169.69000000,160.56000000,161.01000000,792175.34000000,129824212.76705000
1740369600000,161.02000000,161.75000000,156.88000000,160.99000000,1060356.88200000,169199425.44359000
1740384000000,160.99000000,161.10000000,155.38000000,159.28000000,888129.31400000,140233342.98211000
1740398400000,159.27000000,160.41000000,150.65000000,152.66000000,1587066.29000000,245713537.80764000
1740412800000,152.67000000,155.15000000,147.86000000,150.12000000,1176702.70400000,179253614.49386000
1740427200000,150.13000000,152.68000000,138.00000000,141.81000000,2492807.38500000,362468512.53653000
1740441600000,141.81000000,144.45000000,138.17000000,138.95000000,2532890.98800000,356685315.50704000
1740456000000,138.95000000,142.08000000,133.00000000,136.25000000,3145641.45600000,432617306.80406000
1740470400000,136.26000000,141.36000000,131.91000000,141.28000000,2158755.07200000,294927363.24249000
1740484800000,141.27000000,141.83000000,134.53000000,138.89000000,1761698.33600000,243476070.80369000
1740499200000,138.89000000,145.57000000,137.96000000,145.43000000,1393019.03800000,198027110.94453000
1740513600000,145.42000000,147.09000000,143.26000000,144.33000000,755005.25500000,109377843.39851000
1740528000000,144.33000000,145.19000000,141.63000000,143.32000000,600468.92200000,85997688.50462000
1740542400000,143.33000000,144.70000000,139.63000000,140.19000000,513975.69400000,72957792.24188000
1740556800000,140.19000000,142.21000000,138.01000000,138.14000000,564388.72800000,79088578.08229000
1740571200000,138.13000000,140.47000000,134.61000000,139.27000000,1175474.24600000,161530496.62437000
1740585600000,139.27000000,139.79000000,130.65000000,131.93000000,1496871.33500000,200199170.99055000
1740600000000,131.94000000,137.87000000,130.89000000,135.32000000,1017222.13400000,137068472.79629000
1740614400000,135.33000000,139.05000000,134.96000000,138.57000000,680370.16300000,93120976.67603000
1740628800000,138.57000000,142.90000000,137.05000000,140.99000000,687189.91700000,96338235.70523000
1740643200000,141.00000000,142.46000000,139.25000000,140.48000000,657310.86500000,92602960.17208000
1740657600000,140.48000000,141.26000000,136.28000000,139.63000000,976643.51600000,135716845.94558000
1740672000000,139.62000000,140.15000000,135.63000000,136.29000000,547309.73500000,75587339.42642000
1740686400000,136.28000000,138.21000000,134.71000000,137.68000000,774166.26300000,105794167.61719000
1740700800000,137.68000000,137.98000000,127.17000000,127.62000000,2182588.47100000,285386721.80305000
1740715200000,127.62000000,129.60000000,125.55000000,128.55000000,1674284.12400000,213388022.93711000
1740729600000,128.54000000,134.72000000,127.90000000,133.52000000,1422048.27300000,187050669.84482000
1740744000000,133.52000000,147.86000000,133.00000000,145.68000000,2970450.54000000,421559072.18520000
1740758400000,145.67000000,147.25000000,143.74000000,146.36000000,1135023.25100000,165085418.22683000
1740772800000,146.35000000,148.72000000,144.62000000,148.18000000,655565.95400000,96141919.73708000
1740787200000,148.18000000,151.25000000,145.54000000,145.67000000,1276966.73800000,189458457.57303000
1740801600000,145.68000000,147.16000000,142.20000000,142.49000000,709308.76200000,102592216.96821000
1740816000000,142.49000000,144.29000000,139.53000000,140.35000000,700454.60000000,99497431.02406000
1740830400000,140.35000000,141.72000000,138.57000000,140.39000000,550358.17200000,77093914.64255000
1740844800000,140.39000000,141.51000000,138.70000000,140.53000000,453811.06800000,63619388.82505000
1740859200000,140.53000000,143.82000000,139.90000000,143.66000000,460956.41800000,65462174.46889000
1740873600000,143.66000000,146.01000000,142.03000000,143.85000000,564432.11500000,81414012.80922000
1740888000000,143.86000000,145.17000000,142.23000000,143.79000000,308611.12600000,44338203.25630000
1740902400000,143.78000000,144.88000000,142.47000000,143.49000000,353233.66000000,50737285.90007000
1740916800000,143.50000000,163.39000000,140.04000000,157.46000000,3502102.97200000,539416958.18022000
1740931200000,157.47000000,179.85000000,157.47000000,172.18000000,7038818.52600000,1195557135.29187000
1740945600000,172.17000000,179.32000000,171.66000000,178.71000000,1707441.44700000,300589122.03877000
1740960000000,178.72000000,179.47000000,168.11000000,169.88000000,1580531.72500000,273078359.12418000
1740974400000,169.89000000,170.57000000,159.80000000,162.26000000,1458640.83400000,239625305.38099000
1740988800000,162.27000000,163.37000000,156.83000000,161.09000000,1078421.60900000,172756527.09591000
1741003200000,161.08000000,167.07000000,154.07000000,157.78000000,2546433.11800000,408695544.27032000
1741017600000,157.78000000,159.61000000,140.05000000,141.87000000,2816719.18300000,423377346.89167000
1741032000000,141.87000000,144.97000000,139.21000000,142.16000000,1615455.57100000,230545902.63016000
1741046400000,142.16000000,145.08000000,132.46000000,136.38000000,2232567.08400000,307116842.64645000
1741060800000,136.39000000,139.58000000,135.64000000,136.02000000,872230.58000000,119649789.02129000
1741075200000,136.02000000,138.58000000,134.62000000,136.98000000,982640.05900000,134440246.18307000
1741089600000,136.97000000,143.39000000,132.64000000,138.59000000,3078325.73600000,423354177.53765000
1741104000000,138.59000000,144.77000000,130.66000000,143.16000000,2027388.82500000,281134318.19196000
1741118400000,143.15000000,147.00000000,141.55000000,144.79000000,1196446.05000000,172621081.00422000
1741132800000,144.80000000,145.55000000,141.76000000,141.82000000,692820.64900000,99734557.04464000
1741147200000,141.82000000,144.10000000,140.82000000,142.88000000,620986.51500000,88220246.63941000
1741161600000,142.89000000,149.73000000,142.74000000,147.13000000,1044394.14200000,153657598.12864000
1741176000000,147.13000000,149.23000000,140.32000000,141.66000000,1339096.42600000,192838613.61877000
1741190400000,141.66000000,146.47000000,140.18000000,144.77000000,817465.66000000,116916027.01561000
1741204800000,144.78000000,146.84000000,143.91000000,146.28000000,380757.19300000,55424254.79022000
1741219200000,146.27000000,150.68000000,144.54000000,148.73000000,709517.91400000,104704161.34986000
1741233600000,148.73000000,150.66000000,147.62000000,148.62000000,566337.92600000,84482836.85509000
1741248000000,148.63000000,152.90000000,148.34000000,151.71000000,735590.11300000,110881778.87235000
1741262400000,151.71000000,151.92000000,145.06000000,149.03000000,1205506.06500000,178223005.24135000
1741276800000,149.04000000,149.43000000,142.44000000,143.58000000,738490.55000000,106765773.32919000
1741291200000,143.59000000,145.92000000,143.19000000,143.31000000,496437.09300000,71619169.00596000
1741305600000,143.30000000,145.57000000,135.04000000,140.79000000,1743676.51600000,242634500.32476000
1741320000000,140.79000000,144.63000000,140.63000000,144.34000000,377834.37600000,54009528.67194000
1741334400000,144.34000000,146.21000000,141.80000000,143.58000000,941906.79300000,135240797.07464000
1741348800000,143.57000000,148.13000000,141.75000000,144.89000000,1341666.71900000,194681142.20538000
1741363200000,144.89000000,150.88000000,141.34000000,146.36000000,1497217.21900000,218005731.70174000
1741377600000,146.35000000,147.62000000,137.50000000,139.39000000,1365111.14800000,194937035.21950000
1741392000000,139.39000000,141.09000000,137.80000000,139.68000000,564268.95600000,78573745.72419000
1741406400000,139.67000000,141.03000000,138.33000000,138.78000000,358297.85300000,50081588.27959000
1741420800000,138.77000000,139.21000000,136.64000000,137.58000000,308873.81000000,42598494.98934000
1741435200000,137.57000000,138.75000000,136.07000000,137.21000000,362684.43900000,49914995.69654000
1741449600000,137.21000000,138.92000000,135.29000000,138.45000000,362557.39000000,49540358.45561000
1741464000000,138.45000000,138.59000000,136.32000000,137.01000000,179068.94500000,24601077.83523000
1741478400000,137.01000000,138.51000000,136.53000000,137.92000000,188094.01600000,25896625.71436000
1741492800000,137.91000000,139.88000000,137.67000000,139.63000000,239635.90200000,33252853.24286000
1741507200000,139.63000000,139.78000000,135.61000000,136.32000000,461609.24700000,63385697.66716000
1741521600000,136.32000000,136.43000000,129.75000000,130.16000000,1072850.43400000,142767828.04543000
1741536000000,130.16000000,131.54000000,125.81000000,129.19000000,1234090.43500000,158218237.44253000
1741550400000,129.19000000,130.59000000,125.41000000,126.51000000,713215.61800000,90995356.37496000
1741564800000,126.52000000,129.11000000,124.03000000,126.59000000,924107.54000000,117358731.58246000
1741579200000,126.59000000,129.25000000,126.46000000,128.11000000,641027.10800000,82058870.85910000
1741593600000,128.11000000,131.57000000,125.91000000,129.94000000,893649.43200000,114834986.43932000
1741608000000,129.94000000,130.89000000,120.18000000,121.96000000,1661313.42700000,205538373.05440000
1741622400000,121.95000000,122.36000000,115.47000000,119.71000000,1939570.72700000,229734456.45269000
1741636800000,119.72000000,120.24000000,117.56000000,118.32000000,594441.09700000,70753731.20343000
1741651200000,118.32000000,121.90000000,112.00000000,119.96000000,1982977.93600000,231592611.47967000
1741665600000,119.95000000,124.02000000,119.75000000,123.07000000,832560.43800000,102154946.53846000
1741680000000,123.07000000,125.81000000,122.93000000,124.71000000,641629.45700000,79657716.47553000
1741694400000,124.71000000,126.27000000,118.59000000,125.02000000,1691558.61600000,207256342.98665000
1741708800000,125.01000000,128.43000000,122.84000000,128.15000000,924986.72700000,116634592.02714000
1741723200000,128.14000000,128.25000000,125.07000000,125.35000000,361564.68900000,45726002.76470000
1741737600000,125.35000000,127.03000000,122.47000000,122.53000000,525419.36600000,65603466.53483000
1741752000000,122.52000000,123.53000000,121.22000000,123.19000000,804498.72200000,98500944.84299000
1741766400000,123.19000000,126.84000000,122.88000000,126.76000000,716124.83000000,89255037.24638000
1741780800000,126.77000000,131.33000000,123.04000000,124.57000000,1376847.32000000,175415587.29065000
1741795200000,124.56000000,126.31000000,123.31000000,125.05000000,601205.65900000,74955823.34420000
1741809600000,125.05000000,127.08000000,123.97000000,126.62000000,386406.24300000,48602908.50434000
1741824000000,126.61000000,127.46000000,124.73000000,124.97000000,426826.40600000,53745523.90111000
1741838400000,124.97000000,125.36000000,123.03000000,124.24000000,421023.93900000,52161443.02169000
1741852800000,124.25000000,128.03000000,123.64000000,126.88000000,476643.35300000,60239884.47276000
1741867200000,126.88000000,128.76000000,123.60000000,124.34000000,775129.67100000,97398742.65696000
1741881600000,124.34000000,124.41000000,121.08000000,121.46000000,480135.54300000,58823649.55536000
1741896000000,121.47000000,124.36000000,120.76000000,123.37000000,244826.04900000,29968783.49185000
1741910400000,123.36000000,125.47000000,122.98000000,124.48000000,338983.02800000,42191686.43744000
1741924800000,124.48000000,125.63000000,124.41000000,124.68000000,298129.85700000,37231911.01971000
1741939200000,124.68000000,126.60000000,124.62000000,126.17000000,300682.17800000,37825528.55179000
1741953600000,126.16000000,134.01000000,125.46000000,132.12000000,1615705.93700000,210607473.32853000
1741968000000,132.13000000,134.71000000,130.87000000,134.28000000,594407.24600000,79072269.62763000
1741982400000,134.29000000,136.03000000,131.96000000,133.54000000,459817.24600000,61602081.64487000
1741996800000,133.53000000,135.30000000,132.91000000,135.02000000,333647.22700000,44698687.91362000
1742011200000,135.03000000,135.52000000,132.71000000,132.91000000,334792.25500000,44824813.93526000
1742025600000,132.91000000,133.69000000,132.44000000,133.37000000,311561.66100000,41437323.77494000
1742040000000,133.37000000,135.80000000,133.09000000,135.12000000,391110.27700000,52669161.95807000
1742054400000,135.12000000,136.53000000,133.58000000,134.49000000,393292.71900000,53170170.73173000
1742068800000,134.50000000,136.50000000,134.37000000,135.86000000,153673.35100000,20828249.02993000
1742083200000,135.86000000,136.71000000,134.13000000,135.50000000,240062.09300000,32527208.40332000
1742097600000,135.50000000,136.23000000,133.86000000,134.64000000,249407.98100000,33595240.63455000
1742112000000,134.64000000,134.97000000,129.68000000,129.91000000,668997.36600000,88399445.37355000
1742126400000,129.92000000,130.87000000,127.49000000,128.78000000,605244.95300000,78161460.83024000
1742140800000,128.77000000,131.28000000,126.04000000,126.94000000,692029.60000000,89117609.62563000
1742155200000,126.94000000,127.77000000,125.21000000,126.13000000,308518.89900000,38993531.39431000
1742169600000,126.13000000,129.23000000,125.85000000,128.96000000,513593.71800000,65578058.63469000
1742184000000,128.96000000,129.50000000,126.50000000,129.26000000,292741.95200000,37595461.95981000
1742198400000,129.26000000,129.65000000,128.42000000,129.18000000,290792.21300000,37515455.22309000
1742212800000,129.17000000,130.11000000,125.55000000,127.51000000,738046.90400000,94212650.97734000
1742227200000,127.50000000,130.64000000,126.66000000,129.84000000,619998.64600000,79874827.80600000
1742241600000,129.83000000,129.95000000,127.77000000,128.01000000,252437.66100000,32533110.33353000
1742256000000,128.01000000,128.19000000,123.49000000,124.15000000,835228.34500000,104710447.52090000
1742270400000,124.14000000,125.24000000,123.00000000,125.20000000,635130.84000000,78987610.29114000
1742284800000,125.20000000,125.96000000,123.20000000,123.54000000,426596.92000000,53185413.90467000
1742299200000,123.53000000,123.78000000,121.76000000,122.57000000,627746.91500000,77062511.59729000
1742313600000,122.57000000,124.50000000,122.44000000,124.22000000,398288.04500000,49186066.08197000
1742328000000,124.22000000,125.71000000,123.53000000,125.33000000,258798.63400000,32273649.84758000
1742342400000,125.33000000,126.72000000,124.20000000,126.47000000,363642.44700000,45627082.21191000
1742356800000,126.48000000,126.88000000,125.39000000,125.73000000,481274.59100000,60659211.54929000
1742371200000,125.73000000,129.53000000,125.70000000,128.69000000,507771.61700000,64762660.19989000
1742385600000,128.69000000,132.73000000,126.97000000,132.32000000,1252852.08100000,163160230.46460000
1742400000000,132.33000000,134.33000000,128.18000000,133.03000000,1084550.71800000,142417459.16687000
1742414400000,133.03000000,136.08000000,133.00000000,135.33000000,480406.53700000,64531485.13346000
1742428800000,135.33000000,136.12000000,132.82000000,133.91000000,460300.54300000,61739687.63583000
1742443200000,133.92000000,134.96000000,132.76000000,134.01000000,298491.09200000,39964101.51648000
1742457600000,134.01000000,134.55000000,130.31000000,130.65000000,499995.90200000,66083666.42912000
1742472000000,130.65000000,132.30000000,128.51000000,128.91000000,672380.55700000,87724300.28766000
1742486400000,128.90000000,129.38000000,126.65000000,127.94000000,468944.01400000,59935483.84587000
1742500800000,127.93000000,128.49000000,127.17000000,127.60000000,193175.87800000,24696510.80568000
1742515200000,127.60000000,129.07000000,127.33000000,127.94000000,290223.72700000,37222201.02205000
1742529600000,127.95000000,128.76000000,127.40000000,128.07000000,207433.22500000,26575724.44559000
1742544000000,128.08000000,129.10000000,125.74000000,126.39000000,458899.31900000,58422770.62743000
1742558400000,126.40000000,127.77000000,125.39000000,125.98000000,426161.10600000,53925103.21718000
1742572800000,125.98000000,129.73000000,124.81000000,128.24000000,715310.65200000,91036848.64929000
1742587200000,128.25000000,130.18000000,127.57000000,128.48000000,302394.31900000,38922919.72572000
1742601600000,128.47000000,129.38000000,127.80000000,128.88000000,231011.00100000,29719389.75787000
1742616000000,128.88000000,129.75000000,128.54000000,128.82000000,256142.94800000,33089230.75849000
1742630400000,128.81000000,131.84000000,128.77000000,130.34000000,373494.35100000,48774605.94645000
1742644800000,130.35000000,130.55000000,128.64000000,129.25000000,250406.71400000,32418774.17823000
1742659200000,129.24000000,130.27000000,128.90000000,129.97000000,214411.93700000,27791807.06941000
1742673600000,129.97000000,130.06000000,128.12000000,128.51000000,172701.24500000,22267319.24592000
1742688000000,128.50000000,130.85000000,128.21000000,130.85000000,208220.15600000,26964026.52249000
1742702400000,130.85000000,131.49000000,129.73000000,131.15000000,212738.81000000,27777840.45156000
1742716800000,131.15000000,134.06000000,130.95000000,133.10000000,435342.67400000,57635296.32112000
1742731200000,133.11000000,133.83000000,132.14000000,132.51000000,395780.23900000,52645978.44842000
1742745600000,132.52000000,132.74000000,130.35000000,130.55000000,277195.29000000,36424607.44333000
1742760000000,130.54000000,132.85000000,130.20000000,132.84000000,234208.81700000,30760660.26956000
1742774400000,132.85000000,138.46000000,132.04000000,138.16000000,925361.92800000,125237740.80422000
1742788800000,138.16000000,139.36000000,137.77000000,138.88000000,794433.05500000,110073853.23927000
1742803200000,138.89000000,144.13000000,138.60000000,143.41000000,879015.56400000,124022776.36695000
1742817600000,143.42000000,144.96000000,142.30000000,143.25000000,1063640.57500000,152456698.40349000
1742832000000,143.24000000,143.44000000,141.29000000,142.77000000,443131.19300000,63089500.46639000
1742846400000,142.76000000,143.64000000,139.64000000,141.01000000,448549.33000000,63400142.24907000
1742860800000,141.01000000,142.29000000,138.20000000,138.57000000,517956.31000000,72575541.86502000
1742875200000,138.57000000,140.35000000,138.17000000,139.46000000,299805.30400000,41789785.06826000
1742889600000,139.46000000,143.43000000,139.43000000,142.15000000,461655.95600000,65502486.58212000
1742904000000,142.14000000,147.48000000,141.06000000,145.28000000,1338142.03600000,193911463.73241000
1742918400000,145.28000000,146.25000000,143.61000000,145.03000000,485885.48700000,70445786.43747000
1742932800000,145.02000000,146.09000000,142.48000000,143.64000000,426513.57700000,61513841.26008000
1742947200000,143.64000000,144.63000000,141.50000000,141.84000000,369761.36600000,52951265.59813000
1742961600000,141.84000000,144.89000000,141.64000000,144.50000000,375171.60900000,53773818.46107000
1742976000000,144.50000000,145.49000000,143.77000000,144.61000000,351983.65100000,50896493.75934000
1742990400000,144.61000000,145.07000000,139.00000000,139.34000000,1032492.00100000,145799797.65354000
1743004800000,139.33000000,140.21000000,136.23000000,137.45000000,592239.61500000,81912226.07604000
1743019200000,137.45000000,138.51000000,135.89000000,137.34000000,377875.04500000,51855662.33907000
1743033600000,137.35000000,140.22000000,136.82000000,139.91000000,425889.20000000,59041970.09447000
1743048000000,139.91000000,140.07000000,137.91000000,138.88000000,317737.52900000,44133851.92506000
1743062400000,138.88000000,139.29000000,137.10000000,137.40000000,464504.94500000,64193471.38328000
1743076800000,137.40000000,139.83000000,135.63000000,137.79000000,713863.64500000,98380515.28683000
1743091200000,137.79000000,139.71000000,137.36000000,139.06000000,320958.72200000,44458676.00486000
1743105600000,139.07000000,139.95000000,138.12000000,138.43000000,223208.64200000,31045671.21667000
1743120000000,138.44000000,139.05000000,135.90000000,136.78000000,619076.01000000,84940034.58044000
1743134400000,136.79000000,137.35000000,131.38000000,131.62000000,1180653.18400000,158046313.99220000
1743148800000,131.63000000,132.67000000,130.36000000,131.93000000,563337.10700000,73990292.88244000
1743163200000,131.92000000,132.46000000,129.14000000,129.92000000,713947.35800000,93107126.57035000
1743177600000,129.92000000,130.30000000,129.03000000,129.43000000,417627.91700000,54118108.45725000
1743192000000,129.43000000,130.46000000,127.69000000,129.49000000,397549.78900000,51299464.55701000
1743206400000,129.50000000,130.54000000,126.58000000,128.84000000,426165.33700000,54851885.48651000
1743220800000,128.83000000,129.13000000,125.45000000,126.39000000,526673.22400000,67104839.93383000
1743235200000,126.39000000,127.10000000,124.31000000,125.30000000,545971.32500000,68734154.86736000
1743249600000,125.30000000,126.82000000,125.00000000,126.32000000,320786.43300000,40425625.91712000
1743264000000,126.32000000,126.79000000,123.71000000,125.30000000,494981.01000000,61883813.27599000
1743278400000,125.30000000,125.43000000,122.68000000,124.58000000,295488.18600000,36642760.33569000
1743292800000,124.58000000,126.60000000,123.49000000,125.71000000,331271.83900000,41543606.57136000
1743307200000,125.70000000,126.56000000,125.16000000,125.48000000,188600.49100000,23749917.09506000
1743321600000,125.48000000,126.43000000,124.66000000,125.12000000,254954.04500000,31995541.47088000
1743336000000,125.12000000,125.59000000,123.15000000,124.92000000,387216.24800000,48154049.55458000
1743350400000,124.92000000,127.08000000,123.00000000,125.85000000,290593.51500000,36379636.54534000
1743364800000,125.84000000,126.37000000,123.19000000,124.82000000,291139.15800000,36332429.45436000
1743379200000,124.83000000,127.63000000,122.75000000,124.56000000,456755.46900000,57260043.72574000
1743393600000,124.57000000,127.08000000,124.33000000,125.88000000,428772.48200000,53884110.99878000
1743408000000,125.89000000,126.70000000,123.05000000,124.28000000,534871.91300000,66513187.04349000
1743422400000,124.27000000,127.81000000,123.22000000,126.78000000,1303614.14900000,164118324.60924000
1743436800000,126.77000000,127.36000000,123.83000000,125.25000000,542225.86700000,68088091.97806000
1743451200000,125.25000000,126.27000000,124.47000000,124.54000000,464388.97300000,58178779.31298000
1743465600000,124.53000000,126.72000000,123.74000000,126.06000000,456527.23100000,57079776.96589000
1743480000000,126.07000000,126.78000000,125.59000000,126.69000000,289286.33100000,36511202.19022000
1743494400000,126.69000000,129.97000000,126.68000000,127.61000000,715628.00100000,92037458.56877000
1743508800000,127.60000000,130.55000000,124.68000000,129.27000000,1325487.08400000,169398071.31188000
1743523200000,129.27000000,129.64000000,125.52000000,126.82000000,491681.83600000,62687129.12943000
1743537600000,126.82000000,127.53000000,125.30000000,126.67000000,275667.36500000,34865239.85210000
1743552000000,126.68000000,126.96000000,124.10000000,124.32000000,360376.60100000,45148192.94315000
1743566400000,124.32000000,125.03000000,123.50000000,124.55000000,315887.88700000,39250191.23062000
1743580800000,124.54000000,126.73000000,124.28000000,125.69000000,343921.19600000,43239042.15314000
1743595200000,125.70000000,131.16000000,125.12000000,130.43000000,1459216.39800000,188009267.30891000
1743609600000,130.43000000,131.79000000,129.17000000,131.43000000,830662.19600000,108467927.42716000
1743624000000,131.42000000,136.21000000,117.00000000,117.42000000,2978844.40200000,372828870.89612000
1743638400000,117.42000000,120.94000000,116.25000000,119.80000000,1382064.84400000,164995407.06815000
1743652800000,119.81000000,120.86000000,117.90000000,118.64000000,839800.03100000,99950594.06874000
1743667200000,118.64000000,119.22000000,115.11000000,115.74000000,971616.95200000,113793764.49643000
1743681600000,115.74000000,116.04000000,112.24000000,114.16000000,1414822.95300000,161267821.21364000
1743696000000,114.17000000,116.00000000,113.26000000,115.42000000,882146.55000000,101190062.19302000
1743710400000,115.43000000,117.45000000,115.08000000,117.17000000,364415.94800000,42440084.02038000
1743724800000,117.17000000,117.50000000,114.63000000,115.40000000,496369.61200000,57559225.62711000
1743739200000,115.41000000,118.35000000,114.73000000,118.18000000,684370.71800000,79755652.25587000
1743753600000,118.17000000,119.94000000,113.25000000,114.54000000,1014820.91000000,118606891.66532000
1743768000000,114.53000000,120.99000000,113.96000000,118.60000000,1694857.32700000,198676591.70085000
1743782400000,118.60000000,123.98000000,118.23000000,122.61000000,1400599.22100000,170158877.02029000
1743796800000,122.61000000,124.00000000,121.78000000,122.79000000,430054.53200000,52946177.62541000
1743811200000,122.80000000,122.85000000,120.66000000,120.73000000,327845.35900000,39873542.54744000
1743825600000,120.72000000,121.32000000,120.18000000,121.07000000,215636.50700000,26047777.50647000
1743840000000,121.07000000,121.96000000,119.86000000,120.28000000,269080.28700000,32541694.92583000
1743854400000,120.29000000,120.33000000,117.15000000,117.55000000,467518.89900000,55302628.87497000
1743868800000,117.55000000,119.35000000,117.52000000,118.63000000,234342.09300000,27732015.08634000
1743883200000,118.63000000,120.56000000,118.41000000,120.32000000,269958.15500000,32210300.99385000
1743897600000,120.33000000,121.13000000,119.43000000,119.98000000,217230.75400000,26111057.87167000
1743912000000,119.99000000,120.60000000,118.82000000,119.21000000,213970.85200000,25602593.57999000
1743926400000,119.20000000,120.18000000,118.18000000,118.62000000,214065.20800000,25505231.28694000
1743940800000,118.61000000,118.86000000,114.30000000,114.97000000,755225.63000000,87261950.02252000
1743955200000,114.96000000,115.26000000,106.28000000,108.07000000,1992197.84500000,219262831.38332000
1743969600000,108.08000000,108.55000000,103.81000000,105.91000000,1541656.69600000,164125109.99578000
1743984000000,105.90000000,107.82000000,102.22000000,103.27000000,1464905.20100000,154129207.58314000
1743998400000,103.27000000,103.77000000,95.26000000,97.14000000,2680762.49600000,266103887.99372000
1744012800000,97.14000000,102.64000000,96.93000000,100.29000000,1763746.24400000,177145267.85939000
1744027200000,100.30000000,113.00000000,99.74000000,106.65000000,4896344.11300000,518778218.65432000
1744041600000,106.65000000,107.98000000,103.56000000,105.75000000,1254447.66600000,133034856.16399000
1744056000000,105.75000000,109.30000000,105.74000000,106.99000000,570459.27300000,61489376.47146000
1744070400000,106.98000000,112.58000000,106.65000000,111.31000000,902739.70500000,99502353.96944000
1744084800000,111.30000000,112.16000000,107.97000000,108.70000000,627406.87200000,69052678.84538000
1744099200000,108.69000000,111.82000000,107.15000000,111.56000000,649111.46400000,70824810.53765000
1744113600000,111.56000000,112.20000000,106.68000000,107.20000000,1520093.69400000,166696207.17085000
1744128000000,107.19000000,107.29000000,102.96000000,104.06000000,1419684.35900000,148908717.26207000
1744142400000,104.06000000,106.48000000,103.67000000,105.40000000,720093.68800000,75851164.61330000
1744156800000,105.40000000,106.60000000,101.26000000,103.15000000,1281631.76800000,133113230.13322000
1744171200000,103.14000000,107.85000000,103.04000000,107.37000000,1092739.89200000,115694006.90882000
1744185600000,107.37000000,108.26000000,102.75000000,103.43000000,1123041.72900000,118832212.08761000
1744200000000,103.42000000,107.43000000,102.31000000,106.54000000,1144877.07200000,120773165.62126000
1744214400000,106.54000000,121.00000000,106.22000000,118.95000000,3832842.41500000,442256150.56746000
1744228800000,118.95000000,120.50000000,118.07000000,119.05000000,859453.26300000,102474684.04407000
1744243200000,119.05000000,119.30000000,114.50000000,115.49000000,733019.52300000,85728949.73277000
1744257600000,115.50000000,116.99000000,114.05000000,114.78000000,1103888.04200000,127995817.90458000
1744272000000,114.79000000,115.24000000,113.39000000,113.95000000,556270.73800000,63626286.95864000
1744286400000,113.94000000,115.76000000,109.39000000,109.60000000,1731619.49100000,195352882.59892000
1744300800000,109.60000000,111.90000000,108.21000000,111.34000000,1048568.87700000,115274826.48158000
1744315200000,111.34000000,113.40000000,111.27000000,112.81000000,392957.95800000,44225417.47405000
1744329600000,112.80000000,115.78000000,112.16000000,115.41000000,520424.44200000,59333595.48351000
1744344000000,115.42000000,117.76000000,115.00000000,116.59000000,388685.25400000,45211397.87694000
1744358400000,116.60000000,119.40000000,115.87000000,118.02000000,945814.24100000,111449962.80079000
1744372800000,118.03000000,121.57000000,117.58000000,119.91000000,1354246.44100000,161787260.03082000
1744387200000,119.91000000,122.00000000,118.66000000,120.87000000,740557.09400000,89314942.04345000
1744401600000,120.87000000,122.65000000,119.99000000,121.41000000,394339.41700000,47853737.10689000
1744416000000,121.41000000,122.23000000,119.41000000,120.18000000,440133.08000000,53202657.14156000
1744430400000,120.18000000,124.57000000,119.82000000,124.26000000,836715.98500000,102828251.31070000
1744444800000,124.26000000,125.52000000,124.01000000,124.60000000,467294.75000000,58267861.19005000
1744459200000,124.60000000,131.77000000,124.39000000,130.47000000,1413322.31700000,182383562.42053000
1744473600000,130.47000000,131.55000000,128.20000000,130.71000000,749731.30000000,97470501.82592000
1744488000000,130.72000000,134.11000000,130.60000000,132.24000000,713068.42300000,94406685.24936000
1744502400000,132.24000000,133.96000000,130.87000000,131.81000000,626515.87200000,82908199.26677000
1744516800000,131.81000000,132.03000000,128.17000000,128.55000000,592221.79300000,76924250.59715000
1744531200000,128.55000000,131.61000000,128.20000000,129.82000000,601099.58700000,78121800.91829000
1744545600000,129.82000000,130.43000000,126.78000000,128.72000000,688010.23400000,88355413.62760000
1744560000000,128.71000000,132.56000000,127.05000000,128.21000000,762990.54900000,99320045.60287000
1744574400000,128.22000000,130.00000000,125.32000000,128.38000000,783532.56800000,99946167.82138000
1744588800000,128.38000000,136.13000000,127.98000000,131.73000000,969351.36200000,128273847.81780000
1744603200000,131.74000000,134.34000000,131.10000000,132.30000000,495931.91300000,65841780.70539000
1744617600000,132.31000000,134.17000000,131.50000000,133.50000000,542882.30600000,72174436.17286000
1744632000000,133.50000000,134.79000000,128.12000000,128.80000000,1180939.39700000,155825962.54331000
1744646400000,128.80000000,131.99000000,128.08000000,131.08000000,619493.67400000,80508479.45954000
1744660800000,131.09000000,131.19000000,128.65000000,129.42000000,341652.79800000,44316331.33641000
1744675200000,129.41000000,130.75000000,127.71000000,130.54000000,517850.86400000,66961123.16674000
1744689600000,130.54000000,132.30000000,129.68000000,131.55000000,396556.90900000,52016591.37498000
1744704000000,131.55000000,133.92000000,131.34000000,132.15000000,515048.18600000,68188938.31627000
1744718400000,132.14000000,134.45000000,129.07000000,129.61000000,930044.32900000,122383288.84307000
1744732800000,129.62000000,130.60000000,127.31000000,127.88000000,538794.56100000,69318425.79755000
1744747200000,127.89000000,128.59000000,125.82000000,126.11000000,533187.64800000,67846180.90537000
1744761600000,126.10000000,127.35000000,124.80000000,126.44000000,533551.25600000,67348401.15514000
1744776000000,126.45000000,126.68000000,124.37000000,124.78000000,414706.32400000,52014500.53875000
1744790400000,124.78000000,126.68000000,123.49000000,126.27000000,603391.92600000,75486475.84145000
1744804800000,126.26000000,129.60000000,124.46000000,128.39000000,1203324.57000000,152780301.09280000
1744819200000,128.40000000,133.91000000,124.86000000,132.45000000,1847730.44000000,238024597.45563000
1744833600000,132.45000000,133.71000000,130.78000000,131.33000000,718064.47800000,95073453.53735000
1744848000000,131.33000000,132.67000000,129.50000000,129.79000000,543337.54900000,71251143.00617000
1744862400000,129.79000000,135.59000000,129.62000000,134.26000000,769719.73000000,102665367.27733000
1744876800000,134.25000000,135.00000000,132.43000000,133.12000000,522574.07400000,69763713.26024000
1744891200000,133.12000000,134.50000000,130.55000000,133.45000000,851429.30400000,112925930.16157000
1744905600000,133.45000000,136.20000000,132.00000000,132.91000000,803140.57700000,107928185.71877000
1744920000000,132.91000000,135.29000000,132.91000000,134.83000000,327258.48400000,43986493.93489000
1744934400000,134.84000000,136.02000000,133.78000000,134.51000000,547917.48400000,73923577.58894000
1744948800000,134.52000000,135.03000000,133.26000000,134.91000000,402212.32700000,53947196.24290000
1744963200000,134.91000000,135.54000000,133.56000000,134.27000000,388279.80700000,52215841.05050000
1744977600000,134.27000000,135.21000000,132.47000000,132.91000000,832148.24000000,111601036.21431000
1744992000000,132.91000000,134.47000000,132.69000000,134.21000000,221737.27300000,29653326.95667000
1745006400000,134.21000000,134.40000000,133.23000000,134.04000000,164046.74300000,21971244.78418000
1745020800000,134.05000000,139.16000000,133.58000000,138.82000000,873032.03200000,119760045.93647000
1745035200000,138.82000000,139.47000000,137.78000000,138.76000000,378654.86300000,52479507.14679000
1745049600000,138.76000000,139.96000000,138.47000000,138.77000000,460949.87200000,64166523.93620000
1745064000000,138.77000000,140.50000000,138.51000000,138.95000000,407392.44500000,56803922.49217000
1745078400000,138.96000000,139.49000000,137.67000000,138.71000000,509276.06000000,70565936.94817000
1745092800000,138.70000000,139.90000000,138.34000000,139.87000000,186732.79600000,25969243.63438000
1745107200000,139.86000000,141.96000000,139.40000000,140.96000000,451629.39500000,63674412.68315000
1745121600000,140.96000000,141.62000000,138.60000000,139.61000000,419899.11200000,58822070.32022000
1745136000000,139.61000000,139.80000000,135.82000000,136.38000000,1401727.60400000,192666203.32891000
1745150400000,136.38000000,138.03000000,135.64000000,135.94000000,601538.54600000,82363943.40332000
1745164800000,135.94000000,137.25000000,135.72000000,137.20000000,287638.28900000,39274148.76480000
1745179200000,137.19000000,138.50000000,136.37000000,137.86000000,335665.66900000,46107564.79419000
1745193600000,137.86000000,143.25000000,137.66000000,139.39000000,1048611.68500000,147922820.90329000
1745208000000,139.39000000,141.85000000,139.22000000,140.17000000,515627.08800000,72521635.30217000
1745222400000,140.18000000,141.14000000,138.31000000,138.99000000,385571.88300000,53932454.39949000
1745236800000,138.98000000,140.11000000,136.76000000,138.33000000,914772.91500000,126862948.00194000
1745251200000,138.32000000,138.81000000,133.82000000,136.94000000,1439910.65600000,196292719.87951000
1745265600000,136.94000000,137.43000000,135.35000000,136.56000000,352906.27600000,48159855.72972000
1745280000000,136.57000000,139.87000000,134.68000000,139.35000000,613827.63200000,84754889.48443000
1745294400000,139.35000000,140.62000000,138.43000000,140.19000000,570257.46900000,79456271.22182000
1745308800000,140.19000000,140.77000000,138.96000000,140.45000000,391298.37900000,54719802.09828000
1745323200000,140.45000000,145.52000000,140.05000000,145.32000000,1380713.56300000,198083135.78246000
1745337600000,145.31000000,147.71000000,143.52000000,144.24000000,964839.29000000,139945483.56326000
1745352000000,144.24000000,150.23000000,143.46000000,148.79000000,1157473.20300000,170957822.49000000
1745366400000,148.78000000,149.47000000,147.13000000,149.24000000,621507.27300000,92298186.31486000
1745380800000,149.24000000,152.30000000,148.58000000,151.58000000,899298.89200000,135718504.97998000
1745395200000,151.58000000,153.74000000,151.00000000,152.09000000,888149.69200000,135165138.39803000
1745409600000,152.09000000,154.21000000,148.71000000,151.41000000,1499295.10700000,226652406.79167000
1745424000000,151.41000000,152.49000000,148.94000000,150.16000000,590127.94000000,89096799.72234000
1745438400000,150.16000000,151.82000000,149.83000000,151.10000000,302999.56600000,45726960.11351000
1745452800000,151.10000000,151.45000000,147.66000000,147.76000000,517099.25000000,77369228.20738000
1745467200000,147.76000000,149.17000000,146.95000000,147.17000000,426678.60100000,63177955.71751000
1745481600000,147.16000000,147.80000000,144.87000000,147.70000000,796094.13300000,116621605.97204000
1745496000000,147.70000000,151.46000000,147.07000000,149.34000000,790217.88100000,118094335.88574000
1745510400000,149.35000000,152.45000000,148.84000000,151.54000000,660109.66800000,99610051.01412000
1745524800000,151.54000000,152.90000000,150.00000000,152.55000000,345660.95100000,52388182.39999000
1745539200000,152.55000000,154.50000000,150.53000000,151.74000000,594679.23500000,90592192.15972000
1745553600000,151.73000000,155.00000000,150.73000000,154.86000000,500602.29200000,76589188.47326000
1745568000000,154.85000000,155.02000000,152.94000000,154.75000000,703703.67200000,108392714.63770000
1745582400000,154.75000000,157.00000000,152.20000000,152.94000000,1379529.65000000,212865092.06210000
1745596800000,152.94000000,153.24000000,150.43000000,151.40000000,639178.74100000,97002173.05149000
1745611200000,151.39000000,152.50000000,149.87000000,150.82000000,409074.38300000,61809318.96384000
1745625600000,150.82000000,153.17000000,150.82000000,151.36000000,328735.58700000,49934260.90445000
1745640000000,151.36000000,152.35000000,150.00000000,151.36000000,242846.79900000,36710991.85338000
1745654400000,151.36000000,152.33000000,148.00000000,148.51000000,480272.96500000,71870126.35598000
1745668800000,148.51000000,149.58000000,147.75000000,149.31000000,378129.54800000,56188633.09328000
1745683200000,149.32000000,149.46000000,148.33000000,149.25000000,168710.43100000,25131334.66050000
1745697600000,149.24000000,149.66000000,148.34000000,149.21000000,168110.55000000,25048927.17456000
1745712000000,149.22000000,150.41000000,146.07000000,147.55000000,452255.79900000,66964949.09727000
1745726400000,147.56000000,147.88000000,145.51000000,147.43000000,247164.95500000,36257643.64052000
1745740800000,147.43000000,148.77000000,147.35000000,147.95000000,172654.46100000,25598775.04788000
1745755200000,147.96000000,149.75000000,147.00000000,149.01000000,327987.42000000,48711631.94134000
1745769600000,149.02000000,150.25000000,148.20000000,150.03000000,194099.47600000,28976355.60572000
1745784000000,150.02000000,150.10000000,147.83000000,147.98000000,205815.78000000,30615812.74827000
1745798400000,147.97000000,149.60000000,144.63000000,148.39000000,624877.04600000,91589418.85618000
1745812800000,148.38000000,151.50000000,148.38000000,151.09000000,346144.63100000,51933328.35921000
1745827200000,151.09000000,153.40000000,148.97000000,151.70000000,991977.08600000,150405872.26785000
1745841600000,151.69000000,151.84000000,145.54000000,146.34000000,782658.06100000,116005915.00940000
1745856000000,146.33000000,148.88000000,145.38000000,148.43000000,487674.72200000,71567487.37099000
1745870400000,148.42000000,148.45000000,146.54000000,147.84000000,274618.89900000,40521404.55117000
1745884800000,147.84000000,149.21000000,146.92000000,147.47000000,418937.58900000,61976897.16890000
1745899200000,147.46000000,148.96000000,145.55000000,148.88000000,356386.86900000,52495407.46887000
1745913600000,148.88000000,149.50000000,147.61000000,149.00000000,379431.68800000,56476102.60655000
1745928000000,148.99000000,149.24000000,146.86000000,148.02000000,427607.84300000,63190743.44314000
1745942400000,148.01000000,150.39000000,147.70000000,149.29000000,424733.72800000,63339382.24185000
1745956800000,149.28000000,149.52000000,145.00000000,146.31000000,491894.77500000,72062512.13577000
1745971200000,146.30000000,148.67000000,145.06000000,148.17000000,425773.73800000,62465461.29247000
1745985600000,148.17000000,148.38000000,146.11000000,146.40000000,247386.19100000,36410113.43432000
1746000000000,146.39000000,148.00000000,146.04000000,147.94000000,175650.93700000,25852233.99843000
1746014400000,147.93000000,147.99000000,140.32000000,142.22000000,1056793.85200000,151146325.50253000
1746028800000,142.21000000,146.06000000,141.37000000,145.62000000,490311.41500000,70659309.47123000
1746043200000,145.62000000,148.12000000,145.36000000,147.54000000,384900.23000000,56599020.65631000
1746057600000,147.54000000,149.62000000,147.54000000,148.71000000,361054.47500000,53689303.30579000
1746072000000,148.71000000,150.25000000,147.99000000,149.80000000,333269.48400000,49718055.88661000
1746086400000,149.79000000,152.47000000,149.56000000,151.75000000,486460.95100000,73649487.76249000
1746100800000,151.75000000,153.99000000,150.62000000,151.80000000,867442.07700000,132023274.01790000
1746115200000,151.80000000,152.86000000,150.04000000,150.26000000,775061.06500000,117423540.59090000
1746129600000,150.26000000,150.96000000,149.87000000,150.85000000,213993.40200000,32186163.65232000
1746144000000,150.85000000,151.72000000,149.99000000,150.78000000,371032.51000000,55910927.18906000
1746158400000,150.78000000,151.05000000,148.37000000,148.52000000,412808.32000000,61737316.81126000
1746172800000,148.52000000,150.81000000,148.40000000,150.73000000,241501.89300000,36207338.99984000
1746187200000,150.72000000,151.91000000,149.28000000,149.88000000,557526.50400000,84010613.44429000
1746201600000,149.89000000,151.43000000,147.70000000,148.08000000,414267.28000000,61978559.82635000
1746216000000,148.09000000,148.65000000,147.30000000,148.05000000,219126.56600000,32417300.68918000
1746230400000,148.04000000,149.05000000,147.52000000,148.30000000,210266.37000000,31170251.08081000
1746244800000,148.30000000,148.58000000,147.38000000,148.08000000,176952.34100000,26161844.06007000
1746259200000,148.08000000,148.40000000,146.68000000,147.14000000,303702.75800000,44765921.47073000
1746273600000,147.14000000,149.00000000,147.13000000,148.46000000,307870.68600000,45669089.39911000
1746288000000,148.47000000,148.47000000,145.82000000,147.42000000,266722.96200000,39196008.55271000
1746302400000,147.42000000,147.91000000,146.63000000,146.71000000,141068.44300000,20784163.17140000
1746316800000,146.71000000,147.71000000,145.50000000,145.61000000,190012.87000000,27830978.01452000
1746331200000,145.61000000,146.54000000,145.17000000,145.62000000,235365.63700000,34303656.38358000
1746345600000,145.62000000,146.01000000,144.68000000,145.45000000,388439.08800000,56487137.86719000
1746360000000,145.46000000,147.27000000,144.94000000,146.84000000,241870.32500000,35375173.17252000
1746374400000,146.83000000,147.81000000,146.00000000,146.18000000,250358.40800000,36772058.86319000
1746388800000,146.18000000,147.14000000,143.50000000,143.95000000,307312.22500000,44673067.73933000
1746403200000,143.94000000,145.44000000,142.50000000,144.91000000,355187.50200000,51198335.38017000
1746417600000,144.91000000,147.36000000,144.89000000,146.88000000,276946.35200000,40563986.03601000
1746432000000,146.88000000,147.05000000,143.56000000,144.19000000,274401.44700000,39859120.82389000
1746446400000,144.18000000,145.42000000,143.16000000,143.76000000,388956.85600000,56178887.61462000
1746460800000,143.76000000,147.14000000,143.68000000,146.48000000,407143.46400000,59435513.75872000
1746475200000,146.48000000,147.73000000,144.95000000,146.72000000,328360.18000000,48175172.63082000
1746489600000,146.72000000,146.83000000,143.80000000,144.63000000,367296.35600000,53384172.71994000
1746504000000,144.63000000,145.88000000,144.32000000,145.28000000,204464.02900000,29655162.87528000
1746518400000,145.27000000,145.28000000,142.00000000,142.57000000,424425.08300000,60885709.88601000
1746532800000,142.57000000,143.96000000,141.41000000,143.18000000,462147.17800000,65986049.67097000
1746547200000,143.18000000,145.28000000,142.42000000,144.85000000,381449.41500000,54893751.24191000
1746561600000,144.85000000,147.23000000,143.52000000,146.88000000,512528.87400000,74653188.92858000
1746576000000,146.89000000,149.54000000,145.43000000,146.24000000,576871.73300000,85339292.71470000
1746590400000,146.23000000,147.32000000,145.43000000,147.27000000,197765.43900000,28922125.13740000
1746604800000,147.27000000,148.29000000,146.93000000,147.59000000,275188.95600000,40636320.60310000
1746619200000,147.60000000,147.74000000,145.43000000,145.75000000,380726.04100000,55862339.69867000
1746633600000,145.75000000,147.34000000,144.68000000,145.77000000,525191.44500000,76654165.21566000
1746648000000,145.77000000,148.35000000,145.48000000,147.32000000,484822.67000000,71495745.49134000
1746662400000,147.32000000,151.19000000,147.08000000,150.87000000,586318.16000000,87545791.01223000
1746676800000,150.88000000,151.97000000,149.97000000,151.57000000,786307.04600000,118747508.08870000
1746691200000,151.57000000,155.28000000,151.53000000,154.57000000,695506.26700000,106985297.02281000
1746705600000,154.57000000,163.18000000,154.18000000,160.24000000,1803513.91600000,285417332.21736000
1746720000000,160.23000000,161.07000000,158.52000000,160.53000000,1104587.54600000,176395903.33269000
1746734400000,160.54000000,164.60000000,159.75000000,164.46000000,1064389.68300000,172294498.31265000
1746748800000,164.46000000,164.46000000,161.34000000,161.37000000,644843.30200000,104981915.35756000
1746763200000,161.37000000,166.91000000,161.07000000,165.08000000,826538.80000000,135570161.55203000
1746777600000,165.08000000,176.15000000,164.30000000,172.32000000,2367640.72900000,401868912.18985000
1746792000000,172.33000000,173.44000000,167.36000000,170.75000000,1428271.65400000,243762591.50607000
1746806400000,170.76000000,172.58000000,168.59000000,171.89000000,672993.85100000,115004788.08060000
1746820800000,171.90000000,173.81000000,171.15000000,172.78000000,378286.31300000,65247461.34016000
1746835200000,172.77000000,175.19000000,170.66000000,171.59000000,449443.81800000,77499863.46588000
1746849600000,171.59000000,172.54000000,169.76000000,172.32000000,387316.26100000,66360987.83397000
1746864000000,172.32000000,173.40000000,168.72000000,169.00000000,671046.58600000,114900346.05229000
1746878400000,169.00000000,172.03000000,169.00000000,171.07000000,415046.49900000,70981797.61362000
1746892800000,171.07000000,173.83000000,170.86000000,172.22000000,523576.16200000,90189733.33721000
1746907200000,172.22000000,178.98000000,171.41000000,177.89000000,893271.85300000,156613979.14275000
1746921600000,177.89000000,180.26000000,172.92000000,175.86000000,1151356.38300000,204332839.92486000
1746936000000,175.86000000,177.70000000,172.29000000,172.60000000,476338.51500000,83418492.80228000
1746950400000,172.61000000,175.04000000,172.58000000,174.76000000,320930.12200000,55821113.08220000
1746964800000,174.76000000,175.22000000,169.35000000,170.48000000,582839.69000000,100397313.14856000
1746979200000,170.48000000,173.43000000,169.40000000,172.73000000,419532.05200000,72012667.03502000
1746993600000,172.72000000,173.85000000,171.26000000,173.19000000,259732.75800000,44772100.13668000
1747008000000,173.20000000,176.88000000,171.74000000,174.90000000,698943.07600000,121971973.49778000
1747022400000,174.90000000,179.79000000,173.63000000,176.09000000,1397760.78500000,247566414.21089000
1747036800000,176.08000000,177.01000000,173.64000000,174.11000000,791743.57900000,138948885.75210000
1747051200000,174.10000000,181.46000000,174.00000000,174.40000000,1841197.93700000,326444682.82711000
1747065600000,174.39000000,176.67000000,168.31000000,171.22000000,1132361.92200000,195475939.34250000
1747080000000,171.22000000,174.81000000,170.41000000,174.22000000,383725.67800000,66342888.63164000
1747094400000,174.22000000,174.38000000,166.94000000,166.97000000,725687.79300000,123466589.84933000
1747108800000,166.98000000,172.44000000,166.18000000,171.49000000,531456.72000000,90297811.29687000
1747123200000,171.49000000,175.15000000,170.93000000,174.00000000,444451.87600000,77030278.92418000
1747137600000,174.00000000,176.31000000,172.11000000,176.09000000,968525.19000000,168857199.75120000
1747152000000,176.08000000,184.45000000,175.72000000,182.05000000,1184464.87600000,212371895.84588000
1747166400000,182.05000000,184.83000000,180.35000000,183.75000000,732456.94300000,133953381.02526000
1747180800000,183.75000000,184.88000000,179.11000000,180.28000000,892108.18300000,162223847.02060000
1747195200000,180.28000000,183.99000000,179.86000000,181.72000000,537256.04400000,97795672.87258000
1747209600000,181.73000000,182.62000000,177.57000000,181.06000000,708105.90800000,127507208.83179000
1747224000000,181.06000000,181.89000000,175.60000000,177.35000000,766121.29700000,136748816.70965000
1747238400000,177.34000000,177.68000000,173.23000000,177.06000000,482846.69100000,84949771.87834000
1747252800000,177.07000000,177.69000000,175.22000000,176.64000000,232717.13000000,41076489.11802000
1747267200000,176.63000000,178.33000000,174.06000000,174.06000000,426083.86600000,75079590.80072000
1747281600000,174.06000000,175.29000000,169.76000000,170.40000000,515629.43900000,88965581.55770000
1747296000000,170.40000000,173.06000000,168.67000000,171.09000000,491536.87400000,83947393.19503000
1747310400000,171.08000000,172.84000000,166.98000000,172.23000000,967334.35700000,164439139.51997000
1747324800000,172.23000000,174.49000000,167.72000000,169.76000000,630724.35800000,108268293.29145000
1747339200000,169.77000000,170.66000000,166.70000000,169.16000000,514728.83000000,86875971.31995000
1747353600000,169.16000000,173.68000000,168.69000000,172.62000000,601701.17300000,103153474.75762000
1747368000000,172.62000000,173.52000000,170.98000000,172.13000000,325723.39100000,56137551.30657000
1747382400000,172.13000000,174.21000000,169.35000000,172.81000000,470266.69600000,80895894.71178000
1747396800000,172.82000000,174.20000000,170.85000000,172.08000000,572666.99100000,98851328.53230000
1747411200000,172.09000000,172.72000000,169.73000000,171.44000000,338527.91200000,57843168.97137000
1747425600000,171.43000000,171.43000000,166.36000000,167.40000000,457500.50800000,77042215.29294000
1747440000000,167.40000000,168.65000000,164.01000000,168.26000000,718454.78200000,119296421.52561000
1747454400000,168.26000000,169.99000000,166.97000000,168.55000000,308739.52500000,52011548.98008000
1747468800000,168.55000000,169.38000000,166.71000000,167.60000000,308673.82500000,51851881.02336000
1747483200000,167.60000000,168.23000000,165.82000000,167.31000000,246994.12600000,41333527.90242000
1747497600000,167.31000000,167.52000000,164.40000000,165.25000000,355959.50100000,59061075.09457000
1747512000000,165.25000000,167.93000000,164.36000000,165.94000000,323299.94700000,53684721.16514000
1747526400000,165.94000000,167.90000000,165.85000000,166.90000000,257060.17000000,42908560.39487000
1747540800000,166.91000000,170.72000000,166.88000000,170.68000000,291793.91400000,49379704.98908000
1747555200000,170.68000000,172.00000000,170.56000000,170.79000000,274171.72400000,46962380.34238000
1747569600000,170.78000000,176.67000000,170.20000000,176.26000000,564060.33900000,97919711.72789000
1747584000000,176.26000000,176.77000000,166.51000000,166.65000000,956928.49200000,164316645.27814000
1747598400000,166.64000000,174.28000000,164.54000000,173.30000000,850596.29700000,143023551.89573000
1747612800000,173.30000000,173.94000000,165.00000000,165.35000000,833700.65100000,140416184.12434000
1747627200000,165.35000000,166.84000000,159.44000000,161.89000000,1070074.64800000,174245933.42856000
1747641600000,161.90000000,162.70000000,160.44000000,162.19000000,450687.28300000,72865889.29612000
1747656000000,162.19000000,164.76000000,160.16000000,164.21000000,704323.09500000,114598432.07114000
1747670400000,164.20000000,167.39000000,162.78000000,166.61000000,655781.86500000,108422429.65726000
1747684800000,166.60000000,167.80000000,165.14000000,166.86000000,361785.20200000,60134597.06922000
1747699200000,166.87000000,173.11000000,166.78000000,169.19000000,939665.02300000,159591690.99754000
1747713600000,169.18000000,170.64000000,167.08000000,167.34000000,438612.63500000,74055049.92640000
1747728000000,167.35000000,168.14000000,165.23000000,166.47000000,412925.34400000,68853723.50178000
1747742400000,166.46000000,167.36000000,164.51000000,166.64000000,465567.78300000,77257358.76895000
1747756800000,166.63000000,169.13000000,164.56000000,168.17000000,493020.49300000,82151783.40896000
1747771200000,168.16000000,169.38000000,166.26000000,168.59000000,385629.14800000,64790550.23955000
1747785600000,168.59000000,170.92000000,166.78000000,169.97000000,564366.71700000,95306202.74996000
1747800000000,169.97000000,171.76000000,168.32000000,168.85000000,588141.31900000,100203948.53249000
1747814400000,168.85000000,169.64000000,167.35000000,169.34000000,293404.64400000,49427089.92984000
1747828800000,169.33000000,173.65000000,168.37000000,172.17000000,881814.37200000,151052096.55725000
1747843200000,172.17000000,174.95000000,165.51000000,171.14000000,1367771.00500000,231650441.60777000
1747857600000,171.14000000,175.99000000,169.12000000,173.53000000,705112.34300000,121549030.00200000
1747872000000,173.54000000,177.52000000,172.59000000,176.82000000,829467.62900000,144937117.42024000
1747886400000,176.83000000,178.79000000,175.26000000,178.49000000,658437.28200000,116379067.08767000
1747900800000,178.49000000,180.87000000,177.16000000,178.08000000,767226.67900000,137401284.03147000
1747915200000,178.07000000,179.89000000,176.94000000,179.02000000,652369.75600000,116394559.40923000
1747929600000,179.03000000,180.36000000,177.50000000,177.85000000,417292.69200000,74689383.82569000
1747944000000,177.86000000,180.02000000,177.31000000,179.68000000,283428.82400000,50623366.64300000
1747958400000,179.68000000,185.40000000,179.28000000,185.00000000,1011102.67800000,185022441.56890000
1747972800000,185.01000000,185.32000000,179.99000000,182.55000000,682046.52000000,124134256.15123000
1747987200000,182.56000000,187.71000000,177.10000000,177.91000000,1214646.33900000,223033980.17142000
1748001600000,177.91000000,183.76000000,173.29000000,180.66000000,1875739.14500000,334787828.25970000
1748016000000,180.67000000,182.25000000,178.41000000,179.14000000,658649.74500000,118835826.13406000
1748030400000,179.13000000,179.26000000,173.23000000,174.01000000,670726.34900000,118215711.27655000
1748044800000,174.00000000,176.02000000,172.50000000,175.11000000,567108.51000000,98921185.40827000
1748059200000,175.11000000,176.39000000,173.46000000,173.92000000,396774.62100000,69396354.91666000
1748073600000,173.93000000,178.33000000,173.24000000,176.90000000,493749.29500000,86983708.79630000
1748088000000,176.89000000,177.13000000,175.05000000,176.31000000,333992.82700000,58879210.82870000
1748102400000,176.32000000,177.68000000,175.31000000,177.14000000,246176.00700000,43515380.23267000
1748116800000,177.14000000,177.91000000,175.35000000,175.87000000,280163.76100000,49455155.12033000
1748131200000,175.87000000,176.88000000,170.36000000,173.64000000,655947.13600000,113370935.74785000
1748145600000,173.64000000,174.41000000,171.88000000,172.34000000,250997.17500000,43484277.83709000
1748160000000,172.35000000,172.36000000,170.13000000,171.98000000,509827.65800000,87395516.68287000
1748174400000,171.99000000,172.66000000,169.14000000,170.29000000,453529.84100000,77602968.65403000
1748188800000,170.29000000,172.77000000,169.18000000,172.52000000,277011.47000000,47346072.23334000
1748203200000,172.53000000,175.91000000,170.96000000,175.74000000,383050.57900000,66508028.07892000
1748217600000,175.75000000,177.83000000,175.04000000,177.01000000,561576.41900000,99174927.39649000
1748232000000,177.02000000,179.02000000,176.60000000,178.16000000,377490.68500000,67086948.21072000
1748246400000,178.15000000,178.36000000,176.42000000,177.91000000,301608.62800000,53475700.72221000
1748260800000,177.91000000,178.80000000,175.89000000,177.49000000,394598.50000000,70007499.33773000
1748275200000,177.49000000,178.06000000,173.48000000,174.05000000,370308.05800000,64861904.70444000
1748289600000,174.05000000,176.04000000,173.64000000,174.91000000,209142.50600000,36535632.08492000
1748304000000,174.92000000,175.79000000,171.24000000,173.51000000,442931.77700000,76553199.49430000
1748318400000,173.50000000,175.90000000,172.50000000,175.46000000,310159.39900000,54038164.19593000
1748332800000,175.47000000,177.17000000,175.01000000,176.80000000,325899.00700000,57361767.14930000
1748347200000,176.80000000,179.41000000,175.02000000,178.44000000,784277.64300000,139350141.43257000
1748361600000,178.45000000,179.30000000,177.43000000,177.50000000,421320.61200000,75214256.18179000
1748376000000,177.51000000,178.64000000,175.42000000,176.71000000,283920.93000000,50221431.09172000
1748390400000,176.72000000,177.45000000,174.22000000,175.12000000,378541.17600000,66409494.55171000
1748404800000,175.13000000,175.33000000,173.70000000,173.89000000,241431.68600000,42117511.72539000
1748419200000,173.90000000,174.53000000,172.86000000,174.51000000,324581.33600000,56412636.88454000
1748433600000,174.52000000,175.13000000,168.92000000,169.70000000,873313.27200000,150046301.02591000
1748448000000,169.71000000,172.03000000,169.13000000,169.42000000,468085.79100000,79831712.14869000
1748462400000,169.42000000,172.66000000,169.23000000,172.21000000,248707.61600000,42561664.13999000
1748476800000,172.22000000,175.34000000,171.35000000,173.70000000,553385.44300000,96005662.14374000
1748491200000,173.69000000,173.95000000,170.12000000,172.23000000,326839.23500000,56235615.85104000
1748505600000,172.23000000,173.46000000,171.64000000,172.88000000,251627.21700000,43470538.66062000
1748520000000,172.87000000,172.92000000,169.03000000,169.75000000,598886.91600000,102203000.22140000
1748534400000,169.76000000,170.30000000,166.03000000,166.84000000,638605.66600000,107408920.44326000
1748548800000,166.83000000,168.55000000,165.96000000,166.71000000,272445.49100000,45579606.78676000
1748563200000,166.71000000,167.51000000,160.13000000,165.16000000,870221.32400000,142493583.00140000
1748577600000,165.15000000,165.86000000,162.57000000,162.68000000,449616.33500000,73849963.45784000
1748592000000,162.68000000,164.16000000,161.48000000,163.83000000,471072.65200000,76766917.79086000
1748606400000,163.83000000,163.96000000,160.10000000,161.23000000,615158.38600000,99503855.74266000
1748620800000,161.23000000,161.77000000,156.01000000,160.81000000,854414.85100000,135817694.20474000
1748635200000,160.81000000,161.03000000,155.22000000,156.20000000,509795.96400000,80644465.31334000
1748649600000,156.20000000,157.24000000,152.14000000,154.16000000,765681.06000000,118212044.18500000
1748664000000,154.15000000,155.86000000,153.03000000,154.84000000,240770.02100000,37251564.62995000
1748678400000,154.85000000,155.26000000,152.62000000,152.92000000,320380.36500000,49297095.72869000
1748692800000,152.92000000,156.77000000,152.57000000,155.63000000,468158.65700000,72686639.31990000
1748707200000,155.64000000,157.97000000,155.19000000,157.52000000,332668.95100000,52097412.34672000
1748721600000,157.53000000,158.01000000,156.31000000,156.45000000,224598.69800000,35340855.73123000
1748736000000,156.45000000,156.73000000,153.40000000,154.72000000,317942.34400000,49296559.83165000
1748750400000,154.72000000,155.94000000,154.14000000,154.45000000,192199.52500000,29821647.22384000
1748764800000,154.45000000,154.64000000,150.59000000,152.05000000,453558.12100000,69002864.79155000
1748779200000,152.05000000,154.57000000,150.66000000,154.17000000,309017.59500000,47205932.34657000
1748793600000,154.18000000,156.73000000,153.47000000,155.89000000,510490.71600000,79312843.40919000
1748808000000,155.88000000,157.92000000,155.18000000,157.68000000,258922.74000000,40576129.83204000
1748822400000,157.68000000,158.93000000,155.36000000,155.46000000,379930.48700000,59739874.56415000
1748836800000,155.46000000,156.73000000,154.66000000,155.55000000,284845.69900000,44332784.52164000
1748851200000,155.54000000,156.55000000,152.95000000,153.45000000,492813.73800000,76000617.14898000
1748865600000,153.44000000,154.50000000,151.67000000,153.16000000,577659.61300000,88460235.74446000
1748880000000,153.16000000,155.13000000,151.77000000,152.95000000,389282.23600000,59596096.13814000
1748894400000,152.96000000,157.24000000,152.92000000,156.83000000,377520.41800000,58712869.10867000
1748908800000,156.83000000,162.38000000,156.39000000,159.44000000,768092.55600000,122784415.47596000
1748923200000,159.45000000,160.20000000,158.22000000,159.82000000,261021.45700000,41589721.45740000
1748937600000,159.83000000,161.65000000,158.28000000,160.56000000,374046.94700000,59815795.50190000
1748952000000,160.56000000,163.64000000,159.44000000,162.20000000,594658.99800000,95989396.68383000
1748966400000,162.21000000,162.41000000,159.98000000,160.56000000,328225.45000000,52845599.98953000
1748980800000,160.56000000,160.59000000,154.14000000,155.19000000,523539.73700000,81979008.54880000
1748995200000,155.19000000,157.63000000,154.18000000,156.56000000,418735.68800000,65439944.70864000
1749009600000,156.57000000,157.02000000,155.72000000,156.42000000,178183.76500000,27880821.24479000
1749024000000,156.42000000,157.92000000,155.72000000,155.92000000,245382.81400000,38470867.96957000
1749038400000,155.92000000,157.97000000,154.58000000,157.13000000,401742.74400000,62772333.07557000
1749052800000,157.13000000,157.57000000,155.28000000,155.37000000,239970.46300000,37518283.37696000
1749067200000,155.36000000,155.59000000,152.94000000,153.26000000,506630.95000000,78192192.70398000
1749081600000,153.27000000,154.61000000,153.00000000,153.83000000,320665.73200000,49317826.45750000
1749096000000,153.84000000,154.15000000,151.90000000,152.44000000,761586.14900000,116444868.69436000
1749110400000,152.44000000,153.04000000,151.28000000,152.37000000,322959.04200000,49164451.27290000
1749124800000,152.38000000,154.41000000,148.54000000,150.90000000,833077.73800000,126052965.16041000
1749139200000,150.90000000,151.11000000,144.15000000,146.20000000,985248.60800000,145416976.11883000
1749153600000,146.20000000,146.60000000,141.53000000,144.29000000,1034503.80600000,148582750.13760000
1749168000000,144.28000000,146.85000000,144.11000000,146.84000000,359753.14500000,52350035.73649000
1749182400000,146.84000000,148.25000000,146.65000000,147.40000000,314776.10400000,46381190.29216000
1749196800000,147.40000000,149.61000000,147.24000000,149.10000000,331158.08200000,49107384.77388000
1749211200000,149.11000000,152.39000000,149.11000000,151.08000000,652005.60300000,98527574.20364000
1749225600000,151.09000000,151.56000000,148.46000000,149.09000000,326373.53900000,48885228.87673000
1749240000000,149.10000000,149.97000000,147.68000000,147.83000000,183724.64100000,27357390.13070000
1749254400000,147.82000000,149.71000000,146.84000000,149.46000000,242735.58200000,35977575.00934000
1749268800000,149.47000000,152.84000000,148.99000000,152.38000000,300726.67800000,45448354.74510000
1749283200000,152.37000000,152.72000000,151.23000000,151.45000000,179152.49000000,27219119.55156000
1749297600000,151.45000000,152.42000000,150.71000000,150.99000000,318207.43700000,48283239.55492000
1749312000000,151.00000000,151.61000000,150.15000000,150.58000000,210222.57300000,31710198.77847000
1749326400000,150.57000000,151.49000000,149.76000000,150.06000000,157159.85500000,23695352.13315000
1749340800000,150.07000000,150.35000000,149.15000000,149.85000000,219074.51400000,32812716.14799000
1749355200000,149.85000000,150.51000000,149.13000000,149.31000000,138677.60500000,20791031.19266000
1749369600000,149.30000000,149.71000000,147.88000000,149.62000000,232937.47300000,34675658.53337000
1749384000000,149.62000000,151.19000000,149.02000000,150.70000000,225287.80100000,33822043.34557000
1749398400000,150.69000000,154.52000000,150.64000000,154.46000000,433260.69500000,66373865.15758000
1749412800000,154.47000000,155.30000000,152.13000000,152.45000000,314762.27800000,48398817.45728000
1749427200000,152.45000000,153.17000000,150.79000000,151.54000000,288776.06200000,43878544.72561000
1749441600000,151.54000000,151.87000000,149.58000000,150.88000000,272080.35800000,40980778.32842000
1749456000000,150.87000000,156.61000000,150.40000000,155.62000000,727822.67300000,112300297.64718000
1749470400000,155.62000000,155.83000000,153.07000000,155.02000000,541305.26200000,83760946.20222000
1749484800000,155.02000000,157.01000000,155.00000000,155.75000000,538679.12200000,84105638.30800000
1749499200000,155.76000000,161.73000000,155.72000000,161.16000000,711064.78800000,113079766.51157000
1749513600000,161.16000000,161.82000000,158.69000000,159.17000000,373703.07100000,59895099.62955000
1749528000000,159.18000000,159.61000000,157.40000000,158.45000000,343045.12700000,54343060.53757000
1749542400000,158.46000000,161.51000000,157.15000000,160.85000000,537599.27900000,85530461.55917000
1749556800000,160.85000000,161.99000000,156.32000000,158.02000000,717430.01900000,114164232.33478000
1749571200000,158.03000000,165.48000000,157.10000000,163.61000000,982700.13000000,159762362.82319000
1749585600000,163.61000000,165.67000000,162.86000000,165.12000000,635081.53700000,104349822.42776000
1749600000000,165.12000000,167.46000000,163.43000000,166.67000000,766347.63700000,126649970.35738000
1749614400000,166.67000000,167.15000000,164.35000000,166.65000000,437800.64700000,72572706.63392000
1749628800000,166.65000000,167.19000000,164.00000000,164.50000000,533461.19100000,88330219.94575000
1749643200000,164.50000000,168.36000000,163.73000000,167.26000000,1038023.64600000,172868530.06677000
1749657600000,167.27000000,167.44000000,162.39000000,162.64000000,656756.96900000,108124461.66112000
1749672000000,162.64000000,163.86000000,159.21000000,160.97000000,587034.90900000,94674243.01794000
1749686400000,160.98000000,161.28000000,159.28000000,159.87000000,426395.63800000,68322364.49005000
1749700800000,159.87000000,160.56000000,158.28000000,158.80000000,328952.69200000,52418900.41273000
1749715200000,158.80000000,159.92000000,157.42000000,157.72000000,455771.48200000,72367564.95337000
1749729600000,157.72000000,160.64000000,156.44000000,157.02000000,613689.26200000,97304441.68978000
1749744000000,157.02000000,160.46000000,154.50000000,154.84000000,487995.61400000,76947096.69326000
1749758400000,154.84000000,155.47000000,152.02000000,152.32000000,570671.99700000,87490269.16758000
1749772800000,152.32000000,152.59000000,140.21000000,144.76000000,2280448.40800000,330231653.64149000
1749787200000,144.76000000,145.46000000,142.58000000,145.02000000,711498.21600000,102578848.39904000
1749801600000,145.02000000,146.67000000,143.66000000,145.45000000,672915.64000000,97563858.84597000
1749816000000,145.45000000,147.78000000,143.92000000,147.18000000,730693.91600000,106564386.02626000
1749830400000,147.18000000,148.52000000,144.30000000,145.17000000,627940.56500000,91712963.50595000
1749844800000,145.17000000,148.94000000,144.75000000,148.60000000,316286.03800000,46519402.90905000
1749859200000,148.60000000,148.70000000,146.42000000,146.71000000,303413.94200000,44692522.07347000
1749873600000,146.71000000,147.15000000,145.54000000,146.18000000,221756.17900000,32464528.40310000
1749888000000,146.17000000,146.21000000,144.93000000,145.86000000,192168.76900000,27968444.39460000
1749902400000,145.85000000,145.95000000,143.80000000,144.54000000,340759.98000000,49380823.18953000
1749916800000,144.53000000,145.11000000,142.92000000,143.50000000,341155.24300000,49144876.90029000
1749931200000,143.51000000,145.01000000,141.97000000,144.64000000,280740.63800000,40356321.55418000
1749945600000,144.65000000,146.05000000,144.60000000,145.75000000,195420.06800000,28417385.92450000
1749960000000,145.75000000,148.10000000,145.68000000,145.87000000,365597.82700000,53641601.10300000
1749974400000,145.87000000,146.71000000,144.22000000,146.36000000,297480.12900000,43228944.95231000
1749988800000,146.35000000,152.97000000,146.16000000,150.84000000,928987.12600000,139217608.66153000
1750003200000,150.84000000,153.54000000,150.18000000,152.23000000,516532.46300000,78476359.46670000
1750017600000,152.23000000,153.00000000,148.15000000,152.97000000,527982.00300000,79581612.57081000
1750032000000,152.97000000,157.41000000,150.99000000,155.58000000,938467.77700000,145231565.24500000
1750046400000,155.59000000,157.95000000,155.51000000,157.28000000,419157.50500000,65741485.20289000
1750060800000,157.27000000,157.50000000,154.81000000,156.48000000,519194.02400000,81149166.32252000
1750075200000,156.48000000,157.78000000,154.68000000,156.58000000,575446.56100000,89962773.89877000
1750089600000,156.58000000,158.80000000,156.35000000,157.79000000,403163.62100000,63586345.82132000
1750104000000,157.80000000,157.86000000,150.30000000,150.72000000,717767.29700000,110607063.57203000
1750118400000,150.73000000,153.98000000,147.47000000,153.36000000,887864.70100000,133950893.88176000
1750132800000,153.37000000,154.33000000,151.91000000,152.67000000,362748.30200000,55552820.21647000
1750147200000,152.67000000,152.90000000,150.18000000,150.53000000,427122.51200000,64619256.02452000
1750161600000,150.53000000,151.43000000,146.52000000,147.62000000,634730.45500000,94660420.10718000
1750176000000,147.62000000,150.39000000,145.61000000,148.87000000,705640.21000000,104017245.23663000
1750190400000,148.87000000,149.25000000,146.26000000,147.57000000,377542.67900000,55857511.75817000
1750204800000,147.58000000,149.10000000,146.54000000,148.37000000,348215.55800000,51511355.38474000
1750219200000,148.38000000,149.28000000,146.89000000,147.99000000,334984.17200000,49588943.46159000
1750233600000,147.99000000,148.56000000,145.34000000,146.52000000,359523.15900000,52802239.86625000
1750248000000,146.52000000,146.77000000,143.76000000,145.74000000,698361.50600000,101504932.83242000
1750262400000,145.74000000,146.51000000,143.65000000,144.71000000,633743.72700000,91878599.69153000
1750276800000,144.71000000,147.92000000,144.09000000,146.34000000,426080.85800000,62570122.48162000
1750291200000,146.35000000,147.90000000,144.96000000,146.58000000,395349.13800000,57791126.49751000
1750305600000,146.58000000,147.16000000,145.00000000,145.07000000,483704.79700000,70601132.49191000
1750320000000,145.08000000,146.50000000,144.85000000,145.09000000,282924.39800000,41217896.78530000
1750334400000,145.10000000,145.50000000,142.92000000,143.16000000,461435.51500000,66477910.97063000
1750348800000,143.16000000,146.04000000,143.11000000,145.48000000,364892.12700000,52819306.04113000
1750363200000,145.48000000,147.45000000,145.03000000,147.04000000,297029.75400000,43490302.51076000
1750377600000,147.04000000,147.54000000,145.41000000,145.44000000,232426.67500000,34051887.39112000
1750392000000,145.45000000,147.78000000,144.30000000,147.47000000,258030.33700000,37621357.14673000
1750406400000,147.48000000,148.81000000,146.91000000,148.17000000,407145.42400000,60229964.33775000
1750420800000,148.17000000,148.37000000,142.35000000,142.86000000,652353.82400000,94675526.94760000
1750435200000,142.86000000,143.00000000,135.69000000,139.82000000,1542973.26400000,214488539.27832000
1750449600000,139.81000000,141.71000000,138.67000000,140.11000000,300397.68500000,42099531.97479000
1750464000000,140.11000000,141.34000000,139.54000000,140.76000000,259040.42600000,36366139.64424000
1750478400000,140.75000000,140.98000000,139.85000000,140.64000000,158434.19300000,22225879.12801000
1750492800000,140.64000000,142.60000000,140.29000000,142.08000000,366231.72700000,51966215.77991000
1750507200000,142.08000000,142.46000000,139.15000000,140.30000000,444706.75000000,62635560.44824000
1750521600000,140.29000000,141.05000000,137.22000000,137.28000000,542044.57000000,75244217.87536000
1750536000000,137.29000000,138.90000000,130.90000000,135.43000000,1055966.47700000,141833786.77222000
1750550400000,135.43000000,137.62000000,133.24000000,135.11000000,708682.13200000,95931848.41941000
1750564800000,135.12000000,136.50000000,134.60000000,134.82000000,309529.39300000,42001790.61315000
1750579200000,134.82000000,135.36000000,131.95000000,133.25000000,370187.07500000,49421160.56390000
1750593600000,133.26000000,133.88000000,126.51000000,128.55000000,1524658.34900000,196761095.15341000
1750608000000,128.56000000,131.48000000,128.29000000,129.06000000,462495.19200000,59939874.14734000
1750622400000,129.07000000,132.56000000,126.00000000,131.71000000,876567.88200000,113801658.63953000
1750636800000,131.71000000,133.53000000,131.53000000,132.67000000,452520.91800000,59938375.38952000
1750651200000,132.67000000,135.01000000,132.35000000,134.38000000,358384.77500000,48021042.99425000
1750665600000,134.38000000,134.88000000,133.25000000,134.09000000,260737.33700000,34935145.50050000
1750680000000,134.10000000,137.50000000,132.91000000,133.43000000,939109.23600000,127078541.78855000
1750694400000,133.44000000,140.27000000,130.68000000,139.79000000,1365362.73300000,185160576.04875000
1750708800000,139.79000000,146.92000000,139.21000000,144.51000000,1197032.66800000,171945898.85551000
1750723200000,144.51000000,144.77000000,142.31000000,143.24000000,411388.60400000,58983487.77790000
1750737600000,143.23000000,146.77000000,142.84000000,144.01000000,550150.12700000,79720205.97827000
1750752000000,144.01000000,145.81000000,143.02000000,144.57000000,468516.73600000,67540292.29407000
1750766400000,144.56000000,145.70000000,143.44000000,144.31000000,550064.71700000,79497793.53887000
1750780800000,144.31000000,146.62000000,142.84000000,143.61000000,481214.15600000,69591358.23621000
1750795200000,143.61000000,145.96000000,143.19000000,145.92000000,280474.74600000,40647323.62510000
1750809600000,145.93000000,146.90000000,145.02000000,145.52000000,285609.18000000,41704037.56817000
1750824000000,145.51000000,147.49000000,144.88000000,147.01000000,294235.67400000,43019848.76884000
1750838400000,147.01000000,147.13000000,145.03000000,146.26000000,347865.25800000,50724285.97335000
1750852800000,146.26000000,147.95000000,143.12000000,143.69000000,717721.41500000,104513148.70315000
1750867200000,143.70000000,144.74000000,142.82000000,144.74000000,339449.35700000,48800229.32294000
1750881600000,144.74000000,145.61000000,142.25000000,143.57000000,248721.02500000,35771996.85927000
1750896000000,143.57000000,148.00000000,143.43000000,145.90000000,391115.19400000,57048731.16290000
1750910400000,145.91000000,146.07000000,144.02000000,145.15000000,313216.46400000,45411953.78830000
1750924800000,145.16000000,145.81000000,143.20000000,143.65000000,310581.21600000,44740025.29491000
1750939200000,143.65000000,143.96000000,141.41000000,143.00000000,569500.52000000,81268488.34245000
1750953600000,143.00000000,143.24000000,140.89000000,142.29000000,359222.78600000,51026704.40867000
1750968000000,142.28000000,143.96000000,138.62000000,139.06000000,578871.76200000,81493159.59389000
1750982400000,139.05000000,141.58000000,137.14000000,141.36000000,486476.14300000,67649257.07620000
1750996800000,141.37000000,142.22000000,140.18000000,140.33000000,272399.69000000,38406906.17381000
1751011200000,140.33000000,142.80000000,140.32000000,142.15000000,332706.69300000,47177829.94513000
1751025600000,142.15000000,143.85000000,141.15000000,143.47000000,456334.69500000,64978211.08121000
1751040000000,143.47000000,144.85000000,140.12000000,141.78000000,525963.65400000,74968551.89787000
1751054400000,141.77000000,143.36000000,141.63000000,142.09000000,397966.27500000,56762749.89105000
1751068800000,142.09000000,143.55000000,141.13000000,143.40000000,295491.48800000,42038825.43328000
1751083200000,143.39000000,146.81000000,143.08000000,146.57000000,417061.84200000,60358234.03097000
1751097600000,146.56000000,147.62000000,145.61000000,147.15000000,673383.91400000,98939138.25354000
1751112000000,147.14000000,148.67000000,145.87000000,148.17000000,356111.12900000,52359364.87107000
1751126400000,148.16000000,152.70000000,148.10000000,150.67000000,729669.41400000,109634727.38993000
1751140800000,150.67000000,151.37000000,150.04000000,150.72000000,186118.89500000,28043447.71175000
1751155200000,150.73000000,151.08000000,149.42000000,149.47000000,321242.27000000,48237263.06572000
1751169600000,149.47000000,150.33000000,149.36000000,150.32000000,168449.03700000,25235061.60551000
1751184000000,150.33000000,152.24000000,149.93000000,151.68000000,318094.46100000,48103375.48613000
1751198400000,151.68000000,152.55000000,150.72000000,150.75000000,353539.03700000,53580092.10392000
1751212800000,150.76000000,152.24000000,149.72000000,151.18000000,291991.88900000,44083374.04880000
1751227200000,151.19000000,154.77000000,150.35000000,153.32000000,696709.47800000,106695499.14073000
1751241600000,153.32000000,154.08000000,151.26000000,151.77000000,451430.28000000,68874649.56259000
1751256000000,151.77000000,152.02000000,149.70000000,150.64000000,349802.72600000,52781005.41414000
1751270400000,150.63000000,151.07000000,149.45000000,150.38000000,307902.96100000,46276238.89002000
1751284800000,150.38000000,159.99000000,149.67000000,157.83000000,1504747.34200000,233421681.71680000
1751299200000,157.83000000,158.46000000,155.32000000,157.77000000,860505.41400000,135074089.61975000
1751313600000,157.77000000,157.80000000,154.50000000,154.81000000,397001.61200000,61914994.17664000
1751328000000,154.82000000,155.64000000,153.17000000,153.94000000,340192.15800000,52495046.88493000
1751342400000,153.93000000,153.93000000,148.82000000,150.07000000,644254.07400000,97280456.68697000
1751356800000,150.06000000,150.07000000,148.14000000,148.84000000,470324.36400000,70121666.03644000
1751371200000,148.85000000,149.29000000,146.24000000,147.22000000,614792.64900000,90885177.41733000
1751385600000,147.22000000,148.45000000,145.33000000,145.46000000,447403.10300000,65706668.25071000
1751400000000,145.46000000,147.02000000,144.85000000,146.88000000,253895.82600000,37099487.48452000
1751414400000,146.87000000,149.25000000,145.85000000,148.87000000,291945.51000000,43149011.04612000
1751428800000,148.86000000,149.92000000,148.32000000,149.09000000,247056.61300000,36828022.15915000
1751443200000,149.10000000,149.99000000,148.39000000,148.62000000,287353.96100000,42882112.20754000
1751457600000,148.61000000,151.58000000,147.12000000,151.31000000,668722.47300000,100047777.31847000
1751472000000,151.31000000,153.64000000,150.33000000,153.02000000,805466.99600000,122724549.50272000
1751486400000,153.02000000,154.47000000,151.97000000,152.27000000,352028.72600000,53935385.35719000
1751500800000,152.28000000,154.02000000,151.77000000,153.42000000,284069.23800000,43418484.46779000
1751515200000,153.41000000,155.95000000,153.22000000,155.61000000,427649.29700000,66312575.51889000
1751529600000,155.61000000,156.35000000,154.13000000,154.53000000,355566.23200000,55228982.03840000
1751544000000,154.53000000,155.26000000,149.86000000,150.18000000,1053851.96900000,161142684.76867000
1751558400000,150.18000000,152.04000000,149.91000000,151.81000000,331389.90200000,50068646.67886000
1751572800000,151.81000000,153.26000000,151.81000000,152.36000000,233691.56700000,35685869.95948000
1751587200000,152.35000000,153.16000000,150.90000000,151.69000000,219950.28000000,33454202.17317000
1751601600000,151.70000000,153.88000000,150.27000000,150.48000000,442284.74400000,67245342.43678000
1751616000000,150.48000000,150.98000000,149.02000000,150.21000000,336622.39000000,50567067.21875000
1751630400000,150.22000000,151.25000000,146.29000000,146.57000000,618399.49800000,91715443.43624000
1751644800000,146.56000000,147.00000000,145.22000000,146.72000000,427611.21700000,62496530.05332000
1751659200000,146.73000000,148.37000000,146.37000000,147.70000000,263218.60700000,38822928.99111000
1751673600000,147.69000000,148.56000000,147.20000000,147.75000000,162640.99500000,24080165.80682000
1751688000000,147.76000000,148.52000000,146.72000000,147.86000000,231282.31100000,34163023.88104000
1751702400000,147.85000000,148.55000000,146.81000000,148.18000000,216066.19200000,31912017.00795000
1751716800000,148.19000000,148.70000000,147.05000000,147.12000000,186496.90600000,27583005.35811000
1751731200000,147.11000000,147.26000000,145.90000000,146.89000000,261454.23300000,38321796.50742000
1751745600000,146.89000000,148.02000000,146.47000000,147.55000000,116023.22300000,17092969.08820000
1751760000000,147.55000000,147.65000000,146.85000000,147.35000000,132096.92700000,19446486.92525000
1751774400000,147.35000000,148.50000000,147.08000000,147.90000000,191658.79300000,28321369.23228000
1751788800000,147.89000000,148.04000000,146.78000000,147.98000000,147586.58600000,21750873.05412000
1751803200000,147.99000000,152.09000000,147.86000000,151.53000000,978174.80000000,147368134.21555000
1751817600000,151.53000000,153.20000000,150.68000000,151.27000000,643531.54600000,97837903.01358000
1751832000000,151.28000000,153.89000000,151.23000000,151.86000000,393811.06600000,60029282.76035000
1751846400000,151.86000000,152.90000000,150.24000000,151.86000000,261498.31000000,39611934.86317000
1751860800000,151.86000000,152.45000000,150.89000000,152.38000000,252161.33500000,38260245.38339000
1751875200000,152.37000000,153.60000000,151.65000000,152.78000000,263725.75700000,40247132.70267000
1751889600000,152.79000000,153.43000000,151.02000000,151.07000000,420369.75000000,63930259.87088000
1751904000000,151.07000000,151.59000000,148.63000000,148.97000000,561944.67100000,84330370.12191000
1751918400000,148.96000000,148.96000000,147.70000000,148.88000000,415027.90000000,61574718.22028000
1751932800000,148.89000000,150.10000000,147.85000000,148.64000000,291723.60200000,43433096.86603000
1751947200000,148.64000000,149.75000000,148.20000000,149.66000000,195490.52800000,29140116.01936000
1751961600000,149.65000000,151.67000000,149.54000000,151.31000000,485861.39400000,73245172.70522000
1751976000000,151.31000000,152.88000000,149.77000000,149.83000000,606860.36100000,91981328.28943000
1751990400000,149.84000000,152.83000000,149.03000000,151.63000000,610032.82400000,92222824.36911000
1752004800000,151.63000000,151.94000000,150.00000000,151.67000000,522900.61400000,78841553.88526000
1752019200000,151.68000000,152.34000000,151.06000000,151.29000000,203649.98800000,30877004.70384000
1752033600000,151.29000000,153.88000000,150.53000000,153.01000000,568484.50100000,86709487.00901000
1752048000000,153.01000000,154.43000000,152.33000000,153.73000000,301686.92900000,46192503.15651000
1752062400000,153.74000000,155.53000000,152.87000000,153.97000000,744915.80200000,114777497.60606000
1752076800000,153.98000000,157.86000000,153.23000000,157.27000000,623183.79100000,96844093.78337000
1752091200000,157.26000000,157.93000000,155.46000000,157.05000000,465298.73700000,73017043.96631000
1752105600000,157.06000000,159.34000000,155.93000000,157.35000000,337576.40200000,53193974.01615000
1752120000000,157.35000000,158.63000000,156.67000000,157.89000000,307194.32800000,48417853.54256000
1752134400000,157.90000000,159.17000000,157.16000000,157.65000000,242425.44000000,38333827.10658000
1752148800000,157.66000000,158.37000000,155.64000000,156.43000000,522859.23200000,82075722.70935000
1752163200000,156.44000000,161.18000000,156.16000000,159.34000000,1013216.63600000,161108674.77390000
1752177600000,159.34000000,165.43000000,159.23000000,164.34000000,1005110.31100000,164175183.61794000
1752192000000,164.33000000,165.40000000,161.94000000,165.22000000,518721.55900000,85120091.62131000
1752206400000,165.22000000,166.80000000,163.14000000,163.27000000,756764.80000000,124755516.04488000
1752220800000,163.28000000,165.38000000,163.28000000,163.87000000,412025.87900000,67709114.39986000
1752235200000,163.88000000,168.20000000,161.78000000,162.34000000,1345966.15900000,222653914.01165000
1752249600000,162.34000000,165.03000000,161.27000000,164.58000000,703844.23500000,114923280.19247000
1752264000000,164.58000000,164.83000000,159.54000000,162.93000000,616857.08100000,99955000.16064000
1752278400000,162.92000000,163.90000000,161.78000000,163.45000000,283317.85400000,46213283.81245000
1752292800000,163.46000000,163.84000000,162.03000000,163.22000000,231949.41200000,37802331.43323000
1752307200000,163.21000000,163.43000000,161.41000000,161.62000000,253373.53900000,41180741.15800000
1752321600000,161.62000000,161.81000000,157.74000000,158.14000000,826526.97400000,131857330.21039000
1752336000000,158.14000000,160.75000000,157.93000000,160.71000000,289431.52200000,46202311.47214000
1752350400000,160.71000000,160.94000000,158.94000000,160.69000000,158612.64100000,25391417.63167000
1752364800000,160.70000000,161.78000000,160.20000000,161.21000000,206427.79600000,33265367.24680000
1752379200000,161.21000000,162.98000000,161.04000000,162.67000000,240939.83200000,39014478.37036000
1752393600000,162.67000000,162.74000000,161.57000000,162.06000000,169802.19600000,27528055.36328000
1752408000000,162.06000000,164.19000000,161.79000000,162.04000000,460783.79800000,75069946.74029000
1752422400000,162.04000000,163.55000000,160.53000000,162.54000000,423197.45200000,68675224.21326000
1752436800000,162.53000000,163.06000000,159.63000000,161.15000000,428594.77700000,69011971.66688000
1752451200000,161.15000000,168.20000000,160.61000000,167.11000000,844220.10300000,139370605.95428000
1752465600000,167.11000000,168.65000000,165.37000000,167.25000000,845339.49000000,141216900.66668000
1752480000000,167.26000000,168.15000000,166.04000000,166.53000000,513407.23900000,85792415.72488000
1752494400000,166.53000000,168.60000000,163.04000000,163.96000000,821594.12900000,136739655.88274000
1752508800000,163.96000000,165.35000000,162.42000000,164.30000000,537141.03400000,88181056.83747000
1752523200000,164.31000000,164.31000000,161.67000000,162.21000000,412004.53800000,66964591.54089000
1752537600000,162.21000000,162.89000000,158.17000000,159.15000000,700903.11000000,112332127.67914000
1752552000000,159.14000000,160.87000000,158.26000000,159.54000000,376259.66800000,60209298.12251000
1752566400000,159.54000000,160.14000000,158.39000000,159.86000000,359129.82900000,57246664.36988000
1752580800000,159.87000000,162.17000000,157.23000000,160.47000000,939668.52700000,150356838.39174000
1752595200000,160.46000000,163.70000000,159.98000000,160.22000000,818422.08500000,132612959.47259000
1752609600000,160.22000000,164.26000000,159.71000000,163.98000000,470912.53400000,76315971.86367000
1752624000000,163.98000000,165.26000000,161.51000000,162.50000000,491283.40400000,80325005.17008000
1752638400000,162.51000000,164.64000000,161.79000000,164.05000000,303621.47900000,49619006.07005000
1752652800000,164.05000000,167.58000000,163.81000000,166.66000000,775699.80100000,129060103.27366000
1752667200000,166.66000000,168.84000000,165.40000000,168.45000000,1075941.56700000,179948916.30081000
1752681600000,168.45000000,174.70000000,168.40000000,174.16000000,1541209.53500000,265734518.39053000
1752696000000,174.15000000,176.00000000,172.37000000,173.63000000,832532.33700000,145237350.91522000
1752710400000,173.62000000,174.85000000,168.71000000,169.54000000,769849.32200000,131916260.68417000
1752724800000,169.53000000,174.17000000,169.24000000,174.02000000,552386.65900000,95162073.16451000
1752739200000,174.02000000,178.19000000,172.67000000,176.17000000,808987.94300000,142321927.51033000
1752753600000,176.16000000,177.54000000,172.78000000,174.13000000,855184.44400000,149599136.51996000
1752768000000,174.12000000,175.42000000,171.21000000,173.05000000,620916.80900000,107698509.70416000
1752782400000,173.05000000,177.40000000,171.34000000,175.87000000,884230.55000000,154739314.38430000
1752796800000,175.88000000,181.15000000,175.29000000,180.80000000,991006.96500000,177847161.32813000
1752811200000,180.79000000,184.67000000,179.86000000,180.94000000,1288132.83600000,235623478.35075000
1752825600000,180.93000000,181.97000000,177.10000000,178.46000000,660085.16200000,118421409.91161000
1752840000000,178.45000000,182.02000000,174.86000000,177.02000000,1101371.57600000,196616481.62673000
1752854400000,177.02000000,179.11000000,176.15000000,176.99000000,511602.66300000,90975088.91321000
1752868800000,176.98000000,177.62000000,173.24000000,177.28000000,639653.96600000,112409462.24437000
1752883200000,177.28000000,177.69000000,174.00000000,177.45000000,354342.52200000,62534674.11001000
1752897600000,177.45000000,177.77000000,176.10000000,176.99000000,291461.05500000,51636472.15423000
1752912000000,176.99000000,177.81000000,175.41000000,176.59000000,226657.40900000,40048577.09235000
1752926400000,176.60000000,177.88000000,174.80000000,177.40000000,472760.52800000,83513400.63501000
1752940800000,177.41000000,178.19000000,176.12000000,177.04000000,248145.00500000,43980718.06777000
1752955200000,177.04000000,178.61000000,174.91000000,176.96000000,465948.48900000,82226241.01113000
1752969600000,176.97000000,179.75000000,176.33000000,177.98000000,729412.70300000,130276837.77940000
1752984000000,177.97000000,178.67000000,176.94000000,177.94000000,258410.01000000,45952148.46050000
1752998400000,177.95000000,181.51000000,177.95000000,180.44000000,484114.25500000,87163867.64770000
1753012800000,180.44000000,183.17000000,179.96000000,181.96000000,814946.35900000,148039123.45094000
1753027200000,181.97000000,183.66000000,180.25000000,181.99000000,762318.50900000,138593183.31690000
1753041600000,182.00000000,182.39000000,177.80000000,181.43000000,645653.07900000,116352093.24536000
1753056000000,181.44000000,187.04000000,178.25000000,186.71000000,938605.84800000,171998218.73117000
1753070400000,186.71000000,191.08000000,185.06000000,190.07000000,895269.54500000,168492808.39455000
1753084800000,190.06000000,192.99000000,189.69000000,191.40000000,1168585.82500000,223524242.00096000
1753099200000,191.39000000,199.28000000,190.22000000,196.79000000,1643494.92400000,320335385.33343000
1753113600000,196.79000000,197.25000000,193.01000000,194.63000000,1305545.55700000,254557057.31770000
1753128000000,194.64000000,197.78000000,193.64000000,195.72000000,544405.48000000,106581290.67793000
1753142400000,195.72000000,204.67000000,193.75000000,200.09000000,2435412.98700000,487591984.04898000
1753156800000,200.08000000,201.32000000,194.10000000,198.10000000,1542930.55000000,305430669.71253000
1753171200000,198.10000000,200.15000000,194.05000000,199.91000000,1047292.01200000,206494408.71962000
1753185600000,199.91000000,204.99000000,196.95000000,201.83000000,1916439.91500000,386147886.77457000
1753200000000,201.82000000,204.24000000,198.39000000,198.92000000,1020851.72700000,206334368.63897000
1753214400000,198.91000000,206.30000000,198.39000000,205.70000000,672699.98200000,136386759.26686000
1753228800000,205.70000000,205.75000000,200.99000000,201.39000000,641791.74500000,130479672.30446000
1753243200000,201.40000000,202.26000000,198.88000000,199.46000000,446529.36500000,89667094.63371000
1753257600000,199.47000000,200.00000000,195.86000000,197.42000000,573102.72000000,113378229.87660000
1753272000000,197.41000000,197.57000000,187.61000000,192.72000000,1924581.79000000,368650336.51100000
1753286400000,192.72000000,192.75000000,186.01000000,188.08000000,1017136.74000000,192191750.41033000
1753300800000,188.09000000,190.04000000,183.97000000,189.40000000,944995.13900000,176615124.72530000
1753315200000,189.40000000,191.87000000,188.48000000,189.85000000,505356.64900000,96306557.73485000
1753329600000,189.85000000,190.12000000,179.21000000,184.21000000,1272610.88000000,233474996.44708000
1753344000000,184.20000000,186.92000000,182.92000000,186.40000000,679593.95800000,125899799.14150000
1753358400000,186.41000000,191.76000000,183.36000000,188.53000000,1133457.46100000,212720335.25306000
1753372800000,188.54000000,190.04000000,184.85000000,187.99000000,821896.49600000,154408315.58327000
1753387200000,187.99000000,189.06000000,182.01000000,182.87000000,804149.42700000,148692030.02837000
1753401600000,182.88000000,183.54000000,175.63000000,177.71000000,1090465.70300000,196378210.06035000
1753416000000,177.72000000,179.78000000,175.91000000,177.51000000,749156.28000000,133313508.75308000
1753430400000,177.51000000,182.08000000,176.86000000,181.12000000,818502.62000000,147129519.75623000
1753444800000,181.12000000,181.89000000,176.24000000,178.20000000,796177.26300000,142352839.67300000
1753459200000,178.19000000,182.84000000,177.47000000,182.17000000,618370.93900000,111690232.89834000
1753473600000,182.16000000,186.85000000,182.08000000,186.76000000,408637.63500000,75545069.15709000
1753488000000,186.75000000,186.93000000,184.48000000,185.97000000,351534.60400000,65345162.52571000
1753502400000,185.97000000,187.14000000,185.63000000,186.43000000,210088.88400000,39141485.78790000
1753516800000,186.43000000,189.78000000,186.42000000,187.74000000,426910.75600000,80375654.40092000
1753531200000,187.75000000,188.48000000,186.05000000,187.52000000,307043.38200000,57524213.54725000
1753545600000,187.53000000,187.80000000,185.06000000,186.45000000,232333.33300000,43284384.57278000
1753560000000,186.44000000,186.76000000,184.29000000,184.88000000,245542.91600000,45564948.79736000
1753574400000,184.89000000,187.59000000,184.53000000,187.19000000,210948.80000000,39308278.69342000
1753588800000,187.19000000,188.33000000,186.62000000,187.22000000,230105.75100000,43140235.02812000
1753603200000,187.22000000,188.57000000,186.18000000,187.01000000,268813.94600000,50370370.18253000
1753617600000,187.02000000,187.34000000,184.90000000,186.47000000,381338.10000000,70959976.84012000
1753632000000,186.48000000,189.76000000,185.95000000,186.92000000,648131.86500000,121808812.71120000
1753646400000,186.92000000,190.70000000,186.44000000,188.64000000,493721.67100000,93032879.94992000
1753660800000,188.64000000,193.82000000,187.66000000,193.35000000,644448.78200000,122937814.07604000
1753675200000,193.34000000,195.26000000,191.64000000,192.37000000,661554.84700000,127954595.46862000
1753689600000,192.36000000,193.36000000,190.63000000,192.00000000,362433.14800000,69660019.77526000
1753704000000,192.00000000,193.52000000,186.55000000,187.18000000,1015953.29600000,192508145.11646000
1753718400000,187.18000000,187.99000000,183.45000000,185.26000000,825859.99500000,153334661.44231000
1753732800000,185.25000000,185.53000000,182.16000000,183.11000000,557622.05900000,102477843.75769000
1753747200000,183.10000000,184.72000000,180.67000000,184.33000000,592652.60800000,108370613.53189000
1753761600000,184.34000000,186.68000000,183.21000000,186.05000000,365000.50900000,67506654.60861000
1753776000000,186.04000000,186.51000000,182.24000000,182.93000000,307758.30000000,56654738.55682000
1753790400000,182.93000000,184.99000000,179.23000000,180.81000000,610963.14800000,110932961.84307000
1753804800000,180.81000000,182.37000000,178.30000000,181.11000000,379320.93500000,68450045.53605000
1753819200000,181.11000000,182.00000000,179.30000000,181.48000000,286216.53600000,51681636.63462000
1753833600000,181.47000000,182.37000000,178.81000000,181.69000000,343986.51900000,62218306.43014000
1753848000000,181.69000000,182.56000000,179.34000000,180.83000000,243801.36500000,44161743.08229000
1753862400000,180.83000000,181.49000000,176.42000000,177.30000000,562755.28100000,100500709.96015000
1753876800000,177.29000000,180.59000000,176.65000000,179.18000000,689632.12600000,123002824.91617000
1753891200000,179.17000000,180.15000000,170.29000000,176.12000000,1115046.78900000,195730731.10182000
1753905600000,176.12000000,178.09000000,174.76000000,177.77000000,342028.10700000,60368767.09606000
1753920000000,177.77000000,180.55000000,177.62000000,180.31000000,287253.06600000,51539711.40980000
1753934400000,180.31000000,181.62000000,179.81000000,181.24000000,314782.37900000,56894691.65752000
1753948800000,181.24000000,182.70000000,180.24000000,180.74000000,283519.11500000,51492750.91278000
1753963200000,180.75000000,180.89000000,175.25000000,177.35000000,679543.02100000,120507689.49431000
1753977600000,177.34000000,179.77000000,174.75000000,175.32000000,538100.34400000,95337319.53129000
1753992000000,175.31000000,175.74000000,171.44000000,172.22000000,521643.85800000,90633237.69576000
1754006400000,172.22000000,172.26000000,167.42000000,171.14000000,1030707.54800000,175518495.98845000
1754020800000,171.14000000,171.14000000,167.96000000,169.40000000,449244.62300000,76018063.49550000
1754035200000,169.41000000,169.41000000,166.19000000,169.20000000,539365.52800000,90575940.06821000
1754049600000,169.19000000,170.35000000,164.58000000,168.57000000,774051.49100000,129910976.36108000
1754064000000,168.56000000,169.75000000,165.10000000,166.47000000,634786.47100000,105914399.10911000
1754078400000,166.47000000,166.82000000,159.20000000,162.71000000,889373.65400000,144292371.84884000
1754092800000,162.71000000,165.02000000,162.56000000,164.36000000,237465.75800000,38961824.91900000
1754107200000,164.37000000,165.30000000,161.82000000,164.43000000,251898.35300000,41201185.00703000
1754121600000,164.44000000,165.13000000,162.22000000,164.51000000,222570.06600000,36446449.92111000
1754136000000,164.50000000,164.94000000,161.03000000,161.50000000,262590.49500000,42843363.32073000
1754150400000,161.51000000,162.20000000,155.83000000,157.44000000,847412.89200000,134435754.08981000
1754164800000,157.45000000,159.81000000,157.04000000,158.48000000,386237.51100000,61224431.58002000
1754179200000,158.49000000,161.07000000,156.28000000,160.86000000,344099.03800000,54829454.02551000
1754193600000,160.86000000,161.59000000,160.03000000,161.37000000,225275.13700000,36201516.21103000
1754208000000,161.37000000,162.90000000,160.68000000,161.47000000,286152.30900000,46278413.19512000
1754222400000,161.47000000,162.35000000,160.37000000,162.11000000,376515.51100000,60735135.91096000
1754236800000,162.10000000,162.75000000,161.12000000,161.65000000,535750.88900000,86727351.15481000
1754251200000,161.64000000,163.14000000,160.75000000,161.97000000,530116.42700000,85724495.33321000
1754265600000,161.98000000,164.98000000,161.42000000,162.98000000,406904.18800000,66538990.35102000
1754280000000,162.98000000,163.41000000,161.26000000,163.03000000,283658.72200000,46043595.45833000
1754294400000,163.04000000,164.08000000,161.64000000,162.38000000,375487.92100000,61174560.06280000
1754308800000,162.39000000,166.91000000,162.14000000,165.49000000,677494.66500000,111836269.86040000
1754323200000,165.49000000,169.80000000,165.00000000,165.65000000,540242.32900000,90546573.59030000
1754337600000,165.64000000,169.78000000,165.30000000,169.55000000,405166.33300000,68126455.06473000
1754352000000,169.55000000,169.97000000,167.57000000,167.92000000,280719.37100000,47370295.11341000
1754366400000,167.92000000,169.28000000,165.78000000,166.22000000,320599.33400000,53697930.04498000
1754380800000,166.21000000,171.73000000,165.66000000,170.89000000,401901.21200000,68017472.55509000
1754395200000,170.89000000,171.04000000,162.90000000,163.78000000,907980.60600000,150673262.59118000
1754409600000,163.77000000,164.94000000,162.28000000,162.76000000,432796.16200000,70918992.32552000
1754424000000,162.76000000,164.54000000,161.30000000,164.09000000,210961.32400000,34405089.27670000
1754438400000,164.09000000,164.17000000,161.13000000,161.86000000,204645.35900000,33264573.29877000
1754452800000,161.86000000,164.79000000,161.25000000,164.25000000,216024.25600000,35340302.07624000
1754467200000,164.26000000,164.64000000,162.72000000,164.20000000,252055.09100000,41255362.79754000
1754481600000,164.20000000,169.42000000,162.65000000,169.04000000,602980.61800000,100132270.09505000
1754496000000,169.05000000,169.93000000,167.18000000,168.82000000,360608.53000000,60787159.26788000
1754510400000,168.82000000,168.85000000,167.32000000,168.09000000,161177.57500000,27099935.52242000
1754524800000,168.10000000,169.00000000,166.70000000,166.89000000,199853.99800000,33533113.31484000
1754539200000,166.90000000,170.45000000,166.76000000,169.99000000,366454.60200000,61875981.19712000
1754553600000,169.99000000,173.49000000,169.06000000,172.82000000,686547.09800000,117980159.67137000
1754568000000,172.83000000,173.18000000,169.70000000,170.49000000,728069.88500000,124882889.16388000
1754582400000,170.48000000,171.94000000,167.00000000,171.75000000,486405.74600000,82358651.40052000
1754596800000,171.76000000,175.51000000,171.52000000,175.36000000,547331.66600000,95082132.98992000
1754611200000,175.37000000,175.92000000,173.43000000,174.71000000,734440.62000000,128166022.72949000
1754625600000,174.71000000,177.87000000,173.88000000,177.14000000,447839.86200000,78625058.73667000
1754640000000,177.13000000,177.95000000,174.88000000,177.65000000,516005.68100000,91051510.57660000
1754654400000,177.65000000,179.14000000,174.21000000,175.23000000,925795.32700000,163534262.05916000
1754668800000,175.23000000,179.66000000,175.01000000,178.47000000,810991.13600000,144082500.60730000
1754683200000,178.46000000,178.76000000,176.62000000,176.78000000,243718.02900000,43305508.92055000
1754697600000,176.79000000,179.02000000,176.64000000,177.26000000,311928.36400000,55404571.73044000
1754712000000,177.26000000,182.15000000,176.94000000,180.62000000,853393.77700000,153705777.92793000
1754726400000,180.62000000,183.35000000,180.39000000,180.79000000,576042.36400000,104751088.22700000
1754740800000,180.78000000,182.49000000,178.92000000,180.09000000,607724.28000000,109810780.23678000
1754755200000,180.10000000,182.70000000,179.46000000,182.14000000,400314.35800000,72540317.56952000
1754769600000,182.13000000,183.45000000,179.72000000,179.95000000,576101.24400000,104501166.25193000
1754784000000,179.96000000,185.99000000,179.81000000,184.98000000,1105247.34400000,203298703.57155000
1754798400000,184.98000000,186.18000000,177.66000000,178.94000000,913480.45600000,166267967.45232000
1754812800000,178.94000000,181.05000000,177.51000000,179.97000000,655245.38700000,117783637.45184000
1754827200000,179.98000000,182.40000000,178.52000000,181.54000000,521923.42300000,94228613.04610000
1754841600000,181.54000000,183.30000000,181.21000000,182.80000000,330271.28500000,60188370.12648000
1754856000000,182.80000000,183.94000000,181.27000000,182.66000000,671119.39200000,122720487.51470000
1754870400000,182.67000000,185.80000000,181.27000000,185.14000000,754514.27200000,138966580.24175000
1754884800000,185.13000000,186.80000000,182.79000000,182.97000000,680536.45400000,126101093.43476000
1754899200000,182.97000000,184.67000000,178.35000000,179.08000000,614257.10100000,111561993.09034000
1754913600000,179.07000000,180.52000000,177.23000000,180.19000000,790856.83000000,141463033.54348000
1754928000000,180.19000000,181.77000000,175.54000000,176.62000000,610097.07800000,108826762.75277000
1754942400000,176.62000000,176.88000000,173.43000000,174.84000000,510481.79600000,89377577.49448000
1754956800000,174.83000000,176.74000000,174.64000000,175.53000000,293670.15600000,51605173.92020000
1754971200000,175.53000000,176.64000000,173.60000000,175.90000000,381070.52200000,66799371.62057000
1754985600000,175.90000000,176.51000000,173.72000000,175.23000000,401457.59300000,70272738.09533000
1755000000000,175.23000000,182.10000000,174.73000000,181.70000000,1334137.60900000,238200208.39113000
1755014400000,181.70000000,191.14000000,180.77000000,190.64000000,1637090.09000000,304817600.37890000
1755028800000,190.65000000,193.76000000,189.59000000,191.78000000,1026922.18700000,196924292.14039000
1755043200000,191.77000000,199.54000000,191.48000000,197.73000000,1713090.00000000,335670333.53214000
1755057600000,197.74000000,200.10000000,195.18000000,198.74000000,1029526.36800000,203338440.75076000
1755072000000,198.74000000,202.71000000,197.61000000,201.00000000,1090204.61900000,218694809.74056000
1755086400000,201.00000000,204.96000000,194.15000000,197.44000000,1935714.89200000,386872373.85654000
1755100800000,197.43000000,202.20000000,197.01000000,202.08000000,843086.36500000,167976909.56198000
1755115200000,202.09000000,203.33000000,199.83000000,201.51000000,537104.03500000,108093969.85789000
1755129600000,201.51000000,209.04000000,200.59000000,207.94000000,1571108.83400000,321829399.24047000
1755144000000,207.94000000,209.86000000,204.02000000,205.66000000,1258405.18300000,260707532.45021000
1755158400000,205.67000000,205.85000000,201.77000000,203.62000000,1039760.82800000,211649903.07084000
1755172800000,203.61000000,205.46000000,186.68000000,194.85000000,3492259.23500000,682791752.48437000
1755187200000,194.86000000,195.51000000,190.25000000,192.91000000,907917.56700000,175306982.36918000
1755201600000,192.91000000,193.24000000,187.32000000,192.47000000,696155.66700000,132794349.24257000
1755216000000,192.46000000,195.60000000,191.94000000,195.15000000,517703.82500000,100270813.02698000
1755230400000,195.14000000,198.07000000,194.44000000,196.95000000,603957.87500000,118565885.42785000
1755244800000,196.95000000,197.59000000,193.63000000,194.32000000,439776.79600000,85978103.94055000
1755259200000,194.32000000,196.19000000,184.36000000,185.55000000,1407910.53200000,266761056.73114000
1755273600000,185.55000000,186.90000000,183.30000000,183.89000000,855718.07200000,158253831.24031000
1755288000000,183.88000000,188.26000000,183.37000000,185.72000000,535220.29600000,99276014.67258000
1755302400000,185.71000000,188.36000000,185.34000000,187.10000000,451977.40600000,84674018.87770000
1755316800000,187.09000000,189.65000000,186.11000000,189.12000000,347015.95600000,65134072.21847000
1755331200000,189.12000000,189.23000000,185.39000000,185.74000000,441804.36000000,82711284.00485000
1755345600000,185.75000000,189.47000000,185.20000000,188.79000000,461355.92200000,86649602.82543000
1755360000000,188.78000000,189.36000000,187.08000000,188.69000000,208056.10500000,39166177.72494000
1755374400000,188.68000000,190.06000000,187.94000000,189.60000000,189608.69900000,35824765.92369000
1755388800000,189.61000000,191.94000000,187.35000000,191.61000000,362012.91800000,68731953.85823000
1755403200000,191.61000000,193.55000000,191.33000000,191.88000000,372180.76400000,71670656.36787000
1755417600000,191.89000000,193.87000000,191.53000000,193.58000000,435766.84300000,83991809.34280000
1755432000000,193.58000000,195.49000000,191.91000000,195.47000000,370457.98300000,71753968.55694000
1755446400000,195.48000000,195.89000000,189.94000000,191.18000000,450637.82200000,86869024.65406000
1755460800000,191.17000000,193.44000000,190.88000000,190.99000000,270499.22600000,51863840.96438000
1755475200000,191.00000000,191.33000000,181.82000000,182.67000000,1042225.73000000,193828873.67681000
1755489600000,182.67000000,183.51000000,180.22000000,180.62000000,659547.28900000,119882046.12519000
1755504000000,180.63000000,181.98000000,180.00000000,181.36000000,444806.83000000,80481013.40370000
1755518400000,181.37000000,183.34000000,180.52000000,183.10000000,532070.61400000,96821051.89487000
1755532800000,183.10000000,185.70000000,181.76000000,183.21000000,437847.07700000,80438742.98048000
1755547200000,183.21000000,185.00000000,182.07000000,182.94000000,257577.15700000,47341092.81695000
1755561600000,182.94000000,185.87000000,178.17000000,178.52000000,684011.05800000,124129395.67146000
1755576000000,178.52000000,180.59000000,177.32000000,180.11000000,452831.95100000,81102343.17996000
1755590400000,180.12000000,182.81000000,179.11000000,182.66000000,362969.52500000,65807190.53679000
1755604800000,182.67000000,183.42000000,177.46000000,177.98000000,723498.93100000,130280510.73084000
1755619200000,177.98000000,178.78000000,175.69000000,176.74000000,659672.42600000,117040486.36364000
1755633600000,176.75000000,179.54000000,175.88000000,176.22000000,377106.06800000,67120485.67431000
1755648000000,176.22000000,181.50000000,176.04000000,180.49000000,447004.32400000,80125027.15396000
1755662400000,180.49000000,181.70000000,179.83000000,180.53000000,360924.93600000,65256626.74817000
1755676800000,180.53000000,182.25000000,178.32000000,180.29000000,459582.27400000,83209277.27656000
1755691200000,180.28000000,185.06000000,177.53000000,183.03000000,1056274.77200000,191393217.75954000
1755705600000,183.02000000,187.97000000,182.59000000,187.59000000,762490.64500000,140771877.55324000
1755720000000,187.60000000,187.95000000,185.78000000,187.94000000,378680.72300000,70812625.98704000
1755734400000,187.95000000,190.10000000,185.51000000,188.43000000,847804.62800000,159329012.85374000
1755748800000,188.43000000,188.70000000,185.89000000,186.98000000,358402.24000000,67163910.59628000
1755763200000,186.99000000,187.04000000,183.48000000,184.03000000,417312.12500000,77143778.39149000
1755777600000,184.03000000,186.42000000,181.44000000,181.65000000,653560.08800000,120302590.65072000
1755792000000,181.65000000,182.93000000,179.85000000,180.15000000,419791.24400000,76082750.86981000
1755806400000,180.15000000,181.86000000,179.43000000,180.29000000,217641.27800000,39320181.87534000
1755820800000,180.30000000,183.50000000,180.00000000,181.76000000,357848.23200000,65183828.81069000
1755835200000,181.76000000,184.36000000,181.75000000,183.98000000,306794.93000000,56256124.90192000
1755849600000,183.97000000,185.10000000,179.60000000,179.63000000,476379.83000000,86979221.37693000
1755864000000,179.63000000,195.42000000,177.27000000,193.47000000,3196497.74600000,601567088.72389000
1755878400000,193.48000000,199.73000000,193.48000000,198.97000000,1365879.83100000,268682592.91628000
1755892800000,198.97000000,202.40000000,198.38000000,200.69000000,890717.82000000,178217804.05798000
1755907200000,200.69000000,200.82000000,195.26000000,198.16000000,735618.04000000,145563814.89420000
1755921600000,198.15000000,208.62000000,198.10000000,205.18000000,2072364.14300000,425648147.78297000
1755936000000,205.18000000,205.66000000,201.53000000,201.98000000,875163.94300000,177994155.11355000
1755950400000,201.99000000,203.80000000,200.58000000,202.58000000,625574.66600000,126615886.24520000
1755964800000,202.57000000,204.57000000,202.20000000,204.09000000,297304.08300000,60500556.81070000
1755979200000,204.08000000,204.86000000,202.80000000,204.14000000,182615.88400000,37214278.97290000
1755993600000,204.15000000,211.99000000,204.14000000,209.05000000,1292167.10000000,269289613.48467000
1756008000000,209.06000000,210.76000000,206.60000000,206.66000000,876390.49900000,182987557.47405000
1756022400000,206.67000000,209.00000000,203.41000000,204.48000000,819520.01000000,168812189.30290000
1756036800000,204.48000000,209.35000000,203.57000000,205.62000000,849870.40700000,175319288.27098000
1756051200000,205.62000000,211.97000000,201.44000000,205.01000000,1969133.16400000,408171298.99255000
1756065600000,205.01000000,207.15000000,201.09000000,205.98000000,1358568.05800000,277151985.32050000
1756080000000,205.99000000,213.60000000,202.23000000,209.24000000,1525854.65500000,319034404.00752000
1756094400000,209.24000000,209.71000000,198.69000000,199.82000000,1543945.81800000,314954061.52419000
1756108800000,199.81000000,200.80000000,195.00000000,197.55000000,1307567.25600000,258784455.05726000
1756123200000,197.54000000,199.50000000,195.56000000,196.56000000,1163970.00800000,230137212.52208000
1756137600000,196.57000000,198.36000000,190.98000000,191.47000000,921580.47500000,179400722.93491000
1756152000000,191.47000000,192.12000000,185.33000000,187.20000000,1490182.54100000,280107839.39561000
1756166400000,187.19000000,189.29000000,185.58000000,186.90000000,1032410.68800000,193653688.08153000
1756180800000,186.90000000,189.92000000,186.90000000,188.92000000,595369.92100000,112197334.96201000
1756195200000,188.92000000,190.37000000,186.67000000,187.97000000,594464.85500000,111983266.76375000
1756209600000,187.98000000,192.55000000,187.18000000,190.77000000,1179204.88600000,224163121.38003000
1756224000000,190.76000000,197.51000000,190.58000000,197.43000000,753071.61600000,145987353.21674000
1756238400000,197.43000000,198.10000000,195.37000000,195.86000000,579897.55600000,114027592.03270000
1756252800000,195.85000000,202.81000000,193.78000000,201.92000000,909709.26000000,180211430.12961000
1756267200000,201.91000000,205.70000000,200.81000000,202.43000000,1505812.55200000,306316168.49367000
1756281600000,202.44000000,205.38000000,201.48000000,205.01000000,813548.35300000,165863324.80399000
1756296000000,205.01000000,209.40000000,202.62000000,208.66000000,1438991.46600000,296414467.59115000
1756310400000,208.66000000,212.08000000,205.95000000,206.40000000,1446542.13100000,301966243.61414000
1756324800000,206.40000000,209.49000000,202.57000000,202.95000000,1720536.39200000,353771985.65033000
1756339200000,202.95000000,208.35000000,201.72000000,208.15000000,848839.23700000,174094624.78857000
1756353600000,208.16000000,213.33000000,207.47000000,213.11000000,1372623.20200000,289912374.84717000
1756368000000,213.11000000,216.50000000,211.07000000,213.14000000,1507240.29700000,322309027.60741000
1756382400000,213.15000000,216.89000000,210.20000000,211.06000000,1875626.85600000,401029003.20382000
1756396800000,211.06000000,214.00000000,207.17000000,209.94000000,979217.90400000,206320651.10813000
1756411200000,209.95000000,215.73000000,209.64000000,214.43000000,663759.05000000,141748592.20236000
1756425600000,214.43000000,217.97000000,212.00000000,216.86000000,1361416.30000000,293160623.85025000
1756440000000,216.86000000,218.00000000,207.80000000,208.77000000,1869253.17200000,398977601.38312000
1756454400000,208.78000000,210.07000000,205.34000000,207.62000000,1315206.12000000,273062149.07565000
1756468800000,207.61000000,214.94000000,203.81000000,204.46000000,2207692.11400000,462915614.56422000
1756483200000,204.46000000,205.50000000,201.34000000,202.95000000,1121270.22700000,228123540.26280000
1756497600000,202.95000000,205.50000000,199.85000000,205.08000000,732648.66400000,148428720.87180000
1756512000000,205.09000000,206.65000000,200.68000000,205.61000000,1016056.12900000,206926956.20345000
1756526400000,205.61000000,207.06000000,204.37000000,205.14000000,636007.65200000,130870853.94534000
1756540800000,205.13000000,205.56000000,201.65000000,202.64000000,568973.96300000,115577751.72271000
1756555200000,202.64000000,202.67000000,197.52000000,201.05000000,1012487.73300000,202180768.84639000
1756569600000,201.05000000,201.61000000,199.74000000,201.25000000,325752.10700000,65414224.23733000
1756584000000,201.25000000,203.33000000,199.75000000,202.70000000,335298.53100000,67536922.65098000
1756598400000,202.70000000,206.66000000,202.69000000,205.58000000,719938.55500000,147607003.15173000
1756612800000,205.57000000,205.65000000,202.73000000,203.55000000,506583.73400000,103311823.55806000
1756627200000,203.56000000,206.00000000,202.23000000,203.65000000,497006.57900000,101431349.30319000
1756641600000,203.65000000,204.89000000,201.50000000,204.58000000,558733.15300000,113562450.88736000
1756656000000,204.58000000,205.99000000,203.68000000,204.62000000,382702.55300000,78433162.83603000
1756670400000,204.61000000,205.78000000,200.28000000,200.62000000,638259.37400000,129459202.13670000
1756684800000,200.62000000,202.49000000,196.03000000,198.42000000,1095348.97200000,218134215.72288000
1756699200000,198.41000000,202.93000000,196.61000000,202.92000000,723200.70600000,143906247.08268000
1756713600000,202.92000000,204.58000000,198.36000000,199.40000000,796310.26600000,160576256.94164000
1756728000000,199.41000000,201.13000000,197.67000000,198.37000000,628970.47400000,125550562.51142000
1756742400000,198.36000000,200.16000000,197.27000000,200.16000000,430656.41700000,85506634.11442000
1756756800000,200.16000000,200.17000000,194.19000000,197.32000000,790280.93800000,155100817.14201000
1756771200000,197.32000000,203.36000000,196.77000000,201.85000000,683276.64900000,136678986.21719000
1756785600000,201.86000000,204.45000000,201.39000000,202.12000000,573884.45200000,116592614.20029000
1756800000000,202.12000000,204.45000000,201.67000000,201.98000000,485173.64700000,98676041.02113000
1756814400000,201.97000000,205.15000000,197.37000000,200.30000000,1436972.94200000,290079301.05678000
1756828800000,200.29000000,207.00000000,199.48000000,205.54000000,860842.50200000,175549042.49312000
1756843200000,205.53000000,209.68000000,204.91000000,209.65000000,854487.35700000,177677313.25061000
1756857600000,209.64000000,211.97000000,207.42000000,210.03000000,1074401.43000000,225459410.94639000
1756872000000,210.02000000,210.48000000,207.94000000,209.36000000,565061.69600000,118045370.19934000
1756886400000,209.36000000,211.34000000,208.15000000,210.38000000,572759.78800000,120162148.18802000
1756900800000,210.37000000,213.02000000,208.69000000,211.37000000,1167373.02200000,246654016.22767000
1756915200000,211.37000000,211.97000000,208.83000000,210.38000000,388604.33500000,81718373.98937000
1756929600000,210.38000000,210.96000000,208.38000000,210.77000000,294991.41200000,61830073.15881000
1756944000000,210.77000000,211.94000000,207.47000000,208.19000000,488986.06200000,102462696.56550000
1756958400000,208.19000000,208.56000000,205.68000000,206.68000000,353396.14800000,73080319.77881000
1756972800000,206.68000000,208.79000000,206.58000000,207.22000000,279470.32000000,58095404.15001000
1756987200000,207.23000000,208.50000000,203.38000000,203.76000000,784895.44400000,161606562.02817000
1757001600000,203.77000000,205.18000000,201.84000000,202.12000000,401437.47300000,81743860.11319000
1757016000000,202.11000000,204.82000000,201.88000000,202.32000000,418593.83000000,85151857.82931000
1757030400000,202.32000000,204.05000000,200.95000000,203.53000000,428152.72200000,86762544.22056000
1757044800000,203.53000000,208.43000000,203.00000000,207.87000000,678134.35800000,139478613.42768000
1757059200000,207.87000000,207.96000000,204.52000000,206.67000000,540095.09000000,111474738.07171000
1757073600000,206.67000000,210.00000000,201.61000000,203.56000000,1639974.60200000,337810379.08809000
1757088000000,203.55000000,205.55000000,201.91000000,205.44000000,527852.48200000,107449794.63572000
1757102400000,205.43000000,205.69000000,202.70000000,203.36000000,307186.00100000,62718140.51077000
1757116800000,203.37000000,204.68000000,203.14000000,204.07000000,219743.50100000,44806974.59397000
1757131200000,204.06000000,204.07000000,202.07000000,203.03000000,270340.56400000,54823901.10254000
1757145600000,203.03000000,203.56000000,201.80000000,202.38000000,226912.71700000,46010442.72789000
1757160000000,202.38000000,202.87000000,201.01000000,201.26000000,250379.86700000,50569485.10691000
1757174400000,201.26000000,202.37000000,199.32000000,199.71000000,375364.51200000,75241747.46832000
1757188800000,199.70000000,201.20000000,199.70000000,200.16000000,138759.83600000,27815553.12034000
1757203200000,200.17000000,203.27000000,200.12000000,202.86000000,229169.68300000,46306410.78711000
1757217600000,202.85000000,203.30000000,202.23000000,202.99000000,144615.75100000,29321134.01605000
1757232000000,203.00000000,203.99000000,202.72000000,203.96000000,203095.96200000,41308344.61429000
1757246400000,203.96000000,205.55000000,203.08000000,205.20000000,378157.51000000,77244112.50711000
1757260800000,205.20000000,205.48000000,201.48000000,203.08000000,474253.21000000,96228285.82965000
1757275200000,203.08000000,207.95000000,202.58000000,206.35000000,788218.64700000,162357952.51979000
1757289600000,206.35000000,209.00000000,205.59000000,207.65000000,689936.43300000,143011641.93604000
1757304000000,207.64000000,208.87000000,206.66000000,207.92000000,542588.06700000,112705333.96265000
1757318400000,207.91000000,215.84000000,207.39000000,214.28000000,1598221.83600000,339397893.61644000
1757332800000,214.28000000,216.83000000,212.80000000,215.04000000,1390691.07900000,298825433.17813000
1757347200000,215.04000000,217.11000000,213.88000000,216.15000000,1009621.33200000,217725718.18473000
1757361600000,216.16000000,216.22000000,213.55000000,214.11000000,498620.18800000,107089427.93122000
1757376000000,214.11000000,214.91000000,210.79000000,214.63000000,736262.90600000,156576570.72795000
1757390400000,214.62000000,219.79000000,213.96000000,219.23000000,1023258.59400000,222514861.70532000
1757404800000,219.23000000,219.50000000,217.00000000,217.25000000,510642.02000000,111554123.28295000
1757419200000,217.24000000,218.54000000,211.69000000,213.07000000,1508779.46700000,324554388.72009000
1757433600000,213.07000000,216.99000000,213.00000000,216.34000000,721110.05500000,155389105.62119000
1757448000000,216.35000000,217.80000000,215.01000000,217.21000000,479251.67100000,103763859.89750000
1757462400000,217.22000000,219.65000000,215.09000000,219.20000000,784172.04200000,170539889.33927000
1757476800000,219.20000000,222.89000000,217.82000000,222.25000000,832462.62900000,183434486.20440000
1757491200000,222.25000000,222.45000000,218.77000000,220.25000000,695044.21600000,153264677.99136000
1757505600000,220.24000000,226.00000000,219.74000000,223.17000000,1555217.13700000,347728021.83232000
1757520000000,223.16000000,224.13000000,220.53000000,221.23000000,598543.57300000,133112078.40285000
1757534400000,221.23000000,224.65000000,220.95000000,224.07000000,358745.61500000,80066454.43605000
1757548800000,224.06000000,225.59000000,222.94000000,224.17000000,487255.10100000,109393013.62879000
1757563200000,224.17000000,224.29000000,221.72000000,223.23000000,448845.17700000,100030518.34862000
1757577600000,223.23000000,225.85000000,222.28000000,225.03000000,545294.32000000,122388389.06877000
1757592000000,225.04000000,228.95000000,222.79000000,226.82000000,1631416.50200000,369521314.74246000
1757606400000,226.82000000,228.37000000,225.30000000,226.71000000,620031.66300000,140645220.56187000
1757620800000,226.69000000,228.94000000,225.47000000,228.73000000,619514.23800000,140846146.25271000
1757635200000,228.73000000,235.81000000,228.11000000,235.09000000,1207675.90500000,280785899.34358000
1757649600000,235.08000000,239.86000000,234.22000000,237.33000000,1376519.65700000,327201602.38874000
1757664000000,237.33000000,239.55000000,236.72000000,239.18000000,491350.40100000,117096932.02959000
1757678400000,239.18000000,241.84000000,237.56000000,239.31000000,1160771.07800000,278085662.94136000
1757692800000,239.32000000,241.48000000,237.94000000,241.00000000,763911.37500000,183310166.84715000
1757707200000,241.00000000,244.04000000,238.33000000,242.18000000,891425.51500000,215014318.73390000
1757721600000,242.18000000,244.14000000,240.68000000,243.61000000,711408.50400000,172736092.21792000
1757736000000,243.62000000,243.67000000,241.23000000,242.46000000,415512.04100000,100785666.85348000
1757750400000,242.45000000,243.72000000,241.26000000,241.93000000,511414.93100000,124091960.53791000
1757764800000,241.93000000,243.09000000,237.93000000,239.43000000,733910.29100000,176357045.84620000
1757779200000,239.43000000,239.69000000,235.73000000,238.98000000,530973.64700000,126322091.27016000
1757793600000,238.98000000,243.18000000,238.84000000,242.38000000,402441.85100000,97117896.58276000
1757808000000,242.38000000,249.60000000,242.20000000,246.89000000,1039067.76800000,255519494.95338000
1757822400000,246.89000000,248.40000000,244.50000000,246.39000000,540408.99500000,133375654.61375000
1757836800000,246.40000000,248.09000000,245.58000000,246.09000000,377330.59300000,93180079.60141000
1757851200000,246.10000000,246.77000000,241.53000000,243.81000000,859662.31200000,209709283.78720000
1757865600000,243.81000000,248.45000000,242.13000000,242.51000000,757233.74100000,185893348.17745000
1757880000000,242.50000000,244.72000000,239.23000000,239.76000000,591467.71900000,143182894.00510000
1757894400000,239.75000000,243.41000000,239.15000000,242.64000000,445620.56200000,107641028.09427000
1757908800000,242.65000000,244.00000000,236.17000000,237.98000000,711140.00700000,171051427.42754000
1757923200000,237.98000000,238.11000000,231.55000000,236.45000000,1451753.30000000,341128294.20663000
1757937600000,236.46000000,238.16000000,231.96000000,233.00000000,1120024.66400000,262787186.58421000
1757952000000,233.00000000,234.67000000,230.15000000,233.00000000,679264.54300000,157877962.31350000
1757966400000,232.99000000,235.37000000,232.78000000,234.31000000,325786.54300000,76310545.17906000
1757980800000,234.32000000,235.80000000,232.87000000,235.08000000,406532.06500000,95395248.82559000
1757995200000,235.09000000,237.03000000,232.97000000,235.77000000,439716.76000000,103512474.91849000
1758009600000,235.77000000,236.93000000,234.77000000,235.37000000,357847.92100000,84361364.98700000
1758024000000,235.36000000,238.09000000,231.26000000,237.79000000,804674.84400000,188473202.75000000
1758038400000,237.79000000,240.95000000,236.24000000,237.82000000,843085.46500000,200905976.73892000
1758052800000,237.82000000,239.03000000,236.44000000,236.96000000,329770.00500000,78438841.83172000
1758067200000,236.96000000,237.85000000,233.84000000,234.07000000,442085.96300000,104360761.36691000
1758081600000,234.07000000,238.09000000,233.20000000,237.69000000,574416.42600000,135197350.45733000
1758096000000,237.69000000,237.73000000,233.66000000,234.17000000,425306.30800000,99984754.92404000
1758110400000,234.18000000,235.99000000,233.56000000,233.90000000,442459.61600000,103829326.33556000
1758124800000,233.90000000,239.10000000,232.23000000,238.74000000,1767201.40700000,416441044.72291000
1758139200000,238.74000000,246.62000000,236.01000000,244.84000000,1120059.77300000,271339273.23804000
1758153600000,244.84000000,247.99000000,244.16000000,246.72000000,716898.94500000,176411242.84744000
1758168000000,246.71000000,246.97000000,242.58000000,244.75000000,501792.03500000,122831499.73692000
1758182400000,244.75000000,247.17000000,244.34000000,245.97000000,467499.97800000,115146905.90486000
1758196800000,245.96000000,248.99000000,245.01000000,248.24000000,755572.77800000,186829004.36402000
1758211200000,248.25000000,253.51000000,247.33000000,248.36000000,1081932.43000000,270971972.96077000
1758225600000,248.36000000,249.22000000,245.88000000,247.50000000,393194.74200000,97357128.36696000
1758240000000,247.50000000,248.57000000,244.66000000,245.00000000,486455.77800000,120103086.90148000
1758254400000,245.00000000,245.73000000,242.83000000,243.82000000,591199.43000000,144459900.23013000
1758268800000,243.81000000,244.83000000,240.00000000,240.91000000,521484.76700000,126335302.20414000
1758283200000,240.92000000,242.71000000,235.81000000,237.54000000,964529.52000000,230636934.69192000
1758297600000,237.54000000,238.87000000,235.12000000,235.98000000,552758.24300000,131134748.54151000
1758312000000,235.98000000,238.85000000,235.98000000,238.53000000,268557.96000000,63802236.32104000
1758326400000,238.53000000,239.96000000,237.36000000,238.09000000,292277.48900000,69759873.60079000
1758340800000,238.09000000,239.78000000,237.73000000,239.78000000,188414.61500000,45042691.86223000
1758355200000,239.77000000,239.78000000,236.91000000,238.14000000,198950.50900000,47346356.28730000
1758369600000,238.14000000,241.22000000,237.05000000,240.10000000,470638.18000000,112631283.43278000
1758384000000,240.11000000,241.10000000,237.97000000,238.64000000,230385.50400000,55166092.64802000
1758398400000,238.64000000,240.31000000,238.44000000,239.48000000,169822.91800000,40683561.14303000
1758412800000,239.48000000,241.79000000,238.96000000,241.78000000,256811.84500000,61777036.08325000
1758427200000,241.78000000,241.82000000,239.45000000,239.87000000,212290.48600000,51060857.95520000
1758441600000,239.87000000,240.09000000,237.10000000,238.64000000,216475.62500000,51599535.42149000
1758456000000,238.64000000,240.28000000,237.70000000,237.91000000,196966.67200000,47095106.90628000
1758470400000,237.91000000,238.41000000,236.08000000,237.99000000,249970.64700000,59300973.49665000
1758484800000,237.99000000,238.11000000,235.32000000,236.16000000,259922.70100000,61516073.72714000
1758499200000,236.16000000,236.96000000,230.50000000,232.81000000,1045277.52700000,243339908.30512000
1758513600000,232.81000000,233.16000000,214.50000000,221.88000000,1920590.55300000,430005635.80958000
1758528000000,221.88000000,222.78000000,219.32000000,221.49000000,828237.82600000,183124704.23965000
1758542400000,221.49000000,224.03000000,219.91000000,220.73000000,772216.74100000,171408228.10491000
1758556800000,220.73000000,221.53000000,216.56000000,217.10000000,909206.16000000,199602893.23268000
1758571200000,217.10000000,221.10000000,216.45000000,220.38000000,361064.89600000,79220955.21285000
1758585600000,220.39000000,221.41000000,212.34000000,216.94000000,909225.51700000,196726054.80603000
1758600000000,216.94000000,220.26000000,214.02000000,219.00000000,606280.35700000,131843706.43286000
1758614400000,219.00000000,220.86000000,217.87000000,219.34000000,376465.72900000,82544732.55633000
1758628800000,219.33000000,220.65000000,216.97000000,219.28000000,495109.16100000,108509977.99988000
1758643200000,219.27000000,221.71000000,214.35000000,214.52000000,667060.78600000,144969742.11350000
1758657600000,214.51000000,216.68000000,212.96000000,213.30000000,394766.91800000,84800793.78759000
1758672000000,213.29000000,216.45000000,207.41000000,208.51000000,1196430.76800000,253685428.09864000
1758686400000,208.50000000,211.43000000,204.81000000,210.63000000,1465594.59900000,305192881.33347000
1758700800000,210.63000000,212.60000000,209.83000000,212.35000000,424450.64000000,89597966.86628000
1758715200000,212.36000000,216.24000000,211.41000000,213.61000000,706125.96700000,151041448.45603000
1758729600000,213.60000000,215.51000000,212.41000000,213.18000000,339233.47900000,72579062.65567000
1758744000000,213.18000000,213.24000000,210.72000000,211.60000000,295622.07300000,62627065.54979000
1758758400000,211.61000000,212.44000000,206.02000000,207.30000000,848925.73100000,177457503.83782000
1758772800000,207.30000000,207.63000000,202.76000000,204.19000000,967402.52500000,197810770.04412000
1758787200000,204.19000000,205.91000000,200.69000000,201.35000000,729173.97700000,148032277.37241000
1758801600000,201.34000000,204.06000000,197.03000000,201.15000000,1358179.89700000,272045987.45144000
1758816000000,201.14000000,201.95000000,193.60000000,198.09000000,1824534.37800000,360110091.24597000
1758830400000,198.09000000,198.70000000,191.32000000,192.74000000,1033040.78300000,201418186.69427000
1758844800000,192.73000000,197.55000000,192.53000000,196.47000000,793835.75000000,155338368.40221000
1758859200000,196.47000000,197.42000000,193.75000000,196.31000000,726413.59700000,142150332.12275000
1758873600000,196.31000000,196.98000000,190.80000000,193.47000000,786834.27400000,152165025.69802000
1758888000000,193.46000000,198.31000000,192.15000000,196.02000000,1577594.80700000,308445226.52138000
1758902400000,196.02000000,202.66000000,195.81000000,200.68000000,1192444.92500000,238761009.52591000
1758916800000,200.68000000,205.52000000,199.56000000,205.17000000,546079.52100000,110577597.37735000
1758931200000,205.16000000,205.43000000,203.57000000,203.88000000,468318.03000000,95722555.36366000
1758945600000,203.88000000,204.12000000,201.52000000,202.05000000,377609.35300000,76600502.89636000
1758960000000,202.05000000,202.21000000,199.88000000,201.71000000,355448.75600000,71490225.34505000
1758974400000,201.71000000,203.77000000,200.97000000,203.52000000,321632.96500000,65141438.68314000
1758988800000,203.52000000,203.61000000,200.85000000,202.19000000,373010.57300000,75294308.02612000
1759003200000,202.19000000,204.89000000,201.89000000,203.46000000,208913.73800000,42539331.16583000
1759017600000,203.47000000,204.07000000,200.74000000,201.40000000,341292.83600000,69017185.23722000
1759032000000,201.40000000,202.45000000,200.38000000,202.10000000,182680.13300000,36826141.10377000
1759046400000,202.10000000,202.70000000,199.23000000,199.86000000,280341.15200000,56298207.19759000
1759060800000,199.86000000,203.55000000,198.00000000,203.42000000,445496.91000000,89467168.35973000
1759075200000,203.43000000,206.67000000,203.26000000,206.18000000,432486.69100000,88625056.54171000
1759089600000,206.18000000,211.00000000,206.02000000,210.83000000,511962.35200000,106941482.26319000
1759104000000,210.83000000,210.89000000,208.74000000,210.28000000,480507.93000000,100809761.11814000
1759118400000,210.27000000,210.64000000,207.37000000,208.95000000,382478.56100000,79963567.03106000
1759132800000,208.94000000,209.69000000,206.02000000,207.07000000,300697.23600000,62463034.39835000
1759147200000,207.07000000,213.50000000,204.58000000,210.07000000,1124784.90900000,235990001.74831000
1759161600000,210.07000000,213.50000000,207.67000000,212.93000000,565969.83400000,118944445.93510000
1759176000000,212.93000000,214.74000000,212.43000000,212.75000000,358660.38100000,76622340.56084000
1759190400000,212.74000000,213.67000000,209.83000000,210.71000000,502259.77400000,106125964.62579000
1759204800000,210.71000000,211.72000000,208.55000000,209.00000000,333039.50500000,69996096.50682000
1759219200000,208.99000000,209.00000000,205.53000000,207.08000000,508045.92600000,105178453.77162000
1759233600000,207.07000000,209.64000000,204.65000000,206.00000000,651944.60100000,134833003.04864000
1759248000000,205.99000000,209.21000000,204.29000000,208.92000000,769192.19200000,158739319.70140000
1759262400000,208.92000000,210.98000000,207.42000000,208.68000000,500299.48700000,104774382.46497000
1759276800000,208.68000000,210.90000000,206.43000000,206.69000000,605455.67500000,126363284.81580000
1759291200000,206.68000000,210.34000000,206.31000000,210.18000000,408600.96800000,85378979.32357000
1759305600000,210.18000000,217.95000000,209.86000000,217.75000000,1185581.05900000,255857254.87014000
1759320000000,217.75000000,220.66000000,217.16000000,220.25000000,889129.10200000,194903809.38212000
1759334400000,220.24000000,221.00000000,217.34000000,220.05000000,559762.07100000,122778199.22737000
1759348800000,220.05000000,222.77000000,218.41000000,222.04000000,401732.04600000,88384527.36469000
1759363200000,222.04000000,225.06000000,219.52000000,223.80000000,766557.32400000,170465740.43105000
1759377600000,223.81000000,226.74000000,222.43000000,222.90000000,658529.90400000,147769372.52654000
1759392000000,222.91000000,226.70000000,222.69000000,225.27000000,469729.47200000,105668355.10949000
1759406400000,225.28000000,227.44000000,222.61000000,227.18000000,971047.69400000,219106374.30262000
1759420800000,227.19000000,233.79000000,226.24000000,232.30000000,1156299.68600000,266246482.93798000
1759435200000,232.29000000,234.99000000,230.81000000,234.74000000,568532.30800000,132487622.84380000
1759449600000,234.74000000,234.84000000,230.56000000,232.26000000,497550.34300000,115674620.20245000
1759464000000,232.26000000,233.23000000,227.68000000,229.41000000,512563.86800000,117964429.42032000
1759478400000,229.42000000,231.79000000,227.76000000,230.78000000,584160.62400000,134628607.96914000
1759492800000,230.79000000,234.98000000,227.13000000,234.79000000,907743.72400000,209077121.33021000
1759507200000,234.79000000,237.00000000,228.33000000,233.17000000,1408277.10100000,328492157.46007000
1759521600000,233.18000000,233.99000000,230.72000000,232.84000000,306315.95400000,71281811.70982000
1759536000000,232.84000000,234.05000000,227.93000000,229.25000000,457226.91400000,105374463.69405000
1759550400000,229.24000000,230.53000000,228.73000000,229.11000000,185493.85700000,42601132.98602000
1759564800000,229.10000000,229.92000000,228.21000000,229.19000000,234320.61600000,53659937.50077000
1759579200000,229.19000000,229.84000000,224.31000000,224.88000000,477348.86300000,108285656.80987000
1759593600000,224.87000000,227.02000000,224.07000000,226.91000000,346747.19200000,78237263.29700000
1759608000000,226.91000000,228.29000000,226.91000000,227.86000000,140273.16300000,31931213.80664000
1759622400000,227.86000000,232.29000000,226.45000000,230.91000000,566636.33300000,130182654.42976000
1759636800000,230.91000000,236.93000000,230.90000000,236.59000000,804163.62700000,188669063.77667000
1759651200000,236.58000000,237.22000000,230.76000000,232.66000000,636400.94600000,148512948.42542000
1759665600000,232.66000000,232.67000000,228.42000000,230.14000000,444581.03700000,102553745.48724000
1759680000000,230.13000000,231.47000000,226.72000000,227.07000000,397313.91600000,90929532.85150000
1759694400000,227.07000000,229.26000000,226.70000000,228.56000000,250537.66700000,57156078.25085000
1759708800000,228.56000000,233.30000000,227.55000000,232.24000000,563967.15700000,130069727.22933000
1759723200000,232.23000000,234.86000000,230.17000000,231.36000000,446108.94100000,103725313.90645000
1759737600000,231.37000000,234.15000000,231.37000000,233.02000000,359815.26100000,83856360.54402000
1759752000000,233.02000000,236.67000000,232.63000000,235.64000000,697496.68900000,163651795.13939000
1759766400000,235.64000000,237.79000000,234.05000000,235.35000000,534512.90800000,126115550.69307000
1759780800000,235.34000000,236.15000000,231.64000000,232.35000000,380027.41900000,88819182.79510000
1759795200000,232.35000000,233.98000000,231.00000000,233.95000000,385311.77600000,89588337.83360000
1759809600000,233.95000000,235.21000000,229.41000000,231.01000000,622703.02700000,144572063.95987000
1759824000000,231.01000000,231.64000000,228.22000000,230.44000000,562991.52000000,129530170.30018000
1759838400000,230.44000000,231.59000000,220.80000000,223.79000000,1619389.72400000,365627074.59234000
1759852800000,223.79000000,225.31000000,220.71000000,221.69000000,773380.03600000,172527000.95883000
1759867200000,221.70000000,224.28000000,219.70000000,219.97000000,437269.67400000,97228758.76136000
1759881600000,219.98000000,222.78000000,217.91000000,218.31000000,631534.44400000,139119080.14617000
1759896000000,218.30000000,220.98000000,217.30000000,220.95000000,395944.60600000,86887282.07079000
1759910400000,220.95000000,222.64000000,220.65000000,221.20000000,364962.17900000,80884593.25794000
1759924800000,221.20000000,224.18000000,218.78000000,221.19000000,611449.45200000,135457853.22949000
1759939200000,221.20000000,229.67000000,220.71000000,229.34000000,752819.51400000,170471907.69790000
1759953600000,229.34000000,229.72000000,227.42000000,229.02000000,347050.45000000,79348728.23895000
1759968000000,229.03000000,229.69000000,223.84000000,226.19000000,569902.50900000,129169701.40269000
1759982400000,226.19000000,228.87000000,224.14000000,224.50000000,447470.80500000,101419508.61182000
1759996800000,224.49000000,224.81000000,219.32000000,223.14000000,587257.34100000,130308549.34645000
1760011200000,223.14000000,226.32000000,218.62000000,219.11000000,781057.47100000,173486542.48678000
1760025600000,219.11000000,220.14000000,216.53000000,218.29000000,631473.89900000,137866408.30347000
1760040000000,218.29000000,221.64000000,217.56000000,220.93000000,255791.40600000,56192341.83323000
1760054400000,220.93000000,222.87000000,219.50000000,221.65000000,346629.01800000,76681476.58680000
1760068800000,221.64000000,222.90000000,217.92000000,218.12000000,414183.95100000,91308902.11087000
1760083200000,218.13000000,221.56000000,217.40000000,221.14000000,407829.68100000,89574866.47758000
1760097600000,221.15000000,224.46000000,209.01000000,210.70000000,1721621.40900000,372990319.07032000
1760112000000,210.69000000,213.06000000,203.43000000,205.32000000,1157612.95600000,241995189.50377000
1760126400000,205.31000000,207.80000000,168.79000000,188.43000000,5574958.41400000,1061213393.95510000
1760140800000,188.43000000,191.05000000,182.16000000,184.85000000,1967350.02000000,366712053.20069000
1760155200000,184.86000000,186.88000000,180.00000000,182.75000000,1267649.82800000,232916990.41659000
1760169600000,182.75000000,189.50000000,181.76000000,183.85000000,1201413.39200000,222293333.17854000
1760184000000,183.85000000,185.05000000,180.77000000,183.71000000,975179.34600000,178601997.77874000
1760198400000,183.71000000,184.64000000,176.60000000,177.57000000,950768.03200000,172278931.52588000
1760212800000,177.57000000,178.78000000,172.58000000,177.62000000,930026.63000000,163871275.73633000
1760227200000,177.63000000,178.50000000,173.00000000,177.06000000,778604.57400000,136621471.96397000
1760241600000,177.06000000,182.97000000,176.61000000,182.55000000,907355.04000000,164343502.26204000
1760256000000,182.54000000,182.80000000,180.33000000,180.96000000,571208.26700000,103697814.58941000
1760270400000,180.96000000,191.80000000,178.20000000,191.23000000,1948392.28500000,362492047.21722000
1760284800000,191.23000000,196.60000000,191.22000000,195.85000000,1429928.25800000,277609821.40853000
1760299200000,195.86000000,199.00000000,193.12000000,197.00000000,851511.29700000,167268822.86092000
1760313600000,196.99000000,199.99000000,194.34000000,194.81000000,859440.42800000,169157611.76766000
1760328000000,194.82000000,199.50000000,192.91000000,196.81000000,697655.09500000,136870294.00572000
1760342400000,196.80000000,198.68000000,190.02000000,192.56000000,901085.76100000,175671920.28615000
1760356800000,192.56000000,197.66000000,191.31000000,196.42000000,1268838.45000000,246668131.64323000
1760371200000,196.42000000,208.75000000,196.23000000,207.10000000,1914640.53100000,388039400.39362000
1760385600000,207.10000000,209.28000000,206.81000000,208.69000000,611501.24600000,127243572.40260000
1760400000000,208.69000000,211.25000000,204.96000000,205.71000000,1130894.72400000,235112588.72247000
1760414400000,205.72000000,205.95000000,192.00000000,194.47000000,1675002.56900000,332804177.97194000
1760428800000,194.46000000,197.58000000,191.03000000,195.32000000,1092499.07400000,212656170.69034000
1760443200000,195.33000000,202.64000000,191.50000000,202.22000000,1513523.54700000,296626375.34918000
1760457600000,202.23000000,206.48000000,197.05000000,198.54000000,1546766.95400000,312591721.68875000
1760472000000,198.54000000,203.42000000,198.17000000,202.44000000,390481.00700000,78390549.86933000
1760486400000,202.45000000,205.82000000,200.89000000,201.65000000,734513.94100000,149041363.83744000
1760500800000,201.65000000,205.45000000,200.47000000,204.66000000,671527.24300000,136729144.62665000
1760515200000,204.65000000,208.91000000,202.04000000,202.60000000,874064.11300000,179694053.41060000
1760529600000,202.59000000,204.87000000,196.18000000,197.13000000,1536188.56600000,308426627.20052000
1760544000000,197.14000000,198.73000000,194.18000000,194.81000000,860173.69100000,169225904.84109000
1760558400000,194.81000000,196.62000000,192.04000000,193.84000000,692687.88500000,134342857.37550000
1760572800000,193.84000000,196.19000000,193.17000000,193.63000000,425855.19000000,82914789.42021000
1760587200000,193.64000000,195.60000000,191.38000000,192.93000000,653263.77500000,126293425.08862000
1760601600000,192.93000000,197.16000000,186.37000000,196.81000000,1147608.12300000,221348942.04631000
1760616000000,196.82000000,198.42000000,186.56000000,187.61000000,1249209.15800000,241530737.04757000
1760630400000,187.61000000,192.33000000,183.56000000,185.04000000,1260560.74400000,236849578.61133000
1760644800000,185.05000000,186.11000000,182.03000000,184.85000000,668143.67300000,122969979.68706000
1760659200000,184.84000000,187.55000000,184.27000000,187.09000000,501154.42300000,93260156.29705000
1760673600000,187.09000000,187.46000000,177.34000000,177.75000000,1351548.60300000,245877172.98686000
1760688000000,177.75000000,182.70000000,174.06000000,181.45000000,1749495.22900000,311310124.89865000
1760702400000,181.44000000,182.82000000,176.25000000,182.72000000,1229553.61900000,221305504.04123000
1760716800000,182.71000000,185.41000000,181.42000000,181.98000000,848007.25800000,155512682.25805000
1760731200000,181.98000000,186.04000000,181.47000000,181.96000000,423149.74500000,77865739.23327000
1760745600000,181.97000000,185.54000000,181.75000000,184.80000000,389074.41200000,71565384.45491000
1760760000000,184.80000000,188.26000000,183.11000000,186.27000000,558790.52800000,103947539.89491000
1760774400000,186.26000000,187.18000000,184.40000000,186.10000000,410950.83300000,76337257.01951000
1760788800000,186.11000000,187.40000000,183.96000000,185.03000000,280702.45200000,52049213.88254000
1760803200000,185.04000000,186.41000000,183.20000000,186.34000000,286323.98500000,52902610.83725000
1760817600000,186.35000000,187.84000000,185.90000000,187.56000000,179998.88500000,33662624.71561000
1760832000000,187.55000000,187.87000000,184.88000000,187.04000000,239032.31500000,44454631.12969000
1760846400000,187.03000000,187.69000000,185.19000000,185.90000000,179804.38700000,33524471.05157000
1760860800000,185.89000000,190.05000000,183.19000000,188.99000000,804874.71300000,150586128.27011000
1760875200000,189.00000000,191.70000000,188.11000000,190.78000000,550649.01000000,104764590.50105000
1760889600000,190.77000000,192.29000000,188.33000000,188.88000000,416711.87600000,79289483.69536000
1760904000000,188.88000000,190.16000000,186.83000000,187.86000000,292892.29900000,55284047.11828000
1760918400000,187.86000000,191.75000000,183.82000000,191.21000000,743331.87100000,138671364.56373000
1760932800000,191.21000000,194.50000000,190.60000000,193.02000000,564222.72900000,108711665.05517000
1760947200000,193.02000000,194.18000000,191.00000000,192.20000000,411838.94400000,79309287.34019000
1760961600000,192.21000000,192.99000000,190.44000000,190.50000000,439754.01700000,84329866.25286000
1760976000000,190.51000000,190.51000000,185.56000000,188.83000000,726870.70000000,136660923.66296000
1760990400000,188.83000000,191.18000000,188.26000000,189.71000000,291983.23800000,55442132.40146000
1761004800000,189.71000000,190.21000000,185.31000000,185.57000000,569706.43100000,106632576.76031000
1761019200000,185.57000000,185.63000000,182.72000000,185.03000000,617599.58700000,113687759.35005000
1761033600000,185.04000000,186.75000000,183.77000000,186.29000000,303743.76400000,56167523.72749000
1761048000000,186.28000000,197.15000000,183.94000000,196.22000000,1269186.52300000,242294742.98829000
1761062400000,196.22000000,197.71000000,192.11000000,193.96000000,1085050.94400000,211244464.43723000
1761076800000,193.97000000,194.22000000,185.11000000,185.63000000,805795.37200000,152640699.86844000
1761091200000,185.62000000,187.45000000,184.14000000,185.24000000,556653.94500000,103435883.15402000
1761105600000,185.23000000,186.31000000,183.28000000,185.01000000,490383.58900000,90536093.31111000
1761120000000,185.01000000,185.98000000,181.92000000,185.05000000,467384.91900000,86048078.20662000
1761134400000,185.05000000,186.91000000,181.28000000,183.98000000,965788.67100000,178134334.02505000
1761148800000,183.99000000,184.96000000,177.07000000,180.20000000,862504.56800000,156715416.53520000
1761163200000,180.21000000,180.78000000,177.04000000,180.12000000,634289.02300000,113566331.37018000
1761177600000,180.13000000,183.40000000,179.68000000,182.86000000,333221.72600000,60513158.60781000
1761192000000,182.87000000,188.00000000,182.70000000,187.48000000,510146.20900000,94778965.89207000
1761206400000,187.48000000,189.49000000,187.48000000,187.98000000,590289.76500000,111147812.05309000
1761220800000,187.98000000,192.62000000,186.60000000,191.04000000,1084518.78900000,206181396.64124000
1761235200000,191.04000000,193.45000000,190.10000000,191.15000000,566207.58600000,108550165.41913000
1761249600000,191.14000000,191.51000000,188.31000000,191.35000000,417575.04000000,79304629.80727000
1761264000000,191.36000000,193.85000000,190.85000000,191.31000000,420966.16300000,80959828.90121000
1761278400000,191.31000000,194.60000000,190.82000000,192.15000000,504623.96800000,97442921.46652000
1761292800000,192.15000000,193.45000000,190.58000000,192.13000000,321280.03700000,61741937.03450000
1761307200000,192.13000000,197.00000000,188.83000000,189.45000000,1335784.41800000,256832969.72268000
1761321600000,189.45000000,193.64000000,188.83000000,193.09000000,545332.86500000,104230569.34814000
1761336000000,193.10000000,194.14000000,192.84000000,193.59000000,228775.17500000,44295853.33572000
1761350400000,193.58000000,194.49000000,192.45000000,193.47000000,274729.89200000,53171924.44363000
1761364800000,193.48000000,194.91000000,193.44000000,193.96000000,264835.24000000,51430812.97028000
1761379200000,193.97000000,195.25000000,191.19000000,192.71000000,374620.98000000,72326333.59031000
1761393600000,192.70000000,194.22000000,191.80000000,191.89000000,276863.49700000,53355907.32252000
1761408000000,191.88000000,194.65000000,191.42000000,194.53000000,269735.27900000,52112982.13402000
1761422400000,194.53000000,194.91000000,193.76000000,193.84000000,166054.05000000,32267680.41555000
1761436800000,193.84000000,194.36000000,191.90000000,192.97000000,213438.62300000,41193189.68055000
1761451200000,192.98000000,194.31000000,192.73000000,193.86000000,157441.90900000,30487898.21742000
1761465600000,193.85000000,197.90000000,193.73000000,197.75000000,604768.06800000,118382927.68003000
1761480000000,197.74000000,199.96000000,196.91000000,199.53000000,641967.49600000,127540983.06053000
1761494400000,199.53000000,199.67000000,198.18000000,198.87000000,255182.97200000,50766899.30899000
1761508800000,198.87000000,202.43000000,196.86000000,200.03000000,704951.06200000,140749382.48685000
1761523200000,200.03000000,205.08000000,199.48000000,204.33000000,680006.80100000,138304561.89209000
1761537600000,204.33000000,205.33000000,202.26000000,202.51000000,616446.00900000,125781835.37660000
1761552000000,202.50000000,202.54000000,198.02000000,200.18000000,754944.25900000,151030528.57429000
1761566400000,200.18000000,200.58000000,198.30000000,200.11000000,467154.62500000,93230540.47954000
1761580800000,200.11000000,203.25000000,199.82000000,200.03000000,590812.62500000,119249284.58473000
1761595200000,200.03000000,200.23000000,197.34000000,198.70000000,406245.06800000,80739824.50505000
1761609600000,198.71000000,202.05000000,198.41000000,201.27000000,458190.13600000,91909898.22326000
1761624000000,201.27000000,203.00000000,198.62000000,202.35000000,494348.08800000,99368725.66131000
1761638400000,202.36000000,203.99000000,199.14000000,199.73000000,521805.50500000,105198336.03762000
1761652800000,199.73000000,203.03000000,196.58000000,198.85000000,1138560.20000000,227697504.80353000
1761667200000,198.86000000,201.28000000,194.48000000,195.35000000,707786.92900000,140278382.80022000
1761681600000,195.34000000,195.36000000,190.22000000,194.15000000,1008479.10300000,195001391.84182000
1761696000000,194.16000000,195.09000000,192.68000000,193.89000000,409753.25400000,79503472.09067000
1761710400000,193.90000000,196.07000000,193.75000000,195.65000000,217468.13100000,42416935.11366000
1761724800000,195.65000000,199.37000000,193.78000000,198.74000000,616444.31600000,121077462.90154000
1761739200000,198.74000000,201.70000000,196.37000000,196.78000000,944043.82300000,188384956.69276000
1761753600000,196.78000000,198.77000000,189.37000000,192.76000000,1903009.86800000,369640830.97618000
1761768000000,192.75000000,197.06000000,191.92000000,193.88000000,530168.43700000,103272562.59782000
1761782400000,193.89000000,198.19000000,192.12000000,197.10000000,438846.06000000,85866124.54967000
1761796800000,197.09000000,197.18000000,190.35000000,195.80000000,1052876.84500000,203941371.33598000
1761811200000,195.79000000,196.11000000,191.01000000,191.85000000,533894.29700000,103062271.98399000
1761825600000,191.85000000,192.06000000,184.49000000,185.02000000,1354983.19800000,253770486.64177000
1761840000000,185.01000000,186.35000000,178.65000000,179.06000000,936802.78700000,170708578.36301000
1761854400000,179.05000000,184.74000000,178.79000000,184.69000000,737135.07600000,134218540.49603000
1761868800000,184.69000000,186.91000000,183.70000000,185.15000000,648608.89400000,120233602.72437000
1761883200000,185.14000000,187.03000000,184.77000000,185.36000000,440672.76500000,81857151.90536000
1761897600000,185.36000000,189.22000000,184.58000000,188.89000000,458602.91500000,85618234.07047000
1761912000000,188.89000000,190.26000000,186.00000000,188.13000000,801559.51100000,150852865.32856000
1761926400000,188.12000000,189.04000000,184.38000000,188.42000000,589384.97100000,109662837.74508000
1761940800000,188.41000000,188.78000000,186.54000000,187.21000000,254564.78400000,47751046.90145000
1761955200000,187.21000000,187.48000000,185.50000000,187.20000000,279684.52700000,52190735.88647000
1761969600000,187.20000000,187.55000000,185.00000000,185.80000000,204620.72200000,38080393.97261000
1761984000000,185.79000000,186.72000000,185.28000000,186.22000000,222733.55500000,41448022.59191000
1761998400000,186.22000000,186.65000000,183.79000000,186.42000000,343727.96900000,63763724.49467000
1762012800000,186.42000000,187.12000000,184.87000000,186.27000000,274011.50800000,50913481.89431000
1762027200000,186.28000000,186.96000000,184.98000000,186.35000000,159726.93900000,29720380.39032000
1762041600000,186.35000000,186.37000000,184.66000000,185.29000000,208954.78600000,38715397.83102000
1762056000000,185.30000000,188.34000000,185.02000000,187.72000000,289882.07300000,54262832.72860000
1762070400000,187.72000000,187.95000000,184.45000000,186.15000000,316944.04400000,58926587.83005000
1762084800000,186.14000000,186.50000000,183.53000000,183.77000000,396484.88700000,73308638.84363000
1762099200000,183.77000000,184.68000000,182.00000000,184.02000000,281296.92200000,51639657.56394000
1762113600000,184.02000000,188.10000000,183.58000000,187.71000000,267734.84500000,49781199.53628000
1762128000000,187.71000000,189.13000000,176.73000000,177.57000000,1094378.43400000,199908483.32194000
1762142400000,177.56000000,178.75000000,174.22000000,176.50000000,863661.73200000,152567059.18392000
1762156800000,176.51000000,176.92000000,173.00000000,175.32000000,1002707.72800000,175586206.50038000
1762171200000,175.32000000,176.95000000,165.00000000,166.79000000,2334599.65500000,396383174.29337000
1762185600000,166.79000000,171.00000000,165.61000000,166.74000000,1203562.11700000,202688310.47843000
1762200000000,166.75000000,167.24000000,163.15000000,166.06000000,828703.39700000,136916094.23920000
1762214400000,166.06000000,168.42000000,164.18000000,167.66000000,456279.20300000,76153156.15657000
1762228800000,167.66000000,168.13000000,155.87000000,157.07000000,1727235.10800000,276658941.61445000
1762243200000,157.07000000,162.25000000,156.41000000,161.71000000,878336.35900000,140374987.01522000
1762257600000,161.71000000,165.27000000,159.32000000,161.50000000,1067811.86600000,173317844.15132000
1762272000000,161.50000000,162.36000000,152.26000000,154.62000000,1758082.42500000,274658777.11870000
1762286400000,154.62000000,155.90000000,145.85000000,155.03000000,2400832.60400000,363624894.17264000
1762300800000,155.04000000,157.42000000,147.29000000,156.93000000,1311505.52200000,200732278.80202000
1762315200000,156.93000000,158.62000000,155.66000000,156.47000000,618742.27900000,97204751.32759000
1762329600000,156.47000000,157.63000000,153.67000000,157.48000000,688517.49400000,107236436.80823000
1762344000000,157.48000000,160.57000000,156.77000000,160.50000000,848056.11600000,134556871.33020000
1762358400000,160.50000000,163.93000000,158.57000000,162.53000000,793259.48400000,128452567.95944000
1762372800000,162.53000000,163.97000000,161.12000000,162.37000000,390450.79300000,63387400.41593000
1762387200000,162.37000000,162.91000000,159.70000000,162.45000000,646585.50800000,104167874.42279000
1762401600000,162.46000000,162.75000000,158.25000000,158.84000000,375368.03300000,60018058.37776000
1762416000000,158.84000000,159.90000000,157.66000000,158.85000000,462417.20000000,73522458.55756000
1762430400000,158.85000000,161.51000000,155.40000000,155.92000000,933014.21200000,147690922.37781000
1762444800000,155.92000000,158.67000000,153.80000000,156.89000000,768891.36700000,120039150.31190000
1762459200000,156.89000000,157.82000000,153.45000000,155.28000000,390477.00700000,60692298.81336000
1762473600000,155.27000000,158.62000000,154.22000000,156.85000000,516516.01600000,80904253.36172000
1762488000000,156.86000000,158.28000000,155.24000000,157.79000000,343595.13200000,53918246.29371000
1762502400000,157.79000000,158.21000000,151.67000000,153.85000000,557571.88800000,86054054.30146000
1762516800000,153.86000000,156.27000000,149.82000000,155.42000000,1207437.00600000,184596809.95922000
1762531200000,155.42000000,164.48000000,154.40000000,164.17000000,1019600.49600000,163358273.69081000
1762545600000,164.17000000,164.41000000,161.61000000,161.79000000,568357.43400000,92620005.97194000
1762560000000,161.80000000,164.89000000,160.59000000,162.52000000,546395.30600000,88989437.59372000
1762574400000,162.52000000,163.66000000,159.58000000,161.06000000,346943.27600000,56002069.80791000
1762588800000,161.05000000,162.34000000,159.01000000,159.39000000,421708.49700000,67794903.36411000
1762603200000,159.39000000,159.70000000,155.90000000,156.65000000,572620.92600000,90359819.61810000
1762617600000,156.65000000,158.18000000,155.80000000,157.36000000,375927.99400000,59062347.12707000
1762632000000,157.36000000,158.44000000,157.22000000,158.02000000,239331.24100000,37787725.65032000
1762646400000,158.01000000,158.32000000,155.11000000,155.88000000,306080.48700000,47965199.44756000
1762660800000,155.89000000,159.58000000,155.85000000,159.30000000,429866.59100000,67896746.13748000
1762675200000,159.29000000,159.94000000,157.28000000,159.06000000,263577.16500000,41868942.09358000
1762689600000,159.06000000,163.98000000,158.59000000,162.53000000,1151496.47800000,185458958.31987000
1762704000000,162.53000000,166.31000000,161.23000000,166.15000000,628834.46400000,102851190.73410000
1762718400000,166.16000000,166.57000000,163.93000000,164.53000000,451934.39000000,74667025.36290000
1762732800000,164.53000000,168.76000000,163.42000000,168.12000000,756387.01700000,126429510.45740000
1762747200000,168.13000000,168.92000000,166.38000000,167.38000000,429425.48300000,72003360.43019000
1762761600000,167.38000000,169.81000000,166.11000000,168.33000000,504546.39300000,84812980.97943000
1762776000000,168.32000000,170.48000000,165.20000000,166.26000000,940561.17800000,157511656.92489000
1762790400000,166.26000000,168.49000000,165.25000000,167.19000000,599038.76000000,99774487.15096000
1762804800000,167.19000000,168.41000000,164.81000000,167.31000000,399002.29500000,66579113.33549000
1762819200000,167.31000000,171.94000000,166.00000000,169.97000000,753568.35300000,127609101.80880000
1762833600000,169.97000000,170.11000000,163.57000000,163.98000000,922944.54800000,152933270.95791000
1762848000000,163.98000000,164.97000000,162.70000000,163.69000000,576448.39100000,94386913.87683000
1762862400000,163.69000000,164.37000000,160.00000000,160.89000000,1180837.36300000,191252696.31844000
1762876800000,160.88000000,161.22000000,157.42000000,157.58000000,629419.68700000,100467563.72427000
1762891200000,157.59000000,157.87000000,153.93000000,154.63000000,638885.87100000,99800378.86667000
1762905600000,154.63000000,155.58000000,153.59000000,154.57000000,587229.65800000,90853016.71454000
1762920000000,154.58000000,156.57000000,154.20000000,155.02000000,544393.30100000,84678480.74538000
1762934400000,155.03000000,161.14000000,155.00000000,160.03000000,813653.12500000,129156074.87414000
1762948800000,160.03000000,161.06000000,155.23000000,155.73000000,848259.40600000,134588062.14860000
1762963200000,155.73000000,156.21000000,151.20000000,153.05000000,1010302.97700000,154809538.80390000
1762977600000,153.04000000,154.68000000,152.54000000,153.42000000,335367.00000000,51483463.23224000
1762992000000,153.43000000,155.78000000,150.42000000,154.33000000,674316.17000000,103336874.45729000
1763006400000,154.33000000,157.20000000,153.40000000,155.31000000,660873.56100000,102790706.47740000
1763020800000,155.30000000,156.50000000,153.86000000,156.30000000,417271.96100000,64904690.10848000
1763035200000,156.30000000,156.96000000,152.26000000,153.13000000,862678.22800000,133390818.97836000
1763049600000,153.12000000,153.41000000,142.04000000,142.73000000,1600894.00800000,235768283.04590000
1763064000000,142.73000000,146.25000000,141.04000000,144.73000000,1202155.76900000,172354627.84580000
1763078400000,144.74000000,145.68000000,142.80000000,144.28000000,689700.07700000,99426634.77319000
1763092800000,144.27000000,144.48000000,138.71000000,142.85000000,1432639.09000000,203159828.18906000
1763107200000,142.85000000,143.19000000,139.84000000,140.77000000,769504.93500000,108799438.83819000
1763121600000,140.76000000,143.76000000,135.76000000,142.23000000,2107292.10700000,293191013.74821000
1763136000000,142.23000000,144.22000000,140.57000000,143.14000000,685439.55300000,97709426.38966000
1763150400000,143.14000000,143.24000000,137.20000000,138.92000000,491849.38500000,68889299.39289000
1763164800000,138.93000000,143.35000000,138.75000000,142.53000000,485860.58700000,68920102.42366000
1763179200000,142.54000000,143.59000000,141.81000000,142.76000000,321053.13400000,45822683.45096000
1763193600000,142.75000000,142.84000000,139.97000000,140.22000000,358754.99100000,50616240.96775000
1763208000000,140.21000000,142.26000000,139.98000000,141.72000000,345360.74500000,48800741.64854000
1763222400000,141.72000000,144.69000000,140.81000000,141.77000000,451561.08100000,64413497.24712000
1763236800000,141.78000000,141.96000000,138.61000000,139.61000000,388887.48400000,54419782.04522000
1763251200000,139.60000000,141.52000000,137.39000000,141.43000000,409097.31400000,57068981.50648000
1763265600000,141.43000000,142.46000000,140.73000000,142.31000000,249302.74000000,35318758.14184000
1763280000000,142.31000000,143.38000000,139.50000000,139.92000000,436307.48400000,61823545.28514000
1763294400000,139.91000000,140.85000000,137.15000000,137.48000000,500550.89700000,69789342.14334000
1763308800000,137.47000000,138.51000000,134.42000000,136.83000000,1113334.67400000,151870778.75818000
1763323200000,136.83000000,138.17000000,134.91000000,137.17000000,676841.17500000,92488280.82339000
1763337600000,137.17000000,140.79000000,136.09000000,140.28000000,678176.06400000,94188508.56046000
1763352000000,140.28000000,141.85000000,139.66000000,141.33000000,381720.70200000,53718557.79241000
1763366400000,141.33000000,142.80000000,140.94000000,141.90000000,530510.52700000,75229277.85434000
1763380800000,141.90000000,143.28000000,136.80000000,137.16000000,1374053.29000000,191963830.94996000
1763395200000,137.16000000,137.21000000,129.37000000,129.65000000,1876713.06700000,249176270.70962000
1763409600000,129.64000000,131.97000000,128.82000000,130.99000000,783547.12500000,102236265.24184000
1763424000000,131.00000000,135.23000000,129.00000000,134.51000000,1200360.69500000,158975993.76878000
1763438400000,134.52000000,137.81000000,132.52000000,136.92000000,1476375.51800000,200431191.94336000
1763452800000,136.93000000,139.12000000,136.47000000,137.88000000,708678.51100000,97603490.36125000
1763467200000,137.88000000,142.17000000,136.84000000,139.70000000,1077764.63800000,149908459.02921000
1763481600000,139.70000000,142.12000000,138.77000000,141.44000000,657471.26900000,92517737.49472000
1763496000000,141.45000000,142.12000000,139.66000000,140.69000000,408198.17900000,57568427.94988000
1763510400000,140.68000000,142.84000000,139.29000000,139.81000000,619607.70600000,87254834.03278000
1763524800000,139.80000000,141.14000000,137.12000000,140.58000000,661015.28800000,91679056.12747000
1763539200000,140.57000000,141.03000000,138.35000000,138.56000000,368670.99100000,51493071.59365000
1763553600000,138.57000000,139.23000000,134.42000000,134.62000000,1000992.16600000,137014517.55797000
1763568000000,134.61000000,135.45000000,130.53000000,131.74000000,844399.74700000,112044909.95842000
1763582400000,131.74000000,137.06000000,131.36000000,137.06000000,773781.14600000,104225365.63321000
1763596800000,137.06000000,144.46000000,136.38000000,143.18000000,1377106.51500000,195560937.10461000
1763611200000,143.18000000,144.80000000,142.19000000,143.80000000,722228.13900000,103652522.51048000
1763625600000,143.80000000,143.96000000,141.07000000,142.12000000,602504.63500000,85782951.86557000
1763640000000,142.12000000,143.39000000,138.35000000,138.57000000,1002193.06100000,141187102.38321000
1763654400000,138.56000000,138.74000000,131.11000000,133.92000000,2507134.34400000,334021594.06982000
1763668800000,133.91000000,136.68000000,132.66000000,133.67000000,837087.53000000,112463302.86258000
1763683200000,133.67000000,135.06000000,131.03000000,132.62000000,851377.99100000,113498927.40360000
1763697600000,132.62000000,133.10000000,122.20000000,127.55000000,1943288.47700000,249294107.87766000
1763712000000,127.55000000,129.45000000,123.79000000,124.32000000,1669518.96200000,211411583.17923000
1763726400000,124.32000000,129.61000000,121.66000000,125.41000000,2087383.23200000,263541735.59646000
1763740800000,125.40000000,130.62000000,123.58000000,128.12000000,1111016.93100000,141983420.14212000
1763755200000,128.12000000,129.36000000,125.11000000,128.68000000,623300.10000000,79485001.54520000
1763769600000,128.69000000,129.94000000,126.82000000,127.13000000,476869.74200000,61219162.49410000
1763784000000,127.13000000,128.39000000,125.35000000,127.74000000,519649.14100000,65926410.94077000
1763798400000,127.74000000,127.74000000,125.32000000,126.68000000,475095.14300000,60084883.80679000
1763812800000,126.68000000,127.79000000,125.08000000,127.13000000,440628.35400000,55721830.54734000
1763827200000,127.13000000,128.60000000,126.79000000,127.20000000,414704.39400000,52958608.34345000
1763841600000,127.20000000,128.92000000,126.10000000,127.59000000,285541.08500000,36390252.96820000
1763856000000,127.60000000,130.80000000,127.56000000,129.96000000,491028.46600000,63498853.74586000
1763870400000,129.95000000,131.90000000,128.11000000,128.86000000,491253.73400000,63825837.33375000
1763884800000,128.86000000,130.99000000,128.83000000,129.75000000,300116.28800000,38938012.90233000
1763899200000,129.76000000,133.13000000,129.65000000,132.87000000,760576.74300000,100007790.81553000
1763913600000,132.88000000,133.47000000,130.84000000,132.38000000,413285.31500000,54634600.58370000
1763928000000,132.39000000,133.54000000,130.52000000,130.58000000,362454.64400000,47822161.06990000
1763942400000,130.58000000,134.41000000,129.31000000,133.43000000,667217.44500000,88045102.41414000
1763956800000,133.42000000,133.93000000,130.19000000,130.34000000,736429.47700000,97001399.11918000
1763971200000,130.33000000,130.76000000,128.44000000,129.62000000,488160.13400000,63192838.90573000
1763985600000,129.61000000,132.60000000,128.54000000,131.94000000,865454.32100000,112839305.96749000
1764000000000,131.93000000,138.00000000,131.82000000,137.24000000,1171221.11600000,158563622.58454000
1764014400000,137.24000000,139.87000000,137.24000000,138.44000000,816374.55300000,113227587.70978000
1764028800000,138.43000000,138.99000000,137.25000000,137.80000000,339660.44700000,46903165.83017000
1764043200000,137.80000000,138.97000000,136.30000000,136.33000000,283357.02400000,39044300.27070000
1764057600000,136.33000000,136.84000000,134.73000000,136.29000000,516734.35800000,70270790.85835000
1764072000000,136.29000000,136.98000000,133.13000000,134.86000000,773169.97400000,104546424.28811000
1764086400000,134.86000000,138.02000000,134.24000000,136.72000000,571150.89800000,77823859.06334000
1764100800000,136.73000000,140.50000000,135.98000000,138.96000000,510747.15200000,70637783.01977000
1764115200000,138.96000000,140.68000000,137.92000000,138.15000000,466628.93300000,64989862.16288000
1764129600000,138.15000000,139.95000000,137.72000000,139.89000000,422753.32700000,58754327.46299000
1764144000000,139.88000000,139.93000000,136.21000000,136.87000000,482180.08900000,66287844.07334000
1764158400000,136.86000000,138.29000000,135.50000000,136.66000000,888185.70000000,121255129.99910000
1764172800000,136.67000000,144.75000000,136.46000000,143.99000000,1267639.71100000,179942918.03522000
1764187200000,143.99000000,144.23000000,142.51000000,143.02000000,494474.91000000,70864455.49199000
1764201600000,143.01000000,144.14000000,142.07000000,142.52000000,427643.81500000,61193328.13765000
1764216000000,142.52000000,144.29000000,142.33000000,143.77000000,335308.64200000,48062252.72628000
1764230400000,143.77000000,143.90000000,141.51000000,142.08000000,325361.22400000,46301433.67889000
1764244800000,142.08000000,142.54000000,140.67000000,142.15000000,407380.92500000,57618403.86663000
1764259200000,142.15000000,143.15000000,141.43000000,142.73000000,548532.70400000,77960885.97440000
1764273600000,142.73000000,142.91000000,140.47000000,140.85000000,287445.87900000,40781777.34764000
1764288000000,140.85000000,141.45000000,138.59000000,139.68000000,414090.87300000,57843256.41126000
1764302400000,139.68000000,140.60000000,138.97000000,138.97000000,337429.51700000,47235128.32521000
1764316800000,138.98000000,142.64000000,138.95000000,140.99000000,614761.35900000,86901163.25753000
1764331200000,140.99000000,143.60000000,140.43000000,141.61000000,937180.17400000,133276015.85094000
1764345600000,141.62000000,141.65000000,136.01000000,137.53000000,896752.77700000,123802970.13548000
1764360000000,137.54000000,138.30000000,136.59000000,137.33000000,302295.33100000,41540162.90321000
1764374400000,137.33000000,137.89000000,136.70000000,136.83000000,246755.39900000,33883423.48174000
1764388800000,136.84000000,137.72000000,136.22000000,137.28000000,316477.66100000,43395262.66521000
1764403200000,137.28000000,137.48000000,136.39000000,137.33000000,265128.87600000,36302176.48577000
1764417600000,137.33000000,137.66000000,136.50000000,137.58000000,234356.04600000,32123199.69896000
1764432000000,137.58000000,138.10000000,134.76000000,135.68000000,526704.72600000,71807802.47267000
1764446400000,135.67000000,136.52000000,135.33000000,135.91000000,269898.46300000,36661260.82416000
1764460800000,135.92000000,136.80000000,135.25000000,136.40000000,431086.66800000,58683124.34052000
1764475200000,136.41000000,136.95000000,135.52000000,136.53000000,237426.82100000,32345783.12141000
1764489600000,136.52000000,137.10000000,136.12000000,136.42000000,254052.04700000,34726284.95430000
1764504000000,136.43000000,140.19000000,136.20000000,138.33000000,701970.73500000,97240155.41823000
1764518400000,138.34000000,139.82000000,137.37000000,137.63000000,426964.13200000,59164627.42114000
1764532800000,137.62000000,137.93000000,133.26000000,133.48000000,556664.92600000,75722249.41683000
1764547200000,133.48000000,133.74000000,126.53000000,126.97000000,1614647.79700000,208972790.00535000
1764561600000,126.97000000,127.47000000,125.81000000,127.42000000,509645.04600000,64506004.90244000
1764576000000,127.41000000,128.09000000,126.86000000,127.12000000,381155.30600000,48521571.14887000
1764590400000,127.12000000,127.72000000,123.11000000,125.11000000,1064958.11700000,133750732.74802000
1764604800000,125.11000000,125.34000000,123.27000000,123.86000000,828331.62900000,102891328.09189000
1764619200000,123.86000000,127.43000000,123.83000000,126.66000000,608766.16200000,76556402.47697000
1764633600000,126.66000000,128.54000000,126.02000000,127.23000000,442656.69700000,56300979.35647000
1764648000000,127.23000000,127.85000000,126.44000000,127.26000000,303815.07500000,38620771.98364000
1764662400000,127.26000000,128.84000000,126.01000000,128.31000000,388778.09800000,49518060.63999000
1764676800000,128.32000000,139.87000000,128.20000000,137.84000000,1918984.28200000,256536914.84193000
1764691200000,137.83000000,140.88000000,137.38000000,140.25000000,1232076.53000000,171684192.29863000
1764705600000,140.26000000,140.38000000,138.20000000,138.68000000,736546.06500000,102445912.73273000
1764720000000,138.67000000,140.65000000,137.76000000,140.33000000,591646.27500000,82272042.99464000
1764734400000,140.33000000,144.26000000,140.18000000,141.88000000,755059.69200000,107453677.28064000
1764748800000,141.89000000,142.67000000,140.75000000,141.72000000,338898.15800000,48044674.71662000
1764763200000,141.72000000,143.59000000,138.78000000,141.00000000,747077.70700000,105443362.35402000
1764777600000,141.00000000,142.39000000,139.87000000,141.28000000,633714.55000000,89521325.69004000
1764792000000,141.27000000,146.08000000,140.74000000,144.67000000,887748.42300000,127776258.36410000
1764806400000,144.67000000,146.91000000,143.64000000,144.67000000,440212.32300000,63875403.38702000
1764820800000,144.68000000,144.90000000,142.64000000,143.47000000,358054.30600000,51418490.94389000
1764835200000,143.47000000,144.20000000,142.70000000,143.06000000,281400.10000000,40344937.02301000
1764849600000,143.05000000,144.26000000,141.44000000,143.21000000,633420.38500000,90369433.74061000
1764864000000,143.20000000,143.85000000,137.80000000,139.67000000,637344.56500000,89655116.56620000
1764878400000,139.66000000,140.50000000,138.50000000,139.01000000,343810.56200000,47965840.27740000
1764892800000,139.01000000,140.20000000,138.30000000,138.56000000,357991.81900000,49929520.91010000
1764907200000,138.55000000,140.75000000,137.77000000,139.68000000,413520.05100000,57481502.57118000
1764921600000,139.67000000,139.67000000,136.13000000,137.02000000,613358.33000000,84293410.62529000
1764936000000,137.01000000,137.20000000,134.41000000,135.05000000,801747.68500000,109032480.74526000
1764950400000,135.04000000,135.20000000,130.73000000,132.50000000,883797.16300000,117056534.29516000
1764964800000,132.49000000,133.43000000,131.96000000,133.29000000,296944.09500000,39378577.97909000
1764979200000,133.29000000,134.13000000,132.80000000,133.74000000,194365.77600000,25943636.56865000
1764993600000,133.73000000,133.75000000,132.56000000,132.72000000,144527.27200000,19244326.11755000
1765008000000,132.73000000,133.29000000,131.88000000,133.22000000,184726.43100000,24494344.55034000
1765022400000,133.23000000,133.99000000,132.21000000,132.87000000,278722.10700000,37128239.82661000
1765036800000,132.88000000,133.54000000,131.78000000,132.06000000,360865.54600000,47899466.73553000
1765051200000,132.07000000,132.93000000,131.28000000,132.19000000,178388.29900000,23566596.16392000
1765065600000,132.20000000,133.59000000,131.93000000,133.50000000,186402.89100000,24765759.88447000
1765080000000,133.50000000,133.54000000,131.91000000,132.08000000,160470.23900000,21302437.17357000
1765094400000,132.09000000,132.59000000,131.53000000,132.44000000,199293.58900000,26306969.81339000
1765108800000,132.43000000,133.07000000,127.70000000,132.03000000,1062856.34000000,138352624.28980000
1765123200000,132.03000000,136.29000000,130.49000000,135.72000000,933154.23600000,124912818.88011000
1765137600000,135.73000000,136.35000000,129.80000000,132.24000000,589627.19600000,78156506.32547000
1765152000000,132.25000000,134.71000000,131.52000000,134.32000000,358010.63900000,47699105.91410000
1765166400000,134.32000000,136.00000000,134.07000000,135.85000000,370405.37800000,50087267.18601000
1765180800000,135.85000000,139.36000000,135.65000000,138.37000000,542414.34500000,74826940.25260000
1765195200000,138.37000000,139.32000000,135.24000000,135.55000000,770614.77200000,105848660.94697000
1765209600000,135.54000000,136.54000000,133.02000000,133.67000000,655059.64100000,88445096.71587000
1765224000000,133.66000000,134.94000000,132.45000000,133.25000000,548610.65100000,73358567.91282000
1765238400000,133.24000000,134.42000000,132.47000000,134.18000000,370817.47500000,49385651.80089000
1765252800000,134.18000000,134.26000000,131.77000000,133.20000000,383953.54700000,50931068.12822000
1765267200000,133.21000000,133.42000000,132.01000000,132.95000000,213047.58100000,28268899.35658000
1765281600000,132.95000000,138.50000000,131.62000000,138.45000000,889986.69100000,119964831.96491000
1765296000000,138.46000000,144.93000000,138.45000000,142.10000000,1856643.01700000,264459700.84778000
1765310400000,142.11000000,142.34000000,136.71000000,137.88000000,794073.72300000,110523538.69042000
1765324800000,137.87000000,138.61000000,137.19000000,138.15000000,660905.38400000,91087688.40632000
1765339200000,138.15000000,140.22000000,138.05000000,139.20000000,371289.47300000,51644897.73212000
1765353600000,139.20000000,139.88000000,136.33000000,137.24000000,512812.66700000,70764410.22075000
1765368000000,137.23000000,138.16000000,135.71000000,136.17000000,485961.30200000,66591519.66308000
1765382400000,136.16000000,139.64000000,135.73000000,138.67000000,1261516.67700000,173647924.52418000
1765396800000,138.67000000,142.57000000,135.39000000,136.26000000,1227744.77300000,170809565.48079000
1765411200000,136.26000000,136.43000000,129.00000000,129.39000000,1248018.99000000,164594488.24366000
1765425600000,129.39000000,131.52000000,129.04000000,131.03000000,542883.63600000,70919227.39204000
1765440000000,131.03000000,131.41000000,130.15000000,130.93000000,321975.14900000,42146018.22993000
1765454400000,130.93000000,132.82000000,129.84000000,131.18000000,566748.18100000,74357944.73474000
1765468800000,131.17000000,135.58000000,130.12000000,133.91000000,856553.78000000,114400332.38936000
1765483200000,133.90000000,137.79000000,133.82000000,136.41000000,841517.30000000,114844357.20552000
1765497600000,136.41000000,137.95000000,135.35000000,137.08000000,459234.10500000,62832505.87962000
1765512000000,137.08000000,140.12000000,136.52000000,139.09000000,578561.57400000,80158111.60739000
1765526400000,139.09000000,139.15000000,137.19000000,138.71000000,429778.28400000,59349433.92595000
1765540800000,138.72000000,139.86000000,132.85000000,133.49000000,1072554.74900000,146731220.77427000
1765555200000,133.48000000,133.95000000,130.35000000,131.27000000,1096274.01300000,145077796.84896000
1765569600000,131.27000000,133.07000000,131.00000000,132.27000000,369205.53700000,48765497.15321000
1765584000000,132.28000000,133.00000000,132.28000000,132.88000000,226995.39100000,30116899.82233000
1765598400000,132.88000000,133.02000000,132.33000000,132.93000000,148161.67600000,19664626.40781000
1765612800000,132.94000000,134.28000000,132.93000000,133.32000000,341456.62600000,45664393.05024000
1765627200000,133.31000000,133.68000000,132.61000000,133.31000000,230235.88200000,30657996.60766000
1765641600000,133.30000000,133.82000000,132.11000000,132.72000000,306223.43200000,40598718.87241000
1765656000000,132.73000000,133.27000000,131.60000000,133.14000000,219410.72800000,29087930.14743000
1765670400000,133.13000000,133.66000000,132.71000000,132.95000000,180565.01300000,24056794.31573000
1765684800000,132.95000000,133.39000000,132.08000000,133.29000000,166985.07200000,22142024.20561000
1765699200000,133.28000000,133.50000000,130.14000000,131.47000000,483157.35000000,63704156.82015000
1765713600000,131.46000000,131.90000000,130.33000000,130.67000000,237483.44000000,31148450.84376000
1765728000000,130.67000000,131.60000000,129.40000000,130.31000000,292036.32400000,38041407.28996000
1765742400000,130.30000000,130.80000000,127.98000000,129.40000000,371387.43800000,48079971.02634000
1765756800000,129.39000000,133.25000000,129.29000000,131.16000000,436829.08200000,57393030.17218000
1765771200000,131.17000000,132.71000000,130.88000000,132.34000000,278768.45900000,36786026.05934000
1765785600000,132.34000000,133.03000000,132.06000000,132.26000000,255593.53600000,33867379.57539000
1765800000000,132.25000000,135.43000000,126.45000000,126.89000000,1435432.87600000,187134915.23735000
1765814400000,126.89000000,127.30000000,123.63000000,125.02000000,995885.89300000,125059028.03955000
1765828800000,125.01000000,127.87000000,123.88000000,127.81000000,519921.15400000,65332040.19081000
1765843200000,127.81000000,128.03000000,124.94000000,126.51000000,378647.20400000,47928973.23588000
1765857600000,126.50000000,127.48000000,124.87000000,125.57000000,313403.32700000,39572314.56247000
1765872000000,125.57000000,129.04000000,125.43000000,128.63000000,442177.13800000,56309554.74056000
1765886400000,128.62000000,130.14000000,126.11000000,129.75000000,964353.12100000,123738784.37095000
1765900800000,129.75000000,129.85000000,126.77000000,127.73000000,490608.45300000,62804303.95056000
1765915200000,127.72000000,129.52000000,127.43000000,129.15000000,295594.75500000,37964684.30971000
1765929600000,129.15000000,129.82000000,128.21000000,128.24000000,274681.22500000,35419019.13195000
1765944000000,128.25000000,128.57000000,127.02000000,128.27000000,212978.94100000,27228472.96654000
1765958400000,128.26000000,128.26000000,125.96000000,127.62000000,348417.32900000,44275415.76438000
1765972800000,127.62000000,133.99000000,126.58000000,126.77000000,1751793.85200000,227884428.95216000
1765987200000,126.76000000,127.98000000,121.36000000,122.39000000,1509621.61700000,186873250.69346000
1766001600000,122.39000000,123.76000000,121.95000000,123.27000000,428087.25200000,52631986.88263000
1766016000000,123.28000000,124.16000000,122.98000000,123.65000000,269021.74400000,33224507.57534000
1766030400000,123.64000000,124.13000000,122.21000000,122.83000000,274154.78500000,33735067.21116000
1766044800000,122.83000000,124.15000000,122.46000000,124.07000000,308080.36100000,38044530.79606000
1766059200000,124.07000000,129.05000000,123.65000000,127.40000000,1416724.35700000,179082890.65472000
1766073600000,127.41000000,127.50000000,117.44000000,117.56000000,1725114.04400000,210483992.67390000
1766088000000,117.55000000,120.20000000,116.88000000,119.60000000,797699.71700000,94705525.06445000
1766102400000,119.60000000,122.54000000,117.61000000,121.59000000,620548.23600000,74434413.50677000
1766116800000,121.58000000,125.34000000,121.35000000,124.44000000,766760.88300000,94387781.34053000
1766131200000,124.43000000,125.74000000,123.86000000,125.36000000,429965.69500000,53686362.60644000
1766145600000,125.36000000,127.66000000,124.68000000,125.09000000,1032574.73000000,129935551.75233000
1766160000000,125.09000000,126.97000000,123.59000000,126.25000000,787628.90000000,98711838.26478000
1766174400000,126.25000000,127.87000000,126.08000000,126.27000000,453070.14800000,57468645.74759000
1766188800000,126.27000000,126.49000000,125.30000000,126.21000000,211468.40300000,26615978.68167000
1766203200000,126.21000000,126.69000000,125.87000000,126.17000000,171149.66500000,21609795.59171000
1766217600000,126.18000000,126.89000000,125.87000000,126.47000000,185508.42000000,23448185.07527000
1766232000000,126.47000000,126.67000000,125.45000000,126.58000000,299054.26600000,37710238.07485000
1766246400000,126.59000000,126.71000000,125.75000000,126.05000000,171313.72000000,21610834.46603000
1766260800000,126.05000000,126.55000000,125.63000000,125.81000000,190859.11200000,24075581.17586000
1766275200000,125.80000000,126.11000000,124.68000000,125.22000000,302141.19000000,37869503.13631000
1766289600000,125.22000000,125.54000000,125.07000000,125.30000000,88267.39300000,11061630.47389000
1766304000000,125.29000000,126.62000000,124.80000000,125.48000000,338562.93700000,42588352.95367000
1766318400000,125.47000000,126.06000000,123.40000000,125.05000000,489203.85800000,60950596.94197000
1766332800000,125.05000000,126.35000000,124.37000000,125.67000000,392876.60100000,49281716.94911000
1766347200000,125.67000000,126.30000000,124.70000000,126.03000000,201051.21000000,25257525.10887000
1766361600000,126.03000000,128.56000000,124.50000000,126.02000000,633482.79000000,80071518.98145000
1766376000000,126.02000000,126.73000000,125.56000000,126.31000000,210045.45200000,26520846.59488000
1766390400000,126.30000000,127.46000000,125.49000000,127.01000000,323742.17400000,40957003.94421000
1766404800000,127.00000000,128.78000000,126.32000000,128.07000000,599849.00700000,76377852.40899000
1766419200000,128.07000000,128.37000000,124.64000000,124.66000000,544203.63300000,68874391.13914000
1766433600000,124.66000000,126.03000000,124.20000000,125.93000000,356266.09000000,44555372.54777000
1766448000000,125.93000000,126.93000000,124.90000000,125.63000000,273669.61800000,34486070.34997000
1766462400000,125.62000000,126.08000000,123.77000000,124.19000000,334611.57800000,41690733.10107000
1766476800000,124.19000000,125.23000000,123.93000000,124.86000000,238892.95300000,29744889.56260000
1766491200000,124.85000000,124.93000000,122.16000000,123.37000000,625019.38000000,77060437.12984000
1766505600000,123.36000000,124.94000000,122.78000000,123.99000000,591863.21600000,73437945.31873000
1766520000000,123.99000000,125.65000000,123.46000000,124.01000000,375974.12700000,46738614.53823000
1766534400000,124.02000000,124.30000000,121.76000000,122.72000000,288504.20000000,35436336.64092000
1766548800000,122.71000000,123.06000000,120.63000000,121.31000000,296196.66900000,36023750.59145000
1766563200000,121.32000000,122.23000000,121.11000000,122.04000000,223635.01600000,27221198.04871000
1766577600000,122.04000000,122.94000000,120.70000000,122.73000000,334516.13600000,40799228.33257000
1766592000000,122.73000000,123.46000000,121.77000000,122.86000000,282750.28400000,34675986.43091000
1766606400000,122.86000000,123.40000000,122.47000000,122.53000000,179848.19300000,22109834.84455000
1766620800000,122.52000000,123.15000000,122.09000000,122.70000000,124534.62300000,15275244.99166000
1766635200000,122.70000000,122.86000000,122.10000000,122.27000000,192052.35600000,23500006.36441000
1766649600000,122.27000000,122.65000000,121.31000000,121.65000000,221848.71100000,27038303.99729000
1766664000000,121.65000000,124.10000000,121.58000000,123.68000000,304384.61800000,37402937.59866000
1766678400000,123.68000000,124.46000000,122.80000000,123.47000000,456622.36500000,56515302.51071000
1766692800000,123.47000000,123.52000000,119.71000000,120.06000000,518882.47500000,62934217.93337000
1766707200000,120.05000000,124.39000000,119.24000000,122.67000000,1039854.91100000,127173284.17623000
1766721600000,122.67000000,123.99000000,121.80000000,122.72000000,385175.70900000,47407525.19395000
1766736000000,122.71000000,124.13000000,122.29000000,123.84000000,447196.92100000,55123643.92118000
1766750400000,123.83000000,125.14000000,120.45000000,121.55000000,920653.67500000,112950676.45400000
1766764800000,121.55000000,122.40000000,121.17000000,122.15000000,340435.31800000,41514267.68770000
1766779200000,122.16000000,122.67000000,121.82000000,122.26000000,193200.02800000,23624392.16774000
1766793600000,122.27000000,123.80000000,121.86000000,123.67000000,340920.47500000,41806552.78400000
1766808000000,123.67000000,123.74000000,122.77000000,123.16000000,158392.77200000,19505715.74061000
1766822400000,123.15000000,123.34000000,122.51000000,122.99000000,130349.40100000,16031438.21191000
1766836800000,122.98000000,123.66000000,122.74000000,123.31000000,128455.59300000,15820143.12060000
1766851200000,123.32000000,123.45000000,122.76000000,123.28000000,201980.95700000,24867407.89235000
1766865600000,123.27000000,125.08000000,123.27000000,124.73000000,397702.91400000,49396377.89704000
1766880000000,124.74000000,124.90000000,123.90000000,124.13000000,188257.14400000,23392082.77614000
1766894400000,124.12000000,124.34000000,123.61000000,124.23000000,132623.89700000,16450541.49108000
1766908800000,124.23000000,124.84000000,124.00000000,124.65000000,210645.39700000,26214190.67056000
1766923200000,124.65000000,125.03000000,124.30000000,124.44000000,246329.39700000,30711039.11572000
1766937600000,124.44000000,124.77000000,123.08000000,123.30000000,527227.82200000,65225149.32860000
1766952000000,123.30000000,125.64000000,123.10000000,125.27000000,523876.79400000,65056717.54018000
1766966400000,125.27000000,130.16000000,125.01000000,128.58000000,1570857.08600000,201295623.71138000
1766980800000,128.58000000,129.15000000,127.20000000,127.88000000,540783.50300000,69312869.97861000
1766995200000,127.88000000,128.47000000,125.01000000,125.08000000,644155.68100000,81452883.20962000
1767009600000,125.08000000,125.41000000,122.36000000,123.44000000,961859.69900000,118921139.15025000
1767024000000,123.43000000,123.98000000,122.63000000,123.06000000,366732.97200000,45220683.31094000
1767038400000,123.07000000,123.62000000,122.86000000,123.28000000,223206.16400000,27520105.14825000
1767052800000,123.28000000,123.93000000,122.58000000,123.80000000,212290.37100000,26149466.12632000
1767067200000,123.79000000,124.35000000,123.20000000,124.02000000,292747.34500000,36279457.14843000
1767081600000,124.02000000,125.15000000,124.00000000,124.30000000,399345.68800000,49778285.82730000
1767096000000,124.29000000,125.35000000,123.54000000,125.16000000,561575.42400000,69881078.39371000
1767110400000,125.16000000,126.52000000,123.78000000,124.71000000,695920.33200000,87020374.14522000
1767124800000,124.71000000,125.14000000,123.50000000,125.01000000,318752.35600000,39622115.84164000
1767139200000,125.02000000,126.09000000,124.41000000,125.82000000,385546.72600000,48335889.02357000
1767153600000,125.81000000,126.10000000,125.38000000,125.99000000,204182.58600000,25681577.59180000
1767168000000,125.99000000,126.85000000,125.44000000,126.73000000,254276.09300000,32078458.22865000
1767182400000,126.73000000,127.44000000,125.01000000,125.59000000,484377.04900000,60987203.64410000
1767196800000,125.58000000,125.74000000,124.31000000,124.39000000,323537.14000000,40423429.85507000
1767211200000,124.38000000,132.75000000,122.99000000,124.65000000,1289724.06400000,160987036.35065000
1767225600000,124.64000000,125.80000000,124.60000000,125.21000000,245926.33800000,30792108.70020000
1767240000000,125.22000000,125.32000000,124.22000000,124.24000000,156389.37900000,19530531.04779000
1767254400000,124.24000000,125.29000000,124.15000000,125.22000000,343252.97700000,42883081.07871000
1767268800000,125.23000000,125.28000000,124.39000000,124.96000000,310752.54900000,38785419.51889000
1767283200000,124.96000000,125.79000000,124.28000000,125.76000000,384537.99300000,48096471.97363000
1767297600000,125.76000000,127.25000000,125.31000000,126.90000000,292805.74200000,36981335.83693000
1767312000000,126.91000000,127.99000000,125.84000000,127.53000000,380568.16200000,48243816.90087000
1767326400000,127.53000000,127.72000000,126.75000000,127.13000000,180338.21500000,22948909.89399000
1767340800000,127.14000000,129.99000000,127.13000000,128.22000000,625544.28500000,80602494.89769000
1767355200000,128.21000000,129.65000000,126.82000000,128.98000000,627670.56000000,80549779.62521000
1767369600000,128.98000000,132.30000000,128.68000000,131.63000000,745970.82000000,97717009.71115000
1767384000000,131.63000000,133.25000000,130.83000000,132.29000000,364135.33000000,48151176.55226000
1767398400000,132.28000000,133.17000000,132.06000000,132.83000000,270844.66500000,35911237.78781000
1767412800000,132.83000000,132.93000000,129.60000000,130.10000000,368318.03600000,48320396.72866000
1767427200000,130.09000000,131.44000000,129.80000000,130.71000000,253605.01000000,33170785.96602000
1767441600000,130.71000000,132.18000000,130.50000000,131.47000000,238562.33700000,31340211.09128000
1767456000000,131.48000000,132.12000000,131.47000000,131.78000000,150725.72900000,19872908.18459000
1767470400000,131.78000000,133.99000000,131.35000000,133.37000000,238567.72200000,31680381.79928000
1767484800000,133.37000000,134.97000000,133.31000000,134.62000000,397085.18100000,53272337.79869000
1767499200000,134.62000000,135.00000000,133.66000000,133.80000000,302385.36600000,40602557.97371000
1767513600000,133.80000000,134.88000000,133.20000000,134.39000000,263179.19300000,35308006.93274000
1767528000000,134.39000000,135.35000000,133.75000000,134.91000000,350770.21600000,47230596.71699000
1767542400000,134.91000000,135.54000000,133.12000000,133.56000000,339599.21700000,45615561.60960000
1767556800000,133.55000000,134.86000000,133.40000000,134.12000000,156249.94000000,20956108.51935000
1767571200000,134.12000000,137.75000000,134.01000000,136.64000000,651880.99300000,88725072.38784000
1767585600000,136.64000000,136.79000000,134.63000000,135.45000000,328811.12500000,44568740.82590000
1767600000000,135.45000000,136.06000000,134.75000000,135.77000000,342758.22400000,46426692.77805000
1767614400000,135.77000000,136.47000000,133.18000000,136.13000000,798861.98300000,107585173.11454000
1767628800000,136.13000000,138.82000000,134.31000000,138.23000000,765477.73700000,104640690.39478000
1767643200000,138.23000000,139.87000000,137.72000000,137.90000000,439777.42200000,60964714.76301000
1767657600000,137.91000000,138.63000000,136.89000000,138.38000000,341713.20900000,47069579.97733000
1767672000000,138.38000000,140.08000000,137.35000000,137.61000000,507045.10500000,70367859.92932000
1767686400000,137.60000000,139.70000000,137.40000000,139.50000000,416041.92800000,57541435.46761000
1767700800000,139.50000000,143.48000000,138.72000000,141.60000000,1164131.17300000,164801700.92356000
1767715200000,141.59000000,141.95000000,136.19000000,137.53000000,841636.85200000,116454819.35992000
1767729600000,137.53000000,141.99000000,137.51000000,141.08000000,501226.85000000,70255836.32246000
1767744000000,141.08000000,141.40000000,138.52000000,139.58000000,365641.21000000,51093986.13480000
1767758400000,139.59000000,139.72000000,138.15000000,139.39000000,254909.39200000,35416290.57593000
1767772800000,139.39000000,139.80000000,136.56000000,137.93000000,475525.66200000,65538390.50280000
1767787200000,137.93000000,138.51000000,135.25000000,135.70000000,569355.22100000,77942220.63185000
1767801600000,135.70000000,136.68000000,134.41000000,135.76000000,401993.74800000,54507491.42299000
1767816000000,135.76000000,137.05000000,135.00000000,136.39000000,254216.94500000,34642070.53741000
1767830400000,136.39000000,138.32000000,136.00000000,136.75000000,382004.00800000,52423006.61014000
1767844800000,136.74000000,138.33000000,133.79000000,135.90000000,493314.37100000,67082791.27567000
1767859200000,135.90000000,136.22000000,133.92000000,134.79000000,323607.29400000,43657144.00294000
1767873600000,134.80000000,136.55000000,132.67000000,136.41000000,663928.57600000,89170193.22861000
1767888000000,136.41000000,139.06000000,136.25000000,137.53000000,635387.08500000,87589046.65627000
1767902400000,137.53000000,140.07000000,136.52000000,138.37000000,615196.50100000,85289691.28988000
1767916800000,138.37000000,141.17000000,137.74000000,140.81000000,657548.76800000,91636975.09729000
1767931200000,140.81000000,141.08000000,139.46000000,139.54000000,371513.45800000,52087555.99697000
1767945600000,139.55000000,139.68000000,137.04000000,138.28000000,621265.56500000,86061808.99436000
1767960000000,138.27000000,140.89000000,136.13000000,138.82000000,965343.63900000,133386684.53295000
1767974400000,138.82000000,140.25000000,135.44000000,135.81000000,776742.65700000,107055990.01914000
1767988800000,135.80000000,136.45000000,134.98000000,135.97000000,386133.90900000,52441148.09880000
1768003200000,135.96000000,136.69000000,135.68000000,136.15000000,206284.98000000,28085714.01417000
1768017600000,136.15000000,136.34000000,135.75000000,136.09000000,127461.09400000,17334673.85025000
1768032000000,136.09000000,137.05000000,136.00000000,136.58000000,203467.60100000,27782637.24753000
1768046400000,136.58000000,137.04000000,136.01000000,136.42000000,180816.34700000,24666020.11098000
1768060800000,136.42000000,136.71000000,135.85000000,136.22000000,163655.47000000,22291662.44222000
1768075200000,136.22000000,136.27000000,135.37000000,135.84000000,119151.51200000,16185623.13286000
1768089600000,135.85000000,136.47000000,135.75000000,136.26000000,140444.87400000,19121817.61066000
1768104000000,136.26000000,136.43000000,135.88000000,136.20000000,118593.44300000,16150568.70725000
1768118400000,136.20000000,136.91000000,136.10000000,136.58000000,197166.95800000,26933504.90662000
1768132800000,136.58000000,139.55000000,136.52000000,138.43000000,474319.40600000,65493580.44937000
1768147200000,138.44000000,141.60000000,138.43000000,139.43000000,775597.18400000,108676774.54759000
1768161600000,139.42000000,139.77000000,137.49000000,139.70000000,503791.34100000,69809160.53696000
1768176000000,139.69000000,144.40000000,138.92000000,142.54000000,1277457.95100000,180829474.04419000
1768190400000,142.54000000,143.35000000,141.36000000,141.41000000,430457.21100000,61294728.76858000
1768204800000,141.42000000,142.05000000,139.04000000,140.03000000,524699.38700000,73469912.09312000
1768219200000,140.02000000,142.74000000,138.69000000,142.58000000,532621.64800000,74804722.98133000
1768233600000,142.58000000,144.33000000,140.58000000,140.99000000,859921.73600000,122552456.78202000
1768248000000,141.00000000,141.86000000,138.34000000,139.22000000,534962.15800000,74608415.37136000
1768262400000,139.21000000,139.58000000,137.82000000,138.74000000,538089.34100000,74663475.42661000
1768276800000,138.75000000,140.76000000,138.39000000,139.97000000,420710.94900000,58878781.71497000
1768291200000,139.97000000,143.12000000,139.97000000,141.84000000,676254.56200000,95980782.05155000
1768305600000,141.84000000,143.84000000,141.21000000,143.51000000,907770.28200000,129358794.05667000
1768320000000,143.51000000,144.55000000,142.43000000,144.24000000,533027.79300000,76492388.28073000
1768334400000,144.24000000,148.74000000,143.00000000,145.51000000,1119229.54100000,163338927.85493000
1768348800000,145.52000000,146.60000000,144.33000000,146.29000000,640347.02500000,93185625.47519000
1768363200000,146.28000000,146.46000000,143.92000000,144.86000000,540588.65300000,78237164.45942000
1768377600000,144.85000000,145.76000000,143.53000000,143.77000000,379406.47700000,54951338.19921000
1768392000000,143.76000000,147.56000000,143.37000000,147.07000000,925906.86500000,134989798.16043000
1768406400000,147.07000000,148.44000000,145.32000000,146.80000000,852900.58900000,125464385.70114000
1768420800000,146.80000000,147.73000000,145.84000000,146.69000000,355927.76900000,52259885.86223000
1768435200000,146.70000000,146.73000000,143.21000000,143.49000000,481901.96100000,69775357.09190000
1768449600000,143.49000000,145.29000000,143.28000000,144.99000000,279031.19100000,40282425.00269000
1768464000000,145.00000000,146.00000000,144.02000000,144.86000000,293200.65600000,42550327.76455000
1768478400000,144.85000000,145.65000000,141.78000000,143.48000000,759898.54600000,109316346.02642000
1768492800000,143.48000000,144.20000000,140.90000000,141.53000000,449424.79500000,64037948.56097000
1768507200000,141.53000000,142.66000000,141.02000000,142.40000000,198685.99000000,28187321.29910000
1768521600000,142.41000000,142.82000000,141.68000000,141.97000000,188314.50700000,26784468.72736000
1768536000000,141.97000000,143.63000000,141.39000000,142.95000000,358079.42800000,51016505.56841000
1768550400000,142.95000000,143.55000000,142.71000000,143.14000000,220271.61800000,31526774.64138000
1768564800000,143.14000000,143.86000000,140.26000000,140.78000000,444575.49100000,63356540.90989000
1768579200000,140.77000000,144.52000000,140.65000000,144.18000000,389096.31400000,55546124.25015000
1768593600000,144.17000000,145.55000000,143.49000000,144.89000000,300541.66800000,43528535.48496000
1768608000000,144.90000000,144.99000000,144.20000000,144.37000000,183972.75100000,26595302.91622000
1768622400000,144.36000000,144.50000000,143.64000000,143.64000000,87054.03800000,12541310.15417000
1768636800000,143.64000000,144.65000000,143.32000000,144.00000000,162784.03500000,23454019.49926000
1768651200000,144.00000000,144.35000000,143.60000000,144.33000000,152306.38100000,21921582.94360000
1768665600000,144.33000000,144.55000000,143.64000000,144.27000000,136850.60700000,19714143.96786000
1768680000000,144.26000000,144.58000000,143.51000000,143.72000000,112186.94900000,16164085.64794000
1768694400000,143.73000000,144.00000000,141.95000000,142.83000000,350824.74000000,50070768.47695000
1768708800000,142.82000000,143.04000000,142.03000000,142.11000000,235941.50200000,33663047.31838000
1768723200000,142.12000000,142.65000000,141.93000000,142.39000000,161988.89600000,23051317.79382000
1768737600000,142.39000000,142.73000000,141.50000000,142.00000000,235486.15900000,33480958.53702000
1768752000000,141.99000000,143.25000000,141.75000000,142.27000000,326847.27300000,46577813.78340000
1768766400000,142.28000000,143.04000000,137.74000000,137.87000000,566350.12800000,79573105.31150000
1768780800000,137.87000000,137.87000000,130.00000000,133.94000000,1659939.96100000,222211068.78370000
1768795200000,133.93000000,134.09000000,132.71000000,133.47000000,356148.55800000,47534152.04848000
1768809600000,133.47000000,134.37000000,133.28000000,134.13000000,319123.00400000,42692171.02288000
1768824000000,134.12000000,134.19000000,133.27000000,133.55000000,237599.59900000,31777798.76376000
1768838400000,133.55000000,134.71000000,133.48000000,134.45000000,180405.16000000,24204621.28382000
1768852800000,134.46000000,135.16000000,132.74000000,133.44000000,219308.48800000,29346202.20358000
1768867200000,133.44000000,134.63000000,133.07000000,134.24000000,246904.28800000,33044232.83359000
1768881600000,134.25000000,134.27000000,130.56000000,130.62000000,620942.69100000,82040929.54169000
1768896000000,130.62000000,130.80000000,128.36000000,128.81000000,861902.14900000,111349363.36848000
1768910400000,128.81000000,129.77000000,127.24000000,127.86000000,681240.95100000,87554352.36757000
1768924800000,127.86000000,128.59000000,126.30000000,127.25000000,604031.57000000,76865067.76936000
1768939200000,127.24000000,128.08000000,124.68000000,125.80000000,517402.23100000,65346414.31343000
1768953600000,125.81000000,127.86000000,125.75000000,127.61000000,281091.10100000,35732783.80557000
1768968000000,127.61000000,128.75000000,127.45000000,127.62000000,261374.28600000,33507858.81455000
1768982400000,127.61000000,128.19000000,126.80000000,126.94000000,264176.03800000,33682981.96984000
1768996800000,126.94000000,131.18000000,126.17000000,130.43000000,921029.37200000,118696860.69034000
1769011200000,130.43000000,131.68000000,125.26000000,131.50000000,958735.82100000,122915783.56392000
1769025600000,131.49000000,132.17000000,129.16000000,129.54000000,475329.74200000,62191387.47719000
1769040000000,129.53000000,130.62000000,129.53000000,129.86000000,193930.57900000,25233792.62248000
1769054400000,129.85000000,130.50000000,129.75000000,129.81000000,159631.22800000,20779888.97147000
1769068800000,129.80000000,130.35000000,129.35000000,130.11000000,193470.62500000,25137099.34970000
1769083200000,130.11000000,130.94000000,126.73000000,127.41000000,623936.65800000,80237965.43826000
1769097600000,127.42000000,129.37000000,126.92000000,129.26000000,398309.71300000,51011552.77135000
1769112000000,129.26000000,129.76000000,128.02000000,128.47000000,242307.65900000,31170388.67009000
1769126400000,128.47000000,128.98000000,128.08000000,128.76000000,182007.46900000,23402720.29351000
1769140800000,128.76000000,129.29000000,127.23000000,127.93000000,218313.97600000,28025308.57669000
1769155200000,127.93000000,128.00000000,126.94000000,127.54000000,190897.48100000,24310056.98600000
1769169600000,127.54000000,128.10000000,125.28000000,127.90000000,536316.12700000,67885869.89371000
1769184000000,127.90000000,130.20000000,127.46000000,128.08000000,641698.86700000,82610088.26151000
1769198400000,128.08000000,128.26000000,126.54000000,127.43000000,274829.15700000,35009899.96999000
1769212800000,127.43000000,128.12000000,127.29000000,127.91000000,114727.90100000,14645366.53472000
1769227200000,127.91000000,128.11000000,126.89000000,127.11000000,180692.08900000,23032539.83681000
1769241600000,127.12000000,127.40000000,126.93000000,127.17000000,120056.33800000,15266079.43661000
1769256000000,127.17000000,127.41000000,126.80000000,126.85000000,137033.22400000,17421714.05529000
1769270400000,126.85000000,127.51000000,126.64000000,127.30000000,142790.20100000,18160318.52366000
1769284800000,127.30000000,127.76000000,127.10000000,127.21000000,112120.24200000,14278889.94970000
1769299200000,127.22000000,127.46000000,126.35000000,126.64000000,162322.35600000,20615845.48710000
1769313600000,126.64000000,127.00000000,126.35000000,126.47000000,118525.08500000,15013125.57572000
1769328000000,126.47000000,127.20000000,125.98000000,126.77000000,197673.01900000,25022072.98600000
1769342400000,126.77000000,127.12000000,125.48000000,125.59000000,225134.28500000,28434592.03318000
1769356800000,125.58000000,125.58000000,117.15000000,117.96000000,2305430.15200000,279031992.80659000
1769371200000,117.96000000,119.45000000,117.38000000,118.85000000,1531794.55200000,181046901.20172000
1769385600000,118.85000000,122.77000000,118.53000000,121.57000000,478950.11200000,57899745.99397000
1769400000000,121.58000000,123.62000000,121.57000000,122.89000000,249077.02900000,30547528.10071000
1769414400000,122.90000000,123.59000000,121.76000000,122.50000000,295031.12700000,36155596.86690000
1769428800000,122.51000000,125.20000000,122.35000000,123.53000000,594653.17400000,73443712.48962000
1769443200000,123.53000000,125.60000000,123.03000000,124.31000000,472340.45300000,58710657.98618000
1769457600000,124.31000000,124.88000000,123.42000000,124.24000000,265699.46800000,33010414.95663000
1769472000000,124.24000000,125.17000000,123.73000000,124.51000000,222042.73400000,27647267.89652000
1769486400000,124.51000000,125.15000000,124.00000000,124.52000000,197767.21500000,24607473.32537000
1769500800000,124.52000000,124.79000000,123.57000000,124.12000000,224263.43900000,27812657.36057000
1769515200000,124.12000000,125.06000000,123.12000000,125.01000000,297484.05500000,36880164.66065000
1769529600000,125.01000000,126.79000000,123.55000000,125.85000000,635375.61300000,79663476.60449000
1769544000000,125.84000000,127.84000000,125.73000000,127.19000000,459575.98600000,58436786.53215000
1769558400000,127.18000000,127.52000000,126.65000000,126.96000000,197099.29000000,25038656.12519000
1769572800000,126.96000000,127.54000000,126.45000000,127.10000000,190954.09300000,24241718.62257000
1769587200000,127.09000000,128.34000000,125.97000000,128.17000000,352797.50100000,44894909.82502000
1769601600000,128.16000000,128.25000000,125.52000000,126.07000000,516333.67300000,65532348.69270000
1769616000000,126.06000000,127.04000000,125.26000000,126.01000000,434021.82200000,54712505.75297000
1769630400000,126.00000000,126.68000000,124.78000000,125.35000000,306657.14900000,38513520.84442000
1769644800000,125.34000000,125.51000000,122.70000000,123.07000000,379002.26700000,46986606.92902000
1769659200000,123.07000000,123.98000000,122.50000000,123.78000000,182453.49700000,22519362.33139000
1769673600000,123.78000000,123.93000000,122.66000000,122.76000000,204252.17100000,25156049.92591000
1769688000000,122.76000000,123.34000000,116.12000000,117.69000000,1150715.43500000,137092018.24609000
1769702400000,117.69000000,119.96000000,115.39000000,116.84000000,1351851.92700000,158632003.62384000
1769716800000,116.84000000,117.91000000,116.56000000,117.82000000,462338.17600000,54211564.39887000
1769731200000,117.82000000,118.14000000,112.14000000,114.43000000,1234004.18000000,141328901.14206000
1769745600000,114.44000000,116.13000000,113.01000000,115.78000000,715888.11300000,82349702.55082000
1769760000000,115.78000000,117.28000000,114.67000000,117.08000000,534204.70000000,61795348.83661000
1769774400000,117.08000000,117.64000000,114.58000000,116.80000000,718933.59900000,83621095.93052000
1769788800000,116.80000000,119.12000000,114.34000000,118.30000000,1049347.95900000,123175011.30086000
1769803200000,118.29000000,118.43000000,116.52000000,117.59000000,508628.19100000,59753427.37200000
1769817600000,117.60000000,118.66000000,117.39000000,118.39000000,320657.22900000,37856513.27633000
1769832000000,118.39000000,118.85000000,117.20000000,117.37000000,436088.98400000,51559652.87326000
1769846400000,117.38000000,117.53000000,114.29000000,116.05000000,868789.91700000,100581101.11045000
1769860800000,116.06000000,116.19000000,108.23000000,108.65000000,1790442.23100000,199018879.10869000
1769875200000,108.65000000,109.83000000,96.40000000,101.78000000,4226686.93800000,436095550.09780000
1769889600000,101.77000000,106.55000000,100.40000000,105.58000000,924733.02700000,95470378.83448000
1769904000000,105.58000000,106.43000000,104.23000000,104.97000000,421440.56600000,44369084.98666000
1769918400000,104.97000000,106.02000000,103.96000000,105.20000000,396862.04600000,41704742.47151000
1769932800000,105.20000000,106.06000000,103.59000000,105.05000000,462122.88300000,48504464.06236000
1769947200000,105.06000000,106.69000000,100.21000000,101.69000000,1033943.97800000,106848578.34018000
1769961600000,101.70000000,104.27000000,100.93000000,101.94000000,674420.78300000,69124803.20358000
1769976000000,101.94000000,102.88000000,98.02000000,100.79000000,1215465.79500000,122287889.19016000
1769990400000,100.78000000,103.14000000,95.95000000,100.07000000,1510943.50400000,151035671.01726000
1770004800000,100.08000000,102.43000000,97.07000000,101.43000000,1575814.21500000,157364900.36586000
1770019200000,101.42000000,103.45000000,101.36000000,102.78000000,791326.61400000,81079262.40242000
1770033600000,102.78000000,106.12000000,102.39000000,104.70000000,886338.74600000,92423995.27483000
1770048000000,104.69000000,105.78000000,103.51000000,103.89000000,515713.96500000,54038542.09404000
1770062400000,103.88000000,105.20000000,103.32000000,104.55000000,293895.63700000,30666670.78007000
1770076800000,104.54000000,104.67000000,102.18000000,104.16000000,412975.48600000,42733863.72747000
1770091200000,104.17000000,105.10000000,102.96000000,104.70000000,302547.58400000,31490637.84876000
1770105600000,104.70000000,105.04000000,102.50000000,103.01000000,425554.13800000,44028346.99196000
1770120000000,103.01000000,103.65000000,100.41000000,102.56000000,816223.89600000,83424051.90360000
1770134400000,102.56000000,102.56000000,96.64000000,99.02000000,1469216.05200000,145564527.36156000
1770148800000,99.01000000,102.07000000,97.21000000,97.89000000,1087500.95900000,108623740.39319000
1770163200000,97.89000000,99.67000000,97.17000000,99.13000000,645253.04700000,63694110.25907000
1770177600000,99.12000000,99.35000000,96.46000000,97.90000000,561956.45200000,54994490.33125000
1770192000000,97.91000000,97.96000000,94.71000000,96.11000000,1023805.84600000,98739507.77641000
1770206400000,96.12000000,96.73000000,91.31000000,92.79000000,1307738.60900000,122864653.55758000
1770220800000,92.80000000,94.71000000,90.00000000,94.38000000,1621367.87800000,149322272.73336000
1770235200000,94.38000000,94.50000000,89.30000000,92.12000000,1091337.53900000,100248805.24466000
1770249600000,92.11000000,92.89000000,90.24000000,91.15000000,850851.31000000,77958108.86410000
1770264000000,91.14000000,92.11000000,89.68000000,90.54000000,1143660.87800000,103892139.36098000
1770278400000,90.55000000,93.43000000,88.66000000,89.98000000,1061546.23400000,96676878.75938000
1770292800000,89.98000000,91.43000000,83.44000000,84.61000000,2217771.52400000,193505575.41846000
1770307200000,84.61000000,86.20000000,81.21000000,81.68000000,1963466.05700000,163857327.76857000
1770321600000,81.68000000,82.30000000,77.60000000,78.35000000,3006059.47700000,238898953.33978000
1770336000000,78.34000000,80.30000000,67.50000000,76.71000000,4857838.16600000,362408918.28016000
1770350400000,76.71000000,81.65000000,76.22000000,79.59000000,1318254.13000000,104620385.98604000
1770364800000,79.60000000,82.04000000,78.67000000,81.36000000,1054296.77600000,84781901.41971000
1770379200000,81.36000000,85.19000000,80.85000000,84.49000000,1705060.25100000,142051945.09324000
1770393600000,84.48000000,88.72000000,83.66000000,87.09000000,1733549.25100000,149891724.05415000
1770408000000,87.09000000,89.84000000,86.60000000,87.46000000,1142097.19200000,100553250.48872000
1770422400000,87.45000000,88.39000000,85.91000000,88.10000000,818660.40700000,71182862.46229000
1770436800000,88.09000000,89.04000000,84.16000000,85.29000000,975611.03100000,84532640.66743000
1770451200000,85.29000000,85.74000000,84.51000000,84.91000000,448696.28900000,38186698.92973000
1770465600000,84.90000000,87.20000000,84.85000000,86.57000000,569529.97600000,49079884.00987000
1770480000000,86.56000000,89.19000000,86.17000000,88.30000000,1331970.84500000,116413691.16188000
1770494400000,88.30000000,89.20000000,86.86000000,87.59000000,342180.93200000,30179419.03138000
1770508800000,87.59000000,88.22000000,86.70000000,86.82000000,222639.84600000,19469192.58248000
1770523200000,86.82000000,87.56000000,86.63000000,87.42000000,226616.21900000,19748407.79193000
1770537600000,87.41000000,88.99000000,86.44000000,88.25000000,569978.38600000,50011991.49578000
1770552000000,88.25000000,88.89000000,87.35000000,87.77000000,517939.82200000,45687705.46403000
1770566400000,87.78000000,88.61000000,85.77000000,88.41000000,482648.82300000,42146852.92891000
1770580800000,88.41000000,89.08000000,86.06000000,86.99000000,515175.58700000,45043505.84365000
1770595200000,86.99000000,87.98000000,85.75000000,87.67000000,527305.41800000,45839658.29839000
1770609600000,87.67000000,87.72000000,85.19000000,85.50000000,493099.35900000,42633035.77424000
1770624000000,85.50000000,85.64000000,82.86000000,83.47000000,774366.76900000,65101613.19736000
1770638400000,83.48000000,85.80000000,83.45000000,85.28000000,637293.72200000,53826435.01217000
1770652800000,85.28000000,88.69000000,84.81000000,87.97000000,853076.18900000,74401730.37246000
1770667200000,87.96000000,88.31000000,86.53000000,86.77000000,382510.95900000,33409390.92875000
1770681600000,86.77000000,87.49000000,85.26000000,85.87000000,402093.53400000,34764753.46885000
1770696000000,85.86000000,86.67000000,84.30000000,84.63000000,497685.53200000,42493032.40506000
1770710400000,84.64000000,85.09000000,83.77000000,83.85000000,455095.70300000,38434613.29628000
1770724800000,83.85000000,85.24000000,83.20000000,84.30000000,798245.63800000,67137263.72757000
1770739200000,84.30000000,85.14000000,82.44000000,83.08000000,486935.39200000,40805349.14122000
1770753600000,83.08000000,83.23000000,81.91000000,82.99000000,335156.30600000,27682951.75065000
1770768000000,82.99000000,84.39000000,82.59000000,83.34000000,317157.79600000,26494029.28427000
1770782400000,83.34000000,83.54000000,80.28000000,81.00000000,549886.45400000,44834408.08757000
1770796800000,81.00000000,81.47000000,80.38000000,81.26000000,369689.12700000,29922452.00850000
1770811200000,81.25000000,83.17000000,78.56000000,79.72000000,1281109.03600000,103636624.01864000
1770825600000,79.72000000,80.94000000,78.04000000,79.72000000,711553.11800000,56567381.97545000
1770840000000,79.72000000,81.11000000,78.80000000,79.30000000,585517.78900000,46750515.89022000
1770854400000,79.31000000,80.79000000,79.26000000,80.62000000,286003.68300000,22938997.68660000
1770868800000,80.63000000,80.99000000,79.50000000,80.77000000,278474.15400000,22415447.70060000
1770883200000,80.77000000,82.25000000,80.32000000,81.87000000,426871.07500000,34802905.20744000
1770897600000,81.87000000,82.13000000,80.10000000,80.12000000,655744.32900000,53214971.53092000
1770912000000,80.13000000,80.22000000,77.03000000,77.62000000,927205.54000000,72586025.92944000
1770926400000,77.62000000,78.52000000,76.60000000,78.40000000,621931.33600000,48187371.72185000
1770940800000,78.39000000,79.48000000,77.53000000,79.05000000,370604.06100000,29128033.59705000
1770955200000,79.05000000,79.27000000,77.85000000,78.99000000,343878.43700000,27027069.22589000
1770969600000,78.99000000,80.62000000,78.86000000,80.31000000,453099.44000000,36194174.27355000
1770984000000,80.31000000,84.34000000,79.73000000,83.20000000,994476.77200000,81286393.16762000
1770998400000,83.20000000,85.63000000,82.92000000,84.66000000,834107.95600000,70475468.90418000
1771012800000,84.65000000,85.19000000,84.12000000,84.33000000,374223.60600000,31673302.28403000
1771027200000,84.34000000,85.30000000,84.21000000,85.06000000,289428.39700000,24566871.82195000
1771041600000,85.07000000,85.27000000,84.35000000,85.19000000,156035.42500000,13244993.33285000
1771056000000,85.19000000,87.33000000,85.16000000,87.29000000,581740.68000000,50158074.42334000
1771070400000,87.29000000,87.69000000,86.00000000,87.44000000,570822.94300000,49612994.18860000
1771084800000,87.44000000,88.47000000,86.99000000,88.20000000,665986.60700000,58461982.56068000
1771099200000,88.21000000,88.90000000,87.29000000,88.06000000,434593.16300000,38325626.78166000
1771113600000,88.06000000,88.78000000,87.31000000,88.61000000,477493.40200000,42031523.88782000
1771128000000,88.60000000,90.98000000,88.35000000,90.74000000,806233.04800000,72154132.06980000
1771142400000,90.74000000,91.26000000,89.01000000,89.17000000,713517.75400000,64183646.48003000
1771156800000,89.18000000,89.63000000,86.66000000,87.42000000,766136.52800000,67307500.86263000
1771171200000,87.41000000,87.88000000,85.20000000,85.34000000,714921.00200000,61867110.63988000
1771185600000,85.35000000,86.70000000,84.89000000,86.16000000,450783.66600000,38706787.83995000
1771200000000,86.15000000,86.63000000,84.79000000,85.14000000,667949.30800000,57242129.40260000
1771214400000,85.15000000,85.91000000,84.47000000,85.06000000,346888.91200000,29502581.15865000
1771228800000,85.07000000,86.26000000,84.49000000,85.52000000,431369.74000000,36917542.96556000
1771243200000,85.52000000,86.93000000,82.55000000,83.21000000,1202171.27900000,101758706.25604000
1771257600000,83.21000000,85.16000000,83.10000000,84.61000000,631216.88700000,53110521.67247000
1771272000000,84.62000000,86.66000000,84.50000000,86.45000000,280155.68500000,24015146.08879000
1771286400000,86.45000000,87.69000000,85.76000000,86.37000000,299751.05000000,26009823.10069000
1771300800000,86.37000000,86.80000000,85.45000000,86.49000000,271821.33000000,23455272.23790000
1771315200000,86.48000000,86.77000000,84.75000000,85.10000000,286692.03600000,24526380.02400000
1771329600000,85.11000000,85.58000000,82.92000000,83.81000000,918074.82000000,77098715.13490000
1771344000000,83.80000000,85.76000000,83.13000000,84.87000000,672706.80100000,56868336.29467000
1771358400000,84.86000000,85.44000000,84.53000000,85.08000000,325609.82800000,27714967.61112000
1771372800000,85.09000000,85.49000000,83.92000000,85.33000000,469767.04300000,39820449.63186000
1771387200000,85.34000000,85.54000000,84.68000000,85.28000000,191825.64900000,16330788.90424000
1771401600000,85.28000000,86.09000000,82.83000000,82.86000000,707916.18800000,59738986.64407000
1771416000000,82.87000000,84.01000000,81.72000000,83.01000000,893829.75900000,74026491.20866000
1771430400000,83.00000000,83.09000000,80.48000000,80.93000000,615426.55300000,50329141.83680000
1771444800000,80.93000000,81.64000000,80.85000000,81.61000000,258838.77800000,21043973.46017000
1771459200000,81.61000000,82.07000000,81.25000000,81.77000000,164987.11200000,13477380.44664000
1771473600000,81.77000000,82.67000000,81.38000000,82.41000000,578429.86100000,47324739.31704000
1771488000000,82.40000000,82.42000000,80.91000000,81.24000000,312028.08500000,25475121.81537000
1771502400000,81.24000000,81.32000000,79.61000000,80.64000000,871083.31500000,69986947.02929000
1771516800000,80.63000000,82.20000000,79.92000000,81.95000000,569169.83200000,46165389.99419000
1771531200000,81.94000000,82.57000000,81.68000000,82.50000000,352579.28500000,28956200.37374000
1771545600000,82.50000000,83.54000000,82.33000000,83.04000000,484575.74100000,40247874.05866000
1771560000000,83.05000000,83.93000000,82.38000000,83.46000000,352315.37100000,29336850.22768000
1771574400000,83.45000000,84.84000000,83.30000000,83.58000000,667959.13200000,56158745.65983000
1771588800000,83.58000000,84.78000000,81.77000000,84.38000000,1113123.09400000,92637353.84053000
1771603200000,84.38000000,85.49000000,82.82000000,84.75000000,839756.20400000,70874826.57936000
1771617600000,84.75000000,85.23000000,84.12000000,84.67000000,296827.21700000,25096078.11034000
1771632000000,84.68000000,85.03000000,84.24000000,84.35000000,244834.54700000,20702587.24820000
1771646400000,84.35000000,84.78000000,83.97000000,84.24000000,191204.99200000,16117632.77228000
1771660800000,84.24000000,85.70000000,84.19000000,85.40000000,253890.12500000,21584114.94376000
1771675200000,85.40000000,86.72000000,85.00000000,86.58000000,560131.30500000,48189928.41728000
1771689600000,86.59000000,86.72000000,85.82000000,86.22000000,273165.29600000,23557033.05200000
1771704000000,86.21000000,86.21000000,85.12000000,85.17000000,257522.59700000,22039425.56864000
1771718400000,85.17000000,85.60000000,84.73000000,85.08000000,373587.24500000,31784559.12575000
1771732800000,85.08000000,85.58000000,84.81000000,85.24000000,156836.21900000,13361882.68489000
1771747200000,85.25000000,85.47000000,84.87000000,85.27000000,189820.25300000,16169660.27782000
1771761600000,85.28000000,85.33000000,82.98000000,83.50000000,605586.52600000,50742371.46248000
1771776000000,83.49000000,83.63000000,82.82000000,83.30000000,206105.59000000,17146035.32256000
1771790400000,83.30000000,83.71000000,82.48000000,82.79000000,266916.76300000,22188425.06626000
1771804800000,82.80000000,82.85000000,77.28000000,77.66000000,1532442.00000000,120696564.69379000
1771819200000,77.66000000,79.69000000,77.15000000,79.40000000,782254.48700000,61280226.93726000
1771833600000,79.40000000,80.69000000,78.53000000,80.05000000,565368.23100000,45067861.58295000
1771848000000,80.06000000,81.13000000,79.20000000,79.40000000,789672.18200000,63449787.07546000
1771862400000,79.39000000,79.80000000,77.27000000,78.29000000,1029792.14500000,81046897.26001000
1771876800000,78.28000000,78.92000000,77.63000000,77.90000000,463844.33800000,36342998.15524000
1771891200000,77.91000000,78.53000000,75.74000000,76.87000000,803680.30100000,62180660.12370000
1771905600000,76.88000000,77.36000000,76.11000000,76.84000000,639815.22000000,49101427.16702000
1771920000000,76.85000000,77.20000000,76.00000000,76.77000000,350066.33700000,26851737.63341000
1771934400000,76.78000000,77.49000000,75.63000000,77.30000000,738812.02900000,56676428.64140000
1771948800000,77.30000000,78.51000000,77.23000000,78.38000000,555440.05300000,43357227.89308000
1771963200000,78.38000000,79.62000000,78.12000000,78.99000000,505014.43600000,39835509.49299000
1771977600000,78.99000000,82.99000000,78.73000000,81.75000000,1007253.96700000,82202871.92578000
1771992000000,81.75000000,82.43000000,80.98000000,82.19000000,522305.82400000,42719320.19400000
1772006400000,82.19000000,83.42000000,81.93000000,83.39000000,430794.95000000,35598200.08465000
1772020800000,83.38000000,86.46000000,82.89000000,85.98000000,1251514.67900000,105937631.11706000
1772035200000,85.98000000,89.65000000,85.97000000,89.43000000,1161364.34800000,102264867.46126000
1772049600000,89.43000000,92.10000000,87.07000000,88.06000000,1259515.64700000,112710378.42154000
1772064000000,88.05000000,89.27000000,87.53000000,87.95000000,809196.66600000,71513047.16259000
1772078400000,87.95000000,89.05000000,87.22000000,87.24000000,460862.95000000,40462226.28461000
1772092800000,87.24000000,88.71000000,86.60000000,86.82000000,466378.44000000,40847611.97051000
1772107200000,86.82000000,88.26000000,85.27000000,86.56000000,621958.74200000,53986482.59890000
1772121600000,86.57000000,86.75000000,84.34000000,86.47000000,737319.89000000,62960947.22969000
1772136000000,86.47000000,86.87000000,85.73000000,85.91000000,261174.29100000,22501043.69619000
1772150400000,85.91000000,87.82000000,85.19000000,87.63000000,331556.01900000,28593563.41293000
1772164800000,87.63000000,88.29000000,86.81000000,87.31000000,371654.86300000,32510658.19266000
1772179200000,87.31000000,87.93000000,83.35000000,83.59000000,631826.71300000,54098543.42302000
1772193600000,83.59000000,83.76000000,81.95000000,82.70000000,917546.35100000,75997127.35638000
1772208000000,82.70000000,82.70000000,81.11000000,81.57000000,655568.69000000,53531382.93133000
1772222400000,81.57000000,82.11000000,80.32000000,81.85000000,462346.72300000,37641123.99873000
1772236800000,81.84000000,82.27000000,81.55000000,81.74000000,195519.45100000,16024415.00142000
1772251200000,81.75000000,81.90000000,77.12000000,78.71000000,1158965.03400000,91553419.67012000
1772265600000,78.70000000,79.60000000,77.74000000,78.78000000,1076217.70000000,84641490.23964000
1772280000000,78.78000000,81.51000000,78.59000000,80.92000000,972036.66300000,77955591.78861000
1772294400000,80.91000000,82.91000000,80.50000000,82.21000000,612172.33500000,49998879.09128000
1772308800000,82.22000000,85.65000000,81.97000000,84.35000000,722788.69600000,60844307.52081000
1772323200000,84.35000000,88.90000000,84.25000000,88.02000000,1243291.93800000,108276864.81679000
1772337600000,88.02000000,88.26000000,86.16000000,86.63000000,577621.13100000,50340161.44297000
1772352000000,86.63000000,86.83000000,84.71000000,85.18000000,563401.52800000,48115602.56965000
1772366400000,85.18000000,86.98000000,84.51000000,85.67000000,647556.01500000,55637851.35896000
1772380800000,85.67000000,86.10000000,83.03000000,83.23000000,723186.56900000,60957518.07414000
1772395200000,83.23000000,84.12000000,81.69000000,83.60000000,680137.04100000,56376575.63456000
1772409600000,83.61000000,86.18000000,83.46000000,84.78000000,654789.29000000,55414850.27225000
1772424000000,84.78000000,84.84000000,82.38000000,82.95000000,490483.05600000,41014166.48698000
1772438400000,82.96000000,84.29000000,82.37000000,83.89000000,580427.61200000,48490449.20353000
1772452800000,83.88000000,88.98000000,82.78000000,88.77000000,1522735.29500000,131505022.40311000
1772467200000,88.77000000,90.29000000,86.39000000,87.65000000,1223343.14400000,108058595.04907000
1772481600000,87.65000000,88.25000000,86.35000000,86.64000000,651654.86300000,56982991.86028000
1772496000000,86.65000000,87.32000000,85.23000000,86.31000000,536255.51000000,46296790.70209000
1772510400000,86.31000000,86.82000000,85.38000000,85.58000000,339964.67500000,29211226.21000000
1772524800000,85.58000000,85.77000000,83.70000000,84.21000000,747390.11300000,63049886.51993000
1772539200000,84.22000000,85.37000000,82.50000000,85.04000000,907184.57700000,76241660.14210000
1772553600000,85.03000000,87.34000000,84.15000000,85.08000000,1018149.72000000,87010614.78054000
1772568000000,85.08000000,87.46000000,84.17000000,86.97000000,587798.15000000,50597804.32907000
1772582400000,86.98000000,88.08000000,85.18000000,85.77000000,729459.90200000,63317223.27697000
1772596800000,85.77000000,87.52000000,84.78000000,87.43000000,656759.19600000,56269971.33071000
1772611200000,87.43000000,91.48000000,86.98000000,89.76000000,1680856.74800000,150972638.55028000
1772625600000,89.76000000,93.12000000,88.69000000,92.94000000,1507049.04200000,136700169.59402000
1772640000000,92.94000000,94.05000000,90.66000000,93.19000000,1058973.47300000,97630345.06400000
1772654400000,93.19000000,93.76000000,90.29000000,90.85000000,696833.02200000,64205455.75999000
1772668800000,90.86000000,91.42000000,89.61000000,90.03000000,547049.00800000,49449442.40556000
1772683200000,90.03000000,91.32000000,89.70000000,90.16000000,403516.55500000,36471145.73720000
1772697600000,90.16000000,92.96000000,89.66000000,91.84000000,704543.86800000,64397532.50957000
1772712000000,91.84000000,92.22000000,88.80000000,89.62000000,1029533.68400000,93192743.35135000
1772726400000,89.61000000,89.63000000,87.91000000,88.73000000,747026.38100000,66160291.67567000
1772740800000,88.72000000,89.85000000,88.54000000,88.77000000,322041.11200000,28709870.92368000
1772755200000,88.78000000,89.31000000,88.02000000,88.41000000,424326.71000000,37613819.76795000
1772769600000,88.40000000,88.92000000,87.51000000,88.70000000,305640.22300000,26930422.62553000
1772784000000,88.70000000,88.70000000,87.10000000,87.26000000,362070.47600000,31772219.95250000
1772798400000,87.25000000,87.27000000,83.96000000,84.65000000,1218389.06800000,104219750.57629000
1772812800000,84.65000000,85.90000000,83.64000000,85.21000000,582148.30500000,49308629.53838000
1772827200000,85.21000000,85.47000000,84.44000000,84.70000000,242749.86000000,20597518.50228000
1772841600000,84.69000000,85.07000000,84.32000000,84.52000000,227206.85400000,19237165.80624000
1772856000000,84.53000000,84.56000000,83.90000000,84.32000000,234003.85900000,19700445.99200000
1772870400000,84.33000000,84.91000000,84.12000000,84.66000000,213056.23700000,18014396.06971000
1772884800000,84.66000000,84.78000000,83.42000000,83.75000000,272791.65900000,22935309.21558000
1772899200000,83.75000000,84.08000000,82.28000000,82.53000000,362868.50300000,30179201.99069000
1772913600000,82.52000000,83.32000000,82.51000000,83.22000000,155354.60900000,12897279.79394000
1772928000000,83.22000000,83.49000000,82.11000000,82.34000000,256730.79100000,21246395.50629000
1772942400000,82.34000000,83.10000000,81.74000000,82.95000000,262761.98400000,21686319.58585000
1772956800000,82.95000000,84.13000000,82.51000000,82.81000000,340229.95400000,28328113.60856000
1772971200000,82.81000000,83.01000000,81.18000000,82.06000000,444407.11800000,36463739.03579000
1772985600000,82.06000000,82.65000000,81.31000000,82.49000000,243031.14200000,19895905.98595000
1773000000000,82.48000000,82.96000000,80.26000000,81.59000000,555804.69800000,45375725.09063000
1773014400000,81.60000000,84.50000000,81.54000000,83.16000000,588325.34400000,48761034.65192000
1773028800000,83.16000000,84.61000000,82.33000000,83.18000000,470418.80600000,39312766.50855000
1773043200000,83.18000000,84.60000000,82.94000000,83.59000000,501694.05400000,42090732.15363000
1773057600000,83.58000000,85.75000000,83.41000000,85.05000000,740176.32400000,62862536.43804000
1773072000000,85.05000000,87.06000000,84.26000000,85.97000000,726667.97500000,62170466.45032000
1773086400000,85.97000000,86.36000000,84.84000000,84.96000000,566774.78600000,48565445.21187000
1773100800000,84.95000000,86.91000000,84.83000000,85.55000000,537148.65600000,46166255.42062000
1773115200000,85.56000000,86.99000000,85.41000000,86.70000000,471249.53300000,40719801.78337000
1773129600000,86.71000000,87.67000000,86.58000000,86.79000000,532840.80900000,46392975.65822000
1773144000000,86.80000000,88.61000000,84.91000000,88.33000000,987019.81300000,85697725.07219000
1773158400000,88.34000000,88.80000000,85.66000000,86.02000000,702767.19800000,61398991.49608000
1773172800000,86.01000000,86.44000000,85.01000000,85.88000000,412869.12500000,35371877.82907000
1773187200000,85.88000000,86.28000000,85.48000000,85.63000000,286257.99100000,24580490.12391000
1773201600000,85.63000000,86.88000000,85.14000000,85.45000000,376050.49800000,32353357.53219000
1773216000000,85.44000000,85.61000000,84.39000000,84.55000000,403509.89600000,34325819.56176000
1773230400000,84.54000000,87.40000000,84.36000000,85.40000000,997150.05200000,85754173.25725000
1773244800000,85.41000000,88.09000000,85.30000000,87.29000000,833058.36500000,72624433.38729000
1773259200000,87.28000000,87.94000000,86.46000000,86.58000000,286148.93700000,24945748.44429000
1773273600000,86.58000000,86.78000000,84.72000000,85.01000000,357699.78500000,30668335.91994000
1773288000000,85.02000000,85.90000000,84.89000000,85.82000000,319771.49600000,27271316.25596000
1773302400000,85.82000000,87.13000000,85.39000000,86.79000000,448496.15400000,38729418.26552000
1773316800000,86.80000000,87.69000000,85.12000000,86.58000000,987466.44100000,85542513.21805000
1773331200000,86.57000000,87.09000000,85.68000000,86.80000000,507906.05400000,43932654.54504000
1773345600000,86.79000000,87.23000000,85.96000000,86.84000000,292341.21800000,25317352.34196000
1773360000000,86.83000000,91.14000000,86.71000000,89.69000000,1419913.11200000,127460763.13854000
1773374400000,89.70000000,89.74000000,88.15000000,88.68000000,486847.85200000,43262966.14964000
1773388800000,88.68000000,90.45000000,88.32000000,90.33000000,589014.79000000,52807575.80543000
1773403200000,90.32000000,92.98000000,89.30000000,89.49000000,1453108.68800000,132756013.69632000
1773417600000,89.49000000,90.15000000,88.37000000,88.92000000,611464.12500000,54496148.98880000
1773432000000,88.91000000,89.16000000,87.73000000,88.18000000,380030.05000000,33599394.56862000
1773446400000,88.17000000,88.62000000,87.79000000,88.40000000,276797.77500000,24403525.29481000
1773460800000,88.40000000,88.71000000,86.92000000,87.33000000,331874.02600000,29127035.40167000
1773475200000,87.32000000,87.55000000,86.51000000,86.96000000,283476.77800000,24656713.29095000
1773489600000,86.95000000,87.36000000,86.63000000,86.72000000,244066.44700000,21221995.92132000
1773504000000,86.72000000,87.13000000,86.62000000,87.00000000,122777.32000000,10675146.12815000
1773518400000,87.01000000,88.16000000,86.87000000,88.03000000,239150.69300000,20938634.46756000
1773532800000,88.04000000,88.65000000,87.58000000,87.86000000,272238.60200000,23962627.90716000
1773547200000,87.86000000,88.66000000,87.85000000,88.22000000,284899.88000000,25166448.52455000
1773561600000,88.22000000,88.88000000,88.14000000,88.55000000,190655.21700000,16872440.33245000
1773576000000,88.56000000,88.56000000,87.36000000,87.90000000,258089.75100000,22679818.38073000
1773590400000,87.90000000,88.80000000,87.45000000,88.19000000,265335.37000000,23394309.43503000
1773604800000,88.19000000,93.23000000,87.98000000,92.30000000,1343328.28500000,122691843.92509000
1773619200000,92.31000000,94.00000000,91.18000000,93.16000000,1014325.14300000,93879021.74231000
1773633600000,93.17000000,94.32000000,92.94000000,93.56000000,975084.33700000,91300997.00749000
1773648000000,93.56000000,94.02000000,92.57000000,93.75000000,452990.40800000,42296827.20951000
1773662400000,93.75000000,95.13000000,92.37000000,93.20000000,1523871.55400000,142864671.02536000
1773676800000,93.20000000,95.48000000,93.13000000,95.21000000,833015.47400000,78587613.62568000
1773691200000,95.21000000,97.68000000,95.06000000,96.20000000,822363.70500000,79121003.53144000
1773705600000,96.19000000,96.95000000,93.71000000,94.07000000,824181.76800000,78582220.13056000
1773720000000,94.07000000,94.66000000,93.20000000,94.44000000,389934.67800000,36626046.30118000
1773734400000,94.43000000,95.09000000,93.25000000,93.66000000,414284.95000000,39010823.17322000
1773748800000,93.67000000,95.13000000,93.15000000,93.82000000,523337.72900000,49184711.34596000
1773763200000,93.82000000,95.59000000,93.72000000,94.67000000,396165.86900000,37549668.19710000
1773777600000,94.66000000,95.62000000,94.41000000,94.62000000,285652.59200000,27148245.80650000
1773792000000,94.61000000,95.65000000,94.10000000,95.05000000,254699.64000000,24143315.31250000
1773806400000,95.06000000,95.12000000,93.72000000,93.95000000,325950.60400000,30705544.56422000
1773820800000,93.95000000,94.44000000,91.82000000,92.00000000,645779.01600000,60095899.49711000
1773835200000,92.00000000,92.03000000,88.55000000,89.37000000,1121595.20200000,101008707.28640000
1773849600000,89.36000000,90.86000000,88.61000000,89.71000000,634508.74200000,56954196.92364000
1773864000000,89.70000000,90.62000000,88.99000000,90.08000000,311328.35400000,28009741.80139000
1773878400000,90.07000000,91.41000000,89.79000000,90.74000000,271818.87000000,24607529.89821000
1773892800000,90.74000000,90.74000000,88.63000000,89.42000000,447543.09800000,40153231.81624000
1773907200000,89.41000000,90.48000000,89.09000000,89.62000000,348118.63900000,31254520.06047000
1773921600000,89.62000000,89.62000000,87.15000000,87.63000000,769220.35500000,67832755.14635000
1773936000000,87.63000000,89.26000000,87.00000000,88.72000000,521449.91600000,45894328.46834000
1773950400000,88.71000000,89.32000000,88.37000000,88.89000000,251392.04600000,22357339.49031000
1773964800000,88.90000000,89.80000000,88.87000000,89.57000000,325453.51500000,29081569.96569000
1773979200000,89.57000000,89.75000000,88.50000000,89.37000000,281203.17300000,25075851.66853000
1773993600000,89.38000000,90.45000000,88.61000000,89.15000000,528038.84500000,47222099.84606000
1774008000000,89.15000000,89.73000000,88.51000000,88.94000000,539218.06400000,48010767.61524000
1774022400000,88.94000000,89.23000000,88.13000000,88.99000000,258041.82500000,22887983.48830000
1774036800000,88.99000000,90.26000000,88.65000000,89.84000000,269456.11600000,24142797.45885000
1774051200000,89.85000000,90.65000000,89.73000000,90.45000000,161696.72000000,14580894.51119000
1774065600000,90.45000000,90.81000000,89.91000000,90.12000000,243992.03800000,22019899.27920000
1774080000000,90.12000000,90.40000000,89.81000000,89.94000000,153713.83400000,13842195.51993000
1774094400000,89.95000000,90.42000000,89.39000000,89.82000000,175297.22600000,15770048.81988000
1774108800000,89.83000000,90.00000000,89.41000000,89.79000000,113940.45600000,10220786.72394000
1774123200000,89.80000000,90.29000000,87.14000000,87.56000000,393204.95100000,34822267.47379000
1774137600000,87.55000000,89.17000000,86.26000000,88.68000000,697228.29400000,61027809.71202000
1774152000000,88.67000000,89.20000000,87.67000000,87.70000000,270478.48100000,23951737.58654000
1774166400000,87.70000000,87.74000000,86.84000000,86.85000000,303964.70000000,26532560.36544000
1774180800000,86.84000000,87.74000000,86.82000000,87.57000000,205979.15600000,17978982.52940000
1774195200000,87.58000000,87.71000000,86.51000000,86.86000000,197027.51100000,17165185.09847000
1774209600000,86.87000000,87.19000000,85.14000000,86.20000000,463408.98900000,39903803.77886000
1774224000000,86.21000000,87.22000000,85.47000000,86.40000000,318814.59500000,27539434.22070000
1774238400000,86.39000000,87.33000000,85.11000000,85.99000000,494882.93900000,42734309.79334000
1774252800000,86.00000000,91.93000000,85.19000000,88.78000000,1467214.37800000,131179214.52231000
1774267200000,88.78000000,92.26000000,88.33000000,89.95000000,1147241.97700000,104027673.72749000
1774281600000,89.96000000,91.90000000,89.40000000,91.39000000,802182.92500000,72847558.65556000
1774296000000,91.38000000,92.02000000,90.98000000,91.43000000,331369.57400000,30340521.06499000
1774310400000,91.44000000,91.68000000,89.96000000,90.35000000,323535.98700000,29322771.94037000
1774324800000,90.34000000,91.89000000,89.99000000,91.72000000,371099.48200000,33630539.72067000
1774339200000,91.71000000,92.22000000,91.12000000,91.77000000,507240.51000000,46541086.07824000
1774353600000,91.78000000,91.86000000,88.70000000,89.74000000,986008.49100000,88940397.76802000
1774368000000,89.74000000,89.98000000,88.42000000,88.52000000,451039.88000000,40201827.00384000
1774382400000,88.53000000,91.13000000,88.51000000,90.80000000,447118.17600000,40322928.78040000
1774396800000,90.80000000,91.95000000,90.71000000,91.69000000,372289.68900000,33973735.64033000
1774411200000,91.69000000,92.96000000,91.59000000,91.81000000,636566.52000000,58795297.13520000
1774425600000,91.82000000,93.47000000,91.82000000,92.99000000,511796.13400000,47384344.81173000
1774440000000,92.99000000,93.43000000,91.00000000,91.77000000,567696.94000000,52445544.16635000
1774454400000,91.77000000,92.73000000,91.40000000,91.75000000,320002.53900000,29441108.60005000
1774468800000,91.76000000,91.96000000,91.03000000,91.70000000,244182.97600000,22333279.76571000
1774483200000,91.70000000,91.98000000,90.61000000,91.07000000,238387.62300000,21756783.96769000
1774497600000,91.07000000,91.08000000,88.81000000,89.10000000,823846.48500000,73683828.24502000
1774512000000,89.10000000,89.11000000,87.45000000,87.58000000,622106.80600000,54889432.77630000
1774526400000,87.58000000,88.24000000,86.73000000,87.54000000,607964.69500000,53242764.22496000
1774540800000,87.53000000,87.73000000,85.45000000,85.48000000,570992.64400000,49393733.36191000
1774555200000,85.48000000,87.14000000,85.45000000,86.53000000,702894.48300000,60882178.19452000
1774569600000,86.52000000,87.04000000,86.19000000,86.42000000,234021.69600000,20263750.34125000
1774584000000,86.42000000,86.75000000,85.69000000,85.92000000,436318.57200000,37558215.88419000
1774598400000,85.92000000,86.14000000,82.63000000,83.39000000,940535.15200000,79304293.96294000
1774612800000,83.39000000,84.03000000,82.50000000,83.35000000,600075.64200000,49916877.08251000
1774627200000,83.36000000,83.44000000,81.86000000,82.81000000,428188.40300000,35379869.86393000
1774641600000,82.81000000,83.14000000,82.38000000,83.11000000,201422.60500000,16674147.13243000
1774656000000,83.11000000,83.11000000,82.25000000,82.60000000,167036.24200000,13813585.05951000
1774670400000,82.60000000,83.67000000,82.38000000,83.62000000,226948.91600000,18823203.52213000
1774684800000,83.62000000,83.73000000,82.69000000,82.94000000,293830.46400000,24438490.76615000
1774699200000,82.94000000,84.29000000,82.60000000,83.83000000,587986.45700000,49034877.85998000
1774713600000,83.84000000,83.95000000,83.04000000,83.28000000,158735.49900000,13256443.20581000
1774728000000,83.28000000,83.52000000,81.69000000,82.09000000,232472.52100000,19219752.85004000
1774742400000,82.09000000,83.24000000,81.87000000,83.00000000,181670.45400000,14985167.73406000
1774756800000,83.01000000,83.04000000,82.23000000,82.45000000,208371.61800000,17219957.59573000
1774771200000,82.45000000,82.84000000,81.98000000,82.58000000,188587.20600000,15526599.09903000
1774785600000,82.59000000,82.65000000,81.36000000,81.81000000,242466.94200000,19871971.96197000
1774800000000,81.82000000,82.12000000,81.12000000,81.62000000,159921.60600000,13055539.40127000
1774814400000,81.62000000,82.23000000,78.96000000,81.44000000,643655.64900000,51960021.90488000
1774828800000,81.45000000,83.94000000,81.15000000,83.27000000,697702.30000000,57747301.15667000
1774843200000,83.27000000,84.26000000,83.26000000,84.02000000,448198.48300000,37515091.72448000
1774857600000,84.01000000,84.88000000,83.55000000,84.24000000,513690.86900000,43283668.96778000
1774872000000,84.25000000,84.99000000,83.65000000,84.51000000,511038.50200000,43098784.49749000
1774886400000,84.50000000,84.55000000,81.96000000,82.39000000,511840.07300000,42493613.13739000
1774900800000,82.38000000,83.68000000,82.14000000,82.54000000,343384.46000000,28466516.97452000
1774915200000,82.55000000,84.62000000,82.15000000,83.60000000,444423.07600000,37062999.05446000
1774929600000,83.60000000,83.91000000,82.68000000,83.10000000,414755.16000000,34549872.79626000
1774944000000,83.10000000,83.35000000,80.08000000,80.85000000,1334193.19600000,107958004.80145000
1774958400000,80.85000000,82.59000000,80.40000000,80.86000000,929630.90900000,75559208.27998000
1774972800000,80.87000000,83.47000000,80.87000000,82.70000000,774479.72200000,63947670.58980000
1774987200000,82.70000000,83.40000000,82.33000000,83.20000000,375085.36300000,31090844.74016000
1775001600000,83.19000000,83.58000000,82.48000000,83.43000000,401305.61700000,33332568.65985000
1775016000000,83.44000000,84.74000000,83.26000000,83.84000000,578648.40100000,48673129.24335000
1775030400000,83.84000000,84.06000000,83.07000000,83.37000000,412603.12100000,34448254.74563000
1775044800000,83.37000000,83.88000000,82.40000000,83.63000000,694205.46100000,57719439.75210000
1775059200000,83.62000000,86.65000000,83.08000000,83.82000000,1336245.80800000,113440807.64913000
1775073600000,83.83000000,83.88000000,80.77000000,81.18000000,1253727.71200000,102761300.88040000
1775088000000,81.19000000,81.77000000,78.30000000,79.01000000,1419298.54500000,113231684.53102000
1775102400000,79.01000000,79.67000000,78.62000000,79.65000000,516514.98800000,40854411.27947000
1775116800000,79.64000000,79.64000000,78.20000000,78.31000000,411747.94600000,32508055.87303000
1775131200000,78.32000000,79.73000000,76.70000000,79.03000000,1100370.68900000,86006580.17945000
1775145600000,79.03000000,79.88000000,78.43000000,78.98000000,499900.65100000,39559249.76597000
1775160000000,78.99000000,79.37000000,78.63000000,78.94000000,262191.44400000,20717142.96119000
1775174400000,78.95000000,79.79000000,78.85000000,79.00000000,367179.71800000,29091823.96444000
1775188800000,79.00000000,80.16000000,78.99000000,79.96000000,358252.99900000,28493204.56908000
1775203200000,79.96000000,80.47000000,79.64000000,80.18000000,386244.72800000,30889132.42036000
1775217600000,80.18000000,80.91000000,79.17000000,80.33000000,501254.56500000,40089326.38688000
1775232000000,80.33000000,80.67000000,79.87000000,80.21000000,353827.74000000,28405233.27057000
1775246400000,80.21000000,80.73000000,79.92000000,80.40000000,264079.99000000,21211286.07226000
1775260800000,80.39000000,80.42000000,80.06000000,80.18000000,206139.61900000,16532511.43158000
1775275200000,80.18000000,80.54000000,80.11000000,80.32000000,130479.24000000,10470192.22452000
1775289600000,80.32000000,80.40000000,79.92000000,80.21000000,146135.04600000,11708956.75893000
1775304000000,80.20000000,81.61000000,79.57000000,81.10000000,445163.65200000,35930486.06737000
1775318400000,81.10000000,81.35000000,80.61000000,80.85000000,331318.14400000,26821160.69325000
1775332800000,80.86000000,81.06000000,80.62000000,80.83000000,303695.06600000,24561506.96415000
1775347200000,80.84000000,80.85000000,80.37000000,80.55000000,122141.93800000,9842907.63865000
1775361600000,80.55000000,80.58000000,79.41000000,79.60000000,317730.24500000,25396048.59656000
1775376000000,79.59000000,80.24000000,79.54000000,79.90000000,158236.78100000,12626923.02804000
1775390400000,79.91000000,80.33000000,78.52000000,79.60000000,389250.69800000,30889321.33590000
1775404800000,79.59000000,80.23000000,79.37000000,79.83000000,205479.26100000,16399027.75782000
1775419200000,79.83000000,82.13000000,79.10000000,81.89000000,539599.63500000,43589962.51543000
1775433600000,81.89000000,82.97000000,81.66000000,82.11000000,683999.27900000,56312856.81888000
1775448000000,82.11000000,82.34000000,80.97000000,81.82000000,343134.99200000,28037541.91622000
1775462400000,81.83000000,83.20000000,81.71000000,82.45000000,497756.75100000,41045672.31882000
1775476800000,82.44000000,82.81000000,81.73000000,82.27000000,427565.33700000,35178900.57417000
1775491200000,82.28000000,82.48000000,81.19000000,81.90000000,348382.08000000,28493471.34636000
1775505600000,81.91000000,82.15000000,79.60000000,80.03000000,429532.12500000,34650415.18192000
1775520000000,80.03000000,80.23000000,79.38000000,79.80000000,361044.76800000,28818211.97926000
1775534400000,79.80000000,80.17000000,79.31000000,79.87000000,303809.31200000,24206711.45126000
1775548800000,79.87000000,80.59000000,78.95000000,79.21000000,497100.40100000,39668077.78418000
1775563200000,79.22000000,79.39000000,78.38000000,78.86000000,531566.96400000,41940113.97690000
1775577600000,78.86000000,81.83000000,78.65000000,81.63000000,851596.33100000,68335125.40271000
1775592000000,81.63000000,87.02000000,81.63000000,85.56000000,1767480.74400000,149050996.19032000
1775606400000,85.56000000,85.90000000,84.26000000,84.56000000,580400.66100000,49225694.13918000
1775620800000,84.56000000,85.03000000,83.89000000,84.50000000,451678.96100000,38192162.10633000
1775635200000,84.51000000,84.98000000,84.11000000,84.45000000,393181.29300000,33252347.91582000
1775649600000,84.46000000,84.98000000,82.51000000,83.34000000,873601.93900000,73135734.59378000
1775664000000,83.33000000,84.18000000,82.77000000,83.19000000,341350.33300000,28468122.02481000
1775678400000,83.19000000,83.61000000,82.24000000,82.57000000,312545.36100000,25902716.75570000
1775692800000,82.56000000,82.67000000,81.70000000,82.03000000,466965.45600000,38350798.09900000
1775707200000,82.02000000,82.48000000,81.74000000,82.29000000,236036.43400000,19376565.12537000
1775721600000,82.29000000,82.71000000,82.03000000,82.18000000,228031.46500000,18792628.26552000
1775736000000,82.18000000,83.94000000,81.40000000,83.75000000,526295.67700000,43491829.69087000
1775750400000,83.75000000,84.70000000,82.92000000,84.17000000,744217.35500000,62506433.48803000
1775764800000,84.16000000,85.95000000,83.15000000,83.33000000,574381.24200000,48504927.39142000
1775779200000,83.33000000,83.79000000,82.62000000,82.90000000,336956.63100000,28015799.89521000
1775793600000,82.89000000,83.59000000,82.86000000,82.95000000,251334.43400000,20921464.66809000
1775808000000,82.95000000,83.74000000,82.70000000,83.52000000,432782.00400000,36047855.96945000
1775822400000,83.52000000,85.58000000,83.36000000,84.24000000,693351.47100000,58541036.16613000
1775836800000,84.25000000,85.47000000,84.14000000,85.44000000,255382.95900000,21658346.40896000
1775851200000,85.45000000,85.67000000,84.65000000,84.83000000,216270.84400000,18401988.31718000
1775865600000,84.83000000,84.93000000,84.31000000,84.40000000,151906.97800000,12856843.19036000
1775880000000,84.40000000,84.62000000,83.87000000,84.28000000,195743.59800000,16483357.88697000
1775894400000,84.27000000,84.80000000,83.80000000,84.24000000,206226.41600000,17380037.66390000
1775908800000,84.24000000,84.88000000,83.84000000,84.66000000,308568.98200000,26031482.99829000
1775923200000,84.67000000,86.26000000,84.60000000,86.01000000,413520.98200000,35314411.08716000
1775937600000,86.01000000,86.19000000,84.52000000,84.93000000,294934.92700000,25184401.16991000
1775952000000,84.94000000,85.00000000,81.84000000,82.33000000,630649.64200000,52355343.50806000
1775966400000,82.32000000,82.50000000,82.06000000,82.27000000,232256.93100000,19117982.72883000
1775980800000,82.28000000,82.41000000,81.92000000,82.22000000,260332.78400000,21390929.86769000
1775995200000,82.21000000,82.56000000,81.27000000,81.59000000,518788.00700000,42468898.19968000
1776009600000,81.59000000,82.32000000,81.53000000,81.99000000,166707.05700000,13668899.64317000
1776024000000,81.98000000,82.88000000,81.27000000,81.53000000,366057.44500000,30046042.77553000
1776038400000,81.54000000,82.44000000,81.40000000,81.91000000,244773.30000000,20071290.29309000
1776052800000,81.90000000,82.60000000,81.54000000,82.17000000,216328.76400000,17761473.47351000
1776067200000,82.17000000,82.32000000,81.64000000,81.86000000,291426.64100000,23881489.08109000
1776081600000,81.86000000,83.82000000,81.82000000,82.65000000,681567.62200000,56533947.51005000
1776096000000,82.66000000,84.25000000,82.34000000,84.09000000,492483.87600000,41067657.60609000
1776110400000,84.09000000,86.81000000,83.81000000,86.51000000,1023810.21200000,87565185.45024000
1776124800000,86.51000000,86.75000000,85.37000000,86.05000000,677256.66400000,58333168.62562000
1776139200000,86.05000000,86.20000000,85.43000000,85.88000000,365505.31000000,31379019.03869000
1776153600000,85.88000000,86.56000000,85.60000000,85.78000000,454441.14700000,39099787.84619000
1776168000000,85.78000000,87.67000000,85.25000000,85.95000000,992259.41400000,85809926.59891000
1776182400000,85.95000000,86.17000000,83.71000000,83.95000000,570744.16200000,48404670.14737000
1776196800000,83.94000000,84.14000000,83.30000000,83.72000000,472777.99500000,39556597.00171000
1776211200000,83.72000000,84.06000000,83.13000000,83.45000000,493483.22400000,41290779.37477000
1776225600000,83.45000000,83.79000000,82.65000000,82.92000000,363848.67200000,30239857.09716000
1776240000000,82.92000000,83.68000000,82.71000000,83.61000000,346599.96400000,28833320.76747000
1776254400000,83.60000000,84.49000000,83.21000000,84.00000000,520359.07300000,43613897.64840000
1776268800000,84.00000000,85.83000000,83.90000000,85.51000000,487544.42300000,41391911.48952000
1776283200000,85.51000000,85.59000000,84.18000000,84.90000000,390613.23700000,33148692.16286000
1776297600000,84.90000000,85.58000000,84.45000000,85.28000000,269928.52900000,22955183.06024000
1776312000000,85.29000000,85.71000000,84.99000000,85.21000000,242302.55600000,20690391.21267000
1776326400000,85.21000000,85.51000000,84.64000000,85.07000000,357699.71200000,30451585.95483000
1776340800000,85.07000000,87.13000000,83.80000000,86.62000000,1057312.10900000,90524606.48323000
1776355200000,86.62000000,90.16000000,85.63000000,90.10000000,1361241.19400000,119639119.67647000
1776369600000,90.10000000,90.53000000,88.72000000,89.05000000,651807.24100000,58278035.33310000
1776384000000,89.06000000,89.19000000,87.48000000,87.72000000,366515.35700000,32333168.35849000
1776398400000,87.73000000,88.47000000,87.36000000,88.12000000,351013.87600000,30855730.21714000
1776412800000,88.13000000,89.53000000,87.34000000,88.21000000,651630.78100000,57572480.85107000
1776427200000,88.22000000,90.73000000,87.91000000,89.95000000,2089964.55100000,186963783.17119000
1776441600000,89.95000000,90.59000000,88.88000000,89.23000000,489309.48800000,43885203.09250000
1776456000000,89.24000000,89.47000000,88.50000000,88.76000000,288774.33500000,25696917.10760000
1776470400000,88.77000000,89.16000000,88.23000000,88.33000000,197626.43100000,17547567.36124000
1776484800000,88.34000000,88.64000000,88.16000000,88.45000000,306769.02800000,27118910.16919000
1776499200000,88.45000000,88.50000000,86.28000000,86.53000000,630736.90200000,55029749.64804000
1776513600000,86.54000000,86.98000000,86.41000000,86.75000000,295960.57700000,25675400.54613000
1776528000000,86.75000000,86.98000000,85.78000000,86.13000000,278680.98000000,24071275.31375000
1776542400000,86.12000000,86.46000000,85.92000000,86.16000000,183416.62500000,15806322.50034000
1776556800000,86.15000000,86.38000000,85.24000000,85.60000000,230818.52200000,19790370.00393000
1776571200000,85.60000000,85.96000000,84.43000000,84.88000000,430382.11400000,36653453.66821000
1776585600000,84.88000000,85.71000000,84.44000000,85.60000000,456198.77300000,38764048.82116000
1776600000000,85.61000000,87.12000000,85.55000000,86.36000000,552970.96100000,47723502.08352000
1776614400000,86.35000000,86.50000000,84.88000000,85.33000000,349741.83100000,29898829.73113000
1776628800000,85.33000000,85.35000000,82.94000000,83.47000000,574736.86400000,48275218.69531000
1776643200000,83.47000000,84.62000000,83.34000000,84.59000000,328650.34900000,27618358.69805000
1776657600000,84.59000000,85.76000000,83.75000000,84.73000000,386047.82100000,32662164.14040000
1776672000000,84.74000000,85.40000000,84.57000000,85.07000000,305061.63800000,25933237.84340000
1776686400000,85.06000000,85.88000000,84.42000000,85.86000000,624252.68700000,53225438.51728000
1776700800000,85.86000000,86.22000000,85.25000000,85.80000000,374667.83800000,32174063.01852000
1776715200000,85.80000000,86.21000000,85.21000000,85.28000000,281666.41700000,24134442.90952000
1776729600000,85.29000000,85.83000000,85.00000000,85.17000000,255983.80500000,21853103.69894000
1776744000000,85.17000000,85.98000000,85.02000000,85.71000000,318885.85100000,27281835.42819000
1776758400000,85.71000000,86.38000000,85.52000000,85.85000000,256797.07100000,22072937.90243000
1776772800000,85.85000000,86.89000000,85.17000000,86.05000000,449581.74900000,38606844.28620000
1776787200000,86.05000000,86.30000000,84.31000000,84.57000000,441499.18500000,37671661.19143000
1776801600000,84.57000000,86.13000000,84.43000000,86.03000000,388839.60800000,33203502.67758000
1776816000000,86.04000000,87.87000000,86.01000000,87.24000000,584800.39100000,50830997.91431000
1776830400000,87.25000000,88.33000000,86.97000000,88.05000000,615570.18100000,54089549.82487000
1776844800000,88.06000000,88.88000000,87.60000000,88.31000000,408342.68400000,36029015.99412000
1776859200000,88.31000000,89.32000000,87.99000000,88.18000000,829572.54400000,73557274.06600000
1776873600000,88.19000000,88.46000000,87.09000000,87.37000000,500634.79400000,43967937.08157000
1776888000000,87.38000000,87.72000000,86.81000000,86.87000000,215951.24100000,18838193.60799000
1776902400000,86.86000000,87.18000000,85.48000000,85.79000000,443314.67100000,38267225.50971000
1776916800000,85.78000000,86.24000000,85.51000000,85.90000000,308456.36500000,26515307.88244000
1776931200000,85.91000000,85.94000000,85.20000000,85.81000000,329245.38500000,28176456.15745000
1776945600000,85.82000000,86.66000000,85.55000000,86.35000000,587798.05700000,50582768.38231000
1776960000000,86.36000000,86.42000000,84.48000000,85.30000000,892045.76600000,76184111.35953000
1776974400000,85.30000000,86.25000000,85.29000000,86.12000000,333802.99500000,28655478.08828000
1776988800000,86.12000000,86.36000000,85.40000000,85.69000000,224668.28700000,19306460.57421000
1777003200000,85.69000000,85.82000000,85.14000000,85.51000000,287361.38700000,24554837.51696000
1777017600000,85.50000000,86.28000000,84.92000000,86.19000000,401616.79500000,34390205.98924000
1777032000000,86.20000000,86.79000000,85.53000000,86.52000000,469577.26600000,40486185.44381000
1777046400000,86.52000000,86.58000000,85.95000000,86.33000000,210273.12900000,18153663.28693000
1777060800000,86.32000000,86.94000000,86.10000000,86.18000000,225077.79900000,19468898.86180000
1777075200000,86.18000000,86.50000000,86.03000000,86.46000000,96838.82800000,8352586.57716000
1777089600000,86.46000000,86.66000000,86.11000000,86.36000000,159702.55100000,13788267.57899000
1777104000000,86.36000000,86.80000000,86.25000000,86.36000000,180595.86700000,15632993.47695000
1777118400000,86.36000000,86.67000000,86.10000000,86.22000000,134518.90800000,11632438.49457000
1777132800000,86.22000000,86.33000000,85.53000000,85.68000000,335731.11500000,28795776.02770000
1777147200000,85.68000000,86.20000000,85.61000000,86.18000000,126545.16700000,10881688.96730000
1777161600000,86.19000000,86.46000000,85.84000000,85.99000000,162593.65800000,14004639.68074000
1777176000000,85.99000000,86.73000000,85.92000000,86.62000000,283104.75000000,24477882.34046000
1777190400000,86.63000000,86.76000000,86.42000000,86.48000000,122739.18700000,10623240.41102000
1777204800000,86.49000000,86.59000000,85.90000000,86.56000000,324280.06900000,27967676.45457000
1777219200000,86.55000000,87.20000000,86.27000000,86.88000000,206047.95800000,17874848.99549000
1777233600000,86.89000000,87.32000000,86.19000000,86.93000000,354735.83000000,30779082.51289000
1777248000000,86.93000000,88.08000000,86.53000000,87.72000000,801807.89800000,69954596.39799000
1777262400000,87.72000000,87.84000000,85.26000000,85.27000000,659179.20200000,56783515.17814000
1777276800000,85.27000000,85.63000000,85.05000000,85.26000000,450659.71300000,38453041.23225000
1777291200000,85.26000000,85.83000000,83.63000000,84.17000000,611500.31100000,51830356.09304000
1777305600000,84.17000000,84.70000000,83.83000000,84.19000000,295300.31200000,24897286.27019000
1777320000000,84.18000000,84.90000000,84.11000000,84.82000000,190654.25500000,16100392.21513000
1777334400000,84.82000000,84.93000000,83.90000000,84.17000000,182077.19700000,15370689.54457000
1777348800000,84.18000000,84.43000000,83.65000000,84.02000000,528349.02100000,44394882.45942000
1777363200000,84.01000000,84.19000000,83.30000000,83.42000000,185635.25700000,15538854.72562000
1777377600000,83.42000000,84.00000000,82.98000000,83.46000000,371084.65700000,30938585.58985000
1777392000000,83.46000000,84.02000000,83.32000000,83.89000000,175320.70900000,14664928.20066000
1777406400000,83.89000000,84.15000000,83.58000000,84.06000000,221927.60200000,18607321.81147000
1777420800000,84.06000000,84.74000000,83.81000000,84.59000000,237688.43600000,19998929.80578000
1777435200000,84.60000000,85.06000000,84.45000000,84.71000000,276091.58500000,23406505.23433000
1777449600000,84.71000000,85.56000000,83.20000000,84.91000000,577117.69200000,49088547.90980000
1777464000000,84.91000000,84.92000000,83.00000000,83.26000000,566495.94000000,47472406.87161000
1777478400000,83.25000000,83.65000000,81.40000000,82.19000000,684401.48200000,56349873.73474000
1777492800000,82.20000000,83.22000000,82.17000000,83.04000000,234268.46100000,19386629.41446000
1777507200000,83.05000000,84.01000000,82.70000000,83.06000000,318849.92900000,26610069.03044000
1777521600000,83.06000000,83.39000000,82.16000000,83.35000000,258316.21500000,21395067.08746000
1777536000000,83.35000000,83.55000000,82.79000000,83.01000000,211178.16600000,17564487.79522000
1777550400000,83.01000000,83.83000000,82.69000000,83.36000000,287914.24600000,23965375.67850000
1777564800000,83.36000000,83.43000000,82.87000000,83.04000000,171900.66800000,14284590.12434000
1777579200000,83.04000000,83.19000000,82.78000000,83.09000000,124432.38700000,10327509.49606000
1777593600000,83.09000000,84.38000000,83.08000000,83.89000000,263561.95700000,22051118.75131000
1777608000000,83.90000000,84.23000000,83.67000000,83.96000000,289752.93200000,24316933.70721000
1777622400000,83.96000000,84.30000000,83.69000000,84.01000000,214484.02300000,18016140.87572000
1777636800000,84.01000000,84.86000000,83.89000000,84.47000000,517696.74200000,43674873.08920000
1777651200000,84.46000000,84.63000000,83.79000000,83.90000000,265797.06900000,22362384.39784000
1777665600000,83.90000000,83.93000000,83.33000000,83.76000000,246775.23600000,20652102.52179000
1777680000000,83.76000000,84.18000000,83.44000000,83.82000000,166608.57100000,13964525.76290000
1777694400000,83.82000000,83.86000000,83.54000000,83.74000000,111014.49500000,9291747.76271000
1777708800000,83.73000000,84.17000000,83.52000000,83.70000000,165721.90500000,13900217.61276000
1777723200000,83.70000000,84.11000000,83.67000000,84.04000000,183447.03400000,15400141.52019000
1777737600000,84.04000000,84.31000000,83.95000000,84.22000000,130231.21100000,10954728.91415000
1777752000000,84.23000000,84.97000000,84.07000000,84.26000000,270736.28300000,22860064.40447000
1777766400000,84.26000000,84.31000000,83.58000000,83.67000000,246902.03600000,20704983.83439000
1777780800000,83.66000000,84.02000000,83.58000000,83.88000000,138015.60000000,11568738.39234000
1777795200000,83.88000000,84.20000000,83.75000000,83.96000000,163338.07100000,13716857.75333000
1777809600000,83.96000000,84.45000000,83.95000000,84.16000000,199468.67800000,16797708.67086000
1777824000000,84.16000000,84.50000000,84.00000000,84.38000000,120424.17500000,10142278.90491000
1777838400000,84.37000000,84.97000000,83.87000000,83.91000000,400498.96200000,33810291.63967000
1777852800000,83.91000000,85.67000000,83.35000000,85.41000000,948697.54700000,80384829.55096000
1777867200000,85.40000000,85.90000000,84.51000000,84.87000000,571740.24800000,48779934.93865000
1777881600000,84.87000000,85.20000000,83.23000000,83.95000000,651310.68100000,54737829.17784000
1777896000000,83.96000000,85.32000000,83.59000000,84.47000000,705720.66000000,59630021.33154000
1777910400000,84.47000000,85.19000000,83.98000000,84.44000000,394682.41300000,33416549.74548000
1777924800000,84.45000000,84.56000000,84.02000000,84.10000000,197155.66900000,16611910.55406000
1777939200000,84.11000000,84.97000000,84.04000000,84.78000000,257970.46800000,21801612.07293000
1777953600000,84.77000000,85.12000000,84.54000000,84.87000000,465709.89500000,39523152.53990000
1777968000000,84.88000000,85.01000000,84.43000000,84.97000000,235571.03000000,19961158.33424000
1777982400000,84.97000000,86.10000000,84.90000000,85.50000000,663678.58600000,56820554.18867000
1777996800000,85.50000000,86.56000000,85.00000000,86.49000000,416842.63900000,35780139.28280000
1778011200000,86.49000000,86.98000000,86.17000000,86.29000000,439115.50800000,38021893.92082000
1778025600000,86.29000000,87.51000000,86.10000000,87.33000000,458049.99200000,39794777.29690000
1778040000000,87.34000000,87.89000000,86.67000000,87.70000000,429209.41400000,37468200.43261000
1778054400000,87.71000000,90.03000000,87.64000000,89.87000000,1026165.09800000,91382290.86320000
1778068800000,89.87000000,89.97000000,87.47000000,88.97000000,939895.84300000,83381142.66330000
1778083200000,88.97000000,89.51000000,88.50000000,89.27000000,365985.51300000,32567698.67388000
1778097600000,89.27000000,89.62000000,88.65000000,89.16000000,263950.17000000,23557653.94144000
1778112000000,89.16000000,89.27000000,87.63000000,87.75000000,335206.37300000,29574644.34374000
1778126400000,87.75000000,90.44000000,87.69000000,90.16000000,578644.42000000,51579758.85046000
1778140800000,90.17000000,90.27000000,88.76000000,89.57000000,463543.63800000,41478853.72819000
1778155200000,89.56000000,90.10000000,87.79000000,88.32000000,787879.49000000,69983363.14192000
1778169600000,88.32000000,89.05000000,87.96000000,88.45000000,388762.63500000,34403882.66696000
1778184000000,88.45000000,88.88000000,87.67000000,88.42000000,338143.94500000,29777782.96226000
1778198400000,88.43000000,88.65000000,87.60000000,88.22000000,274109.01500000,24150104.34539000
1778212800000,88.23000000,88.42000000,87.65000000,88.22000000,340406.88900000,29975054.15545000
1778227200000,88.23000000,89.10000000,88.01000000,88.64000000,407490.55700000,36053312.64960000
1778241600000,88.64000000,89.60000000,88.01000000,89.59000000,400869.86600000,35597369.00143000
1778256000000,89.60000000,92.80000000,89.34000000,92.60000000,887232.36100000,81105226.56870000
1778270400000,92.61000000,92.71000000,91.73000000,92.01000000,334326.17100000,30829143.50768000
1778284800000,92.02000000,93.91000000,91.85000000,93.64000000,576427.73200000,53757739.19212000
1778299200000,93.65000000,94.17000000,92.84000000,93.76000000,496098.36200000,46439294.64771000
1778313600000,93.76000000,93.95000000,93.05000000,93.62000000,267175.42500000,24977414.65582000
1778328000000,93.61000000,93.74000000,92.39000000,93.01000000,288521.50600000,26843099.83948000
1778342400000,93.01000000,93.65000000,92.69000000,93.51000000,234608.81100000,21854806.75541000
1778356800000,93.51000000,93.56000000,93.05000000,93.13000000,111440.86000000,10400979.79887000
1778371200000,93.12000000,93.51000000,92.60000000,93.42000000,312003.75100000,29045093.65362000
1778385600000,93.41000000,93.63000000,93.24000000,93.46000000,148136.22700000,13839899.46180000
1778400000000,93.46000000,94.80000000,92.91000000,93.55000000,511703.37400000,48059352.91681000
1778414400000,93.56000000,94.73000000,93.20000000,94.53000000,320850.53100000,30136986.65714000
1778428800000,94.53000000,97.00000000,94.18000000,96.47000000,655333.72900000,62762268.29262000
1778443200000,96.47000000,96.86000000,93.43000000,96.47000000,611141.38300000,58336972.10310000
1778457600000,96.46000000,96.67000000,94.46000000,94.76000000,667426.52600000,63821396.47396000
1778472000000,94.76000000,96.16000000,94.43000000,95.33000000,317251.40800000,30259845.37294000
1778486400000,95.34000000,95.57000000,94.58000000,95.25000000,389420.94100000,37041870.21279000
1778500800000,95.26000000,96.80000000,94.30000000,96.80000000,749651.41100000,71462646.24496000
1778515200000,96.79000000,98.39000000,96.50000000,98.19000000,694124.81100000,67710754.51097000
1778529600000,98.19000000,98.41000000,97.10000000,97.37000000,260174.86800000,25402869.31066000
1778544000000,97.37000000,97.68000000,95.54000000,96.14000000,531025.29100000,51296118.22794000
1778558400000,96.14000000,97.00000000,95.82000000,96.05000000,258227.35500000,24878907.01306000
1778572800000,96.05000000,96.15000000,94.60000000,94.98000000,617423.63800000,58914119.25736000
1778587200000,94.97000000,95.56000000,93.55000000,93.85000000,788159.26100000,74606303.06415000
1778601600000,93.85000000,95.01000000,93.60000000,94.92000000,452976.88400000,42741334.51153000
1778616000000,94.92000000,95.05000000,94.23000000,94.28000000,162224.93000000,15360709.26196000
1778630400000,94.28000000,95.59000000,94.05000000,95.56000000,347495.28600000,33001252.65934000
1778644800000,95.56000000,95.99000000,94.88000000,95.14000000,307365.71600000,29331578.38465000
1778659200000,95.14000000,95.89000000,94.25000000,94.33000000,442947.46300000,42128681.98941000
1778673600000,94.33000000,94.64000000,90.27000000,90.43000000,1235684.77200000,114075718.57977000
1778688000000,90.43000000,91.41000000,90.41000000,90.96000000,587067.16700000,53377248.39668000
1778702400000,90.95000000,91.35000000,90.64000000,91.17000000,272011.39800000,24769662.89240000
1778716800000,91.17000000,91.42000000,89.82000000,89.93000000,422008.90300000,38256506.59490000
1778731200000,89.93000000,92.02000000,89.86000000,90.88000000,437427.86300000,39833067.82342000
1778745600000,90.88000000,91.30000000,90.59000000,90.64000000,241689.98100000,21975093.51340000
1778760000000,90.64000000,93.25000000,90.54000000,93.16000000,702641.25800000,64512351.86640000
1778774400000,93.16000000,93.68000000,92.29000000,92.90000000,682691.89000000,63559116.64215000
1778788800000,92.91000000,93.00000000,92.11000000,92.15000000,222665.91300000,20623317.96313000
1778803200000,92.16000000,92.66000000,91.47000000,92.06000000,446397.43800000,41085475.73769000
1778817600000,92.05000000,92.05000000,90.26000000,91.60000000,519608.52000000,47306532.86669000
1778832000000,91.61000000,91.65000000,90.92000000,91.27000000,356140.51700000,32497304.14986000
1778846400000,91.26000000,91.27000000,88.55000000,89.04000000,791150.26900000,70793472.02664000
1778860800000,89.04000000,90.09000000,88.81000000,89.42000000,382337.08000000,34232120.95761000
1778875200000,89.41000000,89.50000000,89.00000000,89.24000000,180209.80700000,16085529.76719000
1778889600000,89.23000000,89.44000000,88.95000000,89.05000000,219272.00400000,19559019.15432000
1778904000000,89.05000000,89.09000000,86.72000000,87.47000000,632823.86200000,55633754.25841000
1778918400000,87.46000000,87.62000000,85.52000000,86.11000000,569659.11200000,49144704.98027000
1778932800000,86.12000000,86.71000000,86.01000000,86.50000000,238479.66800000,20581558.54693000
1778947200000,86.49000000,86.97000000,86.37000000,86.69000000,184539.93800000,16001490.38608000
1778961600000,86.69000000,86.88000000,86.45000000,86.54000000,118247.01000000,10246428.09897000
1778976000000,86.53000000,86.72000000,85.59000000,86.53000000,324090.56800000,27913850.25112000
1778990400000,86.52000000,87.29000000,86.47000000,86.97000000,189198.28400000,16441347.00648000
1779004800000,86.98000000,87.26000000,86.60000000,86.89000000,293454.72100000,25508212.51601000
1779019200000,86.89000000,87.02000000,85.95000000,86.46000000,213222.80200000,18435875.19925000
1779033600000,86.46000000,86.94000000,86.00000000,86.79000000,197572.76000000,17066618.81492000
1779048000000,86.80000000,86.97000000,83.50000000,85.24000000,696626.10900000,59347884.61373000
1779062400000,85.23000000,85.47000000,84.40000000,84.85000000,562074.42600000,47751208.47586000
1779076800000,84.85000000,85.36000000,84.27000000,84.76000000,424422.27400000,35995316.27053000
1779091200000,84.76000000,85.32000000,84.08000000,84.96000000,355237.71100000,30068430.93269000
1779105600000,84.97000000,85.80000000,83.62000000,84.20000000,696578.48600000,58934180.52875000
1779120000000,84.21000000,85.23000000,83.50000000,84.99000000,459326.82800000,38742961.56771000
1779134400000,85.00000000,85.77000000,84.79000000,85.38000000,274221.61900000,23402622.34389000
1779148800000,85.38000000,85.97000000,84.62000000,85.07000000,254191.23500000,21678210.38192000
1779163200000,85.08000000,85.64000000,84.47000000,85.51000000,258205.52000000,21983826.65632000
1779177600000,85.51000000,85.59000000,84.27000000,84.39000000,323192.79600000,27420196.21235000
1779192000000,84.39000000,85.10000000,83.70000000,84.37000000,404560.94800000,34165281.22843000
1779206400000,84.38000000,85.04000000,84.15000000,84.35000000,216874.19400000,18340812.68679000
1779220800000,84.36000000,84.66000000,84.00000000,84.29000000,205961.52300000,17380646.83789000
1779235200000,84.30000000,84.54000000,83.85000000,84.10000000,207008.30300000,17422314.58437000
1779249600000,84.10000000,85.13000000,83.88000000,84.77000000,243128.72200000,20598210.44859000
1779264000000,84.76000000,85.21000000,84.58000000,84.70000000,220067.15900000,18694379.86822000
1779278400000,84.70000000,86.27000000,84.19000000,85.92000000,616479.26900000,52652940.11872000
1779292800000,85.92000000,87.09000000,85.53000000,86.16000000,766824.02000000,66196385.71047000
1779307200000,86.16000000,86.33000000,85.55000000,86.17000000,311644.96500000,26787844.34934000
1779321600000,86.17000000,87.06000000,86.11000000,86.85000000,304116.74100000,26344681.34176000
1779336000000,86.85000000,87.22000000,86.20000000,86.64000000,330927.08900000,28706160.03018000
1779350400000,86.64000000,87.27000000,85.57000000,85.58000000,424877.76300000,36675340.11942000
1779364800000,85.58000000,86.90000000,85.32000000,86.46000000,642052.76300000,55265268.52754000
1779379200000,86.46000000,88.00000000,86.04000000,87.83000000,741905.19000000,64797711.93732000
1779393600000,87.83000000,87.92000000,87.02000000,87.36000000,210442.35400000,18408565.56070000
1779408000000,87.35000000,87.36000000,86.59000000,87.03000000,210496.53300000,18312309.57571000
1779422400000,87.04000000,87.38000000,86.52000000,86.97000000,240782.07200000,20919115.98225000
1779436800000,86.98000000,87.53000000,86.72000000,87.32000000,271386.65100000,23646524.22433000
1779451200000,87.33000000,87.85000000,86.27000000,86.77000000,491653.22900000,42811464.40753000
1779465600000,86.76000000,87.19000000,84.00000000,84.55000000,657896.69600000,56265402.89909000
1779480000000,84.55000000,85.28000000,84.00000000,84.40000000,336269.48200000,28510580.15526000
1779494400000,84.40000000,84.86000000,84.07000000,84.68000000,309468.70500000,26129697.86098000
1779508800000,84.69000000,84.72000000,81.50000000,82.25000000,680176.65700000,56418207.20451000
1779523200000,82.25000000,82.49000000,81.63000000,82.31000000,408073.93700000,33506004.47317000
1779537600000,82.30000000,84.54000000,82.15000000,84.10000000,447324.05200000,37336688.47514000
1779552000000,84.09000000,85.14000000,83.93000000,84.96000000,324487.30100000,27440251.37360000
1779566400000,84.97000000,87.50000000,84.80000000,85.75000000,803571.05900000,69358806.55013000
1779580800000,85.76000000,86.23000000,85.62000000,85.81000000,169164.57000000,14532987.63812000
1779595200000,85.81000000,86.70000000,85.58000000,86.07000000,203258.24500000,17499355.90115000
1779609600000,86.07000000,87.00000000,86.01000000,86.66000000,396975.85600000,34359436.45061000
1779624000000,86.67000000,86.69000000,84.48000000,85.31000000,399780.38800000,34219948.94430000
1779638400000,85.30000000,85.88000000,85.11000000,85.37000000,247308.06700000,21137751.15670000
1779652800000,85.38000000,85.52000000,83.70000000,85.27000000,670170.27700000,56796699.06966000
1779667200000,85.27000000,85.85000000,84.80000000,84.95000000,302541.22000000,25815856.65302000
1779681600000,84.95000000,86.19000000,84.93000000,85.96000000,296058.73700000,25401723.32176000
1779696000000,85.95000000,86.22000000,85.70000000,85.76000000,191019.63200000,16422302.14676000
1779710400000,85.77000000,86.52000000,85.66000000,86.26000000,275060.26700000,23684840.27169000
1779724800000,86.26000000,86.44000000,85.52000000,85.64000000,254550.41800000,21900531.58043000
1779739200000,85.64000000,85.87000000,84.71000000,85.06000000,243005.19100000,20708784.96125000
1779753600000,85.06000000,85.09000000,83.85000000,84.22000000,332787.53500000,28039579.43582000
1779768000000,84.23000000,84.97000000,84.01000000,84.35000000,266263.49800000,22486226.89101000
1779782400000,84.36000000,85.80000000,84.29000000,85.21000000,392562.55900000,33408594.54912000
1779796800000,85.22000000,86.13000000,84.03000000,84.49000000,721984.08000000,61457977.07335000
1779811200000,84.49000000,84.57000000,83.15000000,83.80000000,511232.12800000,42879447.90358000
1779825600000,83.80000000,83.98000000,83.54000000,83.72000000,133947.63000000,11223018.65539000
1779840000000,83.73000000,84.19000000,83.48000000,83.63000000,175200.83500000,14695022.69326000
1779854400000,83.62000000,84.21000000,82.86000000,84.21000000,227771.07900000,19043542.04882000
1779868800000,84.20000000,84.42000000,83.60000000,83.94000000,252667.17700000,21227991.06047000
1779883200000,83.95000000,84.84000000,82.98000000,84.44000000,636298.91700000,53458047.12225000
1779897600000,84.44000000,84.75000000,83.16000000,83.91000000,380615.33700000,31909829.56533000
1779912000000,83.92000000,84.14000000,82.10000000,82.44000000,446903.01800000,37047256.99764000
1779926400000,82.43000000,82.76000000,80.50000000,80.70000000,598957.89800000,48964629.29744000
1779940800000,80.70000000,81.30000000,80.00000000,81.26000000,492291.58100000,39724157.29289000
1779955200000,81.26000000,81.32000000,80.60000000,80.88000000,239310.64900000,19396076.71764000
1779969600000,80.88000000,81.66000000,80.02000000,81.14000000,451157.82700000,36494567.96226000
1779984000000,81.15000000,83.01000000,80.91000000,82.19000000,352604.25300000,28997758.45872000
1779998400000,82.18000000,82.70000000,81.78000000,82.11000000,172593.27200000,14203045.92300000
1780012800000,82.12000000,82.48000000,81.47000000,81.61000000,214530.38900000,17594627.88600000
1780027200000,81.62000000,82.49000000,81.36000000,82.24000000,287971.67000000,23626654.11646000
1780041600000,82.25000000,82.65000000,81.52000000,81.77000000,257579.27000000,21178039.61826000
1780056000000,81.76000000,83.24000000,80.35000000,82.59000000,709390.78200000,58000603.78127000
1780070400000,82.58000000,83.22000000,81.60000000,82.06000000,372311.30600000,30772308.42996000
1780084800000,82.06000000,82.40000000,81.62000000,82.04000000,222494.22900000,18246961.88133000
1780099200000,82.04000000,83.10000000,81.94000000,82.67000000,179009.03500000,14795478.27204000
1780113600000,82.67000000,82.80000000,81.86000000,82.37000000,218404.49900000,17995933.05943000
1780128000000,82.37000000,82.55000000,82.19000000,82.33000000,95905.49700000,7896828.12984000
1780142400000,82.33000000,82.92000000,82.25000000,82.69000000,226659.41200000,18709176.53088000
1780156800000,82.68000000,83.14000000,82.63000000,82.99000000,163056.43600000,13519401.66392000
1780171200000,82.99000000,83.17000000,82.45000000,82.73000000,135455.36500000,11222839.03943000
1780185600000,82.74000000,83.42000000,82.62000000,83.25000000,163777.35800000,13608810.49554000
1780200000000,83.24000000,83.30000000,82.52000000,82.66000000,127597.95200000,10583172.01162000
1780214400000,82.67000000,83.05000000,82.49000000,82.76000000,120279.22800000,9951288.59448000
1780228800000,82.76000000,83.12000000,81.79000000,81.88000000,249911.43500000,20561526.57617000
1780243200000,81.88000000,82.04000000,81.33000000,81.58000000,166343.77100000,13581872.62759000
1780257600000,81.59000000,82.92000000,81.59000000,82.44000000,165970.92200000,13659089.95146000
1780272000000,82.45000000,83.10000000,81.63000000,82.63000000,291707.82300000,24097297.07910000
1780286400000,82.63000000,82.78000000,80.63000000,80.74000000,249279.41800000,20341075.78318000
1780300800000,80.74000000,81.29000000,80.46000000,80.81000000,313381.51400000,25372565.67401000
1780315200000,80.82000000,81.07000000,79.20000000,79.60000000,720264.87400000,57662901.24544000
1780329600000,79.61000000,81.31000000,79.11000000,81.20000000,359132.58200000,28897802.93528000
1780344000000,81.19000000,81.65000000,80.32000000,81.28000000,375381.18500000,30417452.16470000
1780358400000,81.28000000,81.30000000,79.41000000,80.92000000,306484.20700000,24664306.75046000
1780372800000,80.92000000,81.02000000,79.16000000,79.67000000,332672.34500000,26586549.75083000
1780387200000,79.67000000,79.80000000,78.78000000,78.94000000,320665.06700000,25408569.32479000
1780401600000,78.93000000,79.22000000,75.58000000,76.38000000,1014165.41400000,78513893.30251000
1780416000000,76.38000000,77.67000000,74.50000000,75.53000000,828350.48200000,63098815.20638000
1780430400000,75.53000000,76.08000000,72.73000000,74.23000000,840199.40200000,62470643.30314000
1780444800000,74.23000000,75.13000000,72.28000000,72.71000000,647760.18700000,48008935.79656000
1780459200000,72.71000000,75.40000000,72.69000000,75.27000000,568926.46900000,42411227.18305000
1780473600000,75.26000000,75.71000000,74.73000000,75.12000000,405011.40400000,30455941.83775000
1780488000000,75.12000000,75.37000000,73.24000000,73.31000000,498929.08100000,37131327.33903000
1780502400000,73.31000000,74.10000000,71.71000000,71.99000000,746595.47900000,54262581.92633000
1780516800000,71.99000000,73.18000000,70.93000000,71.61000000,788023.06000000,56576265.48574000
1780531200000,71.61000000,72.09000000,66.80000000,71.48000000,1732539.98300000,120646275.07731000
1780545600000,71.49000000,71.80000000,69.14000000,69.15000000,523677.62600000,36924905.73091000
1780560000000,69.16000000,69.44000000,67.37000000,68.70000000,839513.76900000,57404498.62514000
1780574400000,68.69000000,70.64000000,68.32000000,69.64000000,963759.22100000,67276495.51988000
1780588800000,69.64000000,69.89000000,68.48000000,69.10000000,425259.15900000,29476531.98829000
1780603200000,69.09000000,69.15000000,67.57000000,68.88000000,443499.73200000,30294316.23392000
1780617600000,68.87000000,69.10000000,66.94000000,67.09000000,676499.59200000,45939019.80059000
1780632000000,67.10000000,68.10000000,63.87000000,66.18000000,1622506.68600000,106710177.13556000
1780646400000,66.18000000,66.80000000,65.10000000,66.08000000,646020.12500000,42695722.65657000
1780660800000,66.08000000,66.83000000,63.78000000,64.24000000,1471617.66000000,95827239.18690000
1780675200000,64.25000000,66.06000000,61.48000000,63.44000000,1744865.40600000,111520136.08373000
1780689600000,63.44000000,65.42000000,62.64000000,63.64000000,880084.01900000,56509005.38432000
1780704000000,63.64000000,64.86000000,62.58000000,62.84000000,483893.66000000,30861525.07007000
1780718400000,62.84000000,63.35000000,60.13000000,62.78000000,994852.17300000,61521627.31632000
1780732800000,62.79000000,63.60000000,61.20000000,62.46000000,562710.60200000,35091734.36170000
1780747200000,62.46000000,63.11000000,61.32000000,62.03000000,673721.75000000,41966556.95973000
1780761600000,62.04000000,62.40000000,61.38000000,61.64000000,495457.26100000,30635368.92641000
1780776000000,61.64000000,62.38000000,61.38000000,62.20000000,360205.61000000,22260428.18427000
1780790400000,62.21000000,64.15000000,61.96000000,63.84000000,542641.24000000,34341593.83552000
1780804800000,63.84000000,65.02000000,63.31000000,64.93000000,514837.95000000,33168040.91919000
1780819200000,64.92000000,66.11000000,64.46000000,65.04000000,482584.63200000,31441906.51557000
1780833600000,65.05000000,65.35000000,63.67000000,64.99000000,461401.84700000,29754162.18201000
1780848000000,64.99000000,65.62000000,63.64000000,63.95000000,320474.20200000,20735289.80187000
1780862400000,63.94000000,67.92000000,63.75000000,66.50000000,619631.50200000,40815052.59498000
1780876800000,66.50000000,67.11000000,65.40000000,66.37000000,492224.10500000,32639536.68044000
1780891200000,66.37000000,66.42000000,64.98000000,66.11000000,338695.72900000,22228806.51023000
1780905600000,66.10000000,67.06000000,65.45000000,66.68000000,507275.67600000,33627987.59953000
1780920000000,66.69000000,67.82000000,65.99000000,67.18000000,896729.15000000,60031818.66438000
1780934400000,67.19000000,67.82000000,66.56000000,67.46000000,491154.37300000,33032245.00508000
1780948800000,67.46000000,68.17000000,66.65000000,66.82000000,332916.33400000,22420106.43059000
1780963200000,66.82000000,66.89000000,65.29000000,66.01000000,457007.96600000,30094296.65700000
1780977600000,66.01000000,67.47000000,65.83000000,66.89000000,636006.46200000,42600847.44805000
1780992000000,66.90000000,66.94000000,65.90000000,66.11000000,336582.78300000,22326376.80279000
1781006400000,66.11000000,66.52000000,64.26000000,64.33000000,747444.48500000,48837542.42241000
1781020800000,64.33000000,65.65000000,63.54000000,65.41000000,654504.02700000,42338555.50033000
1781035200000,65.42000000,65.70000000,64.69000000,64.96000000,250604.58800000,16333153.35458000
1781049600000,64.97000000,65.32000000,64.25000000,64.51000000,292280.11600000,18946773.14075000
1781064000000,64.52000000,64.80000000,63.83000000,64.50000000,242373.36300000,15579302.69806000
1781078400000,64.50000000,64.52000000,62.95000000,63.49000000,536332.57200000,34065251.45134000
1781092800000,63.50000000,65.77000000,63.30000000,65.44000000,933495.13300000,60400906.77730000
1781107200000,65.44000000,65.49000000,63.36000000,63.56000000,525405.08800000,33719657.24436000
1781121600000,63.56000000,63.66000000,62.34000000,63.19000000,408031.28900000,25685768.38216000
1781136000000,63.19000000,65.48000000,63.19000000,65.27000000,593113.97900000,38271472.23941000
1781150400000,65.27000000,65.43000000,64.77000000,65.04000000,328696.88400000,21401396.62415000
1781164800000,65.04000000,66.15000000,65.01000000,65.88000000,438214.85900000,28694957.95588000
1781179200000,65.89000000,65.93000000,64.89000000,65.55000000,576466.00100000,37699042.14829000
1781193600000,65.56000000,67.42000000,65.05000000,66.93000000,715853.72400000,47615007.60425000
1781208000000,66.93000000,67.14000000,66.36000000,66.93000000,229215.58400000,15323161.86113000
1781222400000,66.93000000,67.30000000,66.42000000,67.04000000,293225.51000000,19614949.35380000
1781236800000,67.04000000,67.24000000,65.95000000,66.32000000,339082.42700000,22558410.54499000
1781251200000,66.32000000,67.49000000,66.31000000,66.93000000,425921.00900000,28558136.78223000
1781265600000,66.92000000,68.82000000,66.37000000,67.25000000,1083646.64200000,73230988.99830000
1781280000000,67.26000000,68.22000000,66.68000000,66.78000000,467750.28800000,31538043.58500000
1781294400000,66.79000000,66.95000000,66.42000000,66.82000000,229960.80700000,15328236.15946000
1781308800000,66.83000000,67.51000000,66.70000000,66.88000000,178716.20100000,11988308.75013000
1781323200000,66.87000000,67.47000000,66.59000000,67.37000000,229140.52900000,15346045.94661000
1781337600000,67.38000000,67.96000000,67.26000000,67.90000000,229723.75900000,15500020.50111000
1781352000000,67.91000000,68.71000000,67.77000000,68.60000000,360336.06000000,24561545.72136000
1781366400000,68.60000000,68.63000000,67.83000000,68.23000000,212144.32000000,14449148.46191000
1781380800000,68.24000000,69.59000000,68.05000000,68.94000000,314953.63100000,21729068.28452000
1781395200000,68.94000000,69.11000000,68.64000000,68.94000000,195037.48700000,13431161.62658000
1781409600000,68.95000000,69.01000000,67.88000000,68.23000000,361445.59900000,24692193.95036000
1781424000000,68.23000000,68.52000000,67.92000000,68.11000000,157511.43000000,10752227.22239000
1781438400000,68.11000000,68.17000000,66.94000000,67.43000000,281861.67000000,19031615.62372000
1781452800000,67.43000000,67.76000000,67.19000000,67.57000000,109070.24900000,7366054.96780000
1781467200000,67.57000000,71.29000000,67.44000000,71.28000000,746895.49600000,52297919.61813000
1781481600000,71.29000000,71.73000000,70.66000000,71.24000000,432170.58700000,30783591.36055000
1781496000000,71.24000000,71.50000000,70.81000000,71.28000000,235379.74500000,16764454.21633000
1781510400000,71.28000000,72.82000000,70.80000000,72.61000000,531480.20500000,38176801.59558000
1781524800000,72.61000000,75.26000000,72.31000000,75.25000000,838108.43700000,61783304.91529000
1781539200000,75.25000000,76.09000000,74.58000000,75.28000000,692334.25700000,52140901.07867000
1781553600000,75.27000000,75.46000000,73.62000000,73.98000000,373304.23700000,27730329.63705000
1781568000000,73.99000000,74.42000000,72.77000000,73.74000000,347371.22600000,25577532.47424000
1781582400000,73.75000000,74.54000000,73.19000000,74.46000000,270329.09800000,19986745.95484000
1781596800000,74.45000000,75.65000000,74.35000000,74.66000000,346883.97300000,25983636.28636000
1781611200000,74.67000000,75.53000000,72.29000000,73.29000000,683409.89200000,50428964.09644000
1781625600000,73.29000000,74.34000000,73.01000000,73.84000000,359839.78100000,26500730.07898000
1781640000000,73.85000000,74.26000000,73.42000000,73.52000000,178071.62500000,13159470.67923000
1781654400000,73.53000000,74.47000000,73.17000000,73.68000000,260727.94300000,19241007.55370000
1781668800000,73.68000000,74.11000000,72.99000000,73.26000000,245082.08700000,18012241.98635000
1781683200000,73.27000000,73.30000000,71.71000000,72.04000000,332561.50200000,24082792.06333000
1781697600000,72.04000000,73.87000000,71.59000000,73.81000000,434016.63600000,31483417.74790000
1781712000000,73.80000000,74.69000000,71.43000000,71.66000000,883283.16800000,64664598.63975000
1781726400000,71.66000000,72.25000000,70.83000000,72.05000000,287568.05500000,20638978.09268000
1781740800000,72.05000000,72.68000000,71.54000000,71.65000000,204887.85200000,14804358.19443000
1781755200000,71.66000000,71.85000000,70.64000000,71.78000000,253836.08600000,18072952.69873000
1781769600000,71.77000000,72.16000000,70.72000000,70.94000000,280585.06700000,20050944.13144000
1781784000000,70.94000000,71.80000000,68.35000000,68.44000000,772732.26400000,54166130.11290000
1781798400000,68.43000000,69.53000000,68.23000000,69.37000000,521751.57400000,35889091.80634000
1781812800000,69.38000000,69.96000000,69.26000000,69.71000000,229919.48600000,16011482.82535000
1781827200000,69.72000000,70.09000000,68.64000000,69.05000000,315287.67000000,21881602.30004000
1781841600000,69.06000000,69.27000000,67.98000000,68.38000000,437408.87600000,29986443.93034000
1781856000000,68.37000000,68.76000000,68.05000000,68.25000000,287751.01400000,19671579.62523000
1781870400000,68.25000000,69.58000000,67.92000000,69.33000000,412971.77500000,28464907.55176000
1781884800000,69.34000000,69.57000000,68.63000000,68.97000000,231026.58300000,15972210.91597000
1781899200000,68.97000000,69.87000000,68.72000000,69.74000000,200124.95000000,13869516.37523000
1781913600000,69.73000000,70.12000000,69.48000000,70.00000000,211959.03200000,14795005.85041000
1781928000000,70.00000000,72.46000000,69.89000000,71.60000000,457139.88800000,32717749.30800000
1781942400000,71.60000000,72.10000000,71.21000000,71.78000000,214467.35500000,15346915.81252000
1781956800000,71.78000000,72.62000000,70.47000000,72.02000000,663057.40600000,47544807.98912000
1781971200000,72.03000000,72.05000000,71.09000000,71.86000000,304517.10400000,21817352.39839000
1781985600000,71.86000000,74.30000000,71.70000000,73.22000000,416473.84200000,30477769.17982000
1782000000000,73.22000000,73.86000000,72.88000000,73.63000000,252246.07000000,18485564.15310000
1782014400000,73.63000000,73.84000000,73.01000000,73.21000000,299426.24800000,21946878.53204000
1782028800000,73.21000000,74.40000000,72.75000000,73.21000000,402272.22400000,29607873.15132000
1782043200000,73.21000000,74.29000000,72.93000000,74.14000000,432843.77300000,31881247.39737000
1782057600000,74.14000000,74.68000000,73.80000000,74.42000000,322000.61200000,23911073.74057000
1782072000000,74.42000000,74.55000000,72.31000000,72.46000000,413896.69100000,30226764.97870000
1782086400000,72.47000000,74.99000000,72.46000000,73.52000000,472993.64000000,34944267.80810000
1782100800000,73.53000000,74.48000000,73.36000000,74.10000000,293964.48600000,21721477.77526000
1782115200000,74.10000000,74.44000000,73.57000000,74.17000000,442592.46900000,32748234.88027000
1782129600000,74.18000000,75.00000000,72.98000000,73.14000000,718697.51300000,53245125.66532000
1782144000000,73.15000000,73.57000000,72.45000000,72.71000000,377129.47700000,27485173.84163000
1782158400000,72.71000000,72.97000000,71.37000000,71.95000000,261846.48200000,18898126.83503000
1782172800000,71.95000000,72.06000000,71.31000000,72.00000000,237636.99300000,17060916.84675000
1782187200000,71.99000000,72.03000000,69.68000000,70.01000000,507028.02300000,35776686.19530000
1782201600000,70.01000000,70.11000000,68.16000000,69.33000000,624206.99500000,43036807.12234000
1782216000000,69.33000000,69.68000000,68.40000000,68.92000000,431542.18100000,29807472.98926000
1782230400000,68.93000000,69.41000000,68.64000000,68.84000000,227099.98500000,15665481.56972000
1782244800000,68.84000000,69.84000000,68.83000000,69.71000000,175005.10800000,12135989.51928000
1782259200000,69.70000000,70.41000000,69.10000000,69.56000000,263739.25500000,18424992.07080000
1782273600000,69.57000000,70.22000000,69.00000000,69.38000000,251886.38500000,17557625.80841000
1782288000000,69.38000000,70.44000000,68.77000000,69.82000000,339937.01300000,23577327.17589000
1782302400000,69.82000000,69.93000000,67.24000000,67.33000000,668268.34600000,45933900.72520000
1782316800000,67.32000000,68.03000000,64.71000000,66.13000000,1338113.18000000,88776475.48768000
1782331200000,66.13000000,68.55000000,65.98000000,68.11000000,506723.35000000,34233194.16038000
1782345600000,68.12000000,68.32000000,67.40000000,67.70000000,233177.39100000,15798475.87117000
1782360000000,67.70000000,69.66000000,67.50000000,69.45000000,499488.65800000,34459688.05818000
1782374400000,69.44000000,69.45000000,68.00000000,68.18000000,329991.59600000,22648852.37600000
1782388800000,68.18000000,68.92000000,64.04000000,66.32000000,1569669.25600000,104001398.65571000
1782403200000,66.32000000,67.35000000,65.65000000,66.20000000,676745.94700000,44933944.60387000
1782417600000,66.19000000,68.81000000,66.08000000,67.72000000,407828.43300000,27436348.83013000
1782432000000,67.72000000,68.50000000,65.91000000,68.21000000,684689.26000000,45939418.77620000
1782446400000,68.22000000,70.99000000,67.96000000,70.77000000,887746.04700000,61597815.57067000
1782460800000,70.78000000,70.88000000,68.39000000,68.61000000,503215.77000000,35012595.38519000
1782475200000,68.61000000,72.24000000,68.19000000,72.07000000,1040581.28000000,73387646.73917000
1782489600000,72.06000000,73.93000000,72.01000000,73.01000000,812035.98000000,59144719.92153000
1782504000000,73.01000000,73.68000000,71.41000000,71.90000000,494600.37900000,35762097.32011000
1782518400000,71.90000000,72.50000000,71.36000000,72.27000000,368000.36200000,26501639.77046000
1782532800000,72.26000000,72.59000000,71.51000000,72.31000000,317095.80300000,22837656.55203000
1782547200000,72.31000000,72.33000000,71.53000000,71.81000000,184926.87000000,13301159.28603000
1782561600000,71.81000000,73.19000000,71.64000000,72.84000000,358291.58100000,25951796.73162000
1782576000000,72.83000000,73.01000000,70.94000000,71.11000000,396679.16700000,28541648.40455000
1782590400000,71.11000000,71.63000000,70.25000000,70.50000000,296838.77700000,21057165.32823000
1782604800000,70.49000000,71.01000000,70.44000000,70.87000000,169734.88300000,12007083.59572000
1782619200000,70.86000000,71.09000000,70.14000000,71.08000000,245333.91700000,17314102.01038000
1782633600000,71.08000000,72.20000000,71.06000000,71.92000000,337814.19600000,24215171.50752000
1782648000000,71.92000000,72.41000000,71.33000000,72.09000000,246304.51800000,17697496.13100000
1782662400000,72.09000000,72.13000000,70.25000000,70.74000000,294133.91900000,20974880.10862000
1782676800000,70.73000000,71.82000000,69.74000000,71.38000000,415953.48500000,29453681.76730000
1782691200000,71.39000000,73.33000000,70.35000000,72.68000000,553184.64400000,39741696.57930000
1782705600000,72.68000000,73.12000000,71.03000000,72.72000000,367744.39300000,26528789.28622000
1782720000000,72.72000000,73.68000000,72.25000000,72.52000000,443879.00500000,32369260.29807000
1782734400000,72.53000000,74.55000000,72.12000000,73.92000000,1366136.32100000,100504664.54814000
1782748800000,73.92000000,76.49000000,72.89000000,75.98000000,823136.54500000,61884241.47614000
1782763200000,75.98000000,76.00000000,74.89000000,75.16000000,307641.19200000,23201233.16584000
1782777600000,75.17000000,75.24000000,74.04000000,74.19000000,326692.74300000,24338704.91384000
1782792000000,74.19000000,74.26000000,73.69000000,74.16000000,265517.96100000,19656877.78171000
1782806400000,74.16000000,75.80000000,73.30000000,73.40000000,452688.81200000,33350379.33270000
1782820800000,73.41000000,74.10000000,71.90000000,73.13000000,960183.47300000,69839760.27259000
1782835200000,73.14000000,73.97000000,72.73000000,73.75000000,406037.59500000,29802594.92308000
1782849600000,73.74000000,73.94000000,73.19000000,73.67000000,257663.51900000,18959864.65497000
1782864000000,73.67000000,75.69000000,72.25000000,75.48000000,606723.58800000,45060941.69644000
1782878400000,75.48000000,75.87000000,73.96000000,74.87000000,462549.13700000,34665613.05043000
1782892800000,74.87000000,75.58000000,74.46000000,74.84000000,493452.24500000,37052069.34886000
1782907200000,74.84000000,77.80000000,74.27000000,77.43000000,1052393.68900000,80087928.84047000
1782921600000,77.43000000,78.25000000,76.80000000,77.00000000,503230.39900000,39013994.55446000
1782936000000,77.01000000,78.96000000,76.59000000,77.46000000,494976.23800000,38543923.13920000
1782950400000,77.46000000,78.96000000,76.90000000,78.72000000,441268.97600000,34433402.15377000
1782964800000,78.71000000,78.72000000,77.59000000,77.99000000,293551.81900000,22931422.57994000
1782979200000,78.00000000,82.78000000,77.94000000,82.38000000,1360405.34600000,109937800.38721000
1782993600000,82.37000000,82.45000000,80.09000000,80.86000000,946198.27600000,76928830.15031000
1783008000000,80.87000000,81.32000000,80.15000000,80.83000000,460956.21100000,37260691.71212000
1783022400000,80.84000000,81.17000000,80.41000000,80.73000000,238123.18200000,19218491.28012000
1783036800000,80.72000000,81.69000000,80.34000000,80.73000000,263041.03900000,21307178.04469000
1783051200000,80.72000000,81.51000000,80.44000000,81.22000000,244578.79900000,19799464.44439000
1783065600000,81.23000000,81.88000000,80.67000000,81.58000000,349702.17100000,28421081.42705000
1783080000000,81.57000000,82.06000000,80.91000000,81.21000000,320516.25300000,26115946.99032000
1783094400000,81.21000000,83.22000000,81.08000000,82.48000000,343571.49600000,28237917.60878000
1783108800000,82.47000000,83.05000000,82.16000000,82.34000000,247807.62500000,20449814.46714000
1783123200000,82.35000000,82.85000000,81.80000000,82.74000000,314311.28300000,25870815.64515000
1783137600000,82.74000000,83.98000000,82.26000000,82.72000000,540722.82800000,44914568.94539000
1783152000000,82.72000000,82.78000000,81.42000000,81.82000000,292710.02400000,23992360.86089000
1783166400000,81.82000000,82.42000000,81.36000000,82.23000000,254445.31000000,20824256.85383000
1783180800000,82.24000000,82.83000000,81.71000000,81.88000000,259801.40800000,21367720.99493000
1783195200000,81.88000000,82.29000000,81.45000000,81.80000000,191799.60900000,15700302.91051000
1783209600000,81.80000000,81.84000000,80.20000000,80.56000000,330266.64300000,26715157.40727000
1783224000000,80.56000000,80.87000000,80.24000000,80.72000000,141408.02000000,11391816.86252000
1783238400000,80.72000000,80.87000000,79.68000000,80.57000000,244060.64500000,19586409.03312000
1783252800000,80.57000000,81.75000000,80.37000000,81.36000000,249011.17500000,20189325.34935000
1783267200000,81.36000000,81.54000000,80.81000000,81.04000000,149854.90700000,12157791.48536000
1783281600000,81.04000000,82.43000000,80.79000000,81.59000000,290880.74900000,23791556.69692000
1783296000000,81.59000000,82.33000000,80.45000000,80.80000000,305151.36000000,24837200.07116000
1783310400000,80.80000000,81.02000000,80.15000000,80.82000000,223253.41800000,18000675.30651000
1783324800000,80.83000000,81.08000000,80.06000000,80.39000000,221770.80700000,17855820.30782000
1783339200000,80.39000000,81.54000000,79.23000000,81.50000000,724558.00700000,58106963.41984000
1783353600000,81.50000000,82.40000000,81.29000000,82.07000000,526008.25800000,43088180.75593000
1783368000000,82.08000000,83.74000000,81.68000000,81.94000000,392865.79000000,32459854.97142000
1783382400000,81.94000000,82.50000000,80.97000000,81.05000000,238050.81100000,19478828.95790000
1783396800000,81.05000000,81.76000000,80.46000000,81.50000000,270894.80500000,21975554.60699000
1783411200000,81.51000000,81.60000000,80.76000000,81.32000000,310571.44600000,25238941.55022000
1783425600000,81.32000000,82.36000000,80.51000000,82.11000000,490143.64100000,39914874.80941000
1783440000000,82.11000000,82.79000000,80.78000000,81.37000000,312428.02200000,25585190.81623000
1783454400000,81.38000000,81.49000000,80.34000000,80.58000000,236900.79200000,19163165.26809000
1783468800000,80.58000000,80.78000000,78.22000000,78.73000000,472550.20500000,37545492.81979000
1783483200000,78.73000000,78.93000000,77.80000000,78.28000000,403840.13200000,31605889.95536000
1783497600000,78.29000000,78.43000000,76.90000000,77.56000000,421883.71900000,32642365.37997000
1783512000000,77.56000000,77.66000000,76.29000000,76.75000000,481741.48400000,37091206.53353000
1783526400000,76.76000000,77.68000000,76.76000000,77.42000000,242811.91000000,18743849.88534000
1783540800000,77.42000000,77.95000000,76.93000000,77.83000000,148575.91000000,11496142.43645000
1783555200000,77.83000000,78.78000000,76.71000000,77.38000000,288234.27500000,22382255.80064000
1783569600000,77.39000000,78.83000000,77.22000000,78.21000000,285134.96000000,22283590.97939000
1783584000000,78.22000000,78.41000000,77.32000000,77.61000000,233675.06900000,18209287.91436000
1783598400000,77.61000000,78.49000000,77.35000000,77.63000000,359318.01700000,27960959.22294000
1783612800000,77.63000000,78.43000000,77.26000000,78.15000000,185705.05600000,14471043.26671000
1783627200000,78.16000000,78.32000000,77.74000000,78.04000000,106370.45700000,8305748.17560000
1783641600000,78.05000000,79.45000000,77.79000000,79.07000000,292909.14300000,23067408.37482000
1783656000000,79.07000000,79.37000000,78.75000000,78.87000000,218695.46700000,17278335.44770000
1783670400000,78.87000000,79.68000000,78.81000000,79.36000000,269721.39300000,21391463.40979000
1783684800000,79.37000000,79.56000000,77.07000000,78.14000000,648564.17500000,50739514.78994000
1783699200000,78.15000000,78.26000000,77.33000000,77.89000000,257166.89900000,20006759.21691000
1783713600000,77.90000000,78.25000000,77.71000000,78.13000000,166674.99800000,13001687.97705000
1783728000000,78.14000000,78.14000000,77.47000000,77.79000000,188515.16300000,14661397.05432000
1783742400000,77.80000000,78.12000000,77.60000000,78.00000000,158123.53000000,12319212.69779000
1783756800000,77.99000000,78.34000000,77.75000000,78.13000000,143126.13700000,11166694.28539000
1783771200000,78.13000000,78.88000000,77.95000000,78.38000000,209188.35800000,16392062.13064000
1783785600000,78.39000000,78.40000000,77.63000000,78.15000000,423253.24800000,33016119.63075000
1783800000000,78.15000000,78.32000000,76.77000000,76.79000000,219262.03100000,17012660.89574000
1783814400000,76.79000000,77.09000000,75.65000000,77.04000000,314558.34900000,24068536.41401000
1783828800000,77.05000000,77.08000000,75.85000000,76.51000000,161447.66200000,12346689.02257000
1783843200000,76.52000000,77.28000000,76.39000000,76.95000000,131018.54100000,10056634.15746000
1783857600000,76.94000000,77.71000000,76.78000000,77.46000000,220558.28900000,17042046.51931000
1783872000000,77.47000000,77.78000000,77.23000000,77.68000000,115689.28800000,8966360.41388000
1783886400000,77.67000000,77.71000000,76.46000000,76.92000000,163742.83100000,12596847.17330000
1783900800000,76.92000000,78.20000000,75.43000000,75.86000000,410430.03200000,31543000.07933000
1783915200000,75.87000000,76.69000000,75.72000000,76.44000000,263894.53700000,20114808.43430000
1783929600000,76.45000000,76.90000000,76.10000000,76.34000000,164774.64900000,12596822.51282000
1783944000000,76.35000000,76.41000000,75.11000000,75.81000000,318781.65100000,24158241.77121000
1783958400000,75.82000000,76.04000000,74.52000000,75.20000000,242939.91500000,18227098.87705000
1783972800000,75.19000000,75.35000000,74.10000000,75.01000000,197827.57800000,14768324.60129000
1783987200000,75.02000000,75.56000000,74.56000000,75.15000000,183173.55200000,13764457.41340000
1784001600000,75.15000000,75.48000000,74.91000000,74.97000000,158889.64400000,11951119.10954000
1784016000000,74.98000000,75.62000000,74.85000000,75.40000000,187574.99000000,14124581.56805000
1784030400000,75.40000000,77.95000000,75.19000000,77.38000000,834207.52800000,64066321.85177000
1784044800000,77.39000000,77.65000000,76.81000000,77.17000000,218849.42700000,16902452.83491000
1784059200000,77.18000000,77.95000000,76.93000000,77.87000000,215284.46100000,16680533.32802000
1784073600000,77.87000000,77.92000000,77.03000000,77.78000000,231548.01600000,17939370.73565000
1784088000000,77.78000000,78.70000000,77.40000000,77.42000000,353489.06200000,27608247.11252000
1784102400000,77.42000000,77.91000000,77.23000000,77.52000000,186955.66300000,14485260.55136000
1784116800000,77.53000000,79.04000000,77.26000000,78.07000000,577512.86800000,45186479.01900000
1784131200000,78.06000000,78.12000000,76.94000000,77.18000000,309252.55600000,23987431.33510000
1784145600000,77.18000000,77.74000000,77.10000000,77.29000000,130633.42300000,10113073.78598000
1784160000000,77.28000000,77.48000000,76.70000000,76.95000000,211643.58700000,16298870.11350000
1784174400000,76.95000000,77.64000000,76.14000000,76.41000000,334544.98200000,25710674.28548000
1784188800000,76.42000000,76.48000000,75.64000000,76.28000000,294018.77800000,22367482.46109000
1784203200000,76.27000000,76.86000000,75.69000000,76.63000000,298443.71100000,22779678.27628000
1784217600000,76.63000000,76.63000000,75.39000000,75.81000000,233812.70900000,17742576.22678000
1784232000000,75.80000000,76.08000000,75.01000000,75.32000000,152990.91100000,11550883.90808000
1784246400000,75.33000000,75.75000000,74.75000000,75.23000000,205404.17700000,15452654.01239000
1784260800000,75.23000000,75.34000000,74.29000000,74.61000000,236186.74700000,17650838.20172000
1784275200000,74.62000000,75.00000000,74.20000000,74.86000000,165863.43200000,12384544.77995000
1784289600000,74.86000000,74.88000000,73.39000000,74.77000000,451311.27800000,33461297.04990000
1784304000000,74.78000000,75.60000000,74.61000000,75.20000000,203989.07500000,15319951.86230000
1784318400000,75.20000000,75.24000000,74.84000000,75.04000000,98738.36600000,7408417.59446000
1784332800000,75.04000000,75.45000000,74.99000000,75.38000000,86539.93500000,6508285.86545000
1784347200000,75.37000000,75.39000000,74.87000000,74.97000000,85873.62100000,6442806.26434000
1784361600000,74.97000000,75.04000000,74.66000000,74.97000000,86294.31400000,6462105.93868000
1784376000000,74.96000000,75.19000000,74.50000000,74.97000000,120129.91900000,8989221.51717000
1784390400000,74.96000000,75.67000000,74.84000000,75.44000000,178522.65500000,13434042.26521000
1784404800000,75.45000000,75.64000000,75.34000000,75.52000000,93651.25100000,7070882.78450000
1784419200000,75.53000000,76.57000000,75.45000000,75.96000000,264337.59300000,20068764.07505000
1784433600000,75.95000000,76.34000000,75.74000000,76.14000000,203583.08500000,15486235.64157000
1784448000000,76.14000000,76.53000000,75.90000000,76.06000000,171968.31400000,13104255.91745000
1784462400000,76.07000000,76.70000000,75.76000000,76.21000000,184797.02400000,14074270.02482000
1784476800000,76.22000000,76.29000000,75.37000000,75.88000000,177260.79700000,13443139.44983000
1784491200000,75.89000000,76.57000000,75.63000000,76.38000000,174963.63300000,13316490.30294000
1784505600000,76.38000000,77.40000000,76.13000000,76.76000000,330911.62000000,25411893.84609000
1784520000000,76.76000000,76.95000000,75.50000000,76.22000000,254086.94200000,19315588.67393000
1784534400000,76.22000000,77.24000000,75.90000000,77.14000000,282705.06100000,21643834.37732000
1784548800000,77.14000000,77.92000000,75.79000000,77.76000000,464867.53000000,35718616.91901000
1784563200000,77.77000000,78.38000000,77.29000000,77.63000000,389522.40200000,30288229.33734000
1784577600000,77.64000000,78.05000000,77.43000000,77.85000000,145107.29600000,11289404.77926000
1784592000000,77.85000000,78.55000000,77.66000000,78.19000000,159781.91400000,12479063.52730000
1784606400000,78.20000000,78.88000000,78.02000000,78.56000000,253842.25100000,19915181.49006000
1784620800000,78.57000000,78.75000000,78.07000000,78.36000000,238084.95500000,18656576.78380000
1784635200000,78.36000000,78.64000000,77.79000000,78.14000000,325328.80700000,25455682.98515000
1784649600000,78.15000000,78.25000000,77.42000000,77.87000000,186159.38200000,14496689.64406000
1784664000000,77.86000000,78.20000000,77.80000000,78.12000000,120364.01100000,9387259.81612000
1784678400000,78.13000000,78.59000000,77.81000000,77.87000000,155254.54800000,12158689.23732000
1784692800000,77.87000000,78.23000000,77.00000000,77.10000000,293299.81500000,22756530.81545000
1784707200000,77.11000000,77.82000000,77.06000000,77.56000000,204123.12100000,15818107.91803000
1784721600000,77.56000000,78.85000000,77.02000000,78.47000000,373563.48500000,29111618.51177000
1784736000000,78.46000000,78.81000000,77.31000000,77.66000000,247410.14500000,19314890.33883000
1784750400000,77.66000000,78.12000000,77.50000000,77.97000000,151001.05900000,11757284.53580000
1784764800000,77.97000000,78.54000000,77.40000000,77.60000000,200606.53700000,15648398.31948000
1784779200000,77.60000000,77.83000000,77.04000000,77.16000000,203939.91200000,15783769.62413000
1784793600000,77.16000000,77.87000000,77.11000000,77.67000000,139398.15400000,10817336.56346000
1784808000000,77.67000000,77.74000000,75.86000000,76.39000000,441755.03700000,33880757.58004000
1784822400000,76.39000000,76.39000000,75.43000000,75.75000000,199464.61100000,15128275.17437000
1784836800000,75.74000000,76.28000000,75.71000000,75.88000000,161487.67500000,12285982.35662000
1784851200000,75.88000000,76.13000000,75.30000000,75.83000000,169973.30400000,12877643.30070000
1784865600000,75.84000000,76.45000000,75.59000000,76.07000000,155993.69800000,11845109.89477000
1784880000000,76.08000000,76.11000000,74.97000000,75.20000000,261023.44500000,19707920.35832000
1784894400000,75.20000000,75.30000000,73.61000000,74.04000000,471980.86300000,35052838.73791000
1784908800000,74.04000000,74.22000000,73.71000000,73.97000000,209972.85800000,15534934.95540000
1784923200000,73.97000000,74.03000000,73.44000000,73.96000000,181144.09700000,13362951.72876000
1784937600000,73.97000000,74.33000000,73.94000000,74.14000000,113011.05000000,8373149.99687000
1784952000000,74.14000000,74.36000000,73.77000000,73.79000000,174535.99600000,12937588.66515000
1784966400000,73.79000000,74.05000000,73.56000000,73.92000000,94222.34200000,6961519.21823000
1784980800000,73.92000000,74.31000000,73.78000000,74.18000000,119199.11200000,8820588.32314000
1784995200000,74.18000000,74.73000000,74.09000000,74.57000000,125033.21600000,9314897.63098000
1785009600000,74.57000000,74.60000000,74.28000000,74.52000000,100814.03300000,7505501.61729000
1785024000000,74.53000000,75.05000000,74.47000000,75.03000000,124674.04700000,9329197.12954000
1785038400000,75.04000000,75.23000000,74.74000000,74.87000000,108603.18000000,8146682.93818000
1785052800000,74.88000000,75.28000000,74.85000000,74.95000000,102674.99800000,7708021.33715000
1785067200000,74.95000000,75.50000000,74.75000000,75.49000000,135666.82200000,10183379.03636000
1785081600000,75.48000000,75.99000000,75.25000000,75.34000000,126014.57800000,9513858.98745000
1785096000000,75.34000000,77.10000000,75.31000000,76.76000000,294779.74800000,22502588.39640000
1785110400000,76.77000000,76.80000000,75.98000000,76.40000000,211946.54500000,16201809.30542000
1785124800000,76.41000000,76.99000000,76.26000000,76.47000000,213868.70500000,16369051.58965000
1785139200000,76.48000000,76.69000000,76.13000000,76.50000000,145547.57600000,11126664.29787000
1785153600000,76.51000000,77.50000000,75.03000000,75.28000000,530172.89900000,40439488.96881000
1785168000000,75.29000000,76.25000000,75.15000000,75.98000000,187039.84600000,14162102.80962000
1785182400000,75.98000000,76.14000000,73.74000000,74.20000000,319698.36000000,23882416.22278000
1785196800000,74.21000000,74.29000000,72.86000000,73.28000000,373967.79700000,27450718.81845000
1785211200000,73.28000000,73.55000000,73.00000000,73.30000000,196017.30200000,14368558.99700000
1785225600000,73.29000000,73.51000000,72.89000000,73.20000000,252219.25600000,18464520.97606000
1785240000000,73.20000000,74.59000000,72.36000000,74.35000000,453954.36000000,33294638.19700000
1785254400000,74.35000000,74.58000000,73.56000000,74.33000000,183408.08600000,13581298.29949000
1785268800000,74.32000000,74.40000000,73.17000000,73.83000000,237658.64700000,17540472.92007000
1785283200000,73.83000000,74.20000000,73.01000000,73.09000000,234682.10000000,17278117.07237000
1785297600000,73.09000000,74.28000000,72.73000000,74.26000000,240130.00600000,17660795.42844000
1785312000000,74.25000000,74.33000000,73.72000000,73.96000000,155735.17800000,11527873.33109000
1785326400000,73.96000000,73.96000000,72.98000000,73.12000000,229129.95200000,16823784.55341000
1785340800000,73.13000000,74.53000000,72.73000000,72.76000000,452121.11000000,33351730.34456000
1785355200000,72.76000000,73.80000000,72.32000000,73.68000000,285855.52900000,20894564.80489000
1785369600000,73.69000000,74.20000000,73.14000000,73.71000000,177817.05200000,13118367.94906000
1785384000000,73.71000000,73.86000000,73.39000000,73.41000000,147980.82300000,10895145.11043000
1785398400000,73.42000000,74.33000000,73.30000000,74.23000000,220405.32700000,16296373.86006000
1785412800000,74.22000000,74.90000000,74.08000000,74.65000000,272984.87800000,20336596.18106000
1785427200000,74.65000000,74.98000000,74.42000000,74.78000000,194168.54200000,14496718.90667000
1785441600000,74.78000000,74.99000000,74.40000000,74.51000000,205506.82900000,15343746.36755000
1785456000000,74.52000000,75.29000000,73.88000000,74.14000000,257940.68700000,19228598.43362000
1785470400000,74.14000000,74.54000000,73.51000000,73.68000000,272039.25500000,20114862.80912000
1785484800000,73.68000000,73.80000000,73.29000000,73.57000000,190748.04200000,14034589.40929000
1785499200000,73.57000000,73.82000000,72.80000000,73.10000000,331813.62500000,24307350.60103000
1785513600000,73.11000000,73.48000000,72.92000000,73.08000000,145739.22100000,10668944.28457000
1785528000000,73.08000000,73.23000000,72.56000000,72.87000000,139717.22100000,10187540.60986000
1785542400000,72.87000000,73.16000000,72.86000000,73.03000000,222168.52600000,16226186.84695000
1785556800000,73.03000000,73.21000000,72.86000000,72.98000000,117672.48000000,8592856.53080000
1785571200000,72.98000000,73.08000000,72.67000000,72.89000000,87113.15100000,6352045.13978000
1785585600000,72.89000000,73.05000000,72.72000000,72.80000000,105829.94000000,7717797.26467000
1785600000000,72.79000000,72.94000000,70.58000000,71.27000000,450690.27000000,32313833.89438000
1785614400000,71.26000000,72.09000000,71.19000000,71.95000000,128044.72800000,9182177.65849000
1785628800000,71.95000000,73.40000000,71.93000000,73.20000000,190695.51700000,13893210.01781000
1785643200000,73.20000000,73.66000000,73.20000000,73.46000000,170920.62400000,12558394.70735000
1785657600000,73.46000000,73.53000000,72.94000000,72.99000000,129983.85200000,9521148.88185000
1785672000000,72.99000000,73.23000000,72.69000000,73.03000000,102998.86500000,7522802.13719000
1785686400000,73.03000000,73.84000000,72.92000000,73.72000000,105374.35500000,7735149.13316000
1785700800000,73.72000000,74.33000000,73.46000000,73.63000000,145373.72500000,10732483.43903000
1785715200000,73.64000000,73.67000000,72.69000000,72.90000000,114830.89400000,8395199.36988000
1785729600000,72.90000000,73.08000000,72.43000000,72.52000000,171414.25900000,12465003.76363000
1785744000000,72.52000000,72.81000000,71.98000000,72.45000000,188160.71300000,13636526.78611000
1785758400000,72.45000000,73.83000000,72.32000000,73.62000000,366976.61800000,26885667.11490000
1785772800000,73.62000000,74.28000000,73.23000000,74.02000000,243849.03800000,18005588.26227000
1785787200000,74.03000000,74.14000000,73.37000000,73.56000000,142610.80700000,10508552.65726000
1785801600000,73.56000000,74.13000000,73.04000000,73.70000000,184566.68500000,13580899.49658000
1785816000000,73.70000000,74.10000000,73.20000000,73.68000000,172462.60000000,12694739.69256000
1785830400000,73.68000000,73.98000000,73.10000000,73.95000000,224891.29900000,16527385.56138000
1785844800000,73.95000000,74.20000000,73.33000000,73.99000000,226558.76400000,16720990.89280000
1785859200000,73.99000000,74.39000000,73.61000000,74.19000000,203462.77100000,15068606.06912000
1785873600000,74.19000000,74.45000000,73.74000000,73.75000000,186626.82400000,13830062.41315000
1785888000000,73.76000000,74.49000000,73.39000000,73.78000000,272372.85600000,20137905.86250000
1785902400000,73.79000000,74.30000000,73.62000000,73.98000000,258911.52400000,19143707.08994000
1785916800000,73.98000000,74.22000000,73.73000000,73.77000000,178314.65700000,13192106.86579000
1785931200000,73.77000000,74.38000000,73.27000000,73.96000000,426422.44800000,31523955.32960000
1785945600000,73.96000000,74.83000000,73.94000000,74.46000000,240554.26300000,17904498.29193000
1785960000000,74.47000000,74.59000000,73.85000000,74.04000000,173252.88900000,12854030.33316000
1785974400000,74.04000000,74.26000000,73.38000000,73.50000000,214437.89700000,15804810.38041000
1785988800000,73.49000000,74.35000000,73.40000000,73.87000000,226048.38100000,16740189.76165000
1786003200000,73.87000000,74.12000000,73.17000000,73.46000000,269108.37700000,19789978.21950000
1786017600000,73.46000000,73.63000000,72.85000000,73.30000000,239840.19400000,17570219.34092000
1786032000000,73.31000000,73.55000000,72.55000000,72.80000000,151281.18700000,11051613.04398000
1786046400000,72.81000000,73.00000000,72.34000000,72.70000000,175488.88700000,12761122.32914000
1786060800000,72.70000000,72.93000000,72.49000000,72.62000000,165732.58900000,12046752.31013000
1786075200000,72.63000000,73.07000000,72.43000000,72.93000000,155650.48900000,11336974.04005000
1786089600000,72.92000000,73.78000000,72.91000000,73.62000000,299243.18900000,21999088.38559000
1786104000000,73.63000000,74.35000000,73.58000000,73.88000000,470932.32500000,34828532.28036000
1786118400000,73.89000000,74.13000000,73.17000000,74.02000000,302269.83100000,22233949.75449000
1786132800000,74.02000000,74.10000000,73.58000000,73.66000000,158848.46400000,11724432.74905000
1786147200000,73.67000000,74.99000000,73.57000000,74.83000000,233808.69000000,17356248.95327000
1786161600000,74.84000000,75.14000000,74.49000000,74.82000000,206240.33700000,15415999.75276000
1786176000000,74.83000000,75.71000000,74.70000000,75.60000000,217992.36000000,16386483.74124000
1786190400000,75.61000000,76.81000000,75.35000000,76.40000000,432143.95900000,32854092.34545000
1786204800000,76.40000000,76.50000000,75.97000000,76.16000000,172911.59500000,13184934.85784000
1786219200000,76.15000000,76.36000000,75.78000000,76.01000000,120315.54600000,9158232.08597000
1786233600000,76.02000000,76.10000000,75.73000000,75.99000000,96300.93000000,7311495.69433000
1786248000000,75.98000000,76.50000000,75.88000000,76.36000000,121241.59400000,9240609.52631000
1786262400000,76.36000000,76.65000000,76.10000000,76.50000000,145863.70100000,11146377.22023000
1786276800000,76.50000000,77.47000000,76.30000000,77.43000000,271679.98200000,20890385.31712000
1786291200000,77.42000000,77.57000000,77.07000000,77.23000000,163399.87800000,12629692.26529000
1786305600000,77.22000000,77.84000000,76.21000000,76.27000000,182281.58900000,14034329.73599000
1786320000000,76.26000000,77.17000000,76.21000000,76.64000000,181144.86000000,13888105.76735000
1786334400000,76.64000000,77.11000000,76.43000000,76.98000000,121409.54900000,9326921.56710000
1786348800000,76.99000000,77.16000000,76.53000000,77.05000000,213161.00700000,16369024.57259000
1786363200000,77.05000000,77.13000000,75.83000000,75.96000000,383730.37100000,29312515.47740000
1786377600000,75.96000000,76.28000000,75.58000000,76.19000000,242434.75900000,18399718.99996000
1786392000000,76.19000000,76.49000000,75.98000000,75.99000000,136357.80900000,10401240.97977000
1786406400000,76.00000000,76.25000000,75.71000000,76.08000000,108810.08900000,8269441.73668000
1786420800000,76.08000000,76.23000000,75.42000000,75.69000000,180473.79000000,13684318.33894000
1786435200000,75.70000000,76.37000000,75.63000000,76.24000000,251813.22300000,19123626.41488000
1786449600000,76.24000000,76.26000000,74.63000000,74.93000000,360778.46100000,27245143.79517000
1786464000000,74.93000000,75.71000000,74.79000000,75.67000000,167654.35100000,12599911.63904000
1786478400000,75.67000000,76.67000000,75.66000000,76.30000000,246264.76800000,18766320.61381000
1786492800000,76.30000000,76.60000000,76.24000000,76.42000000,115888.23100000,8855658.03462000
1786507200000,76.42000000,76.58000000,75.94000000,76.27000000,126748.54700000,9659647.14988000
1786521600000,76.26000000,76.90000000,76.14000000,76.84000000,236267.34300000,18108123.12532000
1786536000000,76.83000000,77.33000000,75.38000000,75.75000000,449281.09400000,34279459.67904000
1786550400000,75.75000000,76.10000000,75.57000000,75.77000000,114191.42300000,8659260.36711000
1786564800000,75.76000000,76.02000000,75.35000000,75.63000000,111772.57600000,8454598.11194000
1786579200000,75.64000000,76.33000000,75.48000000,76.26000000,167721.56600000,12738818.26297000
1786593600000,76.26000000,76.62000000,76.03000000,76.44000000,137269.92300000,10484311.07962000
1786608000000,76.44000000,76.49000000,75.56000000,75.67000000,179581.62800000,13635530.46345000
1786622400000,75.66000000,76.59000000,75.63000000,75.64000000,225699.55600000,17192915.20553000
1786636800000,75.64000000,76.28000000,75.10000000,76.20000000,245174.18600000,18564726.89467000
1786651200000,76.20000000,76.45000000,76.12000000,76.28000000,138061.69800000,10529835.40909000
1786665600000,76.28000000,76.33000000,75.75000000,75.76000000,136908.85800000,10408997.29365000
1786680000000,75.76000000,76.04000000,75.50000000,75.59000000,141642.34100000,10728707.18409000
1786694400000,75.60000000,75.88000000,75.36000000,75.54000000,161809.36900000,12231701.90034000
1786708800000,75.54000000,75.78000000,75.06000000,75.65000000,222404.30300000,16767789.23289000
1786723200000,75.65000000,75.71000000,74.69000000,75.02000000,266391.61100000,20020666.36831000
1786737600000,75.02000000,75.41000000,74.97000000,75.40000000,134708.42400000,10128519.65997000
1786752000000,75.40000000,75.71000000,75.29000000,75.42000000,105250.01400000,7944462.15443000
1786766400000,75.41000000,75.60000000,75.17000000,75.24000000,121913.65100000,9193582.35730000
1786780800000,75.23000000,75.36000000,75.05000000,75.26000000,68077.76900000,5120270.29849000
1786795200000,75.25000000,75.59000000,75.21000000,75.53000000,143807.42100000,10857402.90944000
1786809600000,75.52000000,75.69000000,75.41000000,75.57000000,77992.30200000,5893212.87109000
1786824000000,75.57000000,75.74000000,75.31000000,75.35000000,85072.66500000,6426763.16496000
1786838400000,75.35000000,75.66000000,75.27000000,75.58000000,88725.62400000,6698376.03602000
1786852800000,75.59000000,75.62000000,75.28000000,75.47000000,62220.85100000,4693217.74332000
1786867200000,75.47000000,75.49000000,75.17000000,75.29000000,77920.92100000,5868252.07975000
1786881600000,75.29000000,75.64000000,75.20000000,75.58000000,79913.46500000,6026259.27041000
1786896000000,75.57000000,75.71000000,75.03000000,75.23000000,184751.41500000,13933524.39907000
1786910400000,75.22000000,75.33000000,74.10000000,74.61000000,187881.94900000,14015678.60918000
1786924800000,74.62000000,75.60000000,74.43000000,75.51000000,220837.54100000,16607586.10997000
1786939200000,75.52000000,76.00000000,75.36000000,75.79000000,173433.69800000,13128266.70185000
1786953600000,75.79000000,75.95000000,75.17000000,75.71000000,273340.17700000,20647989.85420000
1786968000000,75.70000000,76.22000000,75.28000000,76.11000000,301349.33200000,22813178.47937000
1786982400000,76.11000000,76.17000000,75.70000000,75.81000000,168234.26800000,12777800.40163000
1786996800000,75.81000000,76.12000000,75.63000000,76.02000000,132659.33800000,10065218.84570000
1787011200000,76.02000000,76.09000000,75.20000000,75.50000000,223714.90200000,16908053.00780000
1787025600000,75.50000000,76.27000000,75.41000000,76.10000000,259724.99600000,19706792.69624000
1787040000000,76.10000000,76.45000000,75.80000000,76.31000000,223294.89700000,16990454.33187000
1787054400000,76.32000000,77.33000000,76.05000000,77.19000000,405109.75600000,31098376.95388000
1787068800000,77.20000000,77.41000000,76.85000000,77.18000000,163134.93500000,12582121.58141000
1787083200000,77.18000000,77.23000000,76.75000000,77.05000000,179883.46600000,13856508.33148000
1787097600000,77.05000000,77.12000000,76.64000000,77.00000000,167299.05000000,12863201.84150000
1787112000000,76.99000000,77.17000000,76.63000000,76.96000000,156340.86300000,12028046.25790000
1787126400000,76.96000000,77.65000000,76.92000000,77.55000000,227321.78900000,17590073.68221000
1787140800000,77.54000000,83.00000000,77.43000000,81.83000000,1731782.27000000,139290434.03173000
1787155200000,81.83000000,82.50000000,81.01000000,82.36000000,588122.86500000,48121430.45086000
1787169600000,82.37000000,87.21000000,82.28000000,85.38000000,1170643.43900000,99855580.62414000
1787184000000,85.39000000,85.79000000,84.01000000,84.48000000,590886.27200000,50222021.04119000
1787198400000,84.48000000,86.20000000,84.42000000,86.18000000,410160.85100000,35005738.65144000
1787212800000,86.17000000,88.10000000,86.04000000,87.21000000,929510.32000000,81288347.30443000
1787227200000,87.22000000,87.48000000,86.16000000,87.37000000,851523.00000000,73961629.06232000
1787241600000,87.37000000,87.93000000,86.68000000,87.31000000,605472.85700000,52881940.72448000
1787256000000,87.32000000,87.99000000,87.19000000,87.66000000,301857.12600000,26426787.01619000
1787270400000,87.65000000,90.20000000,87.57000000,89.10000000,1098603.36800000,97696595.11039000
1787284800000,89.11000000,91.33000000,88.88000000,90.41000000,890010.44100000,80275298.64002000
1787299200000,90.42000000,93.39000000,89.91000000,90.29000000,1534172.87800000,140333182.19731000
1787313600000,90.30000000,92.16000000,89.78000000,91.37000000,881233.55200000,80237017.57857000
1787328000000,91.37000000,92.06000000,90.75000000,90.96000000,528578.13700000,48346556.98893000
1787342400000,90.96000000,94.99000000,90.59000000,93.72000000,908070.73200000,84694218.42171000
1787356800000,93.72000000,97.59000000,92.86000000,96.79000000,1139992.44000000,108556776.33764000
1787371200000,96.80000000,102.74000000,87.72000000,94.46000000,3371889.56800000,322025016.14877000
1787385600000,94.46000000,95.01000000,91.34000000,93.30000000,1139977.83700000,106348591.63076000
1787400000000,93.29000000,94.35000000,92.82000000,93.07000000,572311.83800000,53585128.42959000
1787414400000,93.08000000,94.80000000,93.07000000,94.49000000,457431.32600000,43115060.51556000
1787428800000,94.49000000,94.78000000,92.58000000,93.82000000,413014.45700000,38685724.52756000
1787443200000,93.83000000,97.21000000,93.43000000,93.70000000,1077881.53100000,102800675.89394000
1787457600000,93.71000000,94.10000000,91.58000000,92.49000000,791554.19700000,73358283.14858000
1787472000000,92.48000000,94.82000000,92.31000000,94.63000000,452735.52900000,42399496.45061000
1787486400000,94.62000000,95.90000000,93.40000000,95.36000000,807624.31200000,76686796.78259000
1787500800000,95.37000000,95.72000000,94.82000000,95.07000000,254390.99400000,24236724.50948000
1787515200000,95.08000000,96.25000000,94.76000000,95.43000000,398670.24300000,38060982.04896000
1787529600000,95.44000000,95.56000000,93.47000000,93.66000000,620790.88300000,58632721.37929000
1787544000000,93.66000000,95.45000000,93.47000000,94.11000000,604818.88000000,57011645.94850000
1787558400000,94.11000000,96.33000000,93.26000000,95.84000000,617441.94000000,58569757.09813000
1787572800000,95.84000000,97.61000000,94.18000000,96.45000000,1249515.48600000,119893274.34999000
1787587200000,96.46000000,97.58000000,94.81000000,96.54000000,861925.81300000,82741910.33424000
1787601600000,96.54000000,98.99000000,95.75000000,98.97000000,651301.09900000,63543938.15549000
1787616000000,98.98000000,102.77000000,98.56000000,101.61000000,1818155.87300000,183831354.33008000
1787630400000,101.61000000,103.08000000,99.54000000,100.23000000,835950.28200000,84770390.02423000
1787644800000,100.24000000,101.13000000,98.49000000,98.60000000,666853.65200000,66504662.50222000
1787659200000,98.61000000,98.82000000,96.21000000,98.38000000,812096.49200000,79419746.67665000
1787673600000,98.38000000,98.83000000,97.45000000,97.94000000,402077.71000000,39482520.15279000
1787688000000,97.95000000,98.05000000,95.32000000,96.60000000,437798.42100000,42409771.67745000
1787702400000,96.60000000,97.56000000,96.17000000,97.06000000,314644.95800000,30484680.00770000
1787716800000,97.06000000,97.33000000,96.25000000,96.95000000,282231.16300000,27354750.48350000
1787731200000,96.95000000,97.88000000,95.78000000,97.03000000,336125.51100000,32571130.28178000
1787745600000,97.04000000,97.57000000,94.95000000,95.94000000,584364.24000000,56253498.60791000
1787760000000,95.93000000,97.25000000,95.47000000,96.80000000,336136.45900000,32466939.49456000
1787774400000,96.79000000,102.46000000,96.30000000,102.07000000,783420.84400000,78198058.80256000
1787788800000,102.08000000,102.14000000,100.52000000,101.08000000,531703.02000000,53862728.07426000
1787803200000,101.09000000,102.29000000,100.70000000,101.80000000,574513.11800000,58224846.49293000
1787817600000,101.81000000,105.79000000,101.73000000,103.95000000,1223700.09400000,127458034.58359000
1787832000000,103.95000000,108.00000000,103.93000000,107.20000000,1259978.49700000,133790126.17957000
1787846400000,107.20000000,109.92000000,106.69000000,109.39000000,993598.86000000,107675246.51663000
1787860800000,109.39000000,110.60000000,108.21000000,109.14000000,582498.00100000,63678117.58506000
1787875200000,109.15000000,110.00000000,105.86000000,106.85000000,679372.72000000,73525882.33590000
1787889600000,106.84000000,107.85000000,106.26000000,106.35000000,372100.06700000,39826277.40924000
1787904000000,106.35000000,107.05000000,104.53000000,105.84000000,556423.18900000,58981353.42793000
1787918400000,105.84000000,107.94000000,103.63000000,105.24000000,1418037.37700000,149465771.40382000
1787932800000,105.25000000,105.72000000,102.28000000,103.41000000,1166099.09400000,121502976.05205000
1787947200000,103.40000000,104.39000000,102.82000000,104.15000000,270025.99400000,28022399.78587000
1787961600000,104.14000000,104.59000000,103.66000000,103.87000000,242729.58500000,25265610.82931000
1787976000000,103.88000000,104.20000000,103.32000000,103.74000000,190715.91300000,19790904.19798000
1787990400000,103.73000000,103.73000000,103.03000000,103.50000000,167180.50300000,17289491.49365000
1788004800000,103.51000000,105.51000000,103.38000000,105.03000000,324607.15000000,33952587.00034000
1788019200000,105.03000000,105.88000000,104.37000000,105.35000000,351632.61800000,36972913.58494000
1788033600000,105.36000000,105.78000000,104.76000000,105.61000000,161626.72900000,17021170.23437000
1788048000000,105.61000000,105.71000000,104.96000000,105.07000000,174362.60500000,18357101.49991000
1788062400000,105.07000000,105.44000000,104.68000000,104.85000000,114643.70400000,12038709.30833000
1788076800000,104.84000000,105.32000000,104.47000000,105.12000000,180811.24400000,18961438.20844000
1788091200000,105.11000000,107.48000000,105.08000000,106.29000000,487166.68600000,51862984.60629000
1788105600000,106.29000000,107.15000000,105.26000000,105.82000000,443810.60700000,47195378.55031000
1788120000000,105.82000000,106.03000000,100.31000000,101.75000000,668691.64700000,69070069.22447000
1788134400000,101.75000000,102.62000000,101.12000000,101.94000000,371679.36900000,37842578.77519000
1788148800000,101.95000000,103.18000000,100.90000000,102.98000000,431439.65900000,44142137.10002000
1788163200000,102.99000000,104.17000000,102.46000000,103.40000000,346033.94600000,35742083.21720000
1788177600000,103.40000000,103.93000000,102.18000000,102.88000000,422918.84400000,43552167.42920000
1788192000000,102.88000000,105.00000000,102.45000000,103.61000000,388402.91400000,40236450.12935000
1788206400000,103.60000000,104.29000000,102.88000000,103.06000000,201397.32700000,20850512.82054000
1788220800000,103.06000000,104.20000000,102.74000000,103.66000000,249231.47900000,25756183.95671000
1788235200000,103.66000000,104.38000000,102.80000000,103.15000000,343077.01100000,35582961.25766000
1788249600000,103.15000000,103.22000000,101.80000000,102.29000000,464616.87200000,47520984.48606000
1788264000000,102.28000000,102.59000000,101.01000000,102.05000000,476786.28700000,48590395.82489000
1788278400000,102.05000000,102.07000000,98.33000000,100.08000000,655444.07700000,65645551.17493000
1788292800000,100.09000000,100.35000000,98.94000000,100.00000000,303518.61500000,30273638.18621000
1788307200000,100.01000000,100.71000000,98.52000000,100.29000000,375856.52500000,37467219.30960000
1788321600000,100.30000000,100.43000000,99.68000000,99.85000000,192855.29000000,19299151.86260000
1788336000000,99.85000000,100.02000000,97.38000000,98.12000000,424241.27200000,41754880.65356000
1788350400000,98.11000000,99.80000000,97.65000000,99.33000000,406002.85500000,40136667.72342000
1788364800000,99.33000000,99.81000000,98.21000000,99.43000000,312416.98400000,30976325.78485000
1788379200000,99.43000000,100.53000000,99.21000000,100.43000000,224921.24900000,22434352.89091000
1788393600000,100.44000000,101.34000000,99.23000000,100.51000000,395785.72900000,39749323.83843000
1788408000000,100.52000000,101.39000000,99.72000000,100.41000000,340798.47600000,34304831.40902000
1788422400000,100.41000000,101.13000000,99.93000000,100.81000000,271246.77700000,27265966.43588000
1788436800000,100.80000000,105.66000000,100.63000000,105.17000000,989808.86600000,102224355.26138000
1788451200000,105.17000000,105.91000000,103.85000000,105.28000000,490528.35200000,51404448.92755000
1788465600000,105.29000000,105.72000000,103.66000000,103.94000000,367504.86000000,38478480.27016000
1788480000000,103.95000000,104.33000000,103.24000000,103.72000000,319086.90300000,33098613.23701000
1788494400000,103.72000000,104.37000000,103.34000000,103.60000000,291105.73200000,30210697.69690000
1788508800000,103.61000000,104.79000000,103.21000000,104.09000000,412636.20500000,42942691.33992000
1788523200000,104.09000000,104.45000000,100.21000000,101.46000000,901447.28600000,91595747.01458000
1788537600000,101.45000000,102.09000000,101.08000000,101.69000000,192918.97600000,19609264.26382000
1788552000000,101.70000000,101.98000000,101.47000000,101.93000000,129627.40100000,13190044.79571000
1788566400000,101.93000000,102.20000000,101.70000000,101.89000000,168409.67900000,17160908.73132000
1788580800000,101.89000000,102.62000000,101.60000000,102.23000000,193576.04300000,19752545.81239000
1788595200000,102.22000000,102.82000000,102.11000000,102.35000000,181302.71500000,18575789.27716000
1788609600000,102.34000000,103.43000000,102.29000000,102.95000000,408571.74600000,42030659.43333000
1788624000000,102.95000000,104.37000000,102.79000000,103.41000000,419130.90700000,43423558.17879000
1788638400000,103.40000000,103.99000000,102.94000000,103.18000000,196784.41400000,20352728.79858000
1788652800000,103.18000000,107.07000000,103.17000000,105.95000000,491902.66400000,51656279.83695000
1788667200000,105.95000000,106.83000000,104.69000000,105.23000000,439377.38300000,46451439.59563000
1788681600000,105.24000000,107.30000000,105.00000000,106.47000000,561695.03000000,59736140.97069000
1788696000000,106.46000000,107.36000000,104.93000000,105.76000000,626241.30600000,66538784.97211000
1788710400000,105.75000000,106.59000000,105.36000000,105.48000000,281303.90500000,29817677.17672000
1788724800000,105.49000000,106.77000000,104.97000000,106.55000000,291730.63200000,30913154.62260000
1788739200000,106.55000000,107.06000000,104.93000000,104.95000000,461704.71000000,48836078.14933000
1788753600000,104.95000000,105.83000000,103.80000000,104.48000000,469977.72700000,49334145.53612000
1788768000000,104.48000000,105.18000000,104.41000000,104.92000000,311000.46700000,32607282.01062000
1788782400000,104.93000000,105.93000000,102.96000000,103.26000000,486694.67600000,50875660.52638000
1788796800000,103.27000000,104.43000000,103.21000000,104.35000000,221729.45100000,23036531.88624000
1788811200000,104.36000000,104.41000000,103.18000000,103.80000000,245214.80600000,25463361.60306000
1788825600000,103.81000000,104.53000000,102.74000000,103.36000000,347207.03000000,36003344.47518000
1788840000000,103.36000000,103.51000000,102.44000000,102.95000000,360113.57700000,37082323.14322000
1788854400000,102.95000000,104.09000000,102.49000000,102.87000000,299435.94500000,30909725.73678000
1788868800000,102.88000000,104.39000000,101.72000000,104.31000000,421421.64100000,43395055.61294000
1788883200000,104.30000000,104.83000000,102.89000000,103.24000000,353700.41600000,36729250.62423000
1788897600000,103.24000000,103.80000000,102.82000000,103.37000000,174506.37100000,18024752.63542000
1788912000000,103.37000000,104.02000000,102.92000000,103.30000000,224724.88200000,23268665.80168000
1788926400000,103.31000000,105.20000000,103.30000000,104.58000000,329647.27700000,34397654.76074000
1788940800000,104.58000000,105.05000000,103.30000000,104.25000000,311787.15800000,32430551.57755000
1788955200000,104.25000000,104.83000000,102.07000000,103.08000000,564169.71800000,58429851.50112000
1788969600000,103.08000000,103.83000000,102.16000000,102.35000000,266830.06900000,27541084.66456000
1788984000000,102.34000000,102.68000000,100.33000000,101.57000000,455280.58200000,46320304.68899000
1788998400000,101.57000000,102.07000000,100.50000000,101.83000000,293067.20000000,29714565.46728000
1789012800000,101.83000000,102.19000000,100.83000000,101.31000000,226036.31700000,22970815.75736000
1789027200000,101.30000000,101.54000000,100.81000000,101.01000000,316489.44800000,32029703.78126000
1789041600000,101.00000000,101.49000000,98.50000000,99.74000000,727520.16000000,72560385.25650000
1789056000000,99.74000000,100.46000000,98.84000000,99.69000000,288044.96500000,28714438.28232000
1789070400000,99.69000000,100.15000000,98.60000000,98.67000000,166750.74300000,16582006.91134000
1789084800000,98.67000000,99.53000000,98.60000000,99.31000000,271970.42000000,26967349.87751000
1789099200000,99.32000000,100.13000000,99.24000000,99.75000000,231183.16100000,23059021.99271000
1789113600000,99.75000000,100.29000000,98.60000000,99.49000000,271522.12000000,26991332.03466000
1789128000000,99.49000000,105.80000000,98.00000000,101.61000000,1589189.44300000,162750768.97933000
1789142400000,101.60000000,102.48000000,100.38000000,102.02000000,506361.36400000,51440015.26359000
1789156800000,102.02000000,103.10000000,101.54000000,102.46000000,378168.61900000,38686650.17628000
1789171200000,102.45000000,102.59000000,101.44000000,101.64000000,218995.87500000,22327118.86647000
1789185600000,101.65000000,101.94000000,101.41000000,101.66000000,161134.89500000,16383544.78042000
1789200000000,101.66000000,102.26000000,101.56000000,102.13000000,185494.78500000,18912512.90844000
1789214400000,102.14000000,102.42000000,101.77000000,102.06000000,227518.01400000,23219436.02822000
1789228800000,102.06000000,102.16000000,101.23000000,101.27000000,157728.26300000,16052593.51029000
1789243200000,101.28000000,101.90000000,101.25000000,101.76000000,147780.06200000,15010105.99784000
1789257600000,101.77000000,102.34000000,101.55000000,101.63000000,192757.02400000,19646416.14855000
1789272000000,101.63000000,101.93000000,100.67000000,100.72000000,174766.09300000,17711524.24472000
1789286400000,100.72000000,100.87000000,99.42000000,99.83000000,288401.11600000,28828638.88629000
1789300800000,99.83000000,100.89000000,99.43000000,100.26000000,205789.58500000,20613196.62015000
1789315200000,100.26000000,101.33000000,100.25000000,100.97000000,191698.29500000,19351546.87200000
1789329600000,100.97000000,101.62000000,99.19000000,99.30000000,328590.29100000,32957746.29923000
1789344000000,99.31000000,101.34000000,99.00000000,100.98000000,291019.68100000,29186630.23127000
1789358400000,100.99000000,102.00000000,100.88000000,101.61000000,238297.48700000,24162396.53227000
1789372800000,101.61000000,102.34000000,101.24000000,101.38000000,330009.72400000,33555794.68476000
1789387200000,101.38000000,102.28000000,100.67000000,101.97000000,446756.05100000,45398111.70556000
1789401600000,101.96000000,103.85000000,101.86000000,103.25000000,464992.73900000,47906603.75628000
1789416000000,103.26000000,104.82000000,102.43000000,102.53000000,431602.81400000,44771864.07148000
1789430400000,102.54000000,102.86000000,101.19000000,101.55000000,256317.01200000,26179373.95511000
1789444800000,101.55000000,101.72000000,100.35000000,100.44000000,320631.85800000,32394744.38406000
1789459200000,100.44000000,101.11000000,100.08000000,100.86000000,311157.20000000,31318458.04859000
1789473600000,100.86000000,101.39000000,98.02000000,99.36000000,684635.05900000,68355240.46109000
1789488000000,99.37000000,100.71000000,95.82000000,97.90000000,842099.31600000,82759518.31564000
1789502400000,97.90000000,98.09000000,96.31000000,96.88000000,408665.85700000,39667422.68248000
1789516800000,96.88000000,97.60000000,96.38000000,97.25000000,308760.73900000,29971078.91532000
1789531200000,97.26000000,97.73000000,96.87000000,96.98000000,265163.91800000,25786996.45638000
1789545600000,96.97000000,98.32000000,96.41000000,98.02000000,312145.76300000,30353724.67247000
1789560000000,98.02000000,98.12000000,96.65000000,97.10000000,390487.47800000,37967977.07168000
1789574400000,97.11000000,98.94000000,96.09000000,98.08000000,761166.86600000,74348073.22566000
1789588800000,98.08000000,98.90000000,97.38000000,98.66000000,304548.63000000,29933815.61432000
1789603200000,98.66000000,100.04000000,98.47000000,99.95000000,307210.37000000,30514852.85279000
1789617600000,99.96000000,100.36000000,99.11000000,100.03000000,285458.56400000,28480788.19025000
1789632000000,100.03000000,100.89000000,99.53000000,100.13000000,314006.60400000,31443714.75824000
1789646400000,100.13000000,101.80000000,99.66000000,101.29000000,580804.54000000,58565318.51799000
1789660800000,101.28000000,102.05000000,100.69000000,100.96000000,352620.03700000,35742212.54162000
1789675200000,100.97000000,101.76000000,100.77000000,101.64000000,299051.99100000,30297890.35347000
1789689600000,101.63000000,105.09000000,100.90000000,104.59000000,654525.17400000,67444633.53250000
1789704000000,104.60000000,106.12000000,104.42000000,105.78000000,759333.14600000,80108126.74666000
1789718400000,105.78000000,106.67000000,105.29000000,105.74000000,559667.97300000,59342169.04901000
1789732800000,105.74000000,111.59000000,105.36000000,111.15000000,1494898.99500000,162980676.75970000
1789747200000,111.15000000,114.32000000,111.01000000,114.23000000,794020.99700000,89267695.89062000
1789761600000,114.22000000,114.23000000,112.51000000,112.72000000,448547.88300000,50824256.98383000
1789776000000,112.72000000,114.09000000,112.33000000,113.25000000,345881.92500000,39211768.93220000
1789790400000,113.24000000,113.44000000,111.18000000,111.61000000,335426.85300000,37630058.96887000
1789804800000,111.61000000,112.50000000,111.47000000,111.90000000,257755.18400000,28866411.85703000
1789819200000,111.89000000,112.21000000,111.29000000,111.64000000,365308.65800000,40829311.12392000
1789833600000,111.65000000,112.46000000,110.68000000,111.18000000,409113.44700000,45583315.20544000
1789848000000,111.17000000,111.37000000,110.08000000,111.06000000,296072.51500000,32781000.05899000
1789862400000,111.06000000,111.17000000,107.40000000,108.89000000,502795.54800000,54853564.84415000
1789876800000,108.90000000,109.26000000,108.10000000,108.47000000,268519.56600000,29197383.15511000
1789891200000,108.47000000,108.85000000,107.71000000,108.48000000,276670.67000000,29954965.25564000
1789905600000,108.48000000,108.86000000,107.94000000,108.82000000,352219.11700000,38163281.85773000
1789920000000,108.81000000,110.85000000,108.51000000,110.45000000,651101.40800000,71507617.05163000
1789934400000,110.45000000,111.46000000,109.01000000,111.17000000,374532.91500000,41333588.07684000
