open_time,open,high,low,close,volume,quote_volume
1704067200000,3.63300000,3.77700000,3.54600000,3.57100000,1397047.50000000,5120270.29620000
1704081600000,3.57000000,3.61800000,3.52200000,3.58000000,1051350.00000000,3752403.71750000
1704096000000,3.57900000,3.58700000,3.52900000,3.55900000,782428.40000000,2785737.34160000
1704110400000,3.55900000,3.57400000,3.48200000,3.53700000,1151287.10000000,4063466.84750000
1704124800000,3.53600000,3.59900000,3.49000000,3.59600000,930866.00000000,3298360.60430000
1704139200000,3.59600000,3.63800000,3.55500000,3.61500000,1328237.50000000,4783576.40380000
1704153600000,3.61600000,3.78700000,3.58200000,3.77700000,2502633.50000000,9211900.36020000
1704168000000,3.77800000,3.83000000,3.71900000,3.80500000,1562813.90000000,5901029.48800000
1704182400000,3.80500000,3.92000000,3.70600000,3.73600000,2934129.00000000,11157074.17950000
1704196800000,3.73700000,3.85400000,3.55500000,3.59900000,3456834.80000000,12728933.18370000
1704211200000,3.59900000,3.65700000,3.55000000,3.56600000,1559479.90000000,5606788.70860000
1704225600000,3.56600000,3.59500000,3.51000000,3.57500000,1330207.50000000,4731402.22080000
1704240000000,3.57500000,3.77900000,3.57400000,3.71800000,2194073.70000000,8097416.97980000
1704254400000,3.71900000,3.85400000,3.70800000,3.72700000,2175316.80000000,8245497.13510000
1704268800000,3.72700000,3.85700000,3.59600000,3.62500000,2463417.50000000,9199438.82770000
1704283200000,3.62600000,3.63000000,2.50300000,3.13900000,11928214.50000000,37416920.99470000
1704297600000,3.14000000,3.18000000,3.00000000,3.05200000,2930809.20000000,9088125.38540000
1704312000000,3.05200000,3.17500000,3.01800000,3.07900000,1895078.80000000,5859933.33930000
1704326400000,3.07900000,3.16700000,2.98700000,3.12300000,2776995.70000000,8548788.30100000
1704340800000,3.12300000,3.16100000,3.05000000,3.07000000,1637399.70000000,5096726.13240000
1704355200000,3.07000000,3.19100000,3.04000000,3.11200000,3406946.90000000,10601409.22200000
1704369600000,3.11100000,3.23900000,3.09600000,3.19400000,2411703.30000000,7621134.48680000
1704384000000,3.19300000,3.21600000,3.14800000,3.17700000,1045903.70000000,3326562.58270000
1704398400000,3.17800000,3.24900000,3.17400000,3.20200000,864010.70000000,2769792.10710000
1704412800000,3.20300000,3.24200000,2.99200000,3.06700000,2328460.30000000,7251762.18180000
1704427200000,3.06700000,3.11600000,3.02900000,3.07600000,1033075.20000000,3181636.37420000
1704441600000,3.07600000,3.11800000,2.94600000,3.04500000,1210865.10000000,3702545.88500000
1704456000000,3.04400000,3.06800000,2.89000000,2.96300000,1742998.00000000,5219373.32400000
1704470400000,2.96300000,2.99600000,2.86800000,2.91900000,1733877.70000000,5070443.72250000
1704484800000,2.92000000,2.98200000,2.85600000,2.98200000,884776.40000000,2575144.88480000
1704499200000,2.98200000,2.98400000,2.85800000,2.87200000,1183777.70000000,3429308.29210000
1704513600000,2.87000000,2.88300000,2.63600000,2.77000000,3257775.90000000,8993789.32550000
1704528000000,2.76900000,2.80300000,2.74000000,2.78200000,1371470.60000000,3806549.98240000
1704542400000,2.78200000,2.83400000,2.74500000,2.81000000,1020096.20000000,2846604.01560000
1704556800000,2.80900000,2.85300000,2.76600000,2.79100000,996072.80000000,2808037.81370000
1704571200000,2.79200000,2.81200000,2.72500000,2.77800000,637764.10000000,1768471.70970000
1704585600000,2.77700000,2.83500000,2.76000000,2.79900000,1257878.60000000,3519545.51740000
1704600000000,2.79900000,2.85200000,2.79000000,2.80700000,727808.40000000,2047427.80420000
1704614400000,2.80700000,2.83500000,2.72000000,2.74000000,1153069.30000000,3193835.25940000
1704628800000,2.73900000,2.79700000,2.70100000,2.72900000,1231311.90000000,3376609.44880000
1704643200000,2.72800000,2.75900000,2.66000000,2.75300000,746837.80000000,2028579.13660000
1704657600000,2.75300000,2.77100000,2.59000000,2.63000000,1037965.50000000,2754799.93770000
1704672000000,2.63100000,2.65800000,2.40300000,2.49200000,4236359.00000000,10661818.86540000
1704686400000,2.49300000,2.62100000,2.47400000,2.58100000,1892261.20000000,4838172.54150000
1704700800000,2.58100000,2.63500000,2.54600000,2.62600000,1289848.60000000,3343687.60560000
1704715200000,2.62700000,2.76600000,2.62700000,2.75400000,2681744.70000000,7208049.57050000
1704729600000,2.75500000,2.87700000,2.70700000,2.85200000,1984981.00000000,5536457.14330000
1704744000000,2.85300000,2.85900000,2.79200000,2.81500000,1334258.60000000,3759243.84430000
1704758400000,2.81600000,2.83600000,2.73900000,2.74900000,886955.40000000,2458911.40120000
1704772800000,2.74900000,2.79400000,2.72200000,2.76600000,766280.90000000,2116829.42950000
1704787200000,2.76500000,2.77000000,2.65600000,2.69500000,891955.90000000,2415376.33150000
1704801600000,2.69300000,2.70500000,2.53000000,2.61900000,1769040.20000000,4654192.73080000
1704816000000,2.61900000,2.62300000,2.48000000,2.52500000,2145872.70000000,5450954.36930000
1704830400000,2.52500000,2.53100000,2.37100000,2.50300000,6813334.90000000,16530750.92920000
1704844800000,2.50300000,2.56800000,2.47600000,2.55900000,1599415.00000000,4019962.32780000
1704859200000,2.56000000,2.60700000,2.51500000,2.52100000,906405.40000000,2323754.35780000
1704873600000,2.52100000,2.58900000,2.47500000,2.52300000,1583747.80000000,4005519.65070000
1704888000000,2.52200000,2.52500000,2.39800000,2.47500000,2380034.40000000,5826734.17340000
1704902400000,2.47400000,2.57300000,2.45300000,2.55900000,2005976.80000000,5045894.78290000
1704916800000,2.55800000,2.83000000,2.47500000,2.75000000,3853122.20000000,10312145.20600000
1704931200000,2.75100000,2.79500000,2.70200000,2.76200000,2019481.00000000,5533012.30290000
1704945600000,2.76200000,2.82100000,2.70700000,2.79200000,1741285.30000000,4802810.23740000
1704960000000,2.79200000,2.90400000,2.78300000,2.88000000,2314409.30000000,6624446.71640000
1704974400000,2.87800000,2.94200000,2.69100000,2.73600000,3654377.10000000,10359715.25460000
1704988800000,2.73600000,2.76300000,2.58000000,2.74200000,1877128.20000000,5062178.29680000
1705003200000,2.74300000,2.79400000,2.70600000,2.77500000,1400404.60000000,3851652.18260000
1705017600000,2.77500000,2.81200000,2.68200000,2.77700000,1162383.00000000,3199252.28840000
1705032000000,2.77600000,2.90000000,2.77000000,2.81900000,3273025.00000000,9335218.96790000
1705046400000,2.82000000,2.89900000,2.74900000,2.86900000,1730188.80000000,4909049.54910000
1705060800000,2.86800000,3.18800000,2.86500000,2.97500000,6825062.60000000,20765277.17750000
1705075200000,2.97400000,3.11000000,2.84100000,2.92100000,4097332.30000000,12193673.27390000
1705089600000,2.92100000,2.98000000,2.70600000,2.84600000,2220232.80000000,6300236.39390000
1705104000000,2.84800000,2.85800000,2.70000000,2.81200000,1778254.20000000,4943982.32600000
1705118400000,2.81300000,2.93700000,2.80200000,2.85400000,1310093.60000000,3752862.85790000
1705132800000,2.85200000,2.90600000,2.81800000,2.85100000,1382434.50000000,3950805.17580000
1705147200000,2.85100000,2.86900000,2.80200000,2.84000000,1017901.00000000,2884531.75260000
1705161600000,2.84000000,2.87400000,2.78800000,2.86400000,836050.20000000,2366558.49230000
1705176000000,2.86400000,2.91900000,2.82200000,2.86700000,1162843.20000000,3328484.32810000
1705190400000,2.86700000,2.88400000,2.80000000,2.85900000,770954.10000000,2187166.47340000
1705204800000,2.85800000,2.92500000,2.81100000,2.88000000,797259.40000000,2293832.56480000
1705219200000,2.88000000,2.89800000,2.82000000,2.83300000,634662.90000000,1812809.41690000
1705233600000,2.83300000,2.84400000,2.80000000,2.82000000,808423.80000000,2278989.95790000
1705248000000,2.82000000,2.84000000,2.73100000,2.73700000,933160.20000000,2593756.35550000
1705262400000,2.73700000,2.77200000,2.65700000,2.66300000,1516724.20000000,4109976.40220000
1705276800000,2.66200000,2.74300000,2.65900000,2.71800000,911883.00000000,2467873.87410000
1705291200000,2.71800000,2.78100000,2.70500000,2.73800000,1119208.10000000,3070022.35580000
1705305600000,2.73900000,2.80000000,2.73300000,2.77500000,751364.30000000,2081683.56680000
1705320000000,2.77400000,2.79700000,2.71800000,2.73300000,1617588.20000000,4468741.83360000
1705334400000,2.73200000,2.83900000,2.72900000,2.79500000,1253838.60000000,3499472.94900000
1705348800000,2.79500000,2.81700000,2.73600000,2.76500000,549676.00000000,1525827.36280000
1705363200000,2.76500000,2.85700000,2.76500000,2.84200000,953863.70000000,2691313.84240000
1705377600000,2.84200000,2.84700000,2.76400000,2.77400000,1163541.30000000,3257224.82200000
1705392000000,2.77300000,2.81300000,2.73700000,2.74600000,776807.20000000,2152932.49080000
1705406400000,2.74700000,2.78900000,2.68700000,2.77800000,1246608.20000000,3413923.60050000
1705420800000,2.77800000,2.78800000,2.72400000,2.74400000,905028.90000000,2488055.74960000
1705435200000,2.74500000,2.78200000,2.73700000,2.75100000,727014.40000000,2006458.37290000
1705449600000,2.75100000,2.77100000,2.73200000,2.73300000,476148.00000000,1311146.80230000
1705464000000,2.73400000,2.75300000,2.68600000,2.68900000,802093.00000000,2178858.63820000
1705478400000,2.69000000,2.75200000,2.67300000,2.74800000,683287.10000000,1856690.22800000
1705492800000,2.74800000,2.77800000,2.71200000,2.73000000,1114524.20000000,3063076.01410000
1705507200000,2.73200000,2.75100000,2.68300000,2.72400000,741784.50000000,2020353.00080000
1705521600000,2.72400000,2.74800000,2.68500000,2.71700000,568076.20000000,1544368.53240000
1705536000000,2.71700000,2.73600000,2.67000000,2.68100000,525409.40000000,1417288.96660000
1705550400000,2.68200000,2.76000000,2.68000000,2.74900000,665075.40000000,1814871.68630000
1705564800000,2.74900000,2.77200000,2.70300000,2.72000000,1009824.20000000,2765077.61370000
1705579200000,2.72000000,2.75300000,2.63700000,2.73300000,1216166.70000000,3286421.68990000
1705593600000,2.73300000,2.73800000,2.52500000,2.55100000,1809410.80000000,4728899.56960000
1705608000000,2.54900000,2.59300000,2.53800000,2.57100000,994049.20000000,2551398.23640000
1705622400000,2.57100000,2.58000000,2.45600000,2.51500000,1361852.80000000,3429426.02100000
1705636800000,2.51600000,2.58600000,2.51000000,2.53300000,1166353.50000000,2967970.09490000
1705651200000,2.53300000,2.58400000,2.52400000,2.57400000,624201.50000000,1596866.09320000
1705665600000,2.57300000,2.58100000,2.49900000,2.50400000,1018320.10000000,2588367.79270000
1705680000000,2.50600000,2.51300000,2.34200000,2.50800000,2765584.70000000,6680175.16740000
1705694400000,2.50800000,2.53800000,2.49100000,2.51500000,738156.20000000,1854719.86690000
1705708800000,2.51500000,2.55500000,2.48800000,2.53100000,646211.90000000,1632856.35870000
1705723200000,2.53200000,2.53800000,2.50400000,2.51300000,425025.00000000,1071919.22660000
1705737600000,2.51400000,2.52100000,2.44600000,2.47900000,571040.30000000,1415686.60410000
1705752000000,2.47900000,2.48900000,2.44000000,2.46700000,700395.40000000,1728024.28580000
1705766400000,2.46700000,2.48800000,2.44800000,2.47800000,530022.50000000,1307636.37320000
1705780800000,2.47800000,2.51600000,2.47100000,2.49800000,445232.10000000,1112981.89630000
1705795200000,2.49900000,2.56100000,2.47100000,2.54500000,638961.20000000,1606459.53780000
1705809600000,2.54500000,2.55500000,2.49800000,2.53200000,530682.90000000,1339578.16830000
1705824000000,2.53100000,2.57300000,2.52500000,2.55500000,596577.00000000,1520130.23690000
1705838400000,2.55400000,2.67400000,2.54300000,2.56300000,2637036.50000000,6890790.98280000
1705852800000,2.56300000,2.60000000,2.53500000,2.56000000,773881.70000000,1990706.08930000
1705867200000,2.56100000,2.56200000,2.49500000,2.50300000,502194.20000000,1267487.33460000
1705881600000,2.50300000,2.52100000,2.42400000,2.43400000,1020980.40000000,2509602.20330000
1705896000000,2.43500000,2.46800000,2.40100000,2.44300000,552320.70000000,1346657.97290000
1705910400000,2.44300000,2.44300000,2.33600000,2.38400000,1622128.80000000,3869296.97810000
1705924800000,2.38300000,2.42000000,2.32000000,2.36400000,1788789.30000000,4228809.64840000
1705939200000,2.36500000,2.38200000,2.26000000,2.29400000,1429297.10000000,3323662.09260000
1705953600000,2.29400000,2.35500000,2.25000000,2.26000000,1858239.20000000,4270110.97540000
1705968000000,2.26100000,2.32800000,2.22900000,2.31500000,821018.90000000,1869987.51780000
1705982400000,2.31400000,2.33900000,2.24600000,2.25900000,704037.90000000,1618850.16670000
1705996800000,2.25900000,2.27400000,2.07100000,2.17100000,3714857.80000000,8033390.50040000
1706011200000,2.17100000,2.19600000,2.10900000,2.17800000,1842506.00000000,3967965.24070000
1706025600000,2.17800000,2.20600000,2.14000000,2.15800000,881717.30000000,1917490.18750000
1706040000000,2.15900000,2.24800000,2.14500000,2.24500000,539417.50000000,1186272.72920000
1706054400000,2.24600000,2.26900000,2.21000000,2.21300000,1076071.40000000,2408245.17640000
1706068800000,2.21400000,2.26800000,2.20900000,2.24600000,482508.00000000,1077942.86150000
1706083200000,2.24800000,2.28900000,2.23400000,2.24000000,778303.00000000,1755456.49600000
1706097600000,2.24000000,2.26500000,2.20300000,2.24400000,777374.70000000,1734116.24990000
1706112000000,2.24400000,2.26400000,2.20700000,2.22600000,607550.90000000,1359979.76260000
1706126400000,2.22600000,2.29500000,2.21000000,2.29300000,591218.40000000,1331440.86690000
1706140800000,2.29300000,2.30500000,2.25600000,2.27400000,728593.20000000,1665219.11310000
1706155200000,2.27600000,2.37200000,2.22600000,2.34200000,2626502.70000000,6094540.49800000
1706169600000,2.34100000,2.35100000,2.26200000,2.29300000,1565965.40000000,3607706.80070000
1706184000000,2.29300000,2.30300000,2.22500000,2.23200000,1184125.40000000,2669392.42940000
1706198400000,2.23000000,2.29100000,2.21100000,2.27100000,489239.70000000,1101253.08700000
1706212800000,2.27200000,2.28000000,2.23500000,2.24300000,498143.20000000,1123700.55560000
1706227200000,2.24300000,2.28400000,2.21600000,2.27300000,575634.40000000,1294136.26210000
1706241600000,2.27400000,2.29100000,2.24000000,2.25100000,563090.40000000,1278796.94350000
1706256000000,2.25100000,2.35400000,2.25000000,2.34700000,1010058.10000000,2337461.16870000
1706270400000,2.34700000,2.37900000,2.33300000,2.35600000,1368724.40000000,3225136.83340000
1706284800000,2.35700000,2.38800000,2.35500000,2.37600000,1169561.90000000,2774713.06380000
1706299200000,2.37600000,2.38700000,2.33900000,2.35600000,422255.10000000,995586.92380000
1706313600000,2.35700000,2.44700000,2.34800000,2.43900000,1022027.90000000,2452069.68070000
1706328000000,2.43900000,2.44100000,2.35700000,2.37300000,733982.90000000,1759301.26490000
1706342400000,2.37300000,2.40500000,2.35500000,2.38300000,652254.70000000,1554638.76930000
1706356800000,2.38300000,2.41100000,2.37600000,2.40300000,636484.70000000,1522886.64310000
1706371200000,2.40300000,2.45500000,2.36900000,2.44700000,1326956.30000000,3207631.19020000
1706385600000,2.44700000,2.45200000,2.40900000,2.41900000,494850.50000000,1200903.87430000
1706400000000,2.41900000,2.44500000,2.40200000,2.44400000,438481.00000000,1061022.20700000
1706414400000,2.44500000,2.45500000,2.39000000,2.39400000,783588.20000000,1901223.31670000
1706428800000,2.39500000,2.41300000,2.36000000,2.37500000,1219626.80000000,2903239.25070000
1706443200000,2.37500000,2.37900000,2.30000000,2.31900000,1329313.40000000,3104735.69860000
1706457600000,2.31700000,2.33600000,2.26800000,2.27900000,760292.00000000,1750495.51480000
1706472000000,2.28000000,2.30300000,2.26000000,2.27800000,613036.10000000,1397835.48900000
1706486400000,2.27800000,2.34400000,2.26600000,2.32100000,610374.10000000,1413006.35530000
1706500800000,2.32100000,2.33100000,2.29500000,2.30400000,537777.10000000,1244145.91730000
1706515200000,2.30400000,2.34800000,2.30100000,2.33200000,446616.90000000,1040325.52470000
1706529600000,2.33300000,2.34900000,2.27800000,2.34500000,895290.50000000,2069681.88460000
1706544000000,2.34500000,2.39700000,2.32400000,2.37300000,1069075.20000000,2535865.04470000
1706558400000,2.37300000,2.40000000,2.36900000,2.37700000,537035.00000000,1278915.04120000
1706572800000,2.37700000,2.42300000,2.35200000,2.37600000,861681.00000000,2060967.94870000
1706587200000,2.37600000,2.38800000,2.34000000,2.35200000,1011364.40000000,2394262.07410000
1706601600000,2.35200000,2.76100000,2.34700000,2.67700000,9833862.30000000,25869876.94740000
1706616000000,2.67600000,2.72900000,2.52400000,2.53600000,11646622.60000000,30696399.68760000
1706630400000,2.53600000,2.60700000,2.52100000,2.55600000,2739191.30000000,7027859.64410000
1706644800000,2.55600000,2.58400000,2.45200000,2.47400000,2052174.10000000,5160687.15120000
1706659200000,2.47400000,2.48500000,2.40100000,2.43700000,2301803.90000000,5594989.73430000
1706673600000,2.43700000,2.51500000,2.41200000,2.50700000,2045683.20000000,5035478.44420000
1706688000000,2.50700000,2.53400000,2.31300000,2.34100000,4573154.60000000,10969745.97570000
1706702400000,2.33900000,2.37000000,2.27700000,2.33900000,3008208.60000000,7024605.03600000
1706716800000,2.33800000,2.39000000,2.32600000,2.36600000,1579572.10000000,3716523.53950000
1706731200000,2.36700000,2.36900000,2.26400000,2.29600000,1079625.80000000,2491765.29300000
1706745600000,2.29600000,2.31000000,2.22400000,2.25700000,1362402.70000000,3082392.06830000
1706760000000,2.25600000,2.27900000,2.22600000,2.26300000,1193578.80000000,2689573.43980000
1706774400000,2.26100000,2.30600000,2.25700000,2.26100000,951442.20000000,2167428.72870000
1706788800000,2.26200000,2.30700000,2.25200000,2.27700000,933421.40000000,2130053.37280000
1706803200000,2.27700000,2.29900000,2.24100000,2.27600000,703881.90000000,1599545.54040000
1706817600000,2.27600000,2.29800000,2.26500000,2.27800000,695521.70000000,1585698.18000000
1706832000000,2.27800000,2.31400000,2.27400000,2.30300000,500081.40000000,1150966.97290000
1706846400000,2.30300000,2.35200000,2.28600000,2.33600000,831688.80000000,1928189.68830000
1706860800000,2.33500000,2.34000000,2.29700000,2.32100000,675252.90000000,1564746.70190000
1706875200000,2.32100000,2.36100000,2.27600000,2.35400000,1342775.30000000,3113552.43190000
1706889600000,2.35300000,2.37400000,2.32700000,2.34100000,887069.90000000,2085832.58910000
1706904000000,2.34200000,2.37800000,2.33400000,2.35700000,390690.30000000,920280.16670000
1706918400000,2.35900000,2.41000000,2.35000000,2.39500000,807413.50000000,1924458.64750000
1706932800000,2.39300000,2.40800000,2.33400000,2.34900000,770848.10000000,1829722.69630000
1706947200000,2.35000000,2.36200000,2.29400000,2.30100000,1430617.10000000,3316177.37640000
1706961600000,2.30100000,2.32100000,2.27900000,2.31100000,533110.20000000,1229602.40670000
1706976000000,2.31200000,2.34300000,2.31100000,2.33100000,415802.10000000,967655.01160000
1706990400000,2.33100000,2.33800000,2.30700000,2.31000000,420809.40000000,977152.61320000
1707004800000,2.31000000,2.31300000,2.26300000,2.28600000,597977.30000000,1368209.21850000
1707019200000,2.28600000,2.28700000,2.22800000,2.24000000,824929.10000000,1859202.65600000
1707033600000,2.24000000,2.25700000,2.20700000,2.25000000,722919.80000000,1616361.65390000
1707048000000,2.24900000,2.26500000,2.22800000,2.23600000,843285.60000000,1897855.24540000
1707062400000,2.23600000,2.25300000,2.20000000,2.22200000,670941.70000000,1493575.87810000
1707076800000,2.22200000,2.24500000,2.16700000,2.18300000,773103.60000000,1704531.32020000
1707091200000,2.18200000,2.21200000,2.15200000,2.21000000,798003.30000000,1743224.09560000
1707105600000,2.21000000,2.23600000,2.19800000,2.22800000,403530.90000000,893128.60700000
1707120000000,2.22700000,2.23200000,2.20000000,2.21400000,518546.00000000,1149032.05180000
1707134400000,2.21400000,2.28200000,2.18200000,2.18900000,1205582.50000000,2679121.63860000
1707148800000,2.18900000,2.22600000,2.16500000,2.21200000,590346.70000000,1296934.42070000
1707163200000,2.21200000,2.22700000,2.18500000,2.22200000,246108.40000000,543429.37460000
1707177600000,2.22200000,2.25000000,2.21000000,2.23500000,353784.80000000,789004.81680000
1707192000000,2.23500000,2.24400000,2.21600000,2.23400000,253285.80000000,564884.00460000
1707206400000,2.23400000,2.24600000,2.19600000,2.21000000,437299.80000000,970806.55650000
1707220800000,2.20800000,2.24600000,2.17600000,2.23500000,1184413.10000000,2625309.75430000
1707235200000,2.23400000,2.24200000,2.21600000,2.24100000,340117.40000000,758523.92990000
1707249600000,2.24000000,2.25100000,2.21400000,2.21900000,353045.70000000,787689.84970000
1707264000000,2.21900000,2.25200000,2.21300000,2.22800000,342302.80000000,763683.99170000
1707278400000,2.22900000,2.25000000,2.20200000,2.23400000,385799.90000000,859956.87720000
1707292800000,2.23500000,2.29400000,2.23000000,2.27100000,747324.50000000,1692136.22460000
1707307200000,2.27100000,2.33300000,2.26800000,2.32300000,966640.10000000,2220436.50440000
1707321600000,2.32200000,2.37500000,2.31600000,2.34600000,961678.10000000,2259370.50930000
1707336000000,2.34600000,2.38000000,2.34300000,2.35500000,717222.00000000,1691595.50300000
1707350400000,2.35500000,2.39400000,2.34600000,2.35200000,733708.80000000,1740017.87280000
1707364800000,2.35300000,2.37100000,2.34400000,2.34900000,487673.80000000,1149662.00450000
1707379200000,2.34900000,2.37500000,2.34800000,2.36800000,480655.40000000,1134543.47530000
1707393600000,2.36800000,2.42200000,2.33000000,2.39800000,869044.90000000,2067687.07010000
1707408000000,2.39800000,2.42900000,2.34200000,2.40200000,1214833.30000000,2902951.61370000
1707422400000,2.40100000,2.41700000,2.38100000,2.38400000,622513.20000000,1491808.91740000
1707436800000,2.38300000,2.43600000,2.38200000,2.42100000,940869.00000000,2273765.87430000
1707451200000,2.42100000,2.43700000,2.40400000,2.42900000,468106.00000000,1132914.31720000
1707465600000,2.42900000,2.45200000,2.40400000,2.43300000,734454.30000000,1786025.06190000
1707480000000,2.43300000,2.48700000,2.41600000,2.46900000,1480933.40000000,3631311.31550000
1707494400000,2.47000000,2.51000000,2.44000000,2.47100000,1547009.60000000,3840364.11300000
1707508800000,2.47000000,2.49800000,2.46700000,2.48900000,413338.30000000,1026320.81850000
1707523200000,2.48900000,2.54900000,2.46600000,2.54500000,1067180.20000000,2681245.71250000
1707537600000,2.54500000,2.60900000,2.50100000,2.50600000,2661947.60000000,6812328.25420000
1707552000000,2.50700000,2.52700000,2.42300000,2.46600000,1130173.90000000,2797820.27610000
1707566400000,2.46600000,2.57200000,2.45600000,2.51700000,1509583.70000000,3797099.50680000
1707580800000,2.51800000,2.53400000,2.49800000,2.52600000,435711.50000000,1095083.51370000
1707595200000,2.52600000,2.54000000,2.48600000,2.48800000,432061.60000000,1084605.07550000
1707609600000,2.48800000,2.52500000,2.48100000,2.52500000,560957.10000000,1407592.97320000
1707624000000,2.52500000,2.55400000,2.51100000,2.54000000,621731.50000000,1571988.69060000
1707638400000,2.53900000,2.59700000,2.53100000,2.55100000,998423.40000000,2560132.06050000
1707652800000,2.55200000,2.55800000,2.47200000,2.50700000,845010.40000000,2128263.52400000
1707667200000,2.50700000,2.52000000,2.49000000,2.49500000,356500.60000000,893124.97260000
1707681600000,2.49600000,2.50500000,2.44500000,2.46000000,470553.20000000,1162223.82060000
1707696000000,2.46100000,2.56200000,2.46000000,2.54700000,1156131.70000000,2922464.71430000
1707710400000,2.54700000,2.63500000,2.50900000,2.57700000,1398119.70000000,3600702.44560000
1707724800000,2.57600000,2.63000000,2.50200000,2.53700000,1589937.40000000,4077363.66910000
1707739200000,2.53600000,2.63900000,2.49300000,2.61400000,1712011.50000000,4374175.93250000
1707753600000,2.61400000,2.64000000,2.58000000,2.59000000,1470466.70000000,3833099.30630000
1707768000000,2.58900000,2.64600000,2.58900000,2.61700000,788709.50000000,2063804.19870000
1707782400000,2.61800000,2.71400000,2.61800000,2.62700000,1452410.30000000,3864164.50630000
1707796800000,2.62700000,2.70000000,2.62600000,2.68600000,743329.80000000,1977324.54980000
1707811200000,2.68600000,2.81200000,2.68000000,2.79800000,2864366.80000000,7900358.13650000
1707825600000,2.79900000,2.91000000,2.70800000,2.75900000,6124609.30000000,17252758.88520000
1707840000000,2.75900000,2.77400000,2.66400000,2.68600000,1947012.40000000,5282973.44460000
1707854400000,2.68600000,2.78500000,2.67900000,2.77400000,1120492.60000000,3051136.64110000
1707868800000,2.77300000,2.79900000,2.69300000,2.77200000,1481884.30000000,4067521.94390000
1707883200000,2.77100000,2.81600000,2.75400000,2.79100000,972923.20000000,2716266.97140000
1707897600000,2.79100000,2.97900000,2.77800000,2.97200000,3505434.80000000,10121603.47420000
1707912000000,2.97200000,3.15800000,2.91600000,3.07500000,5792060.00000000,17611384.96060000
1707926400000,3.07500000,3.07900000,2.95200000,3.04400000,2083406.50000000,6277055.34790000
1707940800000,3.04400000,3.24000000,3.04400000,3.14000000,2926289.40000000,9238373.81000000
1707955200000,3.14000000,3.22700000,3.07400000,3.13200000,2897051.20000000,9119304.43550000
1707969600000,3.13200000,3.14400000,3.06000000,3.08700000,1103555.50000000,3431251.59610000
1707984000000,3.08800000,3.29200000,3.07000000,3.27700000,3086205.20000000,9892784.30420000
1707998400000,3.27700000,3.28800000,3.10500000,3.12500000,2087400.30000000,6666868.63550000
1708012800000,3.12500000,3.28400000,3.08200000,3.27300000,2033121.30000000,6429157.02230000
1708027200000,3.27300000,3.50000000,3.18800000,3.46300000,3012875.30000000,9990098.97520000
1708041600000,3.46400000,3.78100000,3.35700000,3.76200000,5278320.80000000,18775163.81270000
1708056000000,3.76200000,3.97800000,3.68500000,3.70900000,8842451.70000000,34152408.62250000
1708070400000,3.70900000,4.39600000,3.70700000,4.19800000,11698690.70000000,47851001.92480000
1708084800000,4.19800000,4.50400000,4.09400000,4.35500000,13740567.90000000,59281352.55370000
1708099200000,4.35400000,4.60000000,4.22100000,4.24900000,8436112.10000000,37323588.02870000
1708113600000,4.24700000,4.48600000,4.15600000,4.46700000,3316903.90000000,14204194.22730000
1708128000000,4.46500000,4.57900000,4.28100000,4.38600000,5478268.10000000,24231537.76730000
1708142400000,4.38600000,4.68600000,4.37800000,4.46300000,5985232.80000000,26975405.11780000
1708156800000,4.46200000,4.72700000,4.29500000,4.63500000,6721897.50000000,30148735.43460000
1708171200000,4.63500000,4.96400000,4.48800000,4.72600000,11094033.60000000,52425524.31190000
1708185600000,4.72600000,4.93700000,4.60400000,4.83000000,3717386.90000000,17743569.26360000
1708200000000,4.82900000,4.83000000,4.62700000,4.68400000,2199796.90000000,10356216.74960000
1708214400000,4.68400000,5.54800000,4.67600000,5.26900000,10939256.50000000,56879673.60550000
1708228800000,5.27000000,5.48100000,5.09900000,5.22800000,5065019.50000000,26745898.71550000
1708243200000,5.22900000,5.34400000,5.11500000,5.29300000,3558816.80000000,18617757.51760000
1708257600000,5.29300000,5.57500000,5.26000000,5.49700000,5750523.70000000,31125998.48160000
1708272000000,5.49700000,6.42800000,5.43800000,5.99900000,12239653.00000000,73948220.45900000
1708286400000,5.99900000,6.01900000,5.66000000,5.89500000,6086345.40000000,35564674.51150000
1708300800000,5.89600000,6.44600000,5.83900000,6.30300000,7208714.60000000,44496421.32060000
1708315200000,6.30400000,7.63200000,6.27400000,7.56800000,14720529.20000000,102464240.81310000
1708329600000,7.56700000,7.80000000,7.15800000,7.71000000,16606844.90000000,124224599.72800000
1708344000000,7.71100000,7.99600000,6.91900000,7.22200000,19668228.10000000,147343514.42830000
1708358400000,7.22100000,7.47000000,6.97200000,7.37500000,9513140.50000000,69060928.92480000
1708372800000,7.37600000,7.94000000,7.28100000,7.63300000,8483934.10000000,64557709.55220000
1708387200000,7.63100000,7.80000000,6.76100000,6.85300000,11412456.30000000,82971327.50330000
1708401600000,6.85300000,7.19100000,6.55000000,7.03200000,12138427.00000000,83515217.90200000
1708416000000,7.03000000,7.19800000,6.68400000,6.81000000,9630077.90000000,67136022.39650000
1708430400000,6.80900000,6.94000000,6.13300000,6.52300000,10754515.00000000,71036618.91470000
1708444800000,6.52400000,6.53700000,6.20800000,6.41400000,5548882.80000000,35374736.71770000
1708459200000,6.41400000,6.94700000,6.36000000,6.69800000,5830053.60000000,38794519.23830000
1708473600000,6.69800000,7.16600000,6.69400000,7.05000000,7118875.50000000,49309748.16300000
1708488000000,7.05000000,7.10900000,6.56800000,6.72400000,5611944.40000000,38091458.96770000
1708502400000,6.72600000,7.02900000,6.37200000,6.44100000,7107332.80000000,47825811.09150000
1708516800000,6.44200000,6.68000000,5.99700000,6.27500000,9191824.80000000,57952349.99680000
1708531200000,6.27700000,6.42500000,6.07800000,6.31500000,5274672.00000000,32963968.15950000
1708545600000,6.31300000,7.20500000,6.21500000,7.12800000,9667390.60000000,65200993.97480000
1708560000000,7.12800000,7.60100000,7.04500000,7.38100000,10971935.70000000,80557080.62720000
1708574400000,7.38200000,8.49200000,7.25700000,8.35400000,12976410.50000000,102810875.26880000
1708588800000,8.35500000,8.81200000,8.10000000,8.57000000,10534119.80000000,88997480.04840000
1708603200000,8.57200000,8.95000000,8.25200000,8.84500000,10644529.20000000,91464690.14650000
1708617600000,8.84500000,9.03700000,8.38000000,8.77800000,7631861.90000000,66437008.99670000
1708632000000,8.77700000,9.02500000,8.12200000,8.15600000,7596068.00000000,65285163.11030000
1708646400000,8.15700000,8.53200000,8.10800000,8.19700000,7693092.50000000,64028846.72520000
1708660800000,8.19600000,8.30100000,7.84100000,8.04000000,7934278.60000000,64088855.85490000
1708675200000,8.03900000,8.60000000,7.90400000,8.57700000,7226330.80000000,59433953.09970000
1708689600000,8.57900000,9.18300000,8.24700000,8.29800000,15742587.00000000,135454998.22190000
1708704000000,8.30000000,8.44700000,8.04000000,8.29700000,6524265.70000000,53766418.94020000
1708718400000,8.29700000,8.37400000,8.01000000,8.21100000,2822816.90000000,23111328.75170000
1708732800000,8.21100000,8.27700000,7.60000000,7.79800000,6256106.70000000,49181683.46530000
1708747200000,7.79800000,8.12000000,7.74100000,7.82600000,4120745.80000000,32699210.01600000
1708761600000,7.82600000,7.98800000,7.65800000,7.94800000,3835855.70000000,29951143.19940000
1708776000000,7.94900000,8.50000000,7.88600000,8.25600000,6518470.30000000,53809194.75580000
1708790400000,8.25600000,8.47000000,8.07600000,8.36100000,5039906.20000000,41758783.88860000
1708804800000,8.36300000,8.37600000,8.07300000,8.15500000,1705640.70000000,13976609.58510000
1708819200000,8.15600000,9.28500000,8.11900000,8.92900000,8884557.90000000,78176453.82100000
1708833600000,8.92900000,9.45000000,8.83000000,9.24100000,7186150.90000000,65616556.45130000
1708848000000,9.24200000,9.34100000,8.90000000,9.13700000,6017381.30000000,54819201.56390000
1708862400000,9.13800000,9.15100000,8.70000000,8.80300000,5257646.90000000,46682668.23520000
1708876800000,8.80200000,9.02900000,8.70000000,9.00400000,3150860.50000000,27877109.21310000
1708891200000,9.00300000,9.02900000,8.40600000,8.54400000,3360010.70000000,29093540.02800000
1708905600000,8.54600000,8.97800000,8.53300000,8.94700000,4168101.60000000,36368622.97400000
1708920000000,8.94600000,9.24400000,8.91300000,8.98100000,6518942.50000000,59145051.93920000
1708934400000,8.98200000,9.15400000,7.98900000,8.13000000,11631711.50000000,99463980.40190000
1708948800000,8.13000000,8.28600000,7.71000000,8.11700000,12104201.30000000,97648633.78170000
1708963200000,8.11500000,8.40000000,7.83900000,8.13900000,8212083.90000000,66780626.85980000
1708977600000,8.13800000,8.16300000,7.85100000,7.99700000,4262759.90000000,34214194.72310000
1708992000000,7.99700000,8.03300000,7.52200000,7.64900000,8074937.00000000,62744436.15090000
1709006400000,7.64800000,8.29300000,7.59700000,7.92500000,7161572.80000000,57317819.50350000
1709020800000,7.92500000,8.04900000,7.80700000,7.88500000,4181396.20000000,33210341.64690000
1709035200000,7.88400000,7.91100000,7.12000000,7.36200000,5719479.40000000,43952428.84860000
1709049600000,7.36100000,7.49200000,7.01000000,7.11600000,5840671.00000000,42599012.33510000
1709064000000,7.11600000,7.30700000,7.04600000,7.18100000,3133327.60000000,22503450.64770000
1709078400000,7.18200000,7.57700000,7.17800000,7.41700000,5618935.60000000,41617450.12920000
1709092800000,7.41700000,7.53400000,7.20900000,7.25900000,3905400.60000000,28621501.89630000
1709107200000,7.25900000,7.84700000,7.00200000,7.43100000,10070366.50000000,74196180.26710000
1709121600000,7.43100000,8.80600000,7.23000000,8.33600000,16800748.50000000,134914067.49500000
1709136000000,8.33600000,8.62800000,7.10000000,7.72400000,11665884.30000000,92952954.69230000
1709150400000,7.72400000,7.98000000,7.33600000,7.94200000,6859440.80000000,52274389.04920000
1709164800000,7.94300000,8.34900000,7.80300000,7.88400000,5925630.90000000,47835862.87150000
1709179200000,7.88500000,7.94000000,7.63500000,7.84200000,4155141.20000000,32373353.59660000
1709193600000,7.84200000,8.09900000,7.72300000,7.82100000,4597287.40000000,36429336.86000000
1709208000000,7.81800000,7.85200000,7.53800000,7.77700000,4102428.20000000,31675214.54840000
1709222400000,7.77900000,7.80700000,7.40100000,7.61600000,3582704.00000000,27088784.10270000
1709236800000,7.61600000,7.66000000,7.16200000,7.32900000,2489148.10000000,18427533.56190000
1709251200000,7.33000000,8.27800000,7.32900000,7.94200000,6368376.40000000,49945329.89510000
1709265600000,7.94200000,8.44000000,7.67100000,7.69300000,8297350.60000000,66861930.03730000
1709280000000,7.69400000,7.87100000,7.50000000,7.52900000,4678170.00000000,35860749.71950000
1709294400000,7.52900000,8.13900000,7.51500000,7.83300000,9988054.60000000,78268409.63000000
1709308800000,7.83400000,8.18000000,7.76200000,7.82200000,5012019.10000000,39886504.99990000
1709323200000,7.82200000,8.07400000,7.80000000,7.92700000,3179500.70000000,25177852.19340000
1709337600000,7.92800000,8.18000000,7.63800000,7.75700000,4694854.40000000,36830941.45940000
1709352000000,7.75600000,7.93600000,7.61100000,7.72400000,4084689.60000000,31738880.15990000
1709366400000,7.72400000,7.88900000,7.60000000,7.68300000,4289224.80000000,33208232.33610000
1709380800000,7.68100000,7.72700000,7.49500000,7.57000000,3529990.30000000,26911677.05590000
1709395200000,7.57100000,7.96500000,7.57000000,7.78000000,4949583.20000000,38596515.16330000
1709409600000,7.78000000,7.81600000,7.59300000,7.66300000,1851455.10000000,14196993.66540000
1709424000000,7.66300000,7.78600000,7.59700000,7.67100000,3016851.10000000,23222324.41600000
1709438400000,7.67000000,8.53700000,7.11100000,7.63600000,18546768.00000000,148702789.77580000
1709452800000,7.63700000,8.08000000,7.50000000,7.81000000,9123075.00000000,71302728.44320000
1709467200000,7.81100000,8.21300000,7.73000000,7.92100000,9044682.60000000,72491941.68390000
1709481600000,7.92200000,7.99200000,7.75000000,7.78300000,4214279.20000000,33107698.64420000
1709496000000,7.78200000,7.92400000,7.71200000,7.91200000,2869647.80000000,22377951.94160000
1709510400000,7.91300000,8.23400000,7.80800000,8.05800000,6382180.80000000,51296411.63260000
1709524800000,8.05700000,8.42500000,7.86100000,8.02800000,8519399.40000000,69329523.74210000
1709539200000,8.02800000,8.22000000,7.84600000,7.95900000,7189051.90000000,57780476.08960000
1709553600000,7.95900000,8.02000000,7.71000000,7.81800000,5155205.70000000,40684043.05970000
1709568000000,7.81900000,7.82600000,7.34600000,7.51700000,6583445.50000000,49741016.85840000
1709582400000,7.51600000,7.53500000,7.31300000,7.36900000,2987104.40000000,22188027.69720000
1709596800000,7.37000000,7.47000000,7.17100000,7.17700000,4893252.50000000,35881091.27250000
1709611200000,7.17700000,7.48200000,7.12000000,7.28000000,6730344.00000000,49453968.73010000
1709625600000,7.28000000,7.51600000,7.20000000,7.32400000,3260583.80000000,24029693.80170000
1709640000000,7.32400000,7.51900000,7.15000000,7.21800000,5126253.80000000,37577301.45630000
1709654400000,7.21900000,7.26300000,5.60000000,6.18300000,10664600.90000000,72992037.12170000
1709668800000,6.18300000,6.51100000,6.07600000,6.42400000,7699823.90000000,49010481.89690000
1709683200000,6.42400000,6.61300000,6.00000000,6.42200000,7400640.50000000,46607481.86290000
1709697600000,6.42300000,7.12000000,6.39500000,6.99400000,6477552.00000000,43671156.80610000
1709712000000,6.99200000,7.02300000,6.68100000,6.75900000,4282069.70000000,29288911.85860000
1709726400000,6.75900000,6.97600000,6.30100000,6.74300000,6094520.60000000,40673023.47100000
1709740800000,6.74400000,7.38400000,6.67200000,7.14000000,7148220.80000000,50677461.80870000
1709755200000,7.14000000,7.40000000,6.89600000,7.32000000,3970731.50000000,28456682.48860000
1709769600000,7.32100000,8.08000000,7.21100000,7.44800000,12881283.60000000,98991655.00590000
1709784000000,7.44600000,7.70400000,7.18000000,7.35100000,5497478.60000000,40683590.37960000
1709798400000,7.35300000,7.50600000,7.10000000,7.20300000,4560239.90000000,33363423.37620000
1709812800000,7.20300000,7.31800000,7.01000000,7.18400000,4484022.60000000,32181079.48250000
1709827200000,7.18500000,7.45000000,7.05000000,7.13300000,4580099.80000000,32942772.65310000
1709841600000,7.13500000,7.25400000,7.05800000,7.17800000,2317429.20000000,16589668.83990000
1709856000000,7.17800000,7.36000000,7.11500000,7.27900000,3498367.10000000,25332504.35000000
1709870400000,7.28000000,7.43000000,7.20000000,7.24800000,3630139.60000000,26581569.54850000
1709884800000,7.24900000,7.43300000,7.18000000,7.27900000,4191212.00000000,30715038.57650000
1709899200000,7.27900000,7.39800000,6.76500000,7.18600000,7234539.20000000,52176930.64750000
1709913600000,7.18700000,7.77700000,7.14900000,7.50500000,10230870.70000000,76883135.99110000
1709928000000,7.50400000,7.82700000,7.42700000,7.52600000,3340383.10000000,25383940.92370000
1709942400000,7.52800000,9.41900000,7.46800000,9.12800000,18514061.80000000,159272741.51020000
1709956800000,9.12700000,10.74600000,9.06900000,10.61500000,20115966.40000000,201013835.10280000
1709971200000,10.61800000,11.04400000,10.14300000,10.77900000,16104553.80000000,170298280.07710000
1709985600000,10.78100000,10.83200000,10.06200000,10.63000000,11684635.10000000,121528476.67550000
1710000000000,10.63000000,11.10400000,10.34500000,10.76200000,7761966.50000000,82633927.28620000
1710014400000,10.76300000,11.84300000,10.36700000,11.69200000,8014692.70000000,89294605.19450000
1710028800000,11.69100000,11.97200000,10.46700000,10.68100000,11146040.20000000,122718650.83180000
1710043200000,10.67900000,10.68800000,10.21100000,10.40200000,6518967.90000000,68140725.94620000
1710057600000,10.40300000,10.44400000,9.58000000,9.81600000,7762753.00000000,76729063.65150000
1710072000000,9.81500000,9.81600000,9.20800000,9.29400000,6037425.40000000,57419248.96460000
1710086400000,9.29400000,9.76400000,9.28700000,9.57600000,4798688.30000000,45897499.50100000
1710100800000,9.57600000,9.65900000,9.10800000,9.55200000,3644713.10000000,34481950.20330000
1710115200000,9.55300000,10.20000000,8.82900000,9.63800000,9764428.70000000,94313835.75080000
1710129600000,9.63700000,10.35400000,9.62800000,10.09400000,7076302.60000000,70269058.71380000
1710144000000,10.09500000,10.23500000,9.55300000,9.61100000,4222500.70000000,42048296.49520000
1710158400000,9.61000000,10.09800000,9.55200000,9.77400000,3792171.20000000,36979688.99750000
1710172800000,9.77300000,9.85500000,9.51300000,9.60800000,2130969.60000000,20604094.65360000
1710187200000,9.60800000,9.97800000,9.56100000,9.83400000,1746800.50000000,17000255.03110000
1710201600000,9.83500000,10.57200000,9.73500000,10.06500000,7359813.40000000,75341814.03150000
1710216000000,10.06500000,10.44400000,9.81300000,9.90900000,4130824.50000000,41590232.95660000
1710230400000,9.91000000,10.17400000,9.61100000,10.01100000,3772926.00000000,37115517.99420000
1710244800000,10.01100000,10.25000000,9.70000000,9.95700000,5023773.10000000,49979035.07570000
1710259200000,9.95400000,10.03000000,8.99900000,9.93500000,5579313.20000000,53974349.07580000
1710273600000,9.93500000,10.37800000,9.74300000,10.14900000,2593030.40000000,26088181.58300000
1710288000000,10.15000000,10.25900000,9.89900000,9.94500000,2361866.80000000,23747910.64060000
1710302400000,9.94500000,10.16100000,9.82500000,9.93900000,2525593.00000000,25169126.98210000
1710316800000,9.94000000,9.97800000,9.74600000,9.81500000,1888198.40000000,18614640.93570000
1710331200000,9.81600000,9.91700000,9.36000000,9.46800000,3072358.80000000,29485203.21710000
1710345600000,9.46800000,9.54500000,9.35200000,9.40700000,2557487.90000000,24115657.58640000
1710360000000,9.40700000,9.62700000,9.28800000,9.54900000,1602616.10000000,15176796.52940000
1710374400000,9.54800000,9.74400000,9.45300000,9.54400000,2449512.00000000,23448137.16340000
1710388800000,9.54300000,9.54800000,9.31300000,9.45800000,2044885.00000000,19297317.88610000
1710403200000,9.45700000,10.01100000,9.44000000,9.66900000,4738719.40000000,46326074.93990000
1710417600000,9.67000000,9.76700000,9.20000000,9.50100000,5544328.40000000,52882899.42250000
1710432000000,9.50000000,10.42100000,9.40500000,9.93700000,9557435.80000000,95688315.58620000
1710446400000,9.93700000,10.89300000,9.91600000,10.77400000,6665913.60000000,69775753.05810000
1710460800000,10.77500000,10.86400000,9.29000000,9.79100000,8675950.20000000,87200078.22470000
1710475200000,9.79100000,9.84900000,9.44200000,9.74300000,4681302.80000000,45326550.23460000
1710489600000,9.74400000,9.78700000,8.51000000,9.15300000,9755245.30000000,88818626.43040000
1710504000000,9.15100000,9.60700000,9.03300000,9.28800000,4891606.00000000,45456998.19540000
1710518400000,9.28700000,9.76600000,9.14600000,9.47800000,3734153.50000000,35385758.66130000
1710532800000,9.47500000,9.84500000,9.16800000,9.74500000,3061128.00000000,29205424.77590000
1710547200000,9.74100000,9.87000000,9.51700000,9.57300000,2432598.90000000,23612778.20810000
1710561600000,9.57300000,9.57600000,9.17100000,9.51300000,3211164.20000000,30047175.01550000
1710576000000,9.51100000,9.51200000,9.01100000,9.14200000,2845843.70000000,26377018.71510000
1710590400000,9.14200000,9.18100000,8.71800000,8.92400000,4362267.60000000,38828332.77540000
1710604800000,8.92400000,8.92400000,8.23700000,8.39400000,3706439.90000000,31740621.34280000
1710619200000,8.39500000,8.56400000,8.15400000,8.43800000,2077819.90000000,17417356.72000000
1710633600000,8.43800000,9.25500000,8.31700000,9.17300000,4197605.90000000,36895826.01380000
1710648000000,9.17400000,9.20800000,8.32900000,8.64100000,3931442.50000000,34486692.59940000
1710662400000,8.64300000,9.30400000,8.58200000,9.09700000,4527960.30000000,40922016.18720000
1710676800000,9.09300000,9.96300000,8.76400000,9.82900000,8685358.10000000,82254650.24680000
1710691200000,9.83000000,9.91300000,9.44900000,9.54200000,3739626.50000000,36160834.91520000
1710705600000,9.54100000,9.82500000,9.39700000,9.55300000,2968192.30000000,28550522.15520000
1710720000000,9.55600000,9.83300000,9.21800000,9.45300000,5225931.90000000,49704585.33190000
1710734400000,9.45100000,9.66400000,9.26100000,9.38500000,2493709.10000000,23562779.93480000
1710748800000,9.38700000,9.39500000,8.96000000,9.15100000,4165111.60000000,38022885.94800000
1710763200000,9.15100000,9.18900000,8.72300000,8.87800000,3868323.30000000,34598632.42230000
1710777600000,8.87600000,8.99800000,8.59600000,8.68700000,2278620.00000000,19897244.29200000
1710792000000,8.68900000,8.87700000,8.67400000,8.76800000,1477375.90000000,12964107.96850000
1710806400000,8.76600000,8.88800000,7.95100000,8.17600000,5157845.20000000,42988696.28920000
1710820800000,8.17300000,8.22500000,7.50000000,7.99600000,6028089.60000000,47737946.71360000
1710835200000,7.99600000,7.99700000,7.44000000,7.87300000,5834475.90000000,44835360.63360000
1710849600000,7.87300000,8.14600000,7.72600000,8.11500000,5656483.50000000,44969153.33580000
1710864000000,8.11400000,8.27800000,7.97300000,8.09600000,3468141.30000000,28140850.67260000
1710878400000,8.09600000,8.12000000,7.34200000,7.50000000,3280043.70000000,25197752.20660000
1710892800000,7.50100000,7.85600000,7.45400000,7.60300000,3016244.50000000,23012508.93290000
1710907200000,7.60600000,8.00400000,7.20000000,7.89500000,4567146.50000000,34557932.32750000
1710921600000,7.89500000,7.99100000,7.66000000,7.90900000,2972246.50000000,23284956.67980000
1710936000000,7.90900000,8.07900000,7.63900000,7.67400000,3305970.90000000,26040445.39560000
1710950400000,7.67300000,8.24300000,7.39700000,8.16900000,3623780.00000000,28591291.97680000
1710964800000,8.17000000,8.45300000,8.14300000,8.35300000,2988356.90000000,24946597.36760000
1710979200000,8.35200000,8.44800000,8.15600000,8.19200000,2487209.10000000,20669610.71780000
1710993600000,8.19300000,8.29000000,7.90100000,8.09100000,2569137.40000000,20800735.02240000
1711008000000,8.09100000,8.34600000,8.07700000,8.18800000,2006218.10000000,16478338.54180000
1711022400000,8.19300000,8.32900000,8.01200000,8.14400000,1746539.80000000,14292512.02130000
1711036800000,8.14300000,8.33400000,7.81500000,8.01100000,2153230.20000000,17372917.28990000
1711051200000,8.01100000,8.22300000,7.91700000,8.05400000,1211314.20000000,9766631.84460000
1711065600000,8.05300000,8.13000000,7.68900000,7.90000000,1861513.40000000,14656508.10930000
1711080000000,7.89900000,8.09300000,7.85100000,8.00500000,1322778.00000000,10547728.55850000
1711094400000,8.00400000,8.06800000,7.65000000,7.70200000,1504011.30000000,11807933.44530000
1711108800000,7.70100000,8.33000000,7.65100000,8.13700000,5286661.20000000,42052563.76840000
1711123200000,8.13800000,8.41000000,8.02500000,8.16200000,3005873.80000000,24700870.69630000
1711137600000,8.16700000,8.19600000,7.71600000,7.99400000,1830307.60000000,14543896.95250000
1711152000000,7.99400000,8.45000000,7.93500000,8.04700000,2633758.50000000,21537672.67030000
1711166400000,8.04600000,8.29000000,8.00300000,8.23100000,1379431.40000000,11234662.05560000
1711180800000,8.23000000,9.08000000,8.16300000,8.91700000,5654785.00000000,49275411.66670000
1711195200000,8.91700000,8.92200000,8.65800000,8.77000000,3847634.50000000,33753641.57510000
1711209600000,8.77100000,8.84200000,8.63700000,8.71200000,1586524.50000000,13853955.23240000
1711224000000,8.71200000,8.71700000,8.43700000,8.45400000,1320381.00000000,11307259.23470000
1711238400000,8.45400000,8.58600000,8.21000000,8.24400000,2435180.00000000,20478475.36330000
1711252800000,8.24400000,8.26200000,8.12400000,8.22100000,2425968.00000000,19870907.23680000
1711267200000,8.22000000,8.30800000,8.18200000,8.28300000,1949358.70000000,16066126.72270000
1711281600000,8.28200000,8.38400000,8.24800000,8.32100000,1865776.90000000,15523177.99280000
1711296000000,8.32100000,8.36300000,8.12600000,8.26400000,1439016.20000000,11854892.05870000
1711310400000,8.26400000,8.57700000,8.22100000,8.46100000,1795888.90000000,15133867.10190000
1711324800000,8.46000000,8.63200000,8.39300000,8.59700000,1757267.70000000,14972499.76920000
1711339200000,8.59700000,8.62500000,8.38800000,8.41600000,1497889.10000000,12781718.75290000
1711353600000,8.41400000,8.61200000,8.37100000,8.37200000,1808460.90000000,15339814.05970000
1711368000000,8.37300000,8.75900000,8.32700000,8.66600000,3946636.00000000,33862129.88630000
1711382400000,8.66600000,8.95400000,8.63800000,8.82900000,2449263.90000000,21568988.84540000
1711396800000,8.82900000,8.88600000,8.60500000,8.65800000,1813917.20000000,15861393.27670000
1711411200000,8.65900000,9.31400000,8.63800000,9.26500000,2864300.70000000,25741577.03890000
1711425600000,9.26300000,9.47400000,9.12900000,9.23500000,3308756.40000000,30835306.86400000
1711440000000,9.23500000,9.34000000,9.10000000,9.13800000,1775311.30000000,16352388.27300000
1711454400000,9.13800000,9.19900000,8.72700000,8.85700000,3293329.90000000,29553097.77190000
1711468800000,8.85700000,8.93600000,8.52300000,8.61600000,2934845.30000000,25563195.10590000
1711483200000,8.61700000,8.79500000,8.61100000,8.74400000,1210402.20000000,10545871.82970000
1711497600000,8.74400000,8.93400000,8.66500000,8.70400000,1876571.80000000,16512912.70150000
1711512000000,8.70400000,8.84200000,8.65600000,8.81700000,1723889.70000000,15083192.63990000
1711526400000,8.81800000,9.29100000,8.62800000,8.88800000,6452782.00000000,57902183.75160000
1711540800000,8.88800000,9.07600000,8.55900000,8.59000000,5865368.20000000,51914795.52980000
1711555200000,8.59100000,8.66600000,8.37600000,8.44200000,2463551.60000000,20959477.03170000
1711569600000,8.44200000,8.54600000,8.35000000,8.42400000,1308275.00000000,11087089.39720000
1711584000000,8.42400000,8.54300000,8.19300000,8.30800000,2964062.40000000,24650106.80680000
1711598400000,8.30800000,8.57500000,8.30200000,8.55700000,1550567.00000000,13090293.55710000
1711612800000,8.55700000,8.62700000,8.42300000,8.49100000,1944254.00000000,16575849.57310000
1711627200000,8.49200000,8.55400000,8.36100000,8.53100000,1772620.20000000,15016617.73690000
1711641600000,8.53200000,8.55900000,8.40400000,8.42800000,998747.60000000,8453205.65410000
1711656000000,8.42800000,8.49600000,8.35200000,8.41300000,1059408.30000000,8928121.64720000
1711670400000,8.41400000,8.72500000,8.25600000,8.47200000,2918125.40000000,24795093.01330000
1711684800000,8.47200000,8.62600000,8.27700000,8.32500000,1917377.80000000,16271004.44180000
1711699200000,8.32500000,8.41200000,8.26100000,8.31500000,2017211.90000000,16815896.36490000
1711713600000,8.31500000,8.35700000,8.02600000,8.09100000,1891392.10000000,15546894.75370000
1711728000000,8.09100000,8.68000000,8.08500000,8.30100000,4759137.70000000,39990306.89730000
1711742400000,8.30100000,8.41400000,8.25300000,8.37100000,1220988.40000000,10165356.78890000
1711756800000,8.37200000,8.52700000,8.25300000,8.27200000,1486715.40000000,12465019.04240000
1711771200000,8.27200000,8.40900000,8.19400000,8.19800000,1364126.90000000,11327256.31850000
1711785600000,8.19800000,8.28300000,8.14700000,8.27500000,1469576.30000000,12078660.98260000
1711800000000,8.27500000,8.32400000,8.16300000,8.17500000,1212597.60000000,9983250.65680000
1711814400000,8.17600000,8.22700000,8.10000000,8.17200000,1000827.70000000,8180223.28290000
1711828800000,8.17200000,8.18900000,8.05500000,8.11300000,833869.20000000,6771928.61840000
1711843200000,8.11300000,8.22200000,8.08400000,8.12400000,894400.30000000,7298584.58780000
1711857600000,8.12300000,8.24900000,8.10000000,8.22000000,768572.60000000,6296978.43370000
1711872000000,8.22100000,8.30900000,8.20200000,8.24300000,671491.90000000,5536193.69490000
1711886400000,8.24400000,8.29000000,8.20300000,8.21000000,869203.30000000,7165819.59400000
1711900800000,8.21000000,8.26400000,8.16000000,8.22000000,972560.60000000,7984194.14590000
1711915200000,8.22000000,8.24300000,8.14700000,8.21700000,908255.30000000,7443470.85010000
1711929600000,8.21800000,8.30200000,8.16500000,8.19300000,1074894.90000000,8834711.06020000
1711944000000,8.19300000,8.20900000,7.41200000,7.80500000,4489470.20000000,34986072.97270000
1711958400000,7.80600000,7.81400000,7.69200000,7.72200000,1450513.00000000,11256468.55300000
1711972800000,7.72200000,7.89100000,7.46400000,7.51700000,2710084.40000000,20754574.73180000
1711987200000,7.51800000,7.58600000,7.36400000,7.55300000,2411374.20000000,18081535.13130000
1712001600000,7.55300000,7.72900000,7.48400000,7.66500000,1035510.30000000,7846512.11330000
1712016000000,7.66500000,7.67000000,6.86000000,7.08100000,3909205.40000000,28214092.21590000
1712030400000,7.08100000,7.16700000,6.97700000,7.07100000,2056422.10000000,14573946.27130000
1712044800000,7.07100000,7.10200000,6.79300000,6.95800000,3529466.50000000,24443231.16470000
1712059200000,6.95700000,7.07000000,6.73600000,6.87900000,3292602.70000000,22862571.43930000
1712073600000,6.88200000,7.00300000,6.85100000,6.90600000,1875537.80000000,12991608.95250000
1712088000000,6.90600000,6.96000000,6.78000000,6.83800000,1534951.70000000,10554465.33680000
1712102400000,6.83800000,6.98100000,6.50000000,6.94400000,3376327.00000000,22802668.64080000
1712116800000,6.94400000,7.08400000,6.91800000,7.02700000,2021348.10000000,14170560.26730000
1712131200000,7.02700000,7.19800000,6.94400000,6.97400000,2151888.00000000,15192553.89640000
1712145600000,6.97500000,7.18100000,6.88000000,6.94500000,2409004.60000000,16881060.15470000
1712160000000,6.94400000,7.03000000,6.73500000,6.79000000,2031254.60000000,13958910.42990000
1712174400000,6.79100000,6.82400000,6.62300000,6.74400000,1160496.60000000,7817632.96910000
1712188800000,6.74400000,6.90000000,6.63600000,6.67800000,1648601.00000000,11123741.66610000
1712203200000,6.67900000,6.91500000,6.60400000,6.86700000,1486795.50000000,10024264.03110000
1712217600000,6.86800000,6.98900000,6.81400000,6.86300000,1268815.70000000,8761022.06050000
1712232000000,6.86300000,7.08200000,6.85300000,6.95600000,2064976.30000000,14399697.38730000
1712246400000,6.95700000,7.17000000,6.93900000,6.95800000,2350218.50000000,16577789.14190000
1712260800000,6.95700000,6.96500000,6.78700000,6.87000000,1636139.80000000,11207109.68720000
1712275200000,6.87000000,7.00000000,6.64700000,6.80200000,1753870.10000000,11941974.96530000
1712289600000,6.80100000,6.80300000,6.53500000,6.67900000,1330616.00000000,8850320.40930000
1712304000000,6.67900000,6.76100000,6.50700000,6.53700000,1406849.90000000,9300485.64510000
1712318400000,6.53700000,6.90000000,6.46300000,6.86900000,2489659.50000000,16741988.02280000
1712332800000,6.86900000,6.98500000,6.82700000,6.87700000,1224721.10000000,8458087.63150000
1712347200000,6.87700000,6.96800000,6.84000000,6.85700000,1048016.00000000,7226514.58070000
1712361600000,6.85700000,7.30100000,6.77800000,7.10000000,3963299.80000000,28076584.47170000
1712376000000,7.10000000,7.17700000,6.98700000,7.04100000,1825995.70000000,12929087.71530000
1712390400000,7.04000000,7.15900000,6.93400000,6.97000000,1974178.80000000,13871943.72680000
1712404800000,6.97000000,6.99800000,6.88000000,6.94300000,1144898.40000000,7944782.33400000
1712419200000,6.94300000,6.98200000,6.89400000,6.90100000,928856.50000000,6438062.38090000
1712433600000,6.90000000,7.08700000,6.89400000,6.97800000,995829.70000000,6949348.78480000
1712448000000,6.97900000,7.25800000,6.95100000,7.17300000,3802991.10000000,27195183.72040000
1712462400000,7.17300000,7.22600000,7.07300000,7.12100000,2077056.50000000,14799737.44120000
1712476800000,7.12200000,7.29500000,7.08900000,7.23200000,1475837.70000000,10605456.76790000
1712491200000,7.23400000,7.31200000,7.11000000,7.12300000,1794327.20000000,12935813.19090000
1712505600000,7.12300000,7.38400000,7.05500000,7.07500000,1550737.80000000,11172955.97500000
1712520000000,7.07400000,7.23200000,7.06600000,7.20600000,933557.30000000,6687905.60430000
1712534400000,7.20600000,7.25600000,7.03400000,7.08700000,1247603.80000000,8913471.71320000
1712548800000,7.08700000,7.26400000,7.05000000,7.23800000,962360.40000000,6880196.07330000
1712563200000,7.23800000,7.46000000,7.23400000,7.44900000,2505662.00000000,18475501.73040000
1712577600000,7.44900000,7.48300000,7.25300000,7.29500000,1653146.40000000,12147910.03420000
1712592000000,7.29500000,7.36600000,7.25200000,7.29300000,1032849.70000000,7549344.22170000
1712606400000,7.29300000,7.37400000,7.23200000,7.30800000,974453.60000000,7104409.21730000
1712620800000,7.30800000,7.35100000,7.17500000,7.20300000,1258764.70000000,9132897.18510000
1712635200000,7.20200000,7.24200000,6.95600000,7.00000000,1846987.50000000,13123701.98930000
1712649600000,7.00000000,7.07300000,6.84800000,7.02200000,1813067.10000000,12649597.37620000
1712664000000,7.02300000,7.04100000,6.67300000,6.80200000,2511260.10000000,17209163.03290000
1712678400000,6.80300000,6.81200000,6.66000000,6.74500000,1513597.00000000,10195813.39850000
1712692800000,6.74600000,6.78400000,6.61200000,6.66200000,807557.40000000,5409264.83850000
1712707200000,6.66200000,6.75400000,6.40500000,6.59600000,2551331.90000000,16762416.70110000
1712721600000,6.59700000,6.66600000,6.55600000,6.59600000,913053.20000000,6034826.06200000
1712736000000,6.59700000,6.63200000,6.48300000,6.52600000,1210275.00000000,7934712.78400000
1712750400000,6.52700000,6.54600000,6.20300000,6.47200000,2701259.00000000,17296707.07850000
1712764800000,6.47200000,6.63400000,6.44800000,6.55700000,1381134.00000000,9031097.49970000
1712779200000,6.55800000,6.66100000,6.50400000,6.56700000,855622.60000000,5629194.45620000
1712793600000,6.56700000,6.57900000,6.47700000,6.53000000,1258784.70000000,8215840.67670000
1712808000000,6.52900000,6.90100000,6.47700000,6.79400000,2600828.20000000,17402230.25360000
1712822400000,6.79500000,6.88200000,6.38700000,6.41900000,3023909.50000000,20061987.34830000
1712836800000,6.41800000,6.51200000,6.32700000,6.47600000,2871584.30000000,18432002.01250000
1712851200000,6.47700000,6.50000000,6.30000000,6.38300000,1426219.30000000,9132228.91840000
1712865600000,6.38300000,6.41600000,6.32100000,6.37600000,766884.20000000,4881717.76880000
1712880000000,6.37600000,6.50700000,6.37300000,6.47700000,1083287.40000000,6987650.06960000
1712894400000,6.47600000,6.53200000,6.40800000,6.43500000,933960.50000000,6049175.59120000
1712908800000,6.43500000,6.65200000,6.41500000,6.56200000,1312276.40000000,8557384.90780000
1712923200000,6.56200000,6.73000000,6.24500000,6.54700000,6111925.80000000,39695009.45680000
1712937600000,6.54700000,6.59000000,4.72000000,5.17900000,13745780.00000000,77057842.78050000
1712952000000,5.18000000,5.54700000,5.13300000,5.47600000,5391439.60000000,28543909.17580000
1712966400000,5.47600000,5.47600000,5.03200000,5.33300000,4854887.30000000,25439787.57790000
1712980800000,5.33300000,5.49900000,5.31200000,5.39600000,2476186.90000000,13414046.29270000
1712995200000,5.39800000,5.46900000,5.27500000,5.36400000,2376709.20000000,12760744.65870000
1713009600000,5.36300000,5.44600000,5.30800000,5.35500000,2321268.00000000,12477544.20490000
1713024000000,5.35500000,5.37700000,4.24000000,4.47700000,10687210.60000000,52331229.17920000
1713038400000,4.47700000,4.53100000,3.68100000,4.42500000,13653939.00000000,56925981.98820000
1713052800000,4.42300000,4.54200000,4.23700000,4.47100000,5671123.80000000,24782320.71250000
1713067200000,4.47200000,4.89100000,4.44100000,4.88400000,3988103.70000000,18789042.27480000
1713081600000,4.88300000,4.96400000,4.68800000,4.71800000,3000417.60000000,14568608.81340000
1713096000000,4.71800000,4.92100000,4.64500000,4.75400000,4350211.50000000,20760627.40800000
1713110400000,4.75400000,4.98200000,4.56900000,4.89400000,4883121.20000000,23566143.05600000
1713124800000,4.89400000,5.25200000,4.74800000,5.14300000,4076956.50000000,20516511.22140000
1713139200000,5.14300000,5.16600000,4.96700000,4.97700000,3920440.60000000,19797005.83410000
1713153600000,4.97600000,5.23800000,4.89500000,5.13600000,4023519.40000000,20502922.55330000
1713168000000,5.13600000,5.19400000,5.01400000,5.02900000,2832640.70000000,14507489.32320000
1713182400000,5.02800000,5.12100000,4.69800000,4.79000000,6074515.70000000,29703925.83350000
1713196800000,4.79000000,4.82700000,4.45300000,4.66300000,4880156.80000000,22724766.36600000
1713211200000,4.66600000,4.85700000,4.54700000,4.78900000,2087717.10000000,9785108.84820000
1713225600000,4.79000000,4.83100000,4.62300000,4.66000000,2960076.60000000,13952955.02520000
1713240000000,4.66200000,5.01300000,4.51600000,4.98400000,4446567.90000000,21096730.76930000
1713254400000,4.98300000,5.08400000,4.76100000,5.06100000,4243633.20000000,20976326.12150000
1713268800000,5.06100000,5.06100000,4.71900000,4.72000000,4447952.00000000,21701619.89880000
1713283200000,4.72000000,4.92800000,4.60900000,4.72900000,4194129.20000000,20100354.26070000
1713297600000,4.72800000,5.22000000,4.72400000,5.08400000,3450875.60000000,17495147.23250000
1713312000000,5.08400000,5.15800000,4.87900000,4.93700000,3375033.70000000,16814530.62850000
1713326400000,4.93700000,5.06500000,4.90400000,4.98500000,2391904.70000000,11909633.07360000
1713340800000,4.98400000,5.08700000,4.88900000,4.90300000,2697574.80000000,13489026.45950000
1713355200000,4.90300000,5.15000000,4.64200000,4.83100000,8314291.10000000,40379115.27020000
1713369600000,4.83300000,5.03800000,4.71900000,4.79600000,5771617.50000000,28023827.24920000
1713384000000,4.79500000,4.83400000,4.67900000,4.73600000,2175240.80000000,10351944.11590000
1713398400000,4.73600000,4.87900000,4.57600000,4.83300000,3364665.40000000,15996840.41290000
1713412800000,4.83200000,4.88000000,4.67400000,4.70700000,1802013.20000000,8605824.90010000
1713427200000,4.70800000,4.92600000,4.69300000,4.84400000,2168920.50000000,10484388.95400000
1713441600000,4.84400000,4.97700000,4.71100000,4.92700000,3060255.20000000,14838147.60210000
1713456000000,4.92700000,5.04300000,4.82400000,5.01600000,1644030.00000000,8118973.57630000
1713470400000,5.01600000,5.14700000,4.97300000,4.99500000,1710541.80000000,8623472.71050000
1713484800000,4.99500000,4.99600000,4.46900000,4.70200000,6592474.90000000,30926913.69220000
1713499200000,4.70100000,5.01600000,4.69200000,4.86800000,4199553.60000000,20357788.48130000
1713513600000,4.86800000,5.04000000,4.85500000,4.94200000,3691366.00000000,18252748.46050000
1713528000000,4.94200000,5.09000000,4.88900000,4.99700000,4225589.20000000,21043225.59640000
1713542400000,4.99700000,5.28200000,4.88500000,5.08000000,4371892.60000000,22168163.60890000
1713556800000,5.08000000,5.08000000,4.82100000,4.92500000,2036231.20000000,10068397.89030000
1713571200000,4.92300000,4.97300000,4.81900000,4.92800000,2767984.60000000,13582292.27790000
1713585600000,4.92800000,5.07100000,4.91200000,5.02700000,1606963.10000000,8045307.67880000
1713600000000,5.02800000,5.12900000,4.98600000,5.01900000,1852948.70000000,9336236.33070000
1713614400000,5.01900000,5.38800000,5.00900000,5.34000000,2942983.90000000,15259013.66720000
1713628800000,5.34100000,5.66600000,5.29000000,5.48300000,4481480.70000000,24669391.79740000
1713643200000,5.48200000,5.64300000,5.46100000,5.62400000,1323639.30000000,7334144.64180000
1713657600000,5.62400000,5.90000000,5.54000000,5.62600000,5454821.80000000,31053036.82530000
1713672000000,5.62700000,5.70400000,5.53900000,5.67000000,2216790.20000000,12447188.56850000
1713686400000,5.67000000,5.72800000,5.58900000,5.63700000,2033143.00000000,11480669.48560000
1713700800000,5.63600000,5.67000000,5.42900000,5.54000000,2325780.30000000,12846993.64740000
1713715200000,5.54000000,5.54500000,5.36100000,5.44900000,2384069.00000000,12976305.22170000
1713729600000,5.45000000,5.56000000,5.42700000,5.53600000,1163454.60000000,6406800.40560000
1713744000000,5.53600000,5.66600000,5.42600000,5.60200000,3647184.30000000,20230370.17860000
1713758400000,5.60200000,5.70000000,5.56000000,5.56700000,2209018.40000000,12440232.77510000
1713772800000,5.56700000,5.61600000,5.48300000,5.51000000,1938521.30000000,10729351.24200000
1713787200000,5.51100000,5.63100000,5.42800000,5.57200000,2481798.00000000,13724401.50200000
1713801600000,5.57200000,5.64900000,5.50000000,5.59100000,1704487.50000000,9516263.85710000
1713816000000,5.59200000,5.66700000,5.55300000,5.59700000,1173102.20000000,6587606.37660000
1713830400000,5.59800000,6.18800000,5.57700000,5.78300000,5536568.90000000,32661537.97000000
1713844800000,5.78300000,5.88000000,5.53300000,5.56200000,4655554.40000000,26675305.78990000
1713859200000,5.56300000,5.66400000,5.48300000,5.54700000,2688772.90000000,15007628.48730000
1713873600000,5.54700000,5.70300000,5.51000000,5.55600000,3171055.30000000,17778822.69950000
1713888000000,5.55800000,5.59900000,5.44600000,5.52300000,2063408.20000000,11388721.64650000
1713902400000,5.52400000,5.52500000,5.31500000,5.40500000,2014834.60000000,10903260.27640000
1713916800000,5.40400000,5.53400000,5.37900000,5.44500000,2369842.60000000,12955817.10700000
1713931200000,5.44500000,5.58800000,5.43100000,5.47500000,1867348.40000000,10283103.73110000
1713945600000,5.47500000,5.51800000,5.39100000,5.49500000,2071055.60000000,11288229.26160000
1713960000000,5.49500000,5.51100000,5.03400000,5.04900000,5701348.10000000,29775761.15410000
1713974400000,5.04800000,5.14900000,4.95600000,5.06500000,2703872.40000000,13714716.91250000
1713988800000,5.06400000,5.09200000,4.85500000,4.92500000,2585001.10000000,12852530.63850000
1714003200000,4.92500000,4.95600000,4.76000000,4.80600000,2076942.70000000,10078854.50470000
1714017600000,4.80900000,4.85700000,4.69600000,4.75300000,2101900.40000000,10063540.65570000
1714032000000,4.75400000,4.84000000,4.65400000,4.79700000,2971260.00000000,14122312.09620000
1714046400000,4.79700000,5.18100000,4.69500000,5.04300000,6934510.20000000,33870938.21600000
1714060800000,5.04500000,5.05800000,4.82200000,4.84300000,2644755.50000000,12980338.74320000
1714075200000,4.84300000,5.01600000,4.81800000,4.87000000,1540543.40000000,7556601.33280000
1714089600000,4.87100000,4.90200000,4.71200000,4.76200000,2646131.40000000,12710696.59760000
1714104000000,4.76200000,4.88400000,4.72800000,4.79000000,1496839.10000000,7202885.25000000
1714118400000,4.79000000,4.84000000,4.69700000,4.73700000,1206784.00000000,5753527.39810000
1714132800000,4.73600000,4.89500000,4.62800000,4.70400000,3354322.00000000,15899674.18870000
1714147200000,4.70400000,4.85900000,4.67000000,4.71900000,1759668.20000000,8369368.92290000
1714161600000,4.71800000,4.76700000,4.59700000,4.70800000,1359979.30000000,6361393.27490000
1714176000000,4.70800000,4.77100000,4.33200000,4.61300000,3638116.20000000,16564483.73040000
1714190400000,4.61500000,4.77500000,4.61500000,4.73000000,1944807.30000000,9147916.02850000
1714204800000,4.73000000,4.85000000,4.62300000,4.74800000,2103389.80000000,9955622.81900000
1714219200000,4.74700000,4.94900000,4.74000000,4.77200000,2954533.10000000,14299508.77080000
1714233600000,4.77100000,4.91000000,4.72500000,4.81600000,2196192.10000000,10557470.15050000
1714248000000,4.81700000,4.93200000,4.78100000,4.87600000,1236526.30000000,6001698.73510000
1714262400000,4.87700000,5.03500000,4.84400000,4.94700000,2015226.50000000,9925741.79860000
1714276800000,4.94900000,5.00000000,4.89700000,4.95200000,1457895.80000000,7198496.47650000
1714291200000,4.95200000,4.96900000,4.77500000,4.80600000,1324317.70000000,6448254.96910000
1714305600000,4.80600000,4.90400000,4.78700000,4.83100000,1240738.70000000,6006487.95470000
1714320000000,4.83100000,4.94300000,4.79500000,4.86700000,1158145.40000000,5638753.82080000
1714334400000,4.86700000,4.88600000,4.67200000,4.70800000,1364512.20000000,6487901.89180000
1714348800000,4.70800000,4.74100000,4.58300000,4.59200000,1659675.90000000,7744330.61650000
1714363200000,4.59000000,4.64900000,4.51200000,4.61500000,1735656.60000000,7969525.92190000
1714377600000,4.61600000,4.69700000,4.56500000,4.58600000,992002.20000000,4583704.44510000
1714392000000,4.58400000,4.74300000,4.53600000,4.70100000,2532355.20000000,11777775.66960000
1714406400000,4.70200000,4.76100000,4.58000000,4.63500000,1760329.60000000,8217623.75390000
1714420800000,4.63500000,4.79900000,4.56200000,4.73100000,1421906.50000000,6683409.78760000
1714435200000,4.73200000,4.85400000,4.68500000,4.79000000,2679811.60000000,12819544.13290000
1714449600000,4.79000000,4.82000000,4.69400000,4.71400000,1403591.70000000,6674334.61980000
1714464000000,4.71300000,4.73600000,4.35500000,4.38700000,4129666.10000000,18629412.88060000
1714478400000,4.38700000,4.46500000,4.27000000,4.39300000,3295138.00000000,14378452.35010000
1714492800000,4.39300000,4.42900000,4.27000000,4.38900000,2491912.00000000,10874226.16950000
1714507200000,4.38900000,4.57900000,4.38900000,4.54000000,1653597.10000000,7460514.26330000
1714521600000,4.53900000,4.56800000,4.40700000,4.47200000,1917218.60000000,8566534.53940000
1714536000000,4.47400000,4.53500000,4.17600000,4.27800000,3168882.70000000,13734066.98350000
1714550400000,4.27900000,4.40600000,4.19400000,4.40300000,2891807.50000000,12459358.99970000
1714564800000,4.40300000,4.54300000,4.38900000,4.50600000,2657213.60000000,11902151.10010000
1714579200000,4.50600000,4.68300000,4.45600000,4.53200000,3088982.10000000,14095630.41960000
1714593600000,4.53200000,4.69100000,4.48500000,4.65100000,1558132.00000000,7192392.80890000
1714608000000,4.65100000,4.68200000,4.44800000,4.49500000,1980959.90000000,8990124.02850000
1714622400000,4.49500000,4.55100000,4.41700000,4.46500000,1702258.90000000,7608185.86410000
1714636800000,4.46500000,4.70700000,4.45400000,4.67200000,2546038.00000000,11609235.81000000
1714651200000,4.67200000,4.75500000,4.54500000,4.61100000,2999537.30000000,13927179.84610000
1714665600000,4.61200000,4.61900000,4.50900000,4.59200000,1784738.60000000,8147515.19970000
1714680000000,4.59200000,4.66600000,4.52700000,4.60400000,1312600.00000000,6045468.20070000
1714694400000,4.60400000,4.84200000,4.56500000,4.82500000,2731893.30000000,12926823.32160000
1714708800000,4.82400000,4.99900000,4.71300000,4.74300000,2774218.00000000,13429645.67670000
1714723200000,4.74200000,4.77200000,4.62600000,4.67700000,1925641.80000000,9056970.11180000
1714737600000,4.67700000,5.06200000,4.66300000,4.99400000,4985786.20000000,24241356.37860000
1714752000000,4.99400000,5.21300000,4.94900000,5.12400000,3105199.50000000,15831738.24860000
1714766400000,5.12400000,5.23100000,5.10300000,5.13200000,3479531.90000000,17966889.28630000
1714780800000,5.13200000,5.18300000,5.06000000,5.11200000,1885998.30000000,9627794.35940000
1714795200000,5.11100000,5.14500000,5.06800000,5.09600000,1275021.80000000,6505625.76910000
1714809600000,5.09500000,5.28000000,5.09000000,5.10600000,3276141.70000000,16963229.76740000
1714824000000,5.10700000,5.17500000,5.03100000,5.13800000,3262413.40000000,16641662.49220000
1714838400000,5.13800000,5.22400000,5.05000000,5.11600000,1654937.90000000,8492641.48770000
1714852800000,5.11700000,5.13700000,5.05100000,5.08800000,843980.10000000,4300010.78660000
1714867200000,5.08800000,5.11700000,4.92800000,5.04500000,2712362.40000000,13610722.25270000
1714881600000,5.04500000,5.29100000,4.97800000,5.22000000,3150631.80000000,16249394.79710000
1714896000000,5.21800000,5.45100000,5.17700000,5.37700000,4586111.10000000,24328675.80850000
1714910400000,5.37700000,5.84000000,5.33700000,5.69000000,8255291.80000000,46168858.69410000
1714924800000,5.69000000,5.85200000,5.63000000,5.69400000,3898028.00000000,22331701.23710000
1714939200000,5.69400000,5.76900000,5.61500000,5.74800000,1753260.20000000,9978066.25120000
1714953600000,5.74700000,5.98300000,5.71400000,5.85700000,4334903.50000000,25238956.40310000
1714968000000,5.85700000,6.41500000,5.80700000,6.33300000,6126516.10000000,37168310.66690000
1714982400000,6.33300000,6.54000000,6.17000000,6.33500000,8631872.00000000,54775670.40130000
1714996800000,6.33600000,6.38800000,6.00200000,6.10600000,9606469.80000000,59174686.53110000
1715011200000,6.10600000,6.23500000,5.95300000,6.12200000,4021567.10000000,24409943.60200000
1715025600000,6.12300000,6.21100000,5.99100000,6.00000000,1899902.80000000,11605066.65920000
1715040000000,6.00000000,6.30600000,5.98500000,6.06200000,4450902.30000000,27343180.12390000
1715054400000,6.06100000,6.17600000,5.90000000,6.07800000,4209708.10000000,25539390.39490000
1715068800000,6.07800000,6.30000000,6.02200000,6.12100000,4959762.10000000,30554934.93640000
1715083200000,6.12100000,6.25000000,6.01300000,6.21800000,4615449.00000000,28337938.80760000
1715097600000,6.21900000,6.31500000,6.02800000,6.05800000,3135174.50000000,19244323.23140000
1715112000000,6.05900000,6.09700000,5.79500000,5.90200000,3432465.00000000,20420308.12640000
1715126400000,5.90100000,5.96100000,5.74400000,5.83800000,3881642.60000000,22709793.94260000
1715140800000,5.83900000,5.89700000,5.75300000,5.78600000,2940325.30000000,17117501.93900000
1715155200000,5.78600000,5.96000000,5.71500000,5.84100000,3376079.10000000,19732615.44530000
1715169600000,5.84200000,5.92000000,5.64400000,5.68500000,4989535.20000000,28874240.09970000
1715184000000,5.68500000,5.70500000,5.33900000,5.36400000,4261150.30000000,23535772.28110000
1715198400000,5.36500000,5.40100000,5.21100000,5.37200000,3384648.00000000,17980224.38290000
1715212800000,5.37200000,5.52900000,5.36500000,5.50400000,2451656.30000000,13394161.82370000
1715227200000,5.50400000,5.58900000,5.45400000,5.49200000,2453010.30000000,13518028.90080000
1715241600000,5.48900000,5.54800000,5.36600000,5.45300000,3593662.90000000,19612083.05230000
1715256000000,5.45300000,5.61000000,5.34500000,5.45100000,4592866.40000000,25072138.28050000
1715270400000,5.45100000,5.67000000,5.39800000,5.50100000,4368956.30000000,24164079.97450000
1715284800000,5.50200000,5.77500000,5.46400000,5.62800000,2381602.70000000,13385785.17220000
1715299200000,5.62800000,6.09500000,5.60200000,6.00500000,3772899.00000000,22282342.51400000
1715313600000,6.00400000,6.03000000,5.82200000,5.86900000,2925583.80000000,17271415.11790000
1715328000000,5.87000000,5.87700000,5.74000000,5.85100000,2497713.20000000,14496374.93780000
1715342400000,5.85100000,5.94300000,5.41500000,5.48200000,8075641.50000000,45504168.52070000
1715356800000,5.48100000,5.56600000,5.35000000,5.39800000,4124667.40000000,22452736.70230000
1715371200000,5.39900000,5.49000000,5.35100000,5.46100000,1979213.40000000,10716683.60700000
1715385600000,5.46200000,5.87700000,5.44700000,5.72400000,4475253.70000000,25526628.65380000
1715400000000,5.72400000,5.85000000,5.68200000,5.82700000,2089397.10000000,12069482.67040000
1715414400000,5.82700000,5.84700000,5.58800000,5.66000000,3139288.90000000,18000427.36360000
1715428800000,5.66000000,5.92500000,5.66000000,5.88700000,3707832.00000000,21506121.28980000
1715443200000,5.88700000,6.06900000,5.81500000,5.88200000,4070860.40000000,24234567.59040000
1715457600000,5.88200000,5.90100000,5.75800000,5.78600000,1309822.90000000,7640442.46300000
1715472000000,5.78600000,5.85700000,5.73500000,5.77800000,1241380.70000000,7182982.97860000
1715486400000,5.77800000,5.93700000,5.76400000,5.78700000,1973514.00000000,11559770.48740000
1715500800000,5.78800000,5.93800000,5.75800000,5.91400000,1841761.40000000,10802691.13640000
1715515200000,5.91400000,6.06200000,5.83900000,5.88400000,2488907.50000000,14812687.63590000
1715529600000,5.88400000,6.02300000,5.86800000,5.88800000,1811419.20000000,10782797.27460000
1715544000000,5.88900000,5.99600000,5.79800000,5.95100000,1381869.10000000,8153762.57680000
1715558400000,5.95100000,6.03600000,5.45000000,5.63000000,5692908.90000000,32409457.91240000
1715572800000,5.62900000,5.89700000,5.52300000,5.86600000,3843271.20000000,21853019.25080000
1715587200000,5.86600000,5.97400000,5.68600000,5.78300000,4984505.50000000,29112905.84290000
1715601600000,5.78300000,5.93000000,5.71300000,5.82800000,4000016.90000000,23303106.21160000
1715616000000,5.82700000,6.33200000,5.38000000,5.57400000,13808197.80000000,80325349.53970000
1715630400000,5.57500000,5.72900000,5.48600000,5.64200000,3196815.40000000,17884726.70220000
1715644800000,5.64100000,5.67500000,5.25200000,5.33800000,5459166.80000000,29902562.42800000
1715659200000,5.33600000,5.39600000,5.12100000,5.28700000,7757587.60000000,40869977.36520000
1715673600000,5.28600000,5.28900000,5.03600000,5.05200000,5914782.40000000,30575152.15710000
1715688000000,5.05100000,5.15200000,4.85800000,4.87500000,8754086.60000000,43954476.37200000
1715702400000,4.87600000,4.87800000,4.59800000,4.66600000,6969495.60000000,32839951.75190000
1715716800000,4.66600000,4.84000000,4.64400000,4.77600000,2996604.30000000,14194817.34010000
1715731200000,4.77600000,4.97700000,4.77100000,4.92300000,4151068.10000000,20270668.59800000
1715745600000,4.92300000,4.92900000,4.76700000,4.76900000,2702539.00000000,13086579.77560000
1715760000000,4.76800000,4.87600000,4.66700000,4.72400000,4283464.50000000,20493713.56230000
1715774400000,4.72500000,5.05700000,4.70700000,4.90800000,9653185.10000000,47595707.61790000
1715788800000,4.90800000,5.11500000,4.84400000,5.08900000,3772672.80000000,18661437.09850000
1715803200000,5.09000000,5.16200000,5.03800000,5.08300000,2399247.50000000,12240366.63090000
1715817600000,5.08300000,5.12400000,4.96600000,5.04500000,2962820.60000000,14893781.77860000
1715832000000,5.04500000,5.09200000,4.99200000,5.04000000,2124820.20000000,10695237.40210000
1715846400000,5.04000000,5.05100000,4.89200000,4.93300000,2660785.40000000,13184184.77700000
1715860800000,4.93100000,4.94700000,4.64600000,4.74200000,4764253.70000000,22781843.34140000
1715875200000,4.74300000,4.87900000,4.70600000,4.86700000,2017113.60000000,9666006.07970000
1715889600000,4.86700000,4.89500000,4.80800000,4.84200000,1530546.70000000,7427814.76620000
1715904000000,4.84100000,4.93300000,4.81100000,4.89900000,1359466.40000000,6635198.43700000
1715918400000,4.90000000,5.01000000,4.87800000,4.96700000,1754807.80000000,8679056.12310000
1715932800000,4.96700000,4.98400000,4.84600000,4.85700000,1823989.00000000,8923945.27640000
1715947200000,4.85600000,5.00000000,4.82800000,4.96400000,3100674.40000000,15237455.69270000
1715961600000,4.96400000,5.08600000,4.91300000,4.96100000,2932026.80000000,14660700.73880000
1715976000000,4.96000000,4.98200000,4.89600000,4.89800000,735667.40000000,3634761.32660000
1715990400000,4.89800000,5.08300000,4.88600000,5.06600000,1795715.20000000,8943856.12780000
1716004800000,5.06600000,5.08200000,4.97000000,4.98300000,1430661.70000000,7190344.59340000
1716019200000,4.98200000,5.02200000,4.95500000,4.97500000,1076628.80000000,5371421.18090000
1716033600000,4.97400000,4.97900000,4.80800000,4.90900000,2324768.80000000,11376453.20830000
1716048000000,4.90800000,5.07000000,4.90000000,4.98400000,1535416.90000000,7674214.61670000
1716062400000,4.98300000,5.01400000,4.95400000,4.97900000,600418.30000000,2988152.68380000
1716076800000,4.97800000,5.01900000,4.94800000,4.99200000,858188.30000000,4280063.95750000
1716091200000,4.99200000,4.99200000,4.87800000,4.93100000,1050062.60000000,5178011.18620000
1716105600000,4.93200000,4.94500000,4.83100000,4.88500000,1315963.40000000,6424069.99670000
1716120000000,4.88600000,4.89500000,4.72700000,4.78800000,1718353.10000000,8236440.62990000
1716134400000,4.78900000,4.80200000,4.70900000,4.71500000,1148573.00000000,5453802.21900000
1716148800000,4.71500000,4.75100000,4.65900000,4.70000000,893164.50000000,4202345.28880000
1716163200000,4.69900000,4.79200000,4.64000000,4.76100000,1765792.70000000,8335616.11380000
1716177600000,4.76100000,4.86900000,4.70100000,4.81700000,1836184.40000000,8807721.06230000
1716192000000,4.81600000,4.86100000,4.77100000,4.80100000,1720489.10000000,8281799.04430000
1716206400000,4.80100000,4.84700000,4.71700000,4.80200000,1596097.60000000,7620429.76460000
1716220800000,4.80200000,5.01500000,4.78300000,4.99800000,3476607.30000000,17046708.50180000
1716235200000,4.99800000,5.09800000,4.90600000,5.06600000,4315439.40000000,21608169.49190000
1716249600000,5.06700000,5.15700000,4.95700000,5.03700000,4175128.70000000,21081819.44720000
1716264000000,5.03700000,5.18900000,5.03700000,5.13700000,3083009.40000000,15820231.53750000
1716278400000,5.13700000,5.24000000,5.11300000,5.14600000,3390896.40000000,17516776.85180000
1716292800000,5.14600000,5.18700000,5.01200000,5.03000000,5356818.60000000,27330889.31270000
1716307200000,5.03000000,5.11800000,4.92700000,4.95300000,3396153.50000000,17140143.74020000
1716321600000,4.95400000,5.12500000,4.95200000,5.09600000,1920753.50000000,9702618.80620000
1716336000000,5.09700000,5.14400000,4.99300000,5.07400000,1765187.90000000,8941847.17460000
1716350400000,5.07400000,5.12000000,4.95500000,5.07600000,2188732.20000000,11057608.42630000
1716364800000,5.07600000,5.15200000,5.02500000,5.04300000,1998267.50000000,10161698.42020000
1716379200000,5.04300000,5.18500000,4.90500000,5.14400000,6258238.70000000,31465106.22070000
1716393600000,5.14500000,5.18900000,4.94700000,5.06100000,3498330.50000000,17730954.29310000
1716408000000,5.06300000,5.26400000,4.94000000,4.96900000,5151065.80000000,26142560.38210000
1716422400000,4.96900000,5.01700000,4.88000000,4.97100000,2485340.90000000,12311312.41580000
1716436800000,4.97100000,4.98500000,4.90400000,4.95100000,1884026.00000000,9309168.12160000
1716451200000,4.95100000,4.95600000,4.82000000,4.89800000,2849389.40000000,13916254.74520000
1716465600000,4.89700000,4.90900000,4.39600000,4.59100000,9624165.00000000,44666732.40640000
1716480000000,4.59000000,4.70100000,4.50900000,4.64200000,3251661.10000000,15060085.21480000
1716494400000,4.64100000,4.83500000,4.40000000,4.69700000,5609668.40000000,26176550.48710000
1716508800000,4.69700000,4.76700000,4.67400000,4.72800000,1461644.50000000,6886415.55870000
1716523200000,4.72800000,4.74000000,4.50800000,4.62100000,2663544.80000000,12282058.76000000
1716537600000,4.62100000,4.63400000,4.54500000,4.60600000,2182916.70000000,10039009.77650000
1716552000000,4.60600000,4.62300000,4.50300000,4.53500000,2561438.80000000,11700026.47510000
1716566400000,4.53500000,4.60400000,4.46800000,4.58100000,1663633.80000000,7532123.40450000
1716580800000,4.58100000,4.60500000,4.55500000,4.58900000,894123.40000000,4087964.33580000
1716595200000,4.58900000,4.62800000,4.57200000,4.61200000,754651.10000000,3471099.90580000
1716609600000,4.61200000,4.72000000,4.60500000,4.70800000,1644164.70000000,7678599.64180000
1716624000000,4.70800000,4.81600000,4.69800000,4.77400000,2127141.00000000,10113287.82900000
1716638400000,4.77600000,4.79900000,4.70500000,4.76800000,2036236.50000000,9670135.79150000
1716652800000,4.76800000,4.77000000,4.72300000,4.72500000,936639.40000000,4440030.97460000
1716667200000,4.72500000,4.73100000,4.69100000,4.70900000,870405.20000000,4097914.98760000
1716681600000,4.71000000,4.74300000,4.63000000,4.67800000,1263852.30000000,5921475.69880000
1716696000000,4.67900000,4.72300000,4.65100000,4.69300000,878374.70000000,4112002.90780000
1716710400000,4.69300000,4.72600000,4.58900000,4.62400000,1316729.30000000,6104045.80510000
1716724800000,4.62400000,4.64600000,4.54800000,4.57800000,1965268.50000000,9027218.68300000
1716739200000,4.57900000,4.61600000,4.53000000,4.55900000,1121683.40000000,5120198.55680000
1716753600000,4.55900000,4.59100000,4.48600000,4.53400000,999622.70000000,4537816.86990000
1716768000000,4.53400000,4.61200000,4.52400000,4.58800000,1163255.00000000,5328597.49460000
1716782400000,4.59000000,4.60900000,4.50900000,4.56700000,1146816.30000000,5222907.41230000
1716796800000,4.56700000,4.63700000,4.55800000,4.61100000,1533481.90000000,7045565.75280000
1716811200000,4.61100000,4.73600000,4.59000000,4.70900000,2646521.40000000,12369850.05910000
1716825600000,4.70900000,4.87400000,4.70700000,4.84000000,3402646.10000000,16272835.76970000
1716840000000,4.84000000,4.86900000,4.76400000,4.80600000,1985512.70000000,9559290.00280000
1716854400000,4.80700000,4.81000000,4.57500000,4.61800000,3632329.80000000,16956968.90070000
1716868800000,4.61800000,4.63700000,4.54500000,4.59200000,2054432.80000000,9433342.92210000
1716883200000,4.59200000,4.70500000,4.57800000,4.66100000,1981949.40000000,9225435.77520000
1716897600000,4.66100000,4.67900000,4.55900000,4.60600000,2741807.20000000,12647353.56760000
1716912000000,4.60600000,4.66300000,4.56700000,4.64600000,1606008.70000000,7408214.73000000
1716926400000,4.64600000,4.71300000,4.59400000,4.66600000,1637702.90000000,7628213.79300000
1716940800000,4.66700000,4.80500000,4.65200000,4.79600000,2092838.50000000,9877838.06360000
1716955200000,4.79600000,4.86900000,4.76800000,4.78000000,3528208.40000000,16997899.77760000
1716969600000,4.77900000,4.98500000,4.70900000,4.87000000,8301368.70000000,40495096.33870000
1716984000000,4.87000000,4.95900000,4.77700000,4.79700000,5117519.80000000,24944200.07100000
1716998400000,4.79700000,5.02900000,4.75000000,4.82200000,5955615.20000000,29251698.97980000
1717012800000,4.82200000,4.96300000,4.80200000,4.93300000,3161402.20000000,15435861.46530000
1717027200000,4.93300000,5.05200000,4.85800000,5.02300000,4642349.70000000,23056460.74120000
1717041600000,5.02300000,5.03400000,4.71900000,4.75400000,4576626.10000000,22351537.62390000
1717056000000,4.75400000,4.98900000,4.68400000,4.92600000,4794830.90000000,23343106.57660000
1717070400000,4.92600000,5.18700000,4.92100000,5.08600000,7136577.00000000,36357444.98600000
1717084800000,5.08600000,5.14800000,5.00000000,5.01200000,2684976.60000000,13625336.46710000
1717099200000,5.01300000,5.01400000,4.88000000,4.93500000,2103392.10000000,10378250.74760000
1717113600000,4.93500000,4.94300000,4.85000000,4.88900000,1853457.10000000,9069249.18430000
1717128000000,4.88800000,4.92700000,4.78700000,4.83600000,2583052.50000000,12514159.61800000
1717142400000,4.83400000,4.93200000,4.80900000,4.90000000,1963510.50000000,9554067.67680000
1717156800000,4.90000000,4.97200000,4.74300000,4.75000000,4094330.90000000,19868154.77160000
1717171200000,4.75000000,4.87800000,4.70800000,4.84800000,1641072.70000000,7887287.80870000
1717185600000,4.84800000,4.89100000,4.82100000,4.83400000,867865.20000000,4218538.19900000
1717200000000,4.83500000,4.94100000,4.80600000,4.86800000,1633700.30000000,7977881.71220000
1717214400000,4.86800000,4.91100000,4.84200000,4.86800000,972212.20000000,4746278.13970000
1717228800000,4.86900000,4.89900000,4.77500000,4.78300000,1348564.70000000,6511947.17970000
1717243200000,4.78300000,4.84000000,4.75900000,4.80500000,1359078.80000000,6523382.61290000
1717257600000,4.80500000,4.83400000,4.76600000,4.77700000,999852.60000000,4798948.91450000
1717272000000,4.77700000,4.83600000,4.77700000,4.79300000,875806.60000000,4208190.76940000
1717286400000,4.79300000,4.84000000,4.77900000,4.81800000,1074167.60000000,5168924.81950000
1717300800000,4.81800000,4.83300000,4.74600000,4.75500000,1125228.60000000,5388157.35400000
1717315200000,4.75600000,4.80500000,4.72700000,4.79600000,1854071.80000000,8819241.74360000
1717329600000,4.79600000,4.86200000,4.75800000,4.82500000,1336900.10000000,6433902.55850000
1717344000000,4.82600000,4.83600000,4.59100000,4.71800000,2761744.10000000,12966696.43790000
1717358400000,4.71700000,4.73100000,4.66200000,4.67800000,980008.10000000,4588121.63580000
1717372800000,4.67900000,4.73200000,4.62300000,4.67700000,1417106.50000000,6639795.50130000
1717387200000,4.67900000,4.77700000,4.61800000,4.77200000,1623706.30000000,7640966.59470000
1717401600000,4.77400000,4.81500000,4.73500000,4.79400000,1479264.20000000,7071793.72390000
1717416000000,4.79300000,4.82400000,4.66400000,4.74500000,2569846.90000000,12223405.46120000
1717430400000,4.74300000,4.79700000,4.67700000,4.79600000,1289861.50000000,6109189.76770000
1717444800000,4.79700000,4.87800000,4.78600000,4.80900000,2388934.10000000,11534807.04530000
1717459200000,4.80900000,4.89900000,4.80400000,4.82100000,1609923.50000000,7817844.46940000
1717473600000,4.82000000,4.83500000,4.72300000,4.73800000,1727474.70000000,8259416.91070000
1717488000000,4.73800000,4.76600000,4.68400000,4.72000000,1269149.70000000,5993518.99990000
1717502400000,4.72000000,4.77600000,4.68300000,4.76200000,2732387.30000000,12905855.87220000
1717516800000,4.76300000,4.80500000,4.73900000,4.79400000,1775072.50000000,8477846.96760000
1717531200000,4.79400000,4.83700000,4.76300000,4.82000000,1405753.00000000,6762342.80490000
1717545600000,4.82000000,4.86400000,4.79100000,4.79500000,2113465.90000000,10203362.48890000
1717560000000,4.79500000,4.94300000,4.78300000,4.88400000,2261979.00000000,11024609.27470000
1717574400000,4.88400000,4.94600000,4.86500000,4.88900000,3265076.80000000,15975104.89870000
1717588800000,4.88900000,5.13000000,4.85400000,4.96400000,6406861.60000000,32018924.49360000
1717603200000,4.96300000,5.00100000,4.88900000,4.93600000,2007800.80000000,9922864.00510000
1717617600000,4.93700000,4.94500000,4.88400000,4.93100000,935764.30000000,4594990.92390000
1717632000000,4.93100000,4.93700000,4.87300000,4.89400000,1350973.10000000,6626881.04490000
1717646400000,4.89400000,5.02800000,4.87700000,5.01100000,2511290.40000000,12429035.33220000
1717660800000,5.01200000,5.06400000,4.98100000,4.99300000,3376978.60000000,16955521.21980000
1717675200000,4.99300000,5.08900000,4.87900000,4.92700000,4956386.70000000,24700071.71860000
1717689600000,4.92700000,4.93600000,4.77700000,4.79700000,2829546.60000000,13720146.55780000
1717704000000,4.79700000,4.83300000,4.73400000,4.80900000,1808717.20000000,8671719.20660000
1717718400000,4.80900000,4.87900000,4.79400000,4.86100000,1780277.80000000,8599194.20360000
1717732800000,4.86000000,4.95700000,4.85800000,4.92200000,1772288.50000000,8715266.42900000
1717747200000,4.92300000,4.95900000,4.84900000,4.90500000,1447873.80000000,7102934.29440000
1717761600000,4.90600000,4.96800000,4.80200000,4.94800000,4312569.10000000,21126530.26250000
1717776000000,4.94800000,4.95500000,3.90000000,4.29000000,13405431.00000000,58803939.30650000
1717790400000,4.29100000,4.44800000,4.23200000,4.41600000,4291401.10000000,18623398.87400000
1717804800000,4.41800000,4.51000000,4.38100000,4.46000000,2165504.90000000,9644752.97730000
1717819200000,4.46000000,4.46700000,4.41800000,4.44500000,1298873.80000000,5772629.42380000
1717833600000,4.44400000,4.45000000,4.28000000,4.31400000,2114660.60000000,9250204.64110000
1717848000000,4.31300000,4.35500000,4.25000000,4.29000000,3359787.70000000,14481422.19410000
1717862400000,4.29000000,4.30000000,4.16100000,4.21500000,2669334.50000000,11318586.88590000
1717876800000,4.21500000,4.26200000,4.16500000,4.24700000,1296200.90000000,5458770.91220000
1717891200000,4.24700000,4.29100000,4.18900000,4.20500000,1533518.30000000,6497403.51490000
1717905600000,4.20500000,4.26700000,4.18800000,4.23800000,1091189.40000000,4618758.03490000
1717920000000,4.23800000,4.28800000,4.22500000,4.26500000,812957.70000000,3465911.45570000
1717934400000,4.26500000,4.31900000,4.24300000,4.25500000,1570488.90000000,6708697.32140000
1717948800000,4.25500000,4.28400000,4.23800000,4.25500000,816134.70000000,3478274.12570000
1717963200000,4.25500000,4.26000000,4.20600000,4.24000000,876553.20000000,3708944.13710000
1717977600000,4.24000000,4.24200000,4.11200000,4.16700000,1794454.30000000,7509030.93020000
1717992000000,4.16800000,4.17700000,4.00100000,4.00800000,3252582.70000000,13283522.07820000
1718006400000,4.00800000,4.30300000,3.97800000,4.28600000,4129889.50000000,17185975.36940000
1718020800000,4.28600000,4.40700000,4.19300000,4.35400000,3889914.50000000,16723066.61090000
1718035200000,4.35500000,4.36200000,4.12900000,4.14400000,5709478.90000000,24240165.00970000
1718049600000,4.14400000,4.14500000,4.00300000,4.06200000,2211088.30000000,8985239.38700000
1718064000000,4.06200000,4.10900000,3.82500000,3.99400000,5093522.40000000,20215311.73130000
1718078400000,3.99100000,4.01100000,3.88900000,3.95200000,2971779.90000000,11799227.09970000
1718092800000,3.95200000,4.02800000,3.94000000,3.94500000,2974783.60000000,11840791.57380000
1718107200000,3.94500000,3.96600000,3.70100000,3.77800000,5968837.00000000,22883162.21630000
1718121600000,3.77700000,3.84700000,3.71100000,3.76800000,2988438.60000000,11293107.09360000
1718136000000,3.76700000,3.84700000,3.75300000,3.80200000,1130327.30000000,4305159.82300000
1718150400000,3.80100000,3.83600000,3.63200000,3.82200000,2972478.60000000,11098245.31930000
1718164800000,3.82300000,3.88400000,3.81800000,3.85800000,1881683.20000000,7244871.51720000
1718179200000,3.85800000,3.94200000,3.83300000,3.84800000,2340624.70000000,9078422.26220000
1718193600000,3.84800000,4.15000000,3.84800000,4.00700000,4914157.60000000,19750873.64410000
1718208000000,4.00700000,4.03500000,3.78000000,3.81500000,4127888.90000000,16186978.25060000
1718222400000,3.81500000,3.91700000,3.78600000,3.86800000,1257469.10000000,4872522.79220000
1718236800000,3.86900000,3.90300000,3.66500000,3.74900000,3421683.90000000,12915865.16240000
1718251200000,3.75000000,3.80500000,3.72900000,3.77000000,1290211.60000000,4862789.85120000
1718265600000,3.77100000,3.78500000,3.71000000,3.72200000,1482925.20000000,5555539.87710000
1718280000000,3.72200000,3.80000000,3.61900000,3.63600000,3336834.90000000,12382714.84910000
1718294400000,3.63700000,3.72200000,3.60300000,3.69000000,1444855.30000000,5309880.03860000
1718308800000,3.69100000,3.70800000,3.60800000,3.64100000,831980.00000000,3038386.73690000
1718323200000,3.64100000,3.69100000,3.57500000,3.64300000,2052184.60000000,7461409.45410000
1718337600000,3.64400000,3.71100000,3.64300000,3.68100000,1206027.40000000,4438897.36550000
1718352000000,3.68200000,3.73500000,3.66700000,3.69200000,1220471.90000000,4515237.68410000
1718366400000,3.69200000,3.70900000,3.53700000,3.57000000,2777719.80000000,10016953.79350000
1718380800000,3.57100000,3.57100000,3.30000000,3.35400000,6729490.00000000,22856746.77170000
1718395200000,3.35500000,3.47900000,3.35100000,3.43200000,1239937.30000000,4234442.94110000
1718409600000,3.43200000,3.49800000,3.41800000,3.49600000,1225214.00000000,4229435.45250000
1718424000000,3.49600000,3.50900000,3.46700000,3.47000000,910609.90000000,3176223.11750000
1718438400000,3.47000000,3.49300000,3.44500000,3.46100000,622205.00000000,2157593.30470000
1718452800000,3.46100000,3.50000000,3.43800000,3.46800000,1057044.60000000,3663565.66950000
1718467200000,3.46800000,3.48400000,3.38700000,3.40000000,1036068.80000000,3559973.81340000
1718481600000,3.40000000,3.40900000,3.36200000,3.38700000,904450.20000000,3059259.83240000
1718496000000,3.38800000,3.38900000,3.28000000,3.31700000,2555070.80000000,8488634.56750000
1718510400000,3.31700000,3.37600000,3.28400000,3.37200000,1259474.70000000,4195605.95920000
1718524800000,3.37200000,3.44700000,3.35000000,3.42400000,1552693.30000000,5289037.71540000
1718539200000,3.42400000,3.47800000,3.41700000,3.46600000,973655.20000000,3356142.82850000
1718553600000,3.46500000,3.49200000,3.42700000,3.44500000,700833.50000000,2420532.31830000
1718568000000,3.44600000,3.50500000,3.43400000,3.45600000,1035621.70000000,3590828.69290000
1718582400000,3.45600000,3.49200000,3.33400000,3.35100000,2249814.70000000,7643770.73180000
1718596800000,3.35200000,3.39100000,3.25300000,3.29000000,2758756.40000000,9171338.47480000
1718611200000,3.29100000,3.32100000,3.13000000,3.18800000,4868119.10000000,15614156.31360000
1718625600000,3.18800000,3.21500000,3.11900000,3.12900000,3827951.40000000,12114541.01450000
1718640000000,3.12800000,3.24400000,2.97000000,3.16300000,5069112.30000000,15822249.52600000
1718654400000,3.16400000,3.17400000,3.02000000,3.02700000,2327095.00000000,7179764.09300000
1718668800000,3.02600000,3.04300000,2.50600000,2.79500000,15160744.20000000,42010480.86910000
1718683200000,2.79400000,2.82500000,2.71800000,2.75800000,4025274.60000000,11208631.27460000
1718697600000,2.75900000,2.77900000,2.63800000,2.70900000,3978299.00000000,10790371.15110000
1718712000000,2.70900000,2.75900000,2.58900000,2.75200000,5836621.70000000,15611621.90310000
1718726400000,2.75200000,2.75500000,2.67300000,2.74800000,2551632.60000000,6919563.80120000
1718740800000,2.74800000,2.83800000,2.71800000,2.82600000,2266110.70000000,6302138.32240000
1718755200000,2.82600000,2.92200000,2.75500000,2.82700000,4048054.10000000,11550220.67860000
1718769600000,2.82800000,2.87900000,2.81400000,2.84400000,2130179.50000000,6065213.59950000
1718784000000,2.84500000,2.85000000,2.74700000,2.76600000,2293901.50000000,6409536.31750000
1718798400000,2.76600000,2.88400000,2.75500000,2.77800000,3047050.20000000,8548660.93350000
1718812800000,2.77800000,2.86900000,2.75500000,2.78700000,1725577.20000000,4856379.46940000
1718827200000,2.78800000,2.83700000,2.76500000,2.79700000,1196487.40000000,3344332.64360000
1718841600000,2.79700000,2.90400000,2.76200000,2.88600000,3493253.70000000,9918450.27040000
1718856000000,2.88600000,3.15200000,2.85400000,3.14700000,5444644.80000000,16379452.37360000
1718870400000,3.14800000,3.20300000,3.07500000,3.14000000,5931419.40000000,18610856.81930000
1718884800000,3.13900000,3.15100000,2.92300000,2.95100000,5388077.10000000,16245525.63610000
1718899200000,2.95100000,3.13300000,2.87800000,3.11100000,5653499.10000000,17110057.24310000
1718913600000,3.10900000,3.13200000,3.02700000,3.03300000,2945787.10000000,9056126.25730000
1718928000000,3.03300000,3.11200000,2.97400000,3.00900000,3362130.70000000,10204180.54850000
1718942400000,3.01000000,3.09900000,2.96000000,2.99200000,2954436.60000000,8918597.49430000
1718956800000,2.99300000,3.13500000,2.96100000,3.11400000,4064147.20000000,12405977.41120000
1718971200000,3.11500000,3.13900000,3.00000000,3.08000000,3999490.10000000,12244118.37430000
1718985600000,3.08000000,3.10900000,2.97100000,3.06700000,2185249.50000000,6645747.60720000
1719000000000,3.06700000,3.07700000,2.96300000,2.98100000,1359432.10000000,4085018.53350000
1719014400000,2.98100000,3.00100000,2.90700000,2.97900000,2357764.60000000,6966264.34440000
1719028800000,2.97900000,3.04800000,2.96900000,3.02600000,1955818.60000000,5899404.36180000
1719043200000,3.02600000,3.06200000,2.98700000,3.01400000,2109330.10000000,6376859.27100000
1719057600000,3.01400000,3.07000000,2.97100000,3.05400000,2171138.50000000,6543058.16520000
1719072000000,3.05400000,3.07400000,2.96300000,2.98100000,1806361.10000000,5451801.42840000
1719086400000,2.98100000,2.98200000,2.90700000,2.93700000,1232732.90000000,3622893.45010000
1719100800000,2.93700000,3.02700000,2.92500000,3.00600000,1687130.60000000,5040438.61190000
1719115200000,3.00600000,3.03100000,2.98900000,3.01500000,952204.90000000,2866697.76000000
1719129600000,3.01400000,3.03200000,2.95300000,2.97100000,1457107.60000000,4363883.76740000
1719144000000,2.97100000,3.00700000,2.88900000,2.90400000,1855219.30000000,5475737.24140000
1719158400000,2.90400000,2.91100000,2.82700000,2.86300000,1937298.40000000,5547518.94390000
1719172800000,2.86400000,2.87500000,2.79700000,2.81900000,2146287.00000000,6073431.51080000
1719187200000,2.82000000,2.85900000,2.76900000,2.80900000,2386395.80000000,6730601.82420000
1719201600000,2.80900000,2.81700000,2.70000000,2.72700000,2564565.60000000,7041890.90480000
1719216000000,2.72700000,2.84100000,2.63900000,2.79800000,5142537.50000000,14218949.77330000
1719230400000,2.79800000,2.85800000,2.75900000,2.79300000,2088752.40000000,5860987.13770000
1719244800000,2.79200000,2.84900000,2.76600000,2.79100000,2427290.50000000,6816735.36940000
1719259200000,2.79100000,2.93500000,2.74600000,2.90400000,3067844.40000000,8746845.28480000
1719273600000,2.90500000,2.99900000,2.88100000,2.97400000,2667105.30000000,7842166.32760000
1719288000000,2.97400000,2.99700000,2.91500000,2.92200000,1908788.90000000,5640102.56970000
1719302400000,2.92300000,2.93500000,2.88100000,2.92300000,1880493.40000000,5472021.63320000
1719316800000,2.92200000,2.96200000,2.89600000,2.95400000,2161387.00000000,6334742.46350000
1719331200000,2.95600000,2.96900000,2.86000000,2.91400000,2182905.10000000,6340636.91900000
1719345600000,2.91500000,2.91700000,2.83100000,2.85200000,1556836.30000000,4464095.07460000
1719360000000,2.85200000,2.91900000,2.82800000,2.87000000,2185633.80000000,6266543.72180000
1719374400000,2.87000000,2.93500000,2.83300000,2.88200000,2601729.20000000,7496086.42570000
1719388800000,2.88100000,2.88400000,2.81200000,2.83300000,1524208.50000000,4333070.52760000
1719403200000,2.83400000,2.90700000,2.78100000,2.80400000,3129559.20000000,8875922.98160000
1719417600000,2.80500000,2.82100000,2.72200000,2.78900000,1893589.30000000,5230560.06330000
1719432000000,2.78900000,2.83800000,2.75700000,2.78200000,1126439.80000000,3151053.44170000
1719446400000,2.78300000,2.78300000,2.72900000,2.73900000,1318083.00000000,3623899.93580000
1719460800000,2.74000000,2.76500000,2.69500000,2.71500000,1378135.00000000,3752876.16130000
1719475200000,2.71500000,2.82400000,2.70100000,2.78300000,2118626.50000000,5881424.35680000
1719489600000,2.78300000,2.84100000,2.76100000,2.80600000,3569932.00000000,10021052.95320000
1719504000000,2.80600000,2.83000000,2.77500000,2.79000000,1229274.00000000,3443218.77030000
1719518400000,2.79100000,2.82700000,2.77800000,2.78600000,713154.20000000,1997278.11310000
1719532800000,2.78700000,2.82000000,2.73400000,2.77500000,1970677.40000000,5477669.72350000
1719547200000,2.77500000,2.83500000,2.76700000,2.81500000,1573170.90000000,4411038.62070000
1719561600000,2.81500000,2.84500000,2.78600000,2.81800000,1890874.70000000,5331250.27540000
1719576000000,2.81800000,2.87000000,2.80000000,2.83400000,4557380.00000000,12832436.06830000
1719590400000,2.83500000,2.84300000,2.73100000,2.74400000,3021592.10000000,8384472.30020000
1719604800000,2.74500000,2.75700000,2.65200000,2.67600000,1915746.00000000,5150295.88220000
1719619200000,2.67700000,2.73300000,2.66000000,2.71600000,1578234.20000000,4242108.45180000
1719633600000,2.71600000,2.74300000,2.67500000,2.72300000,1021101.50000000,2765263.26030000
1719648000000,2.72400000,2.75100000,2.70800000,2.74400000,970285.20000000,2646926.54880000
1719662400000,2.74400000,2.77500000,2.73500000,2.74500000,1097577.00000000,3020708.38810000
1719676800000,2.74500000,2.74700000,2.57800000,2.60500000,2768871.40000000,7329350.23960000
1719691200000,2.60500000,2.61000000,2.55500000,2.56000000,1631851.40000000,4207939.26970000
1719705600000,2.56100000,2.57100000,2.49700000,2.52100000,2852024.20000000,7211613.28460000
1719720000000,2.52200000,2.58300000,2.48800000,2.56200000,2599106.10000000,6586620.41760000
1719734400000,2.56200000,2.58500000,2.50700000,2.51500000,2144190.60000000,5460044.33490000
1719748800000,2.51600000,2.52600000,2.40500000,2.42000000,5700170.90000000,13944968.80200000
1719763200000,2.42000000,2.47400000,2.32800000,2.44600000,6245072.50000000,15017296.00350000
1719777600000,2.44600000,2.50700000,2.40100000,2.47000000,3242651.20000000,7989617.29430000
1719792000000,2.47000000,2.50700000,2.42300000,2.43200000,4248692.30000000,10458721.18800000
1719806400000,2.43300000,2.44400000,2.34200000,2.35900000,5146356.60000000,12240218.00370000
1719820800000,2.35900000,2.36100000,2.28000000,2.29500000,6728482.60000000,15580516.35460000
1719835200000,2.29500000,2.34100000,2.23200000,2.25800000,5599110.70000000,12800592.29760000
1719849600000,2.25700000,2.37500000,2.23700000,2.35600000,4945559.20000000,11424375.38520000
1719864000000,2.35500000,2.36700000,2.27500000,2.27900000,2240970.20000000,5199142.09420000
1719878400000,2.27900000,2.34900000,2.23900000,2.31600000,4580939.80000000,10507138.14450000
1719892800000,2.31700000,2.37600000,2.29100000,2.34800000,3266262.90000000,7659867.31570000
1719907200000,2.34900000,2.37400000,2.31500000,2.33600000,2485970.30000000,5827925.23420000
1719921600000,2.33500000,2.42900000,2.28800000,2.29900000,6197652.90000000,14615160.16360000
1719936000000,2.29900000,2.32000000,2.25600000,2.31600000,3084074.40000000,7045925.46940000
1719950400000,2.31600000,2.33100000,2.27400000,2.27700000,1317311.40000000,3028349.79040000
1719964800000,2.27700000,2.28600000,2.13900000,2.19900000,4768382.00000000,10534984.27610000
1719979200000,2.19900000,2.32500000,2.17400000,2.32100000,3938089.20000000,8887677.65460000
1719993600000,2.32100000,2.41300000,2.29900000,2.38600000,6907071.80000000,16255322.74550000
1720008000000,2.38600000,2.56100000,2.30800000,2.48300000,15314009.90000000,37749561.62940000
1720022400000,2.48200000,2.54100000,2.35400000,2.36200000,6735743.90000000,16451325.01280000
1720036800000,2.36200000,2.39800000,2.28200000,2.28600000,5376824.10000000,12560480.50850000
1720051200000,2.28700000,2.29900000,2.14300000,2.26000000,11087605.50000000,24488254.35680000
1720065600000,2.26000000,2.39800000,2.25300000,2.38800000,10262522.90000000,24087124.00240000
1720080000000,2.38900000,2.38900000,2.28100000,2.30700000,9123485.10000000,21324205.26610000
1720094400000,2.30600000,2.31700000,2.20200000,2.28600000,8371950.70000000,18844329.61710000
1720108800000,2.28600000,2.28700000,2.16100000,2.16900000,5197751.90000000,11480864.19770000
1720123200000,2.16900000,2.21100000,2.06200000,2.09300000,5062864.90000000,10766911.60440000
1720137600000,2.09200000,2.09200000,1.75000000,1.81200000,21529011.90000000,40844238.42190000
1720152000000,1.81100000,1.92000000,1.77400000,1.83400000,7931560.60000000,14666893.90620000
1720166400000,1.83400000,1.92200000,1.77300000,1.89600000,7459866.20000000,13660597.19170000
1720180800000,1.89500000,1.89600000,1.81800000,1.85700000,6578144.00000000,12227769.53200000
1720195200000,1.85600000,1.94600000,1.84300000,1.87900000,5642184.50000000,10704132.44160000
1720209600000,1.87800000,1.89000000,1.81200000,1.82700000,3467926.50000000,6399431.24720000
1720224000000,1.82700000,1.89000000,1.75900000,1.82100000,5542366.10000000,10085937.41900000
1720238400000,1.82100000,1.85300000,1.80000000,1.83400000,3121123.00000000,5698963.92030000
1720252800000,1.83500000,1.92900000,1.81400000,1.91700000,5170308.10000000,9679746.70810000
1720267200000,1.91600000,1.94700000,1.87800000,1.90500000,4979454.50000000,9516273.52500000
1720281600000,1.90500000,1.98200000,1.88700000,1.96500000,5101144.20000000,9919228.50470000
1720296000000,1.96600000,2.04000000,1.96100000,2.00700000,2961131.00000000,5933197.05010000
1720310400000,2.00600000,2.00700000,1.92000000,1.97700000,3205809.50000000,6312642.03360000
1720324800000,1.97700000,1.98300000,1.88100000,1.90400000,3197401.70000000,6148676.50880000
1720339200000,1.90300000,1.96100000,1.88800000,1.94700000,2383323.10000000,4588409.57410000
1720353600000,1.94600000,1.95800000,1.83900000,1.94600000,4953828.30000000,9400607.09970000
1720368000000,1.94600000,1.99800000,1.93600000,1.98200000,3244073.30000000,6388643.36710000
1720382400000,1.98200000,1.99500000,1.86600000,1.87700000,2968885.70000000,5702433.40790000
1720396800000,1.87800000,1.90400000,1.78100000,1.83500000,5618901.70000000,10280875.36730000
1720411200000,1.83400000,1.88100000,1.81900000,1.84400000,2968615.10000000,5503057.38770000
1720425600000,1.84400000,1.96200000,1.83900000,1.92700000,5647482.70000000,10838563.53850000
1720440000000,1.92600000,1.93400000,1.80000000,1.84100000,5949101.20000000,11112986.57440000
1720454400000,1.84100000,1.85300000,1.80700000,1.83600000,2918911.00000000,5338833.42040000
1720468800000,1.83700000,1.86100000,1.79600000,1.82000000,2287503.90000000,4187207.88980000
1720483200000,1.81900000,1.87400000,1.79900000,1.85800000,2489724.60000000,4577910.27320000
1720497600000,1.85700000,1.93100000,1.84800000,1.90400000,4393465.20000000,8320915.24000000
1720512000000,1.90500000,1.92000000,1.83100000,1.83400000,4036119.40000000,7568540.71640000
1720526400000,1.83300000,1.88900000,1.81600000,1.85500000,5122652.90000000,9459431.16670000
1720540800000,1.85400000,1.89700000,1.84100000,1.88000000,3030799.10000000,5686285.55750000
1720555200000,1.88000000,1.92800000,1.87200000,1.92300000,2759303.70000000,5245413.52490000
1720569600000,1.92300000,1.93000000,1.87800000,1.91000000,2403800.40000000,4575314.00860000
1720584000000,1.91100000,1.94900000,1.90300000,1.92000000,3678016.30000000,7089192.79860000
1720598400000,1.92000000,1.92300000,1.86500000,1.87900000,2495088.90000000,4730152.99350000
1720612800000,1.87900000,2.08000000,1.84400000,2.03900000,17455282.80000000,34543522.44830000
1720627200000,2.04000000,2.05600000,1.94300000,1.95000000,4845373.80000000,9644382.31060000
1720641600000,1.95100000,1.96700000,1.91300000,1.95100000,2125414.00000000,4125238.39990000
1720656000000,1.95100000,2.00500000,1.92500000,1.96800000,2946500.80000000,5769955.79860000
1720670400000,1.96900000,1.98600000,1.94200000,1.96600000,1716865.90000000,3377442.42760000
1720684800000,1.96600000,1.97000000,1.93000000,1.94400000,2400350.80000000,4677603.75160000
1720699200000,1.94200000,1.97500000,1.89400000,1.91400000,5202016.10000000,10058493.84240000
1720713600000,1.91300000,1.91600000,1.84300000,1.85000000,2545021.90000000,4797400.05120000
1720728000000,1.85000000,1.85000000,1.76500000,1.79400000,4337712.50000000,7796499.58200000
1720742400000,1.79400000,1.83500000,1.77200000,1.81000000,2961787.30000000,5334733.42970000
1720756800000,1.80900000,1.81900000,1.77800000,1.79200000,1683954.30000000,3034793.36360000
1720771200000,1.79200000,1.79900000,1.72600000,1.75100000,3627766.10000000,6370276.47520000
1720785600000,1.75200000,1.82600000,1.73300000,1.81300000,3561601.50000000,6333884.36900000
1720800000000,1.81300000,1.81900000,1.78400000,1.78700000,1982378.50000000,3567476.74100000
1720814400000,1.78600000,1.79100000,1.76500000,1.78200000,1172695.30000000,2083658.66800000
1720828800000,1.78200000,1.82100000,1.78100000,1.80500000,1618161.00000000,2914664.18260000
1720843200000,1.80500000,1.82900000,1.78600000,1.80900000,1531739.70000000,2772303.75920000
1720857600000,1.80900000,1.83800000,1.79700000,1.81900000,2062798.10000000,3744113.02280000
1720872000000,1.81900000,1.83400000,1.78700000,1.81800000,1765121.10000000,3198615.82910000
1720886400000,1.81700000,1.82700000,1.77200000,1.80500000,1658730.40000000,2975444.66770000
1720900800000,1.80600000,1.87100000,1.77900000,1.82400000,2975876.30000000,5420155.02620000
1720915200000,1.82400000,1.85300000,1.80700000,1.82100000,2014527.70000000,3687617.53860000
1720929600000,1.82100000,1.86400000,1.81400000,1.83700000,1753120.80000000,3218853.65560000
1720944000000,1.83600000,1.86300000,1.82800000,1.83300000,1622974.30000000,2994084.48150000
1720958400000,1.83300000,1.85000000,1.80000000,1.84200000,2417049.80000000,4405319.67790000
1720972800000,1.84200000,1.84400000,1.80700000,1.81100000,1335447.90000000,2435263.36050000
1720987200000,1.81100000,1.87700000,1.80700000,1.85900000,2185682.80000000,4055671.50870000
1721001600000,1.85800000,1.90900000,1.85400000,1.89200000,2930478.10000000,5520250.76370000
1721016000000,1.89200000,1.94900000,1.87500000,1.92600000,2673677.80000000,5098455.39210000
1721030400000,1.92500000,1.93900000,1.87800000,1.89500000,2297134.80000000,4370106.53070000
1721044800000,1.89500000,1.97900000,1.89200000,1.97000000,4600733.80000000,8968555.53080000
1721059200000,1.97100000,2.31100000,1.96200000,2.23300000,16753995.00000000,36111080.17800000
1721073600000,2.23300000,2.37700000,2.22900000,2.33700000,7838922.00000000,18088381.59320000
1721088000000,2.33700000,2.38900000,2.27100000,2.30400000,6314469.00000000,14703356.32860000
1721102400000,2.30400000,2.31000000,2.13900000,2.14600000,7033499.50000000,15553596.41440000
1721116800000,2.14600000,2.24100000,2.10600000,2.22600000,5771259.60000000,12548944.95750000
1721131200000,2.22600000,2.65500000,2.14600000,2.62100000,34199015.40000000,81261045.04920000
1721145600000,2.62100000,2.88200000,2.60400000,2.79400000,24278608.80000000,66283248.51600000
1721160000000,2.79400000,2.87000000,2.67300000,2.81800000,8758760.80000000,24384123.39030000
1721174400000,2.81900000,2.88300000,2.73500000,2.83100000,8534467.40000000,24013994.96980000
1721188800000,2.83100000,2.94400000,2.80100000,2.92700000,8550312.40000000,24600034.33970000
1721203200000,2.92700000,3.26200000,2.84000000,3.04800000,24087411.20000000,74088683.49030000
1721217600000,3.04700000,3.13100000,2.90400000,3.00000000,18976038.80000000,57187001.59160000
1721232000000,2.99900000,3.14400000,2.93100000,3.05100000,13652960.20000000,41445989.95010000
1721246400000,3.05000000,3.09200000,2.93000000,2.94700000,5843006.60000000,17535371.05820000
1721260800000,2.94800000,2.99100000,2.84200000,2.86200000,7572245.50000000,21975254.76880000
1721275200000,2.86200000,2.87400000,2.77700000,2.82100000,6288496.90000000,17779976.80990000
1721289600000,2.82200000,2.93400000,2.78900000,2.89200000,6579986.40000000,18787348.37310000
1721304000000,2.89000000,2.94000000,2.78600000,2.80400000,8002398.00000000,22987806.62850000
1721318400000,2.80400000,2.81000000,2.61500000,2.65100000,9881027.20000000,26563605.75900000
1721332800000,2.65100000,2.66600000,2.56900000,2.65100000,5536219.70000000,14472505.01100000
1721347200000,2.65100000,2.66000000,2.52300000,2.64200000,8022530.40000000,20790427.07080000
1721361600000,2.64300000,2.66700000,2.56400000,2.58000000,4910349.10000000,12832864.84690000
1721376000000,2.57900000,2.62600000,2.54700000,2.60800000,3957699.80000000,10240773.10090000
1721390400000,2.60700000,2.82100000,2.56000000,2.76100000,13873437.60000000,37074192.80280000
1721404800000,2.76100000,2.93800000,2.74100000,2.77800000,10350892.00000000,29302703.49640000
1721419200000,2.77900000,2.86500000,2.74200000,2.76800000,5225011.40000000,14647986.42420000
1721433600000,2.76800000,2.80900000,2.70800000,2.78000000,3433682.90000000,9417152.49480000
1721448000000,2.77900000,2.79400000,2.73400000,2.73600000,2606867.70000000,7203662.82400000
1721462400000,2.73700000,2.74100000,2.58800000,2.60100000,7449453.90000000,19858135.15800000
1721476800000,2.60100000,2.66400000,2.54700000,2.65700000,5396540.90000000,14060590.37970000
1721491200000,2.65700000,2.69400000,2.62700000,2.63600000,4524979.90000000,12039222.47720000
1721505600000,2.63600000,2.64900000,2.58300000,2.64300000,2660708.40000000,6953271.53180000
1721520000000,2.64300000,2.66700000,2.60900000,2.64000000,2650912.20000000,6997073.20580000
1721534400000,2.64000000,2.65300000,2.46300000,2.50500000,5084704.90000000,12981132.89270000
1721548800000,2.50500000,2.56800000,2.50000000,2.53500000,3457635.70000000,8766013.67740000
1721563200000,2.53400000,2.55600000,2.49800000,2.51200000,3544517.40000000,8962221.06290000
1721577600000,2.51100000,2.53400000,2.37600000,2.47400000,8181499.00000000,20098570.99390000
1721592000000,2.47400000,2.57900000,2.46300000,2.57300000,4281976.50000000,10861432.23410000
1721606400000,2.57400000,2.63700000,2.48800000,2.49300000,5238124.60000000,13424152.76460000
1721620800000,2.49200000,2.52800000,2.43100000,2.44500000,3506704.20000000,8674873.26290000
1721635200000,2.44500000,2.47900000,2.41500000,2.46900000,3855756.90000000,9413303.89370000
1721649600000,2.46900000,2.48000000,2.39600000,2.40700000,4098715.40000000,9981569.73880000
1721664000000,2.40700000,2.41800000,2.35100000,2.38800000,3908495.80000000,9312364.99700000
1721678400000,2.38900000,2.39000000,2.25700000,2.27000000,4856281.90000000,11234170.10390000
1721692800000,2.27000000,2.37000000,2.26400000,2.36000000,3718135.90000000,8672324.47950000
1721707200000,2.36000000,2.36300000,2.25900000,2.28600000,3167653.60000000,7260548.36910000
1721721600000,2.28700000,2.37600000,2.28500000,2.32900000,4378154.90000000,10265539.97560000
1721736000000,2.32900000,2.34300000,2.22200000,2.24100000,6977154.70000000,15860205.92680000
1721750400000,2.24100000,2.26200000,2.15200000,2.20800000,5200098.10000000,11411204.84690000
1721764800000,2.20700000,2.22100000,2.15700000,2.17800000,2798810.60000000,6125839.67020000
1721779200000,2.17800000,2.22600000,2.15900000,2.21600000,2440790.10000000,5350393.37280000
1721793600000,2.21600000,2.22000000,2.17500000,2.20900000,1358825.80000000,2986479.75510000
1721808000000,2.20800000,2.24000000,2.19000000,2.19800000,2665464.50000000,5909377.72380000
1721822400000,2.19900000,2.36000000,2.19500000,2.25100000,7792358.10000000,17730114.51040000
1721836800000,2.25200000,2.31400000,2.20700000,2.21700000,4352849.50000000,9850155.26350000
1721851200000,2.21700000,2.23500000,2.14300000,2.20800000,3397575.00000000,7445876.24320000
1721865600000,2.20800000,2.22000000,2.07200000,2.20800000,6899447.80000000,14851233.12170000
1721880000000,2.20800000,2.24400000,2.15400000,2.16600000,3545852.10000000,7762826.65080000
1721894400000,2.16600000,2.21500000,2.13400000,2.14100000,3624059.60000000,7860915.52990000
1721908800000,2.14000000,2.18300000,2.08400000,2.15100000,4681761.90000000,9993094.35070000
1721923200000,2.15100000,2.17200000,2.02000000,2.04700000,3382461.20000000,7061000.10900000
1721937600000,2.04800000,2.13000000,2.00800000,2.11600000,2494659.50000000,5189084.13040000
1721952000000,2.11600000,2.20700000,2.11000000,2.19500000,3098317.00000000,6708634.70880000
1721966400000,2.19500000,2.36900000,2.18600000,2.33800000,6572841.20000000,15059498.05070000
1721980800000,2.33800000,2.46000000,2.33800000,2.35000000,8846735.20000000,21254018.13270000
1721995200000,2.35000000,2.37400000,2.25800000,2.30900000,7657315.10000000,17755149.68420000
1722009600000,2.30900000,2.37000000,2.29800000,2.31100000,3318285.90000000,7742181.56300000
1722024000000,2.31100000,2.36600000,2.28600000,2.36100000,2607206.00000000,6079405.25580000
1722038400000,2.36100000,2.37700000,2.32000000,2.33900000,2958970.60000000,6942270.30750000
1722052800000,2.33800000,2.41400000,2.31400000,2.40700000,2409822.80000000,5706146.33800000
1722067200000,2.40700000,2.42200000,2.36000000,2.39100000,3860592.20000000,9238130.54590000
1722081600000,2.39200000,2.47900000,2.33600000,2.36500000,6909746.10000000,16631490.26100000
1722096000000,2.36500000,2.45700000,2.31100000,2.35800000,6177882.20000000,14697431.96900000
1722110400000,2.35900000,2.41900000,2.29700000,2.32900000,4665467.50000000,11003326.70810000
1722124800000,2.32900000,2.35000000,2.29200000,2.29700000,2530079.50000000,5851620.53470000
1722139200000,2.29700000,2.30400000,2.24300000,2.29000000,2784748.00000000,6324071.36590000
1722153600000,2.29000000,2.39100000,2.27400000,2.37000000,3484080.30000000,8158214.38450000
1722168000000,2.37100000,2.40000000,2.32200000,2.35900000,3196895.50000000,7537001.73310000
1722182400000,2.35800000,2.37600000,2.32800000,2.35000000,1812808.50000000,4259630.97660000
1722196800000,2.34900000,2.35600000,2.30900000,2.34700000,2430687.00000000,5670614.37880000
1722211200000,2.34700000,2.42000000,2.32800000,2.39200000,4193994.40000000,9946681.96050000
1722225600000,2.39200000,2.43800000,2.36800000,2.37300000,3920896.60000000,9423005.74530000
1722240000000,2.37300000,2.38800000,2.35500000,2.37400000,2202736.30000000,5224726.52050000
1722254400000,2.37400000,2.40500000,2.27800000,2.30000000,5394663.80000000,12601126.60560000
1722268800000,2.29900000,2.32600000,2.25900000,2.30700000,3523534.10000000,8067988.41630000
1722283200000,2.30700000,2.32500000,2.27700000,2.28100000,1210110.30000000,2780739.29570000
1722297600000,2.28100000,2.31700000,2.24700000,2.29000000,2571819.00000000,5862453.22360000
1722312000000,2.29000000,2.31100000,2.28200000,2.29900000,1390319.90000000,3196174.93890000
1722326400000,2.29900000,2.30200000,2.26900000,2.28900000,1466110.60000000,3349216.13490000
1722340800000,2.28900000,2.30200000,2.22600000,2.27100000,2831972.40000000,6407308.38170000
1722355200000,2.27100000,2.27800000,2.15800000,2.17400000,2744033.40000000,6061237.25590000
1722369600000,2.17500000,2.20100000,2.13300000,2.19300000,1610340.50000000,3483435.01050000
1722384000000,2.19200000,2.20600000,2.17100000,2.18600000,1319768.20000000,2888937.03430000
1722398400000,2.18500000,2.23000000,2.16200000,2.21200000,1760411.90000000,3885095.22220000
1722412800000,2.21300000,2.22800000,2.18600000,2.20200000,1434101.80000000,3167496.65030000
1722427200000,2.20200000,2.24000000,2.19600000,2.20000000,1387128.80000000,3071793.23680000
1722441600000,2.20000000,2.22400000,2.14700000,2.16200000,2284001.10000000,4987635.35040000
1722456000000,2.16200000,2.16200000,2.09300000,2.10500000,2320531.70000000,4912902.02960000
1722470400000,2.10600000,2.14700000,2.10300000,2.11900000,1632046.00000000,3462637.97450000
1722484800000,2.11800000,2.14000000,2.06000000,2.11400000,2388833.30000000,5023386.94470000
1722499200000,2.11300000,2.13600000,2.09200000,2.10900000,1216486.50000000,2570782.95830000
1722513600000,2.11000000,2.13600000,1.99600000,2.02200000,3738153.00000000,7655454.53260000
1722528000000,2.02200000,2.02300000,1.90300000,1.97300000,5423281.60000000,10631239.42880000
1722542400000,1.97300000,2.09400000,1.95700000,2.08000000,3927781.20000000,7988322.36290000
1722556800000,2.08000000,2.10900000,2.01300000,2.04700000,1830981.90000000,3781355.68530000
1722571200000,2.04800000,2.05600000,1.96200000,2.00000000,2090720.50000000,4185059.89350000
1722585600000,2.00000000,2.06900000,1.97400000,2.06100000,1902547.30000000,3851833.37850000
1722600000000,2.06200000,2.09500000,1.89500000,1.95700000,6558857.40000000,12937047.73150000
1722614400000,1.95700000,1.97100000,1.87200000,1.91300000,3231352.10000000,6199251.64960000
1722628800000,1.91300000,1.93500000,1.88300000,1.89700000,2707055.90000000,5165763.52790000
1722643200000,1.89700000,1.91200000,1.80500000,1.87200000,3996182.90000000,7406074.62480000
1722657600000,1.87200000,1.90000000,1.86200000,1.87900000,1759860.50000000,3312133.73320000
1722672000000,1.87900000,1.91100000,1.86600000,1.90100000,1492177.60000000,2817019.82420000
1722686400000,1.90100000,1.91800000,1.78900000,1.79500000,3254334.90000000,6042655.03570000
1722700800000,1.79400000,1.81100000,1.70500000,1.71000000,6483070.10000000,11377175.67550000
1722715200000,1.71000000,1.75600000,1.69500000,1.74300000,3237302.70000000,5605593.95120000
1722729600000,1.74400000,1.77800000,1.73300000,1.74100000,2885338.50000000,5051287.22470000
1722744000000,1.74200000,1.75500000,1.72500000,1.73300000,1894007.10000000,3299062.78650000
1722758400000,1.73300000,1.75800000,1.72000000,1.75400000,1348389.50000000,2353334.75470000
1722772800000,1.75300000,1.77800000,1.62400000,1.62900000,5711482.30000000,9665011.41280000
1722787200000,1.62900000,1.68700000,1.55300000,1.67600000,8406101.40000000,13471619.90770000
1722801600000,1.67500000,1.69800000,1.63400000,1.64000000,2133295.20000000,3563641.88790000
1722816000000,1.64100000,1.66100000,1.38200000,1.47000000,17405742.60000000,26213168.83050000
1722830400000,1.47000000,1.53000000,1.34200000,1.51000000,13415001.20000000,19331082.34030000
1722844800000,1.51000000,1.52000000,1.38700000,1.44500000,6192134.20000000,9046629.61940000
1722859200000,1.44400000,1.68000000,1.41200000,1.65300000,12095099.10000000,18661695.55610000
1722873600000,1.65300000,1.67900000,1.57300000,1.60400000,5473870.50000000,8892781.64930000
1722888000000,1.60500000,1.63000000,1.57600000,1.57800000,2211730.30000000,3551146.27590000
1722902400000,1.57900000,1.71000000,1.57100000,1.68200000,5275079.70000000,8808007.77920000
1722916800000,1.68200000,1.75900000,1.66700000,1.74200000,3823888.90000000,6604075.93210000
1722931200000,1.74200000,1.74200000,1.66400000,1.69000000,4750920.70000000,8034384.84970000
1722945600000,1.69000000,1.74200000,1.63900000,1.72800000,6617954.60000000,11227110.57610000
1722960000000,1.72800000,1.73900000,1.66400000,1.66700000,2756944.10000000,4708756.27330000
1722974400000,1.66600000,1.69600000,1.63800000,1.64800000,2911499.80000000,4836494.06810000
1722988800000,1.64800000,1.71500000,1.62600000,1.69800000,2390129.50000000,3995522.05360000
1723003200000,1.69700000,1.71900000,1.66700000,1.68300000,2258710.50000000,3819124.00340000
1723017600000,1.68300000,1.71400000,1.65300000,1.65800000,3946667.80000000,6641958.60590000
1723032000000,1.65800000,1.68000000,1.55700000,1.58300000,6294095.50000000,10143986.16620000
1723046400000,1.58300000,1.58900000,1.53800000,1.55300000,3705856.80000000,5790524.32680000
1723060800000,1.55200000,1.57900000,1.52700000,1.55000000,2438196.80000000,3789608.69270000
1723075200000,1.55000000,1.65500000,1.51800000,1.62000000,3466500.30000000,5551049.96130000
1723089600000,1.61900000,1.65300000,1.61100000,1.62400000,1858612.90000000,3037989.98640000
1723104000000,1.62400000,1.64700000,1.62100000,1.63300000,1477653.90000000,2415739.57020000
1723118400000,1.63400000,1.68700000,1.60900000,1.67400000,3502384.20000000,5795927.94920000
1723132800000,1.67400000,1.72400000,1.67000000,1.68400000,2849054.90000000,4843277.31040000
1723147200000,1.68400000,1.86900000,1.68300000,1.85700000,5020002.80000000,8907185.42410000
1723161600000,1.85800000,1.89100000,1.78100000,1.78500000,5569439.50000000,10235931.71310000
1723176000000,1.78600000,1.79400000,1.72800000,1.77700000,3424088.60000000,6044224.10440000
1723190400000,1.77700000,1.79700000,1.74900000,1.75700000,2044418.40000000,3620118.33760000
1723204800000,1.75800000,1.76000000,1.69200000,1.69400000,4026214.10000000,6944812.16810000
1723219200000,1.69300000,1.73600000,1.68900000,1.72900000,1564863.50000000,2695308.36480000
1723233600000,1.73000000,1.75400000,1.71900000,1.74500000,2275102.00000000,3956197.27530000
1723248000000,1.74500000,1.77600000,1.70900000,1.72200000,1528123.70000000,2659365.69050000
1723262400000,1.72200000,1.74500000,1.71000000,1.74300000,1024964.20000000,1771627.63650000
1723276800000,1.74200000,1.79600000,1.72200000,1.78900000,2218727.00000000,3909983.90560000
1723291200000,1.78900000,1.78900000,1.72600000,1.72700000,2565273.80000000,4482500.93260000
1723305600000,1.72700000,1.75900000,1.72100000,1.74700000,2016325.50000000,3514737.52950000
1723320000000,1.74700000,1.77700000,1.73900000,1.75500000,1116890.20000000,1965518.80640000
1723334400000,1.75600000,1.80800000,1.74500000,1.78800000,1620665.50000000,2876677.74310000
1723348800000,1.78900000,1.83800000,1.77700000,1.82900000,2926857.20000000,5303794.97000000
1723363200000,1.82800000,1.83200000,1.75600000,1.76200000,2982224.40000000,5352600.65880000
1723377600000,1.76200000,1.76900000,1.66700000,1.67400000,3834710.70000000,6573844.98870000
1723392000000,1.67400000,1.69700000,1.63300000,1.63600000,2287467.40000000,3801025.44020000
1723406400000,1.63500000,1.63700000,1.58900000,1.60100000,2868684.40000000,4627452.19700000
1723420800000,1.60100000,1.64200000,1.59400000,1.62900000,1799415.60000000,2914939.12060000
1723435200000,1.62900000,1.66600000,1.60000000,1.64900000,2348494.10000000,3833458.18620000
1723449600000,1.64900000,1.74700000,1.64000000,1.73100000,3364113.10000000,5685814.59130000
1723464000000,1.73100000,1.74800000,1.64100000,1.70500000,6170395.80000000,10506409.29490000
1723478400000,1.70500000,1.71700000,1.63800000,1.65400000,2627914.20000000,4411110.21360000
1723492800000,1.65500000,1.71700000,1.63600000,1.70100000,1960609.90000000,3277807.04620000
1723507200000,1.70100000,1.71000000,1.64100000,1.64800000,2012501.70000000,3371075.91450000
1723521600000,1.64700000,1.68100000,1.63600000,1.66200000,1491957.10000000,2479548.92370000
1723536000000,1.66200000,1.66700000,1.63800000,1.65300000,1274252.50000000,2102969.26050000
1723550400000,1.65200000,1.67300000,1.62700000,1.63800000,2672634.80000000,4405107.94340000
1723564800000,1.63700000,1.70100000,1.63600000,1.68000000,3145327.60000000,5284926.38710000
1723579200000,1.68000000,1.69100000,1.66500000,1.67100000,1051365.80000000,1763456.08560000
1723593600000,1.67100000,1.68000000,1.64800000,1.66600000,1363427.90000000,2269569.25610000
1723608000000,1.66600000,1.68300000,1.65500000,1.66100000,1347291.20000000,2246740.09330000
1723622400000,1.66000000,1.69700000,1.64800000,1.67900000,2483039.20000000,4155498.50050000
1723636800000,1.68000000,1.69600000,1.58800000,1.62700000,5068994.80000000,8294598.38160000
1723651200000,1.62700000,1.64000000,1.59200000,1.59900000,1844926.30000000,2976372.26580000
1723665600000,1.59900000,1.60300000,1.56200000,1.59100000,1669210.80000000,2647243.95130000
1723680000000,1.59100000,1.61100000,1.57900000,1.59100000,1366891.20000000,2178811.25170000
1723694400000,1.59100000,1.59500000,1.55300000,1.57200000,1841323.10000000,2895623.49110000
1723708800000,1.57200000,1.58800000,1.56000000,1.58000000,1281568.80000000,2018801.21410000
1723723200000,1.58000000,1.60600000,1.56600000,1.56900000,2534967.40000000,4021603.38090000
1723737600000,1.56800000,1.57800000,1.45700000,1.48200000,5701517.40000000,8565603.33780000
1723752000000,1.48200000,1.50400000,1.46900000,1.49500000,1835332.20000000,2725750.41880000
1723766400000,1.49500000,1.53000000,1.48800000,1.50500000,1872257.70000000,2814720.84050000
1723780800000,1.50500000,1.52700000,1.49900000,1.50800000,1485583.50000000,2246169.27050000
1723795200000,1.50900000,1.51400000,1.48400000,1.49100000,1268839.70000000,1901388.02890000
1723809600000,1.49200000,1.51200000,1.43100000,1.44500000,3594509.50000000,5279835.75880000
1723824000000,1.44600000,1.49900000,1.43200000,1.47700000,3057722.00000000,4492725.01210000
1723838400000,1.47800000,1.49800000,1.46500000,1.47200000,968133.40000000,1433771.99750000
1723852800000,1.47200000,1.49000000,1.45700000,1.47800000,1103286.90000000,1625639.52230000
1723867200000,1.47900000,1.48600000,1.47100000,1.48100000,535654.00000000,792383.88180000
1723881600000,1.48100000,1.49300000,1.46500000,1.47800000,1134639.50000000,1677174.60050000
1723896000000,1.47800000,1.50400000,1.47300000,1.48900000,1849981.40000000,2754642.86950000
1723910400000,1.48900000,1.51500000,1.48000000,1.49200000,2081806.80000000,3117028.61580000
1723924800000,1.49300000,1.50700000,1.48300000,1.50500000,680551.90000000,1016935.51100000
1723939200000,1.50600000,1.51800000,1.48900000,1.48900000,971660.00000000,1460530.56940000
1723953600000,1.48900000,1.50200000,1.48100000,1.48900000,681789.80000000,1016809.12150000
1723968000000,1.48800000,1.54200000,1.48300000,1.53600000,2013018.10000000,3053457.66900000
1723982400000,1.53700000,1.58300000,1.53300000,1.54900000,2376376.70000000,3699214.18120000
1723996800000,1.54900000,1.56500000,1.53000000,1.54500000,1566677.60000000,2423771.35370000
1724011200000,1.54600000,1.56600000,1.51200000,1.51400000,1529491.50000000,2358792.78840000
1724025600000,1.51400000,1.54800000,1.48200000,1.54700000,2231678.70000000,3366296.87240000
1724040000000,1.54700000,1.55000000,1.50600000,1.51400000,1478125.70000000,2251447.03860000
1724054400000,1.51400000,1.53800000,1.46300000,1.49600000,2704095.40000000,4045446.93530000
1724068800000,1.49600000,1.51500000,1.46600000,1.47000000,2811150.00000000,4176786.31380000
1724083200000,1.47000000,1.53000000,1.41700000,1.51900000,4092740.80000000,6008793.13670000
1724097600000,1.51900000,1.53700000,1.50400000,1.53200000,2100051.00000000,3190436.28620000
1724112000000,1.53200000,1.56900000,1.51700000,1.54000000,4265424.00000000,6607999.23070000
1724126400000,1.54000000,1.60000000,1.53400000,1.57900000,3319185.90000000,5213691.17800000
1724140800000,1.58000000,1.59700000,1.55900000,1.56400000,2903932.20000000,4579073.35320000
1724155200000,1.56400000,1.58100000,1.50800000,1.52800000,4347329.80000000,6720873.10270000
1724169600000,1.52800000,1.54100000,1.51100000,1.53200000,2166713.50000000,3302254.15010000
1724184000000,1.53300000,1.54700000,1.51800000,1.52200000,1093836.40000000,1678313.44840000
1724198400000,1.52200000,1.53500000,1.49200000,1.52100000,2663530.80000000,4037430.85860000
1724212800000,1.52100000,1.54100000,1.51600000,1.54000000,1426373.00000000,2179357.07040000
1724227200000,1.54000000,1.54600000,1.50200000,1.51300000,1846585.00000000,2802516.35450000
1724241600000,1.51400000,1.54000000,1.47400000,1.50300000,4513875.20000000,6813062.92390000
1724256000000,1.50300000,1.58400000,1.49300000,1.57600000,4233724.70000000,6552282.56650000
1724270400000,1.57700000,1.59400000,1.56700000,1.57100000,2600663.00000000,4110956.41680000
1724284800000,1.57100000,1.60900000,1.55000000,1.59400000,2792612.70000000,4401490.88810000
1724299200000,1.59400000,1.60900000,1.57900000,1.59900000,2031833.90000000,3236355.31200000
1724313600000,1.59900000,1.65600000,1.58500000,1.64100000,4221945.90000000,6874244.27410000
1724328000000,1.64100000,1.66800000,1.62100000,1.63100000,4351330.60000000,7136520.32340000
1724342400000,1.63000000,1.63600000,1.60200000,1.60500000,2107284.60000000,3407061.97970000
1724356800000,1.60500000,1.63900000,1.60400000,1.63200000,1481352.40000000,2396490.41220000
1724371200000,1.63200000,1.68400000,1.63100000,1.67200000,2560155.30000000,4244002.23590000
1724385600000,1.67300000,1.74000000,1.66200000,1.72700000,4362003.90000000,7465404.33640000
1724400000000,1.72800000,1.74700000,1.68600000,1.68800000,2994465.00000000,5145303.41560000
1724414400000,1.68800000,1.81300000,1.68800000,1.79000000,7542150.20000000,13207026.90920000
1724428800000,1.78900000,1.83900000,1.77700000,1.82000000,4569594.30000000,8267324.10550000
1724443200000,1.82000000,1.88000000,1.82000000,1.84400000,3653421.40000000,6763519.13820000
1724457600000,1.84400000,1.88400000,1.82500000,1.83900000,2547273.00000000,4710981.93870000
1724472000000,1.83900000,1.88300000,1.83900000,1.87800000,2187315.30000000,4079664.33460000
1724486400000,1.87700000,1.96200000,1.86700000,1.93200000,5451342.30000000,10470647.90280000
1724500800000,1.93200000,1.95100000,1.89000000,1.90500000,4473174.10000000,8556168.92470000
1724515200000,1.90400000,1.97700000,1.90200000,1.94000000,4065345.30000000,7897665.96490000
1724529600000,1.94000000,1.96600000,1.87300000,1.91200000,3992202.10000000,7617428.18400000
1724544000000,1.91200000,1.91500000,1.82100000,1.85400000,4276388.90000000,7958576.91670000
1724558400000,1.85300000,1.86700000,1.78200000,1.79600000,3700128.40000000,6753056.59230000
1724572800000,1.79600000,1.84600000,1.78100000,1.83400000,3449454.30000000,6279155.55960000
1724587200000,1.83400000,1.88900000,1.83400000,1.85700000,4172017.50000000,7754162.27590000
1724601600000,1.85700000,1.87100000,1.82500000,1.83700000,2497724.60000000,4601239.88400000
1724616000000,1.83700000,1.89800000,1.83300000,1.84600000,2603660.00000000,4861496.47890000
1724630400000,1.84600000,1.88100000,1.80000000,1.83200000,3349956.10000000,6141986.91760000
1724644800000,1.83200000,1.86300000,1.80300000,1.81600000,3083051.70000000,5634954.04880000
1724659200000,1.81700000,1.83900000,1.79000000,1.79500000,3122044.50000000,5655667.55410000
1724673600000,1.79500000,1.80200000,1.72100000,1.72600000,6941576.90000000,12174522.53130000
1724688000000,1.72600000,1.74300000,1.66200000,1.67200000,4170002.20000000,7088907.76870000
1724702400000,1.67200000,1.68800000,1.64600000,1.66800000,3424489.90000000,5713381.25280000
1724716800000,1.66800000,1.71400000,1.66600000,1.69900000,2769329.90000000,4683038.07700000
1724731200000,1.69900000,1.73300000,1.68300000,1.68800000,2770874.70000000,4725510.30450000
1724745600000,1.68800000,1.69700000,1.61600000,1.63200000,4325996.80000000,7142710.31630000
1724760000000,1.63200000,1.65300000,1.61100000,1.62000000,3603950.40000000,5873969.82100000
1724774400000,1.62000000,1.64000000,1.59100000,1.61200000,3713973.00000000,5995347.35880000
1724788800000,1.61100000,1.61100000,1.47300000,1.50600000,6920381.30000000,10510800.60360000
1724803200000,1.50700000,1.52600000,1.48000000,1.52100000,3570348.20000000,5355608.37240000
1724817600000,1.52100000,1.52100000,1.48000000,1.48100000,2472903.40000000,3720411.66670000
1724832000000,1.48100000,1.57300000,1.46800000,1.55400000,5231694.00000000,8046018.32750000
1724846400000,1.55400000,1.56500000,1.47500000,1.49600000,4743272.50000000,7219992.97550000
1724860800000,1.49600000,1.58800000,1.44100000,1.54400000,9502475.30000000,14337946.83530000
1724875200000,1.54500000,1.56000000,1.48200000,1.51900000,3272324.10000000,4979477.66970000
1724889600000,1.52000000,1.54400000,1.51100000,1.52600000,1618583.40000000,2475947.33300000
1724904000000,1.52600000,1.55000000,1.51700000,1.53600000,1429515.60000000,2196242.06440000
1724918400000,1.53600000,1.56000000,1.52100000,1.53600000,1885903.10000000,2895046.74020000
1724932800000,1.53600000,1.57200000,1.52700000,1.56300000,3044559.80000000,4708014.40640000
1724947200000,1.56300000,1.57500000,1.46900000,1.48400000,5011877.50000000,7623801.90140000
1724961600000,1.48400000,1.50300000,1.47300000,1.49400000,1541590.70000000,2297406.40600000
1724976000000,1.49400000,1.51300000,1.48600000,1.49700000,1411335.80000000,2117148.60690000
1724990400000,1.49700000,1.51800000,1.48600000,1.50400000,1273974.70000000,1916090.67090000
1725004800000,1.50400000,1.52400000,1.49500000,1.50100000,2070998.70000000,3132300.54780000
1725019200000,1.50200000,1.52000000,1.42300000,1.43100000,4362272.90000000,6419716.23010000
1725033600000,1.43200000,1.54700000,1.42600000,1.51000000,4127079.90000000,6173745.71160000
1725048000000,1.51100000,1.53400000,1.49500000,1.52400000,1695033.40000000,2565176.42170000
1725062400000,1.52400000,1.54200000,1.51600000,1.52500000,1116541.90000000,1708820.73030000
1725076800000,1.52500000,1.53700000,1.51000000,1.51400000,831923.00000000,1265347.61650000
1725091200000,1.51400000,1.52300000,1.48800000,1.52200000,1251607.80000000,1887677.44590000
1725105600000,1.52300000,1.52300000,1.48900000,1.49900000,1262447.00000000,1894204.16830000
1725120000000,1.49900000,1.50100000,1.46600000,1.48800000,1474664.30000000,2188470.72770000
1725134400000,1.48800000,1.50100000,1.48000000,1.49000000,817959.40000000,1218226.02870000
1725148800000,1.49000000,1.49100000,1.45700000,1.48100000,1225465.40000000,1807151.57750000
1725163200000,1.48200000,1.50800000,1.47000000,1.50800000,1727244.50000000,2571429.94960000
1725177600000,1.50700000,1.51200000,1.47100000,1.48500000,1300863.80000000,1941100.63780000
1725192000000,1.48500000,1.49100000,1.43400000,1.47800000,2630519.70000000,3840471.60390000
1725206400000,1.47700000,1.48900000,1.42300000,1.46800000,2519677.20000000,3670132.80630000
1725220800000,1.46800000,1.48300000,1.38300000,1.40100000,2865657.30000000,4067454.77410000
1725235200000,1.40100000,1.43300000,1.39700000,1.41800000,1810974.40000000,2563936.03720000
1725249600000,1.41800000,1.43000000,1.38900000,1.39400000,1860012.00000000,2620733.50610000
1725264000000,1.39400000,1.47400000,1.39400000,1.44700000,3359749.30000000,4858667.04120000
1725278400000,1.44700000,1.47500000,1.42200000,1.45000000,4220677.50000000,6142544.15210000
1725292800000,1.45000000,1.46400000,1.42700000,1.44600000,1754670.40000000,2533964.56490000
1725307200000,1.44600000,1.49500000,1.44500000,1.47700000,1725458.90000000,2549563.34690000
1725321600000,1.47700000,1.51100000,1.47500000,1.49700000,2105957.60000000,3148360.98510000
1725336000000,1.49700000,1.51500000,1.48900000,1.51100000,1994169.30000000,2993819.81750000
1725350400000,1.51100000,1.51300000,1.47800000,1.48300000,1621593.40000000,2414313.30750000
1725364800000,1.48300000,1.49500000,1.41600000,1.42300000,3301618.80000000,4775330.78970000
1725379200000,1.42300000,1.44300000,1.41500000,1.42700000,1625434.00000000,2317855.06280000
1725393600000,1.42600000,1.43700000,1.40200000,1.40600000,1900303.70000000,2698095.29980000
1725408000000,1.40500000,1.42300000,1.31700000,1.37800000,5784856.50000000,7882805.10850000
1725422400000,1.37800000,1.39800000,1.36900000,1.38900000,2181984.40000000,3012914.96020000
1725436800000,1.38900000,1.39400000,1.34900000,1.36300000,2565284.70000000,3512696.93490000
1725451200000,1.36300000,1.42700000,1.35700000,1.42100000,3349881.80000000,4665832.18870000
1725465600000,1.42100000,1.47300000,1.39800000,1.41700000,3636066.30000000,5225417.86240000
1725480000000,1.41700000,1.44000000,1.41200000,1.42500000,1210611.10000000,1727042.76580000
1725494400000,1.42500000,1.44200000,1.38900000,1.39200000,1611620.20000000,2280489.47620000
1725508800000,1.39300000,1.43300000,1.38700000,1.42700000,1998048.30000000,2817160.44120000
1725523200000,1.42700000,1.43300000,1.40600000,1.41600000,1550695.20000000,2198108.77230000
1725537600000,1.41600000,1.43200000,1.37500000,1.38400000,3131243.90000000,4396798.36600000
1725552000000,1.38400000,1.41100000,1.36500000,1.37500000,2098662.50000000,2906776.18700000
1725566400000,1.37400000,1.40100000,1.37100000,1.38800000,761616.90000000,1054241.27400000
1725580800000,1.38800000,1.41100000,1.38200000,1.40100000,1237620.70000000,1732816.34490000
1725595200000,1.40100000,1.40800000,1.35900000,1.37500000,1809483.90000000,2495767.48420000
1725609600000,1.37500000,1.39900000,1.37400000,1.39600000,1300503.00000000,1803543.97750000
1725624000000,1.39700000,1.43600000,1.36200000,1.39800000,7109777.00000000,9935093.38350000
1725638400000,1.39900000,1.40000000,1.34200000,1.35500000,3750646.20000000,5133377.68430000
1725652800000,1.35400000,1.35700000,1.28400000,1.33600000,3820192.90000000,5032223.00840000
1725667200000,1.33700000,1.34700000,1.31800000,1.32600000,1258589.40000000,1676028.81020000
1725681600000,1.32600000,1.36500000,1.32400000,1.35700000,1132909.20000000,1524014.12030000
1725696000000,1.35700000,1.37100000,1.35300000,1.35600000,1248688.60000000,1700552.47700000
1725710400000,1.35700000,1.37600000,1.35000000,1.36000000,1234974.70000000,1681680.15540000
1725724800000,1.36000000,1.36500000,1.32800000,1.35500000,1144451.80000000,1542076.56130000
1725739200000,1.35500000,1.35700000,1.32600000,1.34600000,913384.10000000,1226010.00680000
1725753600000,1.34700000,1.36700000,1.34100000,1.36700000,840037.80000000,1139343.29680000
1725768000000,1.36800000,1.38400000,1.36200000,1.37200000,1413895.60000000,1940314.36190000
1725782400000,1.37200000,1.39400000,1.36500000,1.37800000,1132255.50000000,1562440.54520000
1725796800000,1.37800000,1.38500000,1.34800000,1.35100000,1628807.00000000,2224594.90020000
1725811200000,1.35000000,1.37300000,1.34000000,1.36200000,772550.00000000,1049091.21030000
1725825600000,1.36200000,1.41500000,1.35900000,1.39600000,1880192.40000000,2623681.48180000
1725840000000,1.39700000,1.42200000,1.38900000,1.40000000,1653582.30000000,2327815.60980000
1725854400000,1.40100000,1.40800000,1.38200000,1.40800000,1858808.60000000,2588046.55920000
1725868800000,1.40700000,1.42800000,1.40600000,1.41300000,1518626.40000000,2150767.74510000
1725883200000,1.41400000,1.43100000,1.39200000,1.41000000,2704477.80000000,3822885.93630000
1725897600000,1.41100000,1.46900000,1.40900000,1.46700000,3690087.10000000,5328912.63110000
1725912000000,1.46700000,1.49200000,1.45100000,1.46000000,2164358.50000000,3180203.33810000
1725926400000,1.46000000,1.46200000,1.42600000,1.42700000,1508688.60000000,2174024.52540000
1725940800000,1.42700000,1.46500000,1.42500000,1.45800000,1629390.00000000,2352964.34650000
1725955200000,1.45800000,1.47800000,1.44300000,1.47300000,1628709.60000000,2378335.89100000
1725969600000,1.47200000,1.47600000,1.44100000,1.44600000,2418371.30000000,3515913.71030000
1725984000000,1.44500000,1.48600000,1.44400000,1.47600000,1597010.00000000,2343177.83890000
1725998400000,1.47600000,1.48100000,1.46500000,1.47000000,1064160.90000000,1566890.81870000
1726012800000,1.47100000,1.47400000,1.43800000,1.44300000,1997773.90000000,2907881.79730000
1726027200000,1.44200000,1.44200000,1.41900000,1.43100000,1557311.50000000,2224846.17520000
1726041600000,1.43100000,1.43200000,1.39800000,1.40900000,1878465.10000000,2650093.11600000
1726056000000,1.40900000,1.42900000,1.36000000,1.38000000,4659509.40000000,6482919.82580000
1726070400000,1.38000000,1.40000000,1.36300000,1.37100000,2528405.10000000,3499556.18320000
1726084800000,1.37000000,1.39200000,1.37000000,1.37400000,1619111.50000000,2237796.20820000
1726099200000,1.37400000,1.43000000,1.37200000,1.40300000,2509394.70000000,3519682.28450000
1726113600000,1.40400000,1.42000000,1.38900000,1.41100000,2535364.50000000,3563953.21220000
1726128000000,1.41000000,1.43500000,1.40300000,1.41300000,2435142.70000000,3455065.95460000
1726142400000,1.41300000,1.42800000,1.38700000,1.39800000,2957858.00000000,4164181.89450000
1726156800000,1.39800000,1.62000000,1.39500000,1.59600000,16766201.50000000,25757255.13520000
1726171200000,1.59600000,1.60000000,1.52900000,1.54000000,6012548.70000000,9371976.42700000
1726185600000,1.54000000,1.54500000,1.50100000,1.52300000,3908641.70000000,5942255.10390000
1726200000000,1.52300000,1.53100000,1.47400000,1.49000000,4198419.10000000,6264862.52270000
1726214400000,1.49000000,1.51200000,1.48000000,1.48500000,3988336.00000000,5979664.21950000
1726228800000,1.48500000,1.52500000,1.45900000,1.51500000,5815260.20000000,8636562.98830000
1726243200000,1.51500000,1.52900000,1.49600000,1.51100000,3465871.40000000,5243487.19210000
1726257600000,1.51100000,1.53700000,1.50600000,1.52000000,2058189.30000000,3132911.71060000
1726272000000,1.52100000,1.55500000,1.51500000,1.55400000,2066328.40000000,3172200.07990000
1726286400000,1.55400000,1.55400000,1.51200000,1.51900000,2099666.20000000,3203629.73030000
1726300800000,1.51900000,1.53100000,1.49000000,1.50500000,1796559.50000000,2716317.64010000
1726315200000,1.50400000,1.54500000,1.49700000,1.52300000,2543121.20000000,3871054.76930000
1726329600000,1.52400000,1.53500000,1.48800000,1.49500000,1863744.10000000,2806150.90680000
1726344000000,1.49400000,1.51900000,1.49300000,1.51100000,1046396.20000000,1578581.37490000
1726358400000,1.51200000,1.55000000,1.50800000,1.53800000,2129127.40000000,3264402.43510000
1726372800000,1.53800000,1.58200000,1.51800000,1.55900000,3207596.80000000,4969019.33110000
1726387200000,1.55900000,1.56200000,1.51400000,1.52900000,1996360.80000000,3063963.39530000
1726401600000,1.52900000,1.55400000,1.51200000,1.53900000,2238663.20000000,3434016.65300000
1726416000000,1.53900000,1.54700000,1.49100000,1.49900000,2883949.10000000,4351824.63270000
1726430400000,1.49900000,1.50700000,1.45400000,1.47100000,3055878.80000000,4515630.00090000
1726444800000,1.47100000,1.47600000,1.42700000,1.44900000,2940699.40000000,4260093.67510000
1726459200000,1.44800000,1.46300000,1.43400000,1.44800000,2087840.30000000,3021202.13930000
1726473600000,1.44800000,1.46200000,1.41000000,1.43600000,2534450.50000000,3630296.74360000
1726488000000,1.43600000,1.44100000,1.40800000,1.41800000,2348274.40000000,3343635.75080000
1726502400000,1.41700000,1.42600000,1.39500000,1.40200000,2319232.00000000,3263765.48060000
1726516800000,1.40200000,1.42300000,1.38500000,1.41400000,1294879.40000000,1815790.26830000
1726531200000,1.41500000,1.42700000,1.39700000,1.42100000,1039666.00000000,1469893.61230000
1726545600000,1.42100000,1.44000000,1.42000000,1.42500000,1259831.50000000,1799331.30120000
1726560000000,1.42500000,1.45100000,1.42300000,1.44400000,1706902.50000000,2456076.26340000
1726574400000,1.44400000,1.49400000,1.42900000,1.48800000,3700464.60000000,5425746.85010000
1726588800000,1.48800000,1.51000000,1.45800000,1.47400000,3451915.30000000,5120031.46320000
1726603200000,1.47400000,1.49200000,1.47000000,1.47600000,1786334.20000000,2647472.35180000
1726617600000,1.47700000,1.51700000,1.45800000,1.50100000,3177880.70000000,4734107.79590000
1726632000000,1.50100000,1.50600000,1.47500000,1.50300000,1498303.40000000,2235366.25930000
1726646400000,1.50300000,1.50600000,1.44500000,1.46100000,2574092.00000000,3782578.23150000
1726660800000,1.46100000,1.47400000,1.43100000,1.43800000,2059746.60000000,2986615.63370000
1726675200000,1.43800000,1.53000000,1.42400000,1.50800000,5894447.70000000,8782664.52060000
1726689600000,1.50900000,1.56100000,1.49100000,1.55900000,2816212.40000000,4294873.42800000
1726704000000,1.55900000,1.59700000,1.53800000,1.58500000,4933695.90000000,7728444.14880000
1726718400000,1.58500000,1.61800000,1.57700000,1.59700000,5687044.20000000,9077013.83640000
1726732800000,1.59800000,1.60900000,1.56300000,1.60000000,3786452.10000000,6003094.47640000
1726747200000,1.60100000,1.64500000,1.59400000,1.60600000,6101980.90000000,9844156.54280000
1726761600000,1.60600000,1.65300000,1.60500000,1.61300000,4546816.10000000,7409271.42840000
1726776000000,1.61300000,1.62100000,1.58300000,1.59700000,2293248.00000000,3668813.99430000
1726790400000,1.59700000,1.64100000,1.56500000,1.64000000,3709151.20000000,5906965.61750000
1726804800000,1.64000000,1.68900000,1.63300000,1.66100000,6501005.70000000,10794355.88390000
1726819200000,1.66100000,1.67400000,1.62700000,1.63400000,3425498.10000000,5664368.53490000
1726833600000,1.63400000,1.65100000,1.60600000,1.62400000,4211786.10000000,6847616.54520000
1726848000000,1.62400000,1.63700000,1.58600000,1.60800000,2628792.00000000,4226406.13850000
1726862400000,1.60800000,1.63400000,1.60100000,1.61900000,1136431.10000000,1839971.56110000
1726876800000,1.61900000,1.62900000,1.58200000,1.58400000,2389911.80000000,3836961.08710000
1726891200000,1.58300000,1.60800000,1.56700000,1.60100000,2487733.90000000,3955004.63590000
1726905600000,1.60200000,1.60600000,1.58300000,1.59300000,1380724.30000000,2202281.39220000
1726920000000,1.59200000,1.64700000,1.58800000,1.61600000,3021224.00000000,4884963.58160000
1726934400000,1.61600000,1.62500000,1.60400000,1.61600000,1483298.20000000,2395590.58990000
1726948800000,1.61600000,1.65500000,1.60500000,1.64500000,1500454.10000000,2438857.68630000
1726963200000,1.64600000,1.66000000,1.59600000,1.60300000,3041213.40000000,4943027.27480000
1726977600000,1.60300000,1.61700000,1.58900000,1.59600000,1559054.80000000,2492256.71790000
1726992000000,1.59600000,1.60400000,1.56300000,1.58000000,2807865.90000000,4445133.01050000
1727006400000,1.58000000,1.58700000,1.53400000,1.54400000,3213656.30000000,5000837.05870000
1727020800000,1.54400000,1.57100000,1.52400000,1.55700000,2529129.40000000,3919898.71010000
1727035200000,1.55800000,1.57800000,1.51300000,1.56200000,2130343.50000000,3307584.78310000
1727049600000,1.56300000,1.65700000,1.52000000,1.64800000,5558572.50000000,8953046.11700000
1727064000000,1.64800000,1.76800000,1.62600000,1.71400000,10268325.00000000,17507123.17660000
1727078400000,1.71300000,1.73200000,1.66600000,1.67000000,5824513.40000000,9879366.37860000
1727092800000,1.67100000,1.74700000,1.66700000,1.72600000,10904569.00000000,18645820.05790000
1727107200000,1.72600000,1.78700000,1.71400000,1.72400000,8103566.70000000,14179308.87910000
1727121600000,1.72400000,1.73600000,1.69500000,1.70900000,2716058.10000000,4659884.37290000
1727136000000,1.70900000,1.72100000,1.65700000,1.69800000,4552748.00000000,7656476.20320000
1727150400000,1.69900000,1.75300000,1.67300000,1.74400000,3681705.30000000,6304933.53850000
1727164800000,1.74400000,1.80900000,1.72700000,1.74800000,7991539.10000000,14052879.53140000
1727179200000,1.74800000,1.76700000,1.68300000,1.70700000,7610928.60000000,13110559.02640000
1727193600000,1.70700000,1.74600000,1.69900000,1.74000000,3895890.80000000,6713586.10990000
1727208000000,1.74000000,1.84500000,1.72700000,1.81200000,7534907.20000000,13504182.64640000
1727222400000,1.81300000,1.89000000,1.79100000,1.87400000,6947564.00000000,12856875.40220000
1727236800000,1.87400000,1.88100000,1.79800000,1.81200000,4895494.50000000,8952615.09750000
1727251200000,1.81200000,1.84800000,1.80400000,1.84300000,2829087.20000000,5155805.63200000
1727265600000,1.84300000,2.05200000,1.83200000,2.00300000,17929493.80000000,34929247.69360000
1727280000000,2.00300000,2.14700000,1.99600000,2.10900000,20856567.50000000,43431644.61520000
1727294400000,2.10800000,2.14700000,2.07800000,2.10600000,9029908.00000000,19085908.47420000
1727308800000,2.10600000,2.18000000,2.04200000,2.05000000,12524509.00000000,26138388.59880000
1727323200000,2.05000000,2.14400000,2.04600000,2.09500000,9151002.30000000,19149651.94290000
1727337600000,2.09400000,2.17800000,2.08000000,2.15300000,8099129.10000000,17248028.22750000
1727352000000,2.15300000,2.18200000,2.06200000,2.09300000,13603954.20000000,28854206.76960000
1727366400000,2.09400000,2.16400000,2.05200000,2.05600000,7768357.10000000,16392697.23980000
1727380800000,2.05500000,2.06500000,2.00800000,2.03300000,5236052.80000000,10646656.71490000
1727395200000,2.03300000,2.06200000,1.99400000,2.05700000,6815184.10000000,13820366.68760000
1727409600000,2.05700000,2.14900000,2.05600000,2.09700000,9508462.00000000,20026582.24530000
1727424000000,2.09700000,2.13400000,2.04500000,2.06900000,4779256.10000000,9971757.31320000
1727438400000,2.06800000,2.12500000,2.04900000,2.08800000,6419276.10000000,13441376.74290000
1727452800000,2.08900000,2.17500000,2.08400000,2.08800000,10520767.00000000,22398640.63890000
1727467200000,2.08700000,2.12900000,2.06200000,2.11500000,3524616.00000000,7409174.95270000
1727481600000,2.11700000,2.16500000,2.10000000,2.10600000,5371645.80000000,11436504.66760000
1727496000000,2.10500000,2.12900000,2.06000000,2.09900000,4304581.20000000,9030239.43370000
1727510400000,2.10000000,2.10500000,2.02600000,2.09300000,3599503.50000000,7460994.92490000
1727524800000,2.09300000,2.09300000,2.03400000,2.04600000,2900327.30000000,5968804.83130000
1727539200000,2.04600000,2.06300000,2.01300000,2.02600000,2408252.80000000,4896603.66480000
1727553600000,2.02700000,2.03100000,1.97600000,2.01000000,3764856.40000000,7525975.16880000
1727568000000,2.01100000,2.06400000,2.00200000,2.05400000,3626461.50000000,7359712.07890000
1727582400000,2.05400000,2.05900000,1.93800000,1.95300000,4640318.30000000,9233084.59310000
1727596800000,1.95400000,1.99300000,1.94200000,1.98300000,4137358.00000000,8138784.83420000
1727611200000,1.98200000,2.03900000,1.92900000,2.03500000,6322270.40000000,12524471.89200000
1727625600000,2.03500000,2.09900000,2.01000000,2.08700000,7985979.10000000,16423493.64320000
1727640000000,2.08600000,2.11200000,2.02800000,2.04500000,3774681.70000000,7832252.25310000
1727654400000,2.04600000,2.07100000,1.96300000,2.02100000,6785733.90000000,13660150.01860000
1727668800000,2.02200000,2.04300000,1.98400000,2.01400000,4045017.40000000,8142440.87050000
1727683200000,2.01400000,2.01700000,1.91600000,1.97100000,5444971.00000000,10669003.79260000
1727697600000,1.97200000,2.00200000,1.88100000,1.88600000,6737101.40000000,13083669.24170000
1727712000000,1.88600000,1.91500000,1.87200000,1.89600000,3886514.10000000,7364487.82880000
1727726400000,1.89600000,1.92000000,1.82600000,1.85500000,6182390.60000000,11582638.25590000
1727740800000,1.85400000,1.94800000,1.84300000,1.94300000,5088709.00000000,9663029.95140000
1727755200000,1.94300000,1.96600000,1.90500000,1.92300000,4584660.20000000,8855818.71600000
1727769600000,1.92300000,1.94500000,1.89700000,1.90300000,2833800.30000000,5435831.85110000
1727784000000,1.90300000,1.92100000,1.68200000,1.75000000,15440345.50000000,27493386.48390000
1727798400000,1.74900000,1.77100000,1.57200000,1.66200000,12890486.30000000,21606637.24900000
1727812800000,1.66200000,1.68000000,1.63100000,1.65600000,4434106.40000000,7345794.21820000
1727827200000,1.65600000,1.71300000,1.64400000,1.70200000,3580276.10000000,6036206.78400000
1727841600000,1.70200000,1.74500000,1.68000000,1.72600000,3106938.60000000,5315475.50100000
1727856000000,1.72500000,1.74000000,1.66000000,1.68300000,4021089.70000000,6816485.17540000
1727870400000,1.68300000,1.70900000,1.64500000,1.66600000,6408816.60000000,10752986.33160000
1727884800000,1.66600000,1.70800000,1.54400000,1.58200000,7054761.00000000,11407333.49020000
1727899200000,1.58200000,1.62000000,1.57000000,1.60000000,2696438.30000000,4302932.84430000
1727913600000,1.60000000,1.65400000,1.58800000,1.64400000,2922867.40000000,4759531.21640000
1727928000000,1.64400000,1.64400000,1.59100000,1.59100000,2398741.20000000,3889140.04120000
1727942400000,1.59100000,1.61500000,1.53200000,1.59100000,3936004.60000000,6200185.18590000
1727956800000,1.59100000,1.62400000,1.53500000,1.60200000,4144358.30000000,6567372.70900000
1727971200000,1.60200000,1.61200000,1.54700000,1.61000000,3682931.10000000,5839243.16310000
1727985600000,1.61100000,1.61900000,1.57600000,1.60500000,1764169.30000000,2827420.77950000
1728000000000,1.60400000,1.63900000,1.58500000,1.62000000,2823360.50000000,4564447.64120000
1728014400000,1.62000000,1.68000000,1.61700000,1.66700000,4358546.60000000,7214246.21040000
1728028800000,1.66700000,1.70000000,1.63600000,1.66700000,3360300.30000000,5606371.45960000
1728043200000,1.66700000,1.69500000,1.61700000,1.67500000,6256427.70000000,10362030.31760000
1728057600000,1.67500000,1.72800000,1.66400000,1.71900000,4300857.10000000,7302596.27210000
1728072000000,1.71900000,1.72400000,1.68100000,1.69700000,1686798.00000000,2867628.85690000
1728086400000,1.69700000,1.72900000,1.67700000,1.68200000,2227643.10000000,3801495.39980000
1728100800000,1.68200000,1.83100000,1.68100000,1.81400000,5927687.50000000,10507336.13630000
1728115200000,1.81500000,1.91400000,1.81200000,1.85400000,8422759.10000000,15714913.81940000
1728129600000,1.85400000,1.88000000,1.82300000,1.85500000,4630492.80000000,8585268.67670000
1728144000000,1.85500000,1.86400000,1.79100000,1.79300000,5028118.00000000,9117412.13380000
1728158400000,1.79400000,1.81700000,1.76200000,1.81700000,2574394.20000000,4606595.30340000
1728172800000,1.81600000,1.85900000,1.80000000,1.81000000,3844025.10000000,7034265.93560000
1728187200000,1.81100000,1.85400000,1.79800000,1.84400000,2848804.80000000,5203220.89770000
1728201600000,1.84500000,1.87500000,1.83100000,1.86800000,3385221.20000000,6279869.92760000
1728216000000,1.86800000,1.96900000,1.86300000,1.96200000,12588430.70000000,24186115.02360000
1728230400000,1.96200000,2.05300000,1.92100000,1.92700000,9903871.20000000,19711393.02860000
1728244800000,1.92700000,1.96200000,1.91800000,1.93700000,2992814.90000000,5806768.34610000
1728259200000,1.93700000,2.03400000,1.92100000,2.01100000,7960640.60000000,15831571.24760000
1728273600000,2.01200000,2.04600000,1.98800000,2.00000000,5649993.70000000,11395862.26850000
1728288000000,2.00000000,2.01100000,1.90400000,1.96000000,8644278.40000000,16871802.37620000
1728302400000,1.96000000,2.05000000,1.92300000,1.99700000,11424906.20000000,22792984.24660000
1728316800000,1.99700000,2.07100000,1.95200000,1.96400000,8878240.40000000,17873007.03120000
1728331200000,1.96400000,2.01500000,1.92700000,1.93400000,5099343.40000000,10016332.78750000
1728345600000,1.93300000,2.01400000,1.93300000,1.98400000,3715692.20000000,7341916.46410000
1728360000000,1.98500000,2.00700000,1.90800000,1.93500000,5953676.60000000,11657808.77680000
1728374400000,1.93500000,1.98900000,1.92200000,1.97900000,3498024.50000000,6877737.15080000
1728388800000,1.97900000,1.98800000,1.84700000,1.86400000,10164477.30000000,19303281.98240000
1728403200000,1.86400000,1.88900000,1.84600000,1.87200000,4062136.30000000,7577160.54970000
1728417600000,1.87300000,1.88800000,1.82600000,1.85000000,2286077.00000000,4250514.50460000
1728432000000,1.85000000,1.88600000,1.82800000,1.85000000,3870765.70000000,7192917.56380000
1728446400000,1.85000000,1.88300000,1.83100000,1.85400000,3683019.00000000,6856984.36740000
1728460800000,1.85300000,1.87400000,1.83300000,1.84800000,2884067.30000000,5343254.21210000
1728475200000,1.84800000,1.84800000,1.77300000,1.83100000,7313190.60000000,13202206.84790000
1728489600000,1.83000000,1.83800000,1.74800000,1.75200000,3648942.40000000,6502166.00580000
1728504000000,1.75200000,1.76000000,1.71700000,1.73500000,3485621.70000000,6040924.13910000
1728518400000,1.73600000,1.75300000,1.71500000,1.73900000,2869939.40000000,4990263.23050000
1728532800000,1.73900000,1.77000000,1.72600000,1.74400000,2628706.40000000,4609595.30510000
1728547200000,1.74400000,1.76300000,1.70200000,1.74800000,3959142.20000000,6867436.02550000
1728561600000,1.74800000,1.75000000,1.66300000,1.69100000,6532391.00000000,11090004.55090000
1728576000000,1.69100000,1.71100000,1.63900000,1.68200000,5468438.00000000,9121800.10100000
1728590400000,1.68200000,1.70500000,1.66800000,1.70000000,3431689.20000000,5791638.89590000
1728604800000,1.70100000,1.72300000,1.68600000,1.71400000,2902447.00000000,4947606.85330000
1728619200000,1.71500000,1.76200000,1.70700000,1.75700000,2665715.20000000,4606055.29410000
1728633600000,1.75700000,1.83000000,1.74600000,1.80400000,5174564.70000000,9307974.74520000
1728648000000,1.80500000,1.96100000,1.80500000,1.92800000,13544526.90000000,25711422.83020000
1728662400000,1.92900000,1.95100000,1.90700000,1.93200000,5388617.20000000,10425465.74170000
1728676800000,1.93200000,1.95400000,1.92200000,1.93200000,3050179.20000000,5908237.14190000
1728691200000,1.93200000,1.94700000,1.88200000,1.89400000,4306603.80000000,8273864.06920000
1728705600000,1.89400000,2.04100000,1.89300000,2.03000000,5941619.30000000,11665803.05640000
1728720000000,2.03000000,2.03500000,1.97900000,2.00300000,6250514.00000000,12563283.08090000
1728734400000,2.00400000,2.08800000,1.99800000,2.02200000,9108373.70000000,18613146.09240000
1728748800000,2.02300000,2.03900000,2.00200000,2.01800000,3678404.40000000,7430043.06080000
1728763200000,2.01800000,2.12300000,2.01400000,2.08200000,6479107.60000000,13443012.78240000
1728777600000,2.08200000,2.09300000,1.99600000,2.01300000,6065788.80000000,12386394.33010000
1728792000000,2.01400000,2.07700000,2.00600000,2.03400000,3916570.00000000,7997822.46060000
1728806400000,2.03400000,2.04200000,1.98600000,1.99300000,4186041.80000000,8437703.70700000
1728820800000,1.99300000,2.02500000,1.93300000,1.94400000,6123637.90000000,12099275.99070000
1728835200000,1.94400000,1.98800000,1.93800000,1.97300000,3559061.30000000,6992837.76700000
1728849600000,1.97300000,2.09200000,1.96500000,2.07600000,7123301.70000000,14596945.81780000
1728864000000,2.07600000,2.34400000,2.07000000,2.33200000,20349240.00000000,44651479.18640000
1728878400000,2.33200000,2.36000000,2.27600000,2.31900000,12344591.60000000,28563783.78860000
1728892800000,2.31900000,2.33700000,2.26900000,2.32300000,8120219.30000000,18709595.86460000
1728907200000,2.32400000,2.44400000,2.31100000,2.35000000,13682930.70000000,32340920.65500000
1728921600000,2.35100000,2.36000000,2.28300000,2.31800000,7337339.20000000,16968350.59180000
1728936000000,2.31800000,2.42300000,2.31700000,2.41600000,5920994.80000000,14027437.31210000
1728950400000,2.41700000,2.43100000,2.36100000,2.37900000,9126193.20000000,21847980.78710000
1728964800000,2.37800000,2.65000000,2.37300000,2.63600000,17298658.10000000,43692623.75860000
1728979200000,2.63600000,2.65000000,2.40900000,2.43000000,15794524.00000000,39903975.51900000
1728993600000,2.43100000,2.54500000,2.27400000,2.35600000,28170901.30000000,68484164.53330000
1729008000000,2.35700000,2.44700000,2.35700000,2.37800000,9362129.30000000,22497337.24340000
1729022400000,2.37800000,2.40000000,2.30700000,2.39100000,5324501.40000000,12513394.35360000
1729036800000,2.39200000,2.42500000,2.29900000,2.35300000,7872326.00000000,18643116.57300000
1729051200000,2.35300000,2.38200000,2.25100000,2.26400000,7782327.30000000,17917374.46980000
1729065600000,2.26500000,2.40900000,2.26400000,2.36200000,10989126.50000000,25689264.24240000
1729080000000,2.36300000,2.38000000,2.23800000,2.24600000,8653076.80000000,20042624.86480000
1729094400000,2.24600000,2.26500000,2.17400000,2.22300000,5300477.50000000,11723805.26380000
1729108800000,2.22300000,2.28100000,2.22300000,2.23800000,2416329.30000000,5447986.44370000
1729123200000,2.23900000,2.28000000,2.21800000,2.26300000,3650463.40000000,8207532.17700000
1729137600000,2.26300000,2.26800000,2.18100000,2.21600000,3903680.70000000,8667764.59160000
1729152000000,2.21500000,2.23900000,2.15600000,2.16300000,5797200.30000000,12744712.42970000
1729166400000,2.16200000,2.32700000,2.15200000,2.30300000,13742552.70000000,31068229.47680000
1729180800000,2.30200000,2.30300000,2.08000000,2.12200000,13318925.10000000,28809332.59070000
1729195200000,2.12200000,2.16900000,2.11100000,2.12900000,3672754.70000000,7839362.15790000
1729209600000,2.13000000,2.21600000,2.10700000,2.19300000,6788002.00000000,14751353.06850000
1729224000000,2.19400000,2.22200000,2.17400000,2.20200000,5551454.30000000,12201575.34220000
1729238400000,2.20200000,2.20800000,2.16600000,2.17800000,5117283.20000000,11178345.13390000
1729252800000,2.17800000,2.29200000,2.13500000,2.28000000,10130691.30000000,22463919.73160000
1729267200000,2.28100000,2.46700000,2.27400000,2.37300000,14646592.50000000,34868629.79650000
1729281600000,2.37400000,2.39600000,2.33500000,2.36900000,4750786.70000000,11257144.80550000
1729296000000,2.36900000,2.39000000,2.33300000,2.38000000,4184461.80000000,9897973.95720000
1729310400000,2.38100000,2.53300000,2.37200000,2.45700000,9465613.20000000,23264284.13040000
1729324800000,2.45600000,2.49800000,2.39000000,2.39700000,7430964.20000000,18172093.91260000
1729339200000,2.39800000,2.50500000,2.38700000,2.49000000,7595865.60000000,18673581.79420000
1729353600000,2.49100000,2.52700000,2.43500000,2.43700000,6669382.60000000,16498344.45760000
1729368000000,2.43800000,2.47500000,2.42500000,2.45800000,2357475.00000000,5777115.97770000
1729382400000,2.45900000,2.47700000,2.36100000,2.38200000,5938538.10000000,14274496.36560000
1729396800000,2.38200000,2.40900000,2.34600000,2.39000000,4457729.80000000,10606512.42170000
1729411200000,2.39000000,2.41500000,2.36600000,2.39400000,3337436.20000000,7986070.20710000
1729425600000,2.39300000,2.43300000,2.33700000,2.40900000,7647832.20000000,18251795.63490000
1729440000000,2.40900000,2.42000000,2.37400000,2.38100000,3271165.20000000,7837375.16430000
1729454400000,2.38000000,2.44700000,2.37100000,2.42700000,4800025.20000000,11576250.19470000
1729468800000,2.42700000,2.48800000,2.36400000,2.38500000,5803927.70000000,14054588.01060000
1729483200000,2.38500000,2.42700000,2.36700000,2.38100000,4179884.60000000,10035510.54310000
1729497600000,2.38100000,2.40500000,2.31100000,2.32800000,5651215.60000000,13302481.45200000
1729512000000,2.32900000,2.34900000,2.27300000,2.31900000,6624306.60000000,15252528.72570000
1729526400000,2.31900000,2.31900000,2.27500000,2.29300000,4152884.10000000,9532532.94610000
1729540800000,2.29400000,2.30200000,2.26500000,2.27300000,2967901.40000000,6775046.58470000
1729555200000,2.27200000,2.31100000,2.23300000,2.28300000,5355340.20000000,12182324.26980000
1729569600000,2.28300000,2.31700000,2.27200000,2.29100000,3394589.20000000,7790537.41870000
1729584000000,2.29100000,2.30400000,2.21200000,2.24600000,5407000.50000000,12149557.43460000
1729598400000,2.24600000,2.26400000,2.19500000,2.23300000,4913625.80000000,10978797.15970000
1729612800000,2.23400000,2.25800000,2.19200000,2.24900000,3331618.10000000,7425726.72380000
1729627200000,2.24800000,2.32500000,2.24400000,2.30500000,3472552.20000000,7927249.32670000
1729641600000,2.30500000,2.31900000,2.25600000,2.29500000,3120414.00000000,7154558.91650000
1729656000000,2.29600000,2.29900000,2.24700000,2.25700000,2558163.10000000,5812632.21980000
1729670400000,2.25700000,2.28300000,2.19500000,2.20100000,4476410.60000000,10007931.06260000
1729684800000,2.20100000,2.26000000,2.16200000,2.19000000,4928577.00000000,10910384.13510000
1729699200000,2.19100000,2.22800000,2.15300000,2.22300000,5938788.90000000,12992989.88570000
1729713600000,2.22300000,2.25500000,2.19700000,2.24700000,2625270.50000000,5836629.91660000
1729728000000,2.24600000,2.31800000,2.22600000,2.27100000,4704981.90000000,10776739.75220000
1729742400000,2.27100000,2.30100000,2.26500000,2.26900000,2842245.90000000,6483320.27860000
1729756800000,2.26900000,2.28000000,2.17700000,2.22500000,3915799.40000000,8665091.78000000
1729771200000,2.22500000,2.25800000,2.18600000,2.20000000,5439927.60000000,12083185.33340000
1729785600000,2.20000000,2.22600000,2.17300000,2.20900000,3197287.40000000,7024303.29140000
1729800000000,2.20900000,2.24600000,2.18000000,2.20500000,3957068.30000000,8727887.77480000
1729814400000,2.20500000,2.22000000,2.16000000,2.17500000,2879490.30000000,6304780.82110000
1729828800000,2.17500000,2.18000000,2.10700000,2.14600000,5586155.10000000,11910018.23080000
1729843200000,2.14700000,2.16700000,2.11800000,2.15500000,3316818.10000000,7124325.80310000
1729857600000,2.15500000,2.19900000,2.11200000,2.12500000,5938242.60000000,12821262.96010000
1729872000000,2.12500000,2.13300000,2.02900000,2.06700000,8799449.10000000,18338787.06380000
1729886400000,2.06700000,2.08000000,1.78100000,1.91700000,17155193.90000000,32912262.90210000
1729900800000,1.91800000,1.97500000,1.89200000,1.96200000,12008701.10000000,23223441.83640000
1729915200000,1.96100000,2.01300000,1.95800000,1.98200000,4712663.80000000,9356163.97600000
1729929600000,1.98200000,2.01100000,1.97900000,2.00100000,2500672.10000000,4990710.80400000
1729944000000,2.00100000,2.00700000,1.94000000,1.97500000,4737163.30000000,9363044.64110000
1729958400000,1.97400000,2.04100000,1.97300000,2.02400000,3888214.80000000,7841996.68360000
1729972800000,2.02400000,2.04700000,2.00200000,2.01000000,2223043.60000000,4488569.14030000
1729987200000,2.01000000,2.02800000,1.98600000,2.02500000,1803521.40000000,3616490.35830000
1730001600000,2.02400000,2.03000000,1.99700000,2.00800000,2108739.60000000,4240990.15120000
1730016000000,2.00900000,2.01800000,1.96800000,1.97900000,2062651.70000000,4104466.88580000
1730030400000,1.97900000,2.02500000,1.97700000,2.01100000,2330903.90000000,4669750.47110000
1730044800000,2.01100000,2.03700000,1.98500000,2.00100000,2958422.40000000,5968253.73100000
1730059200000,2.00100000,2.07700000,1.99600000,2.04200000,2782095.00000000,5682465.73620000
1730073600000,2.04300000,2.04700000,1.95200000,1.95500000,4075134.90000000,8167034.32450000
1730088000000,1.95500000,2.01100000,1.93500000,2.00300000,3900819.60000000,7697716.14110000
1730102400000,2.00400000,2.03500000,1.99900000,2.00400000,4263770.50000000,8589837.13640000
1730116800000,2.00400000,2.01600000,1.92500000,1.92900000,7427682.00000000,14670820.79260000
1730131200000,1.92900000,1.99300000,1.88300000,1.99100000,5205656.70000000,10097030.92870000
1730145600000,1.99100000,2.09700000,1.98800000,2.05200000,6444002.40000000,13158358.59180000
1730160000000,2.05200000,2.13000000,2.04000000,2.08900000,6513843.70000000,13607502.36790000
1730174400000,2.09000000,2.10600000,2.06800000,2.07800000,2613586.90000000,5452046.89900000
1730188800000,2.07800000,2.11400000,2.07700000,2.08400000,3320562.40000000,6952807.97300000
1730203200000,2.08300000,2.10700000,2.06500000,2.10600000,5625606.20000000,11727111.98150000
1730217600000,2.10600000,2.14200000,2.06700000,2.06800000,8351527.60000000,17656938.12890000
1730232000000,2.06800000,2.10300000,2.03200000,2.10200000,3618090.10000000,7484983.78620000
1730246400000,2.10100000,2.10300000,2.04800000,2.08400000,4057094.00000000,8435184.33330000
1730260800000,2.08400000,2.10000000,2.05200000,2.06100000,2473148.30000000,5137323.49500000
1730275200000,2.06100000,2.08200000,2.00600000,2.00900000,3834555.10000000,7830164.03080000
1730289600000,2.00900000,2.08800000,1.98900000,2.00600000,6913944.40000000,14065380.38380000
1730304000000,2.00700000,2.02800000,1.99200000,1.99300000,3036708.90000000,6098574.27420000
1730318400000,1.99300000,2.02400000,1.98200000,2.00100000,2683159.10000000,5380731.47170000
1730332800000,2.00200000,2.01400000,1.96600000,1.98800000,3078853.70000000,6130828.83390000
1730347200000,1.98800000,2.00400000,1.96600000,1.98500000,1490165.40000000,2960264.20810000
1730361600000,1.98500000,2.00300000,1.95700000,1.97400000,3081760.60000000,6097837.69750000
1730376000000,1.97400000,1.98300000,1.92000000,1.96200000,5833582.00000000,11384738.91610000
1730390400000,1.96100000,1.96600000,1.88200000,1.89500000,4627393.00000000,8874133.62740000
1730404800000,1.89500000,1.94200000,1.89300000,1.92200000,2079020.30000000,3986731.07320000
1730419200000,1.92200000,1.94200000,1.86500000,1.91000000,3760306.40000000,7161539.59300000
1730433600000,1.91000000,1.92100000,1.84700000,1.87300000,3465041.10000000,6509616.88930000
1730448000000,1.87200000,1.93400000,1.86700000,1.92500000,3826132.00000000,7310219.86410000
1730462400000,1.92600000,1.99200000,1.87000000,1.89000000,7596090.20000000,14781411.99440000
1730476800000,1.89000000,1.93400000,1.87100000,1.87900000,4648978.10000000,8834880.63370000
1730491200000,1.88000000,1.89700000,1.82600000,1.88000000,4132933.50000000,7698684.57180000
1730505600000,1.88000000,1.89900000,1.87000000,1.87500000,1653219.60000000,3114517.64590000
1730520000000,1.87400000,1.90000000,1.85700000,1.88800000,1985481.60000000,3733234.10940000
1730534400000,1.88800000,1.89600000,1.85900000,1.86300000,1830891.90000000,3432814.45880000
1730548800000,1.86200000,1.86800000,1.78000000,1.80500000,6188891.30000000,11216662.32700000
1730563200000,1.80600000,1.83300000,1.77800000,1.80200000,3225418.30000000,5815674.84000000
1730577600000,1.80200000,1.81900000,1.78900000,1.81000000,1614772.30000000,2913868.05930000
1730592000000,1.81000000,1.81600000,1.70500000,1.74200000,6436575.40000000,11311973.37740000
1730606400000,1.74300000,1.77700000,1.74200000,1.76200000,1951046.20000000,3427307.68290000
1730620800000,1.76100000,1.77100000,1.72800000,1.73200000,2633102.80000000,4606484.99610000
1730635200000,1.73200000,1.74600000,1.62700000,1.66900000,10899639.00000000,18201267.89530000
1730649600000,1.66800000,1.70700000,1.65700000,1.70200000,5373025.10000000,9036985.03090000
1730664000000,1.70200000,1.74500000,1.69500000,1.72700000,3138102.00000000,5418217.14930000
1730678400000,1.72700000,1.76200000,1.70000000,1.73000000,3559673.50000000,6177364.39680000
1730692800000,1.73000000,1.74700000,1.69100000,1.69200000,2783713.50000000,4763360.14010000
1730707200000,1.69300000,1.72300000,1.67800000,1.70500000,3158743.20000000,5371106.68840000
1730721600000,1.70500000,1.72000000,1.66000000,1.66900000,4207568.70000000,7107498.58680000
1730736000000,1.66800000,1.68000000,1.64500000,1.65800000,3482533.50000000,5784980.51390000
1730750400000,1.65800000,1.67200000,1.58900000,1.65600000,5091438.70000000,8318710.75160000
1730764800000,1.65700000,1.71400000,1.65600000,1.69700000,3719534.50000000,6287306.33560000
1730779200000,1.69700000,1.73000000,1.69500000,1.71700000,3183164.30000000,5465411.89610000
1730793600000,1.71700000,1.74700000,1.69500000,1.71700000,3489675.60000000,5992382.32310000
1730808000000,1.71700000,1.84200000,1.70800000,1.77000000,10771673.40000000,19167909.20490000
1730822400000,1.77000000,1.80600000,1.72200000,1.73300000,5323735.80000000,9463765.57340000
1730836800000,1.73200000,1.77900000,1.72100000,1.77100000,3700601.80000000,6470710.23800000
1730851200000,1.77100000,1.99600000,1.77100000,1.94800000,15643859.30000000,29796856.94300000
1730865600000,1.94900000,1.97700000,1.88200000,1.89000000,13044197.40000000,25228737.64020000
1730880000000,1.89100000,1.91900000,1.82900000,1.90800000,9656880.00000000,18138806.76120000
1730894400000,1.90900000,1.92300000,1.86600000,1.88400000,6977599.70000000,13225334.95900000
1730908800000,1.88400000,1.93800000,1.85700000,1.91000000,6331830.50000000,11953997.07810000
1730923200000,1.90900000,2.01700000,1.89800000,1.98200000,6594626.60000000,12910991.28050000
1730937600000,1.98100000,2.06000000,1.96700000,2.01500000,11015010.70000000,22293620.45460000
1730952000000,2.01500000,2.02200000,1.94000000,1.96300000,6427971.20000000,12754385.07780000
1730966400000,1.96300000,2.00000000,1.95100000,1.95300000,4361422.40000000,8627726.36210000
1730980800000,1.95300000,1.98100000,1.91900000,1.98000000,3794207.20000000,7407927.75360000
1730995200000,1.98000000,1.99000000,1.94400000,1.98700000,4784011.60000000,9401466.27770000
1731009600000,1.98700000,2.02800000,1.96100000,1.99600000,5436068.40000000,10848501.58100000
1731024000000,1.99700000,2.02200000,1.93000000,1.94500000,5284202.30000000,10462869.61030000
1731038400000,1.94600000,1.97100000,1.94000000,1.95200000,3216218.10000000,6291451.28330000
1731052800000,1.95200000,2.00900000,1.93400000,1.96200000,4962178.40000000,9786118.51590000
1731067200000,1.96200000,1.98700000,1.89500000,1.91500000,6093368.20000000,11843912.72730000
1731081600000,1.91500000,1.92200000,1.83800000,1.90600000,8117284.20000000,15259533.59380000
1731096000000,1.90600000,1.94000000,1.88200000,1.92000000,3239534.40000000,6186856.20670000
1731110400000,1.91900000,1.93600000,1.88100000,1.89400000,3762624.10000000,7162316.46430000
1731124800000,1.89400000,2.05900000,1.89400000,2.04500000,9493386.30000000,18951336.65050000
1731139200000,2.04600000,2.12600000,2.03700000,2.09200000,10492752.70000000,21862931.05670000
1731153600000,2.09200000,2.09700000,2.01400000,2.03700000,7088930.20000000,14535876.08920000
1731168000000,2.03800000,2.05500000,1.98800000,2.02000000,5613140.30000000,11372984.81930000
1731182400000,2.02000000,2.08500000,2.00600000,2.07800000,6693324.60000000,13685035.67960000
1731196800000,2.07900000,2.14700000,2.02700000,2.10700000,10080713.40000000,20940290.70920000
1731211200000,2.10800000,2.18100000,2.09000000,2.12700000,14293670.20000000,30452489.92150000
1731225600000,2.12700000,2.20100000,2.12600000,2.19000000,9300162.80000000,20186573.35460000
1731240000000,2.19000000,2.25500000,2.14200000,2.20000000,16544155.40000000,36335827.83030000
1731254400000,2.20000000,2.26500000,2.11000000,2.13300000,14546680.30000000,31974565.20600000
1731268800000,2.13400000,2.14400000,1.99800000,2.11500000,13395310.90000000,27960831.74450000
1731283200000,2.11500000,2.32500000,2.09500000,2.27000000,15330493.70000000,34117278.46880000
1731297600000,2.27100000,2.27400000,2.11200000,2.16000000,13115182.50000000,28620820.46280000
1731312000000,2.15900000,2.24400000,2.14900000,2.23300000,9494974.70000000,20810053.08850000
1731326400000,2.23400000,2.24500000,2.12400000,2.15700000,15263552.80000000,33112715.17740000
1731340800000,2.15800000,2.39600000,2.14700000,2.29100000,23747206.40000000,54433258.12650000
1731355200000,2.29200000,2.50400000,2.26300000,2.49200000,21836687.00000000,51541909.78290000
1731369600000,2.49300000,2.85600000,2.41400000,2.73000000,47723062.50000000,128431480.05170000
1731384000000,2.73000000,2.80200000,2.64300000,2.74800000,19568705.90000000,53099868.81830000
1731398400000,2.74800000,2.77500000,2.28100000,2.45200000,33310730.60000000,83619509.99400000
1731412800000,2.45200000,2.47700000,2.34700000,2.36900000,19309993.70000000,46513612.29070000
1731427200000,2.36900000,2.47700000,2.30700000,2.44900000,12351227.50000000,29684122.01620000
1731441600000,2.44900000,2.54200000,2.39800000,2.45600000,9825072.20000000,24231394.85940000
1731456000000,2.45600000,2.48600000,2.23900000,2.24100000,16548810.30000000,38990200.29750000
1731470400000,2.24000000,2.29000000,2.12500000,2.22700000,18145296.90000000,39904403.80490000
1731484800000,2.22800000,2.25000000,2.14100000,2.20800000,12177333.20000000,26827024.39700000
1731499200000,2.20700000,2.41900000,2.17600000,2.39500000,32233925.30000000,74944735.37820000
1731513600000,2.39500000,2.43300000,2.25600000,2.26500000,19733526.60000000,46426885.60370000
1731528000000,2.26400000,2.31100000,2.17900000,2.30100000,10466086.90000000,23599051.56410000
1731542400000,2.30100000,2.37700000,2.24400000,2.35800000,12547695.40000000,29096637.80990000
1731556800000,2.35800000,2.48800000,2.33900000,2.41500000,17830653.80000000,43094944.26260000
1731571200000,2.41600000,2.44900000,2.28600000,2.33600000,13365236.10000000,31755613.80620000
1731585600000,2.33600000,2.37900000,2.19400000,2.22800000,17391580.20000000,39667512.19790000
1731600000000,2.22800000,2.34700000,2.21500000,2.29300000,9180987.50000000,21017511.34510000
1731614400000,2.29300000,2.31000000,2.14000000,2.18200000,11056693.00000000,24740125.05460000
1731628800000,2.18200000,2.24200000,2.12900000,2.20300000,8581057.70000000,18747437.21600000
1731643200000,2.20100000,2.21800000,2.12100000,2.19200000,7443259.30000000,16203638.62120000
1731657600000,2.19200000,2.29000000,2.16400000,2.28500000,8025650.40000000,18052596.75530000
1731672000000,2.28500000,2.30900000,2.16300000,2.17900000,10166299.40000000,22810697.70490000
1731686400000,2.17900000,2.22900000,2.14600000,2.20600000,9139750.10000000,20008975.09080000
1731700800000,2.20600000,2.33700000,2.20400000,2.30100000,7669441.40000000,17511955.20610000
1731715200000,2.30100000,2.37600000,2.27700000,2.37200000,6839294.40000000,15875698.26540000
1731729600000,2.37100000,2.38000000,2.30000000,2.30900000,5614223.00000000,13120401.61430000
1731744000000,2.30700000,2.39900000,2.29900000,2.39900000,8017161.60000000,18781040.70700000
1731758400000,2.39800000,2.41700000,2.24500000,2.26800000,10758190.70000000,25035130.45030000
1731772800000,2.26700000,2.41600000,2.25100000,2.38000000,9372964.80000000,22018882.11150000
1731787200000,2.37900000,2.41800000,2.33700000,2.37100000,7315690.80000000,17411997.97170000
1731801600000,2.37000000,2.40900000,2.19000000,2.28000000,14748884.10000000,33521058.35630000
1731816000000,2.28200000,2.36800000,2.27400000,2.34500000,8728877.80000000,20360786.86900000
1731830400000,2.34500000,2.40300000,2.29600000,2.29600000,11000642.40000000,25914095.64860000
1731844800000,2.29700000,2.33500000,2.27500000,2.30700000,6957568.30000000,16036549.06290000
1731859200000,2.30600000,2.32600000,2.21600000,2.24700000,5582282.40000000,12712342.99500000
1731873600000,2.24700000,2.26400000,2.18200000,2.23100000,7838370.30000000,17359460.98800000
1731888000000,2.23100000,2.30600000,2.21400000,2.30300000,5417535.00000000,12255075.80800000
1731902400000,2.30300000,2.36800000,2.26700000,2.34100000,7450764.00000000,17308054.39870000
1731916800000,2.34100000,2.35100000,2.23800000,2.25300000,7137016.90000000,16422583.94970000
1731931200000,2.25200000,2.36000000,2.22100000,2.34200000,9675619.10000000,21995092.39090000
1731945600000,2.34200000,2.42600000,2.26400000,2.31400000,14547993.70000000,34330920.10100000
1731960000000,2.31400000,2.40300000,2.28900000,2.39500000,8292947.60000000,19525060.53810000
1731974400000,2.39600000,2.40300000,2.33600000,2.36200000,5993797.60000000,14194685.74870000
1731988800000,2.36100000,2.38900000,2.31600000,2.31900000,5600594.40000000,13137428.82590000
1732003200000,2.32000000,2.33000000,2.27700000,2.30500000,4395863.90000000,10117300.48070000
1732017600000,2.30500000,2.35400000,2.24600000,2.28700000,8796860.50000000,20189900.23710000
1732032000000,2.28700000,2.35800000,2.27000000,2.32400000,6606696.00000000,15247851.69250000
1732046400000,2.32400000,2.34600000,2.22400000,2.28800000,7441371.40000000,16869585.45240000
1732060800000,2.28800000,2.28900000,2.18600000,2.23300000,7279389.20000000,16235016.93050000
1732075200000,2.23300000,2.25200000,2.20600000,2.25000000,5101407.90000000,11386307.96710000
1732089600000,2.24900000,2.28400000,2.22100000,2.23300000,4682487.50000000,10566100.87540000
1732104000000,2.23400000,2.26900000,2.17800000,2.23300000,16015221.40000000,35541482.42600000
1732118400000,2.23300000,2.24800000,2.06200000,2.08700000,17344023.80000000,36950311.08540000
1732132800000,2.08600000,2.16000000,2.07400000,2.11400000,5164885.00000000,10972982.35240000
1732147200000,2.11500000,2.15900000,2.02300000,2.06400000,7795003.00000000,16252456.80590000
1732161600000,2.06400000,2.15500000,2.05500000,2.11700000,8548361.50000000,18110598.62160000
1732176000000,2.11800000,2.12900000,2.06200000,2.10400000,4683475.60000000,9822049.72890000
1732190400000,2.10300000,2.31000000,2.10000000,2.21000000,20317811.30000000,45199219.61440000
1732204800000,2.21100000,2.33500000,2.20900000,2.25100000,12284027.20000000,27992661.90540000
1732219200000,2.25100000,2.30000000,2.23500000,2.23500000,5479444.90000000,12395881.04300000
1732233600000,2.23500000,2.26100000,2.18700000,2.25000000,7110887.60000000,15862547.27600000
1732248000000,2.25000000,2.29800000,2.22800000,2.23200000,6850944.10000000,15518137.24320000
1732262400000,2.23300000,2.29200000,2.19800000,2.25300000,8196462.90000000,18409448.10360000
1732276800000,2.25200000,2.29100000,2.13400000,2.18800000,17583209.40000000,38616773.77470000
1732291200000,2.18800000,2.19300000,2.11200000,2.13900000,8895414.40000000,19158444.65170000
1732305600000,2.13800000,2.25700000,2.13000000,2.25600000,6306297.40000000,13823416.23050000
1732320000000,2.25700000,2.37200000,2.23200000,2.31600000,17205230.50000000,39666122.77070000
1732334400000,2.31600000,2.37400000,2.29300000,2.36800000,12549792.80000000,29339547.35790000
1732348800000,2.36700000,2.44300000,2.32900000,2.34500000,9958192.40000000,23714565.61170000
1732363200000,2.34500000,2.45500000,2.33300000,2.39400000,14711868.80000000,35510257.46870000
1732377600000,2.39400000,2.42000000,2.23100000,2.35300000,24193439.20000000,56088056.25070000
1732392000000,2.35200000,2.50900000,2.28300000,2.44700000,18185075.30000000,43708714.19470000
1732406400000,2.44800000,2.59300000,2.44200000,2.52200000,15414789.30000000,39106152.52370000
1732420800000,2.52200000,2.69000000,2.46400000,2.61900000,19919547.80000000,51473427.21150000
1732435200000,2.61800000,2.62900000,2.41700000,2.41900000,16892350.30000000,42483570.00510000
1732449600000,2.41900000,2.46400000,2.30000000,2.33300000,22982975.80000000,54843944.29790000
1732464000000,2.33300000,2.44800000,2.31200000,2.41300000,11822903.80000000,28309145.51230000
1732478400000,2.41400000,2.58100000,2.40600000,2.54900000,10258948.90000000,25626656.99940000
1732492800000,2.55000000,2.80000000,2.50800000,2.54900000,37636228.50000000,99029081.37440000
1732507200000,2.54900000,2.62600000,2.53100000,2.55900000,10996688.60000000,28234285.01290000
1732521600000,2.55900000,2.64700000,2.53800000,2.57000000,15108000.20000000,39034561.50680000
1732536000000,2.57000000,2.58600000,2.39100000,2.51300000,29435354.30000000,73091171.52730000
1732550400000,2.51300000,2.58700000,2.43100000,2.46700000,17010151.90000000,42506251.73950000
1732564800000,2.46700000,2.52000000,2.36600000,2.44100000,13925720.80000000,34214835.88160000
1732579200000,2.44000000,2.55300000,2.41300000,2.53700000,10855756.60000000,27146823.95980000
1732593600000,2.53800000,2.55500000,2.42300000,2.44300000,7299816.20000000,18231070.79010000
1732608000000,2.44200000,2.44400000,2.27000000,2.33000000,18835748.10000000,44428932.46680000
1732622400000,2.33000000,2.36000000,2.26900000,2.29500000,11182661.90000000,25887115.09920000
1732636800000,2.29600000,2.35300000,2.24400000,2.28600000,9272866.80000000,21292402.27060000
1732651200000,2.28500000,2.36600000,2.27600000,2.35000000,7278100.40000000,16958360.16820000
1732665600000,2.35000000,2.37200000,2.29500000,2.34500000,7167604.60000000,16774386.07330000
1732680000000,2.34500000,2.39000000,2.32800000,2.38000000,7393309.10000000,17486080.34480000
1732694400000,2.38100000,2.41600000,2.34800000,2.38200000,7991967.20000000,19029469.46770000
1732708800000,2.38200000,2.47200000,2.33100000,2.43300000,11979594.10000000,28705444.47170000
1732723200000,2.43300000,2.47400000,2.41600000,2.45000000,7277710.60000000,17813024.47350000
1732737600000,2.45000000,2.60000000,2.45000000,2.55300000,9687972.10000000,24364257.36060000
1732752000000,2.55300000,2.62200000,2.46600000,2.50200000,14734229.30000000,37513767.06870000
1732766400000,2.50300000,2.56600000,2.47600000,2.54500000,10100122.50000000,25484787.45660000
1732780800000,2.54500000,2.62300000,2.51300000,2.61000000,12558625.40000000,32273281.20750000
1732795200000,2.61000000,2.76900000,2.53300000,2.71600000,27562032.70000000,73403436.05210000
1732809600000,2.71500000,3.02700000,2.71100000,2.93900000,48255150.60000000,140208265.84570000
1732824000000,2.93900000,3.06500000,2.88100000,2.94300000,22631091.10000000,67433747.84130000
1732838400000,2.94400000,2.96300000,2.79000000,2.83000000,19100193.30000000,54483998.79650000
1732852800000,2.83000000,2.90600000,2.80400000,2.81800000,13556749.00000000,38671135.99060000
1732867200000,2.81800000,2.93300000,2.81700000,2.87200000,12314372.80000000,35601640.31700000
1732881600000,2.87300000,2.93700000,2.83200000,2.83700000,13206757.30000000,38099918.97370000
1732896000000,2.83700000,2.96000000,2.83700000,2.88500000,11957662.40000000,34687239.81990000
1732910400000,2.88500000,2.95100000,2.85300000,2.92100000,5863802.70000000,17025026.80920000
1732924800000,2.92100000,2.97600000,2.86100000,2.94600000,9792840.20000000,28475802.11050000
1732939200000,2.94600000,3.01000000,2.88700000,2.91000000,11167158.60000000,32735422.47370000
1732953600000,2.91000000,3.09600000,2.90000000,3.02600000,19696322.80000000,59383122.46710000
1732968000000,3.02600000,3.48300000,3.02600000,3.46200000,38171660.30000000,125636950.44190000
1732982400000,3.46200000,3.73600000,3.43500000,3.57600000,32368077.00000000,116186010.40410000
1732996800000,3.57600000,3.69500000,3.56500000,3.62600000,12809223.60000000,46433879.58490000
1733011200000,3.62700000,3.66100000,3.25500000,3.31900000,27154617.10000000,92407362.62610000
1733025600000,3.31800000,3.40100000,3.30800000,3.39000000,12576874.30000000,42260728.71590000
1733040000000,3.39000000,3.47100000,3.33700000,3.39200000,11825765.10000000,40214921.67960000
1733054400000,3.39300000,3.50800000,3.38900000,3.40600000,9390478.00000000,32280804.55610000
1733068800000,3.40500000,3.41500000,3.34700000,3.37800000,7795095.20000000,26346897.96420000
1733083200000,3.37800000,3.44000000,3.32200000,3.40200000,7609198.10000000,25711813.22600000
1733097600000,3.40200000,3.40500000,3.20700000,3.23000000,12934150.50000000,43076796.16920000
1733112000000,3.22900000,3.34000000,3.16600000,3.31800000,12789261.90000000,41666402.19450000
1733126400000,3.31800000,3.31800000,3.07500000,3.19100000,17832896.60000000,56541308.73820000
1733140800000,3.19100000,3.29400000,3.16000000,3.22300000,11819342.70000000,38194623.02040000
1733155200000,3.22300000,3.22900000,3.08000000,3.14600000,11677445.40000000,36761361.53460000
1733169600000,3.14500000,3.29600000,3.13100000,3.28200000,7752342.60000000,24924846.02600000
1733184000000,3.28300000,3.47200000,3.25200000,3.41700000,18643245.40000000,62786334.26920000
1733198400000,3.41700000,3.47900000,3.28800000,3.36000000,13743226.50000000,46304152.91360000
1733212800000,3.36100000,3.38600000,3.23500000,3.32000000,12136315.80000000,40053721.66250000
1733227200000,3.32000000,3.34500000,2.86700000,3.10800000,33000595.20000000,103432743.74760000
1733241600000,3.10700000,3.24300000,3.04300000,3.16700000,15000960.20000000,46940878.94310000
1733256000000,3.16700000,3.37200000,3.16200000,3.29600000,10109532.70000000,33370929.42400000
1733270400000,3.29600000,3.39100000,3.24800000,3.32500000,12801073.30000000,42575502.26220000
1733284800000,3.32400000,3.39000000,3.27000000,3.36600000,9821169.80000000,32789243.31510000
1733299200000,3.36500000,3.42700000,3.29800000,3.34400000,9732992.80000000,32624035.71420000
1733313600000,3.34400000,3.49500000,3.24300000,3.41200000,23355531.50000000,78260818.28890000
1733328000000,3.41300000,3.43200000,3.18800000,3.37900000,15720476.70000000,51881688.11900000
1733342400000,3.37900000,3.41400000,3.22500000,3.29700000,10813137.00000000,35855937.29950000
1733356800000,3.29800000,3.37000000,3.12300000,3.22400000,22532624.20000000,73469020.33400000
1733371200000,3.22400000,3.47500000,3.20400000,3.44100000,13440042.30000000,44708819.46930000
1733385600000,3.44100000,3.53500000,3.37300000,3.50200000,17990954.80000000,61996986.62140000
1733400000000,3.50200000,3.66700000,3.49600000,3.61400000,26153699.20000000,93176101.44790000
1733414400000,3.61500000,4.08700000,3.61000000,3.75800000,40134947.30000000,156188944.43300000
1733428800000,3.75800000,3.88400000,3.58000000,3.71700000,18422854.60000000,69229693.49980000
1733443200000,3.71800000,4.19000000,3.62100000,3.99600000,29368370.20000000,116607799.19600000
1733457600000,3.99700000,4.09000000,3.89700000,3.90400000,15204810.40000000,60950552.41820000
1733472000000,3.90400000,3.92800000,3.75200000,3.87600000,15118965.00000000,58021075.07470000
1733486400000,3.87500000,3.96600000,3.79800000,3.84300000,17697407.90000000,68725127.42740000
1733500800000,3.84300000,3.93700000,3.82000000,3.85500000,7219194.70000000,27932652.92220000
1733515200000,3.85600000,3.94600000,3.84400000,3.91700000,6245021.20000000,24384397.49610000
1733529600000,3.91700000,3.93100000,3.79700000,3.89300000,7614541.10000000,29504847.04080000
1733544000000,3.89200000,3.94000000,3.82900000,3.86800000,5850639.60000000,22703920.88120000
1733558400000,3.86700000,3.86900000,3.76100000,3.82600000,7464849.50000000,28461494.95930000
1733572800000,3.82600000,3.88100000,3.79800000,3.82500000,5368262.80000000,20582528.91650000
1733587200000,3.82600000,3.83100000,3.74000000,3.76300000,5584983.10000000,21104370.23360000
1733601600000,3.76300000,3.82900000,3.74400000,3.77000000,3033078.20000000,11485839.60400000
1733616000000,3.77100000,3.82300000,3.75500000,3.79200000,4834740.90000000,18293177.28030000
1733630400000,3.79100000,3.82200000,3.70300000,3.76400000,4816042.80000000,18089309.90980000
1733644800000,3.76400000,3.77000000,3.64400000,3.71000000,4868664.20000000,18030048.54560000
1733659200000,3.70900000,3.77200000,3.67000000,3.72900000,4378194.80000000,16282410.16380000
1733673600000,3.72900000,3.74000000,3.65400000,3.70100000,3371464.80000000,12441230.15770000
1733688000000,3.70200000,3.82100000,3.67800000,3.81100000,3402875.20000000,12775893.81300000
1733702400000,3.81100000,3.81200000,3.54400000,3.59500000,7562721.20000000,27678039.95730000
1733716800000,3.59500000,3.64900000,3.51900000,3.58100000,5743799.20000000,20618878.75340000
1733731200000,3.58100000,3.62900000,3.34800000,3.35600000,10838002.40000000,37471787.94480000
1733745600000,3.35600000,3.52600000,3.30000000,3.38200000,13556459.60000000,46362654.01450000
1733760000000,3.38200000,3.45800000,3.35800000,3.37900000,7737763.30000000,26327572.17150000
1733774400000,3.37800000,3.39100000,2.50000000,2.92600000,57253186.10000000,168551422.12400000
1733788800000,2.92600000,3.02800000,2.74600000,2.89400000,24254106.50000000,70458722.69530000
1733803200000,2.89400000,3.09800000,2.81700000,2.95100000,12277232.10000000,36122484.25930000
1733817600000,2.95100000,3.04200000,2.90700000,2.97500000,9512692.10000000,28367570.55240000
1733832000000,2.97600000,2.98400000,2.68000000,2.68400000,23286331.10000000,66140751.20770000
1733846400000,2.68500000,2.75500000,2.57900000,2.74800000,24334986.00000000,65118556.77920000
1733860800000,2.74700000,2.87400000,2.73000000,2.83300000,9050883.70000000,25468034.05660000
1733875200000,2.83300000,2.85300000,2.71200000,2.85000000,11111650.60000000,30992432.97860000
1733889600000,2.85100000,2.91000000,2.81700000,2.85200000,5612747.10000000,16036396.93570000
1733904000000,2.85100000,2.97300000,2.84400000,2.95100000,8239680.40000000,24164756.20530000
1733918400000,2.95200000,3.15000000,2.95000000,3.08400000,18579849.00000000,57073487.63610000
1733932800000,3.08400000,3.14900000,3.04300000,3.10100000,8545061.90000000,26415459.31470000
1733947200000,3.10100000,3.16000000,3.06300000,3.13100000,5497066.10000000,17110570.09800000
1733961600000,3.13200000,3.36000000,3.07500000,3.28700000,13325697.40000000,42836320.27090000
1733976000000,3.28600000,3.35600000,3.23900000,3.27400000,7958464.00000000,26196921.52200000
1733990400000,3.27500000,3.31100000,3.13000000,3.15400000,9178518.00000000,29432480.81570000
1734004800000,3.15500000,3.24400000,3.12500000,3.15900000,12181506.70000000,38674262.28910000
1734019200000,3.15800000,3.20200000,3.02500000,3.03400000,7240339.20000000,22576143.54270000
1734033600000,3.03300000,3.09500000,3.00800000,3.07700000,4505163.30000000,13772230.92930000
1734048000000,3.07800000,3.11800000,3.00900000,3.07700000,6758752.90000000,20761769.67560000
1734062400000,3.07700000,3.09500000,2.98400000,3.04800000,6066276.00000000,18430071.50900000
1734076800000,3.04800000,3.11400000,3.03000000,3.05200000,6552719.50000000,20166902.06600000
1734091200000,3.05200000,3.13500000,2.99500000,2.99900000,9916504.00000000,30407375.22230000
1734105600000,2.99800000,3.08300000,2.98800000,3.06100000,6951147.00000000,21126495.52450000
1734120000000,3.06100000,3.10300000,3.01300000,3.08700000,3221571.50000000,9863979.55180000
1734134400000,3.08600000,3.11500000,3.04400000,3.06100000,3794681.30000000,11688862.02440000
1734148800000,3.06100000,3.10200000,3.03600000,3.05100000,3494229.60000000,10701690.57140000
1734163200000,3.05100000,3.07600000,3.01600000,3.02600000,3659614.70000000,11148326.19810000
1734177600000,3.02600000,3.03600000,2.88300000,2.93500000,9071364.70000000,26677904.79860000
1734192000000,2.93500000,2.94200000,2.84100000,2.88200000,6130298.60000000,17711979.87980000
1734206400000,2.88200000,2.93900000,2.83800000,2.92300000,3245762.50000000,9384763.23770000
1734220800000,2.92400000,2.97300000,2.88600000,2.91700000,3943411.80000000,11571641.45490000
1734235200000,2.91700000,2.97100000,2.86600000,2.89200000,4087924.40000000,11943535.08910000
1734249600000,2.89100000,2.96000000,2.89000000,2.94200000,3440796.70000000,10091610.61360000
1734264000000,2.94200000,3.10000000,2.93900000,3.03900000,9012345.00000000,27322070.93000000
1734278400000,3.04000000,3.05400000,3.00000000,3.03100000,3946795.80000000,11962370.46310000
1734292800000,3.03100000,3.07600000,2.90900000,3.05000000,6451458.20000000,19336326.43640000
1734307200000,3.05000000,3.16100000,2.99600000,3.01800000,9504271.50000000,29333785.13210000
1734321600000,3.01800000,3.04300000,2.96500000,2.99800000,4784296.00000000,14381074.86650000
1734336000000,2.99700000,3.01000000,2.85000000,2.85800000,7051330.90000000,20661592.69020000
1734350400000,2.85700000,2.94500000,2.85500000,2.93800000,7776647.00000000,22502515.75070000
1734364800000,2.93900000,2.99800000,2.90800000,2.93500000,6961948.90000000,20577932.00350000
1734379200000,2.93500000,2.97300000,2.84500000,2.86600000,4110123.30000000,11976935.83500000
1734393600000,2.86600000,2.87500000,2.77900000,2.85400000,7026899.10000000,19840931.78200000
1734408000000,2.85400000,2.85600000,2.80800000,2.82300000,3684189.60000000,10429835.74490000
1734422400000,2.82300000,2.89300000,2.80300000,2.86600000,5469632.50000000,15600475.67830000
1734436800000,2.86600000,2.91300000,2.74300000,2.76600000,10291406.20000000,29098034.09590000
1734451200000,2.76500000,2.82700000,2.73100000,2.78200000,5473450.90000000,15211625.93870000
1734465600000,2.78200000,2.80100000,2.68600000,2.70800000,8176817.80000000,22389659.93680000
1734480000000,2.70800000,2.72900000,2.66600000,2.67900000,6606940.50000000,17826880.79130000
1734494400000,2.67900000,2.69500000,2.62800000,2.65400000,6544470.00000000,17398463.73690000
1734508800000,2.65400000,2.70700000,2.63500000,2.69600000,4160651.50000000,11145103.54370000
1734523200000,2.69600000,2.69900000,2.61300000,2.65300000,6253258.10000000,16560072.64100000
1734537600000,2.65400000,2.73400000,2.59500000,2.59500000,9425260.50000000,25117320.66220000
1734552000000,2.59400000,2.62100000,2.35000000,2.41300000,28735498.00000000,71170312.92520000
1734566400000,2.41300000,2.44900000,2.26400000,2.43300000,19026874.60000000,45078502.25570000
1734580800000,2.43300000,2.43400000,2.38900000,2.40600000,4206695.90000000,10141700.33080000
1734595200000,2.40500000,2.46900000,2.36200000,2.45100000,6835605.70000000,16484497.25400000
1734609600000,2.45200000,2.45800000,2.30700000,2.36800000,10044520.60000000,23995378.65650000
1734624000000,2.36700000,2.37400000,2.13400000,2.18000000,27959208.70000000,62620294.76850000
1734638400000,2.18100000,2.26000000,2.10700000,2.18800000,11327234.20000000,24827610.24640000
1734652800000,2.18800000,2.33700000,2.14300000,2.28600000,9305303.20000000,20965183.84930000
1734667200000,2.28600000,2.31200000,2.19400000,2.25300000,8321699.00000000,18845044.07830000
1734681600000,2.25300000,2.25600000,1.93700000,1.95700000,34919025.70000000,71932792.99250000
1734696000000,1.95800000,2.24900000,1.95600000,2.21800000,18627455.00000000,39081434.05190000
1734710400000,2.21900000,2.35600000,2.20500000,2.33100000,8970657.10000000,20358453.71170000
1734724800000,2.33100000,2.39900000,2.27800000,2.36400000,7170727.60000000,16776389.64040000
1734739200000,2.36300000,2.41700000,2.33900000,2.35400000,6579591.40000000,15589120.82190000
1734753600000,2.35400000,2.50400000,2.35100000,2.45500000,6812223.50000000,16609037.35870000
1734768000000,2.45500000,2.46800000,2.33900000,2.36100000,7767445.50000000,18570217.86920000
1734782400000,2.36100000,2.36500000,2.18700000,2.24900000,12432623.10000000,28111462.80020000
1734796800000,2.25000000,2.27000000,2.15100000,2.18300000,8970766.20000000,19763374.20290000
1734811200000,2.18300000,2.21800000,2.14800000,2.18200000,5274762.10000000,11506198.87910000
1734825600000,2.18300000,2.23200000,2.16000000,2.20000000,5593140.90000000,12297242.99720000
1734840000000,2.20000000,2.22500000,2.14500000,2.20900000,4846564.40000000,10632058.21550000
1734854400000,2.20800000,2.30400000,2.20500000,2.27100000,5684544.90000000,12853255.12720000
1734868800000,2.27200000,2.30600000,2.17700000,2.23600000,8371800.30000000,18682374.08630000
1734883200000,2.23600000,2.29700000,2.16900000,2.17700000,6285970.50000000,14065597.67200000
1734897600000,2.17700000,2.24400000,2.13800000,2.21600000,5985678.30000000,13150862.81230000
1734912000000,2.21600000,2.27600000,2.15000000,2.26400000,8640585.90000000,19038665.64660000
1734926400000,2.26400000,2.27500000,2.16000000,2.19300000,7650394.80000000,16909658.57880000
1734940800000,2.19400000,2.25200000,2.17700000,2.19000000,6557131.50000000,14496388.47490000
1734955200000,2.19000000,2.21600000,2.12100000,2.12300000,7805690.30000000,16891681.25030000
1734969600000,2.12300000,2.23400000,2.11400000,2.20900000,6828239.20000000,14914691.94080000
1734984000000,2.20900000,2.36300000,2.20700000,2.32400000,7994905.80000000,18527887.00990000
1734998400000,2.32500000,2.33400000,2.25000000,2.29900000,4812408.60000000,11052638.78410000
1735012800000,2.29900000,2.34000000,2.27900000,2.29900000,5249857.90000000,12144968.18830000
1735027200000,2.29900000,2.31900000,2.25900000,2.30000000,4674399.70000000,10697213.38450000
1735041600000,2.30000000,2.41800000,2.26800000,2.39000000,7819847.50000000,18446856.24880000
1735056000000,2.39000000,2.40900000,2.31500000,2.31500000,6305429.30000000,14902156.26660000
1735070400000,2.31500000,2.37300000,2.28100000,2.35700000,5575040.50000000,12941947.44260000
1735084800000,2.35700000,2.37600000,2.34200000,2.35100000,4190662.40000000,9876779.15180000
1735099200000,2.35200000,2.38000000,2.31200000,2.32200000,4396790.90000000,10324899.41690000
1735113600000,2.32200000,2.38900000,2.29700000,2.30300000,4727980.10000000,11081059.65570000
1735128000000,2.30200000,2.34200000,2.28500000,2.30400000,4449320.50000000,10300201.90340000
1735142400000,2.30400000,2.32100000,2.26800000,2.31400000,2912408.90000000,6683704.27030000
1735156800000,2.31400000,2.33100000,2.26500000,2.30100000,2360963.00000000,5419942.31820000
1735171200000,2.30100000,2.32600000,2.23600000,2.24000000,4796465.10000000,10895395.51600000
1735185600000,2.24000000,2.24100000,2.20200000,2.21000000,3997974.80000000,8884228.16330000
1735200000000,2.21100000,2.23500000,2.14700000,2.19500000,5850000.50000000,12812778.16980000
1735214400000,2.19500000,2.21200000,2.16600000,2.17600000,4232581.10000000,9257221.98250000
1735228800000,2.17600000,2.21100000,2.14600000,2.18600000,3937558.80000000,8593852.83520000
1735243200000,2.18600000,2.21600000,2.15000000,2.18600000,3590231.20000000,7846678.47900000
1735257600000,2.18600000,2.23600000,2.16300000,2.21100000,4508133.30000000,9927021.81240000
1735272000000,2.21200000,2.23300000,2.15600000,2.17800000,4236312.10000000,9315522.09000000
1735286400000,2.17900000,2.31100000,2.17700000,2.28200000,9898830.80000000,22442008.79750000
1735300800000,2.28200000,2.29000000,2.18100000,2.19700000,7967702.00000000,17772744.51240000
1735315200000,2.19600000,2.25000000,2.17100000,2.22500000,5022382.10000000,11105290.55870000
1735329600000,2.22500000,2.23000000,2.16600000,2.18600000,4246893.50000000,9320220.43430000
1735344000000,2.18700000,2.19600000,2.15200000,2.17300000,3443677.70000000,7485631.68790000
1735358400000,2.17400000,2.18700000,2.13300000,2.13800000,3256544.50000000,7028367.43720000
1735372800000,2.13800000,2.17300000,2.13600000,2.16800000,2147364.90000000,4631939.84230000
1735387200000,2.16900000,2.22500000,2.14700000,2.18900000,5965569.30000000,13059247.37940000
1735401600000,2.18900000,2.25000000,2.18300000,2.21800000,3796464.90000000,8431776.62800000
1735416000000,2.21800000,2.25100000,2.20900000,2.23200000,2455060.30000000,5470816.62540000
1735430400000,2.23200000,2.23700000,2.19300000,2.22700000,3006416.80000000,6650201.93030000
1735444800000,2.22800000,2.23400000,2.19800000,2.23300000,1949940.60000000,4323693.36450000
1735459200000,2.23300000,2.23800000,2.20100000,2.20500000,2201654.20000000,4878217.64310000
1735473600000,2.20600000,2.22300000,2.16700000,2.18300000,3892024.60000000,8519047.49780000
1735488000000,2.18300000,2.18300000,2.14400000,2.15600000,2587455.50000000,5583804.27430000
1735502400000,2.15600000,2.15600000,2.08700000,2.10700000,3629117.40000000,7689198.21600000
1735516800000,2.10700000,2.19900000,2.09400000,2.15600000,5028456.80000000,10828065.08480000
1735531200000,2.15500000,2.18500000,2.13100000,2.15700000,4150945.00000000,8957618.48260000
1735545600000,2.15800000,2.18100000,2.10300000,2.13000000,5061903.40000000,10827419.34490000
1735560000000,2.12900000,2.16000000,2.03400000,2.04900000,9419070.20000000,19596983.58570000
1735574400000,2.04900000,2.13500000,2.01300000,2.13500000,8468091.20000000,17575933.35040000
1735588800000,2.13500000,2.15200000,2.05100000,2.07800000,5344960.10000000,11171954.58900000
1735603200000,2.07800000,2.07900000,2.02800000,2.03300000,3555188.60000000,7267867.93310000
1735617600000,2.03300000,2.05900000,2.02000000,2.04500000,4335051.70000000,8844083.38260000
1735632000000,2.04500000,2.11100000,2.04400000,2.10000000,4521140.20000000,9462991.89040000
1735646400000,2.10100000,2.18200000,2.09000000,2.15100000,7843756.90000000,16780892.74190000
1735660800000,2.15100000,2.17000000,2.07500000,2.10000000,6198896.30000000,13146246.20240000
1735675200000,2.10000000,2.11800000,2.08000000,2.09000000,3043394.30000000,6376009.23590000
1735689600000,2.09000000,2.14800000,2.08500000,2.11700000,3562991.30000000,7568514.97160000
1735704000000,2.11700000,2.12800000,2.10100000,2.11900000,1504921.10000000,3178613.39650000
1735718400000,2.11900000,2.15300000,2.07900000,2.13300000,4150509.60000000,8766466.27190000
1735732800000,2.13200000,2.18100000,2.12500000,2.16700000,4867755.80000000,10488157.49550000
1735747200000,2.16700000,2.19200000,2.12200000,2.17800000,4399941.90000000,9483964.61700000
1735761600000,2.17700000,2.25600000,2.17100000,2.22700000,4127192.70000000,9105090.28620000
1735776000000,2.22700000,2.28800000,2.21000000,2.26900000,6150552.40000000,13904899.02640000
1735790400000,2.27000000,2.30900000,2.24600000,2.29400000,5524218.40000000,12580696.29650000
1735804800000,2.29400000,2.35900000,2.28600000,2.34600000,6557885.50000000,15249767.13230000
1735819200000,2.34700000,2.35000000,2.26500000,2.27500000,8562422.80000000,19735778.64740000
1735833600000,2.27500000,2.30600000,2.26200000,2.28000000,3139800.60000000,7176579.05050000
1735848000000,2.28100000,2.30400000,2.26300000,2.29600000,2731444.70000000,6238781.35070000
1735862400000,2.29600000,2.30400000,2.25900000,2.27600000,3273533.60000000,7458042.52640000
1735876800000,2.27600000,2.27900000,2.21000000,2.21600000,3469182.00000000,7777379.40230000
1735891200000,2.21600000,2.32400000,2.20700000,2.32200000,5128764.90000000,11605496.95800000
1735905600000,2.32100000,2.41500000,2.29600000,2.40100000,9730476.30000000,22813628.82770000
1735920000000,2.40200000,2.43000000,2.37500000,2.39500000,7967679.10000000,19089569.94860000
1735934400000,2.39400000,2.41700000,2.37500000,2.41200000,3923983.70000000,9414514.68540000
1735948800000,2.41100000,2.42500000,2.36300000,2.40100000,5449125.60000000,13022975.89390000
1735963200000,2.40100000,2.42200000,2.37200000,2.40200000,2443456.80000000,5846631.09590000
1735977600000,2.40200000,2.40500000,2.35900000,2.38400000,3585008.10000000,8528734.34650000
1735992000000,2.38400000,2.44700000,2.34000000,2.34700000,6898791.60000000,16555168.47900000
1736006400000,2.34700000,2.39100000,2.34600000,2.37000000,2872408.40000000,6801471.39360000
1736020800000,2.37100000,2.39500000,2.36600000,2.38000000,2014417.40000000,4795708.46180000
1736035200000,2.38100000,2.39300000,2.34200000,2.35800000,2623272.90000000,6193936.99700000
1736049600000,2.35800000,2.38800000,2.35700000,2.37400000,2355892.20000000,5591381.67350000
1736064000000,2.37400000,2.37900000,2.32200000,2.35500000,3827186.30000000,8983974.43700000
1736078400000,2.35500000,2.37500000,2.30900000,2.34900000,4747207.70000000,11118740.55410000
1736092800000,2.34900000,2.38100000,2.31700000,2.38000000,3317419.90000000,7796831.39050000
1736107200000,2.38000000,2.43400000,2.36200000,2.40900000,3649384.50000000,8752630.24650000
1736121600000,2.40900000,2.45700000,2.34400000,2.43900000,6071292.70000000,14612692.86080000
1736136000000,2.44000000,2.49500000,2.41200000,2.45400000,8751795.90000000,21454167.24580000
1736150400000,2.45400000,2.48500000,2.41300000,2.47600000,5445316.80000000,13309939.46470000
1736164800000,2.47500000,2.73500000,2.41800000,2.70800000,28256750.60000000,73146300.37780000
1736179200000,2.70900000,2.80300000,2.65400000,2.66400000,17830308.40000000,48635488.42250000
1736193600000,2.66300000,2.69000000,2.59100000,2.61800000,6297300.60000000,16680743.15040000
1736208000000,2.61800000,2.64100000,2.55400000,2.57600000,6372224.30000000,16492073.84620000
1736222400000,2.57700000,2.59200000,2.53800000,2.57700000,5860907.00000000,15001002.56780000
1736236800000,2.57700000,2.63700000,2.55500000,2.57800000,8844824.50000000,22949978.23750000
1736251200000,2.57900000,2.68400000,2.50600000,2.56900000,28781828.90000000,74687314.19490000
1736265600000,2.57000000,2.59800000,2.38300000,2.40000000,15247139.80000000,38053439.22800000
1736280000000,2.39900000,2.42300000,2.30500000,2.32500000,8753151.10000000,20650070.45370000
1736294400000,2.32500000,2.36700000,2.27300000,2.30600000,10772777.70000000,25005923.61510000
1736308800000,2.30700000,2.31000000,2.21900000,2.26800000,9953987.30000000,22528392.59490000
1736323200000,2.26700000,2.30000000,2.22100000,2.24200000,6783362.50000000,15344351.92050000
1736337600000,2.24200000,2.26400000,2.18400000,2.21400000,10764321.30000000,23956500.15180000
1736352000000,2.21400000,2.22100000,2.07300000,2.13500000,18166223.30000000,38856694.23830000
1736366400000,2.13500000,2.21100000,2.11400000,2.20000000,4690035.10000000,10140885.10870000
1736380800000,2.20000000,2.23900000,2.17300000,2.19600000,5699170.70000000,12568285.01010000
1736395200000,2.19500000,2.20900000,2.12400000,2.12900000,4350797.70000000,9439374.83250000
1736409600000,2.12800000,2.20500000,2.11900000,2.17800000,5532542.90000000,11982013.89130000
1736424000000,2.17700000,2.21000000,2.09100000,2.19200000,11900218.00000000,25533555.55920000
1736438400000,2.19300000,2.21600000,2.09200000,2.10200000,8152866.40000000,17583163.04630000
1736452800000,2.10300000,2.15100000,2.07200000,2.11900000,5150227.70000000,10869140.40170000
1736467200000,2.12000000,2.16000000,2.11900000,2.14100000,4822530.00000000,10310348.39800000
1736481600000,2.14100000,2.20600000,2.12800000,2.18200000,5260580.50000000,11387059.65080000
1736496000000,2.18200000,2.19600000,2.15900000,2.17600000,5313672.60000000,11585147.86460000
1736510400000,2.17600000,2.18400000,2.05000000,2.10600000,17815354.20000000,37510749.80590000
1736524800000,2.10700000,2.16800000,2.06800000,2.15600000,10453335.10000000,22212098.28910000
1736539200000,2.15600000,2.18000000,2.12700000,2.16100000,3322574.40000000,7157298.84100000
1736553600000,2.16100000,2.18700000,2.15000000,2.16600000,4165332.30000000,9011674.02400000
1736568000000,2.16600000,2.21400000,2.16300000,2.17700000,4653223.70000000,10161788.77130000
1736582400000,2.17700000,2.19100000,2.14800000,2.17200000,2945406.00000000,6388240.44840000
1736596800000,2.17200000,2.17800000,2.13600000,2.14900000,3024285.90000000,6512540.67120000
1736611200000,2.14800000,2.16100000,2.12100000,2.14200000,3789876.40000000,8101824.96670000
1736625600000,2.14200000,2.23400000,2.13800000,2.19200000,4966642.40000000,10918337.24150000
1736640000000,2.19200000,2.20600000,2.17100000,2.18700000,2796396.70000000,6125771.76080000
1736654400000,2.18800000,2.20000000,2.15600000,2.17100000,2200770.70000000,4799778.37910000
1736668800000,2.17100000,2.17600000,2.13000000,2.16200000,2648946.30000000,5699068.35860000
1736683200000,2.16300000,2.19200000,2.14200000,2.18300000,5231966.10000000,11318285.77650000
1736697600000,2.18400000,2.19500000,2.14300000,2.14400000,2862006.10000000,6209315.16250000
1736712000000,2.14400000,2.15600000,2.10000000,2.14500000,3042088.10000000,6468741.15420000
1736726400000,2.14500000,2.20900000,2.02600000,2.05400000,11425205.50000000,24115627.90360000
1736740800000,2.05300000,2.09400000,2.00000000,2.02200000,8549597.70000000,17389459.43320000
1736755200000,2.02200000,2.03000000,1.87600000,1.87600000,25187911.40000000,48741490.37810000
1736769600000,1.87700000,1.96500000,1.83800000,1.92700000,24070179.10000000,45861519.11730000
1736784000000,1.92700000,1.93500000,1.84500000,1.88700000,10594062.50000000,20020815.79200000
1736798400000,1.88700000,1.98600000,1.87300000,1.96100000,7053243.20000000,13718390.23600000
1736812800000,1.96100000,1.98900000,1.94300000,1.98100000,6871333.70000000,13522204.35880000
1736827200000,1.98100000,2.03700000,1.97800000,1.97900000,6279926.60000000,12554365.33480000
1736841600000,1.97800000,2.05300000,1.97800000,2.00900000,9562097.50000000,19256980.69440000
1736856000000,2.01000000,2.03000000,1.97900000,2.00000000,9079512.80000000,18210422.45280000
1736870400000,2.00000000,2.02900000,1.98000000,2.01200000,4424514.50000000,8883450.54420000
1736884800000,2.01100000,2.06200000,2.00000000,2.03800000,3509302.10000000,7123566.67960000
1736899200000,2.03800000,2.05900000,2.00700000,2.03700000,5067274.20000000,10294748.77490000
1736913600000,2.03700000,2.04800000,2.01200000,2.03000000,3530571.10000000,7165738.13310000
1736928000000,2.03100000,2.04400000,1.96300000,1.98200000,6088047.50000000,12164009.86080000
1736942400000,1.98200000,2.16100000,1.96900000,2.13600000,20298538.40000000,42365255.67970000
1736956800000,2.13600000,2.18700000,2.11300000,2.18200000,7863991.90000000,16900681.85870000
1736971200000,2.18200000,2.21800000,2.17000000,2.21200000,7460832.00000000,16372460.54520000
1736985600000,2.21200000,2.22600000,2.15200000,2.16600000,6702172.10000000,14610677.12320000
1737000000000,2.16700000,2.24800000,2.16200000,2.21800000,4876111.10000000,10735209.09030000
1737014400000,2.21900000,2.21900000,2.14500000,2.18400000,6590286.50000000,14315376.89700000
1737028800000,2.18400000,2.24000000,2.11500000,2.17500000,13028999.20000000,28327832.01450000
1737043200000,2.17500000,2.21200000,2.17000000,2.19700000,6058646.30000000,13258822.34270000
1737057600000,2.19800000,2.20300000,2.13200000,2.14900000,3128307.30000000,6773981.95820000
1737072000000,2.14900000,2.22800000,2.14900000,2.18600000,7654068.40000000,16796596.14250000
1737086400000,2.18600000,2.22900000,2.17900000,2.21400000,6319420.50000000,13923266.31900000
1737100800000,2.21300000,2.26800000,2.20700000,2.24500000,9854874.80000000,22108350.40850000
1737115200000,2.24400000,2.27200000,2.21600000,2.24900000,9525295.10000000,21384015.24600000
1737129600000,2.25000000,2.29800000,2.22600000,2.23500000,8091490.80000000,18291579.50440000
1737144000000,2.23500000,2.32300000,2.23200000,2.29500000,6594866.90000000,15131699.22130000
1737158400000,2.29500000,2.37900000,2.23400000,2.24100000,8962347.80000000,20663809.73820000
1737172800000,2.24100000,2.25900000,2.12300000,2.13000000,10862442.00000000,23697923.43950000
1737187200000,2.13000000,2.21200000,2.09300000,2.19400000,8906275.30000000,19060754.07880000
1737201600000,2.19500000,2.20500000,2.13400000,2.14100000,8292972.00000000,17985844.71600000
1737216000000,2.14200000,2.16400000,2.09600000,2.13400000,11337347.50000000,24155640.68330000
1737230400000,2.13400000,2.15300000,2.09900000,2.14500000,4180775.50000000,8869315.70790000
1737244800000,2.14500000,2.23500000,2.13500000,2.20000000,7187901.50000000,15790287.46170000
1737259200000,2.20100000,2.21500000,2.12400000,2.14600000,10920115.50000000,23816294.68760000
1737273600000,2.14600000,2.14800000,1.95200000,1.97100000,21512198.80000000,43826006.85570000
1737288000000,1.97200000,2.15900000,1.96800000,2.11900000,17166828.30000000,35805026.31880000
1737302400000,2.11900000,2.16900000,2.08900000,2.15700000,6186976.30000000,13156733.86360000
1737316800000,2.15800000,2.17700000,1.85300000,1.90700000,33225304.40000000,65490078.30010000
1737331200000,1.90700000,1.92200000,1.82600000,1.90400000,31771954.30000000,59525484.56560000
1737345600000,1.90300000,2.16100000,1.88100000,2.08800000,33020063.40000000,67683535.91960000
1737360000000,2.08900000,2.10300000,2.00700000,2.04700000,8922342.90000000,18369958.30140000
1737374400000,2.04700000,2.05100000,1.95100000,1.97200000,14330418.50000000,28522863.68710000
1737388800000,1.97300000,2.01400000,1.84300000,1.92400000,24871781.30000000,47965687.95270000
1737403200000,1.92400000,1.93300000,1.86400000,1.89400000,5288934.20000000,10081306.75830000
1737417600000,1.89400000,1.90300000,1.82600000,1.84900000,10849784.50000000,20200703.78600000
1737432000000,1.84900000,1.86200000,1.79400000,1.84700000,7804709.70000000,14301734.00300000
1737446400000,1.84700000,1.91700000,1.82900000,1.91000000,8634036.70000000,16167281.61740000
1737460800000,1.91000000,1.93600000,1.87900000,1.90200000,7373471.50000000,14054081.28160000
1737475200000,1.90200000,2.35000000,1.89600000,2.07500000,46674889.40000000,100948407.03110000
1737489600000,2.07500000,2.21900000,2.03500000,2.12800000,21631444.00000000,46033684.47820000
1737504000000,2.12800000,2.17800000,2.05300000,2.15000000,14174644.40000000,30046002.62460000
1737518400000,2.15000000,2.24100000,2.13200000,2.18500000,12941205.40000000,28416484.29780000
1737532800000,2.18400000,2.24900000,2.12500000,2.22800000,14056842.00000000,30542076.71050000
1737547200000,2.22900000,2.46800000,2.20400000,2.44400000,32996615.70000000,75540727.16150000
1737561600000,2.44300000,2.44700000,2.34900000,2.35900000,27357668.00000000,65613022.56880000
1737576000000,2.35900000,2.40000000,2.28100000,2.31400000,12555589.80000000,29347983.35620000
1737590400000,2.31400000,2.31600000,2.20800000,2.21800000,16581085.70000000,37588377.15740000
1737604800000,2.21900000,2.23400000,2.14800000,2.17500000,12842078.10000000,27995020.19160000
1737619200000,2.17500000,2.19200000,2.14100000,2.16900000,8463974.40000000,18307096.38800000
1737633600000,2.16900000,2.24900000,2.10100000,2.17300000,19958248.70000000,43139067.11840000
1737648000000,2.17300000,2.34800000,2.16600000,2.21200000,25562514.30000000,57705933.63840000
1737662400000,2.21100000,2.31800000,2.15800000,2.26100000,18728211.20000000,42072470.69360000
1737676800000,2.26100000,2.27400000,2.12400000,2.20700000,11901804.90000000,26032497.25520000
1737691200000,2.20600000,2.29900000,2.19500000,2.29000000,9443612.40000000,21393885.43870000
1737705600000,2.29000000,2.32700000,2.25200000,2.27100000,5862059.30000000,13410493.41210000
1737720000000,2.27100000,2.28600000,2.19200000,2.21300000,6724967.60000000,15115069.50150000
1737734400000,2.21200000,2.22400000,2.17200000,2.18100000,5090238.40000000,11205133.49070000
1737748800000,2.18100000,2.19300000,2.12000000,2.13300000,8456180.10000000,18257835.48760000
1737763200000,2.13200000,2.14300000,2.07600000,2.13800000,8392112.60000000,17698671.85040000
1737777600000,2.13800000,2.14800000,2.10000000,2.10700000,4415732.80000000,9371986.98450000
1737792000000,2.10700000,2.13900000,2.08400000,2.13300000,4036940.70000000,8511305.93620000
1737806400000,2.13200000,2.17600000,2.10800000,2.16600000,4945120.90000000,10581450.94140000
1737820800000,2.16700000,2.18100000,2.12300000,2.13900000,3738883.70000000,8039365.66030000
1737835200000,2.13900000,2.15500000,2.09500000,2.09900000,3002450.00000000,6372538.66860000
1737849600000,2.09900000,2.12300000,2.07700000,2.09700000,4600716.90000000,9647633.71000000
1737864000000,2.09700000,2.11600000,2.08600000,2.10400000,3226752.10000000,6770735.37480000
1737878400000,2.10400000,2.11500000,2.06500000,2.10200000,4365596.30000000,9111901.42680000
1737892800000,2.10100000,2.10600000,2.07400000,2.09000000,3475593.20000000,7271834.13600000
1737907200000,2.09000000,2.11000000,2.06900000,2.10800000,2872263.60000000,6002632.32750000
1737921600000,2.10800000,2.11500000,1.98400000,1.99100000,7428430.60000000,15109516.25520000
1737936000000,1.99100000,1.99200000,1.89700000,1.91900000,14532952.90000000,28133646.47880000
1737950400000,1.91900000,1.91900000,1.80900000,1.86100000,14186499.10000000,26574433.56780000
1737964800000,1.86000000,1.87400000,1.81200000,1.84400000,10290631.60000000,18949078.07080000
1737979200000,1.84300000,1.95900000,1.82700000,1.91600000,15313885.80000000,29053610.17410000
1737993600000,1.91600000,1.91800000,1.83200000,1.85100000,7923285.90000000,14798183.14860000
1738008000000,1.85100000,1.94900000,1.85100000,1.90600000,6052529.60000000,11525494.05970000
1738022400000,1.90600000,1.93100000,1.87300000,1.90200000,4417075.80000000,8374175.31920000
1738036800000,1.90200000,1.92900000,1.86100000,1.86800000,5905148.60000000,11209971.46700000
1738051200000,1.86800000,1.87600000,1.84100000,1.85200000,6106324.60000000,11351941.72530000
1738065600000,1.85200000,1.86200000,1.81000000,1.82700000,11192842.70000000,20500031.52660000
1738080000000,1.82600000,1.82800000,1.73600000,1.74800000,14749706.90000000,26086327.58240000
1738094400000,1.74800000,1.76400000,1.62100000,1.63200000,11921044.90000000,20044725.37390000
1738108800000,1.63200000,1.75000000,1.61000000,1.71300000,18250311.70000000,30739974.11690000
1738123200000,1.71300000,1.76300000,1.69300000,1.75700000,8591702.50000000,14846574.97610000
1738137600000,1.75700000,1.77400000,1.70500000,1.73400000,5911015.30000000,10260818.01770000
1738152000000,1.73500000,1.73700000,1.67200000,1.70500000,8270775.00000000,14065963.13400000
1738166400000,1.70400000,1.80100000,1.68400000,1.77800000,13823488.90000000,24172207.16780000
1738180800000,1.77700000,1.82900000,1.71800000,1.72400000,9663781.90000000,17180028.35540000
1738195200000,1.72400000,1.78300000,1.70500000,1.78000000,7979672.30000000,13987257.06460000
1738209600000,1.78000000,1.80000000,1.75900000,1.77900000,4516907.60000000,8050236.54960000
1738224000000,1.77900000,1.80100000,1.76300000,1.78700000,3289306.70000000,5867110.93920000
1738238400000,1.78700000,1.83000000,1.75700000,1.79700000,8225505.80000000,14804907.28500000
1738252800000,1.79600000,1.88800000,1.76700000,1.85100000,16101611.60000000,29343430.49460000
1738267200000,1.85200000,1.85500000,1.76000000,1.76600000,6249017.40000000,11199856.11940000
1738281600000,1.76600000,1.79100000,1.73800000,1.75500000,6725519.10000000,11877234.25970000
1738296000000,1.75500000,1.81500000,1.74200000,1.78800000,4214532.30000000,7499833.24960000
1738310400000,1.78800000,1.83700000,1.77000000,1.83300000,5121356.70000000,9214005.37920000
1738324800000,1.83300000,1.87700000,1.80800000,1.86200000,12744304.30000000,23512208.24340000
1738339200000,1.86200000,1.86900000,1.75100000,1.77700000,8790299.10000000,15839383.62730000
1738353600000,1.77700000,1.78700000,1.75200000,1.77200000,4115959.10000000,7285470.32590000
1738368000000,1.77200000,1.80900000,1.76100000,1.77300000,4043315.50000000,7221233.00890000
1738382400000,1.77400000,1.79400000,1.75500000,1.76200000,2634059.70000000,4672242.04930000
1738396800000,1.76200000,1.76800000,1.70100000,1.73900000,6203447.30000000,10719502.27230000
1738411200000,1.73900000,1.74500000,1.68000000,1.70100000,6772905.10000000,11608386.64170000
1738425600000,1.70200000,1.71400000,1.63500000,1.64400000,5770393.50000000,9678781.42210000
1738440000000,1.64300000,1.65900000,1.59500000,1.61300000,7681392.50000000,12502739.53660000
1738454400000,1.61400000,1.64100000,1.53400000,1.55000000,11084562.40000000,17612895.00930000
1738468800000,1.55000000,1.59900000,1.54700000,1.58400000,7179897.80000000,11299158.62240000
1738483200000,1.58500000,1.62300000,1.55400000,1.56400000,5030564.80000000,7997016.22910000
1738497600000,1.56300000,1.60000000,1.53900000,1.56700000,9331134.10000000,14691398.79560000
1738512000000,1.56700000,1.56700000,1.35500000,1.42200000,33142109.30000000,48034412.11950000
1738526400000,1.42100000,1.44900000,1.28300000,1.39100000,22467894.20000000,30824574.41290000
1738540800000,1.39200000,1.39300000,0.96000000,1.13700000,85949058.40000000,101216888.21780000
1738555200000,1.13700000,1.24800000,1.09300000,1.24200000,24412694.20000000,28215222.76450000
1738569600000,1.24200000,1.26100000,1.18900000,1.22400000,17434753.70000000,21286730.53520000
1738584000000,1.22400000,1.34400000,1.16500000,1.33000000,37866069.00000000,47407742.25680000
1738598400000,1.33000000,1.40000000,1.31300000,1.39100000,16787891.00000000,22760771.85800000
1738612800000,1.39100000,1.45000000,1.35500000,1.42100000,12216280.20000000,17204244.17940000
1738627200000,1.42000000,1.43100000,1.35500000,1.36800000,6676486.30000000,9253094.42470000
1738641600000,1.36700000,1.38500000,1.24900000,1.25400000,12467087.10000000,16199252.89260000
1738656000000,1.25300000,1.33700000,1.24800000,1.31600000,8261202.20000000,10636176.88240000
1738670400000,1.31700000,1.37000000,1.31000000,1.33400000,10690095.50000000,14303824.46790000
1738684800000,1.33400000,1.38200000,1.31800000,1.32000000,9385211.80000000,12609049.05860000
1738699200000,1.32000000,1.33500000,1.26400000,1.31400000,13988668.60000000,18130908.79100000
1738713600000,1.31500000,1.34300000,1.29900000,1.33200000,7567564.60000000,10000409.66420000
1738728000000,1.33200000,1.35300000,1.31400000,1.32700000,5016251.20000000,6669704.25130000
1738742400000,1.32600000,1.35600000,1.30700000,1.34900000,4530918.30000000,6034380.80390000
1738756800000,1.34900000,1.36900000,1.31700000,1.33700000,6897100.50000000,9268796.84700000
1738771200000,1.33600000,1.34300000,1.26900000,1.30500000,7933794.80000000,10297513.66260000
1738785600000,1.30600000,1.31200000,1.26000000,1.28700000,4250021.80000000,5464493.81580000
1738800000000,1.28700000,1.30800000,1.26900000,1.30000000,4103467.70000000,5296291.30430000
1738814400000,1.30100000,1.33100000,1.29600000,1.30900000,3502615.10000000,4605663.91940000
1738828800000,1.31000000,1.32900000,1.28300000,1.29800000,5092071.60000000,6662297.07210000
1738843200000,1.29800000,1.30200000,1.21900000,1.22700000,10068599.10000000,12712975.67220000
1738857600000,1.22800000,1.23600000,1.19400000,1.20400000,9252255.40000000,11229967.74480000
1738872000000,1.20400000,1.23200000,1.18200000,1.20100000,5601794.20000000,6773064.21850000
1738886400000,1.20100000,1.25200000,1.19900000,1.23600000,6652508.80000000,8163050.00760000
1738900800000,1.23700000,1.24600000,1.19400000,1.22200000,6708146.10000000,8177650.99140000
1738915200000,1.22300000,1.26500000,1.21500000,1.25900000,5473813.20000000,6822129.24670000
1738929600000,1.26000000,1.31200000,1.24100000,1.26900000,14589265.30000000,18626798.76380000
1738944000000,1.26900000,1.27200000,1.22200000,1.22300000,7331488.30000000,9117970.82630000
1738958400000,1.22400000,1.22500000,1.15100000,1.20500000,8076329.50000000,9559175.73750000
1738972800000,1.20600000,1.23000000,1.19800000,1.21200000,5018429.60000000,6096218.76930000
1738987200000,1.21300000,1.23900000,1.19800000,1.22700000,4756436.60000000,5766613.03310000
1739001600000,1.22700000,1.23000000,1.20800000,1.22100000,3946275.20000000,4802121.61200000
1739016000000,1.22100000,1.25600000,1.21100000,1.23800000,6204941.70000000,7659081.78770000
1739030400000,1.23900000,1.26400000,1.22500000,1.25600000,6983885.00000000,8718787.87100000
1739044800000,1.25600000,1.26100000,1.23300000,1.24700000,2537113.40000000,3164563.13150000
1739059200000,1.24700000,1.28600000,1.23900000,1.28200000,3290653.70000000,4141171.85520000
1739073600000,1.28100000,1.28100000,1.25500000,1.26500000,4354551.60000000,5508593.20550000
1739088000000,1.26500000,1.28900000,1.25300000,1.25400000,4993119.60000000,6334873.59890000
1739102400000,1.25400000,1.26100000,1.21400000,1.23500000,4954877.30000000,6117904.87900000
1739116800000,1.23500000,1.24100000,1.20900000,1.21200000,2416469.00000000,2959741.05700000
1739131200000,1.21200000,1.22600000,1.14900000,1.22200000,9928174.40000000,11840299.18360000
1739145600000,1.22200000,1.25500000,1.17100000,1.21800000,8850080.40000000,10725153.25630000
1739160000000,1.21800000,1.27000000,1.21000000,1.24800000,6683810.40000000,8295368.44260000
1739174400000,1.24800000,1.30700000,1.24100000,1.29300000,8725083.70000000,11149368.04420000
1739188800000,1.29300000,1.30600000,1.26300000,1.28300000,10691241.80000000,13701696.36470000
1739203200000,1.28300000,1.30400000,1.26200000,1.26700000,7047083.30000000,9063331.77210000
1739217600000,1.26700000,1.37800000,1.24200000,1.25900000,28029180.70000000,36550954.27110000
1739232000000,1.26000000,1.29600000,1.25400000,1.27200000,5164320.50000000,6592545.91760000
1739246400000,1.27200000,1.34700000,1.27000000,1.32800000,9682721.40000000,12784631.93400000
1739260800000,1.32800000,1.34700000,1.29800000,1.31200000,6098858.20000000,8054340.14390000
1739275200000,1.31300000,1.31500000,1.24900000,1.27300000,10257765.50000000,13115789.72790000
1739289600000,1.27300000,1.28400000,1.22100000,1.22900000,7393434.20000000,9267932.07840000
1739304000000,1.22900000,1.26200000,1.22700000,1.24400000,5087844.60000000,6327328.13530000
1739318400000,1.24400000,1.25100000,1.21500000,1.23200000,4530435.60000000,5598395.56900000
1739332800000,1.23200000,1.24100000,1.21700000,1.23000000,3417584.30000000,4200001.46590000
1739347200000,1.22900000,1.24200000,1.21400000,1.23300000,4008701.60000000,4924829.18500000
1739361600000,1.23400000,1.25200000,1.17000000,1.21200000,15415879.40000000,18595111.99280000
1739376000000,1.21300000,1.27400000,1.19200000,1.25600000,10853560.20000000,13461306.64850000
1739390400000,1.25700000,1.30200000,1.24700000,1.28400000,5830898.00000000,7429079.04530000
1739404800000,1.28500000,1.29300000,1.26800000,1.29100000,4556337.10000000,5838665.60890000
1739419200000,1.29200000,1.29200000,1.23700000,1.23900000,4954424.30000000,6247026.33400000
1739433600000,1.23900000,1.25100000,1.22200000,1.23100000,3974393.40000000,4920080.75620000
1739448000000,1.23200000,1.24700000,1.21300000,1.23000000,7190163.00000000,8838619.17680000
1739462400000,1.22900000,1.24300000,1.20800000,1.22300000,4444271.40000000,5433202.47290000
1739476800000,1.22200000,1.24000000,1.21600000,1.22400000,4234254.60000000,5201490.01750000
1739491200000,1.22500000,1.24700000,1.21400000,1.24300000,3454044.40000000,4243765.38890000
1739505600000,1.24400000,1.24600000,1.22100000,1.23000000,3779026.30000000,4656659.93080000
1739520000000,1.23100000,1.27600000,1.22800000,1.25300000,6832977.60000000,8587804.16890000
1739534400000,1.25300000,1.28900000,1.23500000,1.27500000,8119547.80000000,10220380.07810000
1739548800000,1.27600000,1.34100000,1.26100000,1.31300000,11218713.30000000,14680244.41670000
1739563200000,1.31200000,1.31600000,1.26300000,1.29600000,5618890.10000000,7252074.50170000
1739577600000,1.29600000,1.30700000,1.27700000,1.29200000,3374117.90000000,4356287.61100000
1739592000000,1.29200000,1.29400000,1.25800000,1.27000000,2896695.60000000,3702776.79660000
1739606400000,1.27000000,1.27900000,1.24600000,1.25800000,3989895.60000000,5039598.78320000
1739620800000,1.25800000,1.26700000,1.22800000,1.23700000,5020984.60000000,6254519.80420000
1739635200000,1.23700000,1.24700000,1.22400000,1.23100000,3608534.70000000,4458881.66850000
1739649600000,1.23100000,1.24000000,1.21700000,1.23300000,2791513.90000000,3431307.00330000
1739664000000,1.23300000,1.24400000,1.22100000,1.23800000,2654365.20000000,3269948.85040000
1739678400000,1.23800000,1.24700000,1.22300000,1.22700000,2317200.00000000,2864851.90350000
1739692800000,1.22800000,1.25500000,1.22400000,1.25300000,2964862.40000000,3680376.30720000
1739707200000,1.25300000,1.25600000,1.21500000,1.23100000,3684153.00000000,4550611.91770000
1739721600000,1.23200000,1.24200000,1.20400000,1.21800000,3624987.80000000,4420130.51900000
1739736000000,1.21800000,1.22700000,1.19800000,1.22000000,4008797.50000000,4870746.06830000
1739750400000,1.22000000,1.24500000,1.21700000,1.23200000,3171124.00000000,3908799.60740000
1739764800000,1.23200000,1.23400000,1.19600000,1.20600000,6239840.20000000,7582909.60720000
1739779200000,1.20500000,1.24400000,1.19800000,1.24000000,4966664.50000000,6097568.92550000
1739793600000,1.23900000,1.27800000,1.22000000,1.22400000,7482022.00000000,9377604.71960000
1739808000000,1.22500000,1.23400000,1.17100000,1.19300000,7895098.40000000,9462329.86210000
1739822400000,1.19300000,1.22700000,1.19100000,1.20400000,3633063.90000000,4395506.74000000
1739836800000,1.20400000,1.21300000,1.18900000,1.19500000,3767586.40000000,4516075.75900000
1739851200000,1.19400000,1.19800000,1.14300000,1.16100000,11160799.20000000,13049472.95150000
1739865600000,1.16200000,1.16800000,1.13500000,1.14700000,6445526.20000000,7426540.44690000
1739880000000,1.14700000,1.17200000,1.09600000,1.10600000,9309603.20000000,10595360.69560000
1739894400000,1.10700000,1.12200000,1.07600000,1.10400000,10318626.80000000,11332577.65580000
1739908800000,1.10400000,1.13900000,1.09300000,1.13800000,3794272.20000000,4233437.56150000
1739923200000,1.13800000,1.15100000,1.12400000,1.14200000,2985024.80000000,3397747.66310000
1739937600000,1.14200000,1.15600000,1.11300000,1.15200000,4772680.60000000,5428919.63060000
1739952000000,1.15200000,1.16100000,1.14000000,1.15700000,3602044.60000000,4148680.08900000
1739966400000,1.15700000,1.16000000,1.12500000,1.13200000,4562167.40000000,5219175.25880000
1739980800000,1.13300000,1.15100000,1.12100000,1.13200000,4746749.30000000,5387500.83000000
1739995200000,1.13200000,1.14000000,1.10800000,1.13100000,4096874.30000000,4618853.91650000
1740009600000,1.13100000,1.16200000,1.12600000,1.16000000,5004788.90000000,5713288.60680000
1740024000000,1.15900000,1.18000000,1.14300000,1.14900000,3685175.80000000,4272600.43710000
1740038400000,1.14900000,1.17800000,1.14200000,1.17300000,2999340.80000000,3479644.64960000
1740052800000,1.17300000,1.18200000,1.14300000,1.14600000,4833588.80000000,5617043.14100000
1740067200000,1.14700000,1.19300000,1.14400000,1.18500000,4357345.30000000,5094923.24950000
1740081600000,1.18600000,1.21300000,1.18100000,1.20100000,4562041.70000000,5441560.12230000
1740096000000,1.20200000,1.21100000,1.18200000,1.18900000,4146054.00000000,4955429.95630000
1740110400000,1.18900000,1.25300000,1.18800000,1.25100000,6443771.90000000,7888137.94640000
1740124800000,1.25100000,1.31900000,1.23500000,1.28100000,14549881.60000000,18762536.70020000
1740139200000,1.28000000,1.32400000,1.22600000,1.24800000,17649916.60000000,22558348.09740000
1740153600000,1.24800000,1.27100000,1.16300000,1.17300000,14984335.90000000,18349246.99460000
1740168000000,1.17400000,1.20100000,1.16700000,1.18300000,7210489.60000000,8531188.79420000
1740182400000,1.18300000,1.22200000,1.17300000,1.20800000,6578932.70000000,7905403.00610000
1740196800000,1.20800000,1.22900000,1.20100000,1.21400000,3456064.10000000,4208771.00370000
1740211200000,1.21400000,1.24500000,1.21400000,1.23100000,3637413.00000000,4480492.79330000
1740225600000,1.23100000,1.25600000,1.22400000,1.25000000,4683414.70000000,5790175.74160000
1740240000000,1.25000000,1.29000000,1.25000000,1.26100000,7184713.20000000,9107665.74010000
1740254400000,1.26100000,1.27000000,1.24600000,1.25600000,3791241.70000000,4771535.52350000
1740268800000,1.25700000,1.26000000,1.22900000,1.23800000,2815468.90000000,3500006.48900000
1740283200000,1.23800000,1.27400000,1.22900000,1.26900000,3494527.80000000,4356662.92490000
1740297600000,1.26800000,1.27400000,1.24000000,1.24500000,3615538.70000000,4545770.32320000
1740312000000,1.24400000,1.25300000,1.20800000,1.21300000,4847564.70000000,5976322.08330000
1740326400000,1.21200000,1.23400000,1.20800000,1.22400000,3602579.70000000,4399947.22670000
1740340800000,1.22400000,1.25200000,1.21300000,1.23900000,3017974.00000000,3710268.97400000
1740355200000,1.24000000,1.26100000,1.18600000,1.19000000,6949046.20000000,8503337.97280000
1740369600000,1.19000000,1.20600000,1.17400000,1.19200000,6177197.70000000,7348254.67930000
1740384000000,1.19100000,1.19600000,1.15900000,1.18000000,7405528.90000000,8710391.62530000
1740398400000,1.18000000,1.18800000,1.13400000,1.14900000,8713835.90000000,10099195.85910000
1740412800000,1.15000000,1.16100000,1.10900000,1.11900000,6079469.40000000,6922082.66400000
1740427200000,1.12000000,1.13700000,1.02000000,1.05300000,16194268.10000000,17402451.08960000
1740441600000,1.05300000,1.06400000,1.01700000,1.04300000,12207780.60000000,12726114.43520000
1740456000000,1.04300000,1.05500000,0.97100000,1.00900000,26350465.20000000,26737888.57760000
1740470400000,1.01000000,1.04500000,0.98800000,1.04000000,17585477.80000000,17809437.77140000
1740484800000,1.04000000,1.07800000,1.02800000,1.07000000,19006519.60000000,19913951.75090000
1740499200000,1.07000000,1.09600000,1.05400000,1.08700000,10812814.80000000,11601719.03680000
1740513600000,1.08700000,1.11300000,1.08000000,1.09000000,6354585.40000000,6973591.15580000
1740528000000,1.09000000,1.11300000,1.07800000,1.10500000,4754744.20000000,5201359.99620000
1740542400000,1.10400000,1.11400000,1.08100000,1.08900000,5465233.80000000,5993770.34430000
1740556800000,1.08900000,1.10400000,1.07300000,1.07600000,4185742.50000000,4555854.49140000
1740571200000,1.07700000,1.11600000,1.05400000,1.10800000,10284525.30000000,11101294.21390000
1740585600000,1.10900000,1.12100000,1.04600000,1.06500000,12363303.00000000,13302601.26480000
1740600000000,1.06600000,1.13600000,1.05600000,1.11100000,8122248.40000000,8961915.49590000
1740614400000,1.11100000,1.14300000,1.10000000,1.13800000,5296203.50000000,5956166.30300000
1740628800000,1.13800000,1.14700000,1.11700000,1.13000000,4145669.60000000,4699592.90400000
1740643200000,1.13000000,1.15300000,1.12000000,1.13800000,6718835.10000000,7651591.40900000
1740657600000,1.13800000,1.17900000,1.12900000,1.16700000,9848166.70000000,11370186.84190000
1740672000000,1.16700000,1.18400000,1.14300000,1.16500000,14648722.50000000,17014143.16180000
1740686400000,1.16400000,1.16600000,1.13200000,1.15400000,5742262.40000000,6591197.14120000
1740700800000,1.15500000,1.15800000,1.06200000,1.06500000,15888104.90000000,17556849.37890000
1740715200000,1.06600000,1.06700000,1.02300000,1.03000000,11678129.00000000,12133087.70220000
1740729600000,1.03000000,1.05100000,1.00800000,1.02000000,13267158.10000000,13603485.05470000
1740744000000,1.02000000,1.10700000,1.01400000,1.09000000,14717100.50000000,15626733.34840000
1740758400000,1.09000000,1.13000000,1.08000000,1.11600000,9693536.20000000,10701787.16920000
1740772800000,1.11500000,1.13000000,1.10500000,1.11000000,4864506.30000000,5433110.63470000
1740787200000,1.11100000,1.12100000,1.08500000,1.10900000,4214694.90000000,4654038.88270000
1740801600000,1.10900000,1.12500000,1.08800000,1.11300000,6114164.90000000,6788746.45350000
1740816000000,1.11400000,1.12300000,1.07800000,1.08100000,6876218.70000000,7546135.55050000
1740830400000,1.08100000,1.10900000,1.06800000,1.08200000,4844478.00000000,5244918.09770000
1740844800000,1.08200000,1.09700000,1.07000000,1.08900000,3306167.20000000,3580645.07620000
1740859200000,1.08900000,1.11100000,1.08200000,1.10500000,2709583.60000000,2971912.85800000
1740873600000,1.10500000,1.12500000,1.09500000,1.09800000,5445820.60000000,6026471.58900000
1740888000000,1.09700000,1.10900000,1.08200000,1.08900000,2621016.20000000,2870619.50750000
1740902400000,1.08900000,1.11100000,1.08200000,1.10300000,2885177.30000000,3168622.86030000
1740916800000,1.10400000,1.13500000,1.06700000,1.11500000,10373908.80000000,11456029.74370000
1740931200000,1.11500000,1.21700000,1.10900000,1.20800000,23045599.20000000,27150997.89020000
1740945600000,1.20800000,1.22300000,1.19700000,1.21300000,6255679.60000000,7580645.61690000
1740960000000,1.21200000,1.23000000,1.17500000,1.22900000,11095356.90000000,13301190.25750000
1740974400000,1.22900000,1.25800000,1.17300000,1.19200000,11937052.60000000,14583381.01710000
1740988800000,1.19100000,1.21200000,1.15400000,1.20000000,7249455.60000000,8581029.04280000
1741003200000,1.20000000,1.23100000,1.15600000,1.15800000,13258022.90000000,15794533.25570000
1741017600000,1.15800000,1.17500000,1.05200000,1.05800000,13182109.80000000,14612912.30410000
1741032000000,1.05800000,1.07400000,1.02800000,1.04800000,8710608.60000000,9164176.76740000
1741046400000,1.04800000,1.05800000,0.96200000,1.00400000,21407367.90000000,21396465.93270000
1741060800000,1.00400000,1.02600000,0.99100000,0.99600000,11792079.40000000,11839860.67790000
1741075200000,0.99600000,0.99900000,0.96300000,0.97600000,13683192.30000000,13419260.11720000
1741089600000,0.97600000,1.00900000,0.93600000,0.96100000,27625580.20000000,26760237.00700000
1741104000000,0.96100000,0.97000000,0.86900000,0.96400000,20591814.10000000,18936385.05270000
1741118400000,0.96300000,0.98000000,0.93500000,0.94500000,9163165.70000000,8754466.55090000
1741132800000,0.94400000,0.97700000,0.93300000,0.95100000,10089756.30000000,9678926.92890000
1741147200000,0.95100000,0.96400000,0.92800000,0.96000000,14115271.10000000,13327760.58880000
1741161600000,0.96000000,1.01700000,0.95800000,0.98200000,14347746.90000000,14175646.80760000
1741176000000,0.98300000,0.99500000,0.95500000,0.96200000,8053689.00000000,7849079.52780000
1741190400000,0.96100000,0.99200000,0.94200000,0.98600000,6067739.00000000,5854894.34670000
1741204800000,0.98600000,0.99500000,0.96900000,0.97600000,5410785.10000000,5301889.96140000
1741219200000,0.97600000,0.99600000,0.96200000,0.99200000,5682880.20000000,5560976.76540000
1741233600000,0.99200000,1.00500000,0.98100000,0.98600000,6537217.50000000,6495577.02670000
1741248000000,0.98500000,1.01000000,0.98300000,1.00600000,4885233.70000000,4878661.87140000
1741262400000,1.00600000,1.01100000,0.97700000,1.00100000,6960474.50000000,6908358.89230000
1741276800000,1.00200000,1.01000000,0.95500000,0.95900000,5990494.20000000,5836294.77720000
1741291200000,0.96000000,0.98000000,0.94800000,0.96000000,4729197.90000000,4556999.23140000
1741305600000,0.96000000,0.97700000,0.90200000,0.94200000,13180686.30000000,12359061.86070000
1741320000000,0.94200000,0.95800000,0.93800000,0.95300000,2953640.90000000,2794956.30580000
1741334400000,0.95300000,0.96900000,0.94000000,0.96400000,3323728.80000000,3178565.72420000
1741348800000,0.96500000,0.98200000,0.94800000,0.96200000,9240284.90000000,8904928.35390000
1741363200000,0.96200000,0.99000000,0.93500000,0.97200000,5723526.80000000,5475649.34220000
1741377600000,0.97100000,0.97700000,0.92200000,0.93700000,5010875.70000000,4746950.80260000
1741392000000,0.93600000,0.94700000,0.91400000,0.92900000,5051288.90000000,4689907.71520000
1741406400000,0.93000000,0.95600000,0.91400000,0.91500000,6587130.90000000,6180863.05870000
1741420800000,0.91500000,0.92400000,0.88800000,0.89500000,4324969.60000000,3916989.79850000
1741435200000,0.89600000,0.90800000,0.87900000,0.88900000,8057828.20000000,7183872.58700000
1741449600000,0.88900000,0.90200000,0.87300000,0.89900000,4064449.00000000,3611887.52800000
1741464000000,0.89900000,0.90000000,0.87500000,0.88800000,2791143.10000000,2480507.40590000
1741478400000,0.88800000,0.89400000,0.87500000,0.89000000,3803657.90000000,3367157.84430000
1741492800000,0.88900000,0.89500000,0.87500000,0.88700000,2806394.90000000,2484751.21660000
1741507200000,0.88600000,0.90500000,0.85200000,0.86500000,10113207.50000000,8906981.44190000
1741521600000,0.86500000,0.87200000,0.81700000,0.83100000,13827687.60000000,11611691.76580000
1741536000000,0.83100000,0.84200000,0.77700000,0.80200000,13938145.10000000,11217885.08300000
1741550400000,0.80200000,0.81400000,0.78300000,0.79700000,5671043.30000000,4528103.15230000
1741564800000,0.79700000,0.83100000,0.78800000,0.81500000,6836242.10000000,5567430.89140000
1741579200000,0.81500000,0.85400000,0.81400000,0.85000000,3730288.00000000,3105307.37440000
1741593600000,0.85000000,0.87600000,0.82800000,0.85300000,8498637.90000000,7188605.28400000
1741608000000,0.85400000,0.85900000,0.78600000,0.80300000,9357834.30000000,7602604.04070000
1741622400000,0.80300000,0.80600000,0.72100000,0.75300000,18614338.30000000,14108393.19990000
1741636800000,0.75200000,0.76900000,0.74900000,0.75600000,8588083.90000000,6532727.89090000
1741651200000,0.75700000,0.77400000,0.69900000,0.76400000,16120452.90000000,11856275.15430000
1741665600000,0.76400000,0.80900000,0.76300000,0.79700000,9612783.60000000,7615330.74370000
1741680000000,0.79600000,0.80600000,0.78800000,0.80000000,9476820.80000000,7565856.45670000
1741694400000,0.80000000,0.81200000,0.76500000,0.80700000,14693133.20000000,11665883.87660000
1741708800000,0.80700000,0.83000000,0.78700000,0.82100000,7717539.80000000,6275734.42310000
1741723200000,0.82100000,0.82500000,0.79400000,0.79900000,6901215.70000000,5554711.91530000
1741737600000,0.79800000,0.81600000,0.77900000,0.78000000,5925837.70000000,4726664.48700000
1741752000000,0.78000000,0.80900000,0.77300000,0.80300000,5898356.10000000,4648651.42050000
1741766400000,0.80200000,0.82600000,0.79900000,0.81600000,6157015.30000000,4990305.96610000
1741780800000,0.81600000,0.84500000,0.78600000,0.80700000,11760581.00000000,9647259.55660000
1741795200000,0.80700000,0.83000000,0.80400000,0.82400000,3643213.30000000,2992776.92180000
1741809600000,0.82400000,0.84400000,0.82000000,0.84100000,2963025.50000000,2468299.80960000
1741824000000,0.84100000,0.84500000,0.82200000,0.82500000,3722077.40000000,3097494.10360000
1741838400000,0.82600000,0.83200000,0.81100000,0.82600000,3145806.20000000,2579030.04760000
1741852800000,0.82600000,0.87100000,0.81700000,0.84300000,9983948.40000000,8452883.86830000
1741867200000,0.84400000,0.85700000,0.82500000,0.83300000,7614989.20000000,6385848.00340000
1741881600000,0.83300000,0.83700000,0.80900000,0.81400000,4772118.60000000,3908770.06430000
1741896000000,0.81500000,0.84200000,0.80500000,0.83900000,3507918.80000000,2882900.83150000
1741910400000,0.83900000,0.85600000,0.83600000,0.84100000,3960451.80000000,3347055.63290000
1741924800000,0.84100000,0.85100000,0.83400000,0.84400000,2397263.70000000,2016056.56960000
1741939200000,0.84400000,0.85500000,0.84100000,0.85000000,2106327.10000000,1791103.81270000
1741953600000,0.85100000,0.88600000,0.84500000,0.87400000,6017619.30000000,5209670.23460000
1741968000000,0.87400000,0.89400000,0.87100000,0.87700000,3644373.00000000,3211339.68630000
1741982400000,0.87700000,0.88600000,0.86500000,0.87000000,3684861.90000000,3221062.60540000
1741996800000,0.87000000,0.87900000,0.86100000,0.87700000,1655069.00000000,1438890.38410000
1742011200000,0.87700000,0.88000000,0.86700000,0.86800000,1472793.60000000,1286525.23730000
1742025600000,0.86900000,0.88100000,0.86200000,0.88000000,1741794.60000000,1516884.35810000
1742040000000,0.88000000,0.88400000,0.87100000,0.88000000,2509564.50000000,2200833.98240000
1742054400000,0.88000000,0.88500000,0.86700000,0.87400000,2647745.40000000,2319467.50880000
1742068800000,0.87300000,0.88800000,0.87300000,0.87700000,2043852.00000000,1803070.14090000
1742083200000,0.87800000,0.87900000,0.85700000,0.87000000,2702563.30000000,2343733.95610000
1742097600000,0.87000000,0.89000000,0.86500000,0.88100000,2163307.10000000,1899976.13410000
1742112000000,0.88200000,0.91200000,0.84600000,0.85000000,12036149.70000000,10635194.95680000
1742126400000,0.84900000,0.85900000,0.83200000,0.84900000,4845254.10000000,4103895.41780000
1742140800000,0.84800000,0.88000000,0.83400000,0.83900000,6410160.80000000,5493323.61390000
1742155200000,0.83800000,0.84800000,0.81900000,0.83300000,2998185.20000000,2503504.69100000
1742169600000,0.83200000,0.86000000,0.83200000,0.85800000,2876623.20000000,2446279.39470000
1742184000000,0.85700000,0.86400000,0.83700000,0.85400000,3048877.60000000,2593649.63830000
1742198400000,0.85400000,0.86200000,0.84100000,0.85700000,5416271.60000000,4609306.55470000
1742212800000,0.85700000,0.87500000,0.84200000,0.86100000,9114559.70000000,7808828.17130000
1742227200000,0.86100000,0.89600000,0.85300000,0.88800000,8377545.60000000,7315639.49700000
1742241600000,0.88800000,0.89000000,0.86900000,0.87100000,3279537.10000000,2885085.68860000
1742256000000,0.87200000,0.87300000,0.83200000,0.83200000,5004758.10000000,4266629.83870000
1742270400000,0.83300000,0.84500000,0.82500000,0.83600000,3524513.40000000,2945427.61800000
1742284800000,0.83700000,0.84400000,0.82200000,0.82400000,2720591.40000000,2269049.68940000
1742299200000,0.82300000,0.83500000,0.81700000,0.82000000,3774981.20000000,3117569.38810000
1742313600000,0.81900000,0.82900000,0.81000000,0.82800000,2908845.20000000,2382209.93490000
1742328000000,0.82700000,0.83900000,0.82200000,0.83700000,1900302.70000000,1577569.21540000
1742342400000,0.83700000,0.85300000,0.83500000,0.85100000,2644725.60000000,2230230.77510000
1742356800000,0.85200000,0.85400000,0.84200000,0.84200000,2035199.40000000,1727068.52370000
1742371200000,0.84300000,0.87800000,0.84300000,0.87600000,4502861.40000000,3862418.60970000
1742385600000,0.87600000,0.88500000,0.86100000,0.88200000,6364369.60000000,5571750.37690000
1742400000000,0.88300000,0.89600000,0.85700000,0.88300000,6381564.20000000,5578824.05790000
1742414400000,0.88400000,0.89900000,0.88100000,0.89600000,2231385.90000000,1985612.78340000
1742428800000,0.89600000,0.90300000,0.87900000,0.88200000,2748250.90000000,2441677.73080000
1742443200000,0.88100000,0.90800000,0.87400000,0.90000000,4487725.30000000,4011769.53820000
1742457600000,0.89900000,0.91900000,0.87500000,0.88400000,4917735.40000000,4401122.09120000
1742472000000,0.88400000,0.89100000,0.86200000,0.86500000,4627514.30000000,4064158.37490000
1742486400000,0.86500000,0.87000000,0.84900000,0.85800000,3654817.80000000,3137046.46370000
1742500800000,0.85700000,0.86400000,0.85200000,0.85800000,1462429.90000000,1254986.96500000
1742515200000,0.85700000,0.87300000,0.85400000,0.85500000,1833813.80000000,1584212.73870000
1742529600000,0.85600000,0.86100000,0.83500000,0.84000000,2310997.40000000,1960021.94320000
1742544000000,0.84000000,0.84500000,0.82200000,0.82700000,2820034.30000000,2342762.82950000
1742558400000,0.82800000,0.83800000,0.82100000,0.82700000,3596756.40000000,2980517.40070000
1742572800000,0.82700000,0.83300000,0.82000000,0.82400000,3095785.40000000,2560681.31210000
1742587200000,0.82400000,0.83700000,0.80700000,0.81600000,3009127.50000000,2473340.17180000
1742601600000,0.81600000,0.82800000,0.81400000,0.82500000,2425398.20000000,1996541.94910000
1742616000000,0.82500000,0.84100000,0.82400000,0.83600000,1998083.80000000,1665169.79790000
1742630400000,0.83600000,0.84600000,0.83000000,0.83400000,4042643.10000000,3382838.68840000
1742644800000,0.83400000,0.83500000,0.82100000,0.83100000,1911617.90000000,1581542.74580000
1742659200000,0.83100000,0.84000000,0.83000000,0.83800000,3202421.10000000,2676008.93110000
1742673600000,0.83800000,0.84200000,0.82200000,0.82500000,2536354.90000000,2108317.62330000
1742688000000,0.82600000,0.84100000,0.82200000,0.84000000,2403621.60000000,1994337.30830000
1742702400000,0.84100000,0.84400000,0.82500000,0.83100000,2835474.40000000,2355589.11540000
1742716800000,0.83200000,0.84000000,0.82500000,0.83500000,2442692.50000000,2035436.17530000
1742731200000,0.83500000,0.83800000,0.81500000,0.82300000,4544423.40000000,3746216.51910000
1742745600000,0.82300000,0.82500000,0.80900000,0.82000000,2680007.80000000,2187746.07300000
1742760000000,0.82100000,0.83000000,0.81500000,0.82900000,2087222.70000000,1715235.51800000
1742774400000,0.82900000,0.84400000,0.81500000,0.84000000,4353592.90000000,3621203.23480000
1742788800000,0.84000000,0.85900000,0.83900000,0.85300000,3788281.30000000,3225708.39070000
1742803200000,0.85300000,0.87300000,0.85300000,0.86700000,3548218.10000000,3069440.47470000
1742817600000,0.86700000,0.95400000,0.86300000,0.92000000,34752047.20000000,31711670.34560000
1742832000000,0.92000000,0.94400000,0.91200000,0.91500000,12415953.80000000,11488893.64600000
1742846400000,0.91400000,0.91900000,0.89400000,0.90500000,3733966.70000000,3389439.12440000
1742860800000,0.90500000,0.92900000,0.89900000,0.91800000,6096044.10000000,5585827.95350000
1742875200000,0.91800000,0.92800000,0.90600000,0.91500000,4522937.50000000,4143486.23180000
1742889600000,0.91400000,0.94300000,0.91400000,0.93900000,4054914.20000000,3763143.29530000
1742904000000,0.93900000,0.94700000,0.91500000,0.91800000,8119582.00000000,7527854.54680000
1742918400000,0.91800000,0.93900000,0.91400000,0.92900000,4427220.80000000,4111075.01700000
1742932800000,0.92900000,0.93900000,0.92200000,0.93300000,2590346.80000000,2412766.79380000
1742947200000,0.93300000,0.95000000,0.92400000,0.92500000,4110790.00000000,3852105.67770000
1742961600000,0.92500000,0.97400000,0.92400000,0.97000000,5232334.30000000,4989681.99930000
1742976000000,0.97000000,0.97900000,0.95500000,0.97000000,3812570.70000000,3686387.12730000
1742990400000,0.97000000,0.97200000,0.92500000,0.94300000,6394633.40000000,6045774.41850000
1743004800000,0.94300000,0.95400000,0.92300000,0.93900000,4578722.20000000,4308314.13130000
1743019200000,0.93900000,0.95000000,0.92400000,0.92900000,3283064.20000000,3071737.90080000
1743033600000,0.92900000,0.97600000,0.92700000,0.96900000,4885397.20000000,4679116.17810000
1743048000000,0.97000000,0.98600000,0.95500000,0.96700000,3873005.70000000,3757383.86140000
1743062400000,0.96700000,0.97200000,0.93700000,0.94100000,2905404.60000000,2776421.41830000
1743076800000,0.94000000,0.97000000,0.93300000,0.94500000,6459008.60000000,6137265.94270000
1743091200000,0.94500000,0.95200000,0.92600000,0.94100000,3064573.90000000,2874061.21870000
1743105600000,0.94100000,0.96100000,0.93800000,0.94800000,2767914.70000000,2634702.86580000
1743120000000,0.94800000,0.95600000,0.92600000,0.93100000,3644242.20000000,3428072.79730000
1743134400000,0.93100000,0.93500000,0.87500000,0.87800000,8504364.20000000,7673733.87320000
1743148800000,0.87800000,0.88700000,0.86200000,0.87700000,3405221.00000000,2971717.52310000
1743163200000,0.87600000,0.87800000,0.85100000,0.85300000,3611623.00000000,3116661.52700000
1743177600000,0.85300000,0.85600000,0.83600000,0.84000000,2719234.00000000,2302797.84760000
1743192000000,0.84000000,0.84600000,0.82900000,0.84000000,2319632.60000000,1947802.04780000
1743206400000,0.84000000,0.85000000,0.82200000,0.83500000,3947606.10000000,3311026.02920000
1743220800000,0.83600000,0.83800000,0.80400000,0.80900000,4339353.70000000,3545700.77890000
1743235200000,0.80900000,0.81800000,0.77800000,0.78400000,6210402.90000000,4955102.59630000
1743249600000,0.78400000,0.79800000,0.78100000,0.78500000,3376140.30000000,2664625.27470000
1743264000000,0.78500000,0.78900000,0.76500000,0.77900000,5570453.60000000,4322555.75690000
1743278400000,0.77900000,0.78100000,0.76500000,0.77900000,3128018.20000000,2417735.40640000
1743292800000,0.77900000,0.80000000,0.76300000,0.79100000,4172024.00000000,3279871.18900000
1743307200000,0.79000000,0.79900000,0.78200000,0.79200000,3260123.30000000,2573030.82490000
1743321600000,0.79300000,0.80500000,0.78600000,0.79100000,2425254.30000000,1928646.76040000
1743336000000,0.79100000,0.79600000,0.77500000,0.78100000,3595786.90000000,2818589.37100000
1743350400000,0.78100000,0.79600000,0.76700000,0.78600000,2737840.30000000,2139282.02120000
1743364800000,0.78700000,0.79000000,0.76500000,0.77900000,2779071.50000000,2164134.19930000
1743379200000,0.78000000,0.78900000,0.76500000,0.77100000,4469403.10000000,3476933.86010000
1743393600000,0.77100000,0.78400000,0.75600000,0.76400000,3779928.00000000,2914527.09360000
1743408000000,0.76400000,0.77600000,0.74400000,0.77000000,5795278.50000000,4402241.28570000
1743422400000,0.77000000,0.79000000,0.75800000,0.78400000,11860134.70000000,9189395.58420000
1743436800000,0.78400000,0.79000000,0.76700000,0.77200000,3360684.80000000,2617131.29850000
1743451200000,0.77200000,0.77700000,0.76300000,0.76900000,2572721.20000000,1981447.72270000
1743465600000,0.76900000,0.78900000,0.76600000,0.77900000,3360247.40000000,2618620.63350000
1743480000000,0.77900000,0.79100000,0.77600000,0.78100000,2890962.80000000,2264466.25520000
1743494400000,0.78200000,0.80600000,0.78200000,0.78700000,5535923.80000000,4412611.35880000
1743508800000,0.78700000,0.84200000,0.77900000,0.84000000,12981873.30000000,10487945.20630000
1743523200000,0.84000000,0.84600000,0.81100000,0.81500000,3806360.40000000,3154393.38560000
1743537600000,0.81500000,0.81900000,0.80000000,0.80200000,2633447.10000000,2134963.09450000
1743552000000,0.80200000,0.80300000,0.77200000,0.79200000,4473257.70000000,3529672.92450000
1743566400000,0.79200000,0.79500000,0.76900000,0.77700000,4022173.20000000,3127655.56590000
1743580800000,0.77700000,0.78900000,0.77300000,0.78100000,5239125.80000000,4093683.77850000
1743595200000,0.78100000,0.80400000,0.76800000,0.79300000,8514714.30000000,6687602.59130000
1743609600000,0.79400000,0.80000000,0.76800000,0.78600000,4182213.00000000,3274109.70630000
1743624000000,0.78500000,0.81100000,0.71100000,0.72400000,17655698.70000000,13466325.28210000
1743638400000,0.72400000,0.76100000,0.72200000,0.75300000,5479583.10000000,4082508.38350000
1743652800000,0.75200000,0.76600000,0.74000000,0.74600000,4656900.30000000,3500322.41850000
1743667200000,0.74600000,0.75100000,0.71800000,0.72700000,4915315.10000000,3593072.85940000
1743681600000,0.72700000,0.73000000,0.70400000,0.72000000,7903990.20000000,5652224.27470000
1743696000000,0.71900000,0.75700000,0.71800000,0.75500000,4202658.50000000,3097464.77640000
1743710400000,0.75500000,0.76000000,0.74400000,0.75100000,2605504.40000000,1960383.90410000
1743724800000,0.75200000,0.76200000,0.74800000,0.75500000,2986300.30000000,2251649.14370000
1743739200000,0.75600000,0.76700000,0.75400000,0.76200000,2569862.20000000,1956966.94300000
1743753600000,0.76300000,0.77200000,0.72600000,0.73800000,4822819.30000000,3630173.67070000
1743768000000,0.73900000,0.77200000,0.72900000,0.75300000,8260088.70000000,6189075.26460000
1743782400000,0.75300000,0.76800000,0.74600000,0.75700000,2936943.20000000,2219343.94270000
1743796800000,0.75600000,0.76800000,0.75500000,0.75900000,1983705.70000000,1509754.65110000
1743811200000,0.76000000,0.76300000,0.75100000,0.75400000,1034420.20000000,783012.77360000
1743825600000,0.75500000,0.75800000,0.74900000,0.75700000,1459345.80000000,1098008.08950000
1743840000000,0.75700000,0.76000000,0.74800000,0.75000000,1253577.40000000,945985.69830000
1743854400000,0.75000000,0.75100000,0.73200000,0.73500000,2350471.80000000,1745909.20220000
1743868800000,0.73400000,0.73900000,0.72900000,0.73100000,1250405.80000000,918422.45700000
1743883200000,0.73100000,0.74600000,0.72900000,0.74500000,1168111.60000000,859383.68490000
1743897600000,0.74400000,0.74500000,0.72900000,0.73100000,1353390.40000000,997708.64360000
1743912000000,0.73100000,0.73900000,0.72700000,0.73300000,2082199.80000000,1527461.33880000
1743926400000,0.73300000,0.73800000,0.72400000,0.72900000,1565058.20000000,1143473.37770000
1743940800000,0.72900000,0.73100000,0.68900000,0.69900000,5379912.10000000,3789109.35670000
1743955200000,0.69900000,0.70100000,0.63000000,0.64000000,16708451.30000000,10965686.30650000
1743969600000,0.63900000,0.64200000,0.61400000,0.63200000,9699697.20000000,6074026.96590000
1743984000000,0.63200000,0.65300000,0.61400000,0.62200000,7083729.20000000,4486661.35050000
1743998400000,0.62200000,0.63200000,0.57300000,0.58900000,19566341.20000000,11757072.04680000
1744012800000,0.59000000,0.63600000,0.58500000,0.62200000,9047567.70000000,5568152.20070000
1744027200000,0.62300000,0.68400000,0.61800000,0.65800000,22951172.30000000,14983272.39260000
1744041600000,0.65900000,0.66400000,0.63200000,0.65000000,11283849.90000000,7353799.33450000
1744056000000,0.65100000,0.66500000,0.64800000,0.65000000,3374920.80000000,2216305.95960000
1744070400000,0.65000000,0.66900000,0.64200000,0.65300000,3364870.50000000,2204796.67780000
1744084800000,0.65300000,0.65700000,0.63900000,0.64400000,2493365.80000000,1612856.01920000
1744099200000,0.64300000,0.66200000,0.63800000,0.66000000,3027516.40000000,1962535.65010000
1744113600000,0.66100000,0.66200000,0.63600000,0.64200000,4592536.60000000,2983531.82810000
1744128000000,0.64200000,0.64300000,0.61200000,0.61800000,5819478.00000000,3635826.06230000
1744142400000,0.61800000,0.62600000,0.61100000,0.61800000,3247895.10000000,2008578.15190000
1744156800000,0.61800000,0.62600000,0.59200000,0.61200000,6787732.80000000,4144837.70620000
1744171200000,0.61100000,0.64100000,0.61100000,0.63800000,4129930.90000000,2594569.38480000
1744185600000,0.63900000,0.64300000,0.62000000,0.62500000,5843160.40000000,3703359.33930000
1744200000000,0.62500000,0.64300000,0.61600000,0.63800000,5242255.10000000,3317393.28450000
1744214400000,0.63800000,0.71100000,0.63700000,0.70300000,17623036.10000000,12035748.60900000
1744228800000,0.70200000,0.71400000,0.69900000,0.71000000,5310272.10000000,3751072.07570000
1744243200000,0.71000000,0.71200000,0.68700000,0.69600000,3317350.20000000,2320238.67780000
1744257600000,0.69700000,0.72400000,0.69000000,0.70800000,4786773.00000000,3392918.31230000
1744272000000,0.70800000,0.71700000,0.70000000,0.70600000,3603049.70000000,2553670.51520000
1744286400000,0.70700000,0.72500000,0.67900000,0.68100000,11298228.10000000,7974583.69710000
1744300800000,0.68100000,0.69300000,0.67600000,0.68700000,5858821.90000000,4006049.90900000
1744315200000,0.68700000,0.69800000,0.68700000,0.69400000,2164551.00000000,1500869.03530000
1744329600000,0.69400000,0.71200000,0.69300000,0.70400000,3772570.70000000,2648434.21840000
1744344000000,0.70400000,0.72400000,0.70200000,0.72200000,3205669.10000000,2287606.26950000
1744358400000,0.72200000,0.72600000,0.70700000,0.71400000,4401778.20000000,3151220.01160000
1744372800000,0.71400000,0.72700000,0.71100000,0.72400000,4675731.80000000,3363344.68540000
1744387200000,0.72500000,0.74400000,0.71800000,0.73300000,3202918.60000000,2343038.19610000
1744401600000,0.73300000,0.75000000,0.73100000,0.74000000,1961802.60000000,1456412.34970000
1744416000000,0.73900000,0.74400000,0.72900000,0.73200000,2227221.50000000,1645205.49460000
1744430400000,0.73200000,0.75800000,0.72800000,0.75200000,2834474.70000000,2116148.74630000
1744444800000,0.75200000,0.76800000,0.74600000,0.75900000,3881802.80000000,2938645.20250000
1744459200000,0.75900000,0.78900000,0.75500000,0.78400000,6833320.50000000,5298069.00640000
1744473600000,0.78500000,0.78900000,0.77300000,0.77600000,2687053.40000000,2097511.59780000
1744488000000,0.77600000,0.79000000,0.77400000,0.78100000,2800169.60000000,2188891.91820000
1744502400000,0.78100000,0.78800000,0.76700000,0.77300000,3425790.10000000,2655821.24220000
1744516800000,0.77300000,0.78100000,0.76300000,0.77300000,2263157.10000000,1745795.04770000
1744531200000,0.77300000,0.79200000,0.77000000,0.78100000,3663418.00000000,2863888.58470000
1744545600000,0.78100000,0.78500000,0.75900000,0.76400000,5350389.70000000,4108915.27140000
1744560000000,0.76400000,0.78800000,0.74200000,0.75400000,5914937.20000000,4544367.58100000
1744574400000,0.75400000,0.76100000,0.72800000,0.74300000,5613027.30000000,4154795.77600000
1744588800000,0.74400000,0.78000000,0.74000000,0.75500000,5718418.80000000,4330239.43560000
1744603200000,0.75600000,0.76500000,0.74300000,0.75100000,2935382.90000000,2210363.67160000
1744617600000,0.75000000,0.77300000,0.74700000,0.76500000,4366599.40000000,3319045.70290000
1744632000000,0.76600000,0.77500000,0.73500000,0.73800000,6825907.70000000,5159326.80250000
1744646400000,0.73800000,0.75700000,0.73300000,0.75200000,3260271.00000000,2430545.71230000
1744660800000,0.75200000,0.75600000,0.73800000,0.74000000,1704759.80000000,1270495.85410000
1744675200000,0.74000000,0.74800000,0.72600000,0.74300000,2603883.00000000,1918904.65640000
1744689600000,0.74400000,0.75000000,0.73600000,0.74700000,1505116.30000000,1119430.36130000
1744704000000,0.74700000,0.75400000,0.73300000,0.73700000,2418399.20000000,1798075.49270000
1744718400000,0.73700000,0.75000000,0.72000000,0.73100000,6643461.70000000,4877671.59490000
1744732800000,0.73100000,0.73700000,0.71500000,0.71900000,4642198.90000000,3365808.20740000
1744747200000,0.71900000,0.72600000,0.70600000,0.70800000,2860877.20000000,2040992.09710000
1744761600000,0.70900000,0.72100000,0.70300000,0.71300000,1856853.80000000,1325533.21950000
1744776000000,0.71400000,0.71700000,0.70100000,0.70500000,2634176.10000000,1867736.09180000
1744790400000,0.70500000,0.71400000,0.69400000,0.69900000,2791826.40000000,1965292.04370000
1744804800000,0.70000000,0.71500000,0.69100000,0.70100000,3590492.90000000,2518770.69960000
1744819200000,0.70200000,0.71000000,0.67700000,0.69800000,7405023.20000000,5134107.03230000
1744833600000,0.69900000,0.70800000,0.68700000,0.69100000,3179185.30000000,2211651.90570000
1744848000000,0.69100000,0.69900000,0.68700000,0.69100000,1699879.10000000,1175727.40970000
1744862400000,0.69100000,0.71300000,0.68900000,0.70800000,2146049.00000000,1511927.40070000
1744876800000,0.70800000,0.71000000,0.69200000,0.70200000,1916172.60000000,1341203.75460000
1744891200000,0.70200000,0.70600000,0.68100000,0.69600000,3429899.70000000,2378264.36740000
1744905600000,0.69600000,0.71800000,0.69200000,0.70100000,4122766.10000000,2909779.68300000
1744920000000,0.70100000,0.70900000,0.69400000,0.70000000,3362903.80000000,2359629.57360000
1744934400000,0.70100000,0.70500000,0.69300000,0.70200000,2003142.20000000,1400508.93720000
1744948800000,0.70100000,0.71800000,0.70000000,0.71600000,2544341.10000000,1806167.24760000
1744963200000,0.71700000,0.72600000,0.71300000,0.71600000,2602330.60000000,1871039.86350000
1744977600000,0.71600000,0.72300000,0.69900000,0.70300000,2870839.60000000,2041876.64540000
1744992000000,0.70300000,0.71100000,0.70100000,0.70600000,1673457.50000000,1181498.13710000
1745006400000,0.70700000,0.71100000,0.70200000,0.70900000,1649949.30000000,1164880.11010000
1745020800000,0.70900000,0.72300000,0.70500000,0.71700000,1220963.80000000,871049.69700000
1745035200000,0.71700000,0.72200000,0.71100000,0.71700000,1275941.50000000,913211.89550000
1745049600000,0.71700000,0.73000000,0.71200000,0.72200000,1747524.70000000,1258262.16220000
1745064000000,0.72200000,0.72900000,0.71600000,0.72300000,1746415.30000000,1261651.65960000
1745078400000,0.72300000,0.76900000,0.72200000,0.75100000,5220017.00000000,3904312.52590000
1745092800000,0.75200000,0.77400000,0.74900000,0.76900000,1958892.70000000,1495704.28860000
1745107200000,0.76900000,0.77100000,0.75300000,0.75900000,1803628.10000000,1370291.28560000
1745121600000,0.75900000,0.76700000,0.75300000,0.75500000,2031933.40000000,1543636.88940000
1745136000000,0.75600000,0.75700000,0.73900000,0.74500000,2785735.30000000,2083148.70840000
1745150400000,0.74500000,0.77400000,0.74400000,0.76200000,2605285.30000000,1982174.26730000
1745164800000,0.76200000,0.78500000,0.76100000,0.78200000,2732703.90000000,2115615.87690000
1745179200000,0.78200000,0.79000000,0.77400000,0.77800000,1684336.30000000,1316264.97620000
1745193600000,0.77700000,0.79500000,0.77600000,0.78000000,3911513.30000000,3078478.87410000
1745208000000,0.78100000,0.80000000,0.77900000,0.79000000,3410362.30000000,2689687.24910000
1745222400000,0.79100000,0.79700000,0.78300000,0.78800000,2645077.70000000,2091692.26660000
1745236800000,0.78800000,0.80300000,0.78400000,0.79200000,3854338.50000000,3056129.89020000
1745251200000,0.79200000,0.79700000,0.76800000,0.77600000,4792189.00000000,3726708.09230000
1745265600000,0.77600000,0.77900000,0.76100000,0.76500000,1516127.20000000,1166121.03750000
1745280000000,0.76500000,0.78100000,0.74800000,0.77300000,5687433.50000000,4363597.67550000
1745294400000,0.77400000,0.78600000,0.75800000,0.78600000,2649215.10000000,2047324.21630000
1745308800000,0.78600000,0.79500000,0.77400000,0.79200000,3227105.10000000,2527727.75050000
1745323200000,0.79300000,0.81400000,0.78700000,0.80100000,6191173.90000000,4950142.40750000
1745337600000,0.80000000,0.80300000,0.78900000,0.79900000,5148661.00000000,4105502.74020000
1745352000000,0.79900000,0.84100000,0.79800000,0.83900000,5069275.20000000,4177001.88350000
1745366400000,0.83900000,0.86900000,0.83600000,0.86300000,8054219.50000000,6892303.94490000
1745380800000,0.86400000,0.87300000,0.85700000,0.86200000,5038902.80000000,4361542.90190000
1745395200000,0.86200000,0.87400000,0.85400000,0.86600000,5033985.50000000,4349509.74870000
1745409600000,0.86500000,0.88300000,0.83700000,0.85900000,9788262.90000000,8440495.55820000
1745424000000,0.85900000,0.87700000,0.84600000,0.85600000,4329690.20000000,3731089.88580000
1745438400000,0.85600000,0.87000000,0.85400000,0.86300000,1812029.10000000,1562784.80810000
1745452800000,0.86300000,0.89700000,0.84900000,0.85000000,7970318.10000000,6966665.71550000
1745467200000,0.85100000,0.87300000,0.83500000,0.83700000,4854161.00000000,4154725.45530000
1745481600000,0.83800000,0.86300000,0.83800000,0.85800000,5915017.20000000,5032249.30170000
1745496000000,0.85700000,0.92700000,0.85200000,0.90900000,11227210.50000000,10050183.89610000
1745510400000,0.90900000,0.91000000,0.88100000,0.88800000,7108552.30000000,6359118.30660000
1745524800000,0.88800000,0.92200000,0.87600000,0.92100000,5318614.60000000,4763403.65280000
1745539200000,0.92000000,0.92500000,0.89300000,0.89900000,6321935.60000000,5754013.80330000
1745553600000,0.89800000,0.96400000,0.89600000,0.96300000,7499468.20000000,6997622.17370000
1745568000000,0.96200000,0.99700000,0.95100000,0.99400000,12801537.50000000,12468607.72090000
1745582400000,0.99400000,1.00300000,0.96400000,0.98100000,9364458.50000000,9214349.08080000
1745596800000,0.98100000,0.98800000,0.96200000,0.98400000,4012056.30000000,3912764.38790000
1745611200000,0.98300000,1.07500000,0.98100000,1.04700000,19413768.50000000,20160449.03630000
1745625600000,1.04800000,1.19900000,1.04800000,1.17500000,29644825.40000000,34104031.89550000
1745640000000,1.17500000,1.20200000,1.12300000,1.17500000,15664305.10000000,18227656.00400000
1745654400000,1.17600000,1.17800000,1.08700000,1.09200000,13929717.10000000,15771934.80280000
1745668800000,1.09300000,1.11700000,1.07100000,1.11100000,9836877.30000000,10765628.13800000
1745683200000,1.11100000,1.18600000,1.10300000,1.18300000,11578620.30000000,13241962.28240000
1745697600000,1.18300000,1.25900000,1.15600000,1.21600000,16422120.00000000,19797863.10980000
1745712000000,1.21600000,1.22900000,1.15100000,1.22100000,14663817.00000000,17485660.14290000
1745726400000,1.22100000,1.23600000,1.17700000,1.20700000,9344259.60000000,11238101.58590000
1745740800000,1.20600000,1.20700000,1.15800000,1.16700000,8317077.20000000,9836459.38430000
1745755200000,1.16700000,1.17000000,1.12300000,1.13600000,11001765.60000000,12620257.28190000
1745769600000,1.13600000,1.15200000,1.10900000,1.14000000,6512936.60000000,7339779.38320000
1745784000000,1.14000000,1.15200000,1.12300000,1.12300000,3610833.70000000,4101564.16300000
1745798400000,1.12400000,1.13900000,1.06200000,1.11400000,10597457.30000000,11683337.88490000
1745812800000,1.11400000,1.18700000,1.10400000,1.16100000,9015741.60000000,10349948.53040000
1745827200000,1.16200000,1.18400000,1.13600000,1.13800000,8394946.70000000,9732222.60160000
1745841600000,1.13800000,1.17800000,1.09500000,1.11100000,12066263.00000000,13659887.87980000
1745856000000,1.11100000,1.14800000,1.09600000,1.14600000,4217100.30000000,4719452.40020000
1745870400000,1.14700000,1.14800000,1.11500000,1.12900000,2983599.20000000,3377160.29210000
1745884800000,1.12900000,1.16400000,1.10800000,1.15400000,5896059.10000000,6685569.81350000
1745899200000,1.15500000,1.18800000,1.13600000,1.16700000,10322736.20000000,11948031.83650000
1745913600000,1.16600000,1.17000000,1.11900000,1.12600000,4759892.90000000,5431266.97410000
1745928000000,1.12600000,1.13000000,1.08000000,1.10400000,7262136.40000000,7999140.65370000
1745942400000,1.10300000,1.11000000,1.07700000,1.08300000,3864413.20000000,4225513.74270000
1745956800000,1.08300000,1.11000000,1.06800000,1.08600000,7110201.10000000,7733578.36320000
1745971200000,1.08700000,1.10000000,1.06400000,1.08100000,3638379.50000000,3932678.06490000
1745985600000,1.08200000,1.10200000,1.07300000,1.07700000,3514173.60000000,3816707.19270000
1746000000000,1.07700000,1.08900000,1.06700000,1.07500000,4770635.40000000,5139273.31970000
1746014400000,1.07500000,1.07600000,1.00400000,1.06600000,15137980.60000000,15697667.26060000
1746028800000,1.06600000,1.16000000,1.05100000,1.12100000,19984288.50000000,22219794.56730000
1746043200000,1.12100000,1.17100000,1.11800000,1.12700000,7859518.80000000,8962901.58980000
1746057600000,1.12800000,1.16600000,1.01800000,1.03500000,24976102.40000000,26899528.85540000
1746072000000,1.03500000,1.05900000,1.01300000,1.05300000,13116989.30000000,13588986.94030000
1746086400000,1.05300000,1.10500000,1.05000000,1.09200000,9315719.60000000,10080113.16260000
1746100800000,1.09200000,1.09600000,1.04700000,1.07800000,12079911.90000000,12963757.01350000
1746115200000,1.07800000,1.09000000,1.05700000,1.06000000,7229346.50000000,7742879.75430000
1746129600000,1.06000000,1.07100000,1.03800000,1.04900000,4903863.00000000,5170068.63510000
1746144000000,1.04900000,1.06700000,1.04000000,1.04900000,7148904.60000000,7553770.15470000
1746158400000,1.04900000,1.05100000,1.03100000,1.03200000,6090569.00000000,6336751.56580000
1746172800000,1.03300000,1.05400000,1.02000000,1.02300000,7862722.40000000,8149404.81750000
1746187200000,1.02400000,1.04800000,1.01700000,1.02800000,6158592.30000000,6357976.11630000
1746201600000,1.02800000,1.04600000,1.01200000,1.01600000,4890944.10000000,5045086.81330000
1746216000000,1.01700000,1.03400000,1.01300000,1.03100000,2395675.30000000,2452718.41350000
1746230400000,1.03100000,1.03300000,1.00700000,1.02300000,2857127.60000000,2908952.24570000
1746244800000,1.02200000,1.02400000,1.00700000,1.01100000,1798742.90000000,1827155.73330000
1746259200000,1.01200000,1.02100000,0.98200000,0.98300000,5641921.60000000,5643596.56010000
1746273600000,0.98300000,0.99800000,0.97700000,0.97800000,3046124.20000000,3010496.02080000
1746288000000,0.97800000,0.98500000,0.95300000,0.96900000,6854610.40000000,6617967.95870000
1746302400000,0.96900000,0.97000000,0.94900000,0.95500000,3986258.90000000,3822739.17380000
1746316800000,0.95500000,0.96400000,0.93700000,0.95600000,3981801.90000000,3789882.79060000
1746331200000,0.95500000,0.96500000,0.94700000,0.95200000,2418560.60000000,2308763.76710000
1746345600000,0.95200000,0.95300000,0.92800000,0.94200000,4867195.90000000,4579367.12990000
1746360000000,0.94200000,0.95100000,0.92700000,0.94400000,2428490.60000000,2285675.23340000
1746374400000,0.94400000,0.94800000,0.92200000,0.92900000,3109440.50000000,2900815.57290000
1746388800000,0.93000000,0.94000000,0.91400000,0.92400000,3693748.50000000,3421024.59440000
1746403200000,0.92300000,0.94500000,0.91500000,0.94000000,3532175.50000000,3283491.45680000
1746417600000,0.94000000,0.95900000,0.93700000,0.95600000,4089493.80000000,3887730.34430000
1746432000000,0.95600000,0.96400000,0.90600000,0.91800000,7678842.80000000,7177073.05260000
1746446400000,0.91800000,0.92600000,0.88300000,0.88900000,8979274.30000000,8149667.87250000
1746460800000,0.88800000,0.89500000,0.86600000,0.87100000,10041585.70000000,8842312.40390000
1746475200000,0.87200000,0.88400000,0.85200000,0.87000000,5868545.60000000,5099677.02800000
1746489600000,0.87000000,0.88900000,0.86000000,0.88600000,3738994.10000000,3259834.60960000
1746504000000,0.88600000,0.90000000,0.87700000,0.88500000,4445265.20000000,3952025.56910000
1746518400000,0.88500000,0.88600000,0.86100000,0.86900000,5058685.90000000,4422449.67700000
1746532800000,0.86800000,0.89300000,0.86400000,0.88100000,4637364.40000000,4075242.49240000
1746547200000,0.88100000,0.91300000,0.87500000,0.89800000,5797978.70000000,5219046.03760000
1746561600000,0.89900000,0.93800000,0.87500000,0.92800000,8702609.30000000,7929375.79550000
1746576000000,0.92800000,0.95900000,0.92500000,0.95500000,6833593.20000000,6442912.76460000
1746590400000,0.95400000,0.97300000,0.93900000,0.96700000,4947057.20000000,4720335.65940000
1746604800000,0.96700000,0.96700000,0.92800000,0.93600000,6368299.40000000,6031561.56180000
1746619200000,0.93600000,0.93900000,0.91500000,0.91600000,4910274.10000000,4552643.95440000
1746633600000,0.91600000,0.93500000,0.90700000,0.91200000,4111331.10000000,3774072.52190000
1746648000000,0.91200000,0.93500000,0.90400000,0.92900000,2770155.00000000,2547478.68680000
1746662400000,0.93000000,0.97300000,0.92400000,0.97200000,4997936.50000000,4755667.23730000
1746676800000,0.97100000,0.99200000,0.96300000,0.98300000,7991251.50000000,7813310.45210000
1746691200000,0.98300000,1.01900000,0.98200000,0.99900000,9589593.70000000,9599581.74330000
1746705600000,0.99900000,1.04700000,0.98900000,1.02400000,12582242.20000000,12779294.42070000
1746720000000,1.02400000,1.04200000,1.01600000,1.03700000,7622487.80000000,7843517.66510000
1746734400000,1.03600000,1.08200000,1.03300000,1.06400000,8882176.80000000,9366405.76430000
1746748800000,1.06400000,1.10800000,1.05300000,1.07600000,9590469.10000000,10388101.24280000
1746763200000,1.07500000,1.15200000,1.07500000,1.12700000,8125075.80000000,9028987.72570000
1746777600000,1.12800000,1.17200000,1.10300000,1.12600000,16924261.70000000,19241593.85960000
1746792000000,1.12700000,1.15800000,1.10900000,1.14100000,9764012.20000000,11055876.14530000
1746806400000,1.14100000,1.17900000,1.11700000,1.13100000,9749929.90000000,11210667.34030000
1746820800000,1.13200000,1.17000000,1.13000000,1.13900000,3971103.40000000,4550160.53300000
1746835200000,1.14000000,1.18700000,1.13300000,1.17700000,7580637.20000000,8810467.03950000
1746849600000,1.17700000,1.21800000,1.14900000,1.20400000,8025794.80000000,9491791.46020000
1746864000000,1.20400000,1.21400000,1.14600000,1.15200000,8566786.20000000,10103048.12090000
1746878400000,1.15300000,1.17600000,1.13600000,1.14600000,6781841.80000000,7849055.74790000
1746892800000,1.14600000,1.19700000,1.14000000,1.18800000,6302388.40000000,7404597.98020000
1746907200000,1.18900000,1.25500000,1.17500000,1.25500000,7992175.40000000,9768016.74030000
1746921600000,1.25400000,1.35100000,1.21000000,1.32900000,25104975.70000000,32644231.81330000
1746936000000,1.32900000,1.36200000,1.24600000,1.25400000,15907607.10000000,20758765.57390000
1746950400000,1.25400000,1.28600000,1.24900000,1.28100000,6053159.20000000,7668948.42590000
1746964800000,1.28200000,1.28800000,1.22200000,1.23300000,7626074.10000000,9543899.99830000
1746979200000,1.23300000,1.31900000,1.21400000,1.29500000,6800634.40000000,8598482.92100000
1746993600000,1.29500000,1.30500000,1.25200000,1.26200000,5255022.30000000,6710013.16560000
1747008000000,1.26300000,1.32200000,1.25200000,1.31500000,14790403.70000000,19088201.79310000
1747022400000,1.31500000,1.35100000,1.27200000,1.29600000,10327534.90000000,13535099.66670000
1747036800000,1.29500000,1.33500000,1.27500000,1.28600000,9445939.40000000,12368243.55230000
1747051200000,1.28500000,1.32600000,1.25300000,1.28800000,14133939.20000000,18278150.55870000
1747065600000,1.28700000,1.31000000,1.20400000,1.24800000,11768939.60000000,14779098.80640000
1747080000000,1.24800000,1.29000000,1.23400000,1.28500000,4534176.00000000,5719508.42090000
1747094400000,1.28400000,1.29000000,1.17600000,1.17800000,9495410.50000000,11562769.90010000
1747108800000,1.17800000,1.25100000,1.17600000,1.24400000,5394082.40000000,6580417.21440000
1747123200000,1.24500000,1.28300000,1.23100000,1.26300000,7809597.00000000,9856697.41690000
1747137600000,1.26400000,1.28700000,1.24100000,1.28000000,7355691.10000000,9303344.93080000
1747152000000,1.28000000,1.32900000,1.27500000,1.31300000,9027079.50000000,11809722.62600000
1747166400000,1.31300000,1.33900000,1.29200000,1.29800000,5051419.40000000,6637299.91280000
1747180800000,1.29800000,1.31500000,1.27300000,1.30300000,5500974.20000000,7126623.81140000
1747195200000,1.30200000,1.32200000,1.28300000,1.29000000,3381257.90000000,4406341.43930000
1747209600000,1.28900000,1.29900000,1.24900000,1.28800000,6005437.40000000,7658947.96200000
1747224000000,1.28800000,1.31000000,1.22900000,1.24500000,7321412.50000000,9231782.68310000
1747238400000,1.24600000,1.25700000,1.21900000,1.24700000,3153592.40000000,3912815.90520000
1747252800000,1.24600000,1.25800000,1.22400000,1.24000000,3657281.80000000,4548463.84150000
1747267200000,1.24000000,1.27000000,1.22100000,1.22500000,4495945.70000000,5575469.45970000
1747281600000,1.22500000,1.24200000,1.15800000,1.15900000,6925028.70000000,8280284.52450000
1747296000000,1.15900000,1.19700000,1.15600000,1.17400000,4897998.10000000,5763292.97690000
1747310400000,1.17400000,1.19900000,1.13500000,1.19700000,7477751.60000000,8723761.84230000
1747324800000,1.19700000,1.22000000,1.15800000,1.17100000,5743209.70000000,6838112.20770000
1747339200000,1.17100000,1.18000000,1.11500000,1.14700000,5856589.80000000,6722463.77760000
1747353600000,1.14700000,1.17700000,1.13800000,1.17300000,4006989.80000000,4654169.13900000
1747368000000,1.17400000,1.18800000,1.15800000,1.17300000,3350879.60000000,3941302.49530000
1747382400000,1.17400000,1.18600000,1.14700000,1.16800000,3905302.70000000,4569227.43370000
1747396800000,1.16700000,1.17800000,1.14500000,1.17100000,4656855.50000000,5426737.87060000
1747411200000,1.17100000,1.17800000,1.14100000,1.15600000,2852759.50000000,3294465.84120000
1747425600000,1.15600000,1.15900000,1.09400000,1.10900000,4186386.90000000,4699213.75440000
1747440000000,1.11000000,1.11300000,1.05300000,1.09000000,6282642.80000000,6779280.24180000
1747454400000,1.09100000,1.10200000,1.07000000,1.08100000,2849295.40000000,3095713.85930000
1747468800000,1.08000000,1.08400000,1.06500000,1.07700000,2786075.40000000,2994947.13740000
1747483200000,1.07700000,1.08800000,1.05900000,1.07500000,2705273.90000000,2910430.17480000
1747497600000,1.07500000,1.08200000,1.05600000,1.06900000,4083959.10000000,4375554.18300000
1747512000000,1.07000000,1.08900000,1.06300000,1.07300000,2303759.40000000,2482148.11080000
1747526400000,1.07300000,1.08300000,1.06600000,1.07200000,1883716.40000000,2024487.64420000
1747540800000,1.07200000,1.12400000,1.07100000,1.12200000,3771935.90000000,4151271.44610000
1747555200000,1.12200000,1.14500000,1.12000000,1.12900000,3874122.60000000,4393540.96780000
1747569600000,1.12900000,1.19000000,1.11900000,1.18500000,4895790.70000000,5658609.85750000
1747584000000,1.18600000,1.18900000,1.08900000,1.08900000,8897409.10000000,10150339.61990000
1747598400000,1.08900000,1.18400000,1.06300000,1.17600000,6835310.20000000,7560478.91330000
1747612800000,1.17600000,1.19000000,1.11000000,1.12200000,5764811.90000000,6601552.17440000
1747627200000,1.12200000,1.12800000,1.08400000,1.10700000,5936638.30000000,6553850.02790000
1747641600000,1.10600000,1.10800000,1.07600000,1.08600000,3756131.00000000,4096310.48980000
1747656000000,1.08600000,1.12300000,1.06800000,1.10800000,5971412.10000000,6560235.80880000
1747670400000,1.10900000,1.14700000,1.09400000,1.12000000,4707031.40000000,5275749.08220000
1747684800000,1.12000000,1.13300000,1.10900000,1.12600000,2307948.00000000,2584633.33640000
1747699200000,1.12600000,1.16100000,1.11700000,1.12900000,5668271.60000000,6451891.71950000
1747713600000,1.12900000,1.15000000,1.11500000,1.11700000,5378035.60000000,6093463.75930000
1747728000000,1.11600000,1.12000000,1.08500000,1.09700000,6493994.80000000,7148612.64910000
1747742400000,1.09700000,1.10100000,1.07700000,1.09900000,7069746.10000000,7708467.10620000
1747756800000,1.10000000,1.11000000,1.06200000,1.09900000,8161474.00000000,8883134.75870000
1747771200000,1.09800000,1.12900000,1.08900000,1.11400000,4513459.00000000,5018863.55890000
1747785600000,1.11500000,1.12500000,1.09000000,1.11500000,5253254.20000000,5831173.00630000
1747800000000,1.11600000,1.14500000,1.10600000,1.11200000,7424705.70000000,8375667.60530000
1747814400000,1.11300000,1.13400000,1.10000000,1.12200000,3796084.10000000,4226852.24300000
1747828800000,1.12100000,1.16200000,1.11100000,1.15800000,11308419.70000000,12898608.92040000
1747843200000,1.15800000,1.29000000,1.13700000,1.17100000,40408253.50000000,48605158.43270000
1747857600000,1.17100000,1.21900000,1.15300000,1.19300000,7748816.40000000,9211393.15380000
1747872000000,1.19400000,1.24700000,1.19100000,1.23700000,9828213.20000000,11998959.29710000
1747886400000,1.23700000,1.27100000,1.23300000,1.26100000,11297405.00000000,14175176.65070000
1747900800000,1.26100000,1.29000000,1.24900000,1.26800000,14741250.80000000,18723217.73770000
1747915200000,1.26800000,1.49100000,1.26300000,1.44200000,53074298.50000000,74241974.03550000
1747929600000,1.44200000,1.64800000,1.44100000,1.56900000,60195975.10000000,93652789.92180000
1747944000000,1.57000000,1.60900000,1.47600000,1.51400000,24355496.40000000,37109481.92360000
1747958400000,1.51500000,1.59900000,1.49600000,1.57700000,23609187.20000000,36684056.89720000
1747972800000,1.57700000,1.58700000,1.51500000,1.54300000,17330651.50000000,26856487.11220000
1747987200000,1.54300000,1.57700000,1.44100000,1.45200000,22096036.90000000,33520917.08250000
1748001600000,1.45300000,1.57200000,1.40600000,1.51400000,40812539.50000000,60393996.40510000
1748016000000,1.51400000,1.56200000,1.47700000,1.47800000,10951154.50000000,16672907.91230000
1748030400000,1.47800000,1.48300000,1.33800000,1.35400000,18531600.50000000,25931162.91870000
1748044800000,1.35500000,1.43100000,1.34700000,1.42600000,12467849.50000000,17340762.05080000
1748059200000,1.42600000,1.43600000,1.40500000,1.41300000,7823654.90000000,11100711.29910000
1748073600000,1.41300000,1.49400000,1.39200000,1.46700000,13215907.70000000,19196031.41940000
1748088000000,1.46700000,1.52200000,1.45500000,1.46300000,13979436.10000000,20762896.46510000
1748102400000,1.46300000,1.47500000,1.38700000,1.41300000,12305626.30000000,17595110.29660000
1748116800000,1.41300000,1.42600000,1.38000000,1.40500000,5487621.00000000,7687337.74360000
1748131200000,1.40600000,1.41900000,1.36200000,1.40400000,7900774.90000000,10963619.53230000
1748145600000,1.40400000,1.40600000,1.35900000,1.36100000,6210820.20000000,8582294.50000000
1748160000000,1.36100000,1.37600000,1.34600000,1.36300000,5895521.30000000,8021635.26370000
1748174400000,1.36200000,1.38600000,1.31200000,1.34300000,6897045.20000000,9335008.66740000
1748188800000,1.34300000,1.36800000,1.31400000,1.35600000,4793886.60000000,6411902.57980000
1748203200000,1.35500000,1.43000000,1.32900000,1.42100000,8058808.90000000,11201448.01290000
1748217600000,1.42200000,1.46700000,1.41100000,1.42300000,12108131.30000000,17386337.53390000
1748232000000,1.42200000,1.47100000,1.41800000,1.44700000,6900913.80000000,9951078.26230000
1748246400000,1.44600000,1.45100000,1.37800000,1.38200000,10855843.10000000,15237659.22830000
1748260800000,1.38300000,1.39400000,1.34700000,1.38100000,10147016.20000000,13903328.42570000
1748275200000,1.38100000,1.38900000,1.33900000,1.34500000,6483101.00000000,8791996.94320000
1748289600000,1.34500000,1.37100000,1.34000000,1.36600000,4051902.10000000,5501320.42830000
1748304000000,1.36700000,1.39700000,1.32800000,1.38200000,6041873.60000000,8192480.67990000
1748318400000,1.38300000,1.44500000,1.36800000,1.41600000,13987563.70000000,19739452.33820000
1748332800000,1.41600000,1.44600000,1.38700000,1.40300000,11360086.60000000,16107611.19600000
1748347200000,1.40200000,1.43300000,1.37000000,1.39400000,9973028.90000000,13950826.85650000
1748361600000,1.39400000,1.44100000,1.38000000,1.41300000,7587928.70000000,10736958.15940000
1748376000000,1.41200000,1.42100000,1.38800000,1.40300000,7547958.80000000,10598517.35120000
1748390400000,1.40300000,1.42200000,1.38100000,1.40600000,5004301.50000000,6997189.45740000
1748404800000,1.40500000,1.40500000,1.35900000,1.36200000,6555891.90000000,9032784.77120000
1748419200000,1.36200000,1.37500000,1.34100000,1.37400000,8670718.80000000,11766214.55390000
1748433600000,1.37300000,1.39400000,1.30800000,1.31700000,12929096.10000000,17429174.69520000
1748448000000,1.31700000,1.34500000,1.30100000,1.30800000,5939151.50000000,7865358.19730000
1748462400000,1.30800000,1.38100000,1.30700000,1.35700000,7063053.50000000,9487814.24250000
1748476800000,1.35700000,1.40000000,1.34700000,1.38000000,7583464.50000000,10441498.73170000
1748491200000,1.38000000,1.38300000,1.34100000,1.35400000,5392795.20000000,7328053.04940000
1748505600000,1.35500000,1.37000000,1.34600000,1.35600000,5061977.80000000,6863058.49890000
1748520000000,1.35500000,1.35500000,1.30800000,1.32600000,6335875.00000000,8426144.00310000
1748534400000,1.32500000,1.34100000,1.31300000,1.32000000,3119499.70000000,4141217.01070000
1748548800000,1.32000000,1.32900000,1.30500000,1.31000000,3586351.30000000,4720262.50780000
1748563200000,1.31000000,1.32500000,1.20500000,1.24700000,19209958.30000000,23936573.55280000
1748577600000,1.24700000,1.25100000,1.21700000,1.23800000,7080256.00000000,8741577.22480000
1748592000000,1.23800000,1.24100000,1.20600000,1.21400000,12657325.30000000,15468921.64870000
1748606400000,1.21500000,1.24100000,1.19500000,1.21000000,10075586.50000000,12210443.27740000
1748620800000,1.21100000,1.22000000,1.16600000,1.21000000,9043723.80000000,10764670.38350000
1748635200000,1.21000000,1.21200000,1.10600000,1.12500000,12441211.50000000,14241130.04770000
1748649600000,1.12500000,1.13000000,1.07100000,1.09900000,13428421.60000000,14726113.86500000
1748664000000,1.09900000,1.14300000,1.08900000,1.14200000,6933772.50000000,7731102.27030000
1748678400000,1.14200000,1.15900000,1.12100000,1.12700000,8790888.40000000,10011116.05130000
1748692800000,1.12700000,1.17300000,1.12300000,1.14200000,8125266.00000000,9357944.94450000
1748707200000,1.14200000,1.16100000,1.13400000,1.14200000,3395648.50000000,3892190.96860000
1748721600000,1.14200000,1.15500000,1.13200000,1.13500000,2838865.30000000,3247121.96730000
1748736000000,1.13600000,1.14600000,1.11300000,1.12200000,3080448.30000000,3474334.74810000
1748750400000,1.12300000,1.14000000,1.11800000,1.12500000,2084080.90000000,2356044.10250000
1748764800000,1.12500000,1.12700000,1.09700000,1.11500000,3419098.10000000,3795277.40610000
1748779200000,1.11400000,1.14300000,1.10300000,1.13800000,3693106.80000000,4162499.58350000
1748793600000,1.13800000,1.15800000,1.11400000,1.14100000,3655097.70000000,4163969.46430000
1748808000000,1.14200000,1.17500000,1.13300000,1.16600000,2808289.60000000,3252542.81370000
1748822400000,1.16600000,1.16900000,1.12900000,1.13800000,2566811.80000000,2953758.44580000
1748836800000,1.13700000,1.14900000,1.12300000,1.14000000,2764171.90000000,3137349.56250000
1748851200000,1.14000000,1.15100000,1.11100000,1.11700000,3894858.90000000,4373145.19730000
1748865600000,1.11700000,1.14800000,1.10600000,1.13100000,5950777.20000000,6706272.92840000
1748880000000,1.13100000,1.14400000,1.11100000,1.12200000,3047358.50000000,3435214.08130000
1748894400000,1.12100000,1.19300000,1.12100000,1.18800000,6128160.20000000,7174523.53320000
1748908800000,1.18900000,1.24500000,1.18300000,1.19300000,8285867.60000000,10069025.10900000
1748923200000,1.19400000,1.20800000,1.17800000,1.19600000,3467005.60000000,4135037.09860000
1748937600000,1.19500000,1.22000000,1.17700000,1.21400000,3576590.60000000,4289847.35640000
1748952000000,1.21400000,1.23700000,1.20400000,1.23100000,6365389.00000000,7770623.23570000
1748966400000,1.23200000,1.25100000,1.20500000,1.23700000,5962252.70000000,7351381.50450000
1748980800000,1.23700000,1.24000000,1.18400000,1.18800000,6204701.00000000,7453025.24480000
1748995200000,1.18800000,1.21300000,1.17100000,1.19600000,3311440.60000000,3962310.94480000
1749009600000,1.19700000,1.20000000,1.17700000,1.18200000,2656082.10000000,3148861.05480000
1749024000000,1.18200000,1.19200000,1.15500000,1.15600000,7488742.70000000,8795667.31810000
1749038400000,1.15700000,1.17800000,1.13600000,1.17400000,6152529.40000000,7102771.91940000
1749052800000,1.17500000,1.17600000,1.15200000,1.15300000,3804920.10000000,4426979.56070000
1749067200000,1.15300000,1.16100000,1.12500000,1.13100000,5311719.00000000,6063150.42600000
1749081600000,1.13100000,1.14700000,1.12500000,1.13400000,3123805.90000000,3545053.66770000
1749096000000,1.13500000,1.14100000,1.11300000,1.12800000,3319009.80000000,3737719.01190000
1749110400000,1.12900000,1.13300000,1.10400000,1.11400000,3588197.00000000,3997051.84100000
1749124800000,1.11400000,1.14400000,1.08600000,1.10700000,5849125.80000000,6514077.14500000
1749139200000,1.10700000,1.10800000,1.04200000,1.05500000,9769922.50000000,10452165.12730000
1749153600000,1.05600000,1.05800000,1.01300000,1.03300000,15222672.40000000,15718476.51910000
1749168000000,1.03400000,1.05600000,1.03000000,1.05200000,4131184.00000000,4305468.14640000
1749182400000,1.05200000,1.06800000,1.04800000,1.05500000,3580200.20000000,3791008.04630000
1749196800000,1.05600000,1.06400000,1.04600000,1.05000000,4645001.60000000,4901122.93960000
1749211200000,1.05100000,1.11000000,1.05000000,1.08300000,12725266.90000000,13701097.36170000
1749225600000,1.08300000,1.09300000,1.05700000,1.06100000,8655479.00000000,9335348.53210000
1749240000000,1.06100000,1.07400000,1.05800000,1.06200000,2094347.60000000,2229203.15060000
1749254400000,1.06200000,1.10900000,1.05800000,1.10600000,2626813.10000000,2847836.01630000
1749268800000,1.10600000,1.13200000,1.09600000,1.13000000,3236485.60000000,3611922.27420000
1749283200000,1.13100000,1.14100000,1.11400000,1.13000000,3850549.20000000,4343906.71510000
1749297600000,1.13000000,1.14000000,1.11200000,1.11900000,4130170.20000000,4647853.97510000
1749312000000,1.11900000,1.12500000,1.10000000,1.11900000,2625366.30000000,2918950.96840000
1749326400000,1.12000000,1.13900000,1.11500000,1.12200000,3089487.20000000,3481500.58530000
1749340800000,1.12300000,1.12700000,1.11100000,1.11200000,1654544.00000000,1848359.47010000
1749355200000,1.11300000,1.11800000,1.09500000,1.09700000,1629342.30000000,1803194.08310000
1749369600000,1.09800000,1.11300000,1.09100000,1.10800000,3306328.80000000,3637922.50720000
1749384000000,1.10900000,1.11500000,1.09500000,1.10400000,3118313.40000000,3443933.52400000
1749398400000,1.10300000,1.12400000,1.10100000,1.11800000,2150111.20000000,2397297.41930000
1749412800000,1.11800000,1.14700000,1.10100000,1.10700000,4132295.30000000,4649023.62190000
1749427200000,1.10700000,1.11700000,1.08800000,1.09800000,2764484.90000000,3043235.13260000
1749441600000,1.09700000,1.10100000,1.06900000,1.08100000,2451449.00000000,2648147.98130000
1749456000000,1.08200000,1.14600000,1.07500000,1.13800000,10250310.90000000,11528521.31220000
1749470400000,1.13700000,1.13700000,1.08900000,1.10500000,9355552.50000000,10373202.09810000
1749484800000,1.10500000,1.12900000,1.10500000,1.11300000,3825241.30000000,4280228.22990000
1749499200000,1.11300000,1.17000000,1.11300000,1.16400000,8506518.60000000,9798777.49730000
1749513600000,1.16500000,1.17700000,1.13600000,1.14100000,4966569.30000000,5730190.97850000
1749528000000,1.14100000,1.14700000,1.11700000,1.14300000,4863401.90000000,5505813.67940000
1749542400000,1.14300000,1.18200000,1.12600000,1.18100000,6923198.80000000,7962262.65830000
1749556800000,1.18000000,1.19300000,1.12500000,1.14600000,10750338.00000000,12522836.55990000
1749571200000,1.14500000,1.17700000,1.12800000,1.15700000,5527167.30000000,6336835.49870000
1749585600000,1.15800000,1.18200000,1.14100000,1.17900000,6142579.10000000,7132247.20320000
1749600000000,1.18000000,1.19100000,1.15000000,1.16200000,5935288.00000000,6937245.04490000
1749614400000,1.16200000,1.18700000,1.15700000,1.16700000,3926669.30000000,4588071.75410000
1749628800000,1.16800000,1.17200000,1.13200000,1.14800000,5004092.40000000,5746488.22530000
1749643200000,1.14800000,1.22000000,1.13500000,1.19700000,15277393.60000000,18094808.09590000
1749657600000,1.19800000,1.20400000,1.13900000,1.14100000,6795581.90000000,7971527.30220000
1749672000000,1.14100000,1.16000000,1.09700000,1.12000000,8734655.50000000,9789842.26060000
1749686400000,1.12000000,1.12300000,1.09600000,1.10300000,4094577.90000000,4536263.85140000
1749700800000,1.10300000,1.12400000,1.09700000,1.10000000,5150366.70000000,5712098.47600000
1749715200000,1.09900000,1.10000000,1.07500000,1.07700000,5988276.90000000,6513375.17420000
1749729600000,1.07800000,1.10700000,1.05800000,1.06500000,6275244.50000000,6811371.25130000
1749744000000,1.06400000,1.09400000,1.04200000,1.04800000,5431069.20000000,5818724.62520000
1749758400000,1.04700000,1.05200000,1.01600000,1.02700000,9334143.20000000,9605207.58720000
1749772800000,1.02700000,1.03000000,0.93500000,0.97000000,25917996.20000000,25101769.51200000
1749787200000,0.97000000,0.97300000,0.95200000,0.96900000,6454485.10000000,6221109.45620000
1749801600000,0.97000000,0.99100000,0.96400000,0.97700000,6490055.30000000,6336687.38150000
1749816000000,0.97800000,0.99100000,0.95400000,0.98400000,7893175.60000000,7689318.98570000
1749830400000,0.98400000,1.00400000,0.96500000,0.97800000,6786903.20000000,6667289.82760000
1749844800000,0.97900000,1.00500000,0.97600000,1.00400000,3216954.20000000,3191728.29080000
1749859200000,1.00500000,1.00800000,0.98600000,0.99000000,3647933.20000000,3634587.68700000
1749873600000,0.99000000,0.99900000,0.98100000,0.99100000,1884377.60000000,1867573.23180000
1749888000000,0.99000000,0.99200000,0.98200000,0.98600000,1444651.40000000,1425336.14620000
1749902400000,0.98600000,0.99400000,0.96600000,0.97300000,3054163.90000000,2999324.23400000
1749916800000,0.97300000,0.97900000,0.95600000,0.96200000,2423831.20000000,2340099.23900000
1749931200000,0.96200000,0.98300000,0.95400000,0.97500000,1327253.00000000,1287554.42230000
1749945600000,0.97600000,0.98800000,0.97500000,0.97800000,1132725.50000000,1110951.35010000
1749960000000,0.97800000,0.99000000,0.97000000,0.97600000,2167096.40000000,2126868.56870000
1749974400000,0.97600000,0.98200000,0.96500000,0.97600000,1879951.70000000,1830706.03620000
1749988800000,0.97600000,0.99700000,0.97400000,0.98200000,2834856.30000000,2791501.32720000
1750003200000,0.98200000,0.98600000,0.96800000,0.97200000,1372778.70000000,1340225.91210000
1750017600000,0.97200000,0.98300000,0.95400000,0.98000000,2440352.60000000,2364380.58000000
1750032000000,0.98000000,0.99500000,0.96300000,0.98600000,3439705.60000000,3374872.60520000
1750046400000,0.98600000,1.02200000,0.98500000,1.01800000,5445859.00000000,5499185.51210000
1750060800000,1.01900000,1.02300000,0.99900000,1.00800000,4958367.50000000,5019850.97090000
1750075200000,1.00800000,1.02700000,1.00000000,1.00900000,6491747.60000000,6581044.34070000
1750089600000,1.00900000,1.02600000,1.00700000,1.01400000,3117474.80000000,3158523.24610000
1750104000000,1.01400000,1.02400000,0.95600000,0.95900000,8087380.50000000,7999255.21220000
1750118400000,0.95800000,0.96800000,0.91600000,0.96100000,20707360.60000000,19469395.11990000
1750132800000,0.96100000,0.96400000,0.93900000,0.94600000,3464316.90000000,3294734.99960000
1750147200000,0.94600000,0.94700000,0.92600000,0.93100000,4441650.90000000,4154923.67750000
1750161600000,0.93100000,0.94600000,0.90700000,0.91700000,10068659.10000000,9312343.51890000
1750176000000,0.91600000,0.93500000,0.89100000,0.92600000,13243902.50000000,12019046.93140000
1750190400000,0.92600000,0.93000000,0.90300000,0.91000000,3420583.30000000,3135972.71540000
1750204800000,0.91000000,0.92500000,0.90800000,0.92100000,1902118.60000000,1744278.57210000
1750219200000,0.92100000,0.93300000,0.91700000,0.91900000,1520340.20000000,1406221.09160000
1750233600000,0.91900000,0.92300000,0.87900000,0.89600000,5935799.00000000,5329873.44120000
1750248000000,0.89600000,0.91400000,0.86800000,0.90800000,7824642.30000000,7021910.21030000
1750262400000,0.90800000,0.91900000,0.89100000,0.90200000,7962941.00000000,7223336.82430000
1750276800000,0.90200000,0.98600000,0.90000000,0.95600000,13815763.70000000,13069217.83050000
1750291200000,0.95600000,0.97000000,0.93700000,0.94300000,3670504.20000000,3487242.30180000
1750305600000,0.94400000,0.95700000,0.93300000,0.93300000,2835997.70000000,2676843.94970000
1750320000000,0.93400000,0.94400000,0.92100000,0.92300000,2267518.40000000,2116791.38970000
1750334400000,0.92400000,0.93700000,0.92000000,0.93200000,4272777.80000000,3971539.46970000
1750348800000,0.93200000,0.94400000,0.92000000,0.92900000,4303489.60000000,4015314.42440000
1750363200000,0.92900000,0.93900000,0.92400000,0.93100000,1691111.40000000,1574121.92370000
1750377600000,0.93100000,0.93800000,0.92400000,0.92500000,1569230.40000000,1460514.82300000
1750392000000,0.92600000,0.94600000,0.91000000,0.94200000,4568325.90000000,4264602.00440000
1750406400000,0.94200000,0.95000000,0.93200000,0.93700000,3756679.30000000,3536385.90810000
1750420800000,0.93700000,0.96400000,0.89900000,0.92500000,20850253.80000000,19485664.79030000
1750435200000,0.92600000,0.92800000,0.87100000,0.88900000,13099424.80000000,11750551.38160000
1750449600000,0.88800000,0.90200000,0.87100000,0.88500000,2895379.50000000,2564263.97080000
1750464000000,0.88500000,0.89600000,0.88200000,0.89000000,1584826.10000000,1408767.09300000
1750478400000,0.88900000,0.89500000,0.88300000,0.88900000,1298804.90000000,1153800.36580000
1750492800000,0.88900000,0.89600000,0.87900000,0.88000000,1752307.10000000,1554487.22230000
1750507200000,0.88000000,0.88400000,0.84400000,0.85600000,6082206.70000000,5239984.51770000
1750521600000,0.85600000,0.86000000,0.82900000,0.83300000,4136370.80000000,3488290.06190000
1750536000000,0.83300000,0.86900000,0.80000000,0.86700000,15305803.20000000,12761032.09940000
1750550400000,0.86800000,0.88300000,0.84800000,0.85100000,9970397.40000000,8651004.35930000
1750564800000,0.85100000,0.86300000,0.84500000,0.85100000,3889906.70000000,3317253.17600000
1750579200000,0.85000000,0.85900000,0.83100000,0.83700000,4495399.70000000,3792695.29050000
1750593600000,0.83700000,0.84400000,0.78700000,0.79500000,19803796.50000000,15977657.90190000
1750608000000,0.79600000,0.80300000,0.78000000,0.79300000,7659472.40000000,6070742.30130000
1750622400000,0.79300000,0.83500000,0.77100000,0.82800000,8911987.40000000,7182857.92610000
1750636800000,0.82800000,0.83800000,0.81900000,0.82100000,4784619.60000000,3971187.46610000
1750651200000,0.82200000,0.84000000,0.82000000,0.83000000,4896942.30000000,4058404.93660000
1750665600000,0.83000000,0.83400000,0.81600000,0.82300000,3311827.10000000,2733350.25000000
1750680000000,0.82300000,0.85300000,0.81600000,0.82400000,12779224.80000000,10703636.21820000
1750694400000,0.82400000,0.86300000,0.79900000,0.86100000,12222059.00000000,10175841.43240000
1750708800000,0.86100000,0.93300000,0.86000000,0.92400000,12338819.00000000,11092136.40280000
1750723200000,0.92400000,0.93800000,0.91100000,0.93300000,8184214.10000000,7574966.21420000
1750737600000,0.93400000,0.95900000,0.92900000,0.93300000,7444625.90000000,7032449.85070000
1750752000000,0.93300000,0.94800000,0.91800000,0.92500000,5883985.40000000,5481341.99340000
1750766400000,0.92500000,0.93700000,0.91600000,0.92200000,5817669.50000000,5390155.78320000
1750780800000,0.92300000,0.94000000,0.90600000,0.91200000,5340432.20000000,4927144.37240000
1750795200000,0.91200000,0.93200000,0.90800000,0.93000000,2636671.90000000,2427566.80610000
1750809600000,0.93000000,0.93900000,0.92500000,0.92700000,2401769.90000000,2237317.21480000
1750824000000,0.92800000,0.92900000,0.91300000,0.92100000,2640652.50000000,2431582.34230000
1750838400000,0.92200000,0.92300000,0.90100000,0.91600000,4433354.10000000,4033748.11490000
1750852800000,0.91600000,0.92400000,0.89200000,0.89500000,7073979.90000000,6436645.78680000
1750867200000,0.89600000,0.90400000,0.88500000,0.89300000,3886368.70000000,3470706.24110000
1750881600000,0.89300000,0.90300000,0.87600000,0.88500000,2995936.60000000,2657436.96620000
1750896000000,0.88400000,0.91400000,0.88100000,0.89300000,4423636.60000000,3965950.49350000
1750910400000,0.89300000,0.90200000,0.88100000,0.89500000,2313058.90000000,2063605.01770000
1750924800000,0.89600000,0.89900000,0.87500000,0.87600000,3413787.00000000,3013532.16730000
1750939200000,0.87700000,0.87900000,0.85200000,0.86800000,5866062.20000000,5073362.19430000
1750953600000,0.86800000,0.87800000,0.85600000,0.87400000,2876321.80000000,2491413.21580000
1750968000000,0.87400000,0.89300000,0.86100000,0.86300000,3176040.10000000,2784307.47780000
1750982400000,0.86300000,0.87400000,0.85000000,0.86800000,3942536.90000000,3407275.10600000
1750996800000,0.86900000,0.88600000,0.85700000,0.86000000,3357589.50000000,2921337.78330000
1751011200000,0.86100000,0.87900000,0.86000000,0.86400000,2734457.40000000,2371255.29010000
1751025600000,0.86400000,0.87500000,0.85500000,0.87200000,3559071.80000000,3075215.98600000
1751040000000,0.87300000,0.88800000,0.85100000,0.85700000,3644852.20000000,3162883.47760000
1751054400000,0.85700000,0.87500000,0.85600000,0.87500000,2085332.30000000,1812090.99430000
1751068800000,0.87400000,0.88400000,0.86700000,0.87500000,4758627.90000000,4166998.35120000
1751083200000,0.87500000,0.88200000,0.87000000,0.88100000,2484803.60000000,2177099.44450000
1751097600000,0.88200000,0.88500000,0.86700000,0.86900000,2738886.10000000,2393755.52580000
1751112000000,0.86900000,0.88200000,0.86700000,0.88100000,1734329.00000000,1514416.02460000
1751126400000,0.88000000,0.89400000,0.87600000,0.88600000,2768674.90000000,2449598.35050000
1751140800000,0.88700000,0.90600000,0.88400000,0.89500000,2282128.30000000,2042481.87550000
1751155200000,0.89600000,0.90500000,0.88500000,0.89100000,2604891.90000000,2329327.69910000
1751169600000,0.89100000,0.89900000,0.88700000,0.89900000,1426545.50000000,1273744.50660000
1751184000000,0.89900000,0.90800000,0.89500000,0.90200000,2314719.70000000,2088494.59430000
1751198400000,0.90200000,0.90900000,0.88600000,0.88800000,2839997.50000000,2548715.12850000
1751212800000,0.88800000,0.90500000,0.88700000,0.90300000,1732021.60000000,1549589.82340000
1751227200000,0.90300000,0.95900000,0.89600000,0.94100000,6570889.50000000,6153423.63640000
1751241600000,0.94200000,0.94900000,0.91500000,0.92100000,5011822.00000000,4673467.69890000
1751256000000,0.92100000,0.92800000,0.90500000,0.92400000,3666697.70000000,3371116.71850000
1751270400000,0.92400000,0.92600000,0.90100000,0.90200000,3882004.40000000,3534451.24800000
1751284800000,0.90200000,0.91000000,0.88200000,0.90000000,6525166.10000000,5839986.08230000
1751299200000,0.89900000,0.92200000,0.89600000,0.92000000,4181927.70000000,3794815.98910000
1751313600000,0.92000000,0.92400000,0.89500000,0.89900000,2395125.30000000,2176927.09980000
1751328000000,0.89900000,0.90300000,0.88500000,0.88900000,2167266.00000000,1935859.16730000
1751342400000,0.88900000,0.88900000,0.86900000,0.88100000,4227874.80000000,3708614.42940000
1751356800000,0.88100000,0.88200000,0.86600000,0.86800000,2589019.10000000,2259935.26660000
1751371200000,0.86800000,0.87600000,0.85900000,0.86200000,4082221.40000000,3538979.46170000
1751385600000,0.86200000,0.86600000,0.84700000,0.84800000,2340069.20000000,2004830.37490000
1751400000000,0.84800000,0.85700000,0.84400000,0.85400000,2319597.00000000,1974341.61860000
1751414400000,0.85400000,0.86300000,0.84500000,0.85600000,2202161.20000000,1882251.72370000
1751428800000,0.85600000,0.89300000,0.85400000,0.88800000,5119103.90000000,4502091.26870000
1751443200000,0.88800000,0.89900000,0.87800000,0.88500000,4926187.50000000,4378967.48340000
1751457600000,0.88600000,0.91700000,0.88400000,0.91400000,5643318.40000000,5075709.49070000
1751472000000,0.91500000,0.96100000,0.91400000,0.96000000,10305221.00000000,9742362.26120000
1751486400000,0.96000000,0.96600000,0.94200000,0.94400000,6269398.60000000,5992928.50090000
1751500800000,0.94400000,0.96900000,0.94300000,0.95200000,5134015.70000000,4915551.82680000
1751515200000,0.95200000,0.98400000,0.95100000,0.96900000,5461871.50000000,5312416.97930000
1751529600000,0.96900000,0.97700000,0.95000000,0.95400000,4915143.80000000,4751574.26680000
1751544000000,0.95400000,0.97000000,0.92200000,0.92400000,10460311.20000000,9910544.03160000
1751558400000,0.92500000,0.94500000,0.92400000,0.94400000,3246810.10000000,3035756.30820000
1751572800000,0.94500000,0.95200000,0.94100000,0.94300000,1801262.80000000,1705439.99900000
1751587200000,0.94400000,0.95200000,0.92900000,0.93400000,3542306.10000000,3326086.43590000
1751601600000,0.93400000,0.93800000,0.90300000,0.90500000,3186626.40000000,2925217.83020000
1751616000000,0.90400000,0.91000000,0.89300000,0.89600000,2965836.70000000,2673294.11880000
1751630400000,0.89600000,0.90100000,0.87100000,0.87200000,5394592.20000000,4777352.84870000
1751644800000,0.87100000,0.87500000,0.86000000,0.86700000,3793947.80000000,3293579.46690000
1751659200000,0.86600000,0.87900000,0.86500000,0.87400000,2645276.50000000,2310579.11460000
1751673600000,0.87400000,0.88400000,0.86800000,0.87700000,2378354.60000000,2083197.19320000
1751688000000,0.87700000,0.88800000,0.87200000,0.88100000,1700886.10000000,1496425.27410000
1751702400000,0.88100000,0.88500000,0.87300000,0.87500000,1303957.60000000,1145493.40370000
1751716800000,0.87500000,0.87700000,0.86700000,0.87000000,1859405.80000000,1620690.90560000
1751731200000,0.87000000,0.87600000,0.85500000,0.86400000,2614000.60000000,2259088.10410000
1751745600000,0.86400000,0.87000000,0.86100000,0.86900000,1485834.30000000,1287325.26680000
1751760000000,0.87000000,0.87000000,0.86000000,0.86100000,1360160.90000000,1176799.59370000
1751774400000,0.86100000,0.87600000,0.85900000,0.87000000,1625053.50000000,1409617.50490000
1751788800000,0.86900000,0.87600000,0.86200000,0.87300000,2415301.50000000,2098096.32140000
1751803200000,0.87400000,0.89200000,0.86900000,0.88300000,3155399.40000000,2783529.13310000
1751817600000,0.88300000,0.89000000,0.87600000,0.88600000,2030193.50000000,1794149.20220000
1751832000000,0.88600000,0.91300000,0.88600000,0.89300000,3636382.40000000,3276746.18620000
1751846400000,0.89400000,0.91100000,0.88800000,0.89800000,3523899.20000000,3167792.90960000
1751860800000,0.89800000,0.90200000,0.88600000,0.89300000,2232281.00000000,1994660.54760000
1751875200000,0.89300000,0.89400000,0.87600000,0.88100000,2901384.40000000,2569558.10500000
1751889600000,0.88200000,0.88900000,0.86800000,0.87400000,3115879.70000000,2735236.40610000
1751904000000,0.87300000,0.87900000,0.86200000,0.86900000,2646656.30000000,2302709.46410000
1751918400000,0.86900000,0.87400000,0.85900000,0.87200000,2222209.70000000,1921392.48640000
1751932800000,0.87200000,0.87700000,0.85700000,0.86200000,3077864.90000000,2663893.19850000
1751947200000,0.86200000,0.87100000,0.85900000,0.86300000,1500316.20000000,1296948.33950000
1751961600000,0.86300000,0.87400000,0.85600000,0.86700000,2428810.80000000,2098116.75790000
1751976000000,0.86800000,0.87500000,0.85400000,0.85800000,2903780.10000000,2507547.45050000
1751990400000,0.85800000,0.88800000,0.85500000,0.88300000,3022876.50000000,2652597.43400000
1752004800000,0.88400000,0.88500000,0.87100000,0.87400000,1876351.30000000,1645508.06270000
1752019200000,0.87500000,0.87700000,0.86000000,0.86200000,1540283.00000000,1334140.36130000
1752033600000,0.86200000,0.87800000,0.86100000,0.87300000,5787221.30000000,5030196.23850000
1752048000000,0.87400000,0.87800000,0.86600000,0.87400000,3310347.80000000,2887447.58730000
1752062400000,0.87300000,0.88600000,0.86500000,0.87200000,5593681.70000000,4911379.91200000
1752076800000,0.87300000,0.91300000,0.86900000,0.90900000,6519566.40000000,5791660.09850000
1752091200000,0.90800000,0.91900000,0.89500000,0.91300000,7481521.50000000,6807963.03270000
1752105600000,0.91400000,0.92300000,0.89900000,0.91800000,3983902.80000000,3634647.00470000
1752120000000,0.91800000,0.93200000,0.91300000,0.92400000,4269351.90000000,3940482.67070000
1752134400000,0.92400000,0.93700000,0.92100000,0.93400000,4661074.00000000,4332531.18160000
1752148800000,0.93400000,0.95000000,0.92400000,0.93000000,7218800.20000000,6772904.92320000
1752163200000,0.93000000,0.99700000,0.92800000,0.97900000,11578296.80000000,11252025.77470000
1752177600000,0.97900000,1.07700000,0.97800000,1.06800000,23424280.70000000,24424607.75060000
1752192000000,1.06800000,1.09700000,1.05100000,1.09400000,15665619.50000000,16839071.27030000
1752206400000,1.09500000,1.14100000,1.07600000,1.07800000,20813865.80000000,23012693.42870000
1752220800000,1.07900000,1.10700000,1.07700000,1.08100000,11290629.90000000,12367498.05460000
1752235200000,1.08200000,1.10700000,1.06700000,1.07000000,11617971.10000000,12635493.38360000
1752249600000,1.07100000,1.10100000,1.06400000,1.10000000,6758512.90000000,7332350.31650000
1752264000000,1.10000000,1.10100000,1.01600000,1.04000000,11209058.90000000,11772002.96580000
1752278400000,1.04000000,1.05700000,1.01700000,1.05000000,5275912.00000000,5496470.46800000
1752292800000,1.05000000,1.05300000,1.02000000,1.03900000,5969553.00000000,6181322.46450000
1752307200000,1.03800000,1.04500000,1.02900000,1.03300000,4853466.60000000,5029017.10470000
1752321600000,1.03300000,1.03900000,0.99300000,1.00600000,10813233.70000000,10947654.25910000
1752336000000,1.00600000,1.03100000,0.99900000,1.02900000,3485157.80000000,3544710.29110000
1752350400000,1.02800000,1.03000000,1.01000000,1.03000000,4513484.00000000,4607474.60210000
1752364800000,1.03000000,1.03600000,1.02400000,1.03100000,2813653.50000000,2899371.05870000
1752379200000,1.03100000,1.05300000,1.02700000,1.04300000,3983855.60000000,4141600.96100000
1752393600000,1.04400000,1.05000000,1.02800000,1.04900000,2773892.40000000,2881369.26100000
1752408000000,1.04900000,1.07200000,1.04300000,1.05600000,8056448.60000000,8526743.12440000
1752422400000,1.05600000,1.08000000,1.05100000,1.06600000,5141765.80000000,5479194.13160000
1752436800000,1.06600000,1.07600000,1.03500000,1.04500000,6568631.60000000,6890417.08450000
1752451200000,1.04600000,1.09700000,1.03900000,1.08400000,9522609.10000000,10170195.86270000
1752465600000,1.08500000,1.12200000,1.07700000,1.09200000,14717750.60000000,16128396.77310000
1752480000000,1.09300000,1.09300000,1.06600000,1.07100000,8624913.70000000,9299337.39500000
1752494400000,1.07200000,1.08400000,1.03700000,1.04500000,11803396.30000000,12526224.81950000
1752508800000,1.04500000,1.05900000,1.02900000,1.03600000,6109350.50000000,6375953.63120000
1752523200000,1.03600000,1.05400000,1.01900000,1.05200000,4279676.40000000,4442856.28150000
1752537600000,1.05200000,1.06000000,1.00200000,1.01200000,8163423.10000000,8397419.08860000
1752552000000,1.01200000,1.02800000,1.00100000,1.01400000,5604535.80000000,5708335.42990000
1752566400000,1.01400000,1.02000000,1.00300000,1.01200000,4561073.60000000,4613173.64600000
1752580800000,1.01200000,1.04000000,0.99300000,1.03100000,13922245.70000000,14169451.14360000
1752595200000,1.03100000,1.08000000,1.02800000,1.03700000,12327322.30000000,12991713.08180000
1752609600000,1.03700000,1.08700000,1.03400000,1.08500000,6272450.10000000,6675827.29830000
1752624000000,1.08500000,1.09400000,1.04800000,1.06100000,8061651.40000000,8663269.13990000
1752638400000,1.06100000,1.08500000,1.05100000,1.07900000,4811872.80000000,5141196.51200000
1752652800000,1.07800000,1.08400000,1.06600000,1.08400000,6436447.60000000,6924845.66280000
1752667200000,1.08400000,1.10600000,1.07100000,1.09700000,14420432.50000000,15701938.85810000
1752681600000,1.09700000,1.13700000,1.09500000,1.11400000,10153025.50000000,11361854.08700000
1752696000000,1.11500000,1.14900000,1.10200000,1.10700000,8311355.90000000,9377446.84250000
1752710400000,1.10700000,1.13300000,1.08200000,1.09000000,6374289.90000000,7040675.81220000
1752724800000,1.09000000,1.12200000,1.08400000,1.11600000,4997235.90000000,5532210.81550000
1752739200000,1.11700000,1.13100000,1.10900000,1.11100000,7321223.60000000,8197429.12900000
1752753600000,1.11100000,1.12900000,1.09600000,1.11100000,10926132.80000000,12177629.57960000
1752768000000,1.11100000,1.11500000,1.06800000,1.07100000,9291703.20000000,10116144.88920000
1752782400000,1.07100000,1.13200000,1.05600000,1.10700000,12876795.70000000,14194322.77760000
1752796800000,1.10600000,1.16100000,1.10000000,1.14800000,12183739.60000000,13838361.94390000
1752811200000,1.14700000,1.21100000,1.14300000,1.16900000,15172129.00000000,18019286.24550000
1752825600000,1.17000000,1.18800000,1.14100000,1.15600000,9327778.20000000,10854006.43010000
1752840000000,1.15500000,1.20100000,1.13600000,1.14300000,17048265.40000000,19975198.88390000
1752854400000,1.14200000,1.15900000,1.11900000,1.13200000,8042472.60000000,9172245.97390000
1752868800000,1.13300000,1.15600000,1.10000000,1.13800000,8779162.70000000,9906268.08130000
1752883200000,1.13800000,1.17300000,1.09400000,1.16800000,7281016.80000000,8239159.07220000
1752897600000,1.16800000,1.18300000,1.14100000,1.14400000,5455488.20000000,6339711.43760000
1752912000000,1.14400000,1.15200000,1.12500000,1.12800000,4575369.20000000,5207792.19950000
1752926400000,1.12800000,1.13500000,1.10900000,1.12500000,4994064.50000000,5609676.29140000
1752940800000,1.12500000,1.15400000,1.11300000,1.15400000,4664334.80000000,5265560.35090000
1752955200000,1.15300000,1.16200000,1.13600000,1.14900000,5115107.50000000,5873603.91140000
1752969600000,1.15000000,1.17300000,1.13600000,1.16100000,4704578.30000000,5426901.32440000
1752984000000,1.16100000,1.19600000,1.15400000,1.18100000,7507476.00000000,8841547.16100000
1752998400000,1.18200000,1.24100000,1.18100000,1.22800000,11405241.90000000,13786413.02490000
1753012800000,1.22700000,1.28500000,1.20700000,1.27900000,15797690.40000000,19513956.42580000
1753027200000,1.28000000,1.28200000,1.23900000,1.25900000,13132455.70000000,16548259.63580000
1753041600000,1.25900000,1.26100000,1.20000000,1.22200000,9605447.10000000,11784701.65350000
1753056000000,1.22200000,1.23800000,1.19400000,1.23500000,6466733.10000000,7867353.63450000
1753070400000,1.23500000,1.25200000,1.22200000,1.24400000,6303632.80000000,7812733.61800000
1753084800000,1.24400000,1.26000000,1.22900000,1.24400000,6357145.70000000,7905958.14180000
1753099200000,1.24500000,1.29000000,1.22900000,1.24800000,16736758.00000000,21139855.56360000
1753113600000,1.24800000,1.25000000,1.19500000,1.19800000,13753370.20000000,16755209.19510000
1753128000000,1.19900000,1.24900000,1.19300000,1.23700000,7069494.80000000,8585876.60240000
1753142400000,1.23600000,1.26000000,1.18700000,1.21800000,13043831.90000000,16007329.92640000
1753156800000,1.21700000,1.22400000,1.17500000,1.19200000,10449100.10000000,12503780.03240000
1753171200000,1.19200000,1.21600000,1.16300000,1.21100000,9866686.40000000,11710204.60700000
1753185600000,1.21100000,1.26100000,1.20600000,1.22100000,21143136.80000000,26124103.27670000
1753200000000,1.22100000,1.25400000,1.19600000,1.24900000,18818160.30000000,23166188.58090000
1753214400000,1.24800000,1.40200000,1.23700000,1.39700000,38853753.30000000,51866836.97450000
1753228800000,1.39600000,1.40000000,1.32000000,1.33500000,17483695.70000000,23578124.51580000
1753243200000,1.33500000,1.35000000,1.29300000,1.30200000,9426928.70000000,12419512.97950000
1753257600000,1.30200000,1.30700000,1.26100000,1.27900000,10434846.80000000,13384934.17850000
1753272000000,1.27900000,1.29900000,1.19700000,1.24900000,30312758.90000000,37602429.61160000
1753286400000,1.24900000,1.24900000,1.17400000,1.18800000,12588003.20000000,15144516.79350000
1753300800000,1.18800000,1.19700000,1.12700000,1.17500000,13626527.70000000,15817319.42560000
1753315200000,1.17500000,1.20000000,1.16500000,1.17800000,5990021.80000000,7099434.45570000
1753329600000,1.17800000,1.18700000,1.07200000,1.12000000,17409564.80000000,19449532.76070000
1753344000000,1.12000000,1.15600000,1.10800000,1.14900000,10019681.30000000,11336287.39320000
1753358400000,1.14800000,1.20500000,1.12900000,1.17600000,12821946.40000000,14991842.46220000
1753372800000,1.17700000,1.20200000,1.14800000,1.16500000,8013211.70000000,9432037.01250000
1753387200000,1.16500000,1.17300000,1.13100000,1.13800000,4826194.70000000,5554209.38540000
1753401600000,1.13900000,1.13900000,1.09300000,1.11100000,9245071.10000000,10338247.74210000
1753416000000,1.11100000,1.13500000,1.09200000,1.12000000,7496889.40000000,8358293.83450000
1753430400000,1.12000000,1.15700000,1.11400000,1.14300000,7084240.10000000,8067007.73630000
1753444800000,1.14300000,1.15400000,1.09100000,1.11000000,8584287.90000000,9643232.43290000
1753459200000,1.10900000,1.13300000,1.09700000,1.12300000,6021306.40000000,6734426.76540000
1753473600000,1.12300000,1.16900000,1.12200000,1.16400000,4563845.70000000,5270315.33340000
1753488000000,1.16400000,1.17100000,1.15200000,1.16400000,2911154.40000000,3382034.25210000
1753502400000,1.16500000,1.16700000,1.15400000,1.15800000,3117392.70000000,3615624.24200000
1753516800000,1.15800000,1.17000000,1.15400000,1.16000000,4832624.50000000,5609320.67910000
1753531200000,1.16000000,1.17500000,1.15300000,1.17200000,5024976.80000000,5859277.33640000
1753545600000,1.17200000,1.18100000,1.15700000,1.17800000,3570604.20000000,4180481.96200000
1753560000000,1.17800000,1.18100000,1.15700000,1.15900000,2499292.90000000,2924538.17140000
1753574400000,1.15900000,1.17400000,1.15400000,1.16600000,2989386.20000000,3486059.03210000
1753588800000,1.16600000,1.18500000,1.16500000,1.16800000,2871220.80000000,3373175.36340000
1753603200000,1.16800000,1.18100000,1.15500000,1.17100000,3346789.20000000,3911948.49230000
1753617600000,1.17000000,1.18800000,1.16300000,1.18100000,6191890.20000000,7294304.01330000
1753632000000,1.18100000,1.21200000,1.18100000,1.19800000,6516550.50000000,7824964.82710000
1753646400000,1.19800000,1.22500000,1.19600000,1.21600000,4116800.40000000,4991102.21200000
1753660800000,1.21600000,1.23200000,1.19400000,1.22100000,7786724.50000000,9466183.40240000
1753675200000,1.22100000,1.23600000,1.20900000,1.23300000,7934920.70000000,9731149.59750000
1753689600000,1.23400000,1.23800000,1.21200000,1.21700000,5294340.60000000,6485778.20570000
1753704000000,1.21700000,1.22500000,1.13700000,1.15200000,11115223.00000000,13102376.34350000
1753718400000,1.15200000,1.16000000,1.12100000,1.13300000,7411932.00000000,8431952.74990000
1753732800000,1.13300000,1.13600000,1.10800000,1.11700000,5784711.00000000,6482806.94790000
1753747200000,1.11700000,1.13000000,1.08900000,1.11300000,8118797.30000000,8997598.39030000
1753761600000,1.11300000,1.13900000,1.10400000,1.13400000,6649121.30000000,7439759.82990000
1753776000000,1.13400000,1.13400000,1.09700000,1.10400000,5468380.60000000,6089313.75650000
1753790400000,1.10400000,1.12400000,1.06800000,1.07800000,10813047.00000000,11808069.74630000
1753804800000,1.07800000,1.08300000,1.05400000,1.06500000,7022369.00000000,7517279.61650000
1753819200000,1.06500000,1.08500000,1.05100000,1.08200000,4206827.80000000,4490573.54310000
1753833600000,1.08200000,1.08600000,1.05900000,1.07800000,3271124.10000000,3520106.89350000
1753848000000,1.07800000,1.08400000,1.05900000,1.06200000,3134192.80000000,3352157.48210000
1753862400000,1.06300000,1.07200000,1.02400000,1.03000000,5828378.60000000,6090400.47370000
1753876800000,1.03000000,1.06600000,1.02300000,1.06400000,8320690.40000000,8676877.65240000
1753891200000,1.06500000,1.08200000,1.00700000,1.05800000,12302842.00000000,12870487.07540000
1753905600000,1.05900000,1.07400000,1.04300000,1.06300000,5223958.70000000,5535202.08410000
1753920000000,1.06300000,1.08500000,1.05700000,1.07900000,4483628.00000000,4812472.54000000
1753934400000,1.07900000,1.09100000,1.07500000,1.08200000,3220499.40000000,3484060.29890000
1753948800000,1.08200000,1.09400000,1.07800000,1.08300000,3458975.50000000,3763110.70660000
1753963200000,1.08300000,1.08500000,1.03700000,1.05300000,6731597.20000000,7123145.39820000
1753977600000,1.05300000,1.07900000,1.03800000,1.04100000,5124944.70000000,5410567.59880000
1753992000000,1.04200000,1.04400000,0.99800000,1.00400000,8596034.50000000,8736076.58160000
1754006400000,1.00400000,1.00700000,0.96800000,0.99600000,12686292.50000000,12589318.94910000
1754020800000,0.99600000,0.99700000,0.97000000,0.98000000,4521022.70000000,4446467.32810000
1754035200000,0.98000000,0.98000000,0.95200000,0.97700000,7031869.30000000,6804859.18780000
1754049600000,0.97600000,0.99300000,0.95300000,0.98800000,8266461.30000000,8085964.16930000
1754064000000,0.98700000,0.99900000,0.95900000,0.98500000,6759549.90000000,6595792.18470000
1754078400000,0.98500000,0.98900000,0.93100000,0.96400000,8061463.50000000,7747754.27230000
1754092800000,0.96400000,0.97400000,0.96100000,0.97200000,2145878.80000000,2079440.33860000
1754107200000,0.97200000,0.97800000,0.94200000,0.96800000,3998797.40000000,3845994.74610000
1754121600000,0.96800000,0.97100000,0.94400000,0.95400000,3749359.50000000,3583969.91460000
1754136000000,0.95400000,0.96100000,0.93200000,0.93500000,3973198.70000000,3756792.36170000
1754150400000,0.93500000,0.94700000,0.91000000,0.92500000,6616551.90000000,6138911.87920000
1754164800000,0.92500000,0.94200000,0.92500000,0.93500000,3073816.60000000,2865246.41390000
1754179200000,0.93500000,0.96400000,0.92500000,0.95900000,6725890.40000000,6334553.14450000
1754193600000,0.95900000,0.96600000,0.95600000,0.96400000,2103030.90000000,2020390.56340000
1754208000000,0.96400000,0.97400000,0.96000000,0.96400000,3398948.40000000,3284889.02920000
1754222400000,0.96400000,0.97300000,0.95900000,0.96900000,4558498.10000000,4399821.90140000
1754236800000,0.96900000,0.97900000,0.96600000,0.97200000,3144793.30000000,3055156.63920000
1754251200000,0.97200000,0.98200000,0.96900000,0.97500000,2059035.40000000,2007455.06620000
1754265600000,0.97400000,0.99600000,0.97200000,0.98500000,4484869.20000000,4427101.87060000
1754280000000,0.98500000,0.99300000,0.97700000,0.98500000,3443094.70000000,3390981.90000000
1754294400000,0.98500000,0.98900000,0.97400000,0.97700000,3642177.40000000,3577589.07630000
1754308800000,0.97700000,1.00700000,0.97600000,0.99400000,7306459.90000000,7246402.09130000
1754323200000,0.99400000,1.01600000,0.97400000,0.97900000,8577149.00000000,8505118.82440000
1754337600000,0.97900000,1.00600000,0.97800000,0.99900000,3081624.30000000,3071020.67080000
1754352000000,0.99900000,1.00000000,0.96800000,0.97000000,4480529.60000000,4410915.92410000
1754366400000,0.97000000,0.97500000,0.94200000,0.94400000,6714168.00000000,6447523.06460000
1754380800000,0.94400000,0.97700000,0.94000000,0.97400000,9044235.80000000,8685284.18100000
1754395200000,0.97400000,0.97600000,0.93200000,0.93700000,12417618.20000000,11809427.24270000
1754409600000,0.93700000,0.94700000,0.93100000,0.93400000,3637799.80000000,3420168.66140000
1754424000000,0.93400000,0.94700000,0.92300000,0.94600000,3303822.00000000,3097708.70220000
1754438400000,0.94600000,0.95000000,0.92700000,0.93000000,4471214.10000000,4199841.01440000
1754452800000,0.93000000,0.95000000,0.91900000,0.94900000,4728711.50000000,4433037.12700000
1754467200000,0.94900000,0.95000000,0.93400000,0.93600000,3155872.90000000,2967384.38510000
1754481600000,0.93700000,0.96200000,0.92600000,0.95900000,6228065.50000000,5867530.73700000
1754496000000,0.96000000,0.97200000,0.94600000,0.96200000,3944925.40000000,3788292.02900000
1754510400000,0.96300000,0.97100000,0.95600000,0.96600000,2814777.90000000,2711969.59870000
1754524800000,0.96600000,0.97400000,0.95800000,0.95800000,4673959.40000000,4503378.26560000
1754539200000,0.95800000,0.97600000,0.95700000,0.97200000,3970079.20000000,3837123.32810000
1754553600000,0.97200000,1.00900000,0.96500000,1.00600000,5851267.10000000,5789373.23140000
1754568000000,1.00700000,1.01700000,0.99300000,1.00500000,7057322.20000000,7088864.23680000
1754582400000,1.00500000,1.00900000,0.98200000,1.00700000,5688550.20000000,5661475.26020000
1754596800000,1.00700000,1.02600000,1.00400000,1.02400000,5135903.90000000,5214561.69500000
1754611200000,1.02400000,1.03400000,1.01000000,1.02100000,6247936.00000000,6379979.47040000
1754625600000,1.02200000,1.02900000,1.00700000,1.02500000,3476107.80000000,3538876.86710000
1754640000000,1.02500000,1.03200000,1.01300000,1.02300000,3686617.90000000,3761663.30670000
1754654400000,1.02300000,1.04300000,0.99900000,1.00800000,6552027.60000000,6669458.74740000
1754668800000,1.00800000,1.04400000,1.00600000,1.04000000,5352289.50000000,5511575.02990000
1754683200000,1.04000000,1.04300000,1.03100000,1.03400000,2182104.50000000,2262042.60760000
1754697600000,1.03300000,1.04300000,1.03100000,1.03200000,3333010.70000000,3456145.32820000
1754712000000,1.03200000,1.08800000,1.03100000,1.07100000,11300875.90000000,12059580.97300000
1754726400000,1.07100000,1.08500000,1.06500000,1.07700000,4503605.50000000,4845624.25230000
1754740800000,1.07700000,1.09800000,1.06400000,1.07000000,6063671.70000000,6547142.94180000
1754755200000,1.07000000,1.08900000,1.06600000,1.08300000,3122937.60000000,3362450.43980000
1754769600000,1.08300000,1.10000000,1.07600000,1.07700000,4251952.80000000,4625830.43790000
1754784000000,1.07700000,1.09900000,1.07200000,1.09600000,7183507.30000000,7815342.04310000
1754798400000,1.09600000,1.10600000,1.03900000,1.04300000,8076070.30000000,8624884.56630000
1754812800000,1.04400000,1.05900000,1.02800000,1.04500000,5151088.80000000,5384648.32000000
1754827200000,1.04500000,1.07400000,1.03600000,1.06700000,5276653.90000000,5577952.48440000
1754841600000,1.06700000,1.08900000,1.06500000,1.08500000,3536545.20000000,3813406.52860000
1754856000000,1.08500000,1.08900000,1.06100000,1.08000000,4518478.20000000,4860169.05320000
1754870400000,1.08100000,1.11000000,1.06800000,1.09600000,5891604.60000000,6434029.81330000
1754884800000,1.09700000,1.10800000,1.06500000,1.06700000,5582736.50000000,6086799.76060000
1754899200000,1.06700000,1.08200000,1.02500000,1.03000000,12224169.10000000,12988190.70360000
1754913600000,1.03000000,1.04200000,1.01400000,1.03700000,9067068.40000000,9321020.78650000
1754928000000,1.03700000,1.05400000,1.00900000,1.01700000,5699000.40000000,5873269.34140000
1754942400000,1.01700000,1.01800000,0.97800000,0.98900000,5805713.30000000,5787358.83830000
1754956800000,0.98900000,1.00800000,0.98700000,0.99300000,4644407.00000000,4628416.67840000
1754971200000,0.99300000,0.99700000,0.97400000,0.99600000,5125090.00000000,5065357.27280000
1754985600000,0.99600000,0.99600000,0.96600000,0.97800000,4974374.90000000,4879232.94290000
1755000000000,0.97800000,1.04000000,0.97200000,1.03800000,12594132.50000000,12718464.66200000
1755014400000,1.03800000,1.06600000,1.03100000,1.06200000,7680957.30000000,8076188.49400000
1755028800000,1.06300000,1.07700000,1.05600000,1.05900000,5869465.10000000,6262554.28800000
1755043200000,1.05900000,1.07400000,1.04100000,1.07000000,6417439.50000000,6793553.55270000
1755057600000,1.06900000,1.07900000,1.05100000,1.07800000,8489040.40000000,9062297.18730000
1755072000000,1.07800000,1.09900000,1.07500000,1.09000000,9054359.20000000,9867148.76040000
1755086400000,1.09100000,1.10300000,1.06800000,1.08200000,12197731.80000000,13251594.60020000
1755100800000,1.08200000,1.12400000,1.08000000,1.10400000,12027968.60000000,13240734.44700000
1755115200000,1.10400000,1.14100000,1.09400000,1.11800000,8425591.70000000,9420147.37300000
1755129600000,1.11900000,1.13600000,1.10400000,1.12800000,8284585.20000000,9306938.10480000
1755144000000,1.12800000,1.13600000,1.10300000,1.11100000,12313527.50000000,13739466.57570000
1755158400000,1.11100000,1.11200000,1.07400000,1.07900000,17257080.40000000,18926774.04860000
1755172800000,1.07900000,1.08800000,0.99100000,1.02100000,27271240.70000000,28010865.61230000
1755187200000,1.02000000,1.02000000,0.99100000,1.00500000,8878973.10000000,8942056.53800000
1755201600000,1.00400000,1.00900000,0.98000000,0.99800000,5411455.20000000,5395736.32580000
1755216000000,0.99800000,1.02000000,0.99500000,1.01100000,3978248.40000000,4008235.00300000
1755230400000,1.01100000,1.02200000,1.00100000,1.01500000,3956241.40000000,4006735.50500000
1755244800000,1.01500000,1.02200000,0.99700000,1.00100000,5457619.20000000,5503179.00770000
1755259200000,1.00100000,1.01700000,0.95400000,0.96200000,20240767.20000000,20014451.63100000
1755273600000,0.96200000,0.97800000,0.95300000,0.96400000,6555569.60000000,6333655.03820000
1755288000000,0.96400000,0.99900000,0.96100000,0.98700000,3104778.80000000,3039241.47640000
1755302400000,0.98700000,1.00100000,0.98500000,0.98800000,2997775.30000000,2976421.47450000
1755316800000,0.98800000,0.99300000,0.98100000,0.98800000,3018741.90000000,2980375.03010000
1755331200000,0.98800000,0.99200000,0.97400000,0.97500000,4469621.90000000,4389546.03090000
1755345600000,0.97500000,0.99600000,0.97100000,0.99000000,3414100.60000000,3356376.81060000
1755360000000,0.99000000,0.99900000,0.98600000,0.99400000,2946929.40000000,2924685.22270000
1755374400000,0.99400000,1.00900000,0.99300000,1.00300000,2387422.10000000,2390194.91060000
1755388800000,1.00300000,1.00500000,0.99200000,1.00100000,2929088.70000000,2926666.69630000
1755403200000,1.00100000,1.01200000,0.99500000,1.00500000,4481405.80000000,4498937.11640000
1755417600000,1.00600000,1.01700000,1.00300000,1.01400000,4989267.90000000,5041901.72530000
1755432000000,1.01400000,1.03100000,1.00400000,1.03000000,5041194.60000000,5119521.26860000
1755446400000,1.03100000,1.03700000,0.99600000,1.00300000,6259234.00000000,6357401.41150000
1755460800000,1.00400000,1.01700000,0.99900000,1.00000000,2615060.20000000,2631610.26530000
1755475200000,1.00100000,1.00200000,0.95000000,0.96400000,10964949.40000000,10677954.54680000
1755489600000,0.96300000,0.97200000,0.94400000,0.95300000,6092003.80000000,5836733.46130000
1755504000000,0.95300000,0.96600000,0.94100000,0.95600000,7029371.20000000,6713828.26280000
1755518400000,0.95600000,0.97000000,0.94500000,0.95900000,6337962.30000000,6053376.09280000
1755532800000,0.95800000,0.97000000,0.94800000,0.95700000,5130883.60000000,4928960.03400000
1755547200000,0.95700000,0.97100000,0.95000000,0.95200000,2851462.10000000,2738977.03400000
1755561600000,0.95200000,0.96700000,0.92300000,0.92700000,5347936.60000000,5039979.70750000
1755576000000,0.92700000,0.93700000,0.91900000,0.92800000,5307274.70000000,4922907.18880000
1755590400000,0.92800000,0.95200000,0.92300000,0.94900000,6301619.30000000,5897002.05820000
1755604800000,0.94900000,0.95300000,0.91600000,0.91900000,8188224.80000000,7626299.43270000
1755619200000,0.91900000,0.92200000,0.89600000,0.90500000,10599835.70000000,9646144.73680000
1755633600000,0.90500000,0.91400000,0.89800000,0.90000000,3814960.60000000,3460779.77470000
1755648000000,0.90000000,0.91700000,0.89400000,0.90900000,4479804.30000000,4056534.23100000
1755662400000,0.90900000,0.92800000,0.90900000,0.92500000,4940412.30000000,4550993.48200000
1755676800000,0.92600000,0.94300000,0.91400000,0.92800000,9053883.90000000,8461220.41950000
1755691200000,0.92800000,0.94800000,0.90400000,0.93800000,8534021.00000000,7911021.15490000
1755705600000,0.93800000,0.95700000,0.93700000,0.95500000,7090786.70000000,6731743.89790000
1755720000000,0.95500000,0.96600000,0.95200000,0.96000000,4694979.10000000,4504123.01100000
1755734400000,0.96000000,0.96700000,0.94900000,0.95400000,3016895.40000000,2890437.98750000
1755748800000,0.95400000,0.95900000,0.94500000,0.95100000,2664200.10000000,2538621.88610000
1755763200000,0.95200000,0.95200000,0.93300000,0.93600000,3261478.80000000,3069957.05460000
1755777600000,0.93600000,0.94600000,0.92200000,0.92400000,4441306.30000000,4141328.00490000
1755792000000,0.92400000,0.93900000,0.92100000,0.92600000,2444209.00000000,2269246.08820000
1755806400000,0.92600000,0.94200000,0.92200000,0.93400000,1793560.30000000,1672821.54090000
1755820800000,0.93300000,0.94500000,0.92400000,0.93100000,3131446.80000000,2937908.81520000
1755835200000,0.93000000,0.93800000,0.92500000,0.93200000,2866209.20000000,2671975.36890000
1755849600000,0.93200000,0.94100000,0.91400000,0.91400000,3972201.20000000,3690534.73820000
1755864000000,0.91500000,0.99200000,0.89400000,0.97800000,19644246.40000000,18634191.14560000
1755878400000,0.97700000,1.02700000,0.97700000,1.02500000,9783474.80000000,9868153.17490000
1755892800000,1.02500000,1.03100000,1.01600000,1.02600000,5407611.40000000,5534001.36580000
1755907200000,1.02600000,1.02900000,0.98600000,0.99500000,8111324.00000000,8167859.15470000
1755921600000,0.99500000,1.02700000,0.99500000,1.01200000,4980614.90000000,5061472.36180000
1755936000000,1.01300000,1.02200000,1.00700000,1.01500000,3402838.30000000,3450332.36970000
1755950400000,1.01600000,1.02100000,1.00700000,1.01300000,4179968.90000000,4236419.30880000
1755964800000,1.01300000,1.02000000,1.00600000,1.01900000,3116699.90000000,3149773.53890000
1755979200000,1.01900000,1.02000000,1.00500000,1.01000000,3233738.10000000,3264825.34150000
1755993600000,1.01000000,1.01500000,0.99100000,0.99400000,4177145.80000000,4184811.72610000
1756008000000,0.99500000,0.99800000,0.96600000,0.97100000,4928256.30000000,4824076.05960000
1756022400000,0.97100000,0.97700000,0.95400000,0.95900000,5763561.80000000,5559708.29430000
1756036800000,0.95800000,0.98100000,0.95700000,0.96800000,4042851.10000000,3908251.92170000
1756051200000,0.96800000,1.02900000,0.96400000,0.98800000,19587625.10000000,19379819.12060000
1756065600000,0.98900000,0.99200000,0.95800000,0.97100000,8368561.20000000,8162055.08560000
1756080000000,0.97200000,0.98500000,0.94500000,0.97200000,4775364.80000000,4619686.57900000
1756094400000,0.97200000,0.97400000,0.91900000,0.92600000,9478851.60000000,8958869.39540000
1756108800000,0.92600000,0.93400000,0.90800000,0.91800000,6506136.70000000,5982653.76020000
1756123200000,0.91800000,0.95900000,0.90700000,0.92700000,12251481.30000000,11403690.94470000
1756137600000,0.92800000,0.93800000,0.89700000,0.89800000,7125285.30000000,6537533.50610000
1756152000000,0.89900000,0.90100000,0.86400000,0.88200000,11562061.60000000,10170268.22320000
1756166400000,0.88300000,0.90800000,0.88000000,0.89000000,17902123.90000000,16030435.50000000
1756180800000,0.89100000,0.90200000,0.88500000,0.89600000,3383268.00000000,3021025.60690000
1756195200000,0.89600000,0.90100000,0.88500000,0.89000000,3050008.70000000,2719070.34290000
1756209600000,0.89000000,0.91900000,0.88600000,0.90900000,8187945.60000000,7424585.74110000
1756224000000,0.90900000,0.94500000,0.90900000,0.94300000,4168658.40000000,3858611.54140000
1756238400000,0.94200000,0.95600000,0.93700000,0.95300000,7080759.90000000,6715333.67650000
1756252800000,0.95300000,0.96200000,0.93800000,0.95800000,5950322.10000000,5646707.73980000
1756267200000,0.95800000,0.96800000,0.94200000,0.94500000,5341829.30000000,5107086.86570000
1756281600000,0.94600000,0.94800000,0.93500000,0.94000000,4171617.20000000,3924987.33720000
1756296000000,0.94000000,0.95500000,0.93200000,0.94900000,5873830.80000000,5541574.27040000
1756310400000,0.95000000,0.95400000,0.93700000,0.94600000,4573862.80000000,4328760.85520000
1756324800000,0.94700000,0.95800000,0.93000000,0.93200000,9783823.80000000,9259771.72840000
1756339200000,0.93200000,0.94500000,0.92300000,0.94200000,4029112.30000000,3767669.57980000
1756353600000,0.94200000,0.95400000,0.94000000,0.95100000,4020387.60000000,3803753.44310000
1756368000000,0.95200000,0.95900000,0.94000000,0.94900000,3161358.80000000,2996737.92150000
1756382400000,0.94900000,0.96500000,0.94500000,0.95000000,8249017.80000000,7862695.94540000
1756396800000,0.95100000,0.95900000,0.93200000,0.93400000,3925840.60000000,3708918.68390000
1756411200000,0.93400000,0.96500000,0.93300000,0.96000000,2661022.20000000,2536171.08440000
1756425600000,0.96100000,0.96500000,0.94300000,0.95700000,3525262.10000000,3358922.30630000
1756440000000,0.95700000,0.96200000,0.91900000,0.92200000,4601456.40000000,4329845.99980000
1756454400000,0.92100000,0.92800000,0.90500000,0.91600000,4963637.20000000,4551013.34540000
1756468800000,0.91600000,0.94300000,0.89800000,0.90500000,11591644.30000000,10660269.94870000
1756483200000,0.90600000,0.91100000,0.89200000,0.90400000,3553625.20000000,3200697.68400000
1756497600000,0.90400000,0.91100000,0.89200000,0.90400000,2244987.30000000,2027317.18370000
1756512000000,0.90400000,0.92300000,0.88700000,0.91500000,2849448.30000000,2566360.89850000
1756526400000,0.91500000,0.91900000,0.90900000,0.91800000,1290487.90000000,1178501.38220000
1756540800000,0.91800000,0.91900000,0.90600000,0.91400000,1296350.00000000,1181069.73740000
1756555200000,0.91400000,0.91500000,0.89500000,0.91100000,2027063.00000000,1834437.47010000
1756569600000,0.91100000,0.91200000,0.89700000,0.90200000,1477636.50000000,1333389.54670000
1756584000000,0.90200000,0.90500000,0.89600000,0.90400000,1320814.50000000,1189105.86180000
1756598400000,0.90400000,0.91800000,0.90400000,0.91600000,1813131.50000000,1655610.38820000
1756612800000,0.91700000,0.91700000,0.89900000,0.90200000,1634163.20000000,1478935.96120000
1756627200000,0.90200000,0.91300000,0.89500000,0.90300000,2963910.00000000,2679818.94790000
1756641600000,0.90300000,0.90600000,0.89400000,0.90200000,2232575.80000000,2010256.26380000
1756656000000,0.90300000,0.90700000,0.89600000,0.89900000,1653761.60000000,1488834.97370000
1756670400000,0.89900000,0.90300000,0.88100000,0.88300000,2321155.90000000,2072597.78770000
1756684800000,0.88300000,0.88500000,0.86100000,0.86600000,4050256.10000000,3534967.10130000
1756699200000,0.86600000,0.89300000,0.85800000,0.89300000,5572171.00000000,4851669.05640000
1756713600000,0.89400000,0.90700000,0.87400000,0.87600000,5584277.00000000,4990381.39640000
1756728000000,0.87700000,0.88500000,0.86400000,0.86600000,4306016.40000000,3773980.45270000
1756742400000,0.86600000,0.87000000,0.85800000,0.86800000,3206018.40000000,2767299.17060000
1756756800000,0.86800000,0.87000000,0.83200000,0.85500000,9753651.10000000,8251261.45740000
1756771200000,0.85500000,0.87800000,0.85100000,0.87400000,3548697.70000000,3063556.83860000
1756785600000,0.87400000,0.88200000,0.87000000,0.87200000,3183171.60000000,2788033.53170000
1756800000000,0.87200000,0.87800000,0.86900000,0.87100000,2253996.70000000,1970541.17380000
1756814400000,0.87100000,0.89000000,0.85100000,0.86200000,8044853.90000000,7010406.88200000
1756828800000,0.86200000,0.88200000,0.86200000,0.87400000,3286979.10000000,2872301.52630000
1756843200000,0.87400000,0.89100000,0.87200000,0.88800000,3203707.60000000,2840183.52680000
1756857600000,0.88800000,0.89500000,0.88100000,0.89000000,2786453.50000000,2475486.13830000
1756872000000,0.89000000,0.89100000,0.87800000,0.88300000,3690032.90000000,3263295.59730000
1756886400000,0.88300000,0.88900000,0.87600000,0.88800000,4023830.80000000,3558917.14810000
1756900800000,0.88800000,0.90500000,0.88500000,0.90100000,5459570.80000000,4880173.38340000
1756915200000,0.90100000,0.90700000,0.89500000,0.90600000,3214621.50000000,2895363.96680000
1756929600000,0.90700000,0.90900000,0.89600000,0.89700000,2924751.20000000,2640673.70380000
1756944000000,0.89700000,0.90400000,0.89000000,0.89100000,4407158.90000000,3958053.77450000
1756958400000,0.89100000,0.90000000,0.87800000,0.88100000,4195983.80000000,3721777.89990000
1756972800000,0.88000000,0.89000000,0.87400000,0.88600000,5095121.10000000,4494134.84370000
1756987200000,0.88500000,0.89300000,0.86100000,0.86500000,5990355.90000000,5253117.24900000
1757001600000,0.86500000,0.87300000,0.86100000,0.86500000,2720298.20000000,2356799.47390000
1757016000000,0.86400000,0.87800000,0.86300000,0.86500000,2618931.60000000,2281010.25340000
1757030400000,0.86500000,0.87700000,0.86500000,0.87400000,2107695.10000000,1838958.28990000
1757044800000,0.87400000,0.90500000,0.87100000,0.90200000,7231397.00000000,6442636.49600000
1757059200000,0.90200000,0.90300000,0.88500000,0.89500000,4314106.90000000,3845352.95530000
1757073600000,0.89500000,0.92700000,0.87500000,0.88500000,15878008.00000000,14327885.79400000
1757088000000,0.88500000,0.90300000,0.88100000,0.90300000,4226905.50000000,3766476.50230000
1757102400000,0.90300000,0.91800000,0.89900000,0.91600000,4932790.20000000,4478725.52340000
1757116800000,0.91500000,0.92000000,0.90800000,0.91500000,4642765.70000000,4238296.62080000
1757131200000,0.91500000,0.91600000,0.90700000,0.91400000,2778584.30000000,2529549.55430000
1757145600000,0.91300000,0.91600000,0.90000000,0.91000000,3904661.80000000,3542445.67760000
1757160000000,0.90900000,0.91700000,0.90500000,0.91100000,4118220.20000000,3751013.60700000
1757174400000,0.91100000,0.94600000,0.90800000,0.91800000,8326351.10000000,7714073.94970000
1757188800000,0.91700000,0.97000000,0.91700000,0.96300000,12005664.00000000,11435767.41770000
1757203200000,0.96300000,1.00000000,0.95300000,0.99600000,14193464.90000000,13938071.80720000
1757217600000,0.99600000,1.06300000,0.99500000,1.01000000,26384430.50000000,27154254.12180000
1757232000000,1.01000000,1.04000000,1.00700000,1.03900000,9619056.80000000,9828728.06990000
1757246400000,1.03900000,1.07700000,1.03700000,1.05000000,23348955.60000000,24567812.52000000
1757260800000,1.05000000,1.05600000,1.03100000,1.04500000,10038202.10000000,10452605.03990000
1757275200000,1.04400000,1.04500000,1.02600000,1.03100000,6426009.40000000,6654847.30320000
1757289600000,1.03200000,1.22700000,1.03000000,1.19900000,51974317.50000000,59489206.65520000
1757304000000,1.19900000,1.30800000,1.17200000,1.24100000,72334377.60000000,91089939.64460000
1757318400000,1.24200000,1.30000000,1.17400000,1.22400000,60571493.90000000,75610231.39560000
1757332800000,1.22400000,1.58900000,1.20600000,1.51000000,139384909.60000000,194325163.05450000
1757347200000,1.51000000,1.56700000,1.41900000,1.50300000,67689629.60000000,101405824.28770000
1757361600000,1.50400000,1.58800000,1.49500000,1.57100000,39081644.70000000,59889687.36650000
1757376000000,1.57000000,1.94100000,1.56600000,1.87200000,103607871.80000000,182555349.32300000
1757390400000,1.87200000,2.05600000,1.79100000,1.90300000,87055907.30000000,166035548.54150000
1757404800000,1.90300000,2.21100000,1.89200000,2.04300000,95281273.90000000,194731057.54710000
1757419200000,2.04400000,2.09700000,1.74400000,1.81900000,102662286.20000000,194554263.78390000
1757433600000,1.82000000,1.86900000,1.71100000,1.80500000,45818578.50000000,81836582.56420000
1757448000000,1.80500000,1.95100000,1.76100000,1.92900000,44427394.80000000,82961658.16930000
1757462400000,1.92800000,2.08000000,1.84200000,1.93200000,61656131.70000000,121387378.96000000
1757476800000,1.93100000,1.96600000,1.81600000,1.83500000,27180924.60000000,51840311.33740000
1757491200000,1.83500000,1.92000000,1.82300000,1.88700000,18802660.00000000,35312077.60600000
1757505600000,1.88800000,1.92600000,1.81700000,1.85700000,20831476.90000000,38920172.09010000
1757520000000,1.85700000,1.86200000,1.76000000,1.83300000,18475677.60000000,33280729.64270000
1757534400000,1.83300000,1.89800000,1.82700000,1.86800000,14483521.10000000,27001906.40490000
1757548800000,1.86700000,1.88400000,1.77800000,1.79900000,21418247.90000000,38949311.47770000
1757563200000,1.80000000,1.80100000,1.74100000,1.75200000,16694625.80000000,29518084.11910000
1757577600000,1.75200000,1.77300000,1.70200000,1.70600000,14093613.70000000,24428614.32530000
1757592000000,1.70600000,1.72700000,1.60700000,1.61000000,38633523.60000000,64073249.77490000
1757606400000,1.61000000,1.63800000,1.58700000,1.63100000,18473912.20000000,29805744.11770000
1757620800000,1.63100000,1.66800000,1.62700000,1.65400000,10507234.40000000,17335318.22230000
1757635200000,1.65300000,1.67000000,1.60500000,1.62100000,10963331.60000000,17946009.39050000
1757649600000,1.62200000,1.76100000,1.62100000,1.66800000,30464844.60000000,51623568.48070000
1757664000000,1.66800000,1.68100000,1.61300000,1.61700000,9826971.40000000,16180701.02080000
1757678400000,1.61800000,1.64200000,1.53000000,1.56800000,21858238.10000000,34712973.25830000
1757692800000,1.56700000,1.65300000,1.56600000,1.65100000,16821932.90000000,26960039.26910000
1757707200000,1.65000000,1.67200000,1.62900000,1.66500000,6356232.50000000,10480138.76850000
1757721600000,1.66500000,1.73100000,1.63900000,1.65600000,21195302.70000000,35679472.29990000
1757736000000,1.65600000,1.68100000,1.62700000,1.63000000,6551170.80000000,10780627.68330000
1757750400000,1.63000000,1.63700000,1.60600000,1.63300000,9283009.30000000,15047441.98400000
1757764800000,1.63300000,1.64600000,1.58600000,1.59900000,16350747.70000000,26454004.61820000
1757779200000,1.59800000,1.62000000,1.58500000,1.61900000,5829387.80000000,9341700.29220000
1757793600000,1.61900000,1.66800000,1.61500000,1.65700000,5567752.60000000,9130591.94980000
1757808000000,1.65700000,1.66500000,1.60500000,1.61800000,9270603.30000000,15146997.25750000
1757822400000,1.61800000,1.74400000,1.61800000,1.71900000,31923817.90000000,54191051.55790000
1757836800000,1.71900000,1.72200000,1.60300000,1.61900000,19173782.20000000,31809508.64520000
1757851200000,1.62000000,1.64600000,1.58300000,1.60100000,17136986.10000000,27668678.10730000
1757865600000,1.60100000,1.62200000,1.59400000,1.60000000,7688583.60000000,12348660.48380000
1757880000000,1.60000000,1.62400000,1.56300000,1.57600000,9707934.60000000,15471411.99050000
1757894400000,1.57500000,1.60000000,1.55500000,1.59100000,11222223.50000000,17760996.20330000
1757908800000,1.59000000,1.61000000,1.53500000,1.55100000,9978021.30000000,15752109.84910000
1757923200000,1.55200000,1.61400000,1.53500000,1.57100000,12577094.30000000,19736371.15530000
1757937600000,1.57100000,1.58700000,1.46500000,1.47200000,16263592.70000000,24722137.72490000
1757952000000,1.47300000,1.50900000,1.46300000,1.50200000,7655659.80000000,11378327.58670000
1757966400000,1.50200000,1.52100000,1.50000000,1.51200000,3524636.80000000,5319972.70600000
1757980800000,1.51300000,1.51300000,1.48900000,1.49500000,4411589.20000000,6610860.86390000
1757995200000,1.49500000,1.51600000,1.49300000,1.50100000,4142057.70000000,6229183.66070000
1758009600000,1.50200000,1.51000000,1.49300000,1.50200000,5500124.30000000,8249842.89610000
1758024000000,1.50200000,1.60900000,1.49800000,1.53100000,27449580.10000000,42498726.20620000
1758038400000,1.53100000,1.53900000,1.49600000,1.50000000,10931088.00000000,16519084.76840000
1758052800000,1.50000000,1.53100000,1.49200000,1.51300000,4248346.80000000,6411271.57780000
1758067200000,1.51300000,1.53100000,1.48800000,1.49200000,5251776.60000000,7917531.92400000
1758081600000,1.49300000,1.52100000,1.47500000,1.50700000,6005015.90000000,8978751.29400000
1758096000000,1.50700000,1.50700000,1.48000000,1.49300000,3970620.60000000,5916576.81320000
1758110400000,1.49300000,1.52400000,1.49300000,1.51500000,6959449.10000000,10496109.81540000
1758124800000,1.51500000,1.60700000,1.50100000,1.57800000,29357087.70000000,45727089.98690000
1758139200000,1.57800000,1.61200000,1.54600000,1.60100000,10474485.10000000,16646220.35360000
1758153600000,1.60200000,1.63400000,1.57000000,1.59900000,9967470.00000000,15940627.89400000
1758168000000,1.59900000,1.62400000,1.56100000,1.56600000,7266258.70000000,11585472.87440000
1758182400000,1.56600000,1.58200000,1.55800000,1.56900000,4757960.90000000,7468289.86050000
1758196800000,1.56900000,1.69900000,1.56100000,1.59800000,27188792.10000000,44378665.33070000
1758211200000,1.59700000,1.61100000,1.57400000,1.59400000,8921518.90000000,14200106.39690000
1758225600000,1.59400000,1.61200000,1.58700000,1.60300000,5178189.10000000,8281928.75680000
1758240000000,1.60300000,1.61800000,1.56600000,1.57000000,6700573.50000000,10675482.68050000
1758254400000,1.57000000,1.57200000,1.54500000,1.55100000,5149523.50000000,8010144.93740000
1758268800000,1.55100000,1.56300000,1.51100000,1.52100000,12399095.20000000,19053474.15360000
1758283200000,1.52100000,1.54100000,1.50600000,1.51300000,6758975.80000000,10299102.46810000
1758297600000,1.51400000,1.51900000,1.49300000,1.50000000,5556084.30000000,8369833.52620000
1758312000000,1.50000000,1.51800000,1.49400000,1.50900000,2887077.00000000,4345572.42420000
1758326400000,1.50900000,1.51800000,1.48100000,1.49000000,3500429.30000000,5233644.80870000
1758340800000,1.48900000,1.50900000,1.48500000,1.50800000,6106576.80000000,9126314.73370000
1758355200000,1.50900000,1.52900000,1.49500000,1.52600000,7958971.70000000,12022443.61620000
1758369600000,1.52700000,1.53600000,1.51400000,1.52000000,8141766.20000000,12409808.48110000
1758384000000,1.52000000,1.52800000,1.50300000,1.51100000,2763896.10000000,4185811.51000000
1758398400000,1.51200000,1.52600000,1.50100000,1.50300000,2794528.40000000,4232984.54430000
1758412800000,1.50300000,1.50900000,1.48800000,1.50700000,6672524.80000000,9981413.90490000
1758427200000,1.50600000,1.52700000,1.49700000,1.50700000,3160763.90000000,4778439.00180000
1758441600000,1.50700000,1.51000000,1.41700000,1.46500000,9834064.70000000,14376887.58220000
1758456000000,1.46500000,1.49600000,1.46500000,1.48100000,5420646.90000000,8036086.74900000
1758470400000,1.48100000,1.48900000,1.46100000,1.48100000,4483995.80000000,6620989.15930000
1758484800000,1.48100000,1.48700000,1.46500000,1.46500000,1707185.80000000,2521971.99920000
1758499200000,1.46500000,1.47500000,1.41100000,1.42000000,13751940.60000000,19715543.23270000
1758513600000,1.42100000,1.42600000,1.27800000,1.32100000,32123686.30000000,43853795.98240000
1758528000000,1.32200000,1.34300000,1.31000000,1.31800000,5826271.30000000,7720968.04460000
1758542400000,1.31900000,1.34200000,1.29800000,1.30900000,10017406.40000000,13189101.23520000
1758556800000,1.30900000,1.38600000,1.30700000,1.38000000,34088176.20000000,46258109.74700000
1758571200000,1.38000000,1.40600000,1.35600000,1.39200000,11634209.50000000,16015772.16220000
1758585600000,1.39200000,1.39800000,1.34500000,1.36500000,6451855.10000000,8802077.17000000
1758600000000,1.36500000,1.36800000,1.33100000,1.33500000,6860148.90000000,9213568.26720000
1758614400000,1.33500000,1.34100000,1.31700000,1.32400000,5622614.00000000,7458241.07470000
1758628800000,1.32500000,1.38800000,1.31800000,1.35000000,18484880.00000000,24979887.67700000
1758643200000,1.35100000,1.37300000,1.28800000,1.30200000,17610529.40000000,23413619.93680000
1758657600000,1.30100000,1.33000000,1.29700000,1.30600000,4448961.60000000,5840474.17230000
1758672000000,1.30700000,1.32200000,1.26400000,1.27000000,9363743.40000000,12086350.24370000
1758686400000,1.27000000,1.32300000,1.25400000,1.31600000,8221751.90000000,10600781.78550000
1758700800000,1.31600000,1.35000000,1.31200000,1.34900000,4247261.30000000,5638978.49620000
1758715200000,1.34900000,1.36000000,1.33300000,1.34700000,5578859.20000000,7510962.90820000
1758729600000,1.34700000,1.36300000,1.33100000,1.34000000,4559418.00000000,6154235.15450000
1758744000000,1.34000000,1.36000000,1.33600000,1.35400000,2199677.60000000,2971533.09270000
1758758400000,1.35400000,1.35600000,1.30100000,1.31400000,5474565.80000000,7248420.24520000
1758772800000,1.31300000,1.31800000,1.26500000,1.28100000,9426049.30000000,12110468.15650000
1758787200000,1.28100000,1.30000000,1.25800000,1.26400000,7143724.80000000,9133861.84130000
1758801600000,1.26300000,1.28700000,1.22500000,1.25800000,9490763.90000000,11921851.56660000
1758816000000,1.25800000,1.31700000,1.22700000,1.29500000,18230350.00000000,22997823.46960000
1758830400000,1.29500000,1.29700000,1.24800000,1.26300000,6075856.50000000,7705218.93310000
1758844800000,1.26400000,1.27900000,1.25300000,1.26300000,5056110.70000000,6399824.21740000
1758859200000,1.26300000,1.26800000,1.23700000,1.25300000,5553158.80000000,6940285.73050000
1758873600000,1.25300000,1.25700000,1.21800000,1.23700000,5382116.80000000,6646772.61370000
1758888000000,1.23700000,1.26400000,1.22100000,1.25300000,7081828.90000000,8822633.67980000
1758902400000,1.25300000,1.29300000,1.25100000,1.28200000,4261996.60000000,5435837.81610000
1758916800000,1.28300000,1.29200000,1.27600000,1.28500000,2465309.50000000,3163392.11150000
1758931200000,1.28500000,1.32000000,1.27500000,1.31300000,3534592.50000000,4586811.00780000
1758945600000,1.31200000,1.38800000,1.30300000,1.31300000,17621203.20000000,23728704.06060000
1758960000000,1.31300000,1.32300000,1.28300000,1.30400000,5320359.70000000,6913699.89530000
1758974400000,1.30500000,1.31500000,1.27000000,1.28700000,5518189.60000000,7142181.63570000
1758988800000,1.28800000,1.28800000,1.26500000,1.28000000,2162426.20000000,2761607.14070000
1759003200000,1.28000000,1.29300000,1.27100000,1.27500000,1612298.80000000,2064468.86250000
1759017600000,1.27500000,1.27700000,1.25600000,1.26400000,3039412.20000000,3841204.33930000
1759032000000,1.26400000,1.26800000,1.23900000,1.25100000,3513466.20000000,4402823.30730000
1759046400000,1.25100000,1.25500000,1.23900000,1.24900000,2332471.90000000,2910153.46050000
1759060800000,1.24900000,1.26500000,1.23800000,1.26400000,3043823.40000000,3815418.49050000
1759075200000,1.26500000,1.29700000,1.26200000,1.28500000,4033711.50000000,5155672.73120000
1759089600000,1.28600000,1.34800000,1.28500000,1.33100000,6540225.30000000,8632524.23870000
1759104000000,1.33100000,1.34200000,1.32000000,1.33100000,6333436.30000000,8428000.70580000
1759118400000,1.33200000,1.33300000,1.30300000,1.31200000,4877651.40000000,6427272.56040000
1759132800000,1.31200000,1.31400000,1.28100000,1.28800000,2749116.10000000,3574885.12680000
1759147200000,1.28700000,1.31600000,1.26800000,1.28400000,5884592.50000000,7597030.30340000
1759161600000,1.28400000,1.29900000,1.25300000,1.29400000,5793637.80000000,7389099.99390000
1759176000000,1.29400000,1.31800000,1.27900000,1.27900000,5630988.60000000,7333846.98060000
1759190400000,1.27900000,1.28900000,1.25800000,1.26100000,4982200.30000000,6315821.70470000
1759204800000,1.26200000,1.27300000,1.25300000,1.25600000,3123323.10000000,3944924.46690000
1759219200000,1.25600000,1.26000000,1.24200000,1.24500000,2711287.70000000,3386410.81410000
1759233600000,1.24500000,1.24600000,1.19800000,1.21600000,6463036.40000000,7901346.64270000
1759248000000,1.21600000,1.24200000,1.20900000,1.23600000,7501754.80000000,9171074.52560000
1759262400000,1.23600000,1.26100000,1.23200000,1.24400000,6882888.10000000,8579110.51820000
1759276800000,1.24400000,1.26000000,1.23200000,1.24100000,2925149.80000000,3643834.09900000
1759291200000,1.24100000,1.25800000,1.23600000,1.24800000,3193799.00000000,3989292.02900000
1759305600000,1.24800000,1.33500000,1.24400000,1.30600000,15593292.20000000,20264002.44620000
1759320000000,1.30600000,1.31900000,1.29800000,1.31300000,7125303.80000000,9321285.17510000
1759334400000,1.31300000,1.32700000,1.30100000,1.31600000,4619994.50000000,6076180.03080000
1759348800000,1.31700000,1.31900000,1.29400000,1.31700000,2857896.80000000,3742435.05700000
1759363200000,1.31700000,1.35500000,1.30700000,1.33500000,7701902.70000000,10257797.83710000
1759377600000,1.33500000,1.34300000,1.31500000,1.32400000,6190715.20000000,8235916.96020000
1759392000000,1.32500000,1.35300000,1.32200000,1.33800000,5133959.10000000,6848916.75490000
1759406400000,1.33800000,1.34300000,1.29400000,1.31900000,10406226.60000000,13710669.05800000
1759420800000,1.32000000,1.36600000,1.31700000,1.35800000,7461194.80000000,9997601.09770000
1759435200000,1.35700000,1.36800000,1.34300000,1.35400000,4512696.20000000,6115164.16510000
1759449600000,1.35500000,1.35900000,1.32600000,1.33600000,5523097.40000000,7416563.34960000
1759464000000,1.33600000,1.35900000,1.32800000,1.34400000,6076280.70000000,8169197.88620000
1759478400000,1.34400000,1.38000000,1.32200000,1.32700000,8389562.50000000,11297334.40050000
1759492800000,1.32700000,1.35600000,1.31300000,1.35500000,8018591.30000000,10655752.87230000
1759507200000,1.35600000,1.40300000,1.32100000,1.34900000,17111367.30000000,23198785.48750000
1759521600000,1.34800000,1.35600000,1.33800000,1.33900000,2674172.40000000,3599236.48950000
1759536000000,1.33800000,1.34200000,1.30500000,1.31300000,4573838.40000000,6041533.46230000
1759550400000,1.31300000,1.32200000,1.30500000,1.30900000,5674425.50000000,7449544.59390000
1759564800000,1.30900000,1.31100000,1.27400000,1.28200000,4660978.00000000,6007173.27970000
1759579200000,1.28200000,1.29600000,1.25600000,1.25900000,6044804.00000000,7710581.97900000
1759593600000,1.26000000,1.27600000,1.25000000,1.27300000,3168983.80000000,4004897.09760000
1759608000000,1.27400000,1.27700000,1.26800000,1.27000000,1714014.30000000,2179822.93850000
1759622400000,1.27100000,1.29100000,1.25500000,1.27900000,5641394.60000000,7187883.96230000
1759636800000,1.27800000,1.32500000,1.27600000,1.32000000,11539611.90000000,15023093.15830000
1759651200000,1.32000000,1.32500000,1.27600000,1.28500000,6500503.50000000,8431210.23710000
1759665600000,1.28500000,1.29700000,1.27200000,1.29300000,3929999.10000000,5037470.74140000
1759680000000,1.29400000,1.29500000,1.25200000,1.25300000,4647006.10000000,5905373.78880000
1759694400000,1.25300000,1.26200000,1.25000000,1.25400000,2557063.30000000,3212091.95990000
1759708800000,1.25500000,1.27300000,1.24300000,1.26000000,5193104.70000000,6535934.68520000
1759723200000,1.26000000,1.27000000,1.25000000,1.25700000,3928391.50000000,4947518.36450000
1759737600000,1.25700000,1.26700000,1.25300000,1.26100000,4389923.30000000,5530132.98250000
1759752000000,1.26000000,1.31100000,1.25900000,1.29700000,9070032.60000000,11634501.80660000
1759766400000,1.29700000,1.32000000,1.28500000,1.31600000,6699340.30000000,8758222.66610000
1759780800000,1.31500000,1.32600000,1.30200000,1.30700000,7076711.80000000,9292368.84700000
1759795200000,1.30700000,1.31600000,1.29600000,1.31000000,4780262.50000000,6250728.08060000
1759809600000,1.31000000,1.33300000,1.28300000,1.29000000,8501103.70000000,11152141.83440000
1759824000000,1.29000000,1.29100000,1.25800000,1.27700000,6949132.80000000,8843253.61540000
1759838400000,1.27700000,1.29300000,1.20800000,1.21500000,21075023.50000000,26187959.80140000
1759852800000,1.21400000,1.22800000,1.20100000,1.20500000,8873643.10000000,10757550.08490000
1759867200000,1.20500000,1.22100000,1.18500000,1.19300000,6709981.20000000,8074726.16100000
1759881600000,1.19300000,1.20700000,1.16900000,1.18200000,4949632.20000000,5891021.04210000
1759896000000,1.18100000,1.18800000,1.16700000,1.18800000,5303248.20000000,6255431.68800000
1759910400000,1.18800000,1.20100000,1.17400000,1.17600000,4988746.30000000,5920866.66440000
1759924800000,1.17500000,1.20400000,1.17200000,1.18700000,6206499.00000000,7361034.50490000
1759939200000,1.18800000,1.26900000,1.18600000,1.26100000,9119550.00000000,11317263.90780000
1759953600000,1.26000000,1.28700000,1.25500000,1.27800000,11460707.80000000,14579874.91500000
1759968000000,1.27900000,1.28000000,1.22300000,1.24000000,7705778.90000000,9627233.38100000
1759982400000,1.24000000,1.25300000,1.21600000,1.22100000,4662122.60000000,5748969.30220000
1759996800000,1.22100000,1.22300000,1.19200000,1.20700000,5422531.50000000,6535474.86810000
1760011200000,1.20700000,1.22500000,1.17600000,1.18900000,9352919.40000000,11196653.94260000
1760025600000,1.18800000,1.20600000,1.18200000,1.19500000,5144893.90000000,6152361.27530000
1760040000000,1.19500000,1.20600000,1.18900000,1.19800000,3016735.40000000,3616225.97860000
1760054400000,1.19800000,1.27400000,1.19700000,1.25100000,10662516.30000000,13164047.58840000
1760068800000,1.25100000,1.26300000,1.21800000,1.22300000,8021357.00000000,9993988.98460000
1760083200000,1.22300000,1.27400000,1.22100000,1.26900000,5623716.40000000,6998037.64300000
1760097600000,1.26900000,1.30800000,1.18200000,1.19300000,27011330.10000000,33750333.27710000
1760112000000,1.19200000,1.20600000,1.12100000,1.13800000,16951144.50000000,19741212.49370000
1760126400000,1.13800000,1.15700000,0.26400000,0.87100000,195188350.90000000,153269999.64720000
1760140800000,0.87100000,0.95700000,0.85600000,0.93100000,41288815.10000000,37321297.80420000
1760155200000,0.93100000,0.97000000,0.92500000,0.94100000,21958853.00000000,20746874.11120000
1760169600000,0.94100000,0.99400000,0.93600000,0.96500000,13638944.30000000,13227224.11870000
1760184000000,0.96500000,0.97700000,0.92600000,0.95000000,12753851.50000000,12091927.78840000
1760198400000,0.95000000,0.95400000,0.88700000,0.89500000,14152109.30000000,13009596.71140000
1760212800000,0.89500000,0.93300000,0.88400000,0.91600000,14240470.60000000,12886972.01190000
1760227200000,0.91700000,0.92300000,0.89100000,0.90400000,7338676.20000000,6645751.24680000
1760241600000,0.90300000,0.92700000,0.90100000,0.91300000,5908758.50000000,5411638.55320000
1760256000000,0.91300000,0.92000000,0.89800000,0.90800000,5556133.00000000,5054330.07650000
1760270400000,0.90900000,0.99800000,0.90500000,0.99000000,21006030.70000000,20089229.56380000
1760284800000,0.99000000,1.05000000,0.98900000,1.03600000,16922152.40000000,17364785.09910000
1760299200000,1.03500000,1.04500000,0.99100000,1.00000000,8850392.50000000,8973730.11660000
1760313600000,1.00100000,1.00600000,0.97600000,0.99200000,7496621.50000000,7424897.86180000
1760328000000,0.99200000,1.01500000,0.98500000,0.99500000,13348790.30000000,13348474.91730000
1760342400000,0.99500000,1.01100000,0.96200000,0.97600000,12377670.70000000,12265604.17810000
1760356800000,0.97600000,1.02300000,0.96900000,1.00600000,16492253.70000000,16416303.65590000
1760371200000,1.00600000,1.01000000,0.98100000,0.99600000,13671125.30000000,13611666.32090000
1760385600000,0.99700000,1.01900000,0.99600000,1.00900000,8374634.20000000,8455479.84760000
1760400000000,1.00900000,1.01700000,0.97100000,0.97600000,7391942.70000000,7337612.35180000
1760414400000,0.97500000,0.97800000,0.90100000,0.91900000,12960248.00000000,12158232.62630000
1760428800000,0.91900000,0.93700000,0.90800000,0.93100000,8947256.10000000,8284313.51890000
1760443200000,0.93100000,0.96200000,0.91200000,0.96000000,11121384.40000000,10402225.27770000
1760457600000,0.96000000,0.97500000,0.94100000,0.95500000,9970795.10000000,9570154.85170000
1760472000000,0.95600000,0.96800000,0.94800000,0.95800000,2665723.90000000,2551997.53260000
1760486400000,0.95800000,0.97200000,0.94900000,0.95700000,4692156.90000000,4502339.29560000
1760500800000,0.95700000,0.97100000,0.95400000,0.96900000,4453877.20000000,4290731.60440000
1760515200000,0.96900000,0.98300000,0.94700000,0.96100000,6085095.20000000,5864367.00360000
1760529600000,0.96100000,0.96900000,0.92800000,0.94100000,11038314.70000000,10475616.25340000
1760544000000,0.94100000,0.95500000,0.93200000,0.93500000,5068335.70000000,4779823.48300000
1760558400000,0.93600000,0.94100000,0.91300000,0.93300000,5633051.20000000,5226725.84600000
1760572800000,0.93200000,0.94500000,0.92500000,0.93500000,3565048.30000000,3334873.29340000
1760587200000,0.93500000,0.94200000,0.91800000,0.93700000,6579806.50000000,6116602.87030000
1760601600000,0.93700000,0.95600000,0.90300000,0.95300000,8230890.80000000,7700468.88150000
1760616000000,0.95300000,0.96000000,0.90500000,0.90900000,8667188.20000000,8085511.55900000
1760630400000,0.90900000,0.93100000,0.89200000,0.90300000,19042367.10000000,17334730.73010000
1760644800000,0.90300000,0.90800000,0.88500000,0.89800000,8603765.00000000,7713652.29960000
1760659200000,0.89800000,0.90900000,0.88900000,0.90100000,4118966.30000000,3702326.78390000
1760673600000,0.90100000,0.90300000,0.83400000,0.83800000,16004668.40000000,13821591.40960000
1760688000000,0.83900000,0.87300000,0.82100000,0.86200000,15501940.70000000,13110636.15670000
1760702400000,0.86300000,0.87100000,0.84600000,0.87000000,10088647.70000000,8681977.02300000
1760716800000,0.87000000,0.88700000,0.86500000,0.87200000,7082802.50000000,6209626.60440000
1760731200000,0.87200000,0.88600000,0.86900000,0.87200000,2078830.10000000,1822900.80200000
1760745600000,0.87100000,0.88700000,0.86900000,0.88100000,2701527.60000000,2375812.01600000
1760760000000,0.88100000,0.89500000,0.87700000,0.88600000,3252035.00000000,2878396.47590000
1760774400000,0.88600000,0.90000000,0.88400000,0.89100000,3157799.10000000,2817873.62960000
1760788800000,0.89100000,0.89400000,0.87400000,0.88600000,2527492.60000000,2233152.57630000
1760803200000,0.88600000,0.89300000,0.87500000,0.89100000,2308877.40000000,2041700.54880000
1760817600000,0.89100000,0.89700000,0.88400000,0.88600000,2552960.20000000,2269915.07840000
1760832000000,0.88600000,0.88900000,0.87600000,0.88500000,2024644.40000000,1788327.69810000
1760846400000,0.88500000,0.88600000,0.87300000,0.88000000,1902942.80000000,1674054.97410000
1760860800000,0.88000000,0.90900000,0.87000000,0.89800000,7637822.60000000,6807925.60980000
1760875200000,0.89900000,0.93300000,0.89400000,0.92100000,9557965.20000000,8771543.55850000
1760889600000,0.92200000,0.93300000,0.91600000,0.92400000,4991987.00000000,4611038.71070000
1760904000000,0.92300000,0.92800000,0.91000000,0.91100000,2029127.40000000,1864337.19330000
1760918400000,0.91200000,0.93400000,0.89100000,0.92800000,4798480.00000000,4342549.92390000
1760932800000,0.92800000,0.94000000,0.92100000,0.92700000,4796578.40000000,4462497.65710000
1760947200000,0.92700000,0.93700000,0.92300000,0.92800000,3731992.30000000,3464818.79710000
1760961600000,0.92800000,0.94400000,0.92300000,0.92700000,4787930.30000000,4466965.09070000
1760976000000,0.92700000,0.92700000,0.90400000,0.92300000,8534323.40000000,7827793.62230000
1760990400000,0.92300000,0.93000000,0.91600000,0.91700000,2184480.20000000,2011311.31530000
1761004800000,0.91700000,0.91800000,0.89500000,0.89700000,2888368.90000000,2612186.93870000
1761019200000,0.89700000,0.89900000,0.87900000,0.88900000,4215203.30000000,3737466.41360000
1761033600000,0.88900000,0.89700000,0.87800000,0.89300000,3064112.10000000,2718455.18580000
1761048000000,0.89300000,0.96500000,0.89100000,0.94600000,13522183.10000000,12586360.00590000
1761062400000,0.94600000,0.96700000,0.92800000,0.92800000,21532578.90000000,20366559.24170000
1761076800000,0.92900000,0.93100000,0.88600000,0.88800000,6153626.50000000,5603626.36670000
1761091200000,0.88700000,0.89400000,0.88000000,0.88800000,4139689.20000000,3671111.07820000
1761105600000,0.88800000,0.89700000,0.87000000,0.88200000,6138299.20000000,5422277.65070000
1761120000000,0.88300000,0.88300000,0.85700000,0.87100000,10883923.10000000,9496516.92380000
1761134400000,0.87000000,0.88800000,0.86400000,0.87500000,5852745.60000000,5122028.63330000
1761148800000,0.87500000,0.87900000,0.84200000,0.85200000,8115343.70000000,6982031.31250000
1761163200000,0.85200000,0.85500000,0.81000000,0.84400000,13055537.80000000,10824299.48300000
1761177600000,0.84400000,0.85900000,0.83900000,0.84500000,6903334.40000000,5841859.76210000
1761192000000,0.84500000,0.85900000,0.84100000,0.85500000,5039699.70000000,4282384.96020000
1761206400000,0.85400000,0.87100000,0.85100000,0.85200000,6517875.50000000,5613228.03910000
1761220800000,0.85200000,0.86500000,0.84300000,0.85500000,7671612.20000000,6552416.18550000
1761235200000,0.85500000,0.86600000,0.84600000,0.85700000,8685594.20000000,7433939.12680000
1761249600000,0.85700000,0.86400000,0.84300000,0.86300000,4376497.40000000,3739268.33790000
1761264000000,0.86400000,0.86600000,0.85600000,0.86100000,2943350.30000000,2534980.37000000
1761278400000,0.86000000,0.88700000,0.85900000,0.88300000,3990802.10000000,3502553.15950000
1761292800000,0.88300000,0.88800000,0.86900000,0.87800000,3181140.30000000,2796994.39850000
1761307200000,0.87900000,0.89800000,0.86300000,0.86600000,5616196.50000000,4953673.82240000
1761321600000,0.86700000,0.89200000,0.85200000,0.88900000,3226230.20000000,2814337.19350000
1761336000000,0.89000000,0.91100000,0.88300000,0.89600000,15938164.40000000,14273302.01390000
1761350400000,0.89500000,0.89700000,0.88000000,0.88100000,3263373.20000000,2897473.47590000
1761364800000,0.88100000,0.88600000,0.87100000,0.87300000,2486035.30000000,2182081.57280000
1761379200000,0.87300000,0.88200000,0.87100000,0.87400000,2565737.40000000,2248611.55580000
1761393600000,0.87500000,0.88600000,0.87200000,0.88400000,2967615.50000000,2608531.28170000
1761408000000,0.88400000,0.89400000,0.88100000,0.89100000,1965588.10000000,1742334.15960000
1761422400000,0.89100000,0.90200000,0.89000000,0.89400000,3121404.20000000,2796569.27980000
1761436800000,0.89400000,0.90100000,0.87800000,0.88100000,4591763.90000000,4088478.33710000
1761451200000,0.88200000,0.90000000,0.88000000,0.89700000,2024385.90000000,1808923.85970000
1761465600000,0.89700000,0.94300000,0.89600000,0.93700000,9715345.30000000,8906143.05790000
1761480000000,0.93700000,0.94700000,0.92700000,0.93800000,9297827.40000000,8694810.49050000
1761494400000,0.93800000,0.95800000,0.93100000,0.94500000,10963413.80000000,10338727.91090000
1761508800000,0.94400000,0.96400000,0.92800000,0.94900000,10694191.40000000,10121556.70790000
1761523200000,0.94900000,0.95500000,0.94300000,0.94900000,4298038.80000000,4078026.09020000
1761537600000,0.94900000,0.95900000,0.93400000,0.94200000,6009905.90000000,5697725.05610000
1761552000000,0.94200000,0.94400000,0.92000000,0.92900000,9838367.60000000,9144457.09400000
1761566400000,0.92900000,0.93100000,0.91200000,0.91900000,5695155.90000000,5241038.90330000
1761580800000,0.92000000,0.93500000,0.91800000,0.91900000,3649315.70000000,3386098.16980000
1761595200000,0.92000000,0.92000000,0.89700000,0.90400000,4734490.70000000,4300780.40150000
1761609600000,0.90400000,0.90700000,0.89100000,0.89600000,3015653.60000000,2710757.41180000
1761624000000,0.89600000,0.90900000,0.88900000,0.89700000,2739733.40000000,2457501.88690000
1761638400000,0.89800000,0.91100000,0.89400000,0.90300000,3220111.60000000,2903740.72860000
1761652800000,0.90300000,0.92500000,0.88200000,0.89900000,7731841.60000000,7002901.30080000
1761667200000,0.89900000,0.91000000,0.87400000,0.87900000,4205256.20000000,3756015.58610000
1761681600000,0.87800000,0.87900000,0.85300000,0.87000000,9834845.00000000,8521025.47720000
1761696000000,0.87000000,0.87300000,0.86300000,0.86500000,2502126.80000000,2168661.52210000
1761710400000,0.86500000,0.87900000,0.86400000,0.87800000,2664910.80000000,2315390.75940000
1761724800000,0.87800000,0.88300000,0.86500000,0.88000000,2919226.90000000,2551055.87630000
1761739200000,0.88000000,0.89400000,0.85900000,0.86500000,5555541.90000000,4871672.95510000
1761753600000,0.86400000,0.89700000,0.83800000,0.88100000,15565104.60000000,13528196.03350000
1761768000000,0.88200000,0.89500000,0.85700000,0.86000000,4984391.00000000,4378442.69190000
1761782400000,0.86000000,0.87200000,0.85100000,0.86400000,2707191.90000000,2338568.28730000
1761796800000,0.86400000,0.86400000,0.82600000,0.85600000,7795872.40000000,6571981.10920000
1761811200000,0.85500000,0.85500000,0.83000000,0.83100000,3918074.60000000,3288396.86460000
1761825600000,0.83100000,0.83300000,0.78800000,0.79100000,14796124.80000000,11938431.69290000
1761840000000,0.79100000,0.79700000,0.76700000,0.77000000,6883819.90000000,5370674.16340000
1761854400000,0.77000000,0.80000000,0.76700000,0.79800000,5254171.90000000,4128059.71120000
1761868800000,0.79800000,0.81500000,0.79500000,0.80900000,4498399.40000000,3627687.53350000
1761883200000,0.80900000,0.81800000,0.79600000,0.79700000,3830086.10000000,3099814.48160000
1761897600000,0.79800000,0.81000000,0.79400000,0.81000000,3552522.30000000,2844225.45210000
1761912000000,0.80900000,0.81500000,0.79700000,0.80600000,5614366.50000000,4526816.67020000
1761926400000,0.80500000,0.81100000,0.78000000,0.80700000,6181848.90000000,4919398.19600000
1761940800000,0.80700000,0.80900000,0.79500000,0.79900000,2276386.90000000,1823483.23090000
1761955200000,0.79900000,0.81500000,0.79200000,0.81200000,2814383.20000000,2258845.89820000
1761969600000,0.81200000,0.87000000,0.80700000,0.86900000,9839111.90000000,8227716.61940000
1761984000000,0.86900000,0.89800000,0.84700000,0.86600000,22892231.90000000,20023656.88320000
1761998400000,0.86700000,0.88900000,0.85400000,0.87800000,9583695.60000000,8348672.03860000
1762012800000,0.87800000,0.88500000,0.87300000,0.88000000,5166685.90000000,4538910.19410000
1762027200000,0.88100000,0.88500000,0.86700000,0.87200000,3319471.10000000,2905132.92240000
1762041600000,0.87300000,0.87400000,0.84700000,0.85200000,5387205.30000000,4624032.77730000
1762056000000,0.85100000,0.86500000,0.85000000,0.86000000,3264895.20000000,2807485.76050000
1762070400000,0.86100000,0.86200000,0.84100000,0.85600000,4664474.30000000,3973772.60710000
1762084800000,0.85600000,0.85700000,0.82400000,0.83100000,4769890.40000000,3995265.90540000
1762099200000,0.83000000,0.83700000,0.82100000,0.82900000,3919427.40000000,3251459.13940000
1762113600000,0.82900000,0.84600000,0.82600000,0.84200000,2232670.70000000,1868867.95970000
1762128000000,0.84200000,0.84500000,0.78600000,0.78900000,7132365.40000000,5797624.72930000
1762142400000,0.78800000,0.80300000,0.77800000,0.78700000,6520662.80000000,5148351.46990000
1762156800000,0.78700000,0.79900000,0.77600000,0.78500000,6250836.00000000,4924347.07150000
1762171200000,0.78600000,0.79300000,0.70200000,0.73300000,23011214.70000000,17240218.44170000
1762185600000,0.73300000,0.75600000,0.72100000,0.72700000,13940538.90000000,10251028.53560000
1762200000000,0.72800000,0.73400000,0.71300000,0.72700000,10570183.60000000,7664899.67550000
1762214400000,0.72700000,0.73900000,0.72000000,0.73400000,9535717.90000000,6972610.52570000
1762228800000,0.73400000,0.73900000,0.69700000,0.70300000,15076246.00000000,10745124.64350000
1762243200000,0.70400000,0.72700000,0.69900000,0.71700000,9218260.80000000,6591396.51160000
1762257600000,0.71700000,0.72600000,0.69800000,0.70600000,9259871.80000000,6598540.91640000
1762272000000,0.70600000,0.71600000,0.67500000,0.68700000,19538738.40000000,13554770.32210000
1762286400000,0.68800000,0.71100000,0.65300000,0.70300000,24861797.60000000,16870598.65900000
1762300800000,0.70400000,0.71600000,0.66800000,0.71300000,8819492.40000000,6137853.77950000
1762315200000,0.71300000,0.72200000,0.70800000,0.72000000,4119863.20000000,2950668.03380000
1762329600000,0.72000000,0.72000000,0.70200000,0.71800000,4147270.30000000,2959779.06520000
1762344000000,0.71800000,0.73500000,0.71600000,0.72900000,7004970.10000000,5075231.06490000
1762358400000,0.72900000,0.74200000,0.72300000,0.73500000,5253742.50000000,3852339.74530000
1762372800000,0.73500000,0.74500000,0.73100000,0.73800000,5772531.40000000,4249084.94780000
1762387200000,0.73800000,0.73900000,0.72200000,0.72900000,4874659.40000000,3560495.75240000
1762401600000,0.72900000,0.73200000,0.71400000,0.71900000,4784709.80000000,3444777.83820000
1762416000000,0.71800000,0.72000000,0.71000000,0.71600000,4171834.60000000,2986037.35980000
1762430400000,0.71700000,0.72900000,0.69800000,0.70200000,5923979.60000000,4219100.35440000
1762444800000,0.70200000,0.71700000,0.68800000,0.70900000,4377308.80000000,3076020.75960000
1762459200000,0.71000000,0.71400000,0.69800000,0.70500000,3107416.90000000,2190323.57090000
1762473600000,0.70400000,0.72700000,0.70300000,0.72100000,6262490.70000000,4468094.82020000
1762488000000,0.72100000,0.76700000,0.71700000,0.76600000,7614653.40000000,5654048.95220000
1762502400000,0.76700000,0.76700000,0.72400000,0.73100000,10596840.50000000,7874369.56810000
1762516800000,0.73200000,0.80300000,0.71500000,0.79900000,21241235.10000000,16243640.48770000
1762531200000,0.80000000,0.86500000,0.79400000,0.84900000,33120705.80000000,27539865.35070000
1762545600000,0.84900000,0.87200000,0.82300000,0.83500000,13338738.20000000,11311771.92540000
1762560000000,0.83500000,0.85200000,0.82000000,0.83100000,9263400.40000000,7768630.56630000
1762574400000,0.83000000,0.84900000,0.80800000,0.82500000,7123642.50000000,5878425.75210000
1762588800000,0.82400000,0.84900000,0.81000000,0.83300000,7600995.50000000,6289650.13570000
1762603200000,0.83300000,0.83700000,0.79600000,0.80000000,7360137.00000000,5999000.39060000
1762617600000,0.80000000,0.81700000,0.79300000,0.80900000,4414133.70000000,3556765.36240000
1762632000000,0.80900000,0.81800000,0.80400000,0.81700000,1636230.50000000,1327979.74060000
1762646400000,0.81600000,0.82000000,0.77900000,0.78400000,5289137.10000000,4223246.32850000
1762660800000,0.78400000,0.80300000,0.78400000,0.80200000,2804715.00000000,2224489.31360000
1762675200000,0.80100000,0.80600000,0.78200000,0.80100000,4548041.20000000,3614961.45980000
1762689600000,0.80200000,0.82700000,0.79900000,0.81900000,11164930.50000000,9095616.30540000
1762704000000,0.81900000,0.82700000,0.80600000,0.82600000,4996834.20000000,4072799.80290000
1762718400000,0.82600000,0.82700000,0.81000000,0.81700000,3460807.00000000,2831338.29870000
1762732800000,0.81800000,0.83500000,0.81000000,0.82700000,5011493.00000000,4137579.16620000
1762747200000,0.82700000,0.83900000,0.82300000,0.83300000,6481217.10000000,5386604.91180000
1762761600000,0.83300000,0.84900000,0.82400000,0.83800000,4717710.50000000,3946804.13160000
1762776000000,0.83900000,0.84600000,0.81600000,0.82400000,7900941.40000000,6557737.82040000
1762790400000,0.82400000,0.83000000,0.80900000,0.82000000,5794664.50000000,4747521.96090000
1762804800000,0.82000000,0.84300000,0.81000000,0.83100000,4513596.30000000,3721708.03900000
1762819200000,0.83100000,0.84700000,0.81600000,0.83800000,7726657.10000000,6443483.93660000
1762833600000,0.83800000,0.84100000,0.79300000,0.79400000,7016201.00000000,5703106.57690000
1762848000000,0.79400000,0.80700000,0.79200000,0.80000000,4595026.80000000,3674598.61440000
1762862400000,0.80100000,0.80900000,0.78800000,0.79800000,6573665.40000000,5247826.28810000
1762876800000,0.79700000,0.81000000,0.78200000,0.78300000,5153661.30000000,4095136.21900000
1762891200000,0.78300000,0.78600000,0.76700000,0.77100000,4948899.30000000,3841525.01870000
1762905600000,0.77100000,0.78900000,0.76500000,0.78500000,3391438.30000000,2635496.82860000
1762920000000,0.78500000,0.80000000,0.78000000,0.78700000,2481008.10000000,1959474.38450000
1762934400000,0.78800000,0.81600000,0.78700000,0.80600000,5178836.90000000,4163716.35560000
1762948800000,0.80700000,0.81400000,0.76700000,0.77100000,9046253.60000000,7166199.69510000
1762963200000,0.77100000,0.77300000,0.74500000,0.75400000,7866407.60000000,5944843.11300000
1762977600000,0.75300000,0.77100000,0.75100000,0.76100000,2332608.80000000,1778669.94380000
1762992000000,0.76100000,0.79400000,0.76000000,0.78500000,5706625.60000000,4437369.24650000
1763006400000,0.78500000,0.80900000,0.77900000,0.79600000,5248376.20000000,4174476.80420000
1763020800000,0.79600000,0.79800000,0.78200000,0.78400000,3088900.30000000,2435062.17350000
1763035200000,0.78500000,0.80400000,0.77600000,0.78300000,7233529.60000000,5709397.68970000
1763049600000,0.78200000,0.78500000,0.72300000,0.72800000,10289194.80000000,7673548.53720000
1763064000000,0.72700000,0.75500000,0.71900000,0.74500000,5134570.90000000,3765201.38310000
1763078400000,0.74500000,0.74900000,0.73000000,0.73400000,4756396.50000000,3521564.64620000
1763092800000,0.73300000,0.74500000,0.69900000,0.73700000,11130109.50000000,8029442.89500000
1763107200000,0.73700000,0.73800000,0.71200000,0.71700000,4081698.60000000,2953248.05230000
1763121600000,0.71700000,0.74100000,0.70000000,0.73200000,11442662.90000000,8236027.79770000
1763136000000,0.73200000,0.73800000,0.71500000,0.72900000,5410707.40000000,3934907.83950000
1763150400000,0.73000000,0.73000000,0.69000000,0.70500000,5853162.00000000,4143051.42110000
1763164800000,0.70500000,0.72600000,0.70400000,0.72400000,3412695.10000000,2444906.03260000
1763179200000,0.72400000,0.72800000,0.71200000,0.71500000,5541814.70000000,3984047.50340000
1763193600000,0.71500000,0.71600000,0.69900000,0.70400000,3942334.30000000,2782067.14190000
1763208000000,0.70300000,0.71500000,0.69900000,0.70100000,4276734.50000000,3021188.88980000
1763222400000,0.70100000,0.70700000,0.69300000,0.70100000,3290611.00000000,2305103.44300000
1763236800000,0.70200000,0.70200000,0.69000000,0.69900000,2179735.90000000,1520624.38820000
1763251200000,0.69900000,0.70400000,0.68400000,0.70100000,3518001.70000000,2449263.71560000
1763265600000,0.70000000,0.70300000,0.69400000,0.70100000,4452094.00000000,3108831.03760000
1763280000000,0.70100000,0.70600000,0.68000000,0.68400000,3883591.00000000,2695002.53100000
1763294400000,0.68400000,0.68700000,0.66800000,0.66900000,6074819.00000000,4127341.74960000
1763308800000,0.66900000,0.67800000,0.65300000,0.66300000,9452273.20000000,6273880.52580000
1763323200000,0.66300000,0.68000000,0.65900000,0.67400000,5520036.90000000,3687203.91020000
1763337600000,0.67400000,0.68500000,0.66400000,0.68300000,4479749.30000000,3032066.54700000
1763352000000,0.68300000,0.68700000,0.67700000,0.68600000,2569641.40000000,1752619.91160000
1763366400000,0.68600000,0.68800000,0.68000000,0.68400000,2227242.90000000,1522947.31490000
1763380800000,0.68300000,0.69600000,0.65800000,0.67100000,11162423.30000000,7557467.26990000
1763395200000,0.67100000,0.67900000,0.64100000,0.64300000,9680115.60000000,6363502.35370000
1763409600000,0.64300000,0.65300000,0.63600000,0.65200000,5932251.10000000,3821859.70290000
1763424000000,0.65200000,0.67200000,0.64100000,0.66800000,8729961.30000000,5739163.30460000
1763438400000,0.66800000,0.67700000,0.65900000,0.66700000,5032961.10000000,3355741.63220000
1763452800000,0.66800000,0.67600000,0.66600000,0.67100000,4702329.40000000,3158116.80710000
1763467200000,0.67100000,0.68600000,0.66400000,0.68300000,7398565.00000000,4996852.67760000
1763481600000,0.68400000,0.69600000,0.68100000,0.69100000,6213866.90000000,4283228.48940000
1763496000000,0.69000000,0.69300000,0.68100000,0.68700000,2649711.30000000,1822365.85490000
1763510400000,0.68700000,0.69000000,0.67400000,0.67600000,3854480.30000000,2633721.55880000
1763524800000,0.67500000,0.67700000,0.65600000,0.67100000,5397505.50000000,3598356.93600000
1763539200000,0.67100000,0.67200000,0.66100000,0.66500000,2846892.50000000,1898131.26990000
1763553600000,0.66600000,0.67800000,0.65200000,0.65500000,5984331.70000000,3976120.41570000
1763568000000,0.65400000,0.66000000,0.63300000,0.63800000,5530208.60000000,3560179.20160000
1763582400000,0.63800000,0.67200000,0.63700000,0.66700000,6318558.70000000,4164983.91940000
1763596800000,0.66700000,0.67700000,0.66500000,0.67300000,2486529.00000000,1671823.17910000
1763611200000,0.67300000,0.68800000,0.67100000,0.68600000,4514412.00000000,3059298.69870000
1763625600000,0.68700000,0.70900000,0.68500000,0.70000000,10418290.40000000,7247969.23340000
1763640000000,0.70000000,0.71400000,0.68400000,0.68500000,11963398.40000000,8401145.80200000
1763654400000,0.68500000,0.68700000,0.63500000,0.65100000,14547951.40000000,9563951.14630000
1763668800000,0.65100000,0.68000000,0.64500000,0.65400000,5776909.00000000,3815357.47140000
1763683200000,0.65500000,0.66700000,0.64100000,0.65000000,4457901.50000000,2916745.29650000
1763697600000,0.65000000,0.65400000,0.56600000,0.61400000,17817496.00000000,10941309.03700000
1763712000000,0.61500000,0.62100000,0.58900000,0.59100000,17388831.80000000,10518478.97620000
1763726400000,0.59200000,0.61400000,0.57600000,0.59600000,21474207.80000000,12824753.63170000
1763740800000,0.59700000,0.62200000,0.58700000,0.60000000,11062814.60000000,6685170.46930000
1763755200000,0.60000000,0.60300000,0.57000000,0.59300000,13762707.00000000,8093341.51280000
1763769600000,0.59400000,0.61300000,0.59300000,0.60100000,7532274.80000000,4539225.45160000
1763784000000,0.60200000,0.60200000,0.58300000,0.60100000,7308221.40000000,4333886.74350000
1763798400000,0.60000000,0.60100000,0.58500000,0.59700000,4729780.70000000,2798844.65560000
1763812800000,0.59600000,0.60400000,0.58700000,0.59600000,4885970.20000000,2910592.88690000
1763827200000,0.59600000,0.60700000,0.59600000,0.60000000,3818707.90000000,2296595.62580000
1763841600000,0.60100000,0.61100000,0.59500000,0.60500000,3421977.60000000,2062698.48650000
1763856000000,0.60600000,0.61500000,0.60000000,0.60800000,6610978.30000000,4023240.05640000
1763870400000,0.60900000,0.61800000,0.60300000,0.60800000,4421442.10000000,2704770.99140000
1763884800000,0.60800000,0.61500000,0.60200000,0.60700000,3488506.00000000,2126079.17120000
1763899200000,0.60700000,0.61700000,0.60400000,0.61400000,5603014.20000000,3419621.76240000
1763913600000,0.61400000,0.62600000,0.60700000,0.62300000,4285583.50000000,2639315.16600000
1763928000000,0.62300000,0.62600000,0.60700000,0.61000000,4399925.10000000,2722705.49640000
1763942400000,0.60900000,0.62800000,0.60100000,0.61900000,6427499.70000000,3946681.04290000
1763956800000,0.62000000,0.62500000,0.60600000,0.61300000,4799169.70000000,2956408.89800000
1763971200000,0.61300000,0.61500000,0.59900000,0.60500000,4046135.30000000,2450540.04400000
1763985600000,0.60500000,0.61800000,0.59500000,0.61300000,9100662.90000000,5509506.19790000
1764000000000,0.61400000,0.64400000,0.61400000,0.63500000,11822859.50000000,7465489.16040000
1764014400000,0.63600000,0.64500000,0.63500000,0.63700000,4384785.20000000,2808656.88000000
1764028800000,0.63700000,0.64000000,0.62700000,0.63300000,3521264.10000000,2232094.14570000
1764043200000,0.63200000,0.63700000,0.62400000,0.62500000,3822350.20000000,2405470.51120000
1764057600000,0.62500000,0.63200000,0.62000000,0.62900000,3637341.20000000,2278765.46950000
1764072000000,0.62900000,0.63600000,0.61400000,0.62500000,6626321.30000000,4142053.41810000
1764086400000,0.62400000,0.63500000,0.61700000,0.62900000,3931112.50000000,2462789.16580000
1764100800000,0.62900000,0.64500000,0.62600000,0.64100000,3234830.10000000,2055938.79640000
1764115200000,0.64100000,0.64500000,0.63300000,0.63600000,2637014.40000000,1684367.95610000
1764129600000,0.63600000,0.64100000,0.63400000,0.64100000,1742782.10000000,1111968.85460000
1764144000000,0.64100000,0.64100000,0.62400000,0.62500000,2035784.60000000,1285633.73450000
1764158400000,0.62500000,0.63000000,0.61700000,0.62100000,3172553.50000000,1978863.32670000
1764172800000,0.62100000,0.65900000,0.62100000,0.65500000,5296942.80000000,3425878.49150000
1764187200000,0.65600000,0.65900000,0.65000000,0.65700000,4224903.70000000,2768689.26320000
1764201600000,0.65700000,0.66400000,0.65300000,0.65800000,3952564.40000000,2601347.83230000
1764216000000,0.65700000,0.66100000,0.64900000,0.65100000,2237280.10000000,1461921.91300000
1764230400000,0.65100000,0.65500000,0.64600000,0.64700000,3845896.60000000,2498356.54290000
1764244800000,0.64700000,0.66000000,0.64400000,0.65900000,4511370.00000000,2940425.73170000
1764259200000,0.65800000,0.67000000,0.65700000,0.66600000,6117277.70000000,4058725.41860000
1764273600000,0.66700000,0.66900000,0.65100000,0.65300000,2864063.90000000,1892842.98230000
1764288000000,0.65300000,0.65700000,0.63800000,0.64500000,4228545.20000000,2729183.03310000
1764302400000,0.64400000,0.64600000,0.63900000,0.64100000,2633725.50000000,1692590.23300000
1764316800000,0.64100000,0.66700000,0.64000000,0.64700000,10103615.70000000,6617024.42960000
1764331200000,0.64700000,0.66400000,0.64400000,0.65800000,5989836.00000000,3926129.38070000
1764345600000,0.65800000,0.65800000,0.63300000,0.64800000,6307080.80000000,4067485.84950000
1764360000000,0.64900000,0.65300000,0.64200000,0.64900000,3160370.90000000,2045668.00000000
1764374400000,0.64900000,0.65900000,0.64400000,0.64500000,2721663.70000000,1768680.42470000
1764388800000,0.64500000,0.64900000,0.63900000,0.64200000,3484209.80000000,2239206.96270000
1764403200000,0.64100000,0.64500000,0.63400000,0.64400000,2000406.50000000,1278033.04410000
1764417600000,0.64400000,0.64600000,0.63600000,0.64000000,2465985.20000000,1576945.54480000
1764432000000,0.64000000,0.64100000,0.62800000,0.63200000,4509147.30000000,2852868.11210000
1764446400000,0.63200000,0.63600000,0.62800000,0.63000000,2319192.20000000,1465320.88270000
1764460800000,0.63000000,0.63400000,0.62200000,0.63200000,2458712.10000000,1547494.41340000
1764475200000,0.63300000,0.63400000,0.62400000,0.63000000,2364120.00000000,1485566.95310000
1764489600000,0.62900000,0.63300000,0.62600000,0.62700000,2925694.70000000,1841476.45810000
1764504000000,0.62700000,0.64100000,0.62400000,0.62800000,4433799.80000000,2801191.80670000
1764518400000,0.62700000,0.64000000,0.62700000,0.63800000,3494748.00000000,2220359.66270000
1764532800000,0.63800000,0.64500000,0.61800000,0.62000000,3847189.70000000,2445790.76030000
1764547200000,0.61900000,0.62200000,0.57300000,0.57300000,12753369.80000000,7515512.43930000
1764561600000,0.57300000,0.58400000,0.57100000,0.57700000,5561129.50000000,3207675.57570000
1764576000000,0.57700000,0.58300000,0.57100000,0.57200000,3766457.50000000,2168993.82470000
1764590400000,0.57200000,0.57800000,0.55700000,0.56800000,9291887.80000000,5272794.13960000
1764604800000,0.56800000,0.56800000,0.55600000,0.56000000,4338460.20000000,2436387.11080000
1764619200000,0.56000000,0.57900000,0.56000000,0.57400000,3688446.70000000,2108494.01830000
1764633600000,0.57400000,0.58300000,0.56900000,0.57500000,2644412.20000000,1521899.99390000
1764648000000,0.57600000,0.57800000,0.57300000,0.57300000,3746985.40000000,2156335.85120000
1764662400000,0.57300000,0.58000000,0.56700000,0.57800000,3853331.90000000,2203251.26760000
1764676800000,0.57900000,0.66000000,0.57700000,0.65800000,19444079.20000000,12182440.95800000
1764691200000,0.65900000,0.66500000,0.63400000,0.63600000,11334298.70000000,7380907.28610000
1764705600000,0.63600000,0.63900000,0.62700000,0.62800000,3663536.00000000,2317172.93170000
1764720000000,0.62800000,0.63600000,0.61900000,0.63200000,5148085.80000000,3236839.52300000
1764734400000,0.63100000,0.64200000,0.62800000,0.63300000,4117049.70000000,2619256.59250000
1764748800000,0.63300000,0.64000000,0.62700000,0.63200000,4319416.80000000,2735387.20760000
1764763200000,0.63300000,0.63900000,0.61700000,0.62600000,10427341.90000000,6548203.96330000
1764777600000,0.62700000,0.63700000,0.62200000,0.63000000,3902874.40000000,2456015.22220000
1764792000000,0.63100000,0.64300000,0.62700000,0.63500000,5910231.30000000,3746234.25200000
1764806400000,0.63400000,0.64500000,0.63200000,0.63800000,3101281.20000000,1981846.03750000
1764820800000,0.63900000,0.64400000,0.63600000,0.63900000,2615529.70000000,1673895.92200000
1764835200000,0.63900000,0.64400000,0.63300000,0.63600000,2373549.90000000,1516208.83170000
1764849600000,0.63700000,0.64100000,0.62600000,0.63900000,4153666.10000000,2630844.14270000
1764864000000,0.63800000,0.64200000,0.61600000,0.62800000,5537981.70000000,3499015.51320000
1764878400000,0.62700000,0.63000000,0.61900000,0.61900000,2376914.20000000,1484103.57450000
1764892800000,0.62000000,0.62400000,0.61400000,0.61500000,2125919.20000000,1316032.29440000
1764907200000,0.61600000,0.62000000,0.60800000,0.61900000,2890283.80000000,1772103.72680000
1764921600000,0.61900000,0.61900000,0.60000000,0.60300000,3295037.20000000,2005179.70390000
1764936000000,0.60200000,0.60600000,0.58700000,0.58900000,7172944.30000000,4275538.56970000
1764950400000,0.58900000,0.59000000,0.56400000,0.56900000,12947283.10000000,7449489.11780000
1764964800000,0.57000000,0.57600000,0.56400000,0.57400000,3299960.50000000,1881273.18280000
1764979200000,0.57400000,0.58100000,0.57200000,0.57900000,2182575.80000000,1257224.19040000
1764993600000,0.57900000,0.58100000,0.57300000,0.57900000,1699499.90000000,980438.41810000
1765008000000,0.57900000,0.57900000,0.57000000,0.57500000,1599003.60000000,919139.89370000
1765022400000,0.57500000,0.58300000,0.57400000,0.57500000,2356138.70000000,1359460.56700000
1765036800000,0.57500000,0.58200000,0.57400000,0.57600000,2906590.20000000,1680260.42090000
1765051200000,0.57600000,0.58500000,0.57300000,0.57800000,2606086.80000000,1506630.12310000
1765065600000,0.57700000,0.58300000,0.57700000,0.58000000,1430601.60000000,829078.34970000
1765080000000,0.58000000,0.58400000,0.57700000,0.57900000,1076999.50000000,624960.22390000
1765094400000,0.58000000,0.58500000,0.57200000,0.57800000,2318217.50000000,1339545.08040000
1765108800000,0.57700000,0.58000000,0.55300000,0.57300000,7365900.20000000,4160241.77100000
1765123200000,0.57300000,0.59500000,0.56600000,0.59100000,4627539.10000000,2699474.86650000
1765137600000,0.59200000,0.59300000,0.55700000,0.56600000,5440173.60000000,3103998.75110000
1765152000000,0.56600000,0.58500000,0.56300000,0.57600000,3480282.90000000,1992908.55350000
1765166400000,0.57500000,0.58900000,0.57500000,0.58600000,2530337.60000000,1474334.85700000
1765180800000,0.58600000,0.59800000,0.58400000,0.59200000,3821383.50000000,2257428.41900000
1765195200000,0.59200000,0.60300000,0.58600000,0.59100000,6822246.70000000,4048028.94750000
1765209600000,0.59100000,0.60400000,0.58100000,0.58500000,5332862.00000000,3158379.57640000
1765224000000,0.58500000,0.61800000,0.58400000,0.61400000,7377315.20000000,4464451.23670000
1765238400000,0.61400000,0.61900000,0.59800000,0.61800000,5265825.50000000,3197189.67330000
1765252800000,0.61800000,0.62000000,0.59300000,0.60000000,6293505.70000000,3792339.20310000
1765267200000,0.60000000,0.60100000,0.58700000,0.59700000,3388439.50000000,2013823.78700000
1765281600000,0.59600000,0.62600000,0.59500000,0.62500000,7380606.90000000,4512692.40060000
1765296000000,0.62500000,0.64800000,0.62400000,0.64600000,9303645.80000000,5932800.02190000
1765310400000,0.64700000,0.64700000,0.63000000,0.64400000,4692955.70000000,3003917.64800000
1765324800000,0.64400000,0.64500000,0.63100000,0.63100000,2496393.50000000,1588739.79240000
1765339200000,0.63100000,0.64000000,0.62800000,0.63000000,2435030.80000000,1543724.21000000
1765353600000,0.63000000,0.63000000,0.61800000,0.62400000,4891768.00000000,3051546.64730000
1765368000000,0.62500000,0.63400000,0.62300000,0.62500000,4007240.30000000,2518709.93530000
1765382400000,0.62500000,0.64200000,0.62200000,0.63900000,7129554.60000000,4516652.53870000
1765396800000,0.64000000,0.65300000,0.61500000,0.61600000,8290702.50000000,5250630.13450000
1765411200000,0.61600000,0.61800000,0.58100000,0.58200000,5249705.30000000,3130006.45920000
1765425600000,0.58100000,0.59800000,0.57900000,0.59000000,2578242.90000000,1518898.36600000
1765440000000,0.58900000,0.59400000,0.58500000,0.59000000,2639295.30000000,1554478.14950000
1765454400000,0.59000000,0.59200000,0.57900000,0.58600000,4538630.80000000,2661338.25740000
1765468800000,0.58500000,0.60900000,0.58000000,0.59500000,4338364.80000000,2585379.43700000
1765483200000,0.59500000,0.60500000,0.59000000,0.59600000,4610182.10000000,2753986.30590000
1765497600000,0.59600000,0.60200000,0.58800000,0.59800000,3221392.80000000,1920604.91030000
1765512000000,0.59700000,0.60800000,0.59400000,0.60000000,1925703.50000000,1155849.23250000
1765526400000,0.60000000,0.60800000,0.59500000,0.60400000,1860976.30000000,1118361.04540000
1765540800000,0.60300000,0.61000000,0.57400000,0.57700000,5528387.80000000,3278928.29460000
1765555200000,0.57600000,0.58100000,0.56300000,0.57300000,8661440.30000000,4958268.78440000
1765569600000,0.57300000,0.58200000,0.56900000,0.58000000,2740581.40000000,1575534.46720000
1765584000000,0.58100000,0.59100000,0.57800000,0.58900000,1943203.40000000,1134123.56580000
1765598400000,0.58800000,0.59200000,0.58000000,0.58500000,1697279.80000000,993082.07720000
1765612800000,0.58500000,0.59100000,0.58500000,0.58900000,1092529.70000000,642618.31260000
1765627200000,0.58800000,0.59600000,0.58600000,0.59300000,2900808.40000000,1710903.70490000
1765641600000,0.59300000,0.60100000,0.59200000,0.59500000,2817315.60000000,1679332.90960000
1765656000000,0.59600000,0.59800000,0.58900000,0.59400000,1425351.80000000,845086.71580000
1765670400000,0.59400000,0.59500000,0.58700000,0.58800000,1333261.40000000,787868.67670000
1765684800000,0.58900000,0.59000000,0.58100000,0.58500000,1608438.70000000,939624.75880000
1765699200000,0.58400000,0.58600000,0.57100000,0.57800000,2988366.20000000,1730270.75080000
1765713600000,0.57700000,0.58200000,0.56800000,0.57100000,3084485.00000000,1771214.63140000
1765728000000,0.57200000,0.57700000,0.56200000,0.56400000,4987376.10000000,2829367.87360000
1765742400000,0.56400000,0.56800000,0.55500000,0.56200000,6033592.40000000,3387606.98760000
1765756800000,0.56300000,0.58600000,0.56200000,0.57500000,4980774.20000000,2858465.19290000
1765771200000,0.57600000,0.58300000,0.57400000,0.57800000,2071705.90000000,1199891.35770000
1765785600000,0.57800000,0.58400000,0.57700000,0.58000000,2977709.40000000,1728806.96170000
1765800000000,0.58000000,0.58200000,0.53700000,0.54200000,10647571.80000000,5944044.33590000
1765814400000,0.54300000,0.54400000,0.52300000,0.53100000,11338723.10000000,6038976.15550000
1765828800000,0.53000000,0.54100000,0.52500000,0.53900000,5178521.00000000,2757699.54980000
1765843200000,0.53900000,0.54100000,0.53000000,0.53500000,4004686.00000000,2140035.81910000
1765857600000,0.53500000,0.53600000,0.51900000,0.52000000,5598081.60000000,2953197.61380000
1765872000000,0.51900000,0.54200000,0.51800000,0.53800000,4150463.60000000,2203582.45250000
1765886400000,0.53800000,0.54100000,0.52300000,0.53500000,7720640.70000000,4114115.72820000
1765900800000,0.53500000,0.53700000,0.52300000,0.52900000,4178465.40000000,2211522.57220000
1765915200000,0.52900000,0.53400000,0.52500000,0.52800000,2002231.10000000,1058799.21350000
1765929600000,0.52800000,0.53200000,0.52100000,0.52300000,2794577.20000000,1468044.59240000
1765944000000,0.52300000,0.52600000,0.51200000,0.51400000,6928406.50000000,3573322.45420000
1765958400000,0.51400000,0.51900000,0.51000000,0.51700000,2677664.40000000,1374979.84080000
1765972800000,0.51700000,0.54600000,0.51500000,0.51800000,12321996.20000000,6508688.63540000
1765987200000,0.51700000,0.52300000,0.49300000,0.50100000,13455364.00000000,6755291.42660000
1766001600000,0.50000000,0.50600000,0.49300000,0.49700000,4363693.80000000,2175446.89610000
1766016000000,0.49800000,0.50100000,0.49200000,0.49600000,3501549.20000000,1739471.32770000
1766030400000,0.49600000,0.49900000,0.48870000,0.49560000,3528124.60000000,1741076.12033000
1766044800000,0.49560000,0.50250000,0.49500000,0.50250000,2786722.50000000,1390315.95477000
1766059200000,0.50250000,0.52590000,0.50050000,0.51680000,9628348.20000000,4941816.69855000
1766073600000,0.51680000,0.51720000,0.47270000,0.47380000,8532398.00000000,4212716.48014000
1766088000000,0.47380000,0.48760000,0.47350000,0.47910000,3059899.40000000,1470940.24431000
1766102400000,0.47920000,0.50210000,0.47520000,0.49620000,7907623.30000000,3827890.06827000
1766116800000,0.49610000,0.51220000,0.49460000,0.50450000,3850838.60000000,1926834.76477000
1766131200000,0.50460000,0.50700000,0.50080000,0.50590000,2465933.50000000,1243265.04939000
1766145600000,0.50600000,0.52300000,0.50350000,0.51270000,5828681.50000000,2979819.66816000
1766160000000,0.51260000,0.52760000,0.50740000,0.52410000,4322423.00000000,2235749.56398000
1766174400000,0.52400000,0.52970000,0.52110000,0.52250000,2658938.40000000,1395283.12791000
1766188800000,0.52230000,0.52300000,0.51630000,0.51780000,2345647.70000000,1218629.77932000
1766203200000,0.51780000,0.52270000,0.51340000,0.52240000,2124278.40000000,1099030.42879000
1766217600000,0.52250000,0.52490000,0.51770000,0.52290000,2133173.20000000,1112080.91908000
1766232000000,0.52300000,0.52340000,0.51650000,0.52050000,2354702.00000000,1223907.49913000
1766246400000,0.52050000,0.52380000,0.51930000,0.52130000,1634612.00000000,852480.27699000
1766260800000,0.52120000,0.52500000,0.52100000,0.52330000,1015730.40000000,531091.41448000
1766275200000,0.52330000,0.52380000,0.51050000,0.51460000,2050904.50000000,1058412.38905000
1766289600000,0.51470000,0.51800000,0.51300000,0.51710000,812420.70000000,419053.95325000
1766304000000,0.51710000,0.52350000,0.51450000,0.51490000,2649269.50000000,1372982.72622000
1766318400000,0.51480000,0.51560000,0.49610000,0.50150000,6691829.80000000,3386507.54036000
1766332800000,0.50150000,0.50830000,0.49960000,0.50590000,1298647.80000000,653967.54367000
1766347200000,0.50580000,0.51420000,0.50170000,0.51130000,1351020.20000000,685349.42616000
1766361600000,0.51140000,0.52410000,0.50490000,0.51330000,3678411.80000000,1894451.71134000
1766376000000,0.51330000,0.51790000,0.51270000,0.51670000,1047021.30000000,540077.66485000
1766390400000,0.51670000,0.52230000,0.51270000,0.51570000,2176651.70000000,1122790.07671000
1766404800000,0.51580000,0.52040000,0.51000000,0.51590000,2121210.40000000,1093920.70217000
1766419200000,0.51590000,0.51730000,0.49820000,0.50000000,2138214.80000000,1088699.18421000
1766433600000,0.50000000,0.50650000,0.49650000,0.50430000,2119034.20000000,1062681.53408000
1766448000000,0.50420000,0.51090000,0.49610000,0.49830000,5636006.70000000,2850287.34299000
1766462400000,0.49820000,0.50110000,0.49380000,0.49690000,4477083.10000000,2228738.91005000
1766476800000,0.49690000,0.50100000,0.49450000,0.49750000,1779893.00000000,886159.77335000
1766491200000,0.49750000,0.49750000,0.48410000,0.48930000,4886343.60000000,2401425.02136000
1766505600000,0.48930000,0.49690000,0.48540000,0.49510000,3355426.20000000,1651455.09168000
1766520000000,0.49520000,0.50190000,0.49130000,0.49290000,1872503.90000000,927198.38147000
1766534400000,0.49300000,0.49580000,0.48170000,0.48660000,1898518.30000000,926560.21405000
1766548800000,0.48660000,0.48780000,0.48060000,0.48210000,1022897.90000000,494505.37285000
1766563200000,0.48210000,0.48400000,0.48100000,0.48230000,1083983.90000000,522971.90835000
1766577600000,0.48220000,0.48710000,0.47730000,0.48550000,1681112.60000000,811147.96403000
1766592000000,0.48560000,0.48800000,0.48060000,0.48540000,1404324.50000000,679644.60883000
1766606400000,0.48560000,0.49310000,0.48520000,0.48870000,1399897.20000000,684756.17002000
1766620800000,0.48870000,0.49970000,0.48780000,0.49690000,2600320.90000000,1283909.82429000
1766635200000,0.49690000,0.49940000,0.49320000,0.49910000,2063355.30000000,1024191.65686000
1766649600000,0.49910000,0.50460000,0.48990000,0.49360000,3631455.20000000,1809891.57533000
1766664000000,0.49350000,0.50240000,0.49060000,0.49930000,3137171.30000000,1555627.07582000
1766678400000,0.49930000,0.50270000,0.49540000,0.50240000,2434124.90000000,1216540.99278000
1766692800000,0.50250000,0.50260000,0.47700000,0.47980000,5238939.50000000,2561437.42116000
1766707200000,0.47970000,0.50240000,0.47800000,0.49610000,4065130.20000000,1998222.58825000
1766721600000,0.49620000,0.50410000,0.49290000,0.49490000,2884400.90000000,1441447.66358000
1766736000000,0.49490000,0.49810000,0.49470000,0.49540000,1894298.70000000,940973.19283000
1766750400000,0.49540000,0.49790000,0.48320000,0.48820000,4061795.10000000,1994928.51339000
1766764800000,0.48830000,0.49580000,0.48310000,0.49510000,2385257.30000000,1165030.34420000
1766779200000,0.49510000,0.49560000,0.48910000,0.49240000,1682824.00000000,828855.34566000
1766793600000,0.49250000,0.49760000,0.48970000,0.49630000,1861502.70000000,917173.31937000
1766808000000,0.49630000,0.49670000,0.49130000,0.49240000,1021472.50000000,504565.41593000
1766822400000,0.49240000,0.49650000,0.48840000,0.49560000,2038082.10000000,1002957.34955000
1766836800000,0.49570000,0.49960000,0.49370000,0.49910000,1198964.90000000,594731.82269000
1766851200000,0.49910000,0.50340000,0.49790000,0.50050000,1435944.70000000,717854.27909000
1766865600000,0.50060000,0.51490000,0.49850000,0.51410000,2643838.40000000,1341163.61252000
1766880000000,0.51420000,0.51540000,0.50710000,0.50970000,2184368.20000000,1113830.11638000
1766894400000,0.50960000,0.51170000,0.50680000,0.51010000,1528065.90000000,777821.94604000
1766908800000,0.51020000,0.51300000,0.50680000,0.50890000,1574228.70000000,803032.52940000
1766923200000,0.50900000,0.51260000,0.50390000,0.50740000,2145468.50000000,1088915.59958000
1766937600000,0.50750000,0.51160000,0.50000000,0.50120000,2715987.30000000,1373984.50073000
1766952000000,0.50120000,0.50620000,0.49920000,0.50510000,1709485.40000000,857563.18017000
1766966400000,0.50510000,0.52090000,0.50350000,0.52010000,5822863.50000000,2988192.73037000
1766980800000,0.52000000,0.52060000,0.51060000,0.51450000,3394004.60000000,1752646.60227000
1766995200000,0.51460000,0.51700000,0.50310000,0.50450000,5096075.10000000,2593034.00228000
1767009600000,0.50450000,0.50780000,0.49360000,0.49990000,9719635.30000000,4860489.31732000
1767024000000,0.49980000,0.50140000,0.49130000,0.49360000,3573175.10000000,1773134.89077000
1767038400000,0.49360000,0.49580000,0.49060000,0.49360000,2339509.60000000,1154807.86542000
1767052800000,0.49360000,0.49580000,0.48800000,0.49420000,3086047.60000000,1519753.68459000
1767067200000,0.49420000,0.49600000,0.48910000,0.49380000,2625184.70000000,1294312.53268000
1767081600000,0.49380000,0.50120000,0.49360000,0.49900000,2077493.40000000,1034536.24135000
1767096000000,0.49900000,0.50020000,0.49130000,0.49600000,3480314.00000000,1725423.14332000
1767110400000,0.49600000,0.49890000,0.48670000,0.49240000,3138268.80000000,1543184.80500000
1767124800000,0.49230000,0.49230000,0.48890000,0.49130000,1235193.30000000,605927.60598000
1767139200000,0.49130000,0.49510000,0.48910000,0.49110000,1587298.70000000,780672.52608000
1767153600000,0.49110000,0.49280000,0.48810000,0.48980000,1493375.50000000,732532.30102000
1767168000000,0.48980000,0.49180000,0.48590000,0.49120000,2688791.60000000,1314929.81974000
1767182400000,0.49110000,0.49620000,0.48600000,0.48730000,3075517.50000000,1508243.06407000
1767196800000,0.48740000,0.48770000,0.46960000,0.47520000,6516105.50000000,3108620.03639000
1767211200000,0.47520000,0.48360000,0.47240000,0.48060000,2367339.80000000,1136324.87921000
1767225600000,0.48070000,0.48580000,0.47910000,0.47950000,942502.60000000,454543.10504000
1767240000000,0.47960000,0.48470000,0.47750000,0.48320000,1237261.20000000,596715.59304000
1767254400000,0.48310000,0.49030000,0.48210000,0.48980000,2414237.80000000,1175518.07530000
1767268800000,0.48980000,0.50770000,0.48690000,0.50500000,3615812.00000000,1797547.69085000
1767283200000,0.50500000,0.51650000,0.50270000,0.51650000,4418046.40000000,2254411.70656000
1767297600000,0.51640000,0.52470000,0.51300000,0.52110000,4373400.00000000,2265345.14958000
1767312000000,0.52110000,0.52730000,0.51580000,0.52650000,4794353.30000000,2494996.60649000
1767326400000,0.52660000,0.52980000,0.52020000,0.52140000,4011483.10000000,2103049.73864000
1767340800000,0.52130000,0.53350000,0.52100000,0.52490000,5830129.20000000,3067995.67764000
1767355200000,0.52490000,0.54320000,0.52410000,0.53710000,11117801.90000000,5943342.47670000
1767369600000,0.53710000,0.55350000,0.53560000,0.54870000,7194893.70000000,3932011.69858000
1767384000000,0.54880000,0.55800000,0.54310000,0.55620000,5581763.70000000,3070204.59586000
1767398400000,0.55620000,0.56730000,0.55370000,0.56590000,5954186.40000000,3326322.27808000
1767412800000,0.56600000,0.60000000,0.56110000,0.56250000,16329800.20000000,9416707.75632000
1767427200000,0.56240000,0.57070000,0.55680000,0.56800000,5047076.20000000,2846974.34026000
1767441600000,0.56790000,0.58020000,0.56600000,0.57060000,6745268.10000000,3868751.91308000
1767456000000,0.57070000,0.59750000,0.57040000,0.57770000,8044462.30000000,4703280.73837000
1767470400000,0.57770000,0.58920000,0.57100000,0.58520000,4547889.90000000,2638984.25013000
1767484800000,0.58520000,0.59370000,0.57860000,0.59060000,5546212.60000000,3255566.44946000
1767499200000,0.59040000,0.60680000,0.58280000,0.59720000,6879824.80000000,4076952.13991000
1767513600000,0.59720000,0.59730000,0.58210000,0.58970000,4219686.50000000,2483831.14547000
1767528000000,0.58970000,0.60360000,0.58660000,0.60150000,6162275.50000000,3673864.35750000
1767542400000,0.60140000,0.60960000,0.58910000,0.59500000,5826032.80000000,3509626.60658000
1767556800000,0.59500000,0.60870000,0.59250000,0.60100000,4561139.50000000,2738513.03737000
1767571200000,0.60090000,0.61300000,0.59490000,0.60050000,7542138.10000000,4550676.85537000
1767585600000,0.60050000,0.60480000,0.58660000,0.60010000,5655435.80000000,3361229.22159000
1767600000000,0.60000000,0.60280000,0.58780000,0.59220000,3848913.70000000,2285919.17681000
1767614400000,0.59220000,0.60640000,0.58810000,0.60460000,4349117.30000000,2596343.46663000
1767628800000,0.60470000,0.66250000,0.60110000,0.63500000,15972896.40000000,10095862.93243000
1767643200000,0.63510000,0.64130000,0.62620000,0.63670000,5072220.30000000,3220293.25477000
1767657600000,0.63670000,0.64120000,0.62690000,0.63560000,4101484.80000000,2599944.25596000
1767672000000,0.63570000,0.64630000,0.61770000,0.62120000,5596890.80000000,3531594.89802000
1767686400000,0.62120000,0.63850000,0.61990000,0.63370000,3080925.00000000,1936050.60425000
1767700800000,0.63380000,0.65080000,0.62920000,0.63410000,7378567.90000000,4721603.29850000
1767715200000,0.63410000,0.63680000,0.60750000,0.61450000,8190980.90000000,5083938.80150000
1767729600000,0.61450000,0.64040000,0.61450000,0.63600000,3479743.40000000,2199555.46582000
1767744000000,0.63600000,0.63710000,0.61290000,0.62070000,3681119.50000000,2289885.21074000
1767758400000,0.62080000,0.63330000,0.61520000,0.63330000,3506405.40000000,2176154.55807000
1767772800000,0.63340000,0.63500000,0.61490000,0.62100000,4569928.90000000,2855070.83580000
1767787200000,0.62100000,0.62110000,0.59170000,0.59540000,9290586.00000000,5604166.84916000
1767801600000,0.59540000,0.60300000,0.59170000,0.59800000,2577752.20000000,1540705.43645000
1767816000000,0.59810000,0.59980000,0.58910000,0.59420000,2027679.50000000,1205529.64462000
1767830400000,0.59430000,0.60040000,0.58400000,0.58870000,3850143.30000000,2281269.58392000
1767844800000,0.58870000,0.59670000,0.57620000,0.58850000,4277186.20000000,2506989.59498000
1767859200000,0.58860000,0.59280000,0.57330000,0.57810000,4021539.70000000,2334454.79920000
1767873600000,0.57810000,0.59110000,0.56560000,0.59050000,5471681.00000000,3145204.35449000
1767888000000,0.59050000,0.59140000,0.58040000,0.58170000,2913113.50000000,1708469.12727000
1767902400000,0.58160000,0.58930000,0.57490000,0.58310000,2580589.60000000,1503719.38619000
1767916800000,0.58310000,0.58800000,0.57610000,0.58470000,2659240.40000000,1547193.37000000
1767931200000,0.58480000,0.58950000,0.58000000,0.58730000,1968360.00000000,1150964.75599000
1767945600000,0.58730000,0.59080000,0.57620000,0.57870000,4580917.60000000,2669595.34358000
1767960000000,0.57870000,0.59870000,0.57270000,0.58900000,6647588.30000000,3874124.44740000
1767974400000,0.58910000,0.60020000,0.57370000,0.57630000,3823329.40000000,2249275.50512000
1767988800000,0.57620000,0.58310000,0.57540000,0.57930000,1360614.70000000,788279.47265000
1768003200000,0.57930000,0.58040000,0.57080000,0.57480000,2324799.80000000,1338168.74490000
1768017600000,0.57490000,0.57800000,0.56820000,0.57690000,1461338.00000000,837101.31796000
1768032000000,0.57680000,0.58570000,0.57510000,0.58560000,1122964.60000000,650889.16686000
1768046400000,0.58560000,0.58890000,0.58000000,0.58100000,1621389.70000000,947887.37182000
1768060800000,0.58090000,0.58130000,0.57180000,0.58110000,1019063.80000000,588011.40078000
1768075200000,0.58120000,0.58180000,0.56930000,0.57230000,1195848.40000000,685774.44752000
1768089600000,0.57220000,0.57590000,0.57030000,0.57360000,963198.70000000,552043.81430000
1768104000000,0.57350000,0.57590000,0.56950000,0.57570000,850810.10000000,487103.86601000
1768118400000,0.57560000,0.58260000,0.57410000,0.58190000,1744986.40000000,1010517.23611000
1768132800000,0.58200000,0.58570000,0.56880000,0.57290000,2404349.60000000,1389802.01955000
1768147200000,0.57290000,0.58100000,0.57100000,0.57580000,1956203.20000000,1127381.21556000
1768161600000,0.57570000,0.57570000,0.55750000,0.56890000,3669164.10000000,2077160.19851000
1768176000000,0.56890000,0.59050000,0.56050000,0.58150000,3849497.20000000,2228056.21297000
1768190400000,0.58160000,0.58960000,0.56690000,0.57110000,4733772.10000000,2720041.78855000
1768204800000,0.57100000,0.57490000,0.56110000,0.56680000,3372237.00000000,1910989.66480000
1768219200000,0.56680000,0.57330000,0.55310000,0.57100000,5068419.10000000,2852117.96661000
1768233600000,0.57100000,0.57840000,0.55950000,0.56430000,3335620.30000000,1890451.97626000
1768248000000,0.56430000,0.56820000,0.55350000,0.55610000,2019228.80000000,1128271.67278000
1768262400000,0.55610000,0.56290000,0.55540000,0.55980000,1605619.10000000,897075.08277000
1768276800000,0.55980000,0.56920000,0.55730000,0.56590000,2152262.00000000,1215080.65209000
1768291200000,0.56600000,0.57580000,0.56300000,0.57240000,1692466.10000000,964294.56685000
1768305600000,0.57250000,0.60800000,0.57080000,0.60770000,7908587.90000000,4655412.55835000
1768320000000,0.60770000,0.61430000,0.59780000,0.60580000,6755392.90000000,4090531.43661000
1768334400000,0.60600000,0.62850000,0.59700000,0.61760000,7779967.00000000,4790392.27048000
1768348800000,0.61760000,0.62240000,0.61320000,0.61990000,3214694.40000000,1987823.33548000
1768363200000,0.61980000,0.62120000,0.60720000,0.60930000,2932492.80000000,1796621.23533000
1768377600000,0.60930000,0.61530000,0.60340000,0.60520000,4128366.50000000,2518499.33603000
1768392000000,0.60520000,0.61530000,0.59880000,0.61330000,5748240.60000000,3496888.82792000
1768406400000,0.61330000,0.62190000,0.59330000,0.60530000,7835688.20000000,4776775.12295000
1768420800000,0.60530000,0.61080000,0.59420000,0.59960000,3628307.20000000,2183744.60848000
1768435200000,0.59970000,0.60240000,0.57690000,0.57800000,4011734.60000000,2369405.97383000
1768449600000,0.57790000,0.59440000,0.57690000,0.59250000,2788470.70000000,1635076.33253000
1768464000000,0.59240000,0.59560000,0.58730000,0.58860000,2934037.00000000,1734547.19331000
1768478400000,0.58860000,0.59740000,0.56600000,0.57570000,6134734.50000000,3580962.99826000
1768492800000,0.57560000,0.57900000,0.55540000,0.56030000,5125246.90000000,2900793.75779000
1768507200000,0.56030000,0.56580000,0.55390000,0.56360000,2489215.70000000,1393502.15674000
1768521600000,0.56360000,0.56600000,0.55670000,0.55970000,1682411.10000000,944609.03552000
1768536000000,0.55970000,0.56600000,0.55560000,0.56420000,2296327.60000000,1288260.68862000
1768550400000,0.56430000,0.57000000,0.56060000,0.56400000,2492953.80000000,1410098.31216000
1768564800000,0.56400000,0.56490000,0.53860000,0.54400000,5670594.70000000,3135141.56802000
1768579200000,0.54390000,0.55310000,0.54230000,0.54940000,3304691.40000000,1810951.98210000
1768593600000,0.54950000,0.55990000,0.54640000,0.55490000,2375024.80000000,1318304.94157000
1768608000000,0.55490000,0.55840000,0.55140000,0.55320000,2606100.40000000,1447352.87360000
1768622400000,0.55310000,0.55880000,0.55120000,0.55750000,1229047.20000000,682386.14583000
1768636800000,0.55740000,0.55960000,0.55270000,0.55270000,1763130.60000000,981303.67030000
1768651200000,0.55270000,0.56610000,0.55190000,0.56330000,3238625.80000000,1813644.29904000
1768665600000,0.56330000,0.56410000,0.55420000,0.55630000,2104923.10000000,1173292.23146000
1768680000000,0.55640000,0.55780000,0.54630000,0.55010000,1972190.20000000,1087592.74315000
1768694400000,0.55020000,0.55350000,0.54270000,0.54590000,2129903.90000000,1165265.49527000
1768708800000,0.54580000,0.54750000,0.54160000,0.54380000,1680191.00000000,915201.56319000
1768723200000,0.54370000,0.54480000,0.53710000,0.54280000,4096813.80000000,2218281.28444000
1768737600000,0.54270000,0.54550000,0.53720000,0.54180000,1826381.60000000,988543.76355000
1768752000000,0.54170000,0.54670000,0.53780000,0.53920000,1570776.80000000,851502.41619000
1768766400000,0.53930000,0.54510000,0.51300000,0.51470000,4818234.60000000,2547863.22737000
1768780800000,0.51460000,0.51460000,0.45100000,0.49100000,27170796.40000000,13178403.56736000
1768795200000,0.49110000,0.49560000,0.48660000,0.49240000,4963602.80000000,2433991.28709000
1768809600000,0.49240000,0.49640000,0.49100000,0.49560000,2992945.60000000,1476874.59574000
1768824000000,0.49550000,0.50100000,0.49260000,0.49600000,3212128.30000000,1595564.08752000
1768838400000,0.49590000,0.51000000,0.49480000,0.50770000,2825523.40000000,1426434.46261000
1768852800000,0.50780000,0.50850000,0.49960000,0.50570000,1798303.60000000,907337.10061000
1768867200000,0.50570000,0.50580000,0.49820000,0.50090000,3013460.50000000,1510262.22812000
1768881600000,0.50090000,0.50290000,0.49130000,0.49190000,4326658.40000000,2144604.16173000
1768896000000,0.49190000,0.49250000,0.48420000,0.48700000,4203467.20000000,2053069.05044000
1768910400000,0.48710000,0.49020000,0.46110000,0.47960000,7761463.60000000,3736828.68514000
1768924800000,0.47960000,0.48360000,0.46790000,0.47090000,6399030.90000000,3035599.35929000
1768939200000,0.47080000,0.47580000,0.46090000,0.46670000,4939114.10000000,2315554.57457000
1768953600000,0.46680000,0.48580000,0.46650000,0.48340000,5669698.00000000,2720496.37729000
1768968000000,0.48330000,0.48800000,0.48250000,0.48330000,1604647.30000000,778645.74260000
1768982400000,0.48330000,0.48610000,0.47450000,0.47560000,2458389.20000000,1185801.07136000
1768996800000,0.47570000,0.49000000,0.46930000,0.48560000,5198243.50000000,2495556.81663000
1769011200000,0.48560000,0.48830000,0.46050000,0.48820000,8298458.10000000,3910984.66010000
1769025600000,0.48810000,0.48890000,0.47420000,0.47610000,2921822.80000000,1409883.68881000
1769040000000,0.47610000,0.48680000,0.47570000,0.48060000,2162172.20000000,1039438.56707000
1769054400000,0.48050000,0.48370000,0.47880000,0.47990000,1372213.30000000,660712.57361000
1769068800000,0.47990000,0.48480000,0.47670000,0.47920000,1472371.00000000,707937.33082000
1769083200000,0.47920000,0.48210000,0.46570000,0.47200000,3796280.60000000,1798932.29920000
1769097600000,0.47200000,0.47660000,0.47020000,0.47330000,2305593.80000000,1092026.45064000
1769112000000,0.47320000,0.47520000,0.46840000,0.47210000,2557392.30000000,1206333.05582000
1769126400000,0.47220000,0.48120000,0.47170000,0.47970000,1522046.50000000,724796.31592000
1769140800000,0.47990000,0.48350000,0.47610000,0.47670000,1671896.90000000,801199.92374000
1769155200000,0.47660000,0.47710000,0.47090000,0.47400000,1828995.50000000,865564.31188000
1769169600000,0.47400000,0.47430000,0.45510000,0.47310000,6032803.00000000,2799943.98830000
1769184000000,0.47310000,0.48690000,0.46840000,0.47110000,4981299.60000000,2377271.21015000
1769198400000,0.47120000,0.47230000,0.46420000,0.46820000,2384340.80000000,1116819.42996000
1769212800000,0.46820000,0.47600000,0.46590000,0.47430000,1690870.70000000,793298.99108000
1769227200000,0.47430000,0.47470000,0.46970000,0.47100000,964502.50000000,455238.33712000
1769241600000,0.47090000,0.47630000,0.47050000,0.47560000,953877.20000000,451766.12857000
1769256000000,0.47560000,0.47770000,0.47030000,0.47070000,1770540.70000000,839936.72731000
1769270400000,0.47070000,0.47300000,0.46780000,0.47080000,1912982.60000000,899869.97713000
1769284800000,0.47080000,0.47290000,0.46890000,0.47150000,978892.20000000,460421.42825000
1769299200000,0.47150000,0.47280000,0.46350000,0.46600000,1789767.70000000,837858.42743000
1769313600000,0.46590000,0.47070000,0.46510000,0.46760000,1426119.20000000,666704.17773000
1769328000000,0.46760000,0.47390000,0.46390000,0.47080000,2997221.80000000,1412641.56390000
1769342400000,0.47070000,0.47070000,0.46210000,0.46440000,3080319.60000000,1434416.03617000
1769356800000,0.46440000,0.46440000,0.43270000,0.43590000,12773080.20000000,5716215.45127000
1769371200000,0.43600000,0.44390000,0.43330000,0.44270000,3265579.90000000,1432998.56041000
1769385600000,0.44260000,0.45620000,0.44180000,0.45100000,2477169.40000000,1116133.18097000
1769400000000,0.45110000,0.45810000,0.45100000,0.45660000,1629752.10000000,741287.61956000
1769414400000,0.45670000,0.46160000,0.45220000,0.45520000,1611920.90000000,735124.27284000
1769428800000,0.45530000,0.47070000,0.45530000,0.46140000,3686571.80000000,1705333.06133000
1769443200000,0.46140000,0.46620000,0.45750000,0.45980000,2648655.20000000,1225199.31063000
1769457600000,0.45990000,0.46360000,0.45560000,0.45920000,2400357.60000000,1102502.43467000
1769472000000,0.45920000,0.46180000,0.45560000,0.45640000,1297257.50000000,594613.52774000
1769486400000,0.45630000,0.45920000,0.45370000,0.45470000,2189199.50000000,997887.66754000
1769500800000,0.45470000,0.45770000,0.45270000,0.45590000,2988013.90000000,1361089.43196000
1769515200000,0.45580000,0.45980000,0.45340000,0.45950000,4452510.50000000,2031580.29148000
1769529600000,0.45940000,0.46790000,0.44860000,0.46050000,4158884.00000000,1902370.98537000
1769544000000,0.46050000,0.46910000,0.46010000,0.46520000,2377562.30000000,1106958.75108000
1769558400000,0.46530000,0.46580000,0.46140000,0.46230000,1857420.40000000,860723.91737000
1769572800000,0.46220000,0.46450000,0.45860000,0.46150000,1438643.20000000,663232.11596000
1769587200000,0.46140000,0.46810000,0.45980000,0.46790000,2022035.50000000,938874.11677000
1769601600000,0.46780000,0.46890000,0.45460000,0.45850000,3567696.40000000,1646620.05241000
1769616000000,0.45850000,0.46330000,0.45430000,0.45820000,3511878.50000000,1608596.70427000
1769630400000,0.45810000,0.65390000,0.45520000,0.58430000,124128875.90000000,70210612.91554000
1769644800000,0.58440000,0.59470000,0.52350000,0.53010000,60800127.50000000,33603809.86843000
1769659200000,0.53010000,0.53380000,0.50540000,0.50760000,32793403.20000000,16957199.06766000
1769673600000,0.50770000,0.51650000,0.47020000,0.48670000,24119236.70000000,11973993.64690000
1769688000000,0.48660000,0.49120000,0.47200000,0.48970000,22346481.50000000,10775847.61305000
1769702400000,0.48960000,0.49710000,0.47370000,0.47530000,26049671.70000000,12594792.65968000
1769716800000,0.47530000,0.48930000,0.46670000,0.47750000,23298206.90000000,11156075.60112000
1769731200000,0.47750000,0.48060000,0.44350000,0.45330000,37704575.50000000,17397698.04551000
1769745600000,0.45320000,0.47430000,0.45280000,0.46150000,15919089.30000000,7388857.39439000
1769760000000,0.46140000,0.47000000,0.45390000,0.46690000,5950281.70000000,2740318.22388000
1769774400000,0.46700000,0.47010000,0.45820000,0.46570000,8131030.10000000,3787344.11231000
1769788800000,0.46570000,0.48210000,0.45670000,0.47840000,9089244.00000000,4274836.75297000
1769803200000,0.47850000,0.48140000,0.46660000,0.46970000,6786162.50000000,3223545.11258000
1769817600000,0.46970000,0.47060000,0.45600000,0.45610000,4612510.40000000,2133164.51787000
1769832000000,0.45610000,0.45840000,0.44700000,0.44970000,3459242.60000000,1568181.07100000
1769846400000,0.44960000,0.45160000,0.43910000,0.44100000,6074541.10000000,2700034.85155000
1769860800000,0.44090000,0.44350000,0.40980000,0.41730000,17737825.40000000,7489115.68305000
1769875200000,0.41730000,0.42050000,0.36480000,0.39290000,31665609.40000000,12461226.53583000
1769889600000,0.39290000,0.41880000,0.39130000,0.41380000,12985965.30000000,5269917.15545000
1769904000000,0.41380000,0.41820000,0.40770000,0.41180000,4916938.80000000,2033504.11154000
1769918400000,0.41170000,0.41500000,0.40880000,0.41200000,3317620.80000000,1365962.35632000
1769932800000,0.41200000,0.41390000,0.40300000,0.40770000,5774639.10000000,2358658.82549000
1769947200000,0.40770000,0.40840000,0.38940000,0.39530000,7199104.10000000,2876292.04436000
1769961600000,0.39520000,0.40310000,0.39040000,0.39360000,5926544.70000000,2344046.32917000
1769976000000,0.39350000,0.39910000,0.38290000,0.39200000,6501132.50000000,2552456.09546000
1769990400000,0.39200000,0.40560000,0.38560000,0.40030000,7798511.90000000,3090285.53038000
1770004800000,0.40040000,0.40350000,0.38500000,0.39550000,7175760.80000000,2827600.56148000
1770019200000,0.39560000,0.40280000,0.39400000,0.39780000,5058483.70000000,2016680.88015000
1770033600000,0.39790000,0.41070000,0.39790000,0.40910000,4942069.10000000,1995872.80656000
1770048000000,0.40910000,0.41020000,0.39930000,0.39930000,3035875.70000000,1226754.52916000
1770062400000,0.39930000,0.41330000,0.39770000,0.41110000,3951537.10000000,1603712.41663000
1770076800000,0.41100000,0.41260000,0.39890000,0.40720000,3901328.10000000,1581028.43844000
1770091200000,0.40720000,0.41190000,0.40460000,0.40810000,2321552.30000000,946395.47453000
1770105600000,0.40800000,0.41030000,0.40020000,0.40580000,3144736.60000000,1273585.63961000
1770120000000,0.40580000,0.42030000,0.40340000,0.41700000,9505665.50000000,3914966.18031000
1770134400000,0.41720000,0.45000000,0.39580000,0.41710000,26519501.60000000,10818347.33125000
1770148800000,0.41710000,0.42850000,0.40640000,0.40950000,10415809.70000000,4351713.94405000
1770163200000,0.40940000,0.41800000,0.40560000,0.41690000,2513638.30000000,1038145.78534000
1770177600000,0.41680000,0.41910000,0.41020000,0.41360000,4205848.00000000,1742332.89405000
1770192000000,0.41360000,0.41580000,0.40620000,0.41090000,3150501.10000000,1295220.15209000
1770206400000,0.41100000,0.41250000,0.39690000,0.40240000,7882113.00000000,3177822.11918000
1770220800000,0.40220000,0.41390000,0.39590000,0.41280000,9870835.00000000,3977537.45816000
1770235200000,0.41300000,0.41360000,0.40020000,0.40810000,5326990.10000000,2174168.98254000
1770249600000,0.40820000,0.41370000,0.40150000,0.40230000,4557920.10000000,1856350.29649000
1770264000000,0.40230000,0.40630000,0.39740000,0.39920000,5164608.50000000,2073165.20864000
1770278400000,0.39940000,0.40690000,0.38390000,0.39040000,4477884.00000000,1768665.67957000
1770292800000,0.39050000,0.39750000,0.36110000,0.37020000,14619254.10000000,5547601.41146000
1770307200000,0.37030000,0.37940000,0.35740000,0.35990000,15725329.40000000,5776707.31651000
1770321600000,0.35980000,0.36280000,0.34160000,0.34600000,20616079.30000000,7220195.32196000
1770336000000,0.34580000,0.35400000,0.30750000,0.34240000,27835001.10000000,9239593.59125000
1770350400000,0.34260000,0.35700000,0.34080000,0.34850000,5078142.80000000,1767670.11148000
1770364800000,0.34840000,0.37470000,0.34720000,0.37460000,9018941.60000000,3265957.55677000
1770379200000,0.37460000,0.40570000,0.36830000,0.40020000,33474755.50000000,13007556.10498000
1770393600000,0.40030000,0.41430000,0.39700000,0.40620000,10843715.90000000,4394864.58667000
1770408000000,0.40620000,0.41030000,0.40160000,0.40540000,6174561.30000000,2504253.07402000
1770422400000,0.40540000,0.41750000,0.39620000,0.41210000,9478814.80000000,3840946.75047000
1770436800000,0.41210000,0.42360000,0.39260000,0.39790000,11644292.30000000,4724888.61849000
1770451200000,0.39780000,0.40180000,0.38920000,0.39200000,4160175.90000000,1645523.75969000
1770465600000,0.39190000,0.40470000,0.39150000,0.39600000,5211768.10000000,2071276.14779000
1770480000000,0.39610000,0.40430000,0.39370000,0.39870000,13040576.40000000,5216598.27417000
1770494400000,0.39860000,0.40170000,0.39410000,0.39710000,1629939.50000000,648528.48267000
1770508800000,0.39720000,0.39760000,0.39410000,0.39490000,1107386.50000000,438191.34597000
1770523200000,0.39500000,0.39790000,0.39340000,0.39770000,1934112.30000000,765369.56996000
1770537600000,0.39790000,0.40530000,0.39480000,0.40140000,4660042.80000000,1867419.14022000
1770552000000,0.40150000,0.40380000,0.39350000,0.39530000,3489785.30000000,1395064.92345000
1770566400000,0.39530000,0.39650000,0.38670000,0.39540000,2958132.90000000,1161144.32294000
1770580800000,0.39550000,0.39830000,0.38530000,0.38910000,3619616.00000000,1415294.78964000
1770595200000,0.38910000,0.39480000,0.38490000,0.39460000,2606138.20000000,1014441.28240000
1770609600000,0.39440000,0.39490000,0.38770000,0.38850000,1570681.00000000,614140.48279000
1770624000000,0.38860000,0.38960000,0.37390000,0.38000000,4500083.60000000,1714929.57609000
1770638400000,0.38010000,0.38560000,0.37620000,0.38520000,2903120.70000000,1106040.18959000
1770652800000,0.38510000,0.39320000,0.38180000,0.39120000,4908811.40000000,1911351.06153000
1770667200000,0.39110000,0.39380000,0.38610000,0.38850000,2928147.20000000,1142088.28553000
1770681600000,0.38860000,0.39400000,0.38170000,0.38550000,2677777.90000000,1040449.55465000
1770696000000,0.38550000,0.38870000,0.37720000,0.38140000,3778044.80000000,1446095.42641000
1770710400000,0.38140000,0.39500000,0.38140000,0.38610000,15019746.30000000,5839978.53159000
1770724800000,0.38610000,0.38910000,0.37640000,0.38110000,14561741.60000000,5561835.20370000
1770739200000,0.38110000,0.38340000,0.37410000,0.37980000,6762668.30000000,2565021.84747000
1770753600000,0.37970000,0.38030000,0.37650000,0.37900000,2312941.30000000,875305.07997000
1770768000000,0.37910000,0.38300000,0.37500000,0.37730000,1979357.00000000,750879.05401000
1770782400000,0.37710000,0.37760000,0.36710000,0.36800000,4276924.00000000,1585917.30254000
1770796800000,0.36790000,0.36880000,0.36250000,0.36610000,3068135.50000000,1120712.11796000
1770811200000,0.36610000,0.38000000,0.36020000,0.36800000,9925355.10000000,3663644.68462000
1770825600000,0.36800000,0.37260000,0.36360000,0.36740000,4748006.30000000,1746514.90288000
1770840000000,0.36730000,0.37510000,0.36490000,0.36800000,2314307.30000000,855131.98789000
1770854400000,0.36790000,0.37710000,0.36790000,0.37670000,3291888.20000000,1228368.30045000
1770868800000,0.37680000,0.38530000,0.37420000,0.38370000,3689905.00000000,1402686.64254000
1770883200000,0.38370000,0.39550000,0.38140000,0.39230000,4045871.40000000,1576291.24908000
1770897600000,0.39220000,0.39270000,0.38080000,0.38160000,6021125.00000000,2331718.30252000
1770912000000,0.38160000,0.38480000,0.37350000,0.37840000,4230166.20000000,1596064.81352000
1770926400000,0.37850000,0.38340000,0.37230000,0.38180000,2898519.90000000,1094952.41810000
1770940800000,0.38180000,0.38330000,0.37710000,0.37860000,3592335.90000000,1367224.72780000
1770955200000,0.37860000,0.38320000,0.37680000,0.38190000,1612544.60000000,611442.96646000
1770969600000,0.38180000,0.38900000,0.38180000,0.38550000,1632948.00000000,629489.62347000
1770984000000,0.38540000,0.39910000,0.38320000,0.39290000,4277817.20000000,1664440.89835000
1770998400000,0.39290000,0.39860000,0.39250000,0.39590000,3781453.10000000,1494726.78476000
1771012800000,0.39590000,0.39890000,0.39460000,0.39550000,1585065.90000000,628554.55454000
1771027200000,0.39550000,0.40480000,0.39550000,0.40330000,2771189.00000000,1109715.82439000
1771041600000,0.40330000,0.40360000,0.39770000,0.40170000,1649538.80000000,660108.53490000
1771056000000,0.40170000,0.41350000,0.40170000,0.41030000,3102807.40000000,1266940.27538000
1771070400000,0.41040000,0.42470000,0.40660000,0.42420000,4920414.50000000,2032479.98871000
1771084800000,0.42410000,0.43800000,0.42000000,0.43450000,6540119.50000000,2808164.17799000
1771099200000,0.43450000,0.43730000,0.42640000,0.42730000,4453494.80000000,1922519.75544000
1771113600000,0.42730000,0.43020000,0.41830000,0.42620000,4324299.40000000,1834299.86988000
1771128000000,0.42620000,0.43240000,0.42350000,0.42860000,2968271.40000000,1269336.24976000
1771142400000,0.42870000,0.43050000,0.41960000,0.42130000,2730325.70000000,1155088.33416000
1771156800000,0.42130000,0.42200000,0.40380000,0.41090000,6331971.50000000,2600535.27539000
1771171200000,0.41090000,0.41260000,0.39850000,0.40200000,3844785.20000000,1552623.85249000
1771185600000,0.40190000,0.40520000,0.39970000,0.40430000,1094517.70000000,441374.48724000
1771200000000,0.40440000,0.40870000,0.40140000,0.40370000,1738764.60000000,703066.54695000
1771214400000,0.40360000,0.40760000,0.40070000,0.40280000,1918667.80000000,775402.22850000
1771228800000,0.40290000,0.40670000,0.39420000,0.39960000,8040897.90000000,3234499.09928000
1771243200000,0.39960000,0.40980000,0.39530000,0.39800000,6076872.60000000,2438702.63178000
1771257600000,0.39800000,0.40360000,0.39760000,0.40140000,2422808.00000000,971600.53710000
1771272000000,0.40130000,0.40850000,0.40030000,0.40400000,1508977.90000000,610561.87702000
1771286400000,0.40410000,0.40470000,0.39850000,0.40010000,1339189.50000000,538584.10553000
1771300800000,0.40010000,0.40190000,0.39640000,0.39840000,1822365.90000000,727775.05832000
1771315200000,0.39830000,0.39910000,0.39280000,0.39590000,2286156.90000000,903820.02123000
1771329600000,0.39590000,0.39870000,0.38550000,0.39160000,4290724.20000000,1678989.69993000
1771344000000,0.39150000,0.40800000,0.38860000,0.39760000,11223476.90000000,4485884.62522000
1771358400000,0.39750000,0.40110000,0.39630000,0.39730000,985390.10000000,392615.00740000
1771372800000,0.39740000,0.39920000,0.39150000,0.39420000,1666841.60000000,658103.66099000
1771387200000,0.39420000,0.39430000,0.38980000,0.39250000,1682456.40000000,658813.83371000
1771401600000,0.39250000,0.39600000,0.38590000,0.38800000,2175108.10000000,850845.01657000
1771416000000,0.38790000,0.39310000,0.38280000,0.38910000,3401923.10000000,1315784.24094000
1771430400000,0.38920000,0.38960000,0.37740000,0.38060000,3381778.00000000,1293472.80548000
1771444800000,0.38050000,0.38160000,0.37270000,0.37920000,2201631.50000000,830378.37287000
1771459200000,0.37930000,0.38340000,0.37650000,0.38260000,990258.80000000,376706.78959000
1771473600000,0.38250000,0.38360000,0.37900000,0.38120000,910991.00000000,347546.20928000
1771488000000,0.38130000,0.38130000,0.37280000,0.37470000,2530518.60000000,950371.78157000
1771502400000,0.37470000,0.37680000,0.36720000,0.37160000,2859157.20000000,1062471.01325000
1771516800000,0.37160000,0.37510000,0.36750000,0.37200000,2427282.50000000,900975.57385000
1771531200000,0.37200000,0.37480000,0.36920000,0.37470000,5412882.80000000,2010244.06798000
1771545600000,0.37470000,0.38100000,0.37370000,0.37860000,1885549.20000000,711644.09755000
1771560000000,0.37870000,0.38210000,0.37330000,0.37950000,2136258.40000000,806998.32573000
1771574400000,0.37950000,0.38870000,0.37920000,0.38240000,2954846.20000000,1134446.52813000
1771588800000,0.38250000,0.39080000,0.37180000,0.39050000,5069085.50000000,1940796.78219000
1771603200000,0.39050000,0.39640000,0.38410000,0.38850000,6208252.20000000,2433981.16573000
1771617600000,0.38860000,0.39190000,0.38550000,0.39090000,1426759.60000000,555257.28807000
1771632000000,0.39100000,0.39430000,0.38840000,0.39100000,2198231.80000000,859556.31118000
1771646400000,0.39100000,0.39730000,0.39030000,0.39300000,1934238.50000000,761771.67659000
1771660800000,0.39310000,0.39880000,0.39240000,0.39520000,1759202.60000000,696813.04970000
1771675200000,0.39530000,0.39660000,0.39070000,0.39150000,2132548.20000000,840265.28308000
1771689600000,0.39160000,0.39200000,0.38790000,0.38950000,1282863.00000000,499526.05093000
1771704000000,0.38950000,0.39050000,0.38680000,0.38730000,1113058.40000000,432482.07994000
1771718400000,0.38730000,0.38730000,0.38000000,0.38260000,2499434.20000000,960143.63615000
1771732800000,0.38260000,0.38500000,0.38150000,0.38340000,625720.80000000,239715.36999000
1771747200000,0.38340000,0.38340000,0.38040000,0.38120000,1425773.00000000,544318.31173000
1771761600000,0.38110000,0.38130000,0.37530000,0.38090000,1788723.50000000,675409.94439000
1771776000000,0.38080000,0.38370000,0.37810000,0.38290000,1553926.70000000,592105.42402000
1771790400000,0.38300000,0.38550000,0.38100000,0.38390000,1682560.50000000,644769.36925000
1771804800000,0.38400000,0.38680000,0.36180000,0.36920000,10227942.20000000,3780987.21353000
1771819200000,0.36920000,0.37690000,0.36380000,0.37470000,1882536.70000000,699658.06628000
1771833600000,0.37470000,0.39490000,0.37370000,0.38810000,4587864.10000000,1775412.45827000
1771848000000,0.38820000,0.39420000,0.37640000,0.37710000,7079144.80000000,2743913.50009000
1771862400000,0.37700000,0.37890000,0.36720000,0.37010000,6061092.20000000,2264174.29623000
1771876800000,0.37000000,0.37550000,0.36790000,0.37290000,4254925.90000000,1582721.39301000
1771891200000,0.37290000,0.37610000,0.36610000,0.36950000,2632685.70000000,977627.19192000
1771905600000,0.36950000,0.37020000,0.36400000,0.36650000,2556244.40000000,936387.01156000
1771920000000,0.36650000,0.37100000,0.36400000,0.36960000,3502549.00000000,1286257.73781000
1771934400000,0.36960000,0.38740000,0.36550000,0.38150000,9535015.10000000,3587040.68989000
1771948800000,0.38150000,0.38630000,0.37620000,0.37820000,3459516.60000000,1315738.23064000
1771963200000,0.37820000,0.37930000,0.37330000,0.37590000,1580157.70000000,594414.63343000
1771977600000,0.37600000,0.39340000,0.37490000,0.38950000,8861520.10000000,3434152.83904000
1771992000000,0.38940000,0.39300000,0.38270000,0.39270000,3336034.10000000,1294254.02644000
1772006400000,0.39260000,0.40910000,0.39060000,0.40080000,8593138.60000000,3453171.36621000
1772020800000,0.40080000,0.41060000,0.39860000,0.40960000,5883640.30000000,2373420.46864000
1772035200000,0.40970000,0.43540000,0.40970000,0.43170000,15829978.70000000,6739641.96563000
1772049600000,0.43170000,0.43220000,0.40840000,0.41300000,14226129.60000000,5995725.12671000
1772064000000,0.41310000,0.41550000,0.40450000,0.41150000,4621699.90000000,1899934.28504000
1772078400000,0.41150000,0.41470000,0.40380000,0.40740000,2846449.00000000,1163278.48654000
1772092800000,0.40750000,0.41430000,0.40270000,0.40350000,5840503.70000000,2388398.54578000
1772107200000,0.40360000,0.40730000,0.39610000,0.40070000,5178274.30000000,2082218.70375000
1772121600000,0.40080000,0.40150000,0.38940000,0.39940000,4999801.70000000,1975129.85663000
1772136000000,0.39930000,0.40160000,0.39610000,0.39950000,1925963.40000000,768286.21498000
1772150400000,0.39950000,0.40410000,0.39720000,0.40320000,2217889.90000000,887937.75931000
1772164800000,0.40310000,0.41000000,0.40300000,0.40800000,2738992.80000000,1113773.10355000
1772179200000,0.40790000,0.40900000,0.39420000,0.39700000,2659549.40000000,1069446.98046000
1772193600000,0.39700000,0.39910000,0.39190000,0.39340000,4563697.10000000,1807645.78345000
1772208000000,0.39340000,0.39490000,0.38580000,0.38800000,3189342.00000000,1244866.41720000
1772222400000,0.38800000,0.39040000,0.38060000,0.38950000,2455958.90000000,948387.97809000
1772236800000,0.38950000,0.39120000,0.38670000,0.38720000,2464376.80000000,958797.62366000
1772251200000,0.38710000,0.38900000,0.36330000,0.37010000,7794212.00000000,2914655.21126000
1772265600000,0.37010000,0.37420000,0.36260000,0.36930000,4859138.30000000,1789080.38991000
1772280000000,0.36940000,0.38360000,0.36900000,0.38010000,4268423.60000000,1614998.73715000
1772294400000,0.38020000,0.39100000,0.37630000,0.38890000,3195099.40000000,1223287.10542000
1772308800000,0.38890000,0.40320000,0.38810000,0.39920000,3851992.30000000,1529667.30401000
1772323200000,0.39920000,0.40940000,0.38920000,0.40080000,6102436.40000000,2437352.00891000
1772337600000,0.40080000,0.40310000,0.39220000,0.39610000,2303242.70000000,916089.85169000
1772352000000,0.39620000,0.39640000,0.38690000,0.38950000,2417526.40000000,944149.31855000
1772366400000,0.38940000,0.39490000,0.38490000,0.38970000,4005947.90000000,1563838.05884000
1772380800000,0.38980000,0.39270000,0.38140000,0.38380000,3330470.90000000,1287099.65356000
1772395200000,0.38370000,0.38870000,0.37660000,0.38390000,3678610.60000000,1406144.46310000
1772409600000,0.38400000,0.39230000,0.38390000,0.39070000,2667995.10000000,1036930.83880000
1772424000000,0.39070000,0.39120000,0.37870000,0.38270000,3259651.70000000,1256147.94724000
1772438400000,0.38280000,0.38800000,0.37950000,0.38570000,2883955.90000000,1107835.81010000
1772452800000,0.38580000,0.40500000,0.38180000,0.40200000,6213325.80000000,2451840.92869000
1772467200000,0.40200000,0.41860000,0.40200000,0.41380000,18322577.00000000,7533582.67337000
1772481600000,0.41390000,0.41610000,0.40360000,0.40510000,3635630.30000000,1480914.23853000
1772496000000,0.40520000,0.41180000,0.39700000,0.40260000,6004346.50000000,2419368.27835000
1772510400000,0.40270000,0.40390000,0.39450000,0.39940000,5408706.30000000,2159763.59134000
1772524800000,0.39930000,0.40150000,0.39010000,0.39250000,4418826.70000000,1742971.78598000
1772539200000,0.39250000,0.39810000,0.38430000,0.39240000,5376095.20000000,2098216.02089000
1772553600000,0.39250000,0.39990000,0.38890000,0.39380000,4350055.10000000,1717149.58708000
1772568000000,0.39390000,0.39670000,0.38760000,0.39310000,2352923.60000000,922390.61582000
1772582400000,0.39320000,0.39470000,0.38620000,0.38910000,3118924.40000000,1216995.65343000
1772596800000,0.38900000,0.39520000,0.38670000,0.39400000,2449291.00000000,953950.83267000
1772611200000,0.39400000,0.41290000,0.39330000,0.40460000,8258201.90000000,3340172.84070000
1772625600000,0.40460000,0.44230000,0.40080000,0.44020000,13609621.50000000,5764186.76874000
1772640000000,0.44010000,0.44390000,0.41980000,0.42720000,16048842.00000000,6919962.81858000
1772654400000,0.42720000,0.43150000,0.41650000,0.42000000,5366434.10000000,2276045.09055000
1772668800000,0.42010000,0.42120000,0.41360000,0.41540000,3041259.80000000,1267385.87413000
1772683200000,0.41530000,0.41850000,0.41080000,0.41250000,2938983.60000000,1220036.99287000
1772697600000,0.41250000,0.42190000,0.41110000,0.41650000,4786501.30000000,1994177.70642000
1772712000000,0.41660000,0.41920000,0.40840000,0.41190000,5147531.90000000,2127846.99981000
1772726400000,0.41200000,0.41200000,0.40210000,0.40870000,3061534.80000000,1245408.27992000
1772740800000,0.40870000,0.41460000,0.40760000,0.40830000,1856361.00000000,764081.34101000
1772755200000,0.40850000,0.41060000,0.40480000,0.40930000,1949385.50000000,796232.64988000
1772769600000,0.40940000,0.41040000,0.40400000,0.40850000,3069534.90000000,1247393.93492000
1772784000000,0.40850000,0.40850000,0.39930000,0.39970000,4035539.80000000,1623282.22007000
1772798400000,0.39960000,0.40280000,0.38240000,0.38410000,11411557.20000000,4487452.04008000
1772812800000,0.38400000,0.38950000,0.38150000,0.38790000,3037714.10000000,1171133.24678000
1772827200000,0.38780000,0.38980000,0.38610000,0.38870000,1344247.90000000,521622.69186000
1772841600000,0.38870000,0.39030000,0.38720000,0.38880000,1346307.90000000,523208.89986000
1772856000000,0.38870000,0.39010000,0.38510000,0.38730000,1424745.50000000,552782.65091000
1772870400000,0.38730000,0.38900000,0.38570000,0.38640000,990264.40000000,383402.71605000
1772884800000,0.38630000,0.38710000,0.38080000,0.38210000,3469757.80000000,1333597.23863000
1772899200000,0.38210000,0.38450000,0.37690000,0.37830000,2526758.20000000,962297.55423000
1772913600000,0.37830000,0.37990000,0.37380000,0.37750000,1867404.10000000,703622.60878000
1772928000000,0.37760000,0.37870000,0.37200000,0.37320000,1937259.50000000,727030.84732000
1772942400000,0.37320000,0.37500000,0.36930000,0.37420000,1933196.20000000,719755.01888000
1772956800000,0.37420000,0.37950000,0.37180000,0.37510000,1882739.30000000,707513.27009000
1772971200000,0.37500000,0.37750000,0.36610000,0.36730000,3070923.20000000,1139421.57407000
1772985600000,0.36720000,0.36850000,0.36060000,0.36640000,11953353.30000000,4349034.25714000
1773000000000,0.36650000,0.36810000,0.35670000,0.36050000,4447681.80000000,1609710.44163000
1773014400000,0.36040000,0.37350000,0.35850000,0.36440000,8386168.80000000,3064642.10173000
1773028800000,0.36450000,0.37150000,0.36040000,0.36590000,7281132.70000000,2663815.70950000
1773043200000,0.36590000,0.36870000,0.36190000,0.36360000,5909674.10000000,2153890.86013000
1773057600000,0.36360000,0.37240000,0.36260000,0.36390000,11950676.20000000,4383938.05007000
1773072000000,0.36390000,0.37100000,0.35990000,0.36600000,11411607.30000000,4161793.07260000
1773086400000,0.36610000,0.36790000,0.36180000,0.36360000,3442371.50000000,1256414.40166000
1773100800000,0.36360000,0.37120000,0.36130000,0.36520000,4561717.50000000,1671102.09051000
1773115200000,0.36520000,0.37150000,0.36500000,0.37040000,3103401.60000000,1142059.71129000
1773129600000,0.37050000,0.38100000,0.36980000,0.37580000,7650738.20000000,2877280.77793000
1773144000000,0.37590000,0.37800000,0.36300000,0.36790000,18673256.70000000,6894794.67548000
1773158400000,0.36780000,0.37220000,0.35490000,0.35690000,10260944.60000000,3732743.10451000
1773172800000,0.35690000,0.36050000,0.35060000,0.35650000,6973924.40000000,2481054.53141000
1773187200000,0.35660000,0.35920000,0.35430000,0.35580000,5345596.70000000,1908468.68060000
1773201600000,0.35580000,0.35880000,0.35140000,0.35230000,5780260.30000000,2054121.26367000
1773216000000,0.35230000,0.35750000,0.35140000,0.35560000,4855366.40000000,1719616.53241000
1773230400000,0.35570000,0.36610000,0.35350000,0.35680000,6102943.40000000,2194700.60818000
1773244800000,0.35680000,0.36060000,0.35490000,0.35900000,3877653.60000000,1388564.94780000
1773259200000,0.35900000,0.35910000,0.35460000,0.35560000,2551771.20000000,911135.80968000
1773273600000,0.35550000,0.35640000,0.34750000,0.34860000,4391665.50000000,1545663.59752000
1773288000000,0.34870000,0.35350000,0.34870000,0.35280000,3735892.20000000,1308631.10583000
1773302400000,0.35280000,0.35680000,0.35060000,0.35420000,3135093.70000000,1108981.61475000
1773316800000,0.35410000,0.37410000,0.34610000,0.35190000,26007183.60000000,9366062.55354000
1773331200000,0.35180000,0.36280000,0.34800000,0.36020000,4486828.50000000,1596990.00666000
1773345600000,0.36020000,0.36290000,0.35620000,0.35940000,4666356.20000000,1677148.42837000
1773360000000,0.35940000,0.37030000,0.35830000,0.37000000,7123776.60000000,2605912.91263000
1773374400000,0.37010000,0.37040000,0.36500000,0.36800000,6355378.90000000,2339570.78029000
1773388800000,0.36790000,0.37160000,0.36310000,0.36870000,5280323.90000000,1942516.65675000
1773403200000,0.36860000,0.37830000,0.36580000,0.36680000,13559053.80000000,5049746.80115000
1773417600000,0.36680000,0.37000000,0.35840000,0.36080000,5612394.00000000,2045389.10537000
1773432000000,0.36090000,0.36390000,0.35440000,0.35730000,2881993.90000000,1031430.31188000
1773446400000,0.35730000,0.36070000,0.35350000,0.35930000,2636069.90000000,941760.51174000
1773460800000,0.35920000,0.36290000,0.35210000,0.35310000,2849497.00000000,1015870.49168000
1773475200000,0.35300000,0.35410000,0.35040000,0.35300000,2613423.80000000,921131.62428000
1773489600000,0.35300000,0.35430000,0.34900000,0.35300000,3626977.00000000,1273344.64661000
1773504000000,0.35300000,0.35640000,0.35170000,0.35200000,2015562.30000000,714400.38541000
1773518400000,0.35210000,0.35680000,0.35110000,0.35600000,1322210.90000000,467295.72812000
1773532800000,0.35610000,0.36400000,0.35370000,0.35990000,3710416.70000000,1334019.18242000
1773547200000,0.35990000,0.36170000,0.35680000,0.35960000,2097912.10000000,752548.85609000
1773561600000,0.35970000,0.36210000,0.35810000,0.35880000,1884059.40000000,677485.20165000
1773576000000,0.35890000,0.36160000,0.35570000,0.35850000,3034264.90000000,1087529.65761000
1773590400000,0.35850000,0.36340000,0.35760000,0.36120000,3370185.80000000,1215671.87560000
1773604800000,0.36110000,0.36680000,0.36000000,0.36560000,5217830.60000000,1896433.81483000
1773619200000,0.36570000,0.37540000,0.36340000,0.37240000,6541614.30000000,2415544.41406000
1773633600000,0.37240000,0.38750000,0.37240000,0.38420000,12875967.80000000,4902771.23289000
1773648000000,0.38420000,0.39000000,0.37790000,0.38070000,11485431.20000000,4395893.58474000
1773662400000,0.38080000,0.38670000,0.37850000,0.38410000,9196112.80000000,3523294.09524000
1773676800000,0.38400000,0.40250000,0.38380000,0.39590000,14542096.30000000,5742075.73667000
1773691200000,0.39580000,0.40600000,0.39410000,0.39970000,8907837.70000000,3563722.69861000
1773705600000,0.39970000,0.40170000,0.38920000,0.39170000,10511612.10000000,4161655.44425000
1773720000000,0.39170000,0.39530000,0.38530000,0.39260000,7329887.80000000,2860237.71831000
1773734400000,0.39270000,0.39390000,0.38930000,0.38980000,5363304.70000000,2100082.57220000
1773748800000,0.38980000,0.39900000,0.38380000,0.39230000,7568953.30000000,2948673.90161000
1773763200000,0.39230000,0.39900000,0.39160000,0.39570000,2883239.20000000,1139477.45075000
1773777600000,0.39580000,0.40120000,0.39350000,0.39440000,3880729.50000000,1542322.42098000
1773792000000,0.39430000,0.39970000,0.38880000,0.39770000,4238633.30000000,1671183.41526000
1773806400000,0.39780000,0.40190000,0.39210000,0.39420000,5490529.90000000,2178519.89876000
1773820800000,0.39410000,0.39590000,0.37680000,0.37890000,7123893.30000000,2755910.16817000
1773835200000,0.37880000,0.37970000,0.36170000,0.36190000,11180487.60000000,4126430.56930000
1773849600000,0.36180000,0.36650000,0.35770000,0.36410000,7959240.70000000,2884487.55069000
1773864000000,0.36410000,0.37080000,0.36120000,0.36890000,3370464.80000000,1236182.98482000
1773878400000,0.36900000,0.36930000,0.36010000,0.36180000,3516018.90000000,1279494.18367000
1773892800000,0.36170000,0.36260000,0.34200000,0.34430000,15538600.20000000,5443965.07838000
1773907200000,0.34420000,0.34680000,0.33720000,0.33950000,14385580.80000000,4914103.36388000
1773921600000,0.33950000,0.33960000,0.32780000,0.33180000,26586868.10000000,8861230.72951000
1773936000000,0.33170000,0.33250000,0.32690000,0.32840000,8137230.40000000,2679328.96507000
1773950400000,0.32850000,0.33650000,0.32820000,0.33080000,10878190.90000000,3617714.06307000
1773964800000,0.33080000,0.33450000,0.32690000,0.33130000,8840064.20000000,2923835.47607000
1773979200000,0.33130000,0.33540000,0.32800000,0.33020000,9061450.50000000,3002388.68204000
1773993600000,0.33020000,0.33360000,0.32080000,0.32210000,15552094.20000000,5065377.49951000
1774008000000,0.32220000,0.32380000,0.31630000,0.32260000,11973355.10000000,3841674.06722000
1774022400000,0.32260000,0.34500000,0.32260000,0.32890000,36092520.80000000,12114696.46932000
1774036800000,0.32890000,0.33090000,0.31990000,0.32150000,8372912.40000000,2725924.96733000
1774051200000,0.32160000,0.32360000,0.31810000,0.32180000,8264356.00000000,2650590.17610000
1774065600000,0.32190000,0.32360000,0.31880000,0.32010000,5852657.00000000,1878256.96122000
1774080000000,0.32020000,0.32060000,0.31200000,0.31460000,10741098.30000000,3392202.28374000
1774094400000,0.31460000,0.31780000,0.31240000,0.31780000,10524851.80000000,3312124.90511000
1774108800000,0.31780000,0.32230000,0.31410000,0.32200000,11742457.00000000,3740752.20884000
1774123200000,0.32200000,0.32920000,0.31280000,0.31620000,16246711.60000000,5253261.86064000
1774137600000,0.31620000,0.32240000,0.30900000,0.32010000,12672937.70000000,4003136.30865000
1774152000000,0.32020000,0.32170000,0.31510000,0.31550000,5281152.10000000,1678985.27217000
1774166400000,0.31550000,0.31800000,0.31130000,0.31370000,4788090.70000000,1505203.11739000
1774180800000,0.31380000,0.31640000,0.31160000,0.31320000,3002118.00000000,941463.76238000
1774195200000,0.31320000,0.31460000,0.30560000,0.30650000,4875391.10000000,1510486.01397000
1774209600000,0.30660000,0.31030000,0.30180000,0.30800000,6257290.00000000,1911965.91391000
1774224000000,0.30810000,0.31520000,0.30640000,0.31210000,6139145.30000000,1906453.05945000
1774238400000,0.31220000,0.31370000,0.30570000,0.30850000,5983604.10000000,1851693.09026000
1774252800000,0.30860000,0.32280000,0.30390000,0.31280000,18175728.20000000,5734045.15732000
1774267200000,0.31290000,0.32080000,0.30980000,0.31690000,12409021.60000000,3915198.51272000
1774281600000,0.31700000,0.32960000,0.31620000,0.32550000,9070756.70000000,2936343.98491000
1774296000000,0.32550000,0.32890000,0.32140000,0.32540000,7225620.90000000,2352778.85846000
1774310400000,0.32530000,0.32610000,0.31870000,0.32330000,7520703.60000000,2421783.79834000
1774324800000,0.32330000,0.32670000,0.32020000,0.32410000,4387454.30000000,1417016.71789000
1774339200000,0.32420000,0.32450000,0.31760000,0.31820000,5507630.50000000,1764483.00722000
1774353600000,0.31820000,0.32240000,0.31400000,0.31680000,8298347.40000000,2642567.61850000
1774368000000,0.31680000,0.31820000,0.31290000,0.31540000,2787958.70000000,879614.38574000
1774382400000,0.31530000,0.32290000,0.31520000,0.32130000,4820853.80000000,1544056.04637000
1774396800000,0.32140000,0.32360000,0.31890000,0.32140000,5101723.30000000,1642550.94816000
1774411200000,0.32140000,0.32190000,0.31780000,0.32010000,3920757.00000000,1253805.15189000
1774425600000,0.32010000,0.32560000,0.31900000,0.32530000,6652580.20000000,2143186.67974000
1774440000000,0.32540000,0.32780000,0.31630000,0.31710000,12373586.00000000,3981793.55197000
1774454400000,0.31700000,0.32260000,0.31660000,0.32090000,4549924.00000000,1454079.10470000
1774468800000,0.32100000,0.32560000,0.31760000,0.32500000,11053799.10000000,3555776.86871000
1774483200000,0.32500000,0.32550000,0.31490000,0.31570000,3438319.90000000,1099369.99536000
1774497600000,0.31570000,0.31610000,0.30460000,0.30680000,9028405.80000000,2803189.84036000
1774512000000,0.30690000,0.30850000,0.30180000,0.30450000,7961357.00000000,2430855.56899000
1774526400000,0.30440000,0.30740000,0.29100000,0.29270000,14697685.70000000,4402161.22965000
1774540800000,0.29270000,0.29530000,0.28970000,0.29060000,8499890.10000000,2491366.03304000
1774555200000,0.29070000,0.29660000,0.28860000,0.29240000,14730574.80000000,4305276.02766000
1774569600000,0.29230000,0.29440000,0.29000000,0.29030000,8770908.10000000,2561052.30489000
1774584000000,0.29030000,0.29040000,0.27980000,0.28550000,15821289.90000000,4495481.62221000
1774598400000,0.28560000,0.28570000,0.27300000,0.27510000,21842095.30000000,6074682.60340000
1774612800000,0.27510000,0.27670000,0.26760000,0.26840000,18643846.00000000,5086876.53194000
1774627200000,0.26840000,0.26880000,0.26030000,0.26150000,20218673.90000000,5348212.32451000
1774641600000,0.26150000,0.26350000,0.24800000,0.24930000,21371038.90000000,5455037.81221000
1774656000000,0.24940000,0.25280000,0.24330000,0.24910000,27774175.70000000,6881696.60177000
1774670400000,0.24900000,0.26840000,0.24730000,0.26810000,36997387.30000000,9443006.39838000
1774684800000,0.26800000,0.27650000,0.26510000,0.26950000,25078849.60000000,6765608.82469000
1774699200000,0.26950000,0.27570000,0.26690000,0.27200000,10576621.80000000,2875309.59563000
1774713600000,0.27210000,0.27530000,0.26820000,0.27480000,8357566.40000000,2275411.12343000
1774728000000,0.27480000,0.27660000,0.26750000,0.26890000,6393715.30000000,1737618.62247000
1774742400000,0.26890000,0.27500000,0.26710000,0.27260000,7253655.70000000,1968063.56310000
1774756800000,0.27260000,0.27860000,0.27110000,0.27470000,7128138.70000000,1959290.90480000
1774771200000,0.27460000,0.27720000,0.27100000,0.27520000,7629996.70000000,2095201.18755000
1774785600000,0.27520000,0.27520000,0.27050000,0.27390000,7049364.60000000,1922184.96492000
1774800000000,0.27380000,0.27610000,0.27000000,0.27360000,4330244.20000000,1181962.61806000
1774814400000,0.27360000,0.27670000,0.26300000,0.27190000,8712107.20000000,2360378.06110000
1774828800000,0.27200000,0.28760000,0.27090000,0.28270000,10823385.40000000,3023229.91292000
1774843200000,0.28270000,0.28550000,0.27960000,0.28310000,10661383.00000000,3016066.99070000
1774857600000,0.28310000,0.28720000,0.28150000,0.28370000,10023396.60000000,2849710.05797000
1774872000000,0.28380000,0.28400000,0.27640000,0.27880000,5619293.30000000,1575677.93018000
1774886400000,0.27880000,0.28090000,0.27050000,0.27360000,5361707.80000000,1471853.86964000
1774900800000,0.27360000,0.27690000,0.27090000,0.27200000,4589515.20000000,1256439.96801000
1774915200000,0.27210000,0.27930000,0.27190000,0.27500000,6532238.90000000,1800256.53585000
1774929600000,0.27510000,0.27830000,0.27450000,0.27690000,3587749.70000000,990940.83938000
1774944000000,0.27690000,0.27940000,0.27110000,0.27350000,4880082.30000000,1337139.34190000
1774958400000,0.27360000,0.27900000,0.26980000,0.27200000,6569707.70000000,1801135.61420000
1774972800000,0.27200000,0.28020000,0.27200000,0.27490000,7075316.30000000,1953868.92538000
1774987200000,0.27500000,0.27780000,0.27350000,0.27640000,3004958.00000000,829079.12391000
1775001600000,0.27630000,0.28080000,0.27410000,0.27910000,6865306.30000000,1910256.27539000
1775016000000,0.27920000,0.28310000,0.27700000,0.27990000,6171892.90000000,1733589.93837000
1775030400000,0.27990000,0.28340000,0.27780000,0.28230000,4099490.90000000,1151641.07007000
1775044800000,0.28220000,0.28530000,0.27780000,0.28410000,6178546.00000000,1741063.06256000
1775059200000,0.28420000,0.28430000,0.27680000,0.27830000,4293249.50000000,1203208.27283000
1775073600000,0.27820000,0.28110000,0.27570000,0.27820000,2261231.90000000,629166.96596000
1775088000000,0.27830000,0.28050000,0.26620000,0.26740000,6251018.10000000,1700801.64880000
1775102400000,0.26750000,0.27280000,0.26720000,0.26980000,3561368.40000000,960815.94619000
1775116800000,0.26970000,0.27120000,0.26630000,0.26790000,3724212.50000000,1000115.92278000
1775131200000,0.26780000,0.27040000,0.26110000,0.26680000,6662779.90000000,1769485.71795000
1775145600000,0.26680000,0.27020000,0.26470000,0.26680000,2508788.80000000,669515.13171000
1775160000000,0.26690000,0.27000000,0.26510000,0.26790000,2332458.40000000,623059.25842000
1775174400000,0.26800000,0.26870000,0.26350000,0.26640000,2524034.40000000,670958.61575000
1775188800000,0.26640000,0.27210000,0.26600000,0.27050000,2364445.60000000,637897.09914000
1775203200000,0.27050000,0.27330000,0.27040000,0.27280000,2408190.10000000,654805.06739000
1775217600000,0.27280000,0.27560000,0.26910000,0.26960000,3167387.10000000,860360.00555000
1775232000000,0.26960000,0.27220000,0.26670000,0.26820000,2501026.40000000,673862.34743000
1775246400000,0.26820000,0.26900000,0.26430000,0.26630000,4022688.20000000,1071389.70221000
1775260800000,0.26630000,0.26650000,0.26330000,0.26480000,3642779.50000000,965544.33865000
1775275200000,0.26470000,0.26600000,0.26370000,0.26410000,3569678.20000000,945009.82318000
1775289600000,0.26410000,0.26440000,0.25920000,0.26140000,8298064.60000000,2169430.38232000
1775304000000,0.26130000,0.26490000,0.26000000,0.26260000,4321000.00000000,1134193.52847000
1775318400000,0.26260000,0.26550000,0.26070000,0.26320000,4378171.90000000,1152216.68872000
1775332800000,0.26320000,0.26340000,0.25600000,0.25770000,3406712.60000000,885690.58858000
1775347200000,0.25780000,0.25920000,0.25540000,0.25700000,2218382.00000000,570389.15568000
1775361600000,0.25690000,0.25690000,0.24750000,0.24890000,7258681.90000000,1831130.87667000
1775376000000,0.24880000,0.25130000,0.24600000,0.24880000,6916002.80000000,1720697.77242000
1775390400000,0.24880000,0.25110000,0.24470000,0.24850000,7735566.00000000,1913197.89944000
1775404800000,0.24850000,0.25120000,0.24150000,0.24490000,5908608.50000000,1455998.80372000
1775419200000,0.24490000,0.24940000,0.23890000,0.24890000,14383636.20000000,3503895.98439000
1775433600000,0.24900000,0.25310000,0.24680000,0.25310000,7761450.60000000,1945041.12606000
1775448000000,0.25320000,0.25390000,0.24550000,0.24730000,5345881.40000000,1330642.03204000
1775462400000,0.24730000,0.25590000,0.24720000,0.25360000,7697273.80000000,1937335.58747000
1775476800000,0.25370000,0.25660000,0.24990000,0.25400000,6785496.80000000,1719028.03250000
1775491200000,0.25400000,0.25490000,0.24880000,0.25080000,7023159.30000000,1768922.33320000
1775505600000,0.25080000,0.25210000,0.24090000,0.24310000,6471017.30000000,1587711.73662000
1775520000000,0.24310000,0.24530000,0.23980000,0.24270000,4247397.30000000,1029821.11137000
1775534400000,0.24260000,0.24580000,0.24140000,0.24470000,3187084.70000000,777298.39689000
1775548800000,0.24480000,0.25000000,0.24470000,0.24530000,4581223.50000000,1131575.71779000
1775563200000,0.24520000,0.24800000,0.24250000,0.24320000,6598483.80000000,1615644.99745000
1775577600000,0.24310000,0.25630000,0.24170000,0.25580000,16202708.00000000,4066360.67392000
1775592000000,0.25590000,0.27510000,0.25470000,0.27040000,15350243.60000000,4076415.00538000
1775606400000,0.27030000,0.27140000,0.26080000,0.26250000,7149970.30000000,1898318.18516000
1775620800000,0.26260000,0.26680000,0.26210000,0.26330000,4116047.90000000,1087829.23656000
1775635200000,0.26320000,0.26440000,0.26000000,0.26160000,3813904.60000000,1001597.22408000
1775649600000,0.26150000,0.26610000,0.25780000,0.26370000,8569426.60000000,2246817.20024000
1775664000000,0.26370000,0.26890000,0.25720000,0.25930000,6585421.00000000,1742110.44663000
1775678400000,0.25940000,0.26230000,0.25580000,0.25690000,2941961.30000000,761892.04660000
1775692800000,0.25680000,0.25750000,0.25270000,0.25420000,4503169.80000000,1148099.62970000
1775707200000,0.25410000,0.25770000,0.25340000,0.25580000,2437119.70000000,623992.78187000
1775721600000,0.25580000,0.26440000,0.25490000,0.26010000,17118281.80000000,4454827.81440000
1775736000000,0.26010000,0.27080000,0.25890000,0.26800000,11622994.10000000,3067726.80840000
1775750400000,0.26810000,0.27100000,0.26410000,0.27000000,6203526.30000000,1661287.94743000
1775764800000,0.27010000,0.27830000,0.26700000,0.26740000,7123539.20000000,1939667.19534000
1775779200000,0.26740000,0.27090000,0.26470000,0.26670000,2864533.30000000,766141.06440000
1775793600000,0.26680000,0.27250000,0.26680000,0.26930000,4145147.50000000,1117782.67594000
1775808000000,0.26930000,0.27000000,0.26660000,0.26800000,3698529.70000000,992509.33545000
1775822400000,0.26800000,0.28290000,0.26670000,0.27780000,24781956.60000000,6855581.97656000
1775836800000,0.27780000,0.28130000,0.27280000,0.28070000,7598777.50000000,2103130.59341000
1775851200000,0.28070000,0.28530000,0.27840000,0.27890000,5850828.90000000,1644740.19386000
1775865600000,0.27890000,0.28650000,0.27700000,0.28130000,5351200.90000000,1508688.86568000
1775880000000,0.28130000,0.28440000,0.27980000,0.28280000,6145561.90000000,1734180.69348000
1775894400000,0.28290000,0.28750000,0.28050000,0.28130000,6689433.10000000,1900536.37949000
1775908800000,0.28130000,0.29420000,0.27480000,0.29320000,14540760.50000000,4116792.85880000
1775923200000,0.29310000,0.30260000,0.28660000,0.29870000,13812914.50000000,4069160.53858000
1775937600000,0.29870000,0.30290000,0.29610000,0.29840000,8577637.30000000,2569253.40339000
1775952000000,0.29840000,0.30060000,0.28140000,0.28830000,17101849.90000000,4955370.03896000
1775966400000,0.28820000,0.29090000,0.28260000,0.28770000,7984359.70000000,2297435.70416000
1775980800000,0.28770000,0.29640000,0.28730000,0.29200000,8590385.60000000,2512034.80840000
1775995200000,0.29200000,0.29240000,0.28320000,0.28570000,9772792.90000000,2806322.49270000
1776009600000,0.28560000,0.29600000,0.28520000,0.29130000,4959155.50000000,1444663.10847000
1776024000000,0.29140000,0.29500000,0.28550000,0.28900000,5072816.00000000,1469649.07631000
1776038400000,0.28910000,0.30290000,0.28810000,0.29340000,11957812.30000000,3557876.60288000
1776052800000,0.29340000,0.29670000,0.28920000,0.29100000,6290652.40000000,1845473.97062000
1776067200000,0.29100000,0.29930000,0.28810000,0.29870000,5882144.20000000,1722579.78435000
1776081600000,0.29870000,0.31420000,0.29280000,0.29530000,26150866.00000000,7945495.92772000
1776096000000,0.29530000,0.30120000,0.29380000,0.30000000,6805320.80000000,2025356.01523000
1776110400000,0.29990000,0.31510000,0.29750000,0.31160000,12967866.30000000,4003332.50540000
1776124800000,0.31170000,0.31980000,0.30730000,0.31730000,9061849.20000000,2841413.37923000
1776139200000,0.31720000,0.32790000,0.31240000,0.32510000,20349413.50000000,6520856.88317000
1776153600000,0.32510000,0.32670000,0.31150000,0.31220000,12301602.00000000,3936016.03619000
1776168000000,0.31230000,0.31970000,0.30860000,0.30980000,15223873.30000000,4771753.91515000
1776182400000,0.30980000,0.31010000,0.29410000,0.29580000,9442416.40000000,2855624.99543000
1776196800000,0.29580000,0.29730000,0.29150000,0.29670000,4748097.50000000,1399569.94369000
1776211200000,0.29680000,0.30040000,0.29220000,0.29820000,5641089.10000000,1674792.31065000
1776225600000,0.29820000,0.30320000,0.29300000,0.29470000,4745866.40000000,1415458.25352000
1776240000000,0.29470000,0.30120000,0.29380000,0.29870000,4236536.50000000,1256836.45647000
1776254400000,0.29880000,0.29950000,0.29300000,0.29650000,5244708.30000000,1557381.25424000
1776268800000,0.29640000,0.30490000,0.29590000,0.30220000,6016963.40000000,1810013.49641000
1776283200000,0.30240000,0.30970000,0.30110000,0.30520000,6132718.50000000,1870637.80423000
1776297600000,0.30520000,0.31340000,0.30280000,0.31070000,7496571.20000000,2314829.74902000
1776312000000,0.31080000,0.31250000,0.30680000,0.31140000,7598667.70000000,2352012.33965000
1776326400000,0.31140000,0.31170000,0.30500000,0.30980000,8166011.20000000,2517278.92003000
1776340800000,0.30970000,0.32550000,0.30360000,0.32010000,25521233.40000000,8013738.49069000
1776355200000,0.32010000,0.32140000,0.30980000,0.31950000,13232136.30000000,4183455.77853000
1776369600000,0.31960000,0.32910000,0.31450000,0.32530000,11113040.40000000,3583357.23800000
1776384000000,0.32520000,0.32550000,0.31590000,0.31870000,7873648.00000000,2526826.06013000
1776398400000,0.31870000,0.32060000,0.31250000,0.31930000,5238149.30000000,1659999.15503000
1776412800000,0.31930000,0.32090000,0.30500000,0.30660000,13496131.20000000,4224932.05659000
1776427200000,0.30660000,0.31870000,0.29620000,0.29850000,38904851.40000000,11975753.73029000
1776441600000,0.29860000,0.30720000,0.28270000,0.28770000,45293396.90000000,13331642.89625000
1776456000000,0.28780000,0.28870000,0.27820000,0.28060000,22010522.20000000,6242017.26125000
1776470400000,0.28060000,0.28640000,0.27920000,0.28350000,15388317.20000000,4349624.07588000
1776484800000,0.28350000,0.29040000,0.28120000,0.28560000,14639462.40000000,4175447.07120000
1776499200000,0.28570000,0.28620000,0.27320000,0.27610000,17027231.70000000,4753014.42653000
1776513600000,0.27600000,0.27800000,0.27210000,0.27350000,9720947.40000000,2677219.25685000
1776528000000,0.27350000,0.27400000,0.26470000,0.26640000,10756144.70000000,2891815.35017000
1776542400000,0.26630000,0.26730000,0.26230000,0.26340000,6043806.80000000,1601981.61524000
1776556800000,0.26340000,0.26470000,0.25820000,0.26150000,6914014.90000000,1810276.55564000
1776571200000,0.26150000,0.26240000,0.25810000,0.26050000,8979692.50000000,2336605.35254000
1776585600000,0.26050000,0.26540000,0.25970000,0.26440000,6606334.00000000,1731216.63206000
1776600000000,0.26440000,0.27030000,0.26270000,0.26620000,8682302.30000000,2322064.59475000
1776614400000,0.26630000,0.26640000,0.26060000,0.26180000,5713301.60000000,1504937.03596000
1776628800000,0.26170000,0.26280000,0.25520000,0.25910000,5284162.80000000,1368533.76757000
1776643200000,0.25920000,0.26390000,0.25860000,0.26320000,3903249.80000000,1023259.41350000
1776657600000,0.26310000,0.26600000,0.25840000,0.26240000,4822651.70000000,1262204.25196000
1776672000000,0.26250000,0.26480000,0.26060000,0.26330000,3439391.10000000,904501.88508000
1776686400000,0.26330000,0.26610000,0.26110000,0.26280000,6442010.90000000,1700807.00596000
1776700800000,0.26290000,0.26770000,0.26130000,0.26700000,4595139.30000000,1219465.16772000
1776715200000,0.26690000,0.26940000,0.26350000,0.26420000,3267714.40000000,871199.70962000
1776729600000,0.26430000,0.26650000,0.26210000,0.26310000,3304769.60000000,873178.72376000
1776744000000,0.26310000,0.26480000,0.26170000,0.26300000,3399332.40000000,894715.47079000
1776758400000,0.26300000,0.26660000,0.26290000,0.26460000,3317157.80000000,878138.12670000
1776772800000,0.26460000,0.26550000,0.26120000,0.26350000,4505788.30000000,1184838.87525000
1776787200000,0.26360000,0.26410000,0.25750000,0.25870000,5119023.60000000,1335184.76080000
1776801600000,0.25870000,0.26290000,0.25790000,0.26170000,5448755.30000000,1419343.00247000
1776816000000,0.26180000,0.26490000,0.25930000,0.26360000,7366135.90000000,1931687.92076000
1776830400000,0.26360000,0.26860000,0.26310000,0.26780000,7455242.70000000,1985324.75406000
1776844800000,0.26790000,0.27160000,0.26690000,0.26950000,9862246.40000000,2653720.46463000
1776859200000,0.26960000,0.27030000,0.26650000,0.26770000,4780038.20000000,1284586.62639000
1776873600000,0.26780000,0.27390000,0.26730000,0.27060000,5364948.90000000,1451911.89014000
1776888000000,0.27060000,0.27180000,0.26330000,0.26340000,5023974.70000000,1345895.24162000
1776902400000,0.26330000,0.26530000,0.25880000,0.26210000,6500881.40000000,1704514.86069000
1776916800000,0.26210000,0.26540000,0.26160000,0.26220000,2974510.90000000,782577.41716000
1776931200000,0.26220000,0.26340000,0.25890000,0.26110000,3571818.50000000,931956.07727000
1776945600000,0.26100000,0.26360000,0.25940000,0.26260000,3869233.50000000,1010741.25719000
1776960000000,0.26250000,0.26280000,0.25490000,0.25960000,6759380.60000000,1747235.68996000
1776974400000,0.25970000,0.26460000,0.25940000,0.26430000,3139440.10000000,824604.47100000
1776988800000,0.26440000,0.26760000,0.26130000,0.26300000,4374032.70000000,1158333.61841000
1777003200000,0.26310000,0.26460000,0.26000000,0.26050000,4429652.50000000,1161332.94459000
1777017600000,0.26060000,0.26360000,0.26000000,0.26350000,5469735.90000000,1432196.35966000
1777032000000,0.26360000,0.26520000,0.26060000,0.26410000,6083281.30000000,1601381.32562000
1777046400000,0.26410000,0.26420000,0.26060000,0.26190000,7736608.80000000,2026649.30653000
1777060800000,0.26190000,0.26420000,0.25910000,0.26190000,4425886.10000000,1157090.50098000
1777075200000,0.26180000,0.26300000,0.25950000,0.26260000,3552765.20000000,927891.27122000
1777089600000,0.26260000,0.26380000,0.26060000,0.26110000,2626637.50000000,688856.73663000
1777104000000,0.26110000,0.26330000,0.25960000,0.26070000,3389578.10000000,887373.16098000
1777118400000,0.26070000,0.26150000,0.25660000,0.25730000,5181879.40000000,1343487.63084000
1777132800000,0.25720000,0.25870000,0.25580000,0.25670000,3179089.80000000,817373.68271000
1777147200000,0.25670000,0.25890000,0.25600000,0.25880000,2174911.30000000,559783.05170000
1777161600000,0.25890000,0.25890000,0.25540000,0.25750000,2272459.70000000,584071.12402000
1777176000000,0.25750000,0.26120000,0.25710000,0.26090000,2561272.10000000,666001.76277000
1777190400000,0.26090000,0.26120000,0.25940000,0.26020000,2088538.30000000,543824.09357000
1777204800000,0.26020000,0.26070000,0.25780000,0.26050000,2324455.90000000,602915.97096000
1777219200000,0.26060000,0.26080000,0.25810000,0.25900000,2593643.20000000,672383.85821000
1777233600000,0.25910000,0.26110000,0.25700000,0.25980000,4370795.40000000,1134668.03229000
1777248000000,0.25980000,0.26480000,0.25950000,0.26270000,3768413.10000000,988997.45423000
1777262400000,0.26260000,0.26390000,0.25250000,0.25280000,6772791.30000000,1742459.74079000
1777276800000,0.25270000,0.25390000,0.25130000,0.25360000,3308827.20000000,836775.47469000
1777291200000,0.25370000,0.25580000,0.24630000,0.24900000,7429487.50000000,1861109.43788000
1777305600000,0.24890000,0.25110000,0.24790000,0.24970000,3907826.80000000,975148.25714000
1777320000000,0.24980000,0.25440000,0.24980000,0.25430000,1647377.40000000,415254.87092000
1777334400000,0.25430000,0.25500000,0.25160000,0.25280000,1690808.20000000,428793.10929000
1777348800000,0.25270000,0.25340000,0.24870000,0.25050000,3078665.20000000,773435.52046000
1777363200000,0.25060000,0.25140000,0.24900000,0.24970000,2512849.50000000,628247.90171000
1777377600000,0.24980000,0.25270000,0.24850000,0.25110000,3189270.20000000,798517.12452000
1777392000000,0.25110000,0.25340000,0.25020000,0.25280000,1691649.20000000,426348.86718000
1777406400000,0.25280000,0.25290000,0.25060000,0.25170000,2258311.90000000,568046.53027000
1777420800000,0.25160000,0.25320000,0.24990000,0.25320000,2020056.30000000,507846.74588000
1777435200000,0.25310000,0.25430000,0.25110000,0.25260000,2813882.90000000,711184.98461000
1777449600000,0.25260000,0.25670000,0.25130000,0.25400000,3815312.90000000,968395.54080000
1777464000000,0.25400000,0.25410000,0.24530000,0.24630000,6482705.60000000,1615151.17194000
1777478400000,0.24630000,0.24760000,0.23750000,0.24280000,11355142.60000000,2756711.70955000
1777492800000,0.24280000,0.24970000,0.24260000,0.24820000,4262054.60000000,1050337.42258000
1777507200000,0.24830000,0.25180000,0.24680000,0.24960000,4510393.70000000,1123282.14668000
1777521600000,0.24960000,0.24970000,0.24450000,0.24600000,7960238.70000000,1962636.74001000
1777536000000,0.24610000,0.24660000,0.24120000,0.24280000,8299721.60000000,2023128.40439000
1777550400000,0.24290000,0.24450000,0.24000000,0.24250000,5894027.00000000,1425971.74941000
1777564800000,0.24250000,0.24690000,0.24220000,0.24440000,3640300.70000000,890958.01333000
1777579200000,0.24440000,0.24510000,0.24230000,0.24300000,4987130.30000000,1215184.83857000
1777593600000,0.24300000,0.24590000,0.24230000,0.24380000,4339144.60000000,1057864.46872000
1777608000000,0.24390000,0.24470000,0.23860000,0.23950000,7401975.60000000,1784744.68744000
1777622400000,0.23960000,0.24150000,0.23590000,0.23810000,6004980.50000000,1431170.24247000
1777636800000,0.23810000,0.24190000,0.23720000,0.23920000,8983855.60000000,2150866.27346000
1777651200000,0.23930000,0.23990000,0.23650000,0.23900000,4162614.80000000,991639.07864000
1777665600000,0.23900000,0.23960000,0.23300000,0.23410000,9522913.00000000,2244933.40325000
1777680000000,0.23410000,0.23610000,0.23110000,0.23350000,4419416.80000000,1033611.10991000
1777694400000,0.23350000,0.23680000,0.23200000,0.23550000,3806655.50000000,892435.30924000
1777708800000,0.23550000,0.23720000,0.23370000,0.23640000,2966569.90000000,698414.76409000
1777723200000,0.23650000,0.24230000,0.23610000,0.24170000,4605678.10000000,1100957.30350000
1777737600000,0.24170000,0.24490000,0.24100000,0.24440000,4918235.40000000,1196090.64825000
1777752000000,0.24430000,0.24480000,0.24210000,0.24300000,3001144.70000000,730044.59545000
1777766400000,0.24300000,0.24340000,0.23780000,0.23870000,2390843.40000000,573329.77584000
1777780800000,0.23870000,0.23950000,0.23730000,0.23850000,2070492.30000000,494028.91903000
1777795200000,0.23850000,0.23980000,0.23650000,0.23830000,3238492.30000000,771035.25342000
1777809600000,0.23840000,0.23950000,0.23720000,0.23930000,2575803.30000000,614475.13043000
1777824000000,0.23930000,0.24130000,0.23910000,0.24050000,2235490.20000000,536732.97105000
1777838400000,0.24050000,0.24170000,0.23680000,0.23700000,2832938.00000000,678843.54843000
1777852800000,0.23690000,0.24250000,0.23370000,0.24210000,8062073.30000000,1927160.94400000
1777867200000,0.24220000,0.24400000,0.23980000,0.24080000,4700522.60000000,1137917.11295000
1777881600000,0.24070000,0.24240000,0.23450000,0.23690000,7807091.40000000,1857803.37240000
1777896000000,0.23680000,0.24030000,0.23460000,0.23640000,8799406.60000000,2084022.93727000
1777910400000,0.23640000,0.24100000,0.23510000,0.23850000,5351124.00000000,1276870.98551000
1777924800000,0.23850000,0.24080000,0.23590000,0.23660000,3095871.00000000,736061.84157000
1777939200000,0.23670000,0.24060000,0.23620000,0.23970000,3407457.90000000,813640.01552000
1777953600000,0.23980000,0.24530000,0.23950000,0.24310000,7921147.20000000,1920875.99885000
1777968000000,0.24310000,0.24490000,0.24160000,0.24460000,4450379.00000000,1083084.56403000
1777982400000,0.24470000,0.24570000,0.24130000,0.24180000,13919291.50000000,3381407.11879000
1777996800000,0.24190000,0.24550000,0.24040000,0.24410000,5587320.20000000,1354670.95816000
1778011200000,0.24410000,0.25040000,0.24390000,0.24540000,14132271.30000000,3492727.77485000
1778025600000,0.24540000,0.25350000,0.24380000,0.25310000,10031752.30000000,2498533.66775000
1778040000000,0.25320000,0.25550000,0.24970000,0.25410000,9473324.80000000,2392216.69215000
1778054400000,0.25410000,0.26290000,0.25370000,0.26020000,12689084.40000000,3291905.14235000
1778068800000,0.26020000,0.26080000,0.25000000,0.25670000,15713926.30000000,4008690.53410000
1778083200000,0.25660000,0.25920000,0.25350000,0.25520000,8570102.30000000,2199095.65234000
1778097600000,0.25530000,0.25950000,0.25300000,0.25710000,6682674.20000000,1711317.62541000
1778112000000,0.25700000,0.25750000,0.24860000,0.24930000,7677162.70000000,1932474.72131000
1778126400000,0.24920000,0.26080000,0.24900000,0.26040000,11695236.10000000,2980298.39921000
1778140800000,0.26040000,0.26140000,0.25560000,0.25610000,8553861.30000000,2212642.29222000
1778155200000,0.25610000,0.25980000,0.24910000,0.25110000,8888606.60000000,2260364.80502000
1778169600000,0.25110000,0.25500000,0.25010000,0.25270000,4874258.00000000,1230389.41567000
1778184000000,0.25280000,0.25500000,0.24830000,0.25220000,5688379.60000000,1428132.89067000
1778198400000,0.25230000,0.25490000,0.25060000,0.25370000,3601147.10000000,910106.03523000
1778212800000,0.25370000,0.25940000,0.25360000,0.25880000,5520651.00000000,1415822.92837000
1778227200000,0.25880000,0.25980000,0.25650000,0.25870000,5623351.30000000,1452755.12167000
1778241600000,0.25880000,0.26990000,0.25370000,0.26960000,10505400.60000000,2746775.12792000
1778256000000,0.26960000,0.27850000,0.26340000,0.27410000,21039492.90000000,5703676.86504000
1778270400000,0.27400000,0.27560000,0.27030000,0.27350000,8487789.70000000,2317098.12725000
1778284800000,0.27360000,0.27670000,0.27200000,0.27580000,5620361.50000000,1544631.10784000
1778299200000,0.27580000,0.27670000,0.27090000,0.27190000,6150089.20000000,1682892.81267000
1778313600000,0.27180000,0.27350000,0.26790000,0.27230000,5642325.10000000,1527382.45667000
1778328000000,0.27220000,0.27380000,0.26880000,0.26980000,4475045.20000000,1213863.29847000
1778342400000,0.26980000,0.27320000,0.26850000,0.27310000,3880390.00000000,1052465.30774000
1778356800000,0.27320000,0.27370000,0.26960000,0.27070000,1995894.40000000,542032.57843000
1778371200000,0.27060000,0.27090000,0.26500000,0.26740000,4275488.30000000,1143556.70400000
1778385600000,0.26740000,0.27050000,0.26590000,0.26920000,3330917.90000000,892489.93805000
1778400000000,0.26920000,0.27470000,0.26910000,0.27090000,4232046.20000000,1152198.83949000
1778414400000,0.27080000,0.28140000,0.26900000,0.28130000,8883266.40000000,2440762.95273000
1778428800000,0.28130000,0.29560000,0.28060000,0.28810000,34995350.00000000,10067000.00106000
1778443200000,0.28820000,0.29070000,0.26790000,0.28360000,26213670.30000000,7322752.94519000
1778457600000,0.28350000,0.28400000,0.27220000,0.27590000,7572757.60000000,2107524.19632000
1778472000000,0.27600000,0.28550000,0.27400000,0.27910000,8249598.20000000,2320072.16101000
1778486400000,0.27910000,0.28300000,0.27550000,0.28180000,8411244.20000000,2351527.12069000
1778500800000,0.28180000,0.28390000,0.27410000,0.28300000,7968000.00000000,2222551.82989000
1778515200000,0.28290000,0.28580000,0.27930000,0.28310000,6165982.90000000,1742443.17064000
1778529600000,0.28310000,0.28410000,0.27650000,0.27870000,6076189.10000000,1699658.10733000
1778544000000,0.27860000,0.28200000,0.27300000,0.27640000,5231893.30000000,1453128.47590000
1778558400000,0.27640000,0.28090000,0.27360000,0.27650000,3922346.10000000,1089217.42230000
1778572800000,0.27660000,0.27680000,0.26850000,0.26990000,7591368.10000000,2065682.57523000
1778587200000,0.26990000,0.27250000,0.26280000,0.26330000,11370466.90000000,3036837.26872000
1778601600000,0.26320000,0.26880000,0.26080000,0.26800000,4179689.20000000,1105838.31495000
1778616000000,0.26810000,0.27080000,0.26700000,0.26760000,3205049.20000000,862012.52055000
1778630400000,0.26760000,0.27820000,0.26700000,0.27760000,6630423.80000000,1811960.38121000
1778644800000,0.27760000,0.27860000,0.27360000,0.27770000,5111190.80000000,1413894.09990000
1778659200000,0.27780000,0.28780000,0.27480000,0.27550000,17767724.70000000,5004238.45937000
1778673600000,0.27560000,0.27680000,0.25560000,0.25720000,24769162.90000000,6519181.20861000
1778688000000,0.25710000,0.26250000,0.25590000,0.25750000,12175438.00000000,3146773.40438000
1778702400000,0.25750000,0.26040000,0.25570000,0.25980000,5351400.70000000,1381857.63131000
1778716800000,0.25970000,0.26200000,0.25360000,0.25510000,6189646.20000000,1600818.11803000
1778731200000,0.25510000,0.26010000,0.25430000,0.25690000,5029199.40000000,1297561.97589000
1778745600000,0.25690000,0.25900000,0.25430000,0.25450000,4446636.70000000,1139699.21959000
1778760000000,0.25440000,0.26460000,0.25430000,0.26400000,6813311.20000000,1772858.12551000
1778774400000,0.26400000,0.27380000,0.26120000,0.26840000,9924760.00000000,2656778.39881000
1778788800000,0.26840000,0.26920000,0.26100000,0.26170000,4244715.20000000,1124881.92617000
1778803200000,0.26170000,0.26440000,0.25820000,0.26080000,4113328.30000000,1076227.12701000
1778817600000,0.26080000,0.26090000,0.24970000,0.25430000,11153619.90000000,2833680.75050000
1778832000000,0.25440000,0.25440000,0.25060000,0.25260000,6733195.00000000,1698849.25981000
1778846400000,0.25260000,0.25310000,0.23870000,0.24230000,20729618.80000000,5064060.69770000
1778860800000,0.24230000,0.24810000,0.24140000,0.24540000,4621731.40000000,1133292.38835000
1778875200000,0.24540000,0.24550000,0.24340000,0.24510000,1942123.90000000,474853.20442000
1778889600000,0.24500000,0.24770000,0.24460000,0.24690000,1829187.30000000,450177.75514000
1778904000000,0.24690000,0.24700000,0.23610000,0.24070000,6695916.70000000,1612902.60499000
1778918400000,0.24070000,0.24140000,0.23490000,0.23890000,6198802.20000000,1470491.61949000
1778932800000,0.23890000,0.24320000,0.23790000,0.24200000,3347051.20000000,804669.28674000
1778947200000,0.24190000,0.24350000,0.24040000,0.24120000,5287328.40000000,1278447.02758000
1778961600000,0.24130000,0.24160000,0.23990000,0.24010000,1795447.20000000,432127.88039000
1778976000000,0.24010000,0.24200000,0.23790000,0.24160000,2428117.10000000,582131.77158000
1778990400000,0.24150000,0.24500000,0.24150000,0.24380000,2156279.00000000,524690.79987000
1779004800000,0.24380000,0.24530000,0.24250000,0.24350000,2629869.70000000,640921.26267000
1779019200000,0.24350000,0.24430000,0.24060000,0.24220000,2047640.80000000,496425.02180000
1779033600000,0.24220000,0.24240000,0.23920000,0.24210000,1961292.90000000,472596.46630000
1779048000000,0.24200000,0.24360000,0.22670000,0.23590000,8764108.60000000,2051955.34943000
1779062400000,0.23590000,0.23800000,0.23300000,0.23670000,4068377.80000000,957703.91885000
1779076800000,0.23670000,0.23770000,0.23210000,0.23390000,3911590.50000000,917550.77166000
1779091200000,0.23390000,0.23560000,0.23080000,0.23430000,5431380.40000000,1264563.49345000
1779105600000,0.23430000,0.23750000,0.22900000,0.23340000,9448252.00000000,2210120.48872000
1779120000000,0.23350000,0.23850000,0.23120000,0.23810000,4723585.50000000,1108651.30662000
1779134400000,0.23810000,0.24260000,0.23810000,0.24200000,4994814.80000000,1201879.26373000
1779148800000,0.24210000,0.24400000,0.23890000,0.24220000,3832728.00000000,925991.53779000
1779163200000,0.24230000,0.25040000,0.24200000,0.24640000,8986017.60000000,2218814.63815000
1779177600000,0.24640000,0.24700000,0.24120000,0.24150000,9611106.20000000,2348828.40098000
1779192000000,0.24140000,0.24540000,0.23800000,0.24000000,6578460.10000000,1591212.88011000
1779206400000,0.24000000,0.24070000,0.23900000,0.23950000,3229409.20000000,774966.59589000
1779220800000,0.23950000,0.24050000,0.23630000,0.23850000,2512990.80000000,599835.47674000
1779235200000,0.23850000,0.24040000,0.23750000,0.23940000,2121412.80000000,507282.57865000
1779249600000,0.23950000,0.24120000,0.23920000,0.23950000,3080396.80000000,739847.89560000
1779264000000,0.23960000,0.24080000,0.23780000,0.23800000,4068561.40000000,975291.64441000
1779278400000,0.23800000,0.24650000,0.23610000,0.24600000,11672889.40000000,2824629.61307000
1779292800000,0.24600000,0.25680000,0.24420000,0.25070000,29206759.50000000,7326569.08100000
1779307200000,0.25060000,0.25290000,0.24560000,0.24790000,5201835.40000000,1296946.96565000
1779321600000,0.24800000,0.25640000,0.24750000,0.25490000,10041020.70000000,2541047.09610000
1779336000000,0.25480000,0.25970000,0.25330000,0.25960000,8557318.20000000,2190563.20324000
1779350400000,0.25960000,0.26790000,0.25430000,0.25500000,18889373.10000000,4946659.49576000
1779364800000,0.25500000,0.26500000,0.25450000,0.26180000,16904330.10000000,4391507.18408000
1779379200000,0.26180000,0.27590000,0.25740000,0.27570000,18145432.30000000,4843299.16445000
1779393600000,0.27570000,0.27880000,0.26700000,0.26860000,11746781.60000000,3207278.43135000
1779408000000,0.26870000,0.28080000,0.26770000,0.27680000,14046124.40000000,3858775.95871000
1779422400000,0.27690000,0.28970000,0.27620000,0.28730000,34384378.00000000,9689368.45794000
1779436800000,0.28730000,0.29380000,0.27970000,0.28980000,27489764.40000000,7897251.71300000
1779451200000,0.28990000,0.30230000,0.28360000,0.29560000,41889599.40000000,12245304.27764000
1779465600000,0.29560000,0.30060000,0.26970000,0.27750000,37315737.40000000,10658212.42782000
1779480000000,0.27750000,0.28440000,0.26380000,0.27060000,21761401.30000000,6010480.64359000
1779494400000,0.27060000,0.27490000,0.26660000,0.27440000,13960451.10000000,3780860.80889000
1779508800000,0.27440000,0.27710000,0.25990000,0.26360000,15307303.90000000,4121639.55912000
1779523200000,0.26360000,0.27040000,0.26210000,0.26770000,9770552.00000000,2599224.57062000
1779537600000,0.26780000,0.28450000,0.26450000,0.28260000,19839019.10000000,5495201.35631000
1779552000000,0.28260000,0.31000000,0.28210000,0.30160000,38684799.20000000,11523255.18616000
1779566400000,0.30150000,0.30830000,0.29630000,0.29990000,20591790.90000000,6233547.61904000
1779580800000,0.30000000,0.30440000,0.29700000,0.29980000,11625856.60000000,3496274.44166000
1779595200000,0.29980000,0.30680000,0.29510000,0.30080000,13129334.90000000,3960691.98732000
1779609600000,0.30080000,0.30810000,0.29820000,0.30200000,13657597.70000000,4134259.91787000
1779624000000,0.30200000,0.31330000,0.28940000,0.30280000,29589593.80000000,8957689.36991000
1779638400000,0.30290000,0.30290000,0.29120000,0.29230000,10302485.00000000,3049781.50999000
1779652800000,0.29240000,0.29560000,0.28440000,0.29320000,14392198.00000000,4182027.56503000
1779667200000,0.29320000,0.29750000,0.28680000,0.28890000,9318316.30000000,2727773.41609000
1779681600000,0.28880000,0.29920000,0.28880000,0.29760000,8574624.70000000,2525666.44820000
1779696000000,0.29760000,0.30770000,0.29610000,0.30280000,15923534.80000000,4834419.83705000
1779710400000,0.30270000,0.30660000,0.29870000,0.30360000,8428127.20000000,2545101.37439000
1779724800000,0.30360000,0.33590000,0.29900000,0.32660000,34309726.00000000,11026563.00201000
1779739200000,0.32660000,0.33970000,0.32160000,0.33050000,24454704.20000000,8090912.78681000
1779753600000,0.33060000,0.33390000,0.32420000,0.33180000,21170545.80000000,6967752.62966000
1779768000000,0.33190000,0.36510000,0.32920000,0.36300000,57125063.30000000,19933020.85922000
1779782400000,0.36300000,0.40380000,0.35840000,0.39860000,74203131.50000000,28393998.41786000
1779796800000,0.39870000,0.41440000,0.37680000,0.40520000,86394165.70000000,34180376.00996000
1779811200000,0.40520000,0.40730000,0.37220000,0.38140000,48185905.40000000,18886058.60633000
1779825600000,0.38140000,0.38870000,0.37420000,0.37570000,21775527.50000000,8289850.68973000
1779840000000,0.37580000,0.37890000,0.35420000,0.35700000,30278540.50000000,11083037.50047000
1779854400000,0.35690000,0.38090000,0.35180000,0.36190000,53576822.40000000,19568216.22952000
1779868800000,0.36190000,0.36830000,0.34940000,0.36150000,18231342.30000000,6523198.44262000
1779883200000,0.36150000,0.37120000,0.35810000,0.36530000,19539185.20000000,7103399.80902000
1779897600000,0.36520000,0.36610000,0.34080000,0.34880000,19558596.90000000,6854957.28065000
1779912000000,0.34890000,0.35180000,0.33670000,0.34100000,11062908.40000000,3803278.06934000
1779926400000,0.34090000,0.34200000,0.32100000,0.32120000,17289022.60000000,5706471.37385000
1779940800000,0.32130000,0.32570000,0.30440000,0.31200000,28039511.30000000,8770591.04313000
1779955200000,0.31190000,0.31210000,0.29230000,0.29340000,20664750.60000000,6217708.98805000
1779969600000,0.29340000,0.29810000,0.28210000,0.28350000,28057324.00000000,8123545.33094000
1779984000000,0.28350000,0.28930000,0.27810000,0.28360000,22643570.00000000,6426808.78036000
1779998400000,0.28360000,0.28870000,0.27500000,0.28130000,18732485.40000000,5272613.85085000
1780012800000,0.28120000,0.29650000,0.28010000,0.28480000,30821730.70000000,8948513.19554000
1780027200000,0.28480000,0.31480000,0.28160000,0.30930000,26123365.20000000,7837819.52996000
1780041600000,0.30940000,0.31330000,0.29170000,0.29400000,20947291.40000000,6308361.59459000
1780056000000,0.29390000,0.30900000,0.28790000,0.30180000,28446942.60000000,8463747.66698000
1780070400000,0.30190000,0.31070000,0.29400000,0.29900000,23450200.40000000,7083911.42223000
1780084800000,0.29900000,0.30320000,0.28900000,0.28990000,8831013.00000000,2603094.51700000
1780099200000,0.28990000,0.30050000,0.28520000,0.29230000,15344196.00000000,4485026.82764000
1780113600000,0.29230000,0.30060000,0.28550000,0.29470000,10213469.30000000,2998550.38484000
1780128000000,0.29470000,0.30170000,0.29320000,0.30110000,7313858.50000000,2184276.39630000
1780142400000,0.30110000,0.35310000,0.29940000,0.34990000,53146750.20000000,17381100.23022000
1780156800000,0.34990000,0.37250000,0.33770000,0.36000000,47640804.90000000,16839455.31700000
1780171200000,0.36010000,0.38110000,0.34060000,0.34430000,41617889.90000000,14993561.63210000
1780185600000,0.34430000,0.34990000,0.33300000,0.34840000,21916466.00000000,7516081.91573000
1780200000000,0.34840000,0.34990000,0.33680000,0.34010000,11804877.70000000,4042292.75168000
1780214400000,0.34020000,0.34080000,0.32580000,0.33290000,13582388.20000000,4539305.37710000
1780228800000,0.33290000,0.33900000,0.31700000,0.32330000,29581351.10000000,9686505.87295000
1780243200000,0.32330000,0.33780000,0.32170000,0.33750000,13698474.70000000,4521611.16336000
1780257600000,0.33750000,0.35570000,0.33700000,0.35020000,20150200.50000000,6973203.86104000
1780272000000,0.35020000,0.39800000,0.34880000,0.39320000,41088810.60000000,15472770.15978000
1780286400000,0.39330000,0.40650000,0.37600000,0.37790000,54048380.50000000,21107792.64027000
1780300800000,0.37800000,0.38900000,0.37120000,0.37390000,31067497.10000000,11782043.61504000
1780315200000,0.37400000,0.39330000,0.36660000,0.38760000,36466090.20000000,13770626.17250000
1780329600000,0.38760000,0.44440000,0.38510000,0.43250000,92184587.20000000,37937900.59349000
1780344000000,0.43240000,0.44450000,0.41980000,0.43770000,46823873.90000000,20257767.67660000
1780358400000,0.43780000,0.46410000,0.42770000,0.45970000,46447653.60000000,20494227.79992000
1780372800000,0.45980000,0.48330000,0.42330000,0.42370000,65618313.40000000,30093898.21231000
1780387200000,0.42380000,0.42740000,0.40610000,0.41730000,45875720.80000000,19130485.31098000
1780401600000,0.41730000,0.42480000,0.39520000,0.40370000,45703046.20000000,18761529.37781000
1780416000000,0.40370000,0.42450000,0.39560000,0.40260000,35649525.20000000,14655553.95055000
1780430400000,0.40260000,0.41370000,0.37640000,0.38270000,30412452.50000000,11994740.92188000
1780444800000,0.38260000,0.40660000,0.38110000,0.38370000,27297793.90000000,10756627.67993000
1780459200000,0.38360000,0.45890000,0.38310000,0.45700000,45838655.50000000,19547459.22638000
1780473600000,0.45690000,0.52500000,0.44180000,0.50020000,83835943.50000000,40721376.50189000
1780488000000,0.50030000,0.53970000,0.48340000,0.53020000,70693460.30000000,36527966.23498000
1780502400000,0.53010000,0.54290000,0.50450000,0.52160000,57055633.90000000,29750056.31455000
1780516800000,0.52150000,0.56610000,0.50750000,0.54180000,54174333.30000000,28939622.64880000
1780531200000,0.54160000,0.56560000,0.47060000,0.54050000,83091804.40000000,43558001.29244000
1780545600000,0.54050000,0.54270000,0.49320000,0.51330000,61865190.10000000,31982757.49598000
1780560000000,0.51330000,0.53310000,0.47340000,0.47640000,55058961.30000000,27540445.17265000
1780574400000,0.47640000,0.60290000,0.45790000,0.59070000,121827107.50000000,64240474.94075000
1780588800000,0.59080000,0.63170000,0.54560000,0.55120000,125116983.60000000,73543768.64870000
1780603200000,0.55120000,0.55700000,0.50930000,0.53740000,57691647.60000000,30621975.44659000
1780617600000,0.53740000,0.55630000,0.46700000,0.49200000,83578996.30000000,43127167.67020000
1780632000000,0.49210000,0.56660000,0.48730000,0.54000000,77906969.90000000,40400972.60877000
1780646400000,0.54010000,0.57490000,0.52270000,0.53010000,53185850.90000000,28914361.66182000
1780660800000,0.53010000,0.55190000,0.47340000,0.50970000,78766755.20000000,40577898.06694000
1780675200000,0.50970000,0.53730000,0.49750000,0.51850000,53851151.80000000,27893283.28122000
1780689600000,0.51840000,0.55620000,0.50500000,0.53050000,37261891.10000000,19764048.06152000
1780704000000,0.53070000,0.53940000,0.40900000,0.42940000,116300358.10000000,54137609.73761000
1780718400000,0.42930000,0.47180000,0.41700000,0.43820000,68418759.80000000,30221854.33517000
1780732800000,0.43830000,0.43990000,0.39160000,0.42280000,61429529.00000000,25512025.98241000
1780747200000,0.42270000,0.43300000,0.40530000,0.41550000,37227473.20000000,15487869.13778000
1780761600000,0.41550000,0.42120000,0.39250000,0.41190000,40594007.00000000,16530292.61331000
1780776000000,0.41180000,0.42970000,0.40830000,0.41410000,23772255.70000000,9951553.51949000
1780790400000,0.41410000,0.47400000,0.41170000,0.44890000,46476713.50000000,20850473.56378000
1780804800000,0.44880000,0.46480000,0.44110000,0.44600000,28860840.70000000,13033714.37899000
1780819200000,0.44580000,0.45300000,0.41590000,0.43600000,32557197.40000000,14111874.36946000
1780833600000,0.43590000,0.51320000,0.42350000,0.49910000,61601486.80000000,28845892.30649000
1780848000000,0.49910000,0.50750000,0.45770000,0.46580000,43030214.50000000,20772923.87824000
1780862400000,0.46570000,0.50450000,0.46270000,0.47200000,26715488.80000000,12777293.88496000
1780876800000,0.47180000,0.49480000,0.46820000,0.48000000,25767675.50000000,12359114.02020000
1780891200000,0.48000000,0.48620000,0.46440000,0.47270000,20427754.60000000,9691098.08768000
1780905600000,0.47270000,0.47860000,0.45310000,0.46550000,30225316.40000000,14168979.08140000
1780920000000,0.46540000,0.49380000,0.46040000,0.47940000,28917466.50000000,13844364.51488000
1780934400000,0.47950000,0.57890000,0.47660000,0.54780000,66901795.40000000,35922626.84267000
1780948800000,0.54770000,0.56170000,0.49170000,0.49730000,40770814.30000000,21236878.09446000
1780963200000,0.49720000,0.50780000,0.47870000,0.48440000,24249701.40000000,11894901.41798000
1780977600000,0.48430000,0.52500000,0.48380000,0.51340000,32502590.50000000,16513274.19074000
1780992000000,0.51350000,0.52110000,0.50280000,0.51160000,26252732.30000000,13466225.79521000
1781006400000,0.51150000,0.55470000,0.49450000,0.50060000,60975957.70000000,32095339.61055000
1781020800000,0.50070000,0.53180000,0.48220000,0.50560000,38729960.80000000,19549717.95630000
1781035200000,0.50560000,0.52910000,0.50210000,0.50850000,23285776.50000000,11972914.11072000
1781049600000,0.50860000,0.52080000,0.50020000,0.50520000,21461293.90000000,10952357.50773000
1781064000000,0.50510000,0.50990000,0.48330000,0.50000000,29621672.30000000,14714442.85453000
1781078400000,0.50010000,0.50560000,0.47780000,0.49010000,19378586.60000000,9554726.62643000
1781092800000,0.49010000,0.52520000,0.46270000,0.46780000,58824301.90000000,28979345.69373000
1781107200000,0.46780000,0.46900000,0.43920000,0.44760000,45035010.00000000,20294622.01901000
1781121600000,0.44770000,0.45580000,0.42890000,0.45090000,29059379.70000000,12848071.93153000
1781136000000,0.45100000,0.47490000,0.44600000,0.46980000,17932017.80000000,8198883.54650000
1781150400000,0.46990000,0.51000000,0.45560000,0.49940000,39213023.20000000,18795603.55692000
1781164800000,0.49940000,0.52000000,0.47690000,0.50200000,48012191.40000000,23818434.64928000
1781179200000,0.50200000,0.50840000,0.47900000,0.49980000,116889331.00000000,57917046.88831000
1781193600000,0.49970000,0.51420000,0.48200000,0.49830000,114116193.60000000,56664673.93509000
1781208000000,0.49840000,0.50360000,0.48360000,0.49660000,38036153.40000000,18804757.11730000
1781222400000,0.49660000,0.51150000,0.49370000,0.50240000,31668208.70000000,15914228.40929000
1781236800000,0.50240000,0.50930000,0.48840000,0.49050000,61290714.30000000,30433846.56914000
1781251200000,0.49040000,0.50000000,0.47710000,0.47840000,58740245.30000000,28743300.82325000
1781265600000,0.47830000,0.48320000,0.46180000,0.46360000,56749530.80000000,26935217.81806000
1781280000000,0.46360000,0.47720000,0.45810000,0.46380000,56588138.40000000,26466576.90929000
1781294400000,0.46380000,0.47060000,0.45550000,0.45800000,27560367.80000000,12760099.04917000
1781308800000,0.45810000,0.48540000,0.45380000,0.47870000,34769475.80000000,16519604.55099000
1781323200000,0.47860000,0.49500000,0.46840000,0.48910000,30157052.50000000,14437439.54129000
1781337600000,0.48910000,0.49750000,0.48370000,0.49150000,40162632.70000000,19704562.57682000
1781352000000,0.49150000,0.53540000,0.49080000,0.51660000,103519065.30000000,53166165.47691000
1781366400000,0.51650000,0.51800000,0.49280000,0.50020000,55147638.10000000,27775064.91979000
1781380800000,0.50030000,0.51350000,0.49450000,0.50170000,24786648.00000000,12452322.14326000
1781395200000,0.50170000,0.51230000,0.50110000,0.50520000,31564995.00000000,16010703.15925000
1781409600000,0.50520000,0.52400000,0.48900000,0.50380000,41888581.80000000,21165266.89532000
1781424000000,0.50370000,0.51340000,0.49290000,0.50170000,34773014.10000000,17483869.82163000
1781438400000,0.50170000,0.50650000,0.49110000,0.49690000,40363463.00000000,20111276.10270000
1781452800000,0.49700000,0.50900000,0.49530000,0.49910000,29484055.70000000,14795598.35865000
1781467200000,0.49910000,0.52780000,0.49700000,0.52350000,34062850.80000000,17517940.05517000
1781481600000,0.52350000,0.59130000,0.52070000,0.57490000,73456447.80000000,41232640.62029000
1781496000000,0.57480000,0.60460000,0.57330000,0.58450000,92703515.90000000,54671782.69218000
1781510400000,0.58450000,0.62990000,0.58250000,0.61980000,102825655.90000000,61559009.57160000
1781524800000,0.61990000,0.62680000,0.58350000,0.58810000,83260667.20000000,50348398.07395000
1781539200000,0.58810000,0.59140000,0.56620000,0.58420000,90468623.10000000,52260336.36358000
1781553600000,0.58420000,0.61470000,0.57990000,0.58740000,55216719.90000000,33028547.28353000
1781568000000,0.58740000,0.60660000,0.58650000,0.60280000,60082800.80000000,35922742.13452000
1781582400000,0.60270000,0.65430000,0.57670000,0.64150000,108759769.90000000,65773122.11666000
1781596800000,0.64160000,0.67360000,0.63270000,0.65450000,106343486.40000000,69735662.64434000
1781611200000,0.65460000,0.65830000,0.62160000,0.63860000,84362715.30000000,54340477.68502000
1781625600000,0.63860000,0.66920000,0.63280000,0.65570000,36998683.60000000,24181225.39874000
1781640000000,0.65570000,0.68700000,0.65400000,0.67510000,27059370.90000000,18118785.84528000
1781654400000,0.67520000,0.72290000,0.66630000,0.68270000,55196659.70000000,38108874.74237000
1781668800000,0.68270000,0.70070000,0.67560000,0.68390000,43908011.10000000,30090974.66053000
1781683200000,0.68380000,0.68470000,0.64040000,0.65290000,50856167.80000000,33392541.94082000
1781697600000,0.65300000,0.67170000,0.64600000,0.65800000,67753015.00000000,44560674.77833000
1781712000000,0.65810000,0.68630000,0.63470000,0.64090000,90649670.90000000,60138639.38260000
1781726400000,0.64090000,0.66230000,0.63430000,0.65870000,29070008.50000000,18840983.62062000
1781740800000,0.65870000,0.67220000,0.63710000,0.63800000,51557011.70000000,33787574.58207000
1781755200000,0.63790000,0.64430000,0.60730000,0.62590000,147103859.80000000,91422054.51016000
1781769600000,0.62590000,0.63880000,0.61460000,0.62960000,347781639.40000000,219117639.97094000
1781784000000,0.62970000,0.64020000,0.61230000,0.61380000,27513548.20000000,17245695.17494000
1781798400000,0.61370000,0.63040000,0.60410000,0.62140000,20290921.90000000,12492208.77821000
1781812800000,0.62150000,0.64910000,0.62150000,0.64310000,23068266.00000000,14735591.97919000
1781827200000,0.64310000,0.66370000,0.62670000,0.64230000,27260333.10000000,17660809.69361000
1781841600000,0.64220000,0.66520000,0.62170000,0.64690000,26028672.70000000,16703674.45958000
1781856000000,0.64700000,0.65220000,0.59360000,0.60440000,39886388.40000000,24522096.26052000
1781870400000,0.60450000,0.63710000,0.60010000,0.61790000,26538823.70000000,16495071.32318000
1781884800000,0.61800000,0.62490000,0.61080000,0.61530000,9839952.70000000,6080827.54999000
1781899200000,0.61540000,0.63300000,0.61370000,0.62340000,11397666.30000000,7098920.03192000
1781913600000,0.62330000,0.62730000,0.59030000,0.60480000,17300349.00000000,10485341.00231000
1781928000000,0.60480000,0.62470000,0.59710000,0.60060000,15034998.30000000,9160899.70111000
1781942400000,0.60070000,0.61490000,0.59910000,0.60320000,9276053.90000000,5621146.61964000
1781956800000,0.60320000,0.62490000,0.59400000,0.61670000,21444134.40000000,13059756.71654000
1781971200000,0.61680000,0.61910000,0.60050000,0.60460000,7512755.00000000,4572767.30319000
1781985600000,0.60470000,0.61520000,0.60100000,0.61070000,7415459.20000000,4513660.32426000
1782000000000,0.61080000,0.61370000,0.59500000,0.60680000,10530299.60000000,6356114.87032000
1782014400000,0.60680000,0.61020000,0.59800000,0.60310000,7456236.20000000,4498369.28929000
1782028800000,0.60320000,0.61010000,0.59350000,0.59790000,10815077.40000000,6505630.64367000
1782043200000,0.59780000,0.65260000,0.59100000,0.64360000,46264000.40000000,28963614.77047000
1782057600000,0.64360000,0.64690000,0.62260000,0.64100000,18771861.10000000,11941923.08052000
1782072000000,0.64110000,0.64220000,0.60280000,0.60550000,15847325.40000000,9767133.59937000
1782086400000,0.60550000,0.64930000,0.60530000,0.63260000,21164935.50000000,13404512.32418000
1782100800000,0.63270000,0.65490000,0.63100000,0.63940000,13996154.30000000,8975847.56000000
1782115200000,0.63940000,0.64600000,0.61500000,0.62670000,23680577.00000000,14896349.81531000
1782129600000,0.62680000,0.64870000,0.62320000,0.63660000,20291711.10000000,12940615.56836000
1782144000000,0.63670000,0.64360000,0.61750000,0.62570000,14651465.90000000,9246530.74035000
1782158400000,0.62570000,0.63590000,0.61580000,0.61930000,9735825.70000000,6081939.57275000
1782172800000,0.61930000,0.62980000,0.60840000,0.61210000,12722101.60000000,7845695.68048000
1782187200000,0.61210000,0.61290000,0.57640000,0.58490000,19728258.50000000,11699440.18852000
1782201600000,0.58500000,0.59080000,0.55350000,0.57140000,24124978.40000000,13745859.08818000
1782216000000,0.57150000,0.58170000,0.54710000,0.55480000,27876831.80000000,15841526.95007000
1782230400000,0.55480000,0.55760000,0.53370000,0.54080000,19406361.00000000,10545709.77644000
1782244800000,0.54090000,0.55320000,0.53510000,0.54390000,10499590.50000000,5721585.94513000
1782259200000,0.54380000,0.54990000,0.51330000,0.51820000,26535730.20000000,14071962.12079000
1782273600000,0.51820000,0.54640000,0.50680000,0.52410000,28342890.80000000,14951048.78623000
1782288000000,0.52420000,0.54300000,0.52360000,0.53590000,14034697.30000000,7452462.49352000
1782302400000,0.53600000,0.55000000,0.51690000,0.52160000,26836578.80000000,14280197.89775000
1782316800000,0.52150000,0.53140000,0.50100000,0.51770000,20733955.90000000,10618190.80599000
1782331200000,0.51780000,0.53980000,0.51680000,0.53010000,14216392.90000000,7543901.07521000
1782345600000,0.53020000,0.53190000,0.51110000,0.51280000,10109728.30000000,5259808.89887000
1782360000000,0.51280000,0.52530000,0.50950000,0.51580000,10651702.30000000,5523532.94940000
1782374400000,0.51590000,0.52130000,0.50460000,0.50790000,9029114.80000000,4623838.24485000
1782388800000,0.50790000,0.51330000,0.48110000,0.49320000,31766404.10000000,15774719.35346000
1782403200000,0.49330000,0.50000000,0.48210000,0.49230000,12473884.80000000,6134590.80203000
1782417600000,0.49240000,0.50250000,0.48560000,0.49620000,10464996.10000000,5179529.85523000
1782432000000,0.49630000,0.49800000,0.45360000,0.47440000,25268729.30000000,11898199.23993000
1782446400000,0.47430000,0.48810000,0.47010000,0.48330000,15318271.70000000,7311195.33232000
1782460800000,0.48320000,0.48430000,0.45950000,0.46350000,10093856.80000000,4743403.56109000
1782475200000,0.46340000,0.47380000,0.45450000,0.46320000,21234094.50000000,9852449.51775000
1782489600000,0.46330000,0.47760000,0.46260000,0.47140000,12119035.10000000,5700317.69528000
1782504000000,0.47150000,0.47680000,0.46340000,0.46750000,8993579.60000000,4227293.07210000
1782518400000,0.46750000,0.48110000,0.45880000,0.47100000,10698908.30000000,5037080.13966000
1782532800000,0.47100000,0.47620000,0.46260000,0.46500000,7824757.80000000,3656622.67576000
1782547200000,0.46500000,0.47110000,0.45780000,0.46670000,9066412.00000000,4196467.44964000
1782561600000,0.46670000,0.47150000,0.45930000,0.46880000,5957458.10000000,2775047.78286000
1782576000000,0.46890000,0.47540000,0.44570000,0.44860000,11094305.20000000,5095425.53193000
1782590400000,0.44870000,0.45930000,0.44760000,0.44900000,10494870.50000000,4755780.21413000
1782604800000,0.44910000,0.45300000,0.43380000,0.44030000,11217277.70000000,4950493.84300000
1782619200000,0.44020000,0.45380000,0.43420000,0.45250000,7512854.70000000,3316116.21773000
1782633600000,0.45230000,0.46010000,0.44910000,0.45130000,7820653.30000000,3549622.02543000
1782648000000,0.45130000,0.45200000,0.44050000,0.44260000,6647456.70000000,2961833.06218000
1782662400000,0.44270000,0.44560000,0.43530000,0.43990000,5329521.60000000,2345639.23045000
1782676800000,0.43990000,0.44520000,0.43470000,0.44240000,6776845.90000000,2979464.63154000
1782691200000,0.44230000,0.44400000,0.42910000,0.43730000,11703975.80000000,5118499.57650000
1782705600000,0.43730000,0.43840000,0.42270000,0.42700000,12593804.40000000,5406636.67125000
1782720000000,0.42700000,0.43280000,0.42380000,0.42540000,9252864.40000000,3952933.57518000
1782734400000,0.42540000,0.43480000,0.41930000,0.42210000,19409795.10000000,8293087.36234000
1782748800000,0.42210000,0.43200000,0.41560000,0.42750000,13369512.50000000,5678481.13206000
1782763200000,0.42750000,0.43190000,0.41960000,0.42090000,4720546.80000000,2005406.97255000
1782777600000,0.42080000,0.42190000,0.40630000,0.41470000,11454028.70000000,4721416.54493000
1782792000000,0.41470000,0.43450000,0.41000000,0.41710000,14765177.50000000,6244292.06627000
1782806400000,0.41700000,0.42000000,0.41010000,0.41090000,9859716.60000000,4090535.49929000
1782820800000,0.41090000,0.41710000,0.40340000,0.41470000,11737635.40000000,4814064.33842000
1782835200000,0.41480000,0.41700000,0.39940000,0.40790000,13600345.80000000,5551278.97161000
1782849600000,0.40780000,0.41010000,0.40260000,0.40670000,5727198.50000000,2326320.36924000
1782864000000,0.40680000,0.41450000,0.39350000,0.41440000,12466360.80000000,5049605.96528000
1782878400000,0.41450000,0.41970000,0.38950000,0.39160000,19073474.30000000,7635623.44867000
1782892800000,0.39150000,0.39820000,0.38830000,0.39210000,12617932.20000000,4953388.98873000
1782907200000,0.39210000,0.40460000,0.38560000,0.40070000,19422935.00000000,7649848.40556000
1782921600000,0.40070000,0.40090000,0.36010000,0.36170000,30910568.30000000,11692638.91672000
1782936000000,0.36170000,0.37590000,0.35520000,0.36150000,31364419.10000000,11468033.85091000
1782950400000,0.36140000,0.37520000,0.35780000,0.37440000,14532095.90000000,5347948.01743000
1782964800000,0.37440000,0.38820000,0.36430000,0.37100000,23764010.30000000,8912918.60873000
1782979200000,0.37100000,0.38290000,0.36520000,0.37960000,17819002.50000000,6687747.47044000
1782993600000,0.37950000,0.39930000,0.37820000,0.38320000,25190148.20000000,9785683.64836000
1783008000000,0.38310000,0.39880000,0.38190000,0.39840000,10760621.40000000,4214130.03045000
1783022400000,0.39850000,0.40480000,0.39460000,0.40460000,10811997.40000000,4318863.88141000
1783036800000,0.40450000,0.43950000,0.40420000,0.42900000,38259353.70000000,16205131.27969000
1783051200000,0.42900000,0.43110000,0.41310000,0.41880000,18685817.10000000,7822729.45453000
1783065600000,0.41880000,0.42800000,0.41560000,0.42600000,13909509.90000000,5861110.84043000
1783080000000,0.42600000,0.42950000,0.41760000,0.42750000,14312398.50000000,6055196.07715000
1783094400000,0.42750000,0.43820000,0.42460000,0.42870000,13061925.90000000,5630776.08582000
1783108800000,0.42860000,0.43670000,0.42830000,0.43450000,8839391.20000000,3828221.69419000
1783123200000,0.43440000,0.44950000,0.43290000,0.44220000,20146091.40000000,8912336.74887000
1783137600000,0.44220000,0.44720000,0.41800000,0.42510000,19847001.40000000,8603403.59474000
1783152000000,0.42520000,0.42810000,0.41990000,0.42130000,9105083.80000000,3860958.87340000
1783166400000,0.42120000,0.43740000,0.42120000,0.43690000,10532323.00000000,4514559.60374000
1783180800000,0.43700000,0.44100000,0.43130000,0.43180000,6969152.30000000,3040848.57282000
1783195200000,0.43180000,0.43250000,0.42040000,0.42550000,7100665.50000000,3035847.87148000
1783209600000,0.42550000,0.42550000,0.40910000,0.41380000,9846156.30000000,4093198.36400000
1783224000000,0.41370000,0.41770000,0.40950000,0.41710000,5825363.50000000,2409324.31601000
1783238400000,0.41720000,0.41770000,0.40270000,0.40770000,6806162.90000000,2782993.06499000
1783252800000,0.40770000,0.41350000,0.40000000,0.40360000,8520436.80000000,3469816.16437000
1783267200000,0.40360000,0.40750000,0.40090000,0.40670000,5139398.50000000,2073710.52489000
1783281600000,0.40680000,0.42810000,0.40660000,0.41870000,11597304.60000000,4839799.06755000
1783296000000,0.41880000,0.42590000,0.41100000,0.42340000,8944997.10000000,3755387.60568000
1783310400000,0.42330000,0.43080000,0.41480000,0.41830000,9109652.40000000,3831089.33377000
1783324800000,0.41840000,0.42360000,0.40840000,0.41320000,9131321.50000000,3796915.96307000
1783339200000,0.41320000,0.41950000,0.40230000,0.41850000,17168654.90000000,7029766.72792000
1783353600000,0.41840000,0.42260000,0.41010000,0.41300000,6529419.00000000,2713577.68076000
1783368000000,0.41300000,0.41960000,0.40840000,0.41020000,5123016.10000000,2117413.78218000
1783382400000,0.41010000,0.41250000,0.39810000,0.40010000,12009000.70000000,4854466.93292000
1783396800000,0.40000000,0.40210000,0.39180000,0.39760000,8771150.70000000,3485349.20010000
1783411200000,0.39770000,0.39830000,0.38990000,0.39390000,7728339.40000000,3044570.97143000
1783425600000,0.39390000,0.39670000,0.38080000,0.39500000,14043518.50000000,5462852.43734000
1783440000000,0.39500000,0.39910000,0.38770000,0.39020000,9880556.10000000,3899727.92531000
1783454400000,0.39030000,0.39210000,0.37670000,0.38090000,7565399.20000000,2902848.35984000
1783468800000,0.38100000,0.38890000,0.37060000,0.37470000,9137926.70000000,3451201.61316000
1783483200000,0.37470000,0.37840000,0.36830000,0.37310000,6605607.30000000,2461817.39225000
1783497600000,0.37310000,0.37850000,0.36420000,0.37640000,12952736.40000000,4790400.98144000
1783512000000,0.37650000,0.38330000,0.37050000,0.37500000,9103609.00000000,3421524.59590000
1783526400000,0.37500000,0.38850000,0.37500000,0.38760000,4795153.20000000,1830463.34237000
1783540800000,0.38770000,0.39410000,0.38260000,0.38870000,8390620.40000000,3263711.99358000
1783555200000,0.38870000,0.38980000,0.37850000,0.38150000,7382605.30000000,2828933.99611000
1783569600000,0.38160000,0.38990000,0.37850000,0.38400000,6694270.20000000,2574310.88094000
1783584000000,0.38390000,0.38800000,0.38240000,0.38600000,4003305.30000000,1542064.55825000
1783598400000,0.38590000,0.38960000,0.38080000,0.38230000,6495371.50000000,2501293.68188000
1783612800000,0.38230000,0.38870000,0.38110000,0.38520000,4815135.80000000,1853305.31039000
1783627200000,0.38530000,0.38600000,0.38150000,0.38340000,2297919.60000000,882141.75516000
1783641600000,0.38340000,0.38830000,0.37620000,0.38530000,8685414.90000000,3317353.59331000
1783656000000,0.38540000,0.38830000,0.38100000,0.38160000,3193260.00000000,1228502.35580000
1783670400000,0.38160000,0.39670000,0.38100000,0.39080000,9650747.20000000,3763239.39352000
1783684800000,0.39070000,0.39390000,0.37800000,0.38450000,8382901.30000000,3232196.51182000
1783699200000,0.38460000,0.38860000,0.37950000,0.38140000,5984903.70000000,2297519.57169000
1783713600000,0.38140000,0.38440000,0.38000000,0.38150000,2713579.10000000,1036002.72576000
1783728000000,0.38140000,0.39270000,0.38000000,0.38970000,4839232.20000000,1875075.03004000
1783742400000,0.38960000,0.39610000,0.38470000,0.39040000,7432883.50000000,2908711.86284000
1783756800000,0.39030000,0.40610000,0.38900000,0.40350000,11099164.80000000,4423814.34884000
1783771200000,0.40360000,0.41610000,0.40040000,0.40780000,16790642.50000000,6866779.03957000
1783785600000,0.40770000,0.41730000,0.40480000,0.41210000,7725319.10000000,3175209.36486000
1783800000000,0.41200000,0.41400000,0.39550000,0.39740000,10199345.10000000,4116484.51732000
1783814400000,0.39730000,0.40290000,0.39380000,0.40080000,6674306.50000000,2664327.68561000
1783828800000,0.40080000,0.40400000,0.39430000,0.40190000,8125356.60000000,3242638.45924000
1783843200000,0.40180000,0.42640000,0.40130000,0.42540000,12378763.50000000,5125370.51620000
1783857600000,0.42530000,0.43390000,0.41850000,0.42630000,13941328.40000000,5928799.16584000
1783872000000,0.42630000,0.44110000,0.42120000,0.43900000,14180500.90000000,6119739.38753000
1783886400000,0.43890000,0.43910000,0.41330000,0.41850000,13906720.80000000,5911180.16799000
1783900800000,0.41850000,0.42680000,0.41000000,0.41210000,13568884.10000000,5671484.15046000
1783915200000,0.41210000,0.42510000,0.41020000,0.41550000,13152710.00000000,5520381.72727000
1783929600000,0.41550000,0.43380000,0.41100000,0.42880000,12716108.50000000,5390514.71926000
1783944000000,0.42880000,0.42920000,0.40760000,0.40920000,16839064.60000000,7052144.23591000
1783958400000,0.40920000,0.41150000,0.39120000,0.39530000,14406100.70000000,5754142.15396000
1783972800000,0.39520000,0.39600000,0.38500000,0.39260000,7215110.20000000,2816010.01046000
1783987200000,0.39270000,0.39450000,0.38280000,0.38870000,9369421.60000000,3645371.25015000
1784001600000,0.38880000,0.40830000,0.38870000,0.40620000,9389701.70000000,3747637.71878000
1784016000000,0.40630000,0.41180000,0.39790000,0.40020000,7197568.40000000,2909476.40561000
1784030400000,0.40030000,0.41900000,0.39760000,0.41430000,18267184.60000000,7528844.29673000
1784044800000,0.41430000,0.41550000,0.40940000,0.41200000,4522434.80000000,1864232.12444000
1784059200000,0.41210000,0.41730000,0.40680000,0.41460000,6088187.30000000,2510644.68430000
1784073600000,0.41470000,0.41770000,0.40830000,0.41270000,4789067.70000000,1975747.19787000
1784088000000,0.41270000,0.41740000,0.40780000,0.41000000,7493351.50000000,3086084.26117000
1784102400000,0.40990000,0.41700000,0.40220000,0.41530000,6872133.10000000,2816779.54465000
1784116800000,0.41530000,0.42200000,0.40890000,0.41020000,10224782.50000000,4243049.15202000
1784131200000,0.41010000,0.41040000,0.40180000,0.40690000,5849723.60000000,2374645.30691000
1784145600000,0.40700000,0.41740000,0.40490000,0.40660000,4643902.40000000,1910059.00927000
1784160000000,0.40650000,0.41170000,0.39780000,0.40090000,6059357.80000000,2446094.06947000
1784174400000,0.40090000,0.40470000,0.39570000,0.39830000,9571884.80000000,3827253.36781000
1784188800000,0.39830000,0.40150000,0.39290000,0.39930000,9613684.10000000,3819361.83879000
1784203200000,0.39930000,0.40550000,0.39620000,0.39880000,7232821.90000000,2900337.33020000
1784217600000,0.39870000,0.39870000,0.39320000,0.39690000,3801997.30000000,1506807.41570000
1784232000000,0.39690000,0.39770000,0.38750000,0.38830000,4637817.70000000,1820800.11932000
1784246400000,0.38830000,0.39330000,0.37890000,0.38390000,8592428.00000000,3308169.08707000
1784260800000,0.38390000,0.38460000,0.37510000,0.37930000,11556537.10000000,4387240.85446000
1784275200000,0.37950000,0.38270000,0.37510000,0.38230000,3955749.60000000,1502413.41108000
1784289600000,0.38230000,0.38570000,0.37110000,0.38420000,14953869.00000000,5642269.10781000
1784304000000,0.38420000,0.38720000,0.37990000,0.38290000,4520607.90000000,1733265.95048000
1784318400000,0.38300000,0.39000000,0.38170000,0.38860000,2983793.90000000,1151829.22744000
1784332800000,0.38870000,0.38920000,0.38250000,0.38360000,3379373.90000000,1303827.95012000
1784347200000,0.38360000,0.38470000,0.37910000,0.38070000,3439806.80000000,1311738.94280000
1784361600000,0.38080000,0.38100000,0.37520000,0.37740000,2996083.80000000,1131087.48055000
1784376000000,0.37740000,0.37950000,0.35730000,0.37080000,15211748.50000000,5592053.94621000
1784390400000,0.37070000,0.37420000,0.36770000,0.37120000,4264281.60000000,1578535.15927000
1784404800000,0.37120000,0.37790000,0.37000000,0.37620000,2231567.70000000,831942.61173000
1784419200000,0.37620000,0.37960000,0.37410000,0.37790000,2152059.70000000,811966.82853000
1784433600000,0.37790000,0.37860000,0.37500000,0.37520000,1392937.10000000,525411.72692000
1784448000000,0.37530000,0.37800000,0.37160000,0.37240000,1963577.50000000,736476.93909000
1784462400000,0.37250000,0.37320000,0.36870000,0.36940000,3232530.10000000,1198832.61681000
1784476800000,0.36940000,0.36940000,0.35340000,0.36040000,13421949.10000000,4836062.76932000
1784491200000,0.36040000,0.36450000,0.35790000,0.36120000,3850632.00000000,1391572.82524000
1784505600000,0.36110000,0.37260000,0.35950000,0.36640000,6854248.80000000,2515181.76978000
1784520000000,0.36640000,0.36740000,0.35310000,0.35780000,7438570.20000000,2667424.91780000
1784534400000,0.35770000,0.37270000,0.35460000,0.36860000,5744578.90000000,2084952.65043000
1784548800000,0.36860000,0.37620000,0.36260000,0.37410000,12628503.90000000,4664730.50750000
1784563200000,0.37420000,0.37870000,0.37010000,0.37180000,8652224.60000000,3244154.51735000
1784577600000,0.37180000,0.38360000,0.37180000,0.38080000,4711809.40000000,1780550.34214000
1784592000000,0.38080000,0.38770000,0.37840000,0.38540000,7374014.00000000,2821464.19800000
1784606400000,0.38530000,0.38760000,0.38310000,0.38480000,3791398.60000000,1459886.63537000
1784620800000,0.38480000,0.38720000,0.38170000,0.38440000,5329165.80000000,2047342.29841000
1784635200000,0.38440000,0.38550000,0.37700000,0.37910000,6810980.00000000,2598584.82495000
1784649600000,0.37900000,0.38270000,0.37790000,0.37960000,4030439.80000000,1530559.64129000
1784664000000,0.37960000,0.37980000,0.37380000,0.37730000,4205974.20000000,1584290.48790000
1784678400000,0.37730000,0.38490000,0.37650000,0.38050000,4018819.40000000,1532527.34718000
1784692800000,0.38040000,0.38460000,0.37460000,0.37720000,5161332.80000000,1953606.09509000
1784707200000,0.37720000,0.38460000,0.37690000,0.38070000,3718911.30000000,1419791.40736000
1784721600000,0.38070000,0.38680000,0.37840000,0.38180000,5867379.60000000,2245371.42889000
1784736000000,0.38170000,0.40330000,0.37950000,0.39000000,15612161.30000000,6174899.56372000
1784750400000,0.39000000,0.39140000,0.38080000,0.38470000,5831646.90000000,2251352.44475000
1784764800000,0.38480000,0.38940000,0.37790000,0.38060000,5567238.70000000,2128866.09314000
1784779200000,0.38060000,0.38460000,0.37850000,0.37960000,5056059.40000000,1925101.38908000
1784793600000,0.37960000,0.38440000,0.37900000,0.38160000,4705573.90000000,1797726.52669000
1784808000000,0.38160000,0.38240000,0.37080000,0.37690000,11997195.60000000,4518358.43406000
1784822400000,0.37700000,0.38140000,0.37320000,0.38050000,5671338.80000000,2137507.51365000
1784836800000,0.38050000,0.38880000,0.38040000,0.38140000,4941059.40000000,1901683.06479000
1784851200000,0.38150000,0.38670000,0.37670000,0.38400000,3860319.70000000,1473340.35389000
1784865600000,0.38400000,0.38660000,0.38130000,0.38460000,3631104.50000000,1394300.44927000
1784880000000,0.38470000,0.38490000,0.37390000,0.37600000,3883161.60000000,1470698.34299000
1784894400000,0.37610000,0.37900000,0.36680000,0.37350000,11111625.30000000,4142912.18026000
1784908800000,0.37350000,0.37860000,0.36740000,0.36850000,4853042.50000000,1806780.68395000
1784923200000,0.36840000,0.37110000,0.33890000,0.34730000,25836859.80000000,9172799.65619000
1784937600000,0.34730000,0.34880000,0.34140000,0.34410000,7843132.40000000,2712513.78142000
1784952000000,0.34410000,0.34560000,0.33900000,0.34280000,5932774.80000000,2031708.46872000
1784966400000,0.34290000,0.34560000,0.34110000,0.34320000,4756499.40000000,1634422.67182000
1784980800000,0.34320000,0.35120000,0.34240000,0.34680000,7903071.80000000,2744147.71213000
1784995200000,0.34690000,0.35220000,0.34590000,0.34790000,3671987.50000000,1281641.11874000
1785009600000,0.34790000,0.35000000,0.34480000,0.34530000,2104676.50000000,730596.11822000
1785024000000,0.34530000,0.34560000,0.33250000,0.33510000,7692417.80000000,2601615.67252000
1785038400000,0.33510000,0.33760000,0.32840000,0.33570000,8219773.00000000,2747380.55402000
1785052800000,0.33560000,0.33860000,0.33360000,0.33440000,3609212.10000000,1210416.90953000
1785067200000,0.33440000,0.34460000,0.32950000,0.34360000,12212725.60000000,4105722.44167000
1785081600000,0.34350000,0.35600000,0.34230000,0.35160000,8865874.50000000,3086841.33087000
1785096000000,0.35150000,0.35900000,0.34690000,0.35670000,7582903.90000000,2676135.79250000
1785110400000,0.35670000,0.35750000,0.35060000,0.35400000,6734443.40000000,2382378.56420000
1785124800000,0.35410000,0.35540000,0.34880000,0.34930000,5420538.60000000,1908971.07950000
1785139200000,0.34930000,0.35130000,0.34560000,0.34690000,3850934.20000000,1340708.17092000
1785153600000,0.34690000,0.35230000,0.33620000,0.33920000,9117670.20000000,3127303.93137000
1785168000000,0.33910000,0.34370000,0.33810000,0.34230000,4234245.70000000,1443480.18894000
1785182400000,0.34230000,0.34270000,0.32270000,0.32710000,9655191.80000000,3189055.27621000
1785196800000,0.32710000,0.32800000,0.32230000,0.32630000,9982113.70000000,3249739.15173000
1785211200000,0.32630000,0.32650000,0.31950000,0.32170000,7109136.10000000,2286195.71471000
1785225600000,0.32160000,0.32300000,0.31730000,0.32230000,4832966.80000000,1546556.03317000
1785240000000,0.32220000,0.32540000,0.31570000,0.32460000,8697314.60000000,2788417.93333000
1785254400000,0.32460000,0.32490000,0.31810000,0.31950000,3425729.50000000,1099184.15491000
1785268800000,0.31960000,0.32180000,0.31250000,0.31840000,5429197.20000000,1722438.04537000
1785283200000,0.31830000,0.31980000,0.29680000,0.29720000,14118224.90000000,4347844.78260000
1785297600000,0.29730000,0.30570000,0.29520000,0.30560000,5622844.30000000,1693580.33812000
1785312000000,0.30560000,0.31260000,0.30530000,0.30620000,7803196.90000000,2411125.12442000
1785326400000,0.30620000,0.30700000,0.30210000,0.30470000,5869756.90000000,1788883.95214000
1785340800000,0.30470000,0.31310000,0.29940000,0.30030000,8860665.90000000,2709160.10488000
1785355200000,0.30030000,0.31110000,0.29670000,0.31060000,5860865.30000000,1777512.76709000
1785369600000,0.31070000,0.31220000,0.30610000,0.30740000,5222704.00000000,1612824.78898000
1785384000000,0.30750000,0.30770000,0.30320000,0.30430000,3052044.00000000,931039.07967000
1785398400000,0.30440000,0.30880000,0.30360000,0.30620000,3837648.00000000,1175774.80280000
1785412800000,0.30620000,0.30790000,0.30380000,0.30690000,4444235.30000000,1360055.82345000
1785427200000,0.30690000,0.31220000,0.30510000,0.31110000,5491541.40000000,1699262.09553000
1785441600000,0.31120000,0.31270000,0.30640000,0.30670000,3645304.20000000,1126784.56109000
1785456000000,0.30670000,0.31400000,0.30180000,0.31020000,8111913.80000000,2502366.86671000
1785470400000,0.31010000,0.31170000,0.30610000,0.30950000,5962326.30000000,1842588.89867000
1785484800000,0.30950000,0.31000000,0.30360000,0.30630000,5019085.00000000,1539522.71940000
1785499200000,0.30630000,0.30870000,0.30050000,0.30410000,8520963.60000000,2598582.65900000
1785513600000,0.30420000,0.30730000,0.29910000,0.29990000,6338368.20000000,1919866.93737000
1785528000000,0.30000000,0.30060000,0.29740000,0.29980000,2778899.80000000,831823.07773000
1785542400000,0.29990000,0.30760000,0.29950000,0.30600000,3447835.10000000,1046507.64337000
1785556800000,0.30610000,0.30950000,0.30530000,0.30680000,2685096.70000000,825464.91914000
1785571200000,0.30690000,0.31100000,0.30580000,0.30770000,2484330.90000000,766137.88036000
1785585600000,0.30780000,0.30930000,0.30390000,0.30520000,2896618.30000000,888121.74557000
1785600000000,0.30530000,0.30800000,0.29590000,0.30110000,4199607.90000000,1267307.50438000
1785614400000,0.30110000,0.30440000,0.29970000,0.30030000,2224449.20000000,671666.40146000
1785628800000,0.30030000,0.31450000,0.30020000,0.31260000,7453814.40000000,2302436.43984000
1785643200000,0.31270000,0.32420000,0.31200000,0.32220000,8011722.20000000,2554335.60422000
1785657600000,0.32230000,0.32230000,0.31400000,0.31450000,4657999.00000000,1481074.76915000
1785672000000,0.31460000,0.31610000,0.31240000,0.31240000,4021898.80000000,1264815.17989000
1785686400000,0.31240000,0.31830000,0.31150000,0.31610000,5461622.80000000,1719180.52807000
1785700800000,0.31620000,0.31830000,0.31390000,0.31630000,2120783.20000000,671019.30501000
1785715200000,0.31630000,0.31770000,0.31350000,0.31650000,3434433.70000000,1084573.44769000
1785729600000,0.31650000,0.32120000,0.30670000,0.30800000,10023555.80000000,3159007.86334000
1785744000000,0.30800000,0.31140000,0.30660000,0.30990000,3436854.50000000,1063999.33833000
1785758400000,0.31000000,0.32490000,0.30880000,0.32310000,8159745.70000000,2589804.03509000
1785772800000,0.32310000,0.32650000,0.32060000,0.32480000,4778537.50000000,1545573.18890000
1785787200000,0.32490000,0.32650000,0.32080000,0.32430000,4192827.40000000,1356918.58121000
1785801600000,0.32420000,0.33190000,0.32200000,0.32870000,6731997.40000000,2204394.32731000
1785816000000,0.32860000,0.33150000,0.31760000,0.32180000,6280575.70000000,2044587.86105000
1785830400000,0.32180000,0.32950000,0.32020000,0.32830000,4801179.00000000,1562825.82276000
1785844800000,0.32820000,0.33000000,0.31890000,0.32330000,12770806.60000000,4144811.28248000
1785859200000,0.32340000,0.32720000,0.31600000,0.32270000,4369715.80000000,1403951.59366000
1785873600000,0.32260000,0.32530000,0.31950000,0.31960000,2140834.50000000,690493.84900000
1785888000000,0.31970000,0.32280000,0.31560000,0.32020000,5278871.80000000,1683684.39470000
1785902400000,0.32020000,0.32640000,0.31840000,0.32170000,5116981.70000000,1650729.47949000
1785916800000,0.32170000,0.32330000,0.31830000,0.31980000,2320850.10000000,743375.67034000
1785931200000,0.31980000,0.32260000,0.31270000,0.31660000,7117658.90000000,2263455.85202000
1785945600000,0.31670000,0.32450000,0.31630000,0.31720000,4351135.80000000,1391697.20889000
1785960000000,0.31720000,0.31850000,0.31290000,0.31720000,4171009.90000000,1319684.39809000
1785974400000,0.31730000,0.31940000,0.31080000,0.31210000,4279788.60000000,1345088.17735000
1785988800000,0.31220000,0.31670000,0.30920000,0.31100000,5183568.90000000,1619333.67527000
1786003200000,0.31090000,0.31440000,0.30260000,0.30570000,10301433.30000000,3164887.85633000
1786017600000,0.30570000,0.30590000,0.30170000,0.30380000,7322422.20000000,2226723.93908000
1786032000000,0.30380000,0.30490000,0.29900000,0.30060000,4783025.80000000,1444369.66627000
1786046400000,0.30070000,0.30380000,0.30000000,0.30350000,2300925.70000000,695106.58999000
1786060800000,0.30340000,0.30450000,0.29740000,0.29840000,3982750.80000000,1201097.30115000
1786075200000,0.29830000,0.29980000,0.29320000,0.29820000,6392995.40000000,1900833.34313000
1786089600000,0.29810000,0.30880000,0.29810000,0.30710000,8337480.90000000,2532355.56157000
1786104000000,0.30720000,0.30990000,0.30100000,0.30640000,5962869.10000000,1824883.79308000
1786118400000,0.30650000,0.31150000,0.30250000,0.30580000,4172985.00000000,1280243.67122000
1786132800000,0.30590000,0.30600000,0.30150000,0.30410000,1520772.20000000,462082.04416000
1786147200000,0.30410000,0.31200000,0.30350000,0.30810000,3551772.20000000,1094687.24655000
1786161600000,0.30820000,0.30950000,0.30560000,0.30660000,1887675.70000000,580187.03147000
1786176000000,0.30660000,0.30890000,0.30560000,0.30700000,1782040.60000000,547349.27270000
1786190400000,0.30690000,0.30930000,0.30390000,0.30780000,4217772.60000000,1294099.71985000
1786204800000,0.30790000,0.30970000,0.30620000,0.30710000,2621048.10000000,807540.29295000
1786219200000,0.30710000,0.30770000,0.30460000,0.30570000,1235122.70000000,377908.66973000
1786233600000,0.30570000,0.30650000,0.30240000,0.30380000,2210905.30000000,672451.91045000
1786248000000,0.30380000,0.31130000,0.30310000,0.30890000,5127927.30000000,1581350.05819000
1786262400000,0.30890000,0.31180000,0.30590000,0.30970000,4451078.30000000,1376909.62572000
1786276800000,0.30970000,0.32590000,0.30900000,0.32340000,8108156.20000000,2586581.13910000
1786291200000,0.32350000,0.32540000,0.31950000,0.32230000,5821149.20000000,1875485.62230000
1786305600000,0.32240000,0.32340000,0.31160000,0.31280000,4163003.60000000,1325288.03497000
1786320000000,0.31270000,0.33000000,0.31240000,0.32670000,6597044.90000000,2134301.13288000
1786334400000,0.32670000,0.35230000,0.32510000,0.35180000,19409094.70000000,6630457.43286000
1786348800000,0.35170000,0.35420000,0.33850000,0.34150000,15501594.60000000,5360009.09113000
1786363200000,0.34150000,0.34860000,0.33690000,0.34300000,14187297.60000000,4858360.69984000
1786377600000,0.34290000,0.34580000,0.33280000,0.33750000,9682163.80000000,3282729.05172000
1786392000000,0.33750000,0.34250000,0.33150000,0.34080000,5694233.20000000,1914031.13788000
1786406400000,0.34080000,0.34320000,0.33480000,0.33520000,6823102.30000000,2313389.82466000
1786420800000,0.33520000,0.33650000,0.32970000,0.33120000,4904696.90000000,1633372.20442000
1786435200000,0.33120000,0.33870000,0.33010000,0.33700000,4778775.90000000,1601681.25894000
1786449600000,0.33690000,0.33740000,0.32450000,0.33020000,8665765.70000000,2855373.50130000
1786464000000,0.33020000,0.33830000,0.32870000,0.33770000,4210737.00000000,1405592.44851000
1786478400000,0.33770000,0.34050000,0.33460000,0.33600000,2911437.20000000,981374.45733000
1786492800000,0.33590000,0.34840000,0.33370000,0.34340000,7828897.80000000,2677011.38025000
1786507200000,0.34340000,0.34520000,0.33540000,0.33740000,4385515.80000000,1488492.72283000
1786521600000,0.33730000,0.33880000,0.33360000,0.33440000,2624630.80000000,880961.82985000
1786536000000,0.33440000,0.33880000,0.33190000,0.33820000,6012625.10000000,2013615.00864000
1786550400000,0.33820000,0.34000000,0.32800000,0.32920000,4742780.50000000,1581049.18834000
1786564800000,0.32920000,0.33300000,0.32640000,0.33020000,3588238.80000000,1186006.48723000
1786579200000,0.33030000,0.33580000,0.32760000,0.33400000,3472114.10000000,1152030.11392000
1786593600000,0.33410000,0.34170000,0.33180000,0.33760000,4080606.20000000,1373789.25474000
1786608000000,0.33750000,0.34870000,0.33720000,0.34090000,8654860.10000000,2968102.69420000
1786622400000,0.34090000,0.35390000,0.33940000,0.34680000,8759333.30000000,3048846.61323000
1786636800000,0.34690000,0.34780000,0.33870000,0.34120000,5043338.10000000,1729541.21588000
1786651200000,0.34110000,0.34340000,0.33880000,0.34100000,2523064.80000000,861047.67124000
1786665600000,0.34100000,0.34170000,0.33600000,0.33760000,4658579.40000000,1575218.59217000
1786680000000,0.33760000,0.34420000,0.33600000,0.33670000,5004503.60000000,1704872.35149000
1786694400000,0.33670000,0.33940000,0.33330000,0.33500000,3789344.70000000,1272842.07641000
1786708800000,0.33500000,0.34680000,0.33460000,0.34600000,5399681.80000000,1840058.96018000
1786723200000,0.34620000,0.34730000,0.34060000,0.34560000,3293851.90000000,1133422.86149000
1786737600000,0.34560000,0.34640000,0.33530000,0.34180000,4001545.60000000,1360966.15778000
1786752000000,0.34190000,0.34710000,0.33830000,0.34000000,3620181.50000000,1240390.54953000
1786766400000,0.34010000,0.35010000,0.33930000,0.34660000,4895826.30000000,1695082.49875000
1786780800000,0.34670000,0.34870000,0.34200000,0.34390000,2416184.60000000,834333.40950000
1786795200000,0.34400000,0.34900000,0.34080000,0.34580000,3390557.90000000,1167641.78104000
1786809600000,0.34580000,0.35470000,0.34530000,0.35170000,7332807.90000000,2568894.10713000
1786824000000,0.35160000,0.35470000,0.34700000,0.34930000,3828367.20000000,1342097.64033000
1786838400000,0.34920000,0.35350000,0.34600000,0.34880000,4652530.70000000,1627696.47981000
1786852800000,0.34880000,0.35000000,0.34470000,0.34670000,2830790.40000000,983923.16757000
1786867200000,0.34660000,0.35010000,0.34540000,0.34940000,2876980.10000000,998857.71454000
1786881600000,0.34950000,0.36000000,0.34240000,0.35850000,6480728.80000000,2271109.10400000
1786896000000,0.35860000,0.37150000,0.35640000,0.36280000,9847406.20000000,3593002.98947000
1786910400000,0.36280000,0.36360000,0.35190000,0.35580000,6363839.10000000,2272380.41620000
1786924800000,0.35570000,0.37010000,0.35440000,0.36600000,11881113.30000000,4326229.55499000
1786939200000,0.36600000,0.36650000,0.35980000,0.36350000,7990959.60000000,2889746.89237000
1786953600000,0.36350000,0.36520000,0.35740000,0.35780000,5825753.30000000,2103357.86955000
1786968000000,0.35780000,0.36080000,0.35290000,0.36070000,8937226.80000000,3183873.37377000
1786982400000,0.36070000,0.36090000,0.34860000,0.35080000,3764954.00000000,1334103.47993000
1786996800000,0.35090000,0.35440000,0.34110000,0.34190000,7475036.50000000,2593172.95391000
1787011200000,0.34200000,0.34430000,0.32540000,0.32820000,13379682.40000000,4475103.00233000
1787025600000,0.32830000,0.32930000,0.31780000,0.32430000,14658934.30000000,4739121.06999000
1787040000000,0.32430000,0.32790000,0.32110000,0.32580000,5759570.60000000,1866308.17394000
1787054400000,0.32580000,0.32880000,0.32310000,0.32630000,6539394.20000000,2129957.05819000
1787068800000,0.32630000,0.32860000,0.32350000,0.32420000,2893955.40000000,943923.03850000
1787083200000,0.32420000,0.32620000,0.31620000,0.32000000,11035760.70000000,3554109.15040000
1787097600000,0.32010000,0.32010000,0.31400000,0.31580000,7715717.50000000,2445708.55800000
1787112000000,0.31570000,0.31990000,0.31450000,0.31860000,13232994.40000000,4191123.43500000
1787126400000,0.31870000,0.32150000,0.31620000,0.31960000,7215127.10000000,2304838.62351000
1787140800000,0.31950000,0.34900000,0.31810000,0.33500000,25370313.10000000,8468488.95340000
1787155200000,0.33510000,0.36510000,0.33490000,0.36410000,20264334.40000000,7043869.55152000
1787169600000,0.36410000,0.37250000,0.35240000,0.36340000,24345335.30000000,8836281.72011000
1787184000000,0.36350000,0.36760000,0.35400000,0.35620000,11431751.00000000,4136895.28261000
1787198400000,0.35610000,0.36330000,0.35590000,0.36180000,6738180.50000000,2423084.96693000
1787212800000,0.36160000,0.36850000,0.36010000,0.36380000,11097703.80000000,4046548.51636000
1787227200000,0.36390000,0.36460000,0.35540000,0.36260000,9871200.00000000,3559262.14752000
1787241600000,0.36260000,0.37670000,0.36100000,0.36630000,14195037.50000000,5223630.39523000
1787256000000,0.36620000,0.37500000,0.36350000,0.37370000,8625186.30000000,3176070.36536000
1787270400000,0.37380000,0.37840000,0.36880000,0.37280000,10854819.00000000,4053112.70192000
1787284800000,0.37270000,0.38050000,0.36910000,0.37900000,13227298.80000000,4944825.87759000
1787299200000,0.37910000,0.40510000,0.37550000,0.39570000,29312353.90000000,11447240.10152000
1787313600000,0.39570000,0.40490000,0.39040000,0.40040000,15273983.90000000,6088217.98849000
1787328000000,0.40050000,0.40180000,0.37730000,0.38280000,11618923.30000000,4536483.18024000
1787342400000,0.38280000,0.41000000,0.38100000,0.40100000,11189382.10000000,4461116.93140000
1787356800000,0.40110000,0.43490000,0.39670000,0.43150000,15325772.10000000,6422617.17388000
1787371200000,0.43150000,0.46360000,0.35860000,0.41340000,66888029.70000000,27693320.38790000
1787385600000,0.41350000,0.41760000,0.38640000,0.39710000,21221651.30000000,8489869.56924000
1787400000000,0.39710000,0.40410000,0.38410000,0.38680000,13091345.50000000,5151333.29828000
1787414400000,0.38690000,0.39900000,0.38450000,0.39580000,7479468.50000000,2947314.21995000
1787428800000,0.39590000,0.39770000,0.37910000,0.38770000,7852896.00000000,3039529.12710000
1787443200000,0.38780000,0.39520000,0.37300000,0.37680000,9679796.20000000,3727240.31435000
1787457600000,0.37690000,0.38110000,0.36680000,0.37600000,9390388.20000000,3508463.92719000
1787472000000,0.37600000,0.39390000,0.37430000,0.39310000,10523489.80000000,4034390.56089000
1787486400000,0.39300000,0.41370000,0.38960000,0.40190000,18463130.60000000,7412004.75872000
1787500800000,0.40190000,0.41050000,0.39750000,0.40330000,8310829.60000000,3364673.13844000
1787515200000,0.40330000,0.41780000,0.40000000,0.40800000,9928836.00000000,4055557.12593000
1787529600000,0.40810000,0.40900000,0.38720000,0.39050000,15725208.60000000,6238212.37504000
1787544000000,0.39050000,0.40350000,0.39050000,0.39430000,9639723.10000000,3835203.60977000
1787558400000,0.39440000,0.40350000,0.39120000,0.40080000,10913350.90000000,4345570.68659000
1787572800000,0.40080000,0.41250000,0.39450000,0.40340000,15297016.30000000,6181156.68952000
1787587200000,0.40350000,0.41030000,0.39670000,0.39950000,10040515.80000000,4048269.23051000
1787601600000,0.39960000,0.40730000,0.39740000,0.40320000,3901846.80000000,1569713.75356000
1787616000000,0.40320000,0.42120000,0.39920000,0.41150000,13142530.20000000,5410346.22777000
1787630400000,0.41150000,0.42070000,0.40080000,0.40450000,10424967.30000000,4300021.99178000
1787644800000,0.40470000,0.41020000,0.39910000,0.39990000,11125957.40000000,4498209.10638000
1787659200000,0.39990000,0.40100000,0.38780000,0.39630000,12622621.40000000,4991296.65228000
1787673600000,0.39630000,0.39680000,0.38880000,0.39060000,5932975.00000000,2333007.98484000
1787688000000,0.39050000,0.39090000,0.37530000,0.38340000,9046604.50000000,3469933.76876000
1787702400000,0.38330000,0.39810000,0.38230000,0.39160000,5961529.30000000,2326316.19417000
1787716800000,0.39160000,0.39460000,0.38840000,0.39250000,5731661.50000000,2243675.94297000
1787731200000,0.39250000,0.40140000,0.38930000,0.39330000,8287456.60000000,3266346.55806000
1787745600000,0.39330000,0.39980000,0.38140000,0.38690000,9080562.40000000,3543443.58193000
1787760000000,0.38680000,0.39340000,0.38220000,0.38950000,5367011.80000000,2079558.68025000
1787774400000,0.38940000,0.41660000,0.38510000,0.41530000,9964732.70000000,4013386.95528000
1787788800000,0.41540000,0.41540000,0.40070000,0.40370000,9583390.80000000,3922849.89350000
1787803200000,0.40360000,0.40990000,0.39750000,0.40670000,6719271.60000000,2711262.72425000
1787817600000,0.40670000,0.41260000,0.39610000,0.40120000,9414121.50000000,3821053.28557000
1787832000000,0.40120000,0.41180000,0.40090000,0.40930000,7374224.40000000,2997091.14336000
1787846400000,0.40930000,0.42420000,0.40590000,0.41230000,13069638.10000000,5437397.82445000
1787860800000,0.41230000,0.41650000,0.40810000,0.41190000,6370535.20000000,2629911.76216000
1787875200000,0.41190000,0.42780000,0.40240000,0.40680000,11707692.30000000,4844974.67236000
1787889600000,0.40680000,0.40790000,0.39750000,0.40020000,12690977.60000000,5097807.10865000
1787904000000,0.40020000,0.40290000,0.39290000,0.39960000,10604029.30000000,4222432.13516000
1787918400000,0.39960000,0.40290000,0.38700000,0.39080000,12784304.40000000,5058326.40834000
1787932800000,0.39060000,0.39180000,0.37780000,0.38110000,12594043.90000000,4861780.38454000
1787947200000,0.38100000,0.38220000,0.37270000,0.38000000,7133144.50000000,2691601.56708000
1787961600000,0.37990000,0.38250000,0.37510000,0.37550000,5251335.40000000,1988841.42252000
1787976000000,0.37550000,0.37900000,0.37460000,0.37510000,3782236.20000000,1423962.80782000
1787990400000,0.37500000,0.37850000,0.37150000,0.37460000,3993713.80000000,1497437.09678000
1788004800000,0.37460000,0.38030000,0.37370000,0.37680000,3616130.50000000,1362698.90394000
1788019200000,0.37690000,0.37890000,0.37200000,0.37530000,5597373.80000000,2103690.67824000
1788033600000,0.37540000,0.38190000,0.37350000,0.38140000,3327412.50000000,1252285.08111000
1788048000000,0.38130000,0.38460000,0.37650000,0.37780000,4632773.90000000,1758534.82814000
1788062400000,0.37770000,0.37920000,0.37390000,0.37450000,3115666.00000000,1174034.41085000
1788076800000,0.37440000,0.37710000,0.37000000,0.37670000,6619798.20000000,2471729.45553000
1788091200000,0.37670000,0.38400000,0.37520000,0.37770000,8345910.20000000,3166989.65822000
1788105600000,0.37790000,0.39000000,0.37760000,0.38420000,10803815.90000000,4164077.12695000
1788120000000,0.38430000,0.38510000,0.35480000,0.36170000,11557933.00000000,4269811.49256000
1788134400000,0.36160000,0.36610000,0.35650000,0.36290000,6923741.10000000,2495090.07041000
1788148800000,0.36290000,0.36720000,0.35730000,0.36530000,6571805.10000000,2387690.79923000
1788163200000,0.36540000,0.36580000,0.35810000,0.35940000,7680381.00000000,2782038.03479000
1788177600000,0.35930000,0.36200000,0.35290000,0.35640000,7230123.20000000,2588861.53712000
1788192000000,0.35640000,0.36510000,0.35500000,0.36350000,7281007.50000000,2621168.62068000
1788206400000,0.36340000,0.36840000,0.36260000,0.36480000,4436907.30000000,1621907.89670000
1788220800000,0.36470000,0.37130000,0.36360000,0.36880000,7257339.00000000,2664187.29502000
1788235200000,0.36880000,0.37500000,0.36810000,0.36950000,7622030.40000000,2832557.06179000
1788249600000,0.36960000,0.37410000,0.36030000,0.37250000,7424944.00000000,2713095.71752000
1788264000000,0.37250000,0.37400000,0.36370000,0.37150000,8623415.10000000,3188374.97057000
1788278400000,0.37160000,0.37160000,0.35530000,0.36300000,10002892.60000000,3635309.81895000
1788292800000,0.36310000,0.36590000,0.35680000,0.36470000,6077685.00000000,2194749.11967000
1788307200000,0.36480000,0.36870000,0.35560000,0.36580000,7792348.40000000,2823360.38932000
1788321600000,0.36580000,0.37000000,0.36330000,0.36510000,5481820.20000000,2007957.69179000
1788336000000,0.36510000,0.36600000,0.35610000,0.35930000,8417675.90000000,3028459.10352000
1788350400000,0.35930000,0.36230000,0.35320000,0.36110000,7560447.80000000,2703960.69562000
1788364800000,0.36100000,0.36400000,0.35600000,0.35720000,4892133.00000000,1759653.54334000
1788379200000,0.35730000,0.36670000,0.35710000,0.36660000,5021793.30000000,1810823.47412000
1788393600000,0.36660000,0.37470000,0.36330000,0.37040000,10509027.80000000,3892152.44509000
1788408000000,0.37040000,0.37730000,0.36690000,0.37470000,8121229.30000000,3030702.89394000
1788422400000,0.37480000,0.38040000,0.37310000,0.37690000,6539605.60000000,2459746.95977000
1788436800000,0.37690000,0.39200000,0.37550000,0.39170000,11630051.20000000,4446877.33708000
1788451200000,0.39190000,0.40990000,0.38810000,0.39910000,16133137.90000000,6430945.57487000
1788465600000,0.39900000,0.40260000,0.39130000,0.39540000,6318783.50000000,2510777.48705000
1788480000000,0.39540000,0.39760000,0.39060000,0.39450000,4707992.60000000,1854891.91459000
1788494400000,0.39440000,0.39620000,0.38440000,0.38950000,6944802.00000000,2707782.94554000
1788508800000,0.38960000,0.39550000,0.38830000,0.39010000,6425234.50000000,2515749.88202000
1788523200000,0.39000000,0.39170000,0.36970000,0.37530000,14692825.40000000,5569269.70457000
1788537600000,0.37530000,0.38210000,0.37490000,0.38140000,3761910.80000000,1422112.63623000
1788552000000,0.38140000,0.38370000,0.37750000,0.38360000,2755417.80000000,1048657.37945000
1788566400000,0.38360000,0.39110000,0.38190000,0.38600000,6811998.10000000,2633443.21979000
1788580800000,0.38610000,0.39580000,0.38560000,0.39290000,6050593.30000000,2363272.72884000
1788595200000,0.39290000,0.40820000,0.39280000,0.40130000,14403593.60000000,5766425.82423000
1788609600000,0.40130000,0.40460000,0.39590000,0.39760000,8529416.70000000,3410954.20429000
1788624000000,0.39760000,0.40320000,0.39370000,0.39610000,8040986.10000000,3199359.01953000
1788638400000,0.39620000,0.40040000,0.39480000,0.39740000,5913280.80000000,2347080.67836000
1788652800000,0.39730000,0.40460000,0.39700000,0.40010000,5544555.50000000,2224400.35376000
1788667200000,0.40010000,0.40330000,0.39410000,0.40170000,5302225.00000000,2117849.21237000
1788681600000,0.40160000,0.41970000,0.39560000,0.41750000,14509788.20000000,5949625.32047000
1788696000000,0.41750000,0.42490000,0.40470000,0.40850000,18176397.10000000,7561185.98928000
1788710400000,0.40850000,0.41510000,0.40650000,0.41330000,4392080.50000000,1807928.84498000
1788724800000,0.41330000,0.42480000,0.41090000,0.42040000,7531301.70000000,3146123.14804000
1788739200000,0.42040000,0.42660000,0.40790000,0.41430000,12114790.70000000,5050896.48201000
1788753600000,0.41430000,0.45820000,0.41370000,0.44880000,31253335.80000000,13633935.94978000
1788768000000,0.44870000,0.46620000,0.44230000,0.44500000,41674701.10000000,18980392.18255000
1788782400000,0.44500000,0.47790000,0.44410000,0.45390000,31503524.70000000,14491845.88536000
1788796800000,0.45400000,0.47330000,0.45290000,0.46450000,14155698.40000000,6552546.97318000
1788811200000,0.46440000,0.48100000,0.45970000,0.47780000,18701254.50000000,8827355.53780000
1788825600000,0.47780000,0.50580000,0.47180000,0.47510000,32989160.10000000,16069161.07695000
1788840000000,0.47510000,0.48000000,0.46070000,0.47890000,21571507.20000000,10126062.37881000
1788854400000,0.47890000,0.48720000,0.46510000,0.46790000,15947495.90000000,7598485.85446000
1788868800000,0.46790000,0.49440000,0.46110000,0.48710000,23215575.50000000,11053714.84274000
1788883200000,0.48720000,0.48840000,0.46250000,0.46370000,11632946.20000000,5568462.41792000
1788897600000,0.46370000,0.46850000,0.45160000,0.45290000,7615835.20000000,3483679.38081000
1788912000000,0.45290000,0.46040000,0.44850000,0.45000000,11982131.70000000,5450708.21290000
1788926400000,0.45000000,0.46080000,0.44950000,0.45680000,9395811.80000000,4276143.19470000
1788940800000,0.45690000,0.46190000,0.44140000,0.45160000,14271784.60000000,6419679.79835000
1788955200000,0.45170000,0.45580000,0.43170000,0.43750000,16495016.30000000,7345483.26876000
1788969600000,0.43750000,0.43880000,0.42580000,0.42680000,10973572.50000000,4759425.56897000
1788984000000,0.42680000,0.42860000,0.40890000,0.41530000,14302690.00000000,5981218.71399000
1788998400000,0.41530000,0.41710000,0.40140000,0.41550000,19131837.10000000,7837677.75586000
1789012800000,0.41550000,0.41850000,0.40810000,0.41090000,7728117.80000000,3195213.26547000
1789027200000,0.41080000,0.41350000,0.40560000,0.40930000,7666957.30000000,3141230.74711000
1789041600000,0.40930000,0.41150000,0.39600000,0.40610000,13185069.60000000,5337914.68671000
1789056000000,0.40610000,0.40730000,0.39720000,0.40150000,6188107.80000000,2492046.49698000
1789070400000,0.40150000,0.40490000,0.39440000,0.39560000,5304595.40000000,2122726.63277000
1789084800000,0.39570000,0.40190000,0.39520000,0.39810000,5206106.10000000,2074349.77572000
1789099200000,0.39820000,0.40530000,0.39810000,0.40070000,4685558.10000000,1883067.57875000
1789113600000,0.40070000,0.40340000,0.39140000,0.39680000,6872042.90000000,2729588.24292000
1789128000000,0.39670000,0.43180000,0.38740000,0.40940000,23820369.00000000,9794343.51611000
1789142400000,0.40930000,0.41370000,0.39420000,0.40220000,9709856.90000000,3921620.47220000
1789156800000,0.40220000,0.40410000,0.39500000,0.40010000,6063366.90000000,2417554.04373000
1789171200000,0.40000000,0.40680000,0.39960000,0.40370000,3885682.20000000,1570537.15327000
1789185600000,0.40370000,0.40440000,0.39880000,0.40420000,3791731.40000000,1522608.23868000
1789200000000,0.40410000,0.40480000,0.39960000,0.40260000,4340152.60000000,1745206.40738000
1789214400000,0.40270000,0.40940000,0.39930000,0.40700000,5957423.50000000,2403129.89617000
1789228800000,0.40690000,0.41200000,0.39920000,0.40020000,4648565.40000000,1881654.98120000
1789243200000,0.40020000,0.40270000,0.39800000,0.39940000,3322788.90000000,1330144.83781000
1789257600000,0.39940000,0.40140000,0.39450000,0.39590000,4681716.70000000,1861371.88603000
1789272000000,0.39590000,0.39860000,0.39140000,0.39280000,3499524.40000000,1382011.60273000
1789286400000,0.39270000,0.39330000,0.38700000,0.39050000,4760811.90000000,1856102.31722000
1789300800000,0.39050000,0.39920000,0.38750000,0.39180000,4655808.60000000,1834079.15257000
1789315200000,0.39170000,0.39670000,0.38530000,0.38830000,4738099.90000000,1860662.39455000
1789329600000,0.38830000,0.39140000,0.37760000,0.37890000,5941850.90000000,2274889.77484000
1789344000000,0.37900000,0.38850000,0.37540000,0.38670000,7005924.00000000,2682075.17148000
1789358400000,0.38670000,0.38770000,0.38180000,0.38260000,5536079.30000000,2129697.63793000
1789372800000,0.38260000,0.38740000,0.38030000,0.38560000,7307340.40000000,2805699.45169000
1789387200000,0.38550000,0.38760000,0.37920000,0.38390000,10319145.00000000,3957439.26734000
1789401600000,0.38380000,0.39560000,0.38290000,0.39050000,7986610.60000000,3116620.30992000
1789416000000,0.39060000,0.39970000,0.38530000,0.38540000,6950448.00000000,2722398.76249000
1789430400000,0.38550000,0.38790000,0.37710000,0.37840000,4467805.30000000,1705709.32702000
1789444800000,0.37840000,0.37980000,0.37190000,0.37280000,8526272.10000000,3201684.59736000
1789459200000,0.37280000,0.37650000,0.37080000,0.37420000,5699214.20000000,2129801.76025000
1789473600000,0.37430000,0.37900000,0.36580000,0.37170000,11169406.10000000,4165561.84377000
1789488000000,0.37180000,0.37680000,0.35640000,0.36790000,14376085.50000000,5285741.20372000
1789502400000,0.36800000,0.36890000,0.35850000,0.36260000,4888535.40000000,1776195.22723000
1789516800000,0.36260000,0.36400000,0.35580000,0.36120000,5765601.00000000,2078208.54697000
1789531200000,0.36120000,0.36690000,0.36120000,0.36180000,5441469.90000000,1980342.72310000
1789545600000,0.36180000,0.36970000,0.35910000,0.36870000,5748043.80000000,2093763.49622000
1789560000000,0.36870000,0.36940000,0.35800000,0.35830000,7624610.40000000,2770758.81467000
1789574400000,0.35840000,0.37400000,0.35630000,0.36740000,19121468.00000000,6944997.73575000
1789588800000,0.36740000,0.37440000,0.36360000,0.37270000,20193843.80000000,7467784.20682000
1789603200000,0.37270000,0.37680000,0.37040000,0.37230000,21135700.40000000,7889605.70900000
1789617600000,0.37230000,0.37920000,0.36950000,0.37570000,11230908.20000000,4194302.90999000
1789632000000,0.37570000,0.37710000,0.37100000,0.37390000,10586348.10000000,3959975.22295000
1789646400000,0.37400000,0.38390000,0.37140000,0.37660000,19682218.40000000,7418352.00268000
1789660800000,0.37660000,0.38310000,0.37480000,0.37970000,11434022.30000000,4333184.10512000
1789675200000,0.37980000,0.38480000,0.37530000,0.38350000,8869263.30000000,3366523.13256000
1789689600000,0.38350000,0.42210000,0.38050000,0.42010000,22370392.70000000,9067528.02300000
1789704000000,0.42010000,0.43540000,0.41210000,0.43240000,25112151.20000000,10650920.54756000
1789718400000,0.43250000,0.44420000,0.42470000,0.44210000,24406286.30000000,10599604.69646000
1789732800000,0.44220000,0.44700000,0.42280000,0.43160000,25151774.30000000,10977257.34832000
1789747200000,0.43170000,0.43780000,0.41190000,0.42030000,19037056.10000000,8021154.71300000
1789761600000,0.42020000,0.42890000,0.41820000,0.42460000,8413801.80000000,3569254.73697000
1789776000000,0.42460000,0.43410000,0.42200000,0.42940000,7674274.60000000,3294026.78752000
1789790400000,0.42960000,0.43160000,0.41440000,0.41560000,8584580.30000000,3609245.42472000
1789804800000,0.41570000,0.42980000,0.41420000,0.42820000,11351219.20000000,4803200.18298000
1789819200000,0.42820000,0.43350000,0.42580000,0.42670000,12114549.00000000,5213749.01829000
1789833600000,0.42680000,0.44120000,0.42530000,0.43450000,12191551.10000000,5294908.14763000
1789848000000,0.43450000,0.43770000,0.42170000,0.43120000,11500907.30000000,4957411.38015000
1789862400000,0.43120000,0.43870000,0.41720000,0.42460000,11241873.70000000,4819324.77623000
1789876800000,0.42470000,0.43360000,0.42180000,0.42270000,6443162.20000000,2753579.81196000
1789891200000,0.42280000,0.42830000,0.41670000,0.42250000,6118203.80000000,2578333.07060000
1789905600000,0.42240000,0.43390000,0.41580000,0.43190000,7991692.50000000,3385185.55421000
1789920000000,0.43200000,0.45410000,0.42930000,0.43620000,16741844.70000000,7380926.28302000
1789934400000,0.43620000,0.44210000,0.42940000,0.43550000,7236909.70000000,3160321.67056000
